rider_id,origin_node,elapsed_s,time_budget_s,overdue,distance_m,pavement_time_s,red_light_violations,pavement_conflicts,pavement_risk_exposure,severe_conflicts
265,25522907,70.0,183.37044163742075,False,248.69481859645884,0.0,0,0,0.0,0
260,25522558,90.0,206.96320616734045,False,372.55683237853725,0.0,1,0,0.0,0
247,9521033,90.0,204.03579428309223,False,357.18791998623425,0.0,0,0,0.0,0
3,970857026,100.0,205.087292110554,False,362.7082835804083,0.0,0,0,0.0,0
162,701608631,105.0,215.40871616557516,False,416.8957598692697,0.0,1,0,0.0,0
77,12689153,110.0,218.5623283786245,False,433.4522239877787,0.0,0,0,0.0,0
226,9512926,120.0,229.24128886484738,False,489.51676654044866,0.0,0,0,0.0,0
228,14017207476,130.0,240.2173317814557,False,547.1409918526425,0.0,0,0,0.0,0
155,496813005,145.0,236.8026540187907,False,529.2139335986512,0.0,0,0,0.0,0
180,1684410079,150.0,255.02175239018635,False,624.8642000484783,0.0,2,0,0.0,0
133,338501923,155.0,254.86179312424184,False,624.0244139022698,0.0,2,0,0.0,0
110,881887811,155.0,262.74005220791486,False,665.3852740915527,0.0,1,0,0.0,0
168,105511,170.0,274.665756664276,False,727.995222487449,0.0,2,0,0.0,0
47,108060,175.0,274.7651229397715,False,728.5168954338003,0.0,0,0,0.0,0
193,9791490,175.0,271.95227118927045,False,713.74942374367,0.0,0,0,0.0,0
59,292252720,180.0,279.89940758247093,False,755.4718898079724,0.0,2,0,0.0,0
14,2440630566,185.0,261.60163922149343,False,659.4086059128406,40.0,3,0,0.0,0
262,1317141252,185.0,281.6381370161923,False,764.6002193350096,0.0,2,0,0.0,0
194,2191480791,185.0,256.9640208102761,False,635.0611092539494,30.0,0,5,9.689970291178149,5
41,21533907,190.0,279.5694047715256,False,753.7393750505094,0.0,1,0,0.0,0
106,11707733696,190.0,288.5304929845333,False,800.7850881687998,0.0,1,0,0.0,0
17,1685938740,190.0,287.7551804085272,False,796.7146971447677,0.0,2,0,0.0,0
84,25473512,195.0,291.33822556620015,False,815.5256842225508,0.0,0,0,0.0,0
64,10574746,200.0,297.3649605185446,False,847.1660427223587,0.0,1,0,0.0,0
151,21590631,210.0,301.01971360858977,False,866.3534964450959,0.0,2,0,0.0,0
209,333650017,215.0,303.21772826580474,False,877.8930733954751,0.0,1,0,0.0,0
37,25501320,215.0,293.85813464798815,False,828.7552069019378,15.0,1,1,3.4725246243716468,1
284,25544136,220.0,311.53784812394974,False,921.5737026507358,0.0,2,0,0.0,0
49,4955757618,220.0,316.3004193588315,False,946.5772016338655,0.0,1,0,0.0,0
163,10365737,225.0,315.6639407144072,False,943.2356887506378,0.0,3,0,0.0,0
287,5393414954,235.0,309.1721666843264,False,909.1538750927133,235.0,0,18,16.912386056139937,0
33,820271,240.0,319.75685229575913,False,964.7234745527354,15.0,1,0,0.36749999999999994,0
11,13607965455,245.0,337.77763202982464,False,1059.332568156579,5.0,2,0,0.14964364744421,0
44,108045,245.0,312.86888100312757,False,928.5616252664195,25.0,1,1,1.1370616747047704,0
158,2450775063,245.0,294.96502613351703,False,834.5663872009642,120.0,0,8,9.78592998577026,0
36,1614978621,245.0,328.5534775840763,False,1010.9057573164001,15.0,0,0,1.1244928173035234,0
277,742854915,250.0,333.85372440550657,False,1038.7320531289095,15.0,5,0,0.27246365605656486,0
198,25501328,255.0,337.21187330488834,False,1056.3623348506635,15.0,0,0,0.9877622806358366,0
122,11747638084,255.0,341.8529553717702,False,1080.7280157017935,15.0,1,0,0.0,0
135,25507041,260.0,344.98303161216717,False,1097.1609159638779,15.0,0,1,0.4407905982905982,0
292,107318,260.0,336.5489357026723,False,1052.8819124390295,20.0,5,0,0.22366036299679115,0
21,12978761148,260.0,349.9442884034345,False,1123.2075141180308,15.0,2,0,0.6762927859411932,0
114,1666324140,270.0,348.0483208628175,False,1113.2536845297923,25.0,2,3,1.0128018080341248,0
208,4249404271,270.0,341.86883306750013,False,1080.8113736043756,30.0,5,2,1.306424071159969,0
127,26559371,270.0,359.51308862224533,False,1173.4437152667876,15.0,0,1,1.127865729014475,0
40,21651907,275.0,353.06961254400954,False,1139.6154658560504,25.0,0,1,1.4323564600387462,0
293,1696027870,275.0,359.5018479412718,False,1173.3847016916773,20.0,4,1,0.6365811965811965,0
185,9521031,285.0,372.3858186328682,False,1241.0255478225583,20.0,2,0,2.5183606611593223,0
218,8421658424,285.0,373.4095641845356,False,1246.4002119688114,20.0,1,0,0.260792747279295,0
142,21665719,290.0,370.42204389744137,False,1230.715730461567,30.0,3,3,1.4474023176402835,0
266,9521034,290.0,371.0820458585877,False,1234.1807407575857,30.0,3,0,1.020168581272687,0
51,1106056866,295.0,381.2966873884125,False,1287.807608789165,25.0,2,5,4.7420680128649755,0
13,101995,295.0,382.96544924425075,False,1296.5686085323168,25.0,1,0,0.5885112740177667,0
118,2131643980,300.0,385.0015159433977,False,1307.257958702838,30.0,2,2,1.504260068226094,0
34,25473300,300.0,374.7383439944173,False,1253.3763059706905,45.0,2,3,1.1964532046689011,0
182,1684410087,300.0,375.8456193004572,False,1259.1895013274006,35.0,3,3,1.2121534872612079,0
196,9791487,310.0,385.8001745700077,False,1311.4509164925412,35.0,3,0,1.0396948296466044,0
56,5393414954,310.0,330.3840318794962,False,1020.5161673673551,310.0,1,31,31.323889661923587,0
170,25503802,315.0,401.0519584485315,False,1391.5227818547903,30.0,2,1,0.6520354302686012,0
89,110004,315.0,391.99322673432476,False,1343.9644403552047,40.0,4,7,10.236971370604849,0
172,109631,315.0,396.8965087458223,False,1369.7066709155667,35.0,2,0,0.7343413242094765,0
68,25531001,320.0,390.1090236258254,False,1334.0723740355838,45.0,1,6,7.442370650914579,0
52,194250,320.0,396.0214806169203,False,1365.1127732388306,40.0,5,3,1.476860202758762,0
78,4252666506,325.0,400.7963785207962,False,1390.1809872341798,40.0,3,2,1.059871234840984,0
227,881888313,325.0,407.16608351437054,False,1423.6219384504452,35.0,3,3,0.8289920335258748,0
6,25504199,325.0,412.019352731495,False,1449.1016018403486,35.0,4,2,1.6172927114938296,0
79,10600115027,330.0,406.2159842949725,False,1418.6339175486057,45.0,5,3,1.4180698441153505,0
283,6943750676,330.0,411.205711482364,False,1444.8299852824107,40.0,6,1,1.1265811965811965,0
159,4684520668,330.0,405.18093483093236,False,1413.1999078623949,45.0,2,2,1.2393551732793133,0
71,1927220454,330.0,405.9515600978196,False,1417.245690513552,45.0,5,1,2.3258140740402578,0
245,452589682,335.0,393.092864386485,False,1349.737538029047,55.0,2,3,3.1761667676736893,0
226,25531002,210.0,303.7638843546485,False,880.7603928619047,0.0,2,0,0.0,0
63,26591532,335.0,415.8940857835705,False,1469.443950363745,40.0,2,0,0.5570212765957447,0
149,25496892,340.0,422.99728282555054,False,1506.7357348341402,40.0,4,0,0.44056708985570264,0
164,338504646,340.0,402.9483771335467,False,1401.4789799511204,55.0,2,0,1.9645545825866733,0
244,294651409,340.0,406.33863957778567,False,1419.2778577833749,55.0,2,4,2.7706974086170733,0
100,5244680779,345.0,423.2342817560165,False,1507.9799792190863,45.0,3,4,2.9215832214246467,0
108,21665582,345.0,387.63869011409946,False,1321.103123099022,345.0,2,47,53.01662127318456,0
171,5568839679,345.0,405.60959313948325,False,1415.4503639822874,60.0,2,7,7.977613909686792,0
242,9789811,345.0,418.9611982449978,False,1485.546290786238,50.0,1,5,6.7894561389091335,0
2,107715,350.0,429.6293166938251,False,1541.5539126425804,45.0,0,5,4.372711786356124,0
265,107812,275.0,340.95075169488484,False,1075.9914463981456,70.0,3,4,3.392800078035141,0
109,25532839,350.0,424.5045404189477,False,1514.6488371994758,50.0,2,3,5.181535855751318,0
212,1317156147,355.0,432.7702654937652,False,1558.0438938422672,50.0,2,7,5.075367048124224,0
90,2450775063,355.0,396.62839598540666,False,1368.2990789233857,160.0,3,16,14.722709205349078,0
278,7889967240,360.0,442.40995316922994,False,1608.6522541384568,50.0,6,0,0.7465603933739947,0
18,9521022,360.0,412.3607308717885,False,1450.8938370768901,70.0,2,3,3.933355425740615,0
199,1685938740,360.0,431.7279883066271,False,1552.5719386097926,55.0,7,4,3.293016731294908,0
119,4222962185,360.0,435.0368090642643,False,1569.9432475873873,55.0,2,4,4.97277372289377,0
96,108045,365.0,436.40103201589756,False,1577.105418083462,55.0,1,2,2.5878580012570307,0
192,108059,365.0,421.3675180046,False,1498.1794695241497,70.0,2,3,2.083319484338078,0
104,677445936,365.0,434.8856986672638,False,1569.1499180031346,60.0,5,7,6.918969473684641,0
29,742854915,370.0,445.72597631732026,False,1626.0613756659318,55.0,2,1,1.033128177427968,0
219,1667203548,370.0,413.41637370089467,False,1456.4359619296965,135.0,2,10,11.294363200131265,1
114,25375955,95.0,194.13622191085966,False,305.2151650320133,0.0,1,0,0.0,0
188,1493424644,370.0,435.3982911057417,False,1571.8410283051437,65.0,4,1,2.2923030156839936,0
210,1614846678,375.0,446.1504141100679,False,1628.2896740778556,60.0,3,4,4.866379161455222,0
128,25257284,375.0,429.41778639442185,False,1540.4433785707138,70.0,6,4,4.4469704152178355,0
139,21665361,375.0,349.6737047592697,True,1121.7869499861658,175.0,1,16,15.692242690210081,0
223,109619,385.0,445.0720266616768,False,1622.628139973803,70.0,1,6,5.747355002231627,0
157,25714232,390.0,468.43425679902305,False,1745.2798481948707,60.0,3,3,1.7906412455990743,0
255,21665755,390.0,471.8955431036746,False,1763.4516012942925,55.0,4,3,2.188143471445969,0
19,25533613,390.0,422.1112718091729,False,1502.084176998158,115.0,3,6,7.842057397824459,0
195,1685751707,395.0,461.97045553230004,False,1711.3448915445754,70.0,1,5,4.51810367844721,0
259,9791482,395.0,443.523379466354,False,1614.4977421983585,80.0,4,1,3.22104868817031,0
45,5244680779,395.0,462.68941838009,False,1715.1194464954724,70.0,3,3,2.0322586298327,0
215,334688535,395.0,465.7567606812554,False,1731.2229935765913,65.0,5,7,7.168991855459952,0
53,1667118111,395.0,424.24009569159153,False,1513.2605023808558,135.0,2,6,7.872071278269727,0
107,2440630566,400.0,437.2832422188833,False,1581.7370216491372,90.0,3,6,8.741934983544832,3
263,333722500,405.0,470.33599862108554,False,1755.263992760698,75.0,2,6,3.9025734273277735,0
279,21665713,405.0,462.6245009720966,False,1714.778630103507,80.0,3,3,5.8379492544400815,0
75,25503707,405.0,487.9597900529071,False,1847.788897777762,60.0,0,0,0.9549858225329122,0
97,25257309,405.0,468.36872640951026,False,1744.935813649928,75.0,3,15,14.51382503477519,0
282,489796745,410.0,488.459209193198,False,1850.4108482642896,65.0,5,13,23.988832393216082,4
152,6273263209,410.0,478.5707460579812,False,1798.4964168044014,75.0,3,1,1.8485935099616004,0
9,25503725,410.0,467.54313378806404,False,1740.601452387337,80.0,1,4,4.2917020018189165,0
4,823745,415.0,457.15882535268486,False,1686.0838331015962,90.0,3,17,42.03878620600969,13
211,8124381023,420.0,500.5216524841944,False,1913.7386755420198,65.0,2,0,1.2773207343526904,0
36,435144778,170.0,274.13742321010426,False,725.2214718530472,0.0,0,0,0.0,0
147,1094124402,425.0,487.34280513757807,False,1844.5497269722837,80.0,4,3,4.3590525464323395,0
243,25473423,425.0,475.34754562173515,False,1781.5746145141084,90.0,6,1,4.4704072117324,0
220,256794593,430.0,465.7661969511359,False,1731.272533993464,100.0,0,11,11.366341817706843,0
235,2622783492,430.0,480.09429831194194,False,1806.4950661376952,90.0,2,0,1.1122029175957417,0
148,383974166,435.0,497.03825603356603,False,1895.450844176222,85.0,2,2,3.157378621128749,0
268,273194,435.0,483.5705927879135,False,1824.745612136545,95.0,4,11,15.723359039821883,3
86,9300541907,440.0,498.0362273212879,False,1900.690193436762,90.0,3,6,5.859811201833822,0
153,110004,440.0,482.4384637937146,False,1818.8019349169997,100.0,4,5,6.472245264118376,0
179,108060,440.0,495.34400577441505,False,1886.5560303156794,90.0,7,0,1.8299881841490588,0
60,21554368,440.0,504.01749286402355,False,1932.0918375361232,85.0,1,4,3.978137116044092,0
289,534993866,440.0,509.48699083548837,False,1960.8067018863146,80.0,4,0,1.408910276270202,0
261,25496762,445.0,501.3391813312705,False,1918.0307019891707,90.0,7,1,2.198776613397385,0
14,1230855633,255.0,313.632930043431,False,932.5728827280124,50.0,2,4,3.1109410928657204,0
140,107793,445.0,508.9579939113611,False,1958.0294680346456,85.0,6,2,1.386580459685118,0
276,9791487,455.0,519.2026403192352,False,2011.8138616759845,90.0,3,6,3.2617107403988057,0
99,1230855633,470.0,540.2901337001459,False,2122.523201925765,90.0,1,6,2.2555677674785635,0
293,311422343,195.0,293.06767932371275,False,824.6053164494921,0.0,0,0,0.0,0
24,6313625295,475.0,463.1817803850711,True,1717.704347021623,210.0,4,20,17.59498803687853,0
111,10544188931,475.0,529.2083187065584,False,2064.343673209432,475.0,3,62,64.77531466944812,0
221,107793,475.0,533.0727716993523,False,2084.6320514215986,100.0,3,2,1.1970553993762152,0
48,26699545,480.0,534.5112691751405,False,2092.184163169486,105.0,1,3,2.4832637099539325,0
46,454373621,480.0,543.941279870648,False,2141.6917193209015,95.0,3,13,16.397498065450222,0
183,6262789333,480.0,508.5317101765046,False,1955.7914784266477,120.0,3,2,4.148609779516099,0
251,4171766884,485.0,544.359012950913,False,2143.8848179922948,100.0,9,0,0.8295627934138088,0
13,108216,185.0,270.9739423739582,False,708.6131974632808,0.0,2,0,0.0,0
65,21665911,490.0,537.7883700093356,False,2109.388942549011,490.0,7,33,32.18553739877831,0
175,107793,490.0,536.2181658362742,False,2101.1453706404395,110.0,9,2,2.7224326485512558,0
1,4303455913,490.0,539.3293177324829,False,2117.478918095535,110.0,6,2,2.08257545037465,0
181,9512930,495.0,500.04598053656156,False,1911.2413978169484,145.0,2,2,2.5981906753396777,0
177,5393414954,495.0,491.64948919076323,False,1867.159818251507,495.0,5,39,42.50363620600561,0
267,371564817,500.0,538.8955834545084,False,2115.2018131361688,130.0,4,10,10.725617760967385,0
228,25502540,365.0,377.83439219153354,False,1269.6305590055517,160.0,3,11,13.003216772590346,0
261,9791152,55.0,177.0687215546673,False,215.6107881620033,0.0,1,0,0.0,0
73,1684410105,505.0,568.7561866458523,False,2271.969979890725,105.0,4,1,2.6330918989098944,0
42,25500126,505.0,554.2860818907665,False,2196.001929926523,115.0,6,4,4.773921946551841,0
59,4222962219,320.0,398.73989756091305,False,1379.3844621947942,40.0,4,1,1.519866356237659,0
248,102020,505.0,567.6078957206172,False,2265.941452533241,105.0,4,4,2.4545677736342855,0
224,21554368,510.0,571.9862642074504,False,2288.9278870891158,105.0,5,0,1.4001917358418157,0
100,3733175891,165.0,266.3143776873881,False,684.1504828587875,165.0,1,25,27.854911547207937,0
207,9521031,515.0,572.9601313107365,False,2294.040689381367,110.0,6,6,5.355942599628365,0
199,9521022,150.0,252.7576403928304,False,612.9776120623594,0.0,2,0,0.0,0
227,8972731452,185.0,268.84530722719813,False,697.4378629427906,0.0,0,0,0.0,0
55,2441998875,520.0,558.8287590629576,False,2219.8509850805276,125.0,0,4,3.313529575773676,0
67,25503799,530.0,558.3980677313681,False,2217.5898555896824,135.0,5,2,3.9100448695935803,0
12,4784457213,530.0,532.0496574627762,False,2079.260701679575,185.0,3,15,11.817227864611398,0
141,12725097483,535.0,560.5535882503998,False,2228.906338314599,140.0,6,8,10.265663762624904,0
30,2440630566,535.0,547.646669304892,False,2161.145013850684,150.0,6,17,15.644573835126641,0
156,3531897238,535.0,532.5181036500775,False,2081.7200441629084,160.0,4,6,6.5829151819758565,0
57,25495441,535.0,584.9183968282841,False,2356.821583348492,125.0,6,0,1.6317848665345949,0
124,25472291,535.0,573.6297634297913,False,2297.5562580064056,130.0,2,13,21.687095489353208,3
162,534993866,425.0,491.37312140608066,False,1865.7088873819234,80.0,4,3,1.0363890552886277,0
176,109348,535.0,588.6175536811093,False,2376.2421568258246,120.0,2,2,2.831671026930805,0
275,108045,540.0,585.998587458731,False,2362.4925841583376,125.0,5,11,9.458854308071446,0
131,25496592,545.0,597.4252472120675,False,2422.4825478633525,125.0,9,3,2.6407440973365826,0
237,26671730,545.0,520.3912945365391,True,2018.0542963168298,180.0,3,15,14.024090360936857,0
213,25473423,545.0,556.2472134708447,False,2206.297870721934,185.0,8,4,4.583689049479246,0
217,5393414954,545.0,530.1511190697491,True,2069.293375116183,545.0,2,43,39.591285308633594,0
145,25306041,550.0,589.868431501478,False,2382.809265382758,135.0,7,0,2.7921452609512407,0
94,4303455913,550.0,588.2905755215646,False,2374.5255214882136,135.0,8,5,3.92915750083747,0
241,1678452820,550.0,596.9809951804878,False,2420.150224697561,130.0,2,1,1.5696507049787922,0
82,108258,555.0,604.8792364356076,False,2461.61599128694,130.0,6,3,3.589180049634705,0
120,1619500438,555.0,545.2129222371392,True,2148.3678417449805,265.0,4,38,40.29010161096441,0
242,11783244661,205.0,303.41172314831687,False,878.9115465286635,0.0,2,0,0.0,0
22,107801,560.0,586.2420011938287,False,2363.7705062676005,195.0,5,7,8.492363795448666,3
190,452169167,560.0,617.942182033872,False,2530.196455677827,125.0,4,1,2.0885110262534696,0
161,6262789333,560.0,603.6022249292827,False,2454.911680878734,135.0,3,5,5.621075598332777,0
51,25498869,260.0,349.72915209655366,False,1122.0780485069065,15.0,0,0,0.21850357775874232,0
219,1666324135,190.0,284.22855137378303,False,778.1998947123607,0.0,2,0,0.0,0
271,12120966378,565.0,607.2413050766763,False,2474.0168516525523,135.0,6,10,8.930663862608505,0
53,1612319349,165.0,267.1137666836091,False,688.347275088948,0.0,1,0,0.0,0
277,9371260474,310.0,374.7622599530823,False,1253.5018647536817,45.0,2,4,3.456028197131519,0
235,2450775063,130.0,232.59660662979914,False,507.1321848064455,0.0,0,0,0.0,0
7,9512924,570.0,582.9663426255237,False,2346.5732987839992,180.0,4,11,7.012953144736608,0
126,25544136,570.0,620.5622306924955,False,2543.9517111356004,135.0,2,4,3.6389163119875203,0
52,1619500438,250.0,340.6092386133905,False,1074.1985027203,10.0,4,1,0.2469709443600338,0
232,12765774269,575.0,583.880692317838,False,2351.37363466865,170.0,3,12,8.03994479857311,0
218,311422338,285.0,367.50648244866585,False,1215.4090328554962,25.0,2,0,0.7775594167526871,0
178,1106056863,580.0,628.3645401778274,False,2584.9138359335934,140.0,11,3,2.141177450922103,0
70,266481785,580.0,609.2315180151487,False,2484.4654695795302,200.0,2,13,12.60978317650351,0
83,6943650957,580.0,613.0161100943437,False,2504.3345779953047,150.0,6,14,16.225763990491217,0
132,25473293,580.0,571.7170329831354,True,2287.5144231614604,175.0,0,5,4.286343868660227,0
33,25472180,340.0,422.93180748670784,False,1506.391989305216,40.0,2,0,1.0699366205297547,0
106,1678452758,395.0,452.2124832526888,False,1660.1155370766162,75.0,2,3,3.424201658187,0
274,21533913,590.0,615.3953484840986,False,2516.8255795415166,155.0,4,4,5.297390430367641,0
38,6089552096,595.0,631.7508402324586,False,2602.6919112204064,150.0,5,16,10.456014369518089,0
291,273194,595.0,637.7473371132215,False,2634.173519844412,145.0,5,4,6.671782995258996,0
26,333670399,595.0,640.3456048670566,False,2647.814425552049,145.0,4,4,3.892021826942473,0
105,8145826353,600.0,624.5479185146606,False,2564.876572201968,165.0,6,3,2.7002062771324074,0
61,3764054180,600.0,636.7016592726518,False,2628.683711181423,150.0,7,14,13.97717293803302,0
6,14023072777,270.0,303.94204572019277,False,881.6957400310121,120.0,2,2,1.0141441259075543,0
3,4684520653,500.0,561.561407156655,False,2234.1973875724398,105.0,3,1,3.280135437447754,0
103,9791495,605.0,660.0711676110046,False,2751.3736299577745,140.0,4,5,5.836650771543314,0
254,25473373,605.0,560.017678776556,True,2226.092813576919,210.0,2,5,5.024286199648094,0
80,12725097483,605.0,563.8072851642935,True,2245.98824711254,290.0,3,14,11.49306735806742,0
116,3531897238,605.0,581.7818724688155,True,2340.354830461282,195.0,4,3,5.218663752805968,0
150,25473295,605.0,654.2579396171736,False,2720.8541829901615,145.0,2,6,3.8050949187085816,0
203,11767208,610.0,660.3949713301531,False,2753.073599483303,145.0,8,6,5.456629525919692,0
173,4211515634,610.0,625.4730664588885,False,2569.7335989091653,175.0,5,17,25.06894816656817,2
95,6273263209,610.0,645.0675221259212,False,2672.6044911610843,155.0,4,3,4.257091556541682,0
253,452514276,615.0,597.0781340603293,True,2420.660203816729,260.0,3,25,27.5517997397088,5
155,7198096092,465.0,489.7341904244752,False,1857.1044997284953,120.0,2,6,6.6959401630047,0
89,333725798,300.0,369.3274332148439,False,1224.96902437793,40.0,3,2,1.4791455115145977,0
31,1678452820,620.0,613.9313451508499,True,2509.1395620419617,190.0,5,1,4.196432208814358,0
10,25533613,620.0,654.9934788704695,False,2724.7157640699634,160.0,8,3,2.962527795380086,0
287,4174200026,380.0,454.8719840153097,False,1674.0779160803759,60.0,1,2,2.7410006283644006,0
168,25471086,455.0,499.6908161519683,False,1909.3767847978347,105.0,3,14,22.672814347702353,5
193,25544119,450.0,482.79770328815414,False,1820.6879422628092,110.0,5,1,1.8448080362124495,0
91,25256273,630.0,629.3847059457556,False,2590.2697062152183,185.0,4,15,12.716447613351496,0
268,255562,190.0,288.55008067498795,False,800.8879235436868,0.0,2,0,0.0,0
208,108045,360.0,420.619882884871,False,1494.254385145573,65.0,1,8,8.804952466693322,2
117,9789823,635.0,624.3957713608901,True,2564.077799644671,250.0,7,10,9.854662332334039,0
273,6313625295,640.0,629.1302686576979,True,2588.9339104529136,250.0,10,15,11.720544706823494,0
229,2214957485,640.0,687.1842892166082,False,2893.717518387193,155.0,8,2,2.2850528114404978,0
260,701608618,545.0,561.5643137796119,False,2234.212647342961,210.0,4,13,11.756614057819412,0
295,9512925,645.0,659.832599343932,False,2750.121146555641,180.0,2,3,2.223238591739424,0
240,5244680779,650.0,599.949845503624,True,2435.736688894026,390.0,6,22,25.692119078164083,0
47,25501320,470.0,513.6836230286484,False,1982.8390209004049,115.0,6,1,1.7437505563393751,0
169,26591530,650.0,660.6038315066113,False,2754.1701154097095,230.0,7,4,5.739809872761057,0
285,383974165,655.0,629.5990609094991,True,2591.3950697748683,210.0,4,8,6.585483295367669,0
85,6089552096,655.0,675.03029754791,False,2829.9090621265286,180.0,5,3,3.8783913190828083,0
231,1678452820,660.0,649.9708506125562,True,2698.346965715921,205.0,6,2,4.316603622817214,0
239,10572785,660.0,680.3316622516263,False,2857.7412268210383,185.0,3,3,2.9701419869062016,0
214,26559655,665.0,649.81461511192,True,2697.526729337579,210.0,2,4,5.746983573926391,0
142,1607738730,370.0,441.71675362610114,False,1605.012956537031,60.0,3,2,1.787350575214859,0
108,25473373,315.0,378.0568124709255,False,1270.7982654723594,60.0,0,9,5.693554682684392,0
283,281454988,330.0,399.21523296072615,False,1381.879973043812,50.0,3,1,0.8918180522639477,0
257,3552338823,670.0,685.5329817939622,False,2885.048154418299,190.0,10,5,3.3388981168237475,0
66,21533908,670.0,632.480919257403,True,2606.524826101364,275.0,8,16,20.756967256794763,0
160,9512937,675.0,659.480583101668,True,2748.273061283755,215.0,0,2,5.874087651842977,0
206,25476041,675.0,656.4731334904882,True,2732.483950825062,255.0,7,31,28.74020084807499,0
24,8421658424,200.0,276.0807070582479,False,735.4237120558015,15.0,1,1,1.002356593780276,0
292,1614926340,415.0,487.1178771868181,False,1843.3688552307956,70.0,5,3,2.6561473488390472,0
167,2450775063,685.0,666.8170464476232,True,2786.7894938500226,300.0,6,10,12.83043163979002,0
172,12921761055,370.0,426.4642654837105,False,1524.9373937894804,70.0,2,2,2.2355721520492913,0
43,25544131,690.0,669.1360308054092,True,2798.964161728399,250.0,7,7,12.15726196038502,0
115,1612319349,690.0,736.4780948697185,False,3152.509998066021,170.0,6,2,4.679514402463634,0
248,9300541907,185.0,271.8312551213604,False,713.1140893871421,0.0,0,0,0.0,0
296,1678452778,695.0,662.3841853135561,True,2763.516972896171,235.0,4,10,8.6206569561102,0
50,7066266061,695.0,640.0448957739857,True,2646.2357028134247,265.0,1,35,43.333775739812914,0
16,108258,695.0,699.3760716923736,False,2957.7243763849615,210.0,5,3,3.435774348877646,0
245,333670399,355.0,434.45831999076637,False,1566.9061799515225,50.0,5,5,8.255012458526972,0
180,25544136,540.0,594.7728132797241,False,2408.5572697185503,120.0,6,7,6.117480140628443,0
9,234290,280.0,359.02395894566666,False,1170.8757844647498,25.0,2,1,1.439692884003664,0
39,1614978621,700.0,689.1021782085444,True,2903.7864355948573,220.0,8,10,9.07855725024247,0
109,25496592,345.0,421.84151897695614,False,1500.6679746290188,45.0,2,2,1.6163895505912005,0
121,3077397235,705.0,684.3814821132772,True,2879.002781094705,225.0,7,5,6.074306339087643,0
272,11618689213,705.0,728.1824980773978,False,3108.9581149063397,195.0,3,9,8.132146893690717,0
84,21665000,510.0,522.9121224596925,False,2031.2886429133853,200.0,8,4,4.1224236598025605,0
139,2493654751,330.0,393.32752903137816,False,1350.9695274147357,50.0,2,3,4.107753985234365,0
74,108258,710.0,651.3127322848381,True,2705.391844495399,405.0,8,24,22.93940690546766,0
264,26651413,715.0,746.8235943438451,False,3206.823870305189,190.0,5,4,5.776152458297404,0
62,275422,720.0,711.8561252631639,True,3023.2446576316124,220.0,7,6,3.092535460992907,0
8,1678452758,720.0,724.3515474992857,False,3088.8456243712494,255.0,10,7,8.678226416789602,0
118,2833445980,420.0,463.35372504904063,False,1718.6070565074622,100.0,3,2,3.4500013537018592,0
174,452589682,725.0,689.6794031681893,True,2906.8168666329925,275.0,9,9,12.504246761641303,0
159,25533613,390.0,419.4850882793857,False,1488.2967134667745,110.0,3,7,7.9846339275235625,0
92,2191588310,725.0,684.898485442256,True,2881.7170485718425,300.0,3,6,8.134712029957983,0
149,7261577394,380.0,447.82681528615126,False,1637.0907802522936,65.0,4,1,1.7202132230763718,0
191,21533908,730.0,685.6174946100192,True,2885.4918467026014,295.0,4,34,33.026898390614946,0
262,10983187054,540.0,537.6331589868914,False,2108.5740846811805,215.0,1,8,9.95361067597269,0
252,452514276,730.0,756.2716194606546,False,3256.426002168437,245.0,5,17,17.527308010341237,5
202,25257284,735.0,743.1511429165812,False,3187.5435003120506,210.0,9,5,6.230819512097781,0
143,6424675168,735.0,685.6527205239222,True,2885.676782750592,420.0,5,18,14.946939298694499,0
64,1936062451,530.0,560.4142954422813,False,2228.175051071978,135.0,4,9,10.621183991715013,0
77,26591525,620.0,610.4713100083012,True,2490.9743775435804,190.0,6,0,2.1817944882306577,0
186,26845543,740.0,694.6333689507367,True,2932.825186991368,255.0,7,2,3.8095357522866102,0
17,3552338823,545.0,530.1602734716406,True,2069.3414357261136,230.0,6,6,4.834146888290029,0
246,25473423,740.0,728.6492728633917,True,3111.4086825328054,265.0,2,3,4.757539003232515,0
85,1684410105,80.0,195.244679047979,False,311.03456500188963,0.0,0,0,0.0,0
133,25475387,585.0,605.4617566752258,False,2464.6742225449357,160.0,4,8,7.757747895970563,0
78,10264011826,420.0,490.8888887432306,False,1863.1666659019602,75.0,2,0,1.3440248226950355,0
205,281454988,750.0,674.9774741226602,True,2829.631739143966,385.0,8,17,19.717713537687974,0
184,317930380,750.0,681.0014335451056,True,2861.257526111803,280.0,3,15,12.641925047374922,0
219,12026767,185.0,280.6378839414494,False,759.348890692609,0.0,1,0,0.0,0
281,12741759953,755.0,711.1606126472017,True,3019.593216397809,270.0,8,20,18.18984085145854,0
188,5932959891,380.0,426.5258478011938,False,1525.2607009562666,80.0,5,1,0.37392113628719953,0
76,2129184256,755.0,701.8292993139553,True,2970.603821398266,265.0,4,4,3.895957772703282,0
26,1612472593,160.0,265.73488940763946,False,681.1081693901068,0.0,1,0,0.0,0
221,25257028,285.0,368.1606200690117,False,1218.843255362311,25.0,2,0,0.6124999999999999,0
200,25501016,765.0,712.3760733819818,True,3025.974385255405,285.0,4,5,7.643457373256156,0
93,4969460352,775.0,783.7984484988799,False,3400.9418546191187,225.0,7,12,10.517131115253687,0
143,11707733696,35.0,162.0892634792099,False,136.96863326585196,0.0,0,0,0.0,0
56,9789808,465.0,504.812792788752,False,1936.267162140948,125.0,3,5,3.1433829336795065,0
105,2271434264,175.0,264.5951356573923,False,675.1244622013094,0.0,0,0,0.0,0
261,496813005,270.0,351.0724164060286,False,1129.1301861316501,20.0,1,4,13.16768935770303,4
166,291924683,785.0,782.1863204639336,False,3392.478182435652,235.0,7,12,12.507090792279028,0
79,4347844132,450.0,515.3462477560357,False,1991.5678007191875,85.0,4,5,3.1877108118199895,0
119,25530312,430.0,508.9860302698124,False,1958.1766589165145,70.0,4,0,0.9980106339829432,0
233,7223704403,795.0,798.8331741556711,False,3479.8741643172752,240.0,4,12,10.896868324982615,0
60,10559192943,350.0,419.0752908511414,False,1486.1452769684931,55.0,4,1,1.6996572679169353,0
20,293812285,795.0,789.8395706838121,True,3432.657746090015,240.0,9,6,3.656496693712532,0
97,25257402,385.0,456.18633761575876,False,1680.9782724827344,65.0,5,7,7.0339844616956055,0
292,108258,110.0,218.84478389154012,False,434.9351154305856,0.0,0,0,0.0,0
224,1215418493,280.0,357.2744596838735,False,1161.6909133403358,25.0,1,1,0.8503604656928209,0
161,3887905014,230.0,314.2425111853883,False,935.7731837232885,10.0,1,0,1.2043197551046623,0
216,452514276,795.0,733.6624635731232,True,3137.7279337588957,345.0,7,38,44.80585880189274,5
269,102000,800.0,726.4949413195324,True,3100.0984419275464,315.0,4,7,8.684471416240362,0
102,1684410105,800.0,796.0306676316408,False,3465.1610050661125,240.0,2,2,3.2844761345413884,0
151,4457798822,590.0,609.4966874355091,False,2485.857609036425,165.0,3,5,6.659191902861231,0
250,13919763200,810.0,816.6143058236393,False,3573.225105574105,235.0,6,14,14.431548005886794,0
54,6943750647,810.0,822.7345987568896,False,3605.3566434736695,230.0,8,15,15.560632694322349,0
106,25501320,220.0,313.1323322398722,False,929.9447442593292,0.0,1,0,0.0,0
282,1685751700,400.0,446.8281599868731,False,1631.8478399310834,85.0,0,0,2.2227394032367522,0
113,2502573430,815.0,827.4676995373455,False,3630.2054225710626,235.0,5,9,7.697063468123545,0
112,108322,820.0,783.6191138991605,True,3400.0003479705906,270.0,10,25,24.193149594735573,0
247,6356649633,725.0,720.431924694325,False,3068.267604645204,220.0,3,8,8.046429136422354,0
222,333670399,825.0,738.8540034959738,True,3164.9835183538585,475.0,8,17,16.96899293589571,0
288,454368529,825.0,824.6511176017037,False,3615.418367408941,245.0,8,10,9.562086740317067,0
84,109836,110.0,212.8808851269125,False,403.62464691629054,0.0,0,0,0.0,0
69,4431563564,825.0,827.1836052705054,False,3628.713927670155,245.0,10,8,5.704433420619433,0
290,25473303,825.0,749.9005604569024,True,3222.9779423987384,395.0,5,20,22.336572857894367,0
87,107352,830.0,764.2681104044773,True,3298.4075796235065,295.0,1,6,7.338860273935483,0
293,25257284,350.0,427.9610082828676,False,1532.7952934850546,50.0,3,3,2.840620572942366,0
130,25534084,830.0,811.3916923602947,True,3545.806384891547,260.0,6,8,14.113401983463165,0
153,25504259,385.0,463.0306333888544,False,1716.9108252914857,60.0,0,5,4.378154658370064,0
294,503556078,835.0,824.6897121057988,True,3615.6209885554413,255.0,8,8,9.53436772555872,0
82,25473616,275.0,357.9658109106872,False,1165.3205072811077,20.0,1,1,0.7595630021090478,0
148,25502829,400.0,457.5238429900514,False,1688.000175697769,75.0,6,2,2.166379515468533,0
72,1678452778,845.0,796.4141617179015,True,3467.174349018981,290.0,9,5,8.537474268999961,0
170,4457798822,525.0,586.3706709334416,False,2364.4460224005693,110.0,1,0,1.9256104534462601,0
159,358992920,120.0,228.05518591195943,False,483.2897260377871,0.0,3,0,0.0,0
209,26817585,635.0,695.7736828115167,False,2938.8118347604623,145.0,3,5,4.20462244429257,0
270,14791188,855.0,666.8753348913395,True,2787.09550817953,520.0,4,9,14.181351757934122,0
31,1684410073,230.0,309.85770309712444,False,912.752941259903,10.0,1,0,0.19521123297475806,0
44,9512926,610.0,628.8480316683144,False,2587.4521662586517,170.0,4,4,4.493373523765984,0
236,1115431333,860.0,838.9575959309907,True,3690.5273786377024,275.0,7,2,7.535344835501643,0
228,2215490963,355.0,427.8433966953246,False,1532.1778326504534,55.0,1,5,3.139220496814267,0
196,25257284,545.0,596.6051167436852,False,2418.176862904348,125.0,8,9,7.2696155138934735,0
48,25473260,380.0,440.7995870982609,False,1600.1978322658704,70.0,3,3,2.309367513066892,0
248,3552338823,165.0,266.214441058511,False,683.6258155571825,0.0,1,0,0.0,0
146,3531897238,865.0,790.802370206744,True,3437.7124435854053,310.0,4,2,4.229854211719573,0
144,338504649,865.0,772.7506917684109,True,3342.941131784156,330.0,5,20,19.902088325359156,0
98,25475387,865.0,829.1956836905267,True,3639.277339375263,280.0,2,14,11.020067143277403,0
99,1666324108,395.0,410.5435921356295,False,1441.3538587120552,145.0,3,3,5.628722333289162,0
75,25476020,460.0,458.49103782537225,False,1693.0779485832043,135.0,1,2,2.572733560740291,0
101,25257028,875.0,834.0350268945581,True,3664.683891196432,290.0,8,8,6.259921525492336,0
88,25532841,875.0,680.2288723371938,True,2857.2015797702666,585.0,7,33,37.233793199712295,0
114,25471089,500.0,544.4874308652032,False,2144.559012042317,115.0,5,9,7.0982645657656045,0
259,25256273,480.0,545.2869078313978,False,2148.7562661148386,95.0,1,5,2.343542987653248,0
280,1614846692,880.0,736.9953195777715,True,3155.2254277833013,500.0,6,20,13.867240264534308,0
230,9791156,880.0,817.9384674249565,True,3580.176953981024,355.0,5,7,9.229011562940784,0
291,5838132444,280.0,364.45047273890737,False,1199.3649818792633,20.0,5,0,0.35047223799063115,0
210,109838,500.0,557.1256694971379,False,2210.909764859975,110.0,6,4,6.041218310656156,0
57,25544136,345.0,423.7388013093732,False,1510.628706874208,45.0,2,2,0.7065614346611596,0
268,107863,250.0,314.83614541047416,False,938.8897634049893,35.0,3,1,1.4721790496028329,0
244,1684410086,540.0,468.99875291770024,True,1748.2434528179258,320.0,5,20,20.09336843940122,0
147,4457798822,455.0,518.9616161363712,False,2010.5484847159485,90.0,1,4,5.1748238382774,0
35,1502785422,890.0,902.4253274261573,False,4023.7329689873272,255.0,7,7,9.44592071467215,0
275,110031,345.0,417.4409029810247,False,1477.5647406503795,50.0,3,3,3.074022607682189,0
194,9791156,705.0,708.4170643359289,False,3005.189587763626,205.0,3,3,4.998265412302741,0
225,25502829,895.0,838.54062261845,True,3688.338268746859,370.0,2,5,8.000470495604612,0
125,1614846683,895.0,871.5133771875823,True,3861.4452302348054,295.0,6,18,15.77040448579204,0
189,109579,900.0,922.7020072610139,False,4130.185538120324,250.0,9,5,5.580200218246593,0
242,108070,340.0,408.6388921532559,False,1431.354183804594,50.0,2,5,2.1834266629799997,0
260,9512908,255.0,335.32735741920135,False,1046.4686264508073,20.0,1,1,0.7463356892081447,0
25,25475387,900.0,866.7981029822408,True,3836.690040656762,295.0,9,17,14.38469605622519,0
256,108236,905.0,853.9301331888506,True,3769.133199241466,310.0,8,7,4.791578439129556,0
217,25505558,355.0,432.34594509699605,False,1555.816211759229,50.0,1,3,4.442178738278515,0
197,276071560,905.0,883.8710830180306,True,3926.323185844664,285.0,7,11,8.656701628734533,0
37,21651765,690.0,603.7940251674859,True,2455.9186321292964,265.0,2,0,0.0,0
119,27503587,110.0,219.1757706854799,False,436.67279609876954,0.0,0,0,0.0,0
67,102000,375.0,442.57072044932124,False,1609.4962823589367,65.0,1,2,1.3412725694619683,0
117,4307559861,270.0,361.8703099849688,False,1185.8191274210858,15.0,1,1,0.8019096797754142,0
23,25532841,915.0,719.4964297380775,True,3063.3562561249073,625.0,7,23,30.099534468076723,0
96,4956890447,550.0,597.6698678823694,False,2423.76680638244,130.0,4,6,4.880926129841809,0
123,27503587,920.0,934.2346932110081,False,4190.732139357795,265.0,12,6,8.321623539083737,0
28,452169196,920.0,783.3356987978913,True,3398.51241868893,390.0,11,20,21.930492719824628,0
286,1646306203,925.0,878.3993935960157,True,3897.5968163790835,325.0,11,21,19.386483928799215,0
129,489796745,925.0,871.5785577127463,True,3861.7874279919165,330.0,5,6,6.7854696786581705,0
16,333725797,230.0,320.53705324520547,False,968.8195295373287,5.0,3,0,0.20896584916250535,0
283,1667203543,260.0,345.12390878754843,False,1097.9005211346293,15.0,4,2,1.86314199872445,0
40,452514269,650.0,686.4435746167665,False,2889.828766738024,165.0,3,3,3.358158031644224,0
211,6943750656,505.0,491.6640778165453,True,1867.236408536862,265.0,2,5,7.965308169187824,0
284,1616122178,705.0,683.699849465328,True,2875.42420969297,230.0,3,8,8.64110541446474,0
182,9931305335,625.0,657.7431252564865,False,2739.1514075965533,160.0,3,14,16.00323664305006,0
155,333719185,310.0,384.88293960483713,False,1306.6354329253948,40.0,2,1,0.7293188792267451,0
241,21665081,380.0,428.9671547971338,False,1538.0775626849522,75.0,4,2,1.5526607987080936,0
165,2191480791,935.0,783.4788336127244,True,3399.2638764668045,470.0,6,25,30.662591978767885,5
162,5568839679,400.0,464.2871675602781,False,1723.5076296914601,70.0,5,3,2.1711691970139566,0
201,12953571769,940.0,916.8384065834861,True,4099.401634563302,295.0,6,1,4.096490126671411,0
4,25533613,520.0,578.7861945089834,False,2324.6275211721613,110.0,2,0,2.3758799533799535,0
265,6173783039,590.0,639.6987413936182,False,2644.4183923164946,140.0,5,4,4.384556523775893,0
295,5387300688,295.0,374.2927498745185,False,1251.0369368412223,30.0,2,0,1.5648439445522602,0
100,21665360,430.0,480.94075522936276,False,1810.9389649541554,120.0,7,3,4.826908007261455,0
185,1678452807,665.0,652.8821345587317,True,2713.6312064333406,210.0,7,3,2.6806321861633378,0
212,25473373,590.0,605.7360604828272,False,2466.1143175348407,180.0,10,7,9.410333826312598,0
204,291924584,955.0,916.245834111868,True,4096.290629087307,350.0,7,14,11.388275665750918,0
226,25501320,615.0,631.6221055204741,False,2602.0160539824897,170.0,2,3,4.704850347807732,0
140,25544127,520.0,558.3148447485431,False,2217.15293492985,125.0,4,6,7.9120322966048535,0
279,1614846702,560.0,596.8118612026356,False,2419.2622713138376,140.0,2,8,8.486882853002685,0
12,1684410143,440.0,485.9599926694136,False,1837.289961514421,95.0,3,5,7.096573840262049,0
61,21665926,370.0,433.51349458133154,False,1561.9458465519906,65.0,4,8,16.76424127296818,6
296,26699551,280.0,350.5188220556574,False,1126.2238157922013,30.0,4,2,1.6311889378086006,0
249,25507341,980.0,946.9176314746325,True,4257.3175652418195,315.0,14,14,11.397084104816006,0
192,3552338823,610.0,649.7936617913685,False,2697.416724404683,155.0,3,3,5.277039078061069,0
214,25501288,310.0,387.2576651105678,False,1319.1027418304814,35.0,2,1,2.1423426382500494,0
255,21665367,600.0,644.076000658218,False,2667.3990034556455,145.0,6,0,2.4807011605415865,0
145,2934851453,440.0,474.5038269603001,False,1777.1450915415758,160.0,1,11,4.308254637336322,0
187,295907939,995.0,982.4639949038573,True,4443.935973245252,305.0,9,2,5.247039768390715,0
112,1684410087,170.0,271.57214674197155,False,711.7537703953507,0.0,2,0,0.0,0
206,1685938727,315.0,387.32419127119766,False,1319.452004173788,40.0,3,5,3.7708922856330744,0
137,1614926340,995.0,784.2218664947659,True,3403.1647990975234,620.0,7,24,18.260962352820172,0
36,25529871,570.0,541.6880582477118,True,2129.8623058004864,335.0,3,21,18.993710805501344,0
150,9167793401,390.0,463.6124756679463,False,1719.9654972567182,65.0,4,1,2.475439919123513,0
73,109348,490.0,510.4617603284188,False,1965.9242417241978,155.0,4,11,6.38928614409335,0
213,108899,455.0,516.0730812816421,False,1995.3836767286216,90.0,2,1,2.298185382530547,0
56,21544863,220.0,275.0661644191476,False,730.0973632005247,70.0,1,3,3.6413610959408746,0
71,1678452820,670.0,651.4225624920974,True,2705.968453083511,210.0,2,3,3.0139356569961517,0
132,4457798822,420.0,463.4565781363201,False,1719.1470352156805,95.0,4,8,5.516030694651747,0
13,9295694734,520.0,419.121002024273,True,1486.385260627433,380.0,0,12,10.067326406261582,0
120,3817942979,450.0,493.46527453156364,False,1876.6926912907086,100.0,6,15,14.427357515156704,0
21,8998120937,745.0,757.5707180576726,False,3263.2462698027807,210.0,4,2,2.604320649600036,0
261,6262789333,225.0,319.113358358781,False,961.3451313836002,0.0,2,0,0.0,0
134,4239164192,1010.0,801.2717030608922,True,3492.676441069684,610.0,5,21,15.479216102639832,0
45,5398463417,615.0,661.2023103892925,False,2757.312129543787,150.0,7,2,3.485687522749015,0
168,2833448424,380.0,445.34984094255515,False,1624.0866649484146,65.0,5,3,1.6322770406965699,0
93,1666324135,235.0,320.8106123801628,False,970.2557149958548,10.0,0,0,0.47722205994138,0
190,4347844132,450.0,509.4502247815408,False,1960.61368010309,90.0,3,7,7.5372011024041665,0
70,1694551549,430.0,471.6908464656342,False,1762.3769439445798,105.0,1,8,7.995961349276113,0
215,10544188931,620.0,655.0176580932135,False,2724.8427049893703,620.0,5,50,61.21690915419393,0
18,107319,655.0,629.3873697746124,True,2590.2836913167152,265.0,4,10,14.047270900241047,0
103,1115431319,410.0,430.69010452611866,False,1547.1230487621222,115.0,7,4,5.062465835833844,0
180,1230855633,320.0,377.84829336637756,False,1269.7035401734825,55.0,4,3,1.9769623809005725,0
34,10996228332,715.0,689.3511408972554,True,2905.093489710592,230.0,7,17,16.25337128165872,0
239,25500900,360.0,413.51456395890204,False,1456.9514607842343,70.0,3,2,4.118867608946624,0
83,12978761148,440.0,484.1869792402212,False,1827.9816410111614,100.0,4,5,9.63926151744043,2
171,844784035,675.0,607.254032998979,True,2474.083673244636,465.0,3,2,3.6850631662770374,0
253,5932856688,405.0,457.0381587969623,False,1685.4503336840517,85.0,2,4,5.4255004733393815,0
164,5266874223,680.0,703.4612867257847,False,2979.171755310368,185.0,7,18,16.363726927392257,0
278,1678452758,665.0,676.753859380101,False,2838.957761745531,190.0,7,12,6.9795593957213296,0
110,1614926340,870.0,866.5108491629577,False,3835.181958105524,260.0,6,9,9.577645979204197,0
5,5630569619,1035.0,944.5250857707975,True,4244.756700296689,525.0,4,22,18.445681191233636,0
221,5393414954,265.0,353.9847484411297,False,1144.4199293159306,265.0,2,30,33.21604607185791,0
58,8772951805,1040.0,816.7369182116825,True,3573.868820611333,665.0,5,18,21.345432891242492,0
142,25257402,370.0,413.1364950762067,False,1454.966599150084,80.0,2,3,2.3358363308645287,0
10,25473288,415.0,457.49482543936386,False,1687.8478335566604,105.0,2,8,9.250173268328192,0
160,1278032912,360.0,440.55074219717255,False,1598.8913965351558,50.0,6,4,3.9614548989868634,0
111,25502834,565.0,543.1719445686523,True,2137.6527089854244,310.0,5,29,31.282408193169218,0
131,107793,495.0,550.410291420959,False,2175.6540299600356,105.0,1,3,4.420317190616427,0
104,25531001,675.0,713.5692864686442,False,3032.238753960381,175.0,1,17,13.24180523004244,0
156,21665135,505.0,525.0005827056151,False,2042.2530592044798,140.0,2,11,12.28849050381423,0
8,1614978560,325.0,404.91265123992025,False,1411.7914190095817,40.0,2,1,1.7562420831287935,0
219,107316,290.0,366.053749711956,False,1207.7821859877686,30.0,0,2,3.327132932958921,2
118,1684410129,325.0,390.6125103655232,False,1336.7156794189966,50.0,2,1,1.2420030566812221,0
39,4684520630,350.0,406.12854474608935,False,1418.1748599169691,65.0,6,1,0.986099939231482,0
238,4222962219,1055.0,897.603182302337,True,3998.41670708727,580.0,6,13,16.335535714838976,0
85,25505558,310.0,392.62215410760575,False,1347.2663090649294,35.0,3,2,1.5197612231618003,0
266,275424,765.0,755.5799712599869,True,3252.794849114932,255.0,4,16,14.099570654420985,0
60,107790,260.0,346.1959927294445,False,1103.528961829584,15.0,3,0,1.152113484424334,0
243,4239164192,630.0,547.8404282751598,True,2162.162248444589,245.0,0,6,5.725453870796969,0
9,234290,365.0,421.36603919781265,False,1498.1717057885166,90.0,1,2,5.068750085475058,0
158,102030,815.0,815.4116768233406,False,3566.911303322537,260.0,5,14,10.701623650309624,0
65,4684520630,570.0,559.3281231202199,True,2222.4726463811544,260.0,9,11,9.79716146458429,0
127,2440630566,790.0,775.0546595571091,True,3355.0369626748247,245.0,10,16,19.351234509972254,0
136,25476020,1070.0,1020.3824108443564,True,4643.007656932873,355.0,4,10,8.404690956320321,0
122,1684410079,810.0,695.7588378505736,True,2938.733898715511,550.0,5,16,21.486290246664364,0
108,25471098,400.0,461.0000301360817,False,1706.2501582144287,75.0,8,1,1.5503154452862846,0
186,12437380988,325.0,400.362624858582,False,1387.9037805075554,40.0,2,4,3.3176001526064614,0
114,1637789617,190.0,289.3492667762542,False,805.0836505753347,0.0,1,0,0.0,0
32,915410145,1075.0,983.6217954467992,True,4450.014426095696,415.0,8,26,29.202836390352527,0
43,2191480791,385.0,455.1346468273398,False,1675.4568958435339,65.0,0,5,3.8049532907106167,0
87,108070,245.0,329.48729135416687,False,1015.8082796093757,10.0,1,2,1.1129306814910451,0
27,452514276,1080.0,986.9251387852003,True,4467.356978622302,450.0,6,18,24.86530289303103,5
31,21533909,220.0,282.9617555991576,False,771.5492168955773,50.0,0,1,2.17451646534167,0
71,1700140657,75.0,182.2061755451308,False,242.5824216119368,0.0,1,0,0.0,0
154,25532842,1090.0,900.2684115445227,True,4012.409160608741,560.0,10,30,32.20216256823522,0
124,3476508187,555.0,591.5175730260463,False,2391.4672583867437,140.0,3,13,11.22407398256742,0
224,435144778,300.0,384.4133560530767,False,1304.1701192786527,30.0,0,1,0.4556267922258627,0
258,295907939,1100.0,894.5620080194913,True,3982.4505421023314,575.0,7,22,25.61234151629317,0
133,107807,355.0,400.3862537606976,False,1388.027832243662,120.0,5,1,1.6951839980689767,0
195,9512937,705.0,638.0358918161148,True,2635.688432034603,425.0,8,9,11.183724907877219,0
107,1684410094,705.0,694.1329495543455,True,2930.1979851603132,240.0,5,6,8.130262478398139,0
234,14069254029,1110.0,987.108642420678,True,4468.320372708558,535.0,5,19,19.309191021960725,0
229,9512915,465.0,511.8881667207274,False,1973.412875283819,105.0,4,4,3.5161022847277854,0
113,8421658424,290.0,358.51520870118037,False,1168.204845681197,35.0,1,7,11.045650594030073,0
202,2440630566,375.0,433.0258226456509,False,1559.385568889667,70.0,2,3,2.609977788978721,0
178,9512937,535.0,554.9038277022958,False,2199.245095437053,145.0,4,8,6.5444502136407054,0
227,10544188928,600.0,634.445021839143,False,2616.8363646555003,155.0,2,4,3.2250892875831423,0
148,21533909,280.0,362.72408066002964,False,1190.301423465155,25.0,1,0,0.7736706785609719,0
288,107352,295.0,375.4682874531226,False,1257.2085091288927,30.0,2,0,0.34659084173465177,0
66,350621322,450.0,475.6753427153826,False,1783.295549255758,155.0,0,9,6.674071411031791,0
289,25471086,685.0,705.7324074752331,False,2991.0951392449733,190.0,6,8,7.303936657685316,0
177,25544136,630.0,614.2308314972887,True,2510.7118653607645,200.0,4,6,7.253379863008933,0
43,1684410087,50.0,173.51706852692132,False,196.964609766337,0.0,0,0,0.0,0
91,21704017,500.0,546.2934038009528,False,2154.0403699550016,115.0,8,15,20.867216153279188,3
22,10983187054,570.0,597.7783293338797,False,2424.336229002868,150.0,5,7,7.94597779211089,0
64,12957883928,395.0,457.0870897502435,False,1685.707221188779,75.0,0,2,1.276935416562234,0
128,821341516,755.0,713.3764894854544,True,3031.226569798636,255.0,7,13,9.278449788706537,0
263,25473408,730.0,728.6718286088077,False,3111.5271001962406,250.0,7,13,10.521440609419265,0
250,1611442272,330.0,412.18143687996553,False,1449.952543619819,40.0,5,1,0.7041187291549409,0
207,25257309,630.0,658.4234584736131,False,2742.7231569864684,165.0,7,6,9.216439547713046,0
154,107793,55.0,175.407045453323,False,206.88698862994576,0.0,0,0,0.0,0
117,3077397235,235.0,323.30098404983164,False,983.3301662616165,5.0,2,1,0.2897105062264001,0
106,1630526800,335.0,406.20873789236634,False,1418.5958739349237,50.0,2,6,7.243956306813926,0
44,26699545,300.0,384.52612997082986,False,1304.7621823468564,30.0,2,1,0.9417525658748546,0
278,6521883874,130.0,234.9196219184702,False,519.3280150719685,0.0,2,0,0.0,0
163,108398,935.0,938.6923588326271,False,4214.134883871293,275.0,7,12,9.77211700344167,0
115,21666007,475.0,536.6542387095044,False,2103.4347532248967,95.0,4,1,2.214775736746475,0
267,21665911,665.0,675.8471703543987,False,2834.197644360594,665.0,5,61,72.1003020831559,0
40,13250138,235.0,297.11475946140774,False,845.8524871723904,25.0,3,3,0.8611423491311133,0
292,21665585,370.0,439.75330741314997,False,1594.704863919037,60.0,1,5,3.743337281398788,0
88,1938580083,290.0,353.4944422285495,False,1141.8458216998847,40.0,3,0,0.8935091301694129,0
251,4784457202,685.0,725.7351366631215,False,3096.109467481387,175.0,4,5,3.6541763881932607,0
159,10600115027,320.0,398.1823443999243,False,1376.4573080996026,40.0,2,0,0.46415574260781706,0
229,972535469,60.0,179.89103986250018,False,230.42795927812588,0.0,0,0,0.0,0
17,109838,440.0,493.4582231623847,False,1876.655671602519,90.0,2,5,5.143834129292888,0
77,25544131,445.0,514.9612838417775,False,1989.5467401693304,80.0,4,0,1.4045379248584626,0
152,7959928587,775.0,722.3378546922252,True,3078.2737371341805,305.0,4,17,10.256831667811218,0
97,25473373,390.0,434.6895767374491,False,1568.1202778716074,85.0,4,2,3.3790369040234,0
162,1938580083,250.0,336.94095462648227,False,1054.9400117890314,10.0,5,1,0.12086226324934393,0
19,21665000,800.0,698.2280771128521,True,2951.697404842474,475.0,5,12,13.482737372906602,0
138,102035,1200.0,1090.7520810515828,True,5012.44842552081,520.0,4,3,5.469260683948795,0
268,108899,310.0,396.7945086840269,False,1369.1711705911412,30.0,3,0,0.7046478615234406,0
51,25471089,635.0,668.1770800432843,False,2793.9296702272427,165.0,7,4,7.81041078782798,0
140,14003329325,225.0,303.685130748722,False,880.3469364307905,10.0,1,2,3.8655269066171694,0
98,1835298197,330.0,406.2619864970163,False,1418.8754291093353,45.0,3,4,3.9072646627755327,0
135,25495441,940.0,755.9912128313736,True,3254.9538673647153,545.0,5,16,15.43773115846524,0
28,6219635602,285.0,374.34634451290265,False,1251.3183086927388,20.0,0,0,0.650152138079956,0
14,25473373,760.0,728.0433741607184,True,3108.2277143437714,285.0,6,10,8.492068330245859,0
74,12292980260,500.0,530.3478268316554,False,2070.3260908661923,125.0,5,4,3.9158157152770205,0
245,1678452778,515.0,564.3849942439184,False,2249.0212197805718,115.0,2,5,6.313808137673928,0
11,1667203550,965.0,934.2682263282227,True,4190.9081882231685,310.0,10,5,4.6901091091965394,0
76,317930325,460.0,527.7613401876196,False,2056.7470359850026,90.0,4,1,1.8759449875407326,0
164,317930325,190.0,284.5545823712566,False,779.9115574490972,0.0,0,0,0.0,0
270,25257319,360.0,420.82370243147966,False,1495.3244377652686,65.0,2,4,4.4205504272578136,0
141,9512926,685.0,699.7408339332853,False,2959.639378149747,195.0,8,3,3.1212419148852857,0
264,333725797,510.0,562.0755420607129,False,2236.8965958187423,115.0,4,6,2.026684234968666,0
209,12026767,370.0,438.96375806305446,False,1590.5597298310356,60.0,3,2,0.8924192411007801,0
6,21665910,625.0,649.2706081845631,False,2694.6706929689544,625.0,3,55,62.721154294047935,0
105,5838132444,445.0,510.6053061626326,False,1966.6778573538213,85.0,4,8,6.5606469606380635,0
170,333650017,375.0,438.2277372515057,False,1586.695620570405,65.0,2,2,2.2536345919833307,0
174,294651404,505.0,560.2319834469878,False,2227.2179130966865,110.0,3,1,2.483510638297872,0
271,1616122178,665.0,651.7275446524826,True,2707.5696094255336,205.0,4,3,3.242989355969837,0
35,454373621,345.0,421.0252705091491,False,1496.3826701730325,50.0,2,0,1.4237730906482187,0
179,1667118171,790.0,818.4863796678886,False,3583.0534932564155,215.0,5,7,4.326383307676976,0
175,1619500464,750.0,747.7937974001748,False,3211.9174363509187,225.0,2,9,9.709606519986663,0
123,5393414954,320.0,391.4736970035373,False,1341.2369092685703,320.0,3,46,47.99510627788602,0
161,734320209,445.0,477.40475642040366,False,1792.3749712071196,115.0,6,5,5.887304266465953,0
56,1685938630,235.0,326.07822435127855,False,997.910677844212,5.0,1,0,0.3499023937182392,0
281,4712556876,490.0,530.9352862951472,False,2073.4102530495225,115.0,3,4,2.2892839947077914,0
86,500486430,800.0,679.8010409829816,True,2854.9554651606572,380.0,5,7,10.734745649790705,0
206,109618,250.0,337.68758003293374,False,1058.8597951729023,10.0,3,1,0.26782207156244425,0
173,25626680,635.0,574.927191984523,True,2304.3677579187433,230.0,4,13,11.736855018288455,0
139,25257284,540.0,591.9343618729574,False,2393.655399833026,125.0,4,2,2.300248270745201,0
33,12725097483,665.0,655.8123690899429,True,2729.0149377222006,205.0,5,13,8.29183336012799,0
166,3557235449,465.0,523.2036404595063,False,2032.819112412409,95.0,4,5,9.353419511066766,0
240,25532841,605.0,592.2471584425049,True,2395.2975818231503,195.0,2,27,53.0941978281117,15
225,25378119,365.0,438.5931907129129,False,1588.6142512427925,55.0,1,1,1.0756923598683923,0
217,1611442272,355.0,434.1314826811051,False,1565.1902840758025,50.0,3,1,0.8095857268154871,0
59,9512935,755.0,647.1001390716692,True,2683.275730126265,430.0,6,10,8.826484370989206,0
2,806821384,910.0,781.4174671829859,True,3388.441702710676,495.0,7,3,4.321507092198582,0
47,108045,610.0,538.9632550813951,True,2115.557089177324,230.0,4,11,10.512149949078143,0
92,107809,540.0,593.1807883327623,False,2400.199138747002,120.0,6,3,1.576287423408906,0
232,25498869,690.0,665.9415837467161,True,2782.193314670259,265.0,7,27,28.4286094239574,0
53,102003,700.0,739.7224441631903,False,3169.5428318567488,180.0,5,7,5.157525482077124,0
41,7162259986,1080.0,907.1220771252913,True,4048.390904907783,520.0,6,19,16.042424095569796,0
167,452168037,585.0,587.6822401473357,False,2371.3317607735135,205.0,3,18,24.849008613299805,0
277,25471098,705.0,695.8698219647049,True,2939.3165653146993,215.0,4,8,7.783212481032747,0
54,821341516,460.0,520.7995853256008,False,2020.197822959404,95.0,4,7,7.396955844244189,0
247,2482696992,455.0,515.4014060092741,False,1991.8573815486893,455.0,3,58,73.55340343206461,3
180,1493458889,255.0,344.06700634700445,False,1092.3517833217734,10.0,3,2,2.9549314815854366,0
55,9295694734,760.0,643.0105700608688,True,2661.805492819561,535.0,10,13,11.026844519615524,0
63,26607518,945.0,940.2804233072226,False,4222.472222362917,285.0,7,8,10.359452244326718,0
62,9791492,560.0,597.6027890628295,False,2423.4146425798544,140.0,3,11,7.40491725316005,0
16,25375812,355.0,435.6246740242072,False,1573.0295386270877,50.0,3,3,2.041690815351734,0
73,25256273,285.0,373.89599267854874,False,1248.9539615623803,20.0,2,1,0.48999999999999994,0
204,25475387,330.0,412.71839766258637,False,1452.7715877285789,40.0,4,1,0.8339182597543217,0
4,21665590,350.0,408.36997834972584,False,1429.9423863360605,60.0,0,2,0.8928214081069762,0
286,21665585,365.0,447.3598427379653,False,1634.6391743743184,50.0,3,0,0.5486548201759334,0
146,25500900,425.0,458.8729811040795,False,1695.0831507964178,130.0,4,2,4.938396659669659,0
221,21665135,265.0,348.01368114626706,False,1113.0718260179017,20.0,2,2,0.7449794327417767,0
121,107987,595.0,617.2334365802394,False,2526.475542046256,160.0,4,4,3.870636376938562,0
37,25476041,390.0,460.1656264396992,False,1701.8695388084207,65.0,2,12,21.781969233491495,4
57,25544119,415.0,485.688323788822,False,1835.8636998913146,75.0,3,1,1.3976933114197088,0
193,25544131,680.0,727.8409263218864,False,3107.164863189904,170.0,2,5,5.063454790162952,0
182,1691197961,380.0,427.60215694033525,False,1530.91132393676,95.0,1,13,27.40760914968347,7
207,8784101792,160.0,259.28667970054585,False,647.2550684278657,0.0,0,0,0.0,0
176,2191588310,780.0,685.8096788690515,True,2886.5008140625223,375.0,9,19,18.550749454145436,0
135,1696027870,110.0,222.26841666758352,False,452.9091875048134,0.0,0,0,0.0,0
241,11707733696,380.0,456.3939815328537,False,1682.0684030474818,60.0,4,1,1.8070265187535255,0
205,26699545,565.0,603.2857488290355,False,2453.2501813524377,140.0,6,4,1.8791749371449888,0
201,812004134,375.0,439.6143907295425,False,1593.9755513300972,65.0,2,9,7.415370149705183,0
252,500486430,590.0,617.009110318048,False,2525.297829169752,155.0,2,5,5.230803794755859,0
1,4956890447,830.0,761.5672725678758,True,3284.228180981348,410.0,6,21,20.135826813685533,0
151,107797,515.0,564.9278156555516,False,2251.8710321916474,115.0,5,7,8.644122480278313,0
256,9791484,420.0,462.0525856280731,False,1711.7760745473834,95.0,1,10,7.632862971545936,0
239,25473288,300.0,361.4808665033167,False,1183.7745491424123,45.0,1,3,2.9464500679006838,0
81,2191480791,1330.0,913.9042745637397,True,4083.997441459625,830.0,13,49,58.74689393527857,5
110,25257618,300.0,379.72489999814906,False,1279.5557249902827,30.0,3,1,1.129422815672922,0
80,2587253639,725.0,602.1456299804445,True,2447.2645573973336,375.0,6,11,8.738910185777998,0
192,25498869,350.0,417.1566380009208,False,1476.072349504835,55.0,1,0,1.5685979349665595,0
249,6424675168,355.0,438.9875859635129,False,1590.6848263084432,45.0,1,2,1.6277045032167008,0
118,26559368,280.0,365.7401453393945,False,1206.1357630318212,20.0,4,3,1.2748895374101468,0
90,27503587,980.0,869.0750502481432,True,3848.6440138027524,410.0,8,24,19.759665919241513,0
188,9791491,590.0,623.6570156812184,False,2560.199332326396,150.0,3,6,6.680075644434391,0
206,3567188665,95.0,210.85465879696187,False,392.98695868404957,0.0,0,0,0.0,0
172,298207179,655.0,686.4088753635922,False,2889.6465956588568,170.0,7,5,5.256764145015014,0
46,26652351,865.0,726.7453113639662,True,3101.412884660823,475.0,7,10,9.547280912441575,0
24,1678452820,680.0,708.8680671782772,False,3007.5573526859534,180.0,5,10,6.404744669491678,0
273,1646306203,720.0,582.1453218545065,True,2342.2629397361593,575.0,6,16,18.03440436154291,0
180,1684410105,80.0,190.62296994670854,False,286.7705922202198,0.0,0,0,0.0,0
125,108045,465.0,529.5371649143266,False,2066.070115800215,90.0,3,4,2.9745842389500785,0
35,3552338823,120.0,211.52257846975078,False,396.49353696619164,15.0,1,3,4.604143294653472,0
82,26699537,525.0,567.936953965747,False,2267.669008320172,525.0,6,47,56.20951231139351,0
167,2047806084,90.0,205.73548530307576,False,366.11129784114775,0.0,1,0,0.0,0
190,3567188665,355.0,422.34140650188505,False,1503.2923841348968,55.0,3,6,4.421125121668154,0
276,25472589,915.0,793.5686094211471,True,3452.235199461023,390.0,6,24,18.526939268676003,0
42,1667118171,865.0,858.3167862117149,True,3792.1631276115027,280.0,8,11,9.688361934623313,0
287,25544136,750.0,636.9932570033408,True,2630.214599267539,540.0,1,15,11.205842092944806,0
158,107318,305.0,366.17214090484345,False,1208.4037397504285,45.0,4,4,5.6798124222807065,0
29,4969460352,1005.0,788.0086612057041,True,3423.0454713299464,760.0,5,3,7.402415924117201,0
285,107860,720.0,738.1227254725795,False,3161.1443087310427,200.0,4,4,5.528584122370109,0
275,12689154,485.0,544.2389803984404,False,2143.254647091811,100.0,5,11,12.26408933162895,1
65,21665367,315.0,380.18521483881,False,1281.9723779037517,45.0,1,4,4.019868714737697,0
5,9512935,345.0,388.16866564992125,False,1323.8854946620868,125.0,1,1,1.8001735099912477,0
127,10264011847,315.0,390.5429931832653,False,1336.3507142121432,40.0,1,3,2.5530587845022934,0
230,333725798,505.0,524.7951855254936,False,2041.1747240088416,135.0,2,6,7.835753816819661,0
223,1231977683,1005.0,968.3640180965631,True,4369.91109500696,325.0,10,16,14.020999773258156,0
203,9512937,785.0,802.5941296403352,False,3499.6191806117595,220.0,8,4,5.838797531755144,0
101,25472162,525.0,554.453097093091,False,2196.878759738729,135.0,3,15,14.799111163937196,5
95,1614846683,790.0,780.775070999759,True,3385.0691227487355,240.0,7,11,11.047182057849964,0
169,6355365939,750.0,783.983714959919,False,3401.9145035395763,200.0,10,7,5.543145193914743,0
96,2215490967,480.0,537.7973284746955,False,2109.4359744921517,100.0,6,0,1.8474417488491297,0
114,25532341,330.0,391.1914453190799,False,1339.755087925169,55.0,2,3,3.512322913257483,0
237,11052055761,855.0,744.2969791982591,True,3193.559140790861,420.0,4,18,19.67018531671079,0
269,14017207476,600.0,492.39635620955,True,1871.0808701001363,435.0,5,18,10.316698628324808,0
175,383974166,160.0,254.34141717791692,False,621.2924401840637,0.0,0,0,0.0,0
134,1667203550,395.0,458.5603054686968,False,1693.4416037106578,70.0,0,0,0.8120461802068158,0
107,1616122178,300.0,332.49360502994955,False,1031.5914264072346,115.0,1,9,8.45136465144246,0
153,25257657,585.0,595.7798256497606,False,2413.8440846612434,165.0,6,3,4.2463892041449265,0
157,1635864532,1025.0,935.9186912703813,True,4199.573129169503,370.0,5,12,17.25544442607081,0
18,1614978621,395.0,466.3761288914156,False,1734.474676679932,65.0,3,3,2.453574365743296,0
60,2456267967,365.0,404.9753214846139,False,1412.1204377942236,135.0,4,4,2.9960905781420246,0
292,10983187054,255.0,327.96038476856035,False,1007.7920200349416,25.0,4,2,2.9009320091065205,0
262,21665367,695.0,729.245604060421,False,3114.5394213172094,180.0,4,5,4.5548490981930865,0
189,9512926,525.0,556.6247351148575,False,2208.279859353,135.0,4,3,2.5902046427397276,0
97,21533911,240.0,328.90610568938547,False,1012.7570548692738,5.0,1,0,0.29509048407596794,0
98,9791495,230.0,306.3741840913353,False,894.46446647951,15.0,0,2,1.664920734837021,0
187,4928600902,435.0,483.9926303583438,False,1826.9613093813045,140.0,2,6,5.869457149141803,0
25,12120966382,530.0,562.5622706628074,False,2239.4519209797395,135.0,3,3,3.3291779714208944,0
110,4249404271,100.0,206.90532453863773,False,372.2529538278479,0.0,0,0,0.0,0
100,25473285,485.0,528.4672012829968,False,2060.452806735733,115.0,1,12,10.672173171660035,0
218,14958918,860.0,862.4324720114415,False,3813.7704780600698,255.0,2,12,10.780438535436542,0
220,358992920,1020.0,976.7551297923512,True,4413.964431409843,340.0,4,15,12.01294599336808,0
295,14023072777,505.0,538.0718873463784,False,2110.8774085684863,125.0,2,3,3.737077362871779,0
97,4712556876,15.0,144.29631950643036,False,43.555677408759365,0.0,0,0,0.0,0
71,25471089,365.0,414.5971461310371,False,1462.6350171879462,70.0,2,2,2.682834899050008,0
93,2624195128,440.0,502.69957292432355,False,1925.1727578526982,85.0,3,13,14.94928011486702,2
30,9770373583,920.0,828.4804244772749,True,3635.5222285056925,425.0,9,39,36.898882164445155,0
284,14727249,525.0,564.2078641906236,False,2248.0912870007746,130.0,6,3,3.0134249556428507,0
52,108902,885.0,724.9221564179683,True,3091.8413211943353,575.0,4,12,12.044525615610546,0
89,1667203543,840.0,772.3230528331529,True,3340.6960273740524,300.0,4,13,13.59764604005341,0
137,435144778,465.0,535.0028985487903,False,2094.7652173811484,90.0,5,2,2.5510423338009143,0
26,1607738730,700.0,714.2604775885727,False,3035.8675073400073,205.0,6,13,11.587308600684185,0
198,108306,1210.0,1034.4917980278199,True,4717.081939646055,540.0,6,27,24.524240011360213,0
68,1666324140,1150.0,916.2012833282287,True,4096.056737473198,565.0,7,32,29.910571467234377,0
48,1607738730,605.0,607.3444397942012,False,2474.558308919556,200.0,0,5,7.852790502251749,0
282,108267,655.0,675.3304179301535,False,2831.484694133303,180.0,2,4,3.359770772947715,0
231,9512933,810.0,669.6839737400421,True,2801.8408621352196,370.0,3,7,8.547038958980746,0
254,603751942,865.0,829.1427175416644,True,3638.9992670937363,330.0,11,4,8.952536183964654,0
27,12648068962,390.0,458.71989684606854,False,1694.2794584418593,65.0,1,2,1.2400177304964537,0
181,9295694734,980.0,816.4052372862509,True,3572.127495752815,700.0,6,8,18.26049718881511,0
242,519998333,580.0,612.8229630707242,False,2503.3205561213013,155.0,4,9,10.420533548647938,0
124,12265050664,385.0,461.4918570627093,False,1708.8322495792233,60.0,3,4,3.703262181236612,0
155,25533578,555.0,585.9775497606466,False,2362.3821362433946,140.0,5,4,4.048139116290606,0
80,806821396,155.0,253.11244255743597,False,614.8403234265388,0.0,0,0,0.0,0
259,25533437,610.0,642.4595722980591,False,2658.9127545648093,160.0,9,5,3.2331435520992233,0
238,25495442,435.0,468.3346659594978,False,1744.7569962873633,105.0,3,9,8.10852037453092,0
9,1230855633,425.0,481.37627661020036,False,1813.2254522035519,85.0,3,3,2.604205590742767,0
221,1947324461,190.0,285.8176571014093,False,786.5426997823986,0.0,1,0,0.0,0
75,26652357,625.0,601.9747677333162,True,2446.36753059991,280.0,6,6,5.1814487087225265,0
229,25533578,325.0,399.82549048071314,False,1385.083825023744,45.0,2,0,0.16617674167176247,0
148,107349,380.0,431.791830851134,False,1552.9071119684538,75.0,3,5,4.356125309247281,0
278,3442281746,340.0,414.38045073759497,False,1461.497366372374,45.0,7,4,3.700786559491803,0
222,34709162,680.0,695.9189193108407,False,2939.5743263819118,190.0,2,14,10.73847249184756,0
210,21665031,625.0,570.0183723091168,True,2278.5964546228624,385.0,4,21,19.426310364855844,0
244,108258,625.0,559.7414455180157,True,2224.642588969582,270.0,7,23,25.548482170601737,1
261,25257043,505.0,520.8735863441938,False,2020.5863283070182,140.0,5,1,1.5557420406258586,0
139,5393414954,260.0,338.7298728144345,False,1064.3318322757807,260.0,2,38,45.10524232668603,0
69,194250,690.0,699.2247544792056,False,2956.9299610158296,200.0,8,2,2.9138394846764513,0
3,282686499,915.0,709.3360176733366,True,3010.014092785015,775.0,8,69,86.29968498875428,0
79,25472162,740.0,737.4569711804478,False,3157.6490986973495,220.0,13,5,7.129762997406748,0
279,26651416,560.0,604.4832164137895,False,2459.536886172396,135.0,6,4,2.1426455217723746,0
8,107812,480.0,529.5098334750186,False,2065.9266257438476,105.0,4,6,3.4329603054619406,0
85,9512924,480.0,533.515925980725,False,2086.958611398807,105.0,3,7,4.938600588184286,0
165,8772951805,600.0,483.44434266470256,True,1824.082798989689,360.0,5,7,8.56632887617787,0
119,108901,625.0,607.4091277098835,True,2474.8979204768884,195.0,7,16,17.455301559740843,0
140,603751942,340.0,413.94814923433887,False,1459.2277834802794,50.0,1,4,4.462511059936338,0
42,107809,165.0,267.4689030855143,False,690.2117411989501,0.0,0,0,0.0,0
76,25257045,320.0,388.59529291446734,False,1326.1252878009532,45.0,2,3,2.9162583609206405,0
38,108304,945.0,896.9465993191229,True,3994.969646425394,360.0,9,38,43.06981656485797,0
106,25257284,390.0,455.9369033185724,False,1679.6687424225047,70.0,2,3,3.010485693612199,0
258,108211,445.0,473.14888650049255,False,1770.0316541275863,125.0,0,9,10.910217996318533,2
17,26559581,375.0,405.2208566897591,False,1413.4094976212348,90.0,3,0,0.1601515151515152,0
171,21665006,535.0,555.5845495720547,False,2202.8188852532867,145.0,7,4,5.055294335757884,0
288,454373621,435.0,475.6475167170712,False,1783.149462764624,100.0,1,19,31.196662845188772,9
87,351788581,485.0,511.37354278871317,False,1970.7110996407446,145.0,12,15,18.32410662109381,0
145,3552338823,570.0,590.248978629532,False,2384.807137805042,215.0,6,9,8.089459094708014,0
216,1852698146,770.0,768.7718126402212,False,3322.0520163611623,230.0,8,4,2.8389845922865624,0
185,452168037,615.0,638.9649887782174,False,2640.5661910856425,165.0,3,9,7.541436646472349,0
291,9512935,690.0,709.388203058132,False,3010.2880660551928,230.0,5,17,13.407255341382962,0
109,6859207542,875.0,769.3251514691401,True,3324.9570452129838,430.0,5,14,13.566582244628503,0
16,21665589,285.0,283.2155299839431,False,772.8815324157014,175.0,3,12,16.03241442833937,0
7,12198144,1005.0,920.6019506803223,True,4119.16024107169,475.0,8,19,17.828954964558292,0
213,1611442272,575.0,606.1897915237671,False,2468.4964054997763,150.0,3,9,11.05304057161834,0
72,11863161,735.0,591.7157689136081,True,2392.5077867964424,325.0,4,5,7.709942369619179,0
122,21590631,510.0,546.6872359902726,False,2156.1079889489306,125.0,4,5,7.916959442966588,0
2,4431563564,320.0,392.2314547364482,False,1345.2151373663523,45.0,0,4,4.962397078592589,0
287,108040,210.0,301.89947316117014,False,870.9722340961429,0.0,0,0,0.0,0
84,107708,760.0,735.6940186313054,True,3148.393597814354,250.0,3,18,15.154748859626183,0
113,25496892,475.0,490.394628799947,False,1860.5718011997221,190.0,8,3,4.052471473948481,0
272,452514269,880.0,874.8790101351293,True,3879.114803209428,265.0,6,10,13.060392737100765,0
233,1684410094,795.0,739.1272146962206,True,3166.4178771551565,280.0,6,4,6.6414038199476435,0
11,7162259986,375.0,443.3518378098727,False,1613.5971485018317,60.0,2,1,2.2873262563465726,0
143,109717,815.0,818.9064244368973,False,3585.2587282937134,240.0,5,4,6.626344044355347,0
118,333650017,250.0,338.77226868255826,False,1064.5544105834304,10.0,3,0,0.39262583141842666,0
54,108258,315.0,395.3673612341606,False,1361.678646479344,35.0,1,1,0.998222595342499,0
144,102018,730.0,665.5502687669202,True,2780.1389110263326,275.0,4,12,15.28122623403625,0
239,7684091168,265.0,357.9536127525635,False,1165.2564669509584,10.0,2,0,0.35857832197387185,0
129,25473285,670.0,691.6462644629673,False,2917.14288843058,185.0,6,5,2.1616800174815167,0
55,109391,310.0,384.74252991316547,False,1305.8982820441179,40.0,7,2,3.3952575469160866,0
86,200044,350.0,417.26572455857587,False,1476.645053932523,55.0,1,4,4.66460715819411,0
40,26651413,430.0,466.00337307051524,False,1732.5177086202057,100.0,3,4,5.318697357233495,0
29,7261577394,225.0,302.569938778304,False,874.4921785860957,10.0,3,1,2.309416996310908,0
149,275424,880.0,778.7840773917501,True,3374.616406306691,375.0,8,28,23.159759737277707,0
212,25544135,650.0,597.9107234033376,True,2425.031297867521,380.0,9,16,18.869500073529398,0
92,25375812,340.0,410.5841907370275,False,1441.5670013693943,50.0,0,6,5.486752985125357,0
226,26651416,655.0,582.7073568372844,True,2345.213623395744,340.0,1,6,4.6549999999999985,0
34,5387300688,590.0,619.2243201034603,False,2536.927680543167,155.0,5,7,5.082809915305521,0
3,8622639982,90.0,199.23637832504824,False,331.9909862065032,0.0,0,0,0.0,0
238,25502541,125.0,233.26691218345042,False,510.6512889631148,0.0,0,0,0.0,0
211,12765774269,690.0,718.0403421609903,False,3055.7117963452006,185.0,5,8,5.722084046142551,0
49,3892184068,1400.0,1190.090789117107,True,5533.976642864807,620.0,12,23,21.98069044985009,0
105,1607738730,390.0,458.85662711578607,False,1694.9972923578762,65.0,4,2,3.472800482562384,0
14,25471098,410.0,474.8116965877882,False,1778.7614070858874,75.0,2,1,1.7761457354798436,0
116,11582793599,1020.0,840.9306884547343,True,3700.886114387355,560.0,2,11,12.249671986620312,0
147,25524240,745.0,757.301067420762,False,3261.8306039589997,210.0,7,18,14.390998698198011,0
293,1667203548,800.0,750.223917529237,True,3224.6755670284942,310.0,6,7,8.542300727829705,0
45,25544138,620.0,505.72158073690656,True,1941.0382988687602,435.0,1,9,11.39998901800969,0
144,1691197961,35.0,159.0068001456042,False,120.78570076442199,0.0,0,0,0.0,0
204,25533613,350.0,411.5640865535291,False,1446.7114544060282,60.0,1,1,3.1516804115422117,0
94,108899,1095.0,921.3081061730951,True,4122.867557408746,515.0,10,11,12.150020263370621,0
102,282686499,845.0,725.7126334586892,True,3095.991325658121,410.0,7,32,29.22250662987897,0
47,9791152,385.0,446.51418147700537,False,1630.1994527542781,70.0,2,1,1.707646849139477,0
28,107320,445.0,514.9270040376882,False,1989.3667711978633,80.0,3,0,2.311382484150738,0
177,1614846702,525.0,557.9434157034955,False,2215.20293244335,130.0,4,5,2.4851686962419226,0
15,11200374910,1660.0,1054.9902327337143,True,4824.698721851991,1380.0,6,3,2.5119293448905418,0
196,5560599869,795.0,809.2142302123289,False,3534.374708614726,225.0,8,5,4.567875179941145,0
234,107793,550.0,608.8103757995136,False,2482.254472947446,120.0,3,4,5.292646426016544,0
197,1619464560,755.0,755.2820344356985,False,3251.2306807874174,225.0,8,4,5.4543669472602545,0
178,12437379708,540.0,587.1297386428623,False,2368.431127875028,125.0,3,1,2.8209023355715597,0
132,6250501803,655.0,654.5047908628917,False,2722.1501520301813,195.0,3,1,3.277971792437716,0
248,9515387,795.0,795.5551887521272,False,3462.664740948665,235.0,3,13,14.343833613589515,0
188,11052055761,310.0,392.52819080984693,False,1346.773001751696,35.0,3,2,0.6715220032227016,0
136,26001541,590.0,634.5889943366853,False,2617.592220267599,145.0,3,15,22.273453795039128,2
126,12026767,1095.0,916.1587270106646,True,4095.833316805987,540.0,7,12,16.923705714309065,0
117,370712148,515.0,473.531800057727,True,1772.0419503030676,345.0,4,16,15.973642659546563,0
25,8752950709,235.0,321.8298028923507,False,975.6064651848412,5.0,5,0,0.3334206246969049,0
20,2191480791,875.0,829.8141893779866,True,3642.5244942344325,305.0,6,4,5.6853189075268755,0
58,26699537,630.0,624.4636115078342,True,2564.43396041613,630.0,6,40,38.8138490659886,0
142,25472873,640.0,610.8375174456994,True,2492.896966589921,300.0,3,19,14.247926544324637,0
275,12959447,300.0,372.17903900048486,False,1239.9399547525452,40.0,6,3,0.8923685477439984,0
208,25476020,1050.0,1003.0532550089071,True,4552.029588796764,345.0,11,4,8.08244094989494,0
274,25524243,1095.0,1037.1357846418503,True,4730.9628693697105,385.0,11,7,10.205085242442657,0
194,12765774269,790.0,771.7413757488926,True,3337.642222681683,245.0,8,9,9.229593591847145,0
121,311422343,380.0,450.68509144175096,False,1652.0967300691923,60.0,4,5,6.425152085664411,0
184,9295694734,940.0,935.5773239914485,False,4197.780950955104,285.0,9,25,21.8563686164706,0
236,281454988,835.0,685.3902015935041,True,2884.2985583658974,555.0,4,16,11.860770373183717,0
104,11863161,650.0,601.3212533744486,True,2442.9365802158554,325.0,7,12,12.701078116007249,0
224,13355224,595.0,636.6512092942671,False,2628.4188487949004,145.0,4,4,4.5961840539940075,0
150,8094435229,700.0,617.9307238413712,True,2530.1363001671984,380.0,2,1,4.015082658687206,0
12,9054849009,725.0,729.8990674383746,False,3117.9701040514674,210.0,2,11,8.203336307199281,0
156,25473373,655.0,664.2911129475988,False,2773.5283429748933,185.0,3,5,5.072350347807731,0
286,102000,405.0,468.51749810788345,False,1745.716865066388,75.0,2,0,1.8494180797751425,0
160,4457798822,660.0,607.6878297615121,True,2476.3611062479395,370.0,4,15,19.228475574238537,0
292,1666324135,275.0,361.3552466107473,False,1183.1150447064233,20.0,3,1,0.6388105417413472,0
120,2587253639,695.0,671.4409904430213,True,2811.065199825863,285.0,11,9,6.520489057440135,0
237,25522558,300.0,382.36534325220487,False,1293.4180520740756,30.0,3,1,1.7274024858899397,0
219,435144778,660.0,670.8565587289987,False,2807.996933327245,190.0,6,18,21.85893557464507,0
230,591983272,320.0,396.9253616983285,False,1369.8581489162243,40.0,4,4,2.0952269671511266,0
281,338504649,460.0,511.2415365194713,False,1970.0180667272248,100.0,5,4,5.206998682548711,0
227,110004,590.0,649.2265257724348,False,2694.439260305283,135.0,3,9,9.3391075861107,0
179,107319,475.0,527.5239692344584,False,2055.5008384809066,105.0,7,4,2.32407188824413,0
253,25505558,690.0,687.3365180574151,False,2894.5167198014315,205.0,5,7,8.823736148946406,0
244,255562,200.0,293.99949685730144,False,829.4973585008324,0.0,2,0,0.0,0
107,5922202129,300.0,373.8733767588715,False,1248.8352279840753,35.0,3,2,1.4594814095995106,0
31,6762589361,640.0,690.7436039325509,False,2912.4039206458897,155.0,5,1,3.9284354711756126,0
111,6943650957,675.0,616.0873452124431,True,2520.4585623653265,240.0,3,10,11.728819468542929,0
62,1612472593,435.0,498.97669590465085,False,1905.6276534994167,85.0,2,4,4.2662139624971545,0
258,25256620,175.0,272.97425343570796,False,719.114830537467,0.0,0,0,0.0,0
166,25257657,470.0,489.9206047837748,False,1858.0831751148185,135.0,4,3,3.936020268227018,0
217,3557235449,460.0,516.3220784624085,False,1996.6909119276447,95.0,2,0,1.560045445928204,0
283,4956890447,795.0,795.5926706746019,False,3462.86152104166,235.0,6,14,16.429211510337552,0
168,4956890429,710.0,754.0877019018135,False,3244.960434984521,180.0,3,7,10.296137947444594,0
97,4239164192,275.0,357.78676590252655,False,1164.3805209882642,20.0,0,1,0.6979960771195248,0
189,9791487,300.0,382.85617783895196,False,1295.9949336544978,30.0,2,2,1.0651975343029547,0
135,108073,415.0,443.5111823609448,False,1614.4337073949607,100.0,2,1,1.7582063196793747,0
183,7944696977,1260.0,1065.528080983121,True,4880.022425161382,515.0,11,12,12.86813507888417,0
192,1115431333,405.0,469.28594085157977,False,1749.7511894707939,75.0,1,4,4.505153233976732,0
199,1666324249,1225.0,1060.9861767260054,True,4856.177427811527,595.0,7,17,15.758732200558555,0
260,9789819,840.0,709.6763057697781,True,3011.8006052913347,395.0,2,9,8.462459548294168,0
290,881887811,915.0,878.5875218650058,True,3898.584489791279,330.0,9,14,9.759566332161505,0
19,265124953,550.0,569.9428353427,False,2278.1998855491747,150.0,2,18,30.244028170899664,7
254,26651413,270.0,353.6384473694891,False,1142.6018486898174,20.0,2,4,12.688552893603482,4
88,107799,575.0,620.0321502956928,False,2541.1687890523863,140.0,6,6,4.019248067822852,0
32,9521029,670.0,684.8200837671847,False,2881.3054397777205,190.0,3,4,4.067196396830326,0
152,3887905014,560.0,600.401832529156,False,2438.1096207780693,135.0,7,8,6.896211845887887,0
4,26559368,455.0,512.8429008529088,False,1978.4252294777716,95.0,0,3,4.244990634661774,0
1,1694551549,430.0,429.8909656589611,False,1542.9275697095457,215.0,3,12,9.692288166903502,0
170,370712148,540.0,574.1532027575219,False,2300.30431447699,135.0,5,1,2.211392517802143,0
207,9512933,455.0,505.93270295827756,False,1942.1466905309549,135.0,4,10,8.900380534131175,0
77,9513062,590.0,536.7298901972729,True,2103.8319235356817,330.0,2,14,15.213857540118681,0
67,25544136,865.0,701.6046069045983,True,2969.4241862491403,565.0,5,22,15.896660245743629,0
23,5266874223,860.0,846.5861482026303,True,3730.5772780638085,265.0,11,21,18.438242594050163,0
167,107801,410.0,471.06661266170636,False,1759.0997164739588,80.0,2,4,3.298655699577627,0
63,107801,495.0,539.5353647606067,False,2118.5606649931847,115.0,4,2,3.417559416910884,0
272,25498869,190.0,288.3009344869699,False,799.5799060565922,0.0,3,0,0.0,0
133,5393414954,680.0,699.0402030569136,False,2955.961066048798,680.0,6,37,39.60356368658448,0
80,1685751707,290.0,367.80148226559066,False,1216.9577818943508,30.0,5,0,1.0487840252825866,0
42,1666324108,245.0,335.936807383384,False,1049.6682387627661,5.0,0,0,0.19579059829059825,0
195,109348,685.0,619.7131316383728,True,2539.493941101457,275.0,3,19,12.45010897128074,0
106,21665031,240.0,318.68674979885583,False,959.1054364439929,15.0,3,1,2.0762221932329563,0
294,25498827,955.0,720.1662547167477,True,3066.8728372629207,510.0,3,0,0.0,0
284,25471098,335.0,402.61227103456565,False,1399.71442293147,50.0,2,6,6.266523380332781,0
193,333719185,480.0,527.4094046414929,False,2054.899374367837,110.0,7,3,3.94257385408399,0
218,333725797,355.0,418.10205290137776,False,1481.0357777322336,60.0,1,2,3.584769848117875,0
246,3531897238,1060.0,837.8225786892162,True,3684.5685381183807,525.0,6,9,12.630540295717916,0
205,21665009,480.0,527.1878440460426,False,2053.736181241725,120.0,2,4,2.996769195164104,0
3,771982972,180.0,273.9772804913336,False,724.3807225795014,0.0,0,0,0.0,0
277,1685751707,525.0,583.8452332433295,False,2351.187474527481,115.0,5,8,4.949641314585969,0
99,298205891,935.0,789.5321423077204,True,3431.0437471155333,550.0,3,3,3.7726404063638093,0
285,1685751723,425.0,489.8128887272726,False,1857.5176658181824,80.0,5,2,2.2165334365888802,0
101,1137916914,405.0,467.30913300874766,False,1739.372948295925,75.0,4,2,0.6749956821739749,0
200,108257,1050.0,844.9406739631694,True,3721.9385383066374,455.0,6,13,13.979928257109687,0
145,25524243,245.0,342.83678856624744,False,1085.8931399727987,5.0,0,0,0.18634983060768814,0
263,1508437746,680.0,666.3270894853081,True,2784.217219797869,225.0,4,13,13.215502394062801,0
206,25532839,470.0,474.3529302246676,False,1776.352883679505,175.0,2,6,7.919485569826562,0
225,2271434264,560.0,551.6336923372259,True,2182.076884770435,190.0,6,10,10.881913271157664,0
114,452168032,425.0,506.0193475060229,False,1942.6015744066203,70.0,0,3,3.96840133119877,0
182,107878,515.0,500.0332548055043,True,1911.1745877288984,270.0,1,5,6.27993801855192,0
241,972535469,515.0,579.4077055747384,False,2327.890454267376,105.0,3,3,2.900258274097579,0
55,108252,240.0,307.8073543134702,False,901.9886101457188,20.0,2,1,0.5826690152722269,0
289,25496815,710.0,678.6484947811962,True,2848.9045976012794,285.0,4,18,12.64993163845061,0
128,25257284,705.0,692.4807299936837,True,2921.52383246684,230.0,4,19,13.168358835430181,0
296,1685751707,860.0,873.2036479692342,False,3870.31915183848,245.0,9,2,2.842100303790654,0
268,1614926340,645.0,564.3188268810579,True,2248.6738411255546,330.0,8,15,18.22528934337671,0
36,9512926,850.0,667.9101905796388,True,2792.5285005431015,415.0,6,9,13.436949090160244,0
149,82710881,240.0,322.85829574411105,False,981.0060526565835,10.0,3,1,1.226619023498207,0
168,255562,125.0,234.47119261967714,False,516.9737612533052,0.0,2,0,0.0,0
93,109836,395.0,453.2767290312626,False,1665.7028274141283,75.0,2,2,1.8861295862056289,0
50,24973086,1160.0,1125.4573128224729,True,5194.650892317984,370.0,12,13,12.466284326436009,0
245,333725798,645.0,641.2279691723984,False,2652.4468381550905,205.0,4,9,6.70160730493147,0
251,107351,685.0,683.7188550173337,False,2875.5239888410024,205.0,6,25,36.12244219303066,4
123,3887905014,615.0,649.1874515377518,False,2694.2341205731964,160.0,6,7,5.583140963078651,0
43,9522438169,730.0,744.4784993461054,False,3194.5121215670533,205.0,4,4,4.314014244262267,0
255,452168037,870.0,892.2582466301116,False,3970.3557948080856,245.0,9,11,9.036824981537988,0
27,102025,395.0,472.2981340772212,False,1765.5652039054116,60.0,3,3,3.700613258135421,0
202,21665930,755.0,647.7212611006305,True,2686.5366207783113,500.0,8,21,17.426951645711167,0
273,2564873525,505.0,481.1563174080514,True,1812.0706663922692,165.0,2,5,5.7450742149078415,0
186,12026767,800.0,631.3877787339352,True,2600.7858383531598,380.0,4,10,8.79252297392819,0
270,108059,655.0,648.8482730356354,True,2692.4534334370865,210.0,7,8,5.850794009840115,0
7,10559192943,295.0,389.6481229616605,False,1331.6526455487178,20.0,1,0,0.42318030025422004,0
288,823745,310.0,378.8663997109527,False,1275.0485984825018,40.0,4,2,1.1800804503942726,0
257,110031,1205.0,947.8331766354086,True,4262.124177335891,540.0,7,23,25.631530107365737,0
35,6521839583,510.0,554.4397798001727,False,2196.808843950906,120.0,6,3,2.5181462847863862,0
81,5568839679,550.0,480.7498062598281,True,1809.9364828640967,370.0,2,11,16.394901809300432,0
213,25522907,295.0,370.44848088063793,False,1230.8545246233493,35.0,3,0,0.4539263422684961,0
13,9806677456,875.0,697.5670805499882,True,2948.227172887438,490.0,9,9,9.887817377679335,0
184,1684410105,190.0,283.550389255824,False,774.6395435930755,0.0,0,0,0.0,0
164,109619,665.0,680.013375134137,False,2856.070219454219,185.0,5,5,3.0951388290368147,0
10,820634109,845.0,805.5342815955983,True,3515.05497837689,295.0,6,19,17.288219508361205,0
160,1612472593,180.0,280.3367534106813,False,757.767955406077,0.0,1,0,0.0,0
256,25417428,560.0,520.3504285234291,True,2017.8397497480028,265.0,2,19,20.199281100992057,0
82,13808848004,525.0,568.5396927987226,False,2270.8333871932937,125.0,8,6,6.2224415235290245,0
196,1316072261,230.0,325.6748312245122,False,995.7928639286894,0.0,1,0,0.0,0
194,14017207476,200.0,287.3117043537723,False,794.3864478573047,0.0,2,0,0.0,0
33,4222962219,640.0,677.0268169382229,False,2840.3907889256698,165.0,6,5,5.577070340251466,0
116,1678452820,270.0,347.2657765108955,False,1109.1453266822018,25.0,2,2,2.9489154207068338,0
4,333670399,145.0,251.02201961555843,False,603.8656029816816,0.0,3,0,0.0,0
240,25473373,640.0,633.1951552797462,True,2610.2745652186695,205.0,9,6,5.851541088807403,0
119,1616713425,360.0,426.6058864599372,False,1525.6809039146706,60.0,1,12,13.604119291258824,0
26,333719185,435.0,484.39570541541934,False,1829.0774534309514,95.0,5,5,4.094823796254888,0
271,26652117,665.0,649.739051908648,True,2697.130022520402,265.0,4,12,11.514672061420015,0
209,9295694734,670.0,589.0912080283072,True,2378.7288421486137,480.0,2,11,8.593250088080683,0
78,102025,1155.0,1087.0262170244046,True,4992.887639378123,425.0,9,7,6.671650884092449,0
228,351788581,1045.0,837.1383285085042,True,3680.976224669648,650.0,3,25,17.077244004247706,0
71,9512922,450.0,488.4153513579716,False,1850.1805946293507,110.0,5,7,7.866500733944784,0
243,107863,845.0,674.5177631883203,True,2827.218256738682,510.0,7,9,10.008285548439268,0
180,108214,545.0,588.9894616348573,False,2378.1946735830015,130.0,1,10,11.69332751102068,0
279,104302,375.0,437.4829483981091,False,1582.785479090073,65.0,3,13,17.808087888231046,1
29,1508437746,300.0,384.1999223350788,False,1303.0495922591635,30.0,4,4,2.746974771579538,0
265,11267145959,965.0,729.152507817288,True,3114.050666040757,640.0,12,13,18.639724546148145,0
91,9791495,775.0,661.9445232674984,True,2761.2087471543687,345.0,2,10,8.960124327416782,0
58,26699537,235.0,259.6317853388651,False,649.0668730290416,235.0,2,45,53.489642835971644,0
175,9521034,505.0,557.3396924180314,False,2212.033385194665,110.0,5,3,2.98575896798011,0
125,9475528,550.0,544.928757334283,True,2146.875976004987,215.0,2,16,17.181864295312455,0
14,21665912,295.0,375.6025558455285,False,1257.9134181890242,30.0,7,1,1.272955477369641,0
238,25473616,300.0,375.919374894909,False,1259.5767181982721,35.0,1,2,3.6484924099837217,0
85,21665367,385.0,436.34933160825517,False,1576.833990943339,120.0,2,1,1.134941156914121,0
249,11707733696,590.0,508.7580773773599,True,1956.97990623114,410.0,3,14,11.055896136525288,0
188,25501773,265.0,351.77216336224956,False,1132.8038576518097,15.0,3,1,2.1393733533061785,0
5,9906585155,550.0,563.386045665286,False,2243.776739742751,165.0,5,6,8.226768682949345,0
61,601141518,965.0,950.2145142816134,True,4274.626199978471,295.0,9,8,6.009610758079205,0
129,1666324140,345.0,425.91857995295595,False,1522.072544753019,45.0,1,1,1.1024999999999998,0
136,25507041,280.0,361.76561502085116,False,1185.2694788594686,25.0,1,0,0.5420035460992907,0
235,452168032,1380.0,1027.2247655941285,True,4678.930019369175,875.0,10,3,3.5420579883172176,0
72,25531002,365.0,366.91618810856835,False,1212.3099875699836,125.0,3,2,3.119768537527536,0
250,107806,805.0,603.0456535978359,True,2451.989681388638,585.0,2,14,16.2907804104839,0
28,1678452766,290.0,371.48267654325116,False,1236.2840518520688,25.0,5,1,0.7525916229898391,0
165,21665912,410.0,461.95448701005483,False,1711.2610568027876,85.0,1,1,2.062063939623499,0
187,82710879,515.0,556.2643286023477,False,2206.3877251623267,125.0,5,5,4.68660842701033,0
171,5932856691,385.0,432.56508324986237,False,1556.9666870617775,100.0,4,5,5.560177598888244,0
15,13329450969,295.0,338.8462841420505,False,1064.9429917457646,60.0,2,3,2.3452223281563858,0
95,25476020,550.0,572.6557519884834,False,2292.442697939537,145.0,2,3,4.245581056475334,0
113,452486137,365.0,418.6069907118001,False,1483.68670123695,75.0,1,11,11.097943031353363,0
162,26699544,765.0,730.8782933557146,True,3123.111040117503,350.0,8,10,10.54951880177789,0
156,26699544,255.0,287.005458539294,False,792.7786573312937,110.0,3,11,9.922342097587208,0
141,21665911,735.0,575.6452602411534,True,2308.137616266058,735.0,1,41,43.16148998006121,0
94,9512939,315.0,355.74210781256755,False,1153.6460660159798,75.0,1,2,3.9624973391079967,0
30,25257044,510.0,544.0273069954579,False,2142.143361726153,125.0,3,1,1.6161027432409265,0
3,21665247,165.0,239.09212787884658,False,541.2336713639445,50.0,3,4,3.1691710704896585,0
278,1691197882,465.0,521.4313191579826,False,2023.5144255794085,95.0,1,1,2.8733382151830376,0
191,25503707,1245.0,993.4257162983364,True,4501.485010566267,725.0,8,20,17.75703471228211,0
51,25532341,775.0,732.029634352046,True,3129.1555803482424,260.0,7,9,8.062099456457185,0
173,821341516,725.0,570.9305111028397,True,2283.3851832899086,505.0,2,9,10.926757571665345,0
236,1667118178,280.0,369.6770115850534,False,1226.8043108215297,20.0,1,1,0.48999999999999994,0
214,109348,1000.0,798.4991371433009,True,3478.120470002329,525.0,3,8,10.725692137223204,0
110,5393414954,545.0,550.5852863818204,False,2176.5727535045567,545.0,4,52,63.910798195701645,2
293,3764054180,350.0,365.1405511661905,False,1202.9878936224995,115.0,5,18,22.181450642855417,0
127,8972731452,595.0,598.1954752261859,False,2426.5262449374754,175.0,2,7,7.789277567172222,0
44,2271434264,820.0,763.8903852500048,True,3296.424522562524,300.0,4,9,10.771363974286523,0
37,9789814,680.0,701.7940306143205,False,2970.418660725182,185.0,4,10,5.590158861179238,0
159,25306041,810.0,830.2659697596396,False,3644.8963412381086,225.0,3,15,17.72062713925267,0
280,1685751707,1110.0,864.5105668626725,True,3824.6804760290283,680.0,6,12,17.714602939878763,0
102,25375955,335.0,385.7666174880491,False,1311.274741812258,60.0,4,0,1.259024565718603,0
155,25475478,500.0,546.412316034982,False,2154.664659183656,115.0,4,1,1.6586918268891564,0
41,362575106,715.0,736.6452627060912,False,3153.3876292069776,195.0,8,8,6.183957073079709,0
200,25503804,175.0,277.5507593713082,False,743.1414866993678,0.0,0,0,0.0,0
64,9020945997,860.0,852.7026997354028,True,3762.6891736108646,260.0,5,3,5.6664906330037415,0
256,333719185,100.0,210.75117665465393,False,392.4436774369329,0.0,2,0,0.0,0
146,333650017,705.0,653.1986244737045,True,2715.292778486949,245.0,3,13,9.403570560787353,0
121,9512935,310.0,359.4250691860655,False,1172.9816132268438,100.0,2,13,8.841718515587798,0
89,25473291,540.0,588.3177438664936,False,2374.6681552990913,125.0,1,4,6.234289699837197,0
232,1317156147,735.0,725.6902623024916,True,3095.873877088082,225.0,3,1,3.7953562217923915,0
25,7223638134,330.0,396.00497501496466,False,1365.026118828565,50.0,2,3,4.415354967027504,0
220,26699543,555.0,556.321234428276,False,2206.686480748449,225.0,9,6,4.377712649798839,0
204,107320,365.0,415.5869006959387,False,1467.8312286536789,70.0,4,9,11.613922182603218,0
215,104315,990.0,828.1456846707779,True,3633.7648445215837,530.0,7,27,23.229769208600132,0
114,1685938740,175.0,273.26960359911175,False,720.6654188953366,0.0,2,0,0.0,0
176,5244680779,695.0,623.9093112239755,True,2561.523883925871,320.0,5,13,11.226299894256693,0
68,2191480791,540.0,593.8865516739502,False,2403.9043962882383,120.0,2,1,1.656559584571229,0
134,9521031,605.0,624.0548745479359,False,2562.288091376663,165.0,5,6,5.639929954432843,0
224,1685938727,315.0,386.81567990962736,False,1316.7823195255444,40.0,6,3,3.4286496945946645,0
252,25472806,695.0,638.1667409553966,True,2636.375390015833,275.0,7,16,16.173775040285033,0
131,25472348,970.0,871.2313183786769,True,3859.9644214880555,590.0,9,9,8.579173726964521,0
129,677445939,75.0,191.64956169410763,False,292.16019889406505,0.0,1,0,0.0,0
70,25498932,1010.0,769.7181363425816,True,3327.020215798552,645.0,4,7,3.890935415763127,0
139,452589682,510.0,529.2442842510254,False,2064.532492317885,150.0,2,1,2.8724426213729575,0
21,7223638134,1020.0,802.5639609838449,True,3499.4607951651865,650.0,3,20,17.128818060367884,0
124,11170906155,550.0,595.2324330886673,False,2410.9702737155026,130.0,6,3,6.428693819980579,0
103,108304,1020.0,1003.132561058733,True,4552.445945558347,315.0,11,12,9.605789282922728,0
16,1616122178,460.0,489.1160785576642,False,1853.8594124277367,125.0,1,7,7.6866656627948435,0
73,9921844608,750.0,763.0402117958024,False,3291.9611119279616,220.0,9,11,17.166164898509944,0
262,1620855375,615.0,664.24840733769,False,2773.304138522871,150.0,8,5,5.68070566128125,0
113,1667118171,85.0,198.12345835814136,False,326.1481563802422,0.0,1,0,0.0,0
109,1316072261,465.0,518.8071692105667,False,2009.737638355475,100.0,3,18,22.49517163410888,0
53,9806677456,775.0,636.1479428654283,True,2625.7767000434983,425.0,5,8,10.040557891249845,0
115,452396959,880.0,824.8112527197453,True,3616.259076778664,355.0,5,7,10.666260452504359,0
251,1685751696,185.0,273.7546209181608,False,723.2117598203441,0.0,3,0,0.0,0
138,9512937,850.0,666.6318998369525,True,2785.817474144001,560.0,1,15,15.88195257305463,0
257,25472162,180.0,280.2611537571577,False,757.371057225078,0.0,3,0,0.0,0
86,1619500464,460.0,510.048726926648,False,1963.755816364902,100.0,2,5,6.564822528254804,0
80,25257043,275.0,342.86386313815314,False,1086.0352814753046,30.0,1,5,5.738917011403914,0
260,102000,320.0,389.05196710181053,False,1328.5228272845052,45.0,1,3,1.4977816418386947,0
144,9791495,425.0,427.5397866196545,False,1530.5838797531862,150.0,1,9,5.468661567138814,0
267,82710879,900.0,692.7686286767389,True,2923.035300552876,505.0,2,19,17.063681439173116,0
214,21665248,85.0,199.11547536543867,False,331.356245668553,0.0,1,0,0.0,0
207,27503587,295.0,386.64165779780046,False,1315.868703438452,20.0,4,0,0.6169566893078817,0
147,14017207476,435.0,492.72232183441315,False,1872.7921896306682,90.0,2,15,16.649572954873783,0
140,9791156,525.0,582.8087670921508,False,2345.7460272337908,115.0,5,2,2.229486756959071,0
219,1616122178,355.0,408.3176221317395,False,1429.6675161916326,80.0,2,6,2.2233176676601256,0
39,25472873,1020.0,789.1807415638568,True,3429.198893210243,555.0,8,18,16.81341625837601,0
38,1684410090,530.0,584.6618294538395,False,2355.474604632657,120.0,8,7,7.583212575327721,0
266,1274928889,1015.0,932.4119507099913,True,4181.1627412274565,390.0,4,20,18.51350214360389,0
122,6943758097,490.0,550.0328301908061,False,2173.672358501733,100.0,4,12,22.443541178029026,5
174,652425475,845.0,785.2131073710295,True,3408.368813697904,400.0,5,21,21.03354565977896,0
198,25472806,610.0,594.7513043791622,True,2408.444347990601,240.0,6,15,11.988634116858938,0
116,234290,180.0,274.35735611182105,False,726.3761195870608,0.0,2,0,0.0,0
276,25476020,710.0,708.2477324905349,False,3004.3005955753065,210.0,6,1,3.7668150836175402,0
284,456363903,285.0,328.9423620106906,False,1012.9474005561257,90.0,3,9,8.367317024739176,0
133,12921761055,295.0,373.1441270764551,False,1245.006667151389,30.0,1,0,0.7349999999999999,0
57,2919558521,785.0,726.2814693970399,True,3098.977714334457,275.0,5,3,4.24287802243629,0
143,1230855633,495.0,516.5350575950497,False,1997.8090523740111,130.0,1,1,1.727357175403138,0
17,25495769,530.0,580.8136808233666,False,2335.271824322676,120.0,4,6,4.535393178120321,0
293,742854915,105.0,206.06331447411026,False,367.8324009890789,5.0,0,0,0.12079798575150341,0
292,14017207476,385.0,453.9183664206096,False,1669.0714237081997,65.0,1,1,1.251178949851524,0
91,108060,180.0,269.71355688398745,False,701.9961736409341,0.0,2,0,0.0,0
295,14728072,645.0,588.6370493320791,True,2376.344508993416,235.0,4,11,9.53732847551858,0
228,102025,190.0,281.9276059361577,False,766.1199311648278,0.0,3,0,0.0,0
163,108253,935.0,922.7092435764848,True,4130.223528776545,285.0,10,9,9.277657376827035,0
162,5568839679,140.0,241.46553790480658,False,553.6940740002347,0.0,0,0,0.0,0
149,5398463417,250.0,284.3925149421199,False,779.0607034461291,105.0,1,7,9.36700328154954,0
190,9522438146,735.0,705.2917947425012,True,2988.7819223981296,275.0,7,17,15.914160547202817,0
203,107800,710.0,531.3542136588616,True,2075.609621709024,535.0,3,13,13.678346123880521,0
157,25532843,690.0,668.4200144663558,True,2795.2050759483677,270.0,3,17,13.58037693115711,0
153,1667203523,695.0,730.8714264883706,False,3123.074989063946,180.0,8,4,4.752082860616381,0
170,7261577394,340.0,380.68202353724047,False,1284.5806235705124,90.0,1,7,7.196420595869266,0
108,21590631,1050.0,829.7653694136433,True,3642.2681894216257,630.0,2,13,17.32640931547404,0
195,21665000,325.0,354.81667407499225,False,1148.7875388937086,145.0,1,13,11.503909522188847,0
65,1619500320,735.0,680.0860314926191,True,2856.4516653362516,285.0,5,11,8.770693422849837,0
98,6940326497,685.0,611.1878264729061,True,2494.7360889827564,370.0,8,24,19.151620729956043,0
88,311422343,370.0,433.21569094359916,False,1560.3823774538946,65.0,5,2,3.6891201240875975,0
177,1612319349,465.0,503.84807129898047,False,1931.2023743196476,110.0,1,1,4.4909371875839925,0
10,9521034,235.0,328.71215129160333,False,1011.7387942809173,0.0,1,0,0.0,0
253,351788581,410.0,481.6350232355729,False,1814.583871986758,70.0,5,0,0.8690425531914895,0
61,6173754807,185.0,283.65263996851417,False,775.1763598346994,0.0,3,0,0.0,0
90,25472873,790.0,728.6023295165274,True,3111.1622299617698,345.0,5,13,13.14451459254223,0
31,60728182,410.0,478.985007812495,False,1800.6712910155993,70.0,2,4,4.566520004958662,0
172,454373621,785.0,722.1110617440906,True,3077.083074156476,275.0,5,4,4.238087128913388,0
179,9512926,420.0,465.7016384425642,False,1730.9336018234626,90.0,7,2,3.5279019374393283,0
281,1938580083,425.0,460.05538572933386,False,1701.2907750790023,100.0,0,0,1.3606793068571796,0
120,383974166,435.0,475.4785599658292,False,1782.262439820603,100.0,2,9,7.484403215818443,0
269,4457798822,745.0,671.2610876175881,True,2810.1207099923377,350.0,7,30,32.57774249544471,0
166,12959447,420.0,453.1004252087185,False,1664.7772323457727,155.0,3,4,6.077148025771743,0
201,25471089,830.0,765.9738871493573,True,3307.3629075341278,360.0,8,7,13.462079918002935,0
74,9398115367,935.0,832.5843981483436,True,3657.068090278804,420.0,9,10,12.849675791178148,0
59,107863,900.0,803.0296113537651,True,3501.905459607266,430.0,2,12,14.676816586902163,0
146,9791156,160.0,262.58251950732364,False,664.558227413449,0.0,1,0,0.0,0
106,823745,375.0,424.32059145671485,False,1513.683105147753,75.0,6,15,33.00050726907144,9
32,2833448424,420.0,479.7387912289817,False,1804.6286539521552,80.0,9,0,0.8579321556893043,0
241,4360406511,330.0,409.1878213215009,False,1434.2360619378796,40.0,2,1,1.0003994438670527,0
231,107797,700.0,681.4079377316741,True,2863.3916730912897,260.0,11,16,17.358804861839836,0
154,25500900,1030.0,908.3144383032406,True,4054.6508010920115,445.0,5,11,9.823323311043506,0
22,1684410129,1045.0,940.9587187485124,True,4226.033273429692,385.0,4,4,6.298359822899338,0
13,1278032912,290.0,372.08391869320127,False,1239.4405731393067,25.0,4,1,0.805115659356889,0
99,11156548930,375.0,443.01343668171216,False,1611.8205425789881,60.0,2,6,5.638485556555052,0
52,1684410079,720.0,669.415620353642,True,2800.4320068566203,325.0,4,14,12.412873951973351,0
277,107793,385.0,369.76379871364156,True,1227.2599432466188,215.0,0,20,24.379560893574926,0
292,9791495,90.0,202.28693235415676,False,348.006394859323,0.0,1,0,0.0,0
18,2934851447,775.0,757.2292968949332,True,3261.4538086983976,255.0,6,14,13.653068528718869,0
58,9791487,280.0,359.9787483281265,False,1175.8884287226638,25.0,2,2,0.7551600362863884,0
200,25475740,195.0,281.47853037527824,False,763.7622844702106,0.0,0,0,0.0,0
111,25503802,475.0,529.028779889988,False,2063.401094422437,100.0,5,9,7.922332099952851,0
151,108214,875.0,842.1429671317816,True,3707.2505774418546,335.0,3,8,9.190822162716177,0
84,25471089,610.0,479.507494074128,True,1803.4143438891706,485.0,4,8,10.374076347713535,0
239,108045,605.0,601.7903453082777,False,2445.3993128684565,180.0,4,3,2.4625503522884133,0
230,25531001,490.0,545.80193015109,False,2151.460133293223,105.0,10,5,3.945866585000046,0
193,2934851413,405.0,467.49696493651874,False,1740.359065916724,75.0,2,5,3.64012928217252,0
112,25257272,1210.0,839.9707227346385,True,3695.8462943568466,770.0,6,3,3.529812441768593,0
226,10574746,590.0,615.2922873493416,False,2516.284508584042,155.0,2,4,3.077875265758217,0
283,6214704100,480.0,508.02783370872334,False,1953.1461269707975,120.0,4,5,3.4271110563759306,0
66,25496783,1085.0,866.2536408417163,True,3833.831614419004,510.0,8,16,14.787582981002023,0
53,25473371,160.0,258.923054302851,False,645.3460350899677,0.0,1,0,0.0,0
124,820271,175.0,273.32017864887706,False,720.9309379066046,0.0,0,0,0.0,0
77,107786,435.0,405.45355900256914,True,1414.6311847634865,155.0,1,9,11.881624891855228,0
274,9512933,525.0,527.9421674512984,False,2057.6963791193166,205.0,1,6,7.612518305348667,0
216,8421658424,650.0,558.7527164693196,True,2219.4517614639267,255.0,5,8,6.356331576370065,0
96,10264011839,815.0,726.3111308483938,True,3099.1334369540687,380.0,3,12,15.05513608094113,0
76,25620550,675.0,690.4308613324943,False,2910.762021995595,220.0,4,8,5.486612985227018,0
262,1666324140,175.0,272.8691403272247,False,718.5629867179297,0.0,1,0,0.0,0
181,26699545,745.0,671.4782706413091,True,2811.260920866874,295.0,4,8,4.278739228695402,0
42,6312042614,430.0,499.96091377062226,False,1910.7947972957663,80.0,1,7,8.65495395204478,0
88,1678452820,105.0,212.28908812104115,False,400.5177126354661,0.0,0,0,0.0,0
178,26652119,565.0,589.00959217753,False,2378.3003589320315,150.0,4,0,2.5231605475135708,0
259,104302,740.0,660.6203627091053,True,2754.2569042228038,345.0,3,10,14.36084387695712,0
56,443449146,990.0,935.3239616242972,True,4196.450798527557,380.0,10,9,13.81412560811214,0
167,6424675168,450.0,522.987716401752,False,2031.6855111091982,80.0,2,0,2.3032164738211476,0
46,110011,890.0,884.6491355836683,True,3930.407961814259,270.0,6,4,4.130736106193806,0
78,108258,330.0,398.8234699903754,False,1379.8232174494706,50.0,4,3,1.907209807867225,0
83,12292980260,1215.0,952.0162981713482,True,4284.085565399575,645.0,7,20,18.62608026376431,0
126,26699545,575.0,529.9971938100155,True,2068.4852675025813,325.0,1,37,36.24154109654136,0
125,107860,330.0,401.19833502246695,False,1392.2912588679515,45.0,2,3,2.4379626438926136,0
296,3933844368,405.0,459.7511204375538,False,1699.6933822971578,80.0,4,5,5.619497483757597,0
119,12026767,345.0,418.8025588150676,False,1484.7134337791044,50.0,2,3,1.0128787878787877,0
39,370712148,170.0,268.34960512860454,False,694.8354269251736,0.0,2,0,0.0,0
218,1685938727,455.0,514.7995124133143,False,1988.6974401699001,90.0,3,14,16.518564362246067,0
186,25472904,385.0,442.9364193544998,False,1611.416201611124,70.0,3,6,3.5365738086583822,0
265,194250,345.0,421.34986280028244,False,1498.0867797014828,50.0,0,1,1.4065816764478203,0
221,5932959891,760.0,681.1410500513774,True,2861.9905127697316,375.0,7,36,30.63647836311991,0
190,25533613,145.0,243.5997495227624,False,564.8986849945024,0.0,1,0,0.0,0
141,25544136,300.0,373.7860989794573,False,1248.3770196421506,35.0,1,0,1.218812945700643,0
30,11767208,295.0,380.3777874128032,False,1282.9833839172165,25.0,0,0,0.6952697851858083,0
132,2191588310,605.0,648.0437475769633,False,2688.229674779057,150.0,4,2,4.028709366772953,0
199,107863,525.0,578.8826290379257,False,2325.133802449109,115.0,4,3,5.252567297839962,0
36,25257321,420.0,478.9876702115555,False,1800.685268610666,80.0,3,7,6.462428102539049,0
276,7889967240,185.0,278.64220925762737,False,748.871598602544,0.0,1,0,0.0,0
29,102035,365.0,442.81198405799944,False,1610.7629163044976,55.0,3,2,1.44297283238534,0
142,3933844368,595.0,639.0087037156737,False,2640.795694507287,145.0,8,12,6.000436804364844,0
22,108901,95.0,207.63852015374974,False,376.1022308071862,0.0,0,0,0.0,0
55,4356591932,435.0,489.28448988372503,False,1854.7435718895567,90.0,4,2,4.485342919635183,0
101,107319,465.0,534.4753823011307,False,2091.995757080936,90.0,2,4,6.437488795329013,0
223,4969460352,890.0,831.7742193448896,True,3652.8146515606713,370.0,17,29,33.900531107635175,0
241,25417428,110.0,213.788732044877,False,408.390843235604,0.0,0,0,0.0,0
148,9702441401,775.0,776.0022112941937,False,3360.011609294518,230.0,12,3,3.3787817242337175,0
45,2129184256,650.0,645.5534523880685,False,2675.155625037359,200.0,4,9,5.708574285933745,0
209,1115431319,385.0,439.3455478348046,False,1592.5641261327237,75.0,4,7,7.367929516158163,0
69,5568839679,775.0,747.9497896561281,True,3212.7363956946724,260.0,3,4,3.1104914738867606,0
54,1614926333,700.0,556.4133650935885,True,2207.170166741339,500.0,5,22,15.886158868538505,0
150,3567188665,590.0,642.1016158112852,False,2657.0334830092474,140.0,5,14,13.728072839720959,0
282,1230855633,820.0,665.8606232998383,True,2781.768272324151,510.0,4,11,10.066394527417753,0
152,6424675168,540.0,597.6866316385616,False,2423.8548161024487,120.0,4,5,5.014300525577825,0
135,107801,560.0,589.5778064618942,False,2381.2834839249435,145.0,9,7,3.603227907354492,0
60,9791495,870.0,819.9376939518866,True,3590.6728932474057,295.0,7,4,4.306477083538566,0
92,9698077954,680.0,715.5206661161124,False,3042.48349710959,175.0,5,13,12.664168285549525,0
8,21665911,770.0,763.5234027872016,True,3294.4978646328086,770.0,10,40,43.68609712772736,0
234,25257324,640.0,569.79134376622,True,2277.4045547726537,425.0,3,7,10.334036698166475,0
103,4252666506,260.0,351.1567758580361,False,1129.5730732546895,10.0,1,0,0.1971291633816916,0
5,25501320,365.0,429.46062236890106,False,1540.6682674367303,60.0,5,1,1.895784760080181,0
287,25473287,720.0,664.9414915064483,True,2776.9428304088538,395.0,7,34,34.79948569682635,0
255,333722500,440.0,495.21432200302536,False,1885.8751905158833,90.0,6,9,8.009902412047452,0
275,25544143,630.0,544.615410274582,True,2145.230903941556,405.0,3,17,16.88056641869655,0
267,5932899700,245.0,337.6353680565974,False,1058.585682297136,5.0,0,0,0.2782522999620199,0
72,4360406511,370.0,412.3955296743878,False,1451.076530790536,85.0,2,0,2.127501639504258,0
247,25500900,1045.0,906.5950322493608,True,4045.6239193091396,445.0,4,10,9.561464857193553,0
24,109836,960.0,924.9654351293565,True,4142.068534429122,310.0,7,10,11.424212848505276,0
33,25495769,425.0,491.1551717729635,False,1864.5646518080587,80.0,5,1,2.0433219306193693,0
70,526994269,295.0,380.1064831717622,False,1281.559036651752,25.0,4,0,0.8201359861264508,0
11,1694551549,730.0,674.1428137369168,True,2825.2497721188133,275.0,7,14,13.3371538788758,0
207,9791495,255.0,297.8051928769619,False,849.4772626040494,105.0,0,13,7.665878579357284,0
286,2441998875,630.0,629.936147909413,False,2593.1647765244184,185.0,5,2,2.4846797355676653,0
79,1666324108,805.0,804.1443292938094,False,3507.7577287924987,240.0,5,11,9.237478709467014,0
158,820271,965.0,906.3883501531262,True,4044.538838303913,330.0,7,3,4.4250824688464885,0
191,25306041,360.0,444.6792973846191,False,1620.5663112692512,45.0,5,1,1.395662393162393,0
100,108299,900.0,868.9383918369917,True,3847.9265571442074,300.0,7,10,11.74909542885182,0
210,1607738730,825.0,765.9532105137581,True,3307.2543551972303,285.0,7,5,5.35499454668011,0
89,1678452820,335.0,395.94860181160885,False,1364.7301595109461,55.0,2,9,18.842917424748872,6
175,4243601512,430.0,498.6614970090492,False,1903.972859297509,80.0,4,10,11.473040330325365,3
261,9167793401,830.0,648.6019498139814,True,2691.1602365234016,585.0,3,17,16.727613444271153,0
87,5453319326,790.0,750.5045743660381,True,3226.1490154217,285.0,7,7,8.073279335688007,0
184,108045,480.0,515.1241865632765,False,1990.401979457201,120.0,4,3,4.498030244821387,0
171,107797,415.0,421.1539121869544,False,1497.0580389815098,160.0,4,2,1.5530599656862372,0
47,25257284,715.0,725.7277085654016,False,3096.0704699683615,205.0,9,3,5.653208449144686,0
264,25472874,1140.0,898.9811563371143,True,4005.6510707698485,630.0,6,17,18.14878671131264,0
117,2440630566,695.0,660.8828703520662,True,2755.6350693483487,295.0,8,12,10.699925861666852,0
46,21665000,130.0,231.7576854654447,False,502.72784869358475,0.0,1,0,0.0,0
20,102031,700.0,753.8260321933465,False,3243.5866690150665,170.0,8,5,6.88661393367624,0
138,25501773,320.0,401.7655577152253,False,1395.2691780049338,35.0,5,0,1.5557069619553612,0
121,26559618,370.0,381.8554074147231,False,1290.7408889272965,115.0,1,2,1.8817022913492922,0
88,9512926,140.0,242.8100189332414,False,560.7525993995174,0.0,0,0,0.0,0
133,2441998875,285.0,363.5104437586091,False,1194.4298297326982,30.0,3,2,1.4652421401157767,0
185,25544126,805.0,750.853304815616,True,3227.9798502819826,275.0,10,16,16.284269679949805,0
91,26699544,280.0,340.30841597096514,False,1072.6191838475672,40.0,2,7,15.084662197074318,6
159,25495450,395.0,453.27317394264776,False,1665.6841631989,75.0,0,9,3.1598946104165018,0
289,107797,540.0,491.7798720057679,True,1867.8443280302815,395.0,0,14,12.562678260024247,0
182,26699537,550.0,542.3840940076238,True,2133.5164935400253,550.0,6,35,40.222410958214276,0
271,26559581,490.0,439.3128366801475,True,1592.3923925707743,380.0,1,21,21.553902446949852,0
285,107809,585.0,574.2647407654858,True,2300.8898890188007,220.0,4,5,6.176056930335648,0
246,2214957485,590.0,594.103123322935,False,2405.0413974454086,235.0,3,10,9.593168324959976,0
253,490253699,265.0,333.6084844928264,False,1037.4445435873383,30.0,1,0,0.0,0
57,1637789617,305.0,361.7193506705153,False,1185.0265910202054,50.0,1,5,5.23996986352434,0
107,1684410040,680.0,655.1321950352085,True,2725.4440239348446,220.0,6,5,5.156954423504252,0
192,4784457202,655.0,624.6853289862484,True,2565.5979771778034,295.0,4,31,37.23081462885248,0
288,25505558,520.0,579.5043632167757,False,2328.3979068880726,110.0,4,5,4.484687986039264,0
169,294651404,1000.0,941.2926744803099,True,4227.786541021631,340.0,5,7,8.399660198560202,0
294,306499809,610.0,634.6581086523756,False,2617.9550704249714,170.0,0,6,5.783351879270747,0
2,21665716,820.0,695.489103111483,True,2937.317791335286,490.0,6,42,47.49035239933872,0
174,1611082164,325.0,400.0866977176645,False,1386.4551630177377,40.0,1,2,1.6398613755919529,0
291,102025,840.0,850.6900322827602,False,3752.122669484491,240.0,5,8,7.686222401852376,0
290,1700140657,670.0,627.7709512640532,True,2581.7974941362786,280.0,6,8,12.813449003025266,0
295,5932856688,315.0,376.3263273323457,False,1261.7132184948146,50.0,3,6,4.638743431804274,0
278,5518619474,445.0,489.0244061286174,False,1853.3781321752415,100.0,3,5,8.134614702433549,0
28,25496780,470.0,527.6528118433383,False,2056.1772621775262,100.0,3,5,3.280087973559807,0
183,456363903,685.0,677.1611855541746,True,2841.096224159415,240.0,3,16,11.225296378340213,0
149,25531001,320.0,396.0792535833404,False,1365.416081312537,40.0,1,2,2.0665244554905384,0
254,1612472593,685.0,720.4588828761143,False,3068.4091350996,180.0,8,8,6.334037393430224,0
130,443449146,1605.0,1105.1574832346967,True,5088.07678698215,1090.0,7,4,8.179418542490325,0
211,2450775063,810.0,660.2560677926667,True,2752.3443559114994,345.0,10,7,8.163345175713626,0
280,6173783039,440.0,444.3697853195623,False,1618.941372927702,150.0,3,3,2.1693255820774113,0
118,21651908,845.0,860.870039257321,False,3805.567706100935,240.0,6,12,8.637185870164107,0
97,6943758097,705.0,734.5189141981668,False,3142.224299540374,190.0,4,8,9.55055564461608,0
188,3077397235,505.0,565.7982869098494,False,2256.441006276709,105.0,3,1,1.5880118753489225,0
67,25472904,665.0,682.1399168317239,False,2867.234563366552,185.0,2,10,5.469750657428786,0
38,6521883874,365.0,430.78354929806596,False,1547.6136338148456,60.0,2,1,0.7518956941969042,0
222,9770373583,940.0,899.5322124740084,True,4008.5441154885443,310.0,5,11,7.745129514666387,0
165,1667118171,495.0,516.1698121567205,False,1995.8915138227824,130.0,1,1,3.582424385556623,0
43,4784457213,580.0,633.1941826879608,False,2610.269459111794,135.0,5,4,3.5089568074291044,0
242,281454988,970.0,743.1565714947296,True,3187.5720003473275,545.0,3,10,15.93846391857692,0
263,452589682,635.0,635.0394140198289,False,2619.956923604101,190.0,3,3,5.330585852675509,0
219,21665926,390.0,437.05592928034486,False,1580.5436287218101,80.0,4,6,5.216848466353455,0
244,4702603653,745.0,598.5366094842792,True,2428.317199792467,340.0,1,8,8.047633046032908,0
215,26845543,455.0,497.4575224194685,False,1897.6519927022089,105.0,5,5,3.857388804311684,0
4,1614846678,565.0,530.7838898539313,True,2072.615421733138,315.0,3,8,5.7948502664584725,0
64,1667203485,470.0,524.2580162484606,False,2038.3545853044182,100.0,3,0,1.779699460835185,0
148,21392084,185.0,287.4256726638484,False,794.9847814852044,0.0,3,0,0.0,0
197,8421658424,810.0,715.3539386917006,True,3041.6081781314297,415.0,8,13,9.119418754245636,0
227,1938580083,765.0,703.6168751911837,True,2979.9885947537164,310.0,3,6,8.721618852045935,0
132,5932875003,205.0,295.6847201140594,False,838.3447805988117,0.0,1,0,0.0,0
268,21544863,630.0,660.9887771918678,False,2756.191080257306,165.0,3,8,5.997806431553505,0
23,60728182,705.0,651.2915015797928,True,2705.2803832939107,245.0,4,11,9.31916242821513,0
194,25471086,590.0,623.2866807207987,False,2558.255073784192,150.0,3,4,2.5543356646341575,0
269,9791495,330.0,414.04561974019344,False,1459.7395036360158,40.0,3,3,1.9467549079809994,0
173,292252720,510.0,541.9409872964172,False,2131.190183306191,130.0,0,10,7.67871834261023,0
51,5932875003,510.0,557.3410428703754,False,2212.040475069471,155.0,7,11,8.273588830192358,0
178,317930344,255.0,331.78875963096925,False,1027.890988062589,20.0,2,2,2.2344053899865655,0
139,9522438146,460.0,471.0917193840205,False,1759.2315267661083,130.0,1,10,11.169774413494686,0
74,2784682616,340.0,400.77934543380246,False,1390.0915635274628,55.0,2,4,3.504329675335034,0
240,294651409,590.0,626.8498518974335,False,2576.961722461528,150.0,6,2,2.4245567375886514,0
259,21665580,260.0,338.6451506579969,False,1063.8870409544838,20.0,5,1,1.3017411458498147,0
170,7261577394,380.0,448.81396281072887,False,1642.273304756328,65.0,0,2,2.6161618556128565,0
144,4784457210,430.0,499.61824930194166,False,1908.9958088351934,80.0,4,2,1.6053555301433284,0
49,3552338823,880.0,754.1842491699523,True,3245.4673081422507,460.0,6,19,22.333492834321643,0
281,25375955,360.0,429.60711732424573,False,1541.4373659522896,55.0,3,4,4.699831054243443,0
131,454368529,485.0,501.1840083107264,False,1917.2160436313134,130.0,7,8,5.758206001883053,0
45,333725798,215.0,307.53896383805,False,900.5795601497621,0.0,1,0,0.0,0
252,25473375,485.0,520.8291636037844,False,2020.3531089198684,120.0,5,7,5.388895381823053,0
120,1685751696,365.0,399.6734638059708,False,1384.2856849813465,85.0,1,5,4.1716970800105875,0
41,1637789617,520.0,562.6291486820155,False,2239.8030305805805,125.0,8,6,8.36079816295517,0
80,1852698146,450.0,499.3661825259995,False,1907.672458261497,100.0,5,17,18.80627060857096,0
180,25531002,605.0,624.0514243545549,False,2562.2699778614146,165.0,14,5,4.8337615287114,0
190,1685751696,260.0,314.2845117988407,False,935.9936869439139,45.0,0,5,4.343061333364261,0
243,11188424157,615.0,629.3380612414917,False,2590.02482151783,170.0,1,5,6.787941816019926,0
92,108267,220.0,309.2107872139177,False,909.3566328730677,0.0,1,0,0.0,0
40,334688530,920.0,793.8455631492305,True,3453.689206533459,365.0,7,9,8.89953732010815,0
208,25498869,840.0,844.6711885302602,False,3720.5237397838655,245.0,8,3,5.1145806189450065,0
87,101995,165.0,264.10152700379007,False,672.5330167698976,0.0,2,0,0.0,0
205,1616122145,725.0,600.611254432288,True,2439.2090857695125,480.0,7,26,33.28926353612459,0
270,25504263,655.0,681.0791288596153,False,2861.6654265129805,175.0,2,7,6.386106517114663,0
155,26651413,540.0,569.8978281375729,False,2277.963597722258,165.0,7,4,6.556925862040116,0
14,4962063593,610.0,625.0202086177233,False,2567.3560952430475,170.0,7,15,11.161892755240395,0
27,25257402,660.0,704.8312278399584,False,2986.3639461597804,165.0,4,2,3.2586340071865174,0
168,107793,685.0,634.8586311026581,True,2619.0078132889557,380.0,5,15,19.908565564132346,0
143,107863,450.0,502.6042993811949,False,1924.6725717512734,95.0,6,5,6.304181706518037,0
134,25533578,530.0,578.4374664292585,False,2322.796698753608,125.0,3,7,4.843623221861765,0
290,21665912,135.0,242.49441781408223,False,559.0956935239319,0.0,0,0,0.0,0
157,1691133712,440.0,505.0658896859857,False,1937.595920851425,85.0,2,3,2.431137827592397,0
64,102035,80.0,197.00180513376293,False,320.25947695225534,0.0,0,0,0.0,0
104,5932883505,855.0,680.0501085238199,True,2856.2630697500517,520.0,3,23,12.895555022409521,0
34,1678452778,945.0,822.377526639769,True,3603.482014858786,365.0,3,5,11.594595929597391,0
102,1616122145,565.0,568.156056660259,False,2268.81929746636,165.0,6,2,6.455854085475879,0
37,311153342,570.0,604.1224378267328,False,2457.6427985903483,145.0,3,0,1.1584346502914378,0
224,21665361,550.0,541.9595844682912,True,2131.2878184585284,170.0,4,10,9.3522021196058,0
12,25613838,865.0,658.9974445841767,True,2745.736584066925,480.0,4,9,5.7895284026249465,0
233,3531897238,975.0,834.2428390788606,True,3665.7749051640185,410.0,7,5,5.4739163067258,0
81,7889967240,690.0,576.9477455347891,True,2314.9756640576434,365.0,2,4,8.191401674254479,0
21,292252720,545.0,612.8558595380717,False,2503.4932625748784,115.0,0,4,2.535514184397163,0
50,6273263209,720.0,629.1713099742375,True,2589.1493773647503,355.0,2,13,9.920123771405276,0
65,383974165,460.0,522.7315684790354,False,2030.3407345149353,100.0,6,9,8.463493747933896,0
125,9791487,335.0,411.33678147078336,False,1445.518102721613,45.0,3,3,3.0006792356502263,0
8,25473288,280.0,353.84544678905723,False,1143.6885956425504,30.0,2,5,4.5129128906010445,0
156,812264838,630.0,580.3289101783612,True,2332.7267784363953,220.0,1,6,3.0879839681222214,0
78,9512937,350.0,422.1751003530366,False,1502.419276853442,50.0,0,2,1.4448607238140776,0
189,25502552,860.0,744.9786136589312,True,3197.1377217093896,450.0,3,21,19.555398616259748,0
72,2833445980,270.0,340.4443178981684,False,1073.3326689653843,30.0,0,1,1.1617884536583123,0
229,1667203543,1105.0,924.0188496912506,True,4137.098960879065,455.0,12,3,6.026114150828535,0
75,1607738730,1110.0,963.0334731358182,True,4341.925733963045,490.0,4,17,17.655821484331668,0
123,1607738730,750.0,767.8639541742649,False,3317.2857594148904,210.0,6,8,11.37133879478015,0
26,1684410076,710.0,731.0951336287166,False,3124.2494515507587,195.0,4,7,4.9020346924221,0
159,2214957485,230.0,313.858642887461,False,933.7578751591698,10.0,3,0,0.5295681316960943,0
127,275424,630.0,676.0367597267867,False,2835.192988565631,155.0,4,1,2.620762987683549,0
279,21590614,705.0,705.2667086566328,False,2988.6502204473204,210.0,4,10,9.827847485813123,0
163,1497135177,515.0,573.1699653956622,False,2295.1423183272263,110.0,5,4,5.286878966787847,0
153,2833445980,505.0,526.5725097212102,False,2050.505676036353,135.0,4,3,2.16943441967155,0
110,6893923114,635.0,693.0205522064861,False,2924.3578990840524,145.0,8,26,29.109303266315134,0
272,25496815,840.0,738.3490733677988,True,3162.3326351809437,420.0,5,13,14.40341513245261,0
256,21665582,625.0,641.6604710888365,False,2654.7174732163917,625.0,4,57,63.793454353464135,0
53,1616122178,415.0,455.3379095606588,False,1676.5240251934588,95.0,1,7,6.776887457623264,0
211,255576,190.0,278.71208327375143,False,749.2384371871951,0.0,4,0,0.0,0
181,3085005064,400.0,455.67469078941815,False,1678.2921266444462,80.0,2,3,2.390707706628798,0
251,2440630566,570.0,597.9225070421448,False,2425.093161971261,150.0,3,6,7.624501491346135,0
143,25470694,80.0,193.34488767380273,False,301.0606602874642,0.0,1,0,0.0,0
201,25544115,480.0,505.59504892961706,False,1940.374006880489,180.0,7,6,7.138877509704006,0
248,1684410087,970.0,818.4955057461813,True,3583.1014051674506,410.0,4,8,6.553249490597678,0
150,8998120937,335.0,399.2536765347927,False,1382.0818018076616,55.0,4,1,3.702004685875866,0
206,25473300,810.0,771.6737441670111,True,3337.2871568768064,335.0,7,7,6.863475581990376,0
161,11456439398,1395.0,1058.9482452699901,True,4845.478287667449,1175.0,6,21,17.580728557997713,0
63,11751472416,855.0,731.8668427624903,True,3128.300924503073,355.0,1,4,4.950632941921558,0
9,6410407480,1145.0,966.3138601590862,True,4359.147765835198,465.0,10,20,22.659274090498716,0
258,2314788166,915.0,668.8902616833228,True,2797.6738738374456,630.0,7,6,4.130531537926316,0
29,25473371,360.0,441.9119941217783,False,1606.0379691393364,50.0,2,3,2.935724546033194,0
52,104315,455.0,504.44709661524104,False,1934.347257230016,100.0,1,11,12.893316977985481,1
1,14728072,890.0,788.8013393427292,True,3427.207031549328,420.0,13,12,13.777005485476193,0
48,108258,1175.0,923.2406510739213,True,4133.013418138086,590.0,6,12,12.089537866149554,0
83,1215418493,405.0,457.18606786680203,False,1686.2268563007106,80.0,4,3,4.394345211704167,0
227,526994269,165.0,259.64015500455145,False,649.1108137738948,0.0,0,0,0.0,0
135,109838,350.0,428.07972715357795,False,1533.418567556284,50.0,2,4,4.477951727372643,0
186,351771449,390.0,458.3713529100035,False,1692.4496027775187,65.0,1,3,3.5065110140861373,0
260,12959453,585.0,636.4707532980434,False,2627.4714548147285,135.0,6,22,23.362756298096812,0
182,11052055761,270.0,340.560427206658,False,1073.9422428349549,30.0,2,2,0.9387599957364892,0
203,534993866,545.0,556.4091858148988,False,2207.1482255282176,160.0,5,11,8.198653308556821,0
266,25507041,580.0,600.4434200186498,False,2438.327955097911,155.0,9,22,21.098215551671757,0
33,13250138,335.0,401.7801720804953,False,1395.3459034226003,50.0,2,3,2.46362970568703,0
90,25474676,535.0,575.6911748338397,False,2308.37866787766,130.0,2,5,4.427046270433117,0
16,25473284,630.0,570.1913181366413,True,2279.504420217367,430.0,4,11,13.705791487473572,0
245,6270734170,810.0,829.234903997208,False,3639.483245985341,225.0,6,5,5.586626818334627,0
228,6089552096,570.0,574.841927090316,False,2303.920117224157,165.0,5,2,5.150663784826585,0
274,21665911,455.0,500.22290063540686,False,1912.1702283358861,455.0,0,46,58.21377467695578,0
31,21665361,535.0,548.0670056290281,False,2163.351779552398,215.0,5,8,9.050427181792767,0
239,25613838,465.0,522.1045510951973,False,2027.0488932497854,95.0,3,1,5.644117617091255,0
254,21665582,240.0,313.64563198758975,False,932.6395679348464,240.0,7,30,33.05101721892878,0
100,2482696992,335.0,397.22915944533656,False,1371.4530870880167,335.0,1,27,43.12132738851421,4
113,8916277,630.0,678.5976736454004,False,2848.637786638352,150.0,6,4,8.186091236146789,0
230,21665361,470.0,469.067891896186,False,1748.6064324549766,145.0,3,16,14.900517983736268,0
32,5393414954,510.0,502.60502442073704,True,1924.6763782088692,510.0,3,50,64.08989975475644,0
257,14017207475,620.0,668.2880093138405,False,2794.5120488976636,150.0,2,7,6.997474939079061,0
140,107793,610.0,599.9058330661778,True,2435.505623597433,190.0,3,5,5.007616425192337,0
93,1782020193,830.0,839.6481432880141,False,3694.1527522620777,240.0,8,12,8.668096707538998,0
191,25503802,345.0,388.6373036609102,False,1326.345844219779,110.0,1,5,7.716053407504684,0
144,82710879,190.0,274.4573751789805,False,726.9012196896477,0.0,2,0,0.0,0
138,21665582,315.0,375.1730292328582,False,1255.6584034725054,315.0,1,47,69.78742951297208,9
27,10019788231,155.0,253.68821484168575,False,617.8631279188503,0.0,0,0,0.0,0
202,5568839679,820.0,763.9264027327977,True,3296.6136143471913,415.0,4,20,19.773850284311287,0
176,3887905014,680.0,666.6518561540734,True,2785.9222448088876,265.0,4,6,6.061771042597098,0
142,5560599869,415.0,481.30118660198053,False,1812.8312296603983,75.0,5,6,7.053982484511199,1
35,12354833,825.0,783.8670706245118,True,3401.3021207786865,275.0,4,37,42.432751220370754,0
213,11329900032,820.0,688.1077872082627,True,2898.565882843378,370.0,4,4,5.549818008533797,0
3,1106056863,730.0,717.193000572558,True,3051.2632530059295,225.0,2,0,0.19579059829059825,0
24,9512926,375.0,441.04701493798905,False,1601.4968284244424,65.0,3,2,1.4225183942211557,0
105,276071560,1080.0,817.4119301277651,True,3577.412633170766,715.0,9,2,4.571821139533702,0
283,25417428,490.0,550.2806242275528,False,2174.9732771946515,100.0,3,6,3.999265442938789,0
126,21665000,460.0,494.70909156446936,False,1883.2227307134658,145.0,3,7,10.237652382333051,0
101,108236,425.0,490.78141269740286,False,1862.602416661365,80.0,4,0,2.236145423428833,0
19,1611442272,960.0,859.6276216550538,True,3799.045013689033,370.0,10,12,9.034326111728747,0
178,9512924,215.0,305.37872866048303,False,889.238325467536,0.0,3,0,0.0,0
160,2947858564,825.0,766.4154458965791,True,3309.6810909570386,285.0,7,6,3.9783075524651195,0
218,25544130,455.0,516.2358654109061,False,1996.2382934072566,90.0,0,4,6.43757862875846,0
249,9791489,780.0,653.9562263612852,True,2719.270188396745,320.0,4,9,8.380753060044242,0
162,812004134,610.0,661.3655606487819,False,2758.169193406105,145.0,1,2,4.063902247123301,0
167,2191480791,480.0,529.3351581325195,False,2065.0095801957273,105.0,2,5,3.125068615644412,0
28,311422343,290.0,360.0477832763784,False,1176.2508622009868,35.0,1,1,0.943206935579548,0
30,452514276,445.0,510.14008375511315,False,1964.2354397143438,85.0,2,2,2.395156830499052,0
234,21665911,415.0,421.6045578524296,False,1499.4239287252556,415.0,0,62,73.06686194998744,2
180,1106056863,200.0,303.22284518596206,False,877.9199372263009,0.0,1,0,0.0,0
128,8972710892,880.0,736.5675057923504,True,3152.9794054098397,440.0,5,12,9.139086164018517,0
119,25475478,470.0,500.45350263705063,False,1913.380888844517,115.0,2,0,1.308006698822039,0
7,102041,850.0,823.5555455358644,True,3609.6666140632874,270.0,10,10,11.501885871168627,0
279,333650017,105.0,215.910495931423,False,419.5301036399707,0.0,0,0,0.0,0
71,6521923987,820.0,678.4946780058538,True,2848.0970595307317,490.0,5,4,10.006429363412023,0
121,25501328,350.0,422.5111778528912,False,1504.1836837276785,50.0,3,5,5.4386295458053455,0
108,2271434264,610.0,604.8515716570907,True,2461.470751199727,240.0,4,19,17.72571108467761,0
74,102031,235.0,328.9933655015268,False,1013.2151688830155,0.0,0,0,0.0,0
106,14017207475,560.0,591.415490723628,False,2390.9313262990463,150.0,4,8,8.946085512166933,0
265,2191588310,480.0,524.1010741606523,False,2037.5306393434234,110.0,2,12,11.134320661284162,0
6,7013554275,1515.0,959.2644701031012,True,4322.138468041265,1145.0,7,2,1.2447440708406117,0
245,4969460352,70.0,188.5884849805239,False,276.08954614775047,0.0,0,0,0.0,0
196,21704017,855.0,847.8340907841128,True,3737.128976616591,260.0,6,6,8.562308087462183,0
205,9760819194,220.0,310.49609170114974,False,916.1044814310362,0.0,1,0,0.0,0
285,2215490966,355.0,418.6607137467811,False,1483.9687471706004,60.0,0,4,3.8036041901705504,0
20,25544135,380.0,451.0505671590811,False,1654.0154775851743,60.0,2,1,0.9579043388625279,0
184,26652351,390.0,446.10223283344885,False,1628.0367223756075,80.0,7,4,3.186219468625624,0
145,27503587,945.0,808.0253412734569,True,3528.1330416856485,380.0,3,1,0.3296318754599672,0
274,25500807,85.0,198.39623043561198,False,327.5802097869628,0.0,0,0,0.0,0
10,1684410086,635.0,635.0936177500204,False,2620.2414931876074,190.0,4,5,5.419247084103972,0
199,2129184285,490.0,556.2161655031564,False,2206.13486889157,100.0,6,3,3.6721769989633177,0
276,4956890447,490.0,551.961513257386,False,2183.797944601275,100.0,3,6,4.95734327864875,0
38,21665006,320.0,374.0596064031445,False,1249.8129336165089,65.0,2,3,2.6773800660795963,0
211,25500758,140.0,247.1414046454972,False,583.4923743888605,0.0,0,0,0.0,0
136,25473287,825.0,638.4510646551277,True,2637.86808943942,575.0,2,15,16.255012477219438,0
271,21665585,375.0,409.02776423824787,False,1433.3957622508008,85.0,1,2,6.216460079254581,0
273,289996665,905.0,752.3858661040814,True,3236.0257970464245,375.0,4,12,10.416844636400956,0
164,10983187054,895.0,736.9804953153283,True,3155.147600405472,415.0,4,7,8.670473732691333,0
146,358992920,620.0,668.8650956279009,False,2797.5417520464785,150.0,4,6,9.109399331193762,0
91,25476041,405.0,476.59443652966115,False,1788.1207917807205,70.0,5,2,2.35260406272595,0
62,7959928587,1065.0,993.3078294299905,True,4500.866104507449,365.0,7,7,5.7517415746611205,0
17,1612319349,690.0,734.2281359855294,False,3140.6977139240294,175.0,5,8,5.456826820559545,0
68,21392084,770.0,619.2570490672433,True,2537.0995076030304,550.0,5,2,1.2279778554778555,0
263,1607738730,325.0,399.35627918685555,False,1382.6204657309913,45.0,3,6,3.804172065814994,0
73,107806,750.0,698.2136557297264,True,2951.621692581063,300.0,7,4,5.05417891777226,0
82,3892184068,900.0,687.3433087112535,True,2894.55237073408,515.0,7,1,0.6931305669630987,0
25,107833,790.0,649.0232734060164,True,2693.3721853815878,480.0,3,20,10.039085236641549,0
115,2191480791,745.0,703.5197707993619,True,2979.4787966966483,320.0,6,18,17.39075084872585,0
195,489796745,675.0,710.1173146869086,False,3014.1159021062695,175.0,8,6,7.138363300369784,0
8,25533613,205.0,297.9523374720626,False,850.2497717283283,0.0,0,0,0.0,0
85,1502785422,870.0,866.9589865567127,False,3837.53467942274,260.0,11,13,15.586964019540568,0
109,25544143,755.0,625.2400908025139,True,2568.5104767132,495.0,7,11,10.105012252426507,0
110,2480891600,180.0,273.3210246520552,False,720.9353794232895,0.0,5,0,0.0,0
292,26699545,615.0,619.7000625627501,False,2539.425328454438,180.0,3,8,5.231123760215025,0
141,3455988435,545.0,568.523348361918,False,2270.7475789000696,170.0,1,2,1.8622807675150583,0
114,9167793401,800.0,645.6666057299362,True,2675.749680082165,455.0,3,13,9.733607754192214,0
198,8784071418,735.0,752.1384490134525,False,3234.726857320626,205.0,4,9,8.658991179896207,0
281,8972731452,310.0,393.4461190515864,False,1351.592125020828,30.0,2,1,0.8381390444149863,0
44,25473371,830.0,844.8971001146485,False,3721.7097756019057,235.0,7,3,5.109551791238565,0
152,107793,520.0,541.9416783714005,False,2131.1938114498525,140.0,4,4,5.589471902517487,0
124,2191480791,600.0,611.8234807789072,False,2498.073274089263,170.0,0,7,10.110237309167653,0
99,1614846702,635.0,682.5687593405771,False,2869.4859865380295,155.0,4,15,12.10337458750366,0
235,6065422037,875.0,671.6008604440469,True,2811.9045173312466,615.0,5,11,16.09413416733152,0
111,8916277,620.0,659.346445878296,False,2747.568840861052,155.0,5,9,6.638811752981797,0
275,1684410087,510.0,536.6613196742633,False,2103.4719282898823,165.0,5,16,14.862780796935494,0
134,2214979349,275.0,360.3591485825818,False,1177.8855300585535,20.0,2,1,0.5335469210041429,0
219,26652119,360.0,423.9079350929252,False,1511.5166592378578,60.0,1,6,5.392856643023913,0
69,25474676,535.0,587.2464512832214,False,2369.043869236911,120.0,3,2,1.6584495887833393,0
172,3552338823,700.0,685.0172797402114,True,2882.3407186361123,290.0,6,3,4.144407478996882,0
177,435144778,710.0,740.3011551803272,False,3172.5810646967197,190.0,3,5,6.215534722248961,0
58,11866625772,645.0,673.7408832383121,False,2823.139637001139,170.0,5,19,24.295112779098936,0
137,2354994932,1380.0,1143.4367117991649,True,5289.042736945619,575.0,3,22,23.103093065364025,0
12,7684091168,270.0,356.96782485350684,False,1160.0810804809112,20.0,2,0,0.48999999999999994,0
36,9512926,575.0,611.511455529272,False,2496.4351415286797,145.0,5,5,6.143045947897432,0
45,11707733694,335.0,414.532109626736,False,1462.2935755403635,40.0,0,2,0.7818471667196726,0
212,6460816408,1240.0,1044.8551955005705,True,4771.489776377994,505.0,9,19,25.05995895743469,0
232,5925666943,840.0,823.6339844136179,True,3610.078418171492,305.0,11,11,12.066044937270577,0
166,5932856688,695.0,573.497514027714,True,2296.8619486454977,370.0,1,7,8.617535412881455,0
175,603756849,500.0,549.9729760789394,False,2173.358124414431,115.0,8,0,2.1469456176119737,0
122,25257810,770.0,797.8979556783748,False,3474.964267311467,210.0,10,8,8.723075729325076,0
262,25544131,630.0,626.230096846753,False,2573.708008445452,220.0,1,3,2.8094097237539866,0
95,6356649633,900.0,837.319630555997,True,3681.928060418984,395.0,7,22,18.560075792837118,0
247,25256289,525.0,568.9167743539098,False,2272.813065358026,125.0,4,5,4.633311628747543,0
193,1502785422,655.0,684.7264736523628,False,2880.8139866749048,175.0,5,6,7.213735523919887,0
65,21665716,275.0,362.5734882545775,False,1189.5108133365318,20.0,3,0,0.31523004084174105,0
94,4993728408,895.0,697.945468045054,True,2950.2137072365363,550.0,1,3,2.266929344890541,0
108,110095,130.0,240.76000453199205,False,549.9900237929583,0.0,2,0,0.0,0
204,12422012434,855.0,704.4414669974426,True,2984.3177017365747,500.0,6,15,10.410133613861985,0
161,12547908624,230.0,324.21743350935003,False,988.1415259240878,0.0,3,0,0.0,0
22,4956890447,595.0,620.2844586829597,False,2542.493408085537,160.0,3,9,10.775498162427454,0
272,26699545,250.0,325.8104697401161,False,996.5049661356096,20.0,1,1,1.8066210443558914,0
252,350621322,365.0,428.13979872047275,False,1533.733943282482,65.0,2,1,2.136215702773081,0
236,25507341,895.0,892.9637436831217,False,3974.0596543363868,265.0,6,8,7.205344680406062,0
226,4784457212,675.0,709.6586224115089,False,3011.7077676604213,175.0,4,0,3.8133569607381843,0
233,3442281746,310.0,395.7014667625873,False,1363.4327005035832,30.0,3,2,2.3553978439583267,0
253,5932856691,480.0,535.549495907319,False,2097.6348535134257,105.0,4,9,8.674345156755212,0
277,9178184325,695.0,739.4667502726974,False,3168.200438931661,175.0,5,5,7.552403229114341,0
110,107319,75.0,188.8490272043283,False,277.45739282272353,0.0,1,0,0.0,0
293,9791495,790.0,780.9957357078871,True,3386.227612466408,240.0,5,9,6.9732944499473914,0
169,25507334,485.0,539.456478080956,False,2118.1465099250195,105.0,4,3,1.9588704374484733,0
250,291924584,935.0,943.3248191314899,False,4238.45530044032,270.0,5,9,9.493114772472019,0
167,25473556,170.0,273.536017134927,False,722.0640899583664,0.0,0,0,0.0,0
136,4457798822,115.0,225.39150456910048,False,469.3053989877773,0.0,0,0,0.0,0
211,25375812,120.0,232.78069207024706,False,508.0986333687971,0.0,0,0,0.0,0
207,4580163090,565.0,577.5828423189964,False,2318.309922174731,160.0,2,0,1.780748928330441,0
15,14069254031,940.0,940.9139783792169,False,4225.798386490888,280.0,4,12,9.909658952228753,0
206,281454988,260.0,346.5161300487486,False,1105.2096827559292,15.0,3,1,0.819804878455172,0
54,1614926348,605.0,626.7677321728365,False,2576.530593907392,170.0,6,3,2.9491040273326137,0
147,107793,830.0,635.3783468529475,True,2621.7363209779724,565.0,5,17,15.950513456077804,0
71,25473285,175.0,277.42292750622676,False,742.4703694076904,0.0,2,0,0.0,0
241,1667203491,620.0,651.9188270859871,False,2708.5738422014324,160.0,6,7,4.513426131569263,0
200,25531001,710.0,623.6380165137704,True,2560.0995866972953,390.0,7,12,10.259625572438464,0
280,21665367,465.0,492.6443916545355,False,1872.3830561863115,165.0,2,2,3.4072882266455173,0
174,108899,500.0,510.45601424040296,False,1965.8940747621164,160.0,5,3,4.735678514098016,0
14,11309776203,380.0,447.6441427474052,False,1636.1317494238772,65.0,3,3,2.6808706170411716,0
221,10544188931,660.0,672.9551816565795,False,2819.014703697042,660.0,7,56,66.8917189705455,0
48,26652119,265.0,353.0181468384081,False,1139.3452709016426,15.0,2,3,4.584518204749132,0
13,26671730,740.0,686.096869616867,True,2888.00856548855,345.0,8,4,5.025346415595474,0
46,14017207475,550.0,595.1865844500057,False,2410.729568362531,130.0,2,6,6.629637734310737,0
216,5453319326,710.0,629.2595184795082,True,2589.6124720174175,275.0,9,12,11.124178883196041,0
224,383974166,360.0,426.27825539592334,False,1523.9608408285972,60.0,1,0,1.2081265224168463,0
291,2047806084,520.0,543.9596816077793,False,2141.7883284408417,135.0,7,4,3.9434640942092396,0
116,107793,850.0,662.5812562339098,True,2764.551595228026,560.0,6,27,15.242569000268356,0
255,1938580083,625.0,568.75890137931,True,2271.9842322413774,280.0,3,9,8.32164182841293,0
209,12346819547,645.0,697.2139902809336,False,2946.3734489749004,155.0,2,10,7.057411058060019,0
210,25496780,600.0,646.4530651272044,False,2679.878591917822,145.0,3,13,20.907395899318587,0
70,25476020,615.0,658.345968098594,False,2742.316332517619,150.0,8,2,3.074941846670951,0
78,25471098,345.0,425.78988188818823,False,1521.3968799129875,45.0,2,2,3.689864006259177,0
67,25502545,500.0,527.1168652502735,False,2053.363542563935,130.0,5,6,4.907180386732042,0
4,9512908,475.0,399.04425814084505,True,1380.9823552394364,325.0,2,7,7.5811045707910765,0
2,25256273,535.0,593.9109053529904,False,2404.0322531031998,115.0,7,3,2.9268227718189026,0
97,25471086,510.0,562.7087925161403,False,2240.221160709737,115.0,3,2,2.622459896099379,0
123,21665000,335.0,401.32955622521143,False,1392.9801701823599,50.0,0,3,3.546722333704731,0
235,9791156,130.0,235.56323143303803,False,522.7069650234498,0.0,0,0,0.0,0
43,2131643980,505.0,561.9480614885814,False,2236.227322815051,110.0,4,0,1.4122857645179863,0
296,11747638084,705.0,668.2081101557106,True,2794.0925783174794,235.0,4,16,9.000602999672967,0
215,5932856691,485.0,524.9423764498359,False,2041.9474763616388,115.0,4,3,5.185311491052078,0
125,25496592,370.0,429.68263621733536,False,1541.833840141011,65.0,4,3,3.2606668752617076,0
288,333650017,565.0,585.7979960498445,False,2361.439479261684,180.0,2,6,6.369517892573291,0
130,25257309,530.0,590.5152697642758,False,2386.205166262448,115.0,5,13,15.589106399618629,0
151,21590631,765.0,622.9259471396164,True,2556.3612224829844,550.0,3,13,13.013702203162673,0
133,25533578,590.0,539.6199870819669,True,2119.0049321803263,260.0,2,4,3.618977354788357,0
188,454368529,530.0,586.5260852600226,False,2365.261947615118,115.0,5,5,3.33968647605681,0
296,25473371,10.0,140.99667463330462,False,26.23254182484926,0.0,0,0,0.0,0
60,1938580083,670.0,698.2909000032312,False,2952.027225016964,185.0,7,1,4.956731108594789,0
102,104302,410.0,483.5337385009316,False,1824.5521271298917,70.0,2,2,1.3416074872615058,0
112,12957883928,765.0,771.3390197606396,False,3335.529853743359,225.0,3,2,5.983970673628184,0
135,5925666943,320.0,398.7475327684765,False,1379.4245470345008,40.0,2,0,1.618112183615674,0
185,25500900,595.0,626.5793935166344,False,2575.54181596233,155.0,5,3,2.3201546995516567,0
268,1938580083,495.0,539.5280520437287,False,2118.5222732295756,115.0,3,3,5.0937189877863,0
159,2833445980,355.0,416.0280995306419,False,1470.1475225358688,60.0,4,3,3.495172231925255,0
62,812264838,185.0,269.52163270986614,False,700.9885717267972,0.0,2,0,0.0,0
55,25476020,695.0,700.6236312331098,False,2964.274063973826,200.0,7,0,0.36749999999999994,0
178,3933844368,265.0,338.779124258436,False,1064.5904023567894,25.0,3,0,1.678996227403321,0
229,101995,370.0,423.72115324892314,False,1510.5360545568471,70.0,4,3,2.646282838817501,0
187,489796745,1035.0,830.2669234429613,True,3644.901348075549,530.0,6,4,6.009729318865007,0
107,25257793,590.0,644.0028974452791,False,2667.015211587715,135.0,3,2,3.225639633303939,0
237,1619316041,1285.0,1092.1335241042407,True,5019.701001547265,535.0,13,14,8.299391626931234,0
208,9512935,460.0,485.62179708945825,False,1835.5144347196551,155.0,5,12,8.682760357741286,0
129,9521006,965.0,852.4813836809623,True,3761.5272643250505,385.0,11,1,5.448135608251103,0
214,2586635284,930.0,877.4955837228808,True,3892.851814545123,315.0,8,10,12.169591592461234,0
232,534993866,150.0,249.11751334845394,False,593.866945079383,0.0,1,0,0.0,0
162,25377989,280.0,361.52991428764756,False,1184.032050010149,25.0,1,0,0.0,0
244,25257402,540.0,575.1069780943429,False,2305.311634995299,135.0,4,8,8.523733400295106,0
86,8752950709,945.0,846.6104507262535,True,3730.7048663128307,380.0,8,5,5.757499999999995,0
217,27503587,1285.0,1038.2552455992513,True,4736.840039396069,555.0,9,5,5.255695936033848,0
286,1938580083,675.0,642.4427014952439,True,2658.8241828500295,225.0,5,4,5.61208115151282,0
84,3455988435,815.0,783.5882271333762,True,3399.8381924502237,265.0,5,13,16.545742219465307,0
5,10544188931,710.0,693.5080609032531,True,2926.9173197420782,710.0,5,76,85.57180547904815,0
259,25498827,515.0,570.6822894507866,False,2282.0820196166296,115.0,2,15,19.557514972727862,3
76,4301399715,795.0,760.3042934106101,True,3277.597540405703,305.0,7,9,19.73290678301946,5
71,25505558,110.0,221.05312419139543,False,446.5289020048258,0.0,0,0,0.0,0
295,21554368,600.0,504.2157633929814,True,1933.1327578131522,305.0,3,7,7.496293962599419,0
154,9789819,840.0,811.8423565543217,True,3548.1723719101888,320.0,9,9,8.62584824556033,0
240,3733175891,530.0,585.7917890075179,False,2361.4068922894676,530.0,6,36,40.09344844969539,0
40,107319,500.0,537.8263640057421,False,2109.5884110301477,120.0,4,1,3.8567618067575875,0
3,21665926,320.0,368.5786787578829,False,1221.0380634788853,100.0,4,7,10.006503491061144,0
11,108070,705.0,733.280235120033,False,3135.7212343801716,190.0,7,8,7.14342116797573,0
31,526994269,355.0,430.06026131330094,False,1543.8163718948304,50.0,3,4,3.581347320456067,0
238,452168032,1105.0,827.5323664779985,True,3630.5449240094877,595.0,2,0,0.21851406721694544,0
1,333722500,385.0,458.39208410136627,False,1692.558441532172,60.0,4,0,1.713047029390041,0
56,10559192943,800.0,809.1434326872179,False,3534.0030216078962,230.0,11,22,18.682867540801112,0
89,25471371,695.0,710.9565042542971,False,3018.52164733506,195.0,4,17,15.002541458430672,0
248,2441998875,410.0,413.31457223113796,False,1455.9015042134736,135.0,0,6,5.378594536217222,0
179,25476020,905.0,880.4277095486109,True,3908.2454751302053,325.0,6,1,4.552677873034797,0
264,25495442,680.0,695.67805218555,False,2938.309773974137,190.0,7,1,2.6796517768982935,0
163,9513010,435.0,451.0620768450921,False,1654.0759034367338,115.0,3,1,1.5004398006561432,0
228,11707733696,380.0,452.1823789200391,False,1659.957489330205,60.0,2,10,13.62517364997143,0
170,25472589,560.0,606.8791032281299,False,2472.1152919476817,135.0,5,9,9.095119643601778,0
61,1493458889,930.0,817.2682687944093,True,3576.6584111706484,415.0,9,13,11.721648327351465,0
19,2946815216,350.0,396.7073701670889,False,1368.7136933772165,70.0,2,3,2.855455063839789,0
294,5112906885,655.0,671.223469454585,False,2809.9232146365707,185.0,3,5,8.225802826523955,0
289,25257321,680.0,707.4934016035313,False,3000.3403584185376,180.0,5,7,9.329208532574958,0
183,2191588310,635.0,647.0663838504747,False,2683.098515214993,180.0,3,11,11.17751253813662,0
246,452486137,670.0,688.2332922208229,False,2899.2247841593207,185.0,2,13,11.97479887696121,0
118,25473286,625.0,559.6739129506537,True,2224.288042990935,245.0,4,4,6.705642635023972,0
225,452169167,1245.0,1047.2869771072963,True,4784.256629813305,510.0,4,25,26.974480987115403,0
81,1685938740,495.0,562.7679009823923,False,2240.53148015756,100.0,3,7,3.2862552143481842,0
6,25378119,330.0,411.7096406694428,False,1447.4756135145751,40.0,1,0,1.0871770107806775,0
181,25378119,445.0,522.3173306686289,False,2028.1659860103007,75.0,7,2,0.7534087656345665,0
166,25496592,225.0,321.8812774933683,False,975.8767068401837,0.0,2,0,0.0,0
55,2586614735,100.0,214.4570538780361,False,411.89953285968943,0.0,0,0,0.0,0
282,4969460352,785.0,800.5303292073139,False,3488.784228338396,220.0,10,12,14.519420715445422,0
221,1694551549,160.0,260.8311293466326,False,655.3634290698214,0.0,3,0,0.0,0
143,12346819547,460.0,520.808903941566,False,2020.246745693221,95.0,3,10,12.348180304533653,0
148,14064596841,615.0,631.4673519068451,False,2601.2035975109366,170.0,6,1,5.277377199485193,0
153,9791495,465.0,528.795412693994,False,2062.1759166434686,90.0,1,1,2.205,0
230,10676305902,410.0,482.3004230839137,False,1818.0772211905467,70.0,3,4,3.006729294454163,0
249,6342450111,380.0,445.90151568064744,False,1626.9829573233988,65.0,5,4,3.0171246089092723,0
92,2191588310,575.0,616.3109405756477,False,2521.63243802215,140.0,7,5,5.521963145289734,0
144,5266874223,405.0,441.19001485956505,False,1602.2475780127156,95.0,3,3,2.9646128398377263,0
207,110004,200.0,300.7862250464592,False,865.1276814939107,0.0,1,0,0.0,0
287,25377988,790.0,813.8804694154591,False,3558.872464431158,220.0,7,16,11.518409795368319,0
220,21651908,1095.0,1003.2768188989867,True,4553.203299219679,450.0,9,15,15.660812587157066,0
100,273194,425.0,476.107832786968,False,1785.5661221315816,90.0,2,8,6.6938288569851485,0
260,82710881,455.0,512.3043936582889,False,1975.5980667060155,95.0,2,2,1.6556609772591793,0
23,10559192943,625.0,647.9035843701857,False,2687.4938179434757,170.0,4,6,9.43484453530744,0
82,2271434264,315.0,390.07951861343116,False,1333.9174727205132,40.0,0,7,11.186283515162115,2
196,25502829,365.0,439.2142493882729,False,1591.8748092884332,55.0,6,3,2.6390643752427674,0
111,1614846678,290.0,359.9431025762827,False,1175.701288525484,35.0,3,5,4.137773863013657,0
59,1166056970,950.0,773.3379600672488,True,3346.024290353058,405.0,4,0,0.0,0
38,12689154,345.0,418.6172266402539,False,1483.7404398613326,50.0,2,1,1.2249999999999999,0
49,9398115367,615.0,639.2656730871781,False,2642.144783707685,165.0,4,2,4.1969395391642506,0
149,1678452820,695.0,697.7651202792504,False,2949.2668814660633,205.0,3,6,5.428130940081883,0
243,9791156,600.0,622.3148966348981,False,2553.153207333215,160.0,2,3,2.6160441751479575,0
176,25257284,430.0,494.365929570158,False,1881.4211302433284,80.0,1,1,1.9326839380620147,0
132,25256256,655.0,663.113020727882,False,2767.3433588213807,190.0,2,17,20.42615473602802,0
224,25533578,200.0,295.8996805694277,False,839.4733229894953,0.0,1,0,0.0,0
152,108216,315.0,392.49848163137267,False,1346.6170285647072,40.0,4,3,1.3352697935986142,0
34,107318,580.0,527.5112761966305,True,2055.43420003231,210.0,4,5,8.015943632998871,0
35,9791495,440.0,498.78579523562917,False,1904.625424987054,90.0,3,3,3.358942118706182,0
204,108895,275.0,361.9737194400197,False,1186.3620270601032,20.0,2,0,0.8437371893671479,0
252,9512930,265.0,322.5744961738628,False,979.5161049127796,50.0,1,1,3.541378035265131,0
50,107809,565.0,602.4958900442625,False,2449.1034227323776,140.0,4,9,7.799587006401579,0
66,11747638084,935.0,826.0332882192808,True,3622.6747631512244,355.0,4,5,9.190571290814525,0
234,9046520718,420.0,487.91399048301696,False,1847.5484500358402,75.0,6,2,2.0938198185369923,0
105,1667203511,445.0,459.60153683249973,False,1698.9080683706236,130.0,0,7,7.406514098351812,0
13,5932875003,225.0,316.45905427307366,False,947.4100349336363,0.0,4,0,0.0,0
27,12959453,455.0,513.9228023912965,False,1984.0947125543057,95.0,0,3,2.698031057428838,0
37,108258,590.0,595.8595568846308,False,2414.2626736443126,170.0,8,1,3.4958011729165746,0
269,25472874,665.0,689.8620966020823,False,2907.776007160932,180.0,4,15,8.651213038543121,0
36,273194,300.0,378.7623824073018,False,1274.502507638334,30.0,1,2,0.9978416078965722,0
186,25501773,495.0,542.2908007115228,False,2133.026703735495,115.0,1,1,1.6515026879618167,0
203,25473300,495.0,500.9696385833593,False,1916.0906025626364,200.0,5,4,5.613063185008824,0
155,108305,620.0,650.5157049582613,False,2701.2074510308707,160.0,5,11,7.777980296527211,0
77,1678452766,940.0,917.7294093026867,True,4104.079398839108,305.0,10,12,12.146776660669833,0
137,102003,315.0,385.96324710811973,False,1312.3070473176283,40.0,0,0,2.065627416943627,0
126,25502540,450.0,501.6209987272746,False,1919.5102433181914,110.0,3,16,19.077670744212337,1
242,500486430,705.0,576.5070644847465,True,2312.662088544919,370.0,6,7,9.853758079924997,0
194,108899,675.0,711.6455868162981,False,3022.139330785564,175.0,6,10,8.096752998282811,0
164,108060,375.0,448.8891401598189,False,1642.66798583905,60.0,2,0,1.519768643156617,0
10,2215490963,395.0,446.42044811341134,False,1629.7073525954095,80.0,3,2,2.029654469970129,0
272,677445939,280.0,364.5172370665792,False,1199.7154945995405,20.0,3,2,0.8820883533728855,0
165,107793,715.0,728.4784447090282,False,3110.511834722398,205.0,3,5,5.5404694005256205,0
75,21665006,560.0,587.3986823643658,False,2369.843082412921,145.0,3,5,3.435375280133421,0
190,2833445980,655.0,662.7798413842985,False,2765.594167267565,190.0,1,2,2.4134409012502447,0
168,4580163090,635.0,677.0132185886666,False,2840.3193975904996,160.0,9,3,3.0441407113912025,0
39,452236138,930.0,918.888378873917,True,4110.163989088064,285.0,11,12,13.891441528808274,0
200,25501320,275.0,359.5086044791887,False,1173.420173515741,25.0,3,0,1.0277547831955107,0
212,25475387,335.0,399.2846886439304,False,1382.2446153806347,55.0,4,1,2.713407791671264,0
121,1166056970,455.0,500.2639694551852,False,1912.385839639722,100.0,1,5,6.382734528816084,0
24,4397152730,475.0,516.955755731585,False,2000.0177175908223,110.0,2,5,3.3000757924838426,0
133,11618689213,220.0,313.5399490206709,False,932.0847323585223,0.0,1,0,0.0,0
268,21665926,215.0,307.076236234942,False,898.1502402334453,0.0,0,0,0.0,0
169,25544138,300.0,382.40485898784766,False,1293.6255096862,30.0,3,0,0.49235543083241495,0
79,881887811,860.0,867.9519831840303,False,3842.747911716159,250.0,7,9,9.646902906546275,0
142,26559371,500.0,551.471314225807,False,2181.2243996854872,110.0,5,4,5.885804264348891,0
19,3552338823,135.0,240.50660945774268,False,548.6596996531489,0.0,0,0,0.0,0
130,10574749,235.0,325.26403118442676,False,993.6361637182405,5.0,1,0,0.2538351192645897,0
157,9791495,650.0,656.270528108634,False,2731.420272570329,190.0,12,7,7.915207730623022,0
113,9791503,525.0,560.1519256292673,False,2226.797609553653,130.0,3,21,34.11343928193978,9
93,5247841988,515.0,578.2018543551243,False,2321.5597353644025,110.0,7,5,4.891803847137455,0
205,6179954005,450.0,500.60906589837924,False,1914.1975959664917,100.0,1,15,17.729647112136604,0
135,25257044,225.0,309.12221741058494,False,908.8916414055708,5.0,1,1,1.0073775553007163,0
182,12346819547,545.0,577.8545479371909,False,2319.736376670252,140.0,2,7,8.39657504103242,0
71,4215728338,180.0,277.48394513190607,False,742.790711942507,0.0,1,0,0.0,0
261,9521033,860.0,802.4215217984355,True,3498.7129894417853,350.0,5,11,8.327978169018973,0
47,4969460352,840.0,812.7362481101914,True,3552.865302578505,270.0,6,9,9.042043851402402,0
184,701608618,445.0,498.53404473060647,False,1903.3037348356845,95.0,5,3,6.7720776002960035,0
293,25472589,320.0,387.9186087316566,False,1322.572695841197,45.0,0,0,0.731535993839566,0
111,21590631,90.0,205.5627862618882,False,365.204627874913,0.0,0,0,0.0,0
16,1666324249,540.0,572.7993788960085,False,2293.196739204046,135.0,2,4,5.597202978472417,0
274,1684410087,450.0,494.7003933862824,False,1883.1770652779833,100.0,3,2,2.6499377676480984,0
150,25533438,580.0,611.8436856231291,False,2498.1793495214274,150.0,4,7,5.4795066086191815,0
98,107349,1095.0,871.3934548822529,True,3860.815638131822,565.0,11,29,30.503176852992066,0
197,108306,740.0,751.6356381438086,False,3232.0871002549948,210.0,4,29,38.33134990637759,0
57,14064596841,820.0,842.1679861249373,False,3707.3819271559196,230.0,5,11,9.477365399115833,0
192,9521033,815.0,783.0184459761969,True,3396.846841375032,265.0,7,11,7.290045038362115,0
51,8916277,735.0,766.7548422089293,False,3311.4629215968775,195.0,6,10,8.861998873766069,0
109,9512926,420.0,480.2399843614436,False,1807.2599178975788,80.0,3,2,1.12079975867657,0
226,4307559861,340.0,415.57721170352363,False,1467.780361443499,45.0,6,0,1.5182170294700166,0
256,109852,605.0,653.4681421421492,False,2716.7077462462826,145.0,0,7,6.720835428599314,0
26,2441998875,620.0,499.32503274718766,True,1907.4564219227352,335.0,1,8,7.893300185325364,0
235,5404151677,275.0,365.77967407140477,False,1206.343288874875,15.0,2,1,0.44194105231462016,0
30,333650017,520.0,566.9762110045684,False,2262.625107773983,120.0,11,1,2.7677570013369417,0
240,27503587,215.0,310.59399932338147,False,916.6184964477522,0.0,1,0,0.0,0
53,26559368,620.0,625.2903306146475,False,2568.774235726898,180.0,5,5,4.447057717883831,0
173,8784101792,760.0,748.5157373525458,True,3215.7076211008643,235.0,5,13,11.858466524590042,0
17,1678452820,460.0,504.065751850316,False,1932.3451972141584,105.0,6,1,1.5807680140834512,0
73,500486430,460.0,497.3065799797358,False,1896.8595448936128,110.0,4,3,6.2195526629377005,0
223,5006063180,970.0,968.787654594627,False,4372.135186621795,290.0,7,4,3.8953042451534783,0
41,3567188665,740.0,774.6796154752992,False,3353.0679812453195,195.0,2,4,3.5516113130853184,0
12,1317156147,415.0,486.3354007067731,False,1839.2608537105589,70.0,4,0,1.784966275602261,0
69,25257284,430.0,479.8362549428046,False,1805.140338449724,90.0,3,7,7.208053378741582,0
18,3892184068,1070.0,1031.7390747714132,True,4702.630142549916,345.0,11,16,11.078398880054827,0
171,292252720,900.0,908.7524953501903,False,4056.9506005884987,260.0,13,8,8.853216294524382,0
154,821428,250.0,335.65391284140316,False,1048.183042417367,15.0,2,0,0.37409201466020114,0
45,108903,425.0,484.5512909852106,False,1829.894277672356,85.0,1,7,8.428958018865655,0
54,108304,365.0,443.48809597576184,False,1614.31250387275,50.0,5,2,1.2982896509525066,0
231,3485458226,1105.0,764.343393877066,True,3298.802817854597,780.0,5,1,3.2808800514336562,0
138,2450775063,585.0,569.3468495160963,True,2275.0709599595048,265.0,5,18,14.587664293334413,0
180,25473300,555.0,588.2552459185107,False,2374.340041072181,140.0,5,4,2.1194883636233617,0
85,109619,480.0,475.9119505407459,False,1784.5377403389166,210.0,3,6,5.911525088699822,0
170,370712148,215.0,308.42008565863057,False,905.2054497078107,0.0,0,0,0.0,0
21,9789823,705.0,721.8748440721574,False,3075.8429313788256,195.0,1,4,5.06116459213497,0
91,311153342,495.0,535.169213623565,False,2095.6383715237175,120.0,3,3,3.1676361434142897,0
75,806821396,115.0,224.13356779144772,False,462.7012309051006,0.0,0,0,0.0,0
290,2305803831,735.0,730.9276985789807,False,3123.37041753965,250.0,7,18,15.706297009735783,0
110,811961032,400.0,452.08669649769564,False,1659.4551566129016,80.0,0,2,2.733704037494648,0
193,9512924,425.0,456.8297248127635,False,1684.3560552670083,150.0,6,6,6.189904594821226,0
14,1684410086,370.0,449.63724052198563,False,1646.5955127404245,55.0,0,2,1.0378731887148835,0
103,4956890429,990.0,974.6962691642234,True,4403.155413112176,305.0,7,12,11.283616535723306,0
285,21665713,540.0,508.0467202985725,True,1953.2452815675051,355.0,3,11,11.530824942223195,0
267,25256620,980.0,937.1826742833755,True,4206.20903998772,320.0,11,10,4.2047601239112025,0
8,14017207475,500.0,531.0283313204084,False,2073.8987394321443,125.0,5,10,7.3379507879265375,0
289,4702603702,230.0,324.25827648706775,False,988.3559515571056,0.0,2,0,0.0,0
117,11747638084,935.0,886.8410290717871,True,3941.915402626881,345.0,6,6,7.373323311043518,0
159,108060,325.0,400.3281359680688,False,1387.7227138323608,40.0,2,2,1.9514518240159644,0
6,12689153,225.0,289.6221366818578,False,806.5162175797539,20.0,1,1,0.3535337545062375,0
156,26652351,710.0,717.0999607764638,False,3050.7747940764334,215.0,7,2,5.001848079591132,0
227,1678452766,655.0,683.202694823332,False,2872.8141478224925,175.0,9,10,7.114826530476315,0
96,2191480791,1085.0,950.8869316023522,True,4278.156390912349,420.0,8,9,6.579718844112345,0
147,8622639982,405.0,467.5775215483993,False,1740.7819881290968,75.0,3,2,2.5162155951114626,0
195,11582793599,515.0,572.7994630698906,False,2293.197181116925,110.0,5,2,2.9038652980758712,0
201,1678452766,680.0,697.4879440269292,False,2947.811706141378,190.0,6,3,2.7362336720693037,0
158,846861643,980.0,946.5690719491066,True,4255.48762773281,315.0,8,13,13.792513762152058,0
271,25472162,550.0,597.1674582021132,False,2421.1291555610937,130.0,5,3,2.9939502849126667,0
5,489796745,305.0,387.80030563166673,False,1321.9516045662494,30.0,2,0,0.6832882882882882,0
102,1694551549,350.0,424.2952917463047,False,1513.5502816681,50.0,3,2,1.578136818864056,0
131,25472633,815.0,836.7146323863753,False,3678.7518200284703,225.0,8,10,9.48850358911996,0
120,25501016,810.0,660.9556289052857,True,2756.017051752747,400.0,8,8,13.818736029877806,0
199,1678452742,565.0,512.7009126768273,True,1977.679791553344,230.0,8,7,6.782010168234031,0
280,11331184983,415.0,494.379536334342,False,1881.4925657552958,65.0,1,1,0.927552881948251,0
68,1614926339,545.0,577.1317889003942,False,2315.9418917270705,140.0,4,4,2.1077641443432125,0
210,6424675168,390.0,474.6558651700629,False,1777.9432921428308,55.0,4,1,1.3548840016222872,0
245,12198144,585.0,597.5259672310884,False,2423.0113279632155,165.0,3,14,21.63160930650179,0
222,25524243,880.0,894.5361638025363,False,3982.3148599633146,250.0,7,11,10.69960907493831,0
218,25532341,625.0,630.8287187099736,False,2597.850773227361,195.0,4,9,10.515459982885348,0
9,102020,700.0,748.212562249519,False,3214.1159518099735,175.0,8,5,6.7852713118281365,0
189,317930325,745.0,673.518344216257,True,2821.97130713535,330.0,5,13,17.77129069107019,0
100,5560599869,230.0,320.0566650818912,False,966.2974916799282,5.0,3,0,0.20720797973794308,0
62,742854915,360.0,436.37229067350427,False,1576.954526035898,50.0,5,4,4.599644004935679,0
42,4956890431,1120.0,1061.49507446042,True,4858.849140917203,375.0,15,16,15.911264008384542,0
4,2587253639,395.0,416.59245608749757,False,1473.110394459362,160.0,6,3,3.4170112521560534,0
23,742854915,235.0,314.6552808535022,False,937.9402244808866,10.0,3,0,0.1502544290349454,0
134,25257657,520.0,566.59979667129,False,2260.6489325242733,120.0,7,2,3.6332207550973803,0
33,4171766884,685.0,709.4339661135118,False,3010.5283220959386,185.0,6,8,6.3503411598522845,0
296,275424,380.0,451.0804697563724,False,1654.1724662209542,60.0,1,3,3.3890858713498964,0
167,107823,460.0,503.3953370903682,False,1928.8255197244332,105.0,5,4,3.064165981286662,0
150,9521033,140.0,245.44645648625198,False,574.5938965528227,0.0,1,0,0.0,0
76,30939237,340.0,409.52697773702334,False,1436.0166331193725,50.0,4,3,3.601290150453549,0
232,12689154,355.0,422.73233616992985,False,1505.3447648921322,55.0,5,0,1.3475,0
241,25544138,455.0,524.3647407476219,False,2038.9148889250157,85.0,5,5,5.2107873297244485,0
284,6424675168,1285.0,1168.9591982108893,True,5423.035790607165,465.0,7,7,6.1301754655329415,0
79,9295694734,175.0,273.2674498202557,False,720.6541115563423,0.0,3,0,0.0,0
173,2456267967,120.0,228.2006001916997,False,484.0531510064235,0.0,0,0,0.0,0
145,26652119,615.0,670.4394337459345,False,2805.807027166156,145.0,3,9,9.422315582958237,0
32,1614926320,695.0,715.4514041101284,False,3042.1198715781734,190.0,3,11,7.7008478498519,0
174,108045,470.0,520.2920428375646,False,2017.5332248972152,105.0,3,5,6.055868785549605,0
64,255562,835.0,805.7262151830805,True,3516.0626297111726,280.0,10,0,5.799014175643953,0
275,25498869,560.0,601.1055113319941,False,2441.8039344929693,135.0,4,12,15.584814751421442,0
187,5244680779,400.0,464.9361891033474,False,1726.9149927925737,70.0,6,4,1.5074706798491082,0
80,4301399715,870.0,818.0453996876716,True,3580.738348360278,295.0,10,3,3.5930334088260256,0
1,25522558,355.0,434.6487220255972,False,1567.9057906343853,50.0,4,3,2.229877534167557,0
254,6273263209,715.0,679.0802278816241,True,2851.1711963785265,320.0,6,16,12.148689924633752,0
278,265124948,975.0,909.2955858760688,True,4059.8018258493644,410.0,6,16,15.291005956755525,0
244,5487714091,395.0,427.6934184320155,False,1531.3904467680818,95.0,0,5,6.802460419656389,0
28,2587253639,685.0,711.334639072425,False,3020.506855130232,185.0,7,8,11.04077808242289,0
144,25502541,300.0,358.28881489074604,False,1167.0162781764163,45.0,2,2,3.543765110245166,0
161,25544136,530.0,538.1828161257729,False,2111.4597846603083,200.0,1,2,4.176200115957839,0
175,12957883928,550.0,542.0717016436223,True,2131.876433629018,220.0,3,15,14.455583864406199,0
191,14767049,715.0,697.5688337476962,True,2948.2363771754044,225.0,8,16,13.500886763561297,0
236,292252720,520.0,570.785723721179,False,2282.625049536189,120.0,8,12,17.03617502544096,2
209,25417428,475.0,522.9098522188541,False,2031.2767241489832,105.0,7,2,1.755830869399824,0
20,7639001106,655.0,540.7042702344488,True,2124.6974187308565,415.0,2,4,8.998570249528598,0
104,26374236,860.0,877.2318909774187,False,3891.467427631449,245.0,11,8,8.611301843653331,0
281,25476020,600.0,636.966866283176,False,2630.076047986675,150.0,1,13,14.589283572072194,0
268,1667203491,225.0,318.35561981430214,False,957.3670040250861,0.0,1,0,0.0,0
122,11863145,570.0,591.7346733028077,False,2392.607034839741,155.0,5,3,2.371562451718689,0
172,25476041,590.0,621.6781985030569,False,2549.8105421410505,150.0,5,2,3.8475606070253203,0
31,25375812,405.0,472.34171644539003,False,1765.794011338298,70.0,5,0,0.8471589943311554,0
101,107797,730.0,728.4487719395322,False,3110.3560526825454,220.0,3,5,5.798786506482876,0
12,107786,180.0,277.5412271466627,False,743.0914425199793,0.0,2,0,0.0,0
116,21665911,505.0,546.1389465491519,False,2153.2294693830477,505.0,3,63,69.43466931973421,0
61,7737133469,385.0,455.83371995869425,False,1679.1270297831443,65.0,3,5,3.0360102927032586,0
212,1685938740,260.0,350.5217343836845,False,1126.2391055143437,10.0,1,0,0.3741094078730161,0
87,9698077954,920.0,897.1070379151563,True,3995.811949054569,305.0,13,13,14.226445187149764,0
148,821559,355.0,391.1089994026003,False,1339.3222468636518,80.0,1,5,2.208854330780345,0
217,7223638134,435.0,489.6301816883672,False,1856.5584538639293,90.0,4,1,2.9954275516577042,0
160,3567188665,740.0,565.9828433653723,True,2257.4099276682045,565.0,2,2,2.869503546099291,0
7,21590614,720.0,596.0160000228774,True,2415.0840001201072,475.0,1,10,10.06133389778427,0
52,1619316041,810.0,841.5537219375833,False,3704.1570401723125,220.0,8,4,4.307523415752126,0
146,255576,665.0,605.6884123316721,True,2465.8641647412796,285.0,3,14,11.823403834160095,0
185,9446997076,480.0,541.9381145976377,False,2131.175101637598,100.0,3,11,16.161810700931795,3
245,881887811,120.0,224.31272795995974,False,463.64182178978865,0.0,0,0,0.0,0
162,9791152,455.0,517.5214230157263,False,2002.9874708325628,90.0,4,4,2.5937022022534255,0
220,107812,350.0,423.98844982832145,False,1511.9393615986876,50.0,5,2,1.1315677323943716,0
74,21665911,730.0,744.894536080929,False,3196.6963144248775,730.0,5,60,67.36863543018785,0
2,881889762,515.0,578.4595299749517,False,2322.9125323684957,110.0,5,7,6.949487607039905,0
213,25471089,765.0,750.2993312462675,True,3225.0714890429035,235.0,6,14,15.683928792332097,0
250,3531897238,580.0,623.9184649967904,False,2561.571941233149,140.0,4,4,2.80858639587363,0
92,9521022,380.0,432.67581339715565,False,1557.548020335067,75.0,3,7,6.543865801828892,0
265,107812,740.0,650.2126398506266,True,2699.6163592157914,365.0,2,5,4.736417773317836,0
199,107806,150.0,242.38861483505195,False,558.5402278840228,0.0,1,0,0.0,0
294,534993866,425.0,489.15559424623893,False,1854.066869792755,80.0,2,3,3.69083133217099,0
36,25496592,335.0,402.9626285107276,False,1401.5537996813198,50.0,0,1,1.2333809657410362,0
177,25532844,655.0,700.8207639070341,False,2965.309010511931,160.0,7,9,4.546832993646297,0
153,454373621,400.0,458.56059905425263,False,1693.443145034826,75.0,2,2,1.1879818404242886,0
192,13300220281,280.0,372.02345980935377,False,1239.1231639991079,15.0,3,0,0.6982659565228071,0
290,21665582,210.0,292.4918153188041,False,821.5820304237216,210.0,2,27,30.98174912793834,0
13,107809,355.0,417.8257569648006,False,1479.5852240652027,60.0,1,4,5.083754529278007,0
239,25476014,840.0,838.3895243308307,False,3687.5450027368584,250.0,2,7,7.033032420972396,0
262,5393414954,660.0,662.9892250600645,False,2766.693431565339,660.0,5,57,67.05674949725258,0
257,25533437,835.0,664.3262284926791,True,2773.7126995865633,520.0,3,19,13.745696119956751,0
238,9512935,485.0,520.6441852982167,False,2019.381972815638,145.0,7,6,3.7792675075837794,0
202,9512933,830.0,758.6296746854648,True,3268.8057920986876,345.0,2,17,13.024886429570893,0
279,109619,795.0,754.5065516657414,True,3247.1593962451407,315.0,8,7,9.564127657970845,0
234,820271,375.0,430.3712641934898,False,1545.4491370158214,70.0,4,14,23.173428592141338,5
215,21665911,570.0,592.6719689141759,False,2397.527836799423,570.0,3,60,64.04957015098886,0
105,25471089,375.0,443.6772243114656,False,1615.3054276351936,60.0,4,3,3.0142670866987213,0
251,25524248,900.0,889.5221625186565,True,3955.9913532229452,275.0,8,12,11.764592383127738,0
123,3567188665,580.0,640.0028874178151,False,2646.015158943529,130.0,4,2,2.574483341588765,0
152,317930344,395.0,464.47169001868974,False,1724.4763725981213,65.0,5,2,1.3082465487118886,0
196,6424675168,415.0,489.1008374490634,False,1853.7793966075835,70.0,4,2,2.139066693895301,0
114,25533613,720.0,661.0508332307837,True,2756.5168744616126,255.0,9,19,20.511876850250584,0
48,6173783039,615.0,645.5949070357939,False,2675.373261937919,160.0,6,2,3.6204194820378035,0
129,1667203548,545.0,572.7123094916582,False,2292.739624831205,140.0,2,9,7.4340347275204355,0
69,25524240,275.0,365.8874945656304,False,1206.9093464695593,15.0,1,0,0.42033175041778814,0
125,25306041,585.0,617.2993218141484,False,2526.8214395242785,150.0,4,10,10.820711762708905,0
292,2941537163,740.0,750.3658182767347,False,3225.4205459528553,210.0,6,7,8.026958702798888,0
45,266481785,275.0,352.03446956051437,False,1134.1809651927003,25.0,1,0,1.4302547814184259,0
96,255576,245.0,319.2117568624444,False,961.8617235278331,65.0,0,7,8.309558957252342,0
107,1700140657,560.0,604.4490456633424,False,2459.357489732548,135.0,3,6,4.3729936043486575,0
188,5458472046,580.0,602.3315348567402,False,2448.240557997887,155.0,2,12,10.80176700745404,0
283,311153342,850.0,836.4488091614596,True,3677.356248097664,310.0,6,8,9.867005026186154,0
276,1106056866,785.0,785.8180917374016,False,3411.5449816213572,230.0,8,9,8.310520988978642,0
38,7787603288,435.0,503.42693326359415,False,1928.9913996338678,80.0,3,0,2.3814393343428155,0
183,9791152,490.0,529.8740888954381,False,2067.8389667010506,115.0,5,1,1.754482407773083,0
95,25544143,700.0,562.9704828827192,True,2241.5950351342753,440.0,3,10,11.690215908870133,0
255,295907939,620.0,662.0815114977786,False,2761.927935363337,155.0,5,4,5.472404171362405,0
115,9775220678,760.0,790.337294785511,False,3435.270797623932,205.0,6,5,5.542655308630569,0
11,27503587,530.0,592.485323788337,False,2396.547949888768,115.0,4,8,9.28865099553433,0
111,1614846692,350.0,412.9966458101721,False,1454.2323905034038,60.0,1,1,0.9070373851152104,0
90,9778345904,895.0,745.3775802388359,True,3199.232296253884,370.0,4,6,8.423215706549872,0
170,2440630566,285.0,365.127614424496,False,1202.9199757286037,25.0,0,0,0.12446158196164075,0
41,25473373,315.0,385.3287694956698,False,1308.9760398522665,45.0,3,3,2.1585666081479014,0
84,25626801,555.0,576.5400403062375,False,2312.835211607748,150.0,3,18,27.87033790376677,6
99,9178184328,750.0,720.1099591519161,True,3066.577285547561,245.0,4,27,35.803236040297385,5
200,25472806,390.0,439.94942892153654,False,1595.7345018380656,80.0,3,9,5.78234983084648,0
235,6173783039,340.0,407.20380930624077,False,1423.8199988577635,50.0,3,1,0.37392113628719953,0
141,1835289526,765.0,738.1233258454023,True,3161.1474606883594,300.0,15,4,6.61152788082846,0
242,21665583,415.0,476.98173233317686,False,1790.1540947491778,415.0,3,27,34.88017592128893,3
274,1678452807,360.0,431.3000792916139,False,1550.3254162809737,55.0,3,1,1.4324527305870536,0
263,1232048350,795.0,570.8164375352661,True,2282.7862970601464,495.0,3,1,0.6124999999999999,0
133,26591530,390.0,442.68218282743277,False,1610.081459844023,80.0,2,2,6.158620119740057,0
8,1667203491,280.0,374.12484620367826,False,1250.1554425693105,15.0,1,2,0.578382904819459,0
178,9512926,605.0,641.1494056602997,False,2652.0343797165738,155.0,6,3,4.338644988670256,0
219,108304,755.0,773.2125432406657,False,3345.365852013496,210.0,3,31,37.47315118592917,0
112,25473408,610.0,654.8932635541341,False,2724.1896336592017,150.0,5,8,6.221087619457024,0
164,102020,420.0,494.42512694814206,False,1881.7319164777455,70.0,3,5,2.2760443382326185,0
65,351788581,725.0,687.7672421377235,True,2896.7780212230477,240.0,6,11,12.01042647854359,0
249,25530236,485.0,535.4043297726532,False,2096.8727313064296,110.0,4,1,2.911855029513512,0
17,25257043,335.0,404.94917572949834,False,1411.9831725798656,50.0,2,3,2.7246453817453515,0
270,25495513,1060.0,886.8397751405336,True,3941.9088194878027,435.0,8,8,9.89487536032302,0
246,10264011826,530.0,534.5387838918347,False,2092.328615432131,155.0,6,26,33.78499386897593,0
18,452236138,330.0,417.01784509028204,False,1475.3436867239811,35.0,2,1,0.8772440708406117,0
119,2129184285,875.0,715.0200043328572,True,3039.8550227474984,370.0,5,10,9.01801212004404,0
187,10574746,210.0,303.15318821175686,False,877.5542381117233,0.0,2,0,0.0,0
105,107324,70.0,186.47704932758043,False,265.00450896979737,0.0,0,0,0.0,0
181,21665582,530.0,529.6884069458571,False,2066.864136465749,530.0,6,25,30.647087437904208,0
295,108258,590.0,646.8872348470436,False,2682.1579829469815,135.0,3,5,3.555444861555474,0
230,25257810,515.0,577.4594629543843,False,2317.662180510518,110.0,1,6,3.6934411537288145,0
29,25257309,970.0,800.3098139491756,True,3487.6265232331707,405.0,5,13,9.455294405610841,0
135,9791495,410.0,457.8887680061126,False,1689.9160320320918,90.0,1,3,3.5743780871116995,0
140,25257304,935.0,921.903671656501,True,4125.99427619663,295.0,12,6,5.9981079877475,0
291,351771449,685.0,625.8133429273344,True,2571.5200503685055,340.0,6,12,18.022796163021855,0
288,21665367,655.0,652.1695615483916,False,2709.8901981290574,250.0,4,6,4.081536430257561,0
165,25474664,455.0,524.3637018980899,False,2038.9094349649722,85.0,3,1,3.4121413799466245,0
15,25378129,725.0,755.6341057995255,False,3253.07905544751,195.0,5,3,3.1122543685132977,0
56,8772951805,590.0,478.6755241827451,True,1799.0465019594121,350.0,2,7,8.071445960348854,0
259,11156548930,610.0,643.3838261134193,False,2663.765087095454,155.0,6,2,2.977651515151516,0
22,4360406511,750.0,676.645192017805,True,2838.3872580934776,275.0,5,11,10.260881050417908,0
118,25472873,565.0,597.433983420708,False,2422.528412958719,145.0,1,5,7.469163066363411,0
94,1678452807,765.0,756.053755511483,True,3255.282216435287,235.0,8,2,6.080282845283062,0
261,25256620,425.0,485.670226880766,False,1835.76869112402,85.0,2,1,1.1282570621416264,0
32,4211515634,255.0,343.30664751245877,False,1088.3598994404088,10.0,1,0,0.4264088249298006,0
110,5404151677,350.0,426.2957381463839,False,1524.052625268516,50.0,4,0,0.9439004288954312,0
237,107324,650.0,623.5054692687191,True,2559.403713660775,210.0,2,2,3.0441373537443566,0
34,1616122178,500.0,549.4527908380817,False,2170.627151899929,115.0,1,9,6.152134166053333,0
258,8972710892,1005.0,797.8359594651706,True,3474.6387871921465,530.0,11,10,11.016681666365459,0
211,9791495,755.0,620.1711154883442,True,2541.8983563138067,320.0,2,7,8.392133448315883,0
240,25471098,405.0,416.63300523845123,False,1473.3232775018678,125.0,2,21,33.03922975405594,2
267,3140855387,350.0,431.5474549739922,False,1551.6241386134584,45.0,2,0,0.7990419499188094,0
83,1607738730,1010.0,814.3494289552877,True,3561.3345020152624,520.0,6,14,10.049559165346585,0
154,9791495,380.0,435.63585192097827,False,1573.0882225851358,75.0,1,13,18.29330120130755,4
71,292252720,445.0,502.5275849011473,False,1924.2698207310239,90.0,7,1,1.7777072205114073,0
106,25472291,930.0,919.6724903398201,True,4114.280574284056,285.0,8,9,9.827113898093057,0
137,21665965,500.0,553.2140980567589,False,2190.3740147979843,110.0,1,0,0.24242054150395398,0
223,107318,405.0,455.6903516872065,False,1678.3743463578342,85.0,3,10,8.298270468452683,0
88,358992920,1295.0,1043.4698398942203,True,4764.216659444655,580.0,6,4,3.4402092702701057,0
27,2784682598,515.0,576.8830605072537,False,2314.6360676630807,110.0,2,0,1.646737296047181,0
78,25532341,735.0,696.3057091477202,True,2941.6049730255318,245.0,4,12,9.85445526430861,0
44,4712556876,860.0,678.2669942251573,True,2846.901719682073,450.0,3,16,13.146830879998193,0
55,21665912,595.0,488.0651429350155,True,1848.3420004088312,350.0,3,4,8.127332777206906,0
189,4222962219,340.0,411.9070603999394,False,1448.512067099682,50.0,0,2,0.9017732955817042,0
21,5458472046,400.0,444.96439982662145,False,1622.0630990897616,85.0,1,6,6.380662246875532,0
39,1694551549,505.0,562.1163242517728,False,2237.1107023218074,110.0,5,5,2.857110769022394,0
87,25533613,240.0,324.7716588712619,False,991.0512090741245,10.0,1,2,6.646928045095382,2
33,12921761055,340.0,410.0936272385536,False,1438.9915430024064,50.0,3,2,0.8725177304964538,0
121,1938580083,505.0,497.19074058315084,True,1896.2513880615434,280.0,2,12,15.18787243074919,0
287,11747638084,595.0,560.2327695039268,True,2227.2220398956156,200.0,5,11,17.11803935558298,0
227,1607738730,380.0,435.36783974161847,False,1571.6811586434956,75.0,3,1,1.4595380608234778,0
146,107863,240.0,336.26814267929126,False,1051.4077490662792,0.0,1,0,0.0,0
129,9791495,150.0,236.48481391046982,False,527.5452730299664,0.0,0,0,0.0,0
215,108216,170.0,272.13871881772354,False,714.7282737930483,0.0,2,0,0.0,0
58,25471086,860.0,856.8241127418838,False,3784.3265918948887,260.0,7,8,8.583263056826286,0
63,25714234,1070.0,886.065677873074,True,3937.8448088336404,490.0,12,10,10.113164805358819,0
199,107812,220.0,308.9670236039831,False,908.0768739209108,0.0,1,0,0.0,0
53,25507334,455.0,520.8915827598578,False,2020.6808094892535,90.0,5,3,0.9643801161509017,0
294,21665114,215.0,301.9350806322348,False,871.1591733192327,0.0,1,0,0.0,0
72,5560599869,1110.0,1018.6040342134004,True,4633.671179620348,395.0,6,2,5.827209298677718,0
271,1685938740,385.0,443.4555116734562,False,1614.1414362856458,70.0,3,2,2.0390337944087564,0
136,25500126,820.0,771.0663179542131,True,3334.098169259618,385.0,5,9,12.678662279081205,0
132,10574746,575.0,583.1372731163391,False,2347.4706838607804,165.0,10,12,9.655530359921583,0
210,21544863,375.0,445.83093604958634,False,1626.6124142603273,60.0,6,5,3.2819873802951247,0
125,435144778,160.0,260.65687401519455,False,654.4485885797716,0.0,2,0,0.0,0
16,9521022,505.0,543.0904239088176,False,2137.224725521292,120.0,4,9,11.223290965939109,0
214,9475528,720.0,711.5247937659763,True,3021.505167271375,220.0,6,10,7.5134675298302485,0
142,881888313,525.0,553.7856485544551,False,2193.3746549108873,175.0,6,12,16.12327217523637,0
266,109836,1070.0,827.8706140945259,True,3632.3207239962594,680.0,6,23,18.050854847312728,0
60,282686499,760.0,728.8793090069785,True,3112.616372286637,270.0,4,7,6.838786511206216,0
229,9515387,755.0,757.5208196847431,False,3262.9843033449006,220.0,7,11,7.95424013729291,0
269,12026767,590.0,603.0151443655452,False,2451.8295079191125,165.0,6,12,8.990908168766927,0
67,107812,795.0,627.7708291310535,True,2581.7968529380296,530.0,4,13,15.262101627027983,0
222,6943750676,405.0,479.99247660699933,False,1805.960502186746,65.0,4,2,2.416690512944701,0
251,21665912,210.0,294.6159201155626,False,832.7335806067036,0.0,2,0,0.0,0
226,9446997076,520.0,577.8794568763822,False,2319.8671486010066,115.0,4,6,3.7321010404436987,0
126,11582793599,585.0,603.9851343969681,False,2456.9219555840823,160.0,7,5,2.7559643715141604,0
19,454212847,550.0,481.3489642967429,True,1813.0820625578995,395.0,1,11,9.008386954368108,0
252,1832666009,610.0,583.25933073505,True,2348.1114863590124,220.0,2,17,15.771954312044027,0
166,358992920,680.0,674.2388667627687,True,2825.7540505045354,205.0,3,12,10.888693750030425,0
79,2191480791,385.0,462.4726230589998,False,1713.9812710597475,60.0,1,11,14.807361634081968,4
108,107793,895.0,691.8851325151918,True,2918.3969457047574,605.0,5,11,16.744104099061534,0
228,1230855633,710.0,736.7418962689449,False,3153.894955411959,190.0,6,9,7.62869177486795,0
196,108045,230.0,313.1689287968442,False,930.1368761834322,10.0,1,1,0.5928233109188925,0
73,25476020,510.0,573.1723153079934,False,2295.154655366963,105.0,1,6,4.8811435808716706,0
224,25256330,635.0,665.2458681957967,False,2778.540808027932,165.0,5,3,2.6839855560301067,0
232,25473373,410.0,455.79851673511223,False,1678.94221285934,90.0,6,8,7.060778729931525,0
198,11456439398,955.0,786.3957090240069,True,3414.5774723760355,745.0,10,27,24.411353860293556,0
260,25473291,665.0,665.9137470729439,False,2782.047172132956,200.0,5,5,2.7811412723278917,0
239,107793,265.0,318.9322440080919,False,960.3942810424829,75.0,3,5,4.601771695108595,1
61,6183125372,330.0,396.5899506121166,False,1368.0972407136126,50.0,3,0,1.0472312726448907,0
201,9791487,465.0,525.6321887234757,False,2045.5689907982464,95.0,8,5,2.0604287194402597,0
101,25498827,345.0,417.49248350464563,False,1477.8355383993892,50.0,1,1,1.2249999999999999,0
49,6943750647,670.0,679.8571072733025,False,2855.2498131848383,190.0,7,6,7.4060976758728625,0
186,1666324135,640.0,619.7466916309137,True,2539.670131062298,230.0,6,8,8.476016159949701,0
176,12955269409,660.0,695.6250181848504,False,2938.031345470465,170.0,6,4,3.4163136686009032,0
93,25496815,590.0,639.1533966887339,False,2641.5553326158547,140.0,4,16,22.14621228583417,2
221,7013554275,710.0,712.009732122624,False,3024.051093643776,210.0,2,10,8.551692077548424,0
89,9295694734,750.0,732.1067478916755,True,3129.5604264312965,235.0,7,35,40.31242041444646,0
77,108299,645.0,669.1577643880266,False,2799.078263037139,175.0,3,31,37.081623087321745,0
30,677445939,560.0,497.20189271639885,True,1896.3099367610944,355.0,2,4,5.144999999999997,0
225,25472291,730.0,731.9611311183965,False,3128.795938371581,215.0,7,3,3.306897377890374,0
3,107790,780.0,807.9489769229481,False,3527.7321288454764,210.0,9,11,8.687754440066161,0
107,107791,250.0,327.3246821156463,False,1004.4545811071433,20.0,0,0,1.1384351196224596,0
274,25470679,225.0,312.10723686065523,False,924.5629935184397,5.0,2,0,0.1490571608338689,0
179,5922202129,765.0,792.5798821014126,False,3447.0443810324177,210.0,10,5,6.431435259011326,0
151,12354833,850.0,798.730473173841,True,3479.3349841626646,315.0,7,32,33.33987038616072,2
183,9515379,255.0,343.8023923028045,False,1090.9625595897235,10.0,2,0,0.2965139922273734,0
190,3764054180,635.0,639.4856631163829,False,2643.299731361009,195.0,2,17,12.229308105371338,0
139,1607738730,1325.0,1084.806391593819,True,4981.23355586755,705.0,7,22,19.158875752212627,0
70,26559655,875.0,810.0980919380452,True,3539.014982674739,305.0,6,9,8.836600198957855,0
229,14069254029,80.0,199.78216362004264,False,334.8563590052239,0.0,1,0,0.0,0
208,21665132,835.0,745.0123634632262,True,3197.3149081819342,310.0,4,2,8.696133482353636,0
286,25498827,815.0,853.201732977415,False,3765.3090981314303,215.0,3,8,9.731610415637197,0
167,13567811111,475.0,478.8874116064301,False,1800.1589109337574,135.0,4,0,0.8918201820740697,0
218,2441107350,490.0,518.885959601595,False,2010.151287908374,125.0,4,4,5.864896944147587,0
291,1684410094,205.0,304.5234062055272,False,884.7478825790178,0.0,2,0,0.0,0
159,1607738730,525.0,558.7708197305686,False,2219.546803585486,130.0,3,17,23.664223786738248,3
272,21665590,670.0,709.8208687990513,False,3012.5595611950184,170.0,9,8,4.14738291178146,0
191,25522907,430.0,494.29565063364157,False,1881.052165826618,80.0,2,2,4.31002205385068,0
82,4702603699,725.0,707.7842160568603,True,3001.8671342985162,230.0,6,9,6.117603809602343,0
169,13346540423,640.0,657.6547224464312,False,2738.6872928437633,175.0,6,7,5.784140540176949,0
56,25496592,210.0,304.01767300468407,False,882.0927832745915,0.0,3,0,0.0,0
46,14077667431,915.0,854.3526754579234,True,3771.351546154096,350.0,7,16,12.285859375732105,0
234,2191588310,315.0,394.37020548166606,False,1356.443578778747,35.0,6,2,1.7193931257894604,0
285,3817942979,545.0,597.181613209464,False,2421.2034693496853,125.0,4,1,1.5843361117791919,0
98,21665361,625.0,586.726192198343,True,2366.3125090413014,365.0,7,9,9.74498996385741,0
144,11863161,440.0,488.70479636117693,False,1851.7001808961777,95.0,3,10,13.33927077499568,1
25,5247841988,1050.0,885.8383048250544,True,3936.6511003315354,425.0,9,8,12.03383651919456,0
280,1283446717,515.0,552.4035983369444,False,2186.118891268957,125.0,2,8,9.559602561570703,0
134,1685751707,500.0,547.7532199728719,False,2161.704404857577,115.0,5,10,7.006924823593078,0
231,9262072924,570.0,580.1497090687045,False,2331.7859726106976,160.0,3,11,7.943868419020612,0
143,10996228332,765.0,744.3188687980592,True,3193.6740611898113,260.0,12,11,8.447046271800904,0
171,9789819,585.0,526.2546342271809,True,2048.8368296927,395.0,4,9,10.362874593064024,0
51,1678452778,635.0,681.8266836407038,False,2865.5900891136944,155.0,8,4,3.0078938224930307,0
24,25471098,675.0,695.2322902831711,False,2935.9695239866473,185.0,4,6,8.167158566823373,0
117,107793,555.0,577.4215485776982,False,2317.463130032917,190.0,9,3,3.9066879997296198,0
96,21665135,305.0,374.80052486012625,False,1253.702755515663,40.0,2,2,3.7317441349070313,0
131,25714232,535.0,595.2267242279141,False,2410.940302196549,115.0,4,4,3.7647049850090606,0
88,25473300,190.0,269.90899071617804,False,703.022201259935,20.0,3,0,0.0,0
195,734536096,550.0,564.7188075339383,False,2250.7737395531753,150.0,2,9,8.754651114082003,0
102,25502834,545.0,606.0157435587504,False,2467.58265368344,120.0,3,7,5.408413479709451,0
7,5244680779,415.0,483.22891222830117,False,1822.9517891985818,75.0,7,4,4.051994794817465,0
35,4347844156,730.0,684.1997466466988,True,2878.048669895168,320.0,6,6,8.969914145230863,0
28,4328124794,475.0,518.8052228484169,False,2009.7274199541896,110.0,4,4,6.025739112528187,0
113,295908497,675.0,660.1986978647934,True,2752.0431637901656,210.0,4,17,13.369006023147982,0
128,282686499,1160.0,1106.9732662837164,True,5097.6096479895095,385.0,13,15,18.77831318893578,0
130,21665031,680.0,551.4233169614577,True,2180.9724140476537,395.0,3,12,9.603954036603296,0
241,14791188,520.0,567.4921221204613,False,2265.3336411324217,120.0,8,5,8.313563542467657,0
44,7066266061,205.0,303.1812126987965,False,877.7013666686817,0.0,1,0,0.0,0
42,1619500438,545.0,560.6579485070844,False,2229.454229662194,150.0,2,12,12.733305912547262,0
281,25257319,475.0,524.0115363867989,False,2037.0605660306937,105.0,4,10,5.7497158451175165,0
262,9515379,380.0,457.51041343225324,False,1687.9296705193287,55.0,1,0,0.45170343907294647,0
282,9791489,820.0,736.3147076680173,True,3151.6522152570883,300.0,5,3,5.07732933001835,0
92,25495441,420.0,491.1762326671411,False,1864.6752215024921,75.0,3,0,1.2704259330305114,0
247,25500758,1050.0,874.5260187979428,True,3877.2615986891965,535.0,4,8,12.74784248824109,0
4,4457798822,560.0,566.2304740554946,False,2258.7099887913455,160.0,3,9,10.845449396809078,0
216,1163913429,975.0,806.8320317171629,True,3521.8681665151025,410.0,2,12,12.296765925881486,0
59,1678452758,790.0,809.761973770082,False,3537.250362292927,220.0,5,9,6.950696297541027,0
26,109832,670.0,656.5899100764809,True,2733.097027901525,210.0,5,23,32.75408487823985,1
132,108258,195.0,289.3710567503184,False,805.1980479391718,0.0,3,0,0.0,0
57,1667203543,690.0,737.3880999008421,False,3157.2875244794213,170.0,3,7,8.515000118491038,0
289,26591528,610.0,623.5796459404344,False,2559.7931411872814,210.0,7,9,11.177127403874293,0
288,669891616,290.0,370.4279746152524,False,1230.746866730075,30.0,2,3,1.352507394036372,0
277,1607738730,1035.0,875.102444931104,True,3880.287835888288,435.0,3,17,12.320166746153884,0
196,25531990,150.0,244.2430222757238,False,568.2758669475498,0.0,1,0,0.0,0
165,1493424644,300.0,344.5873987449529,False,1095.0838434110028,60.0,1,4,5.626799365370857,0
76,1667203491,560.0,619.2792312687213,False,2537.2159641607873,125.0,6,5,5.9272162674704125,0
156,9921844608,620.0,650.07819368907,False,2698.9105168676188,160.0,5,12,12.069691350751725,0
5,25474562,600.0,643.6093806189076,False,2664.949248249265,145.0,6,2,2.742717041355548,0
106,5386341216,260.0,346.1279616804003,False,1103.1717988221017,15.0,1,3,2.67087608918121,0
100,5922202130,590.0,615.2772452483531,False,2516.205537553853,175.0,3,7,7.060891314068444,0
73,292252720,160.0,261.13995746737623,False,656.9847767037254,0.0,2,0,0.0,0
278,25473293,530.0,579.4351819737055,False,2328.0347053619535,120.0,6,4,4.6090103912646425,0
206,3147915617,1030.0,988.3901526736292,True,4475.048301536553,390.0,8,7,10.516468395335597,0
267,102000,275.0,366.2887834814474,False,1209.016113277599,15.0,0,0,0.3132772043881437,0
50,25472769,790.0,747.2711551057378,True,3209.1735643051243,265.0,2,8,7.266464713143164,0
155,107860,780.0,650.0963007029823,True,2699.0055786906564,430.0,7,17,9.869909272464152,0
158,12346819547,615.0,676.2432545492384,False,2836.277086383501,140.0,5,4,2.6243143717162987,0
122,25473424,510.0,564.3986242570898,False,2249.092777349721,110.0,2,1,1.5552553465872563,0
250,1694551549,465.0,533.793017169363,False,2088.4133401391546,90.0,3,0,1.2440217268345735,0
160,25375812,485.0,537.213877166133,False,2106.3728551221975,105.0,4,2,1.6578141366845958,0
264,26591530,890.0,894.683499867393,False,3983.0883743038116,275.0,8,5,7.099666522961338,0
80,14017207475,550.0,582.7755692072728,False,2345.5717383381807,140.0,3,3,1.908026348942382,0
15,26559581,315.0,382.47719896270723,False,1294.0052945542122,45.0,0,1,0.3818399769482823,0
290,11331184983,440.0,503.11931548434063,False,1927.376406292789,85.0,3,4,3.1137929351523295,0
279,1684410040,420.0,485.4659525912156,False,1834.6962511038814,80.0,3,6,3.924201701493838,0
253,108902,1070.0,873.446878674343,True,3871.596113040302,620.0,11,25,17.38552018248907,0
86,25532841,940.0,839.4293092348552,True,3693.003873482988,350.0,5,6,4.740545914414009,0
83,25500629,290.0,379.7880551553927,False,1279.8872895658114,20.0,1,1,0.9843738578441673,0
91,9512935,665.0,663.7841427052417,False,2770.866749202519,255.0,6,3,4.665108138888005,0
163,4171766884,895.0,847.0633209078155,True,3733.082434766029,355.0,8,9,10.126959989768949,0
235,4702603702,370.0,433.76324792624695,False,1563.257051612797,65.0,1,2,1.4721650260942791,0
276,1607738730,400.0,460.67162871328946,False,1704.5260507447692,75.0,7,5,8.685792496004117,0
108,454373621,190.0,287.74836816498174,False,796.6789328661537,0.0,2,0,0.0,0
13,25471098,445.0,490.71119903382606,False,1862.2337949275864,100.0,4,0,1.311651814333859,0
292,25256256,415.0,478.59031375213635,False,1798.5991471987152,75.0,3,1,4.6153712589835925,0
72,6521923987,255.0,344.2157925500163,False,1093.1329108875855,10.0,1,1,0.3589020607534109,0
41,452236138,390.0,426.18208953727526,False,1523.4559700706948,105.0,2,3,6.257591989442199,0
31,12725097483,525.0,576.7853378987508,False,2314.123023968442,120.0,5,9,8.961340028062015,0
207,4927544936,870.0,763.3754156936984,True,3293.720932391918,350.0,6,7,8.582567867929532,0
184,25475478,760.0,679.0869415661215,True,2851.206443222141,280.0,3,4,4.306667741377253,0
6,107792,665.0,536.8233324780603,True,2104.322495509815,395.0,4,14,9.71478060125696,0
66,25473371,825.0,830.069464847109,False,3643.864690447324,240.0,6,10,8.031710153372897,0
99,25473288,400.0,462.15503927331724,False,1712.3139561849139,85.0,1,6,6.045156375723959,0
20,11052055761,560.0,595.7729337070431,False,2413.8079019619763,140.0,3,4,2.36838034476095,0
168,25473398,790.0,695.0063388467416,True,2934.783278945396,420.0,6,10,10.938070792147814,0
172,25256256,550.0,603.4392106169066,False,2454.0558557387585,125.0,3,10,12.724359526746223,0
173,4252666506,605.0,647.701479328366,False,2686.432766473921,150.0,6,7,6.136719612891755,0
118,26559369,345.0,420.91588341124964,False,1495.8083879090598,50.0,4,5,2.327894473666816,0
273,13924531990,1205.0,988.2592262035505,True,4474.36093756864,640.0,8,27,17.85165923404055,0
233,110004,1100.0,1056.9659893478563,True,4835.071444076245,360.0,7,13,17.27549175204007,0
255,823745,420.0,493.5690998232847,False,1877.2377740722445,70.0,3,2,3.1556434628605468,0
239,333725797,200.0,290.8753939080752,False,813.0958180173942,0.0,5,0,0.0,0
40,1927220454,965.0,763.0387164465476,True,3291.953261344375,605.0,4,24,16.660831178984107,0
136,9521033,275.0,363.90342129053636,False,1196.4929617753153,20.0,2,2,0.5759243935666819,0
202,25530236,465.0,525.0373267735624,False,2042.4459655612022,95.0,4,3,1.9608903420047066,0
257,21533907,475.0,488.5147718989769,False,1850.7025524696282,130.0,6,11,10.362393540848919,0
75,1616122178,710.0,689.7360488722967,True,2907.1142565795567,225.0,6,10,7.401078475064799,0
205,1134286819,795.0,771.7410375175882,True,3337.640446967338,250.0,7,11,11.451541991356585,0
54,3147915545,725.0,680.2145224333091,True,2857.126242774871,245.0,4,15,12.690395344337768,0
104,9789819,590.0,625.4420242284496,False,2569.570627199361,150.0,4,5,5.710124783542271,0
43,3892184068,1050.0,1032.385163925804,True,4706.022110610473,325.0,6,5,9.254664870887282,0
228,534993866,235.0,324.8035125607205,False,991.2184409437824,5.0,0,1,1.3318452027851255,1
244,110031,600.0,643.8276617472302,False,2666.095224172958,145.0,3,2,3.1771105832650175,0
133,26374236,425.0,487.7895123417086,False,1846.89493979397,80.0,3,8,5.765910949326022,0
192,1619464655,505.0,547.9594020535131,False,2162.7868607809437,120.0,3,5,7.285519668859887,0
21,12957095289,320.0,385.7716435064056,False,1311.3011284086294,45.0,0,0,0.345163167412274,0
135,10019788231,390.0,458.68300934365664,False,1694.085799054197,65.0,2,0,1.310291810535814,0
37,11866625772,860.0,874.933207654773,False,3879.3993401875596,245.0,5,5,6.883394295113751,0
97,11200374910,1065.0,1017.1940719408133,True,4626.26887768927,350.0,6,26,23.34565729905216,0
69,26699537,470.0,517.882658967208,False,2004.8839595778422,470.0,2,23,26.48172936676135,0
176,12159581182,225.0,316.728811734372,False,948.826261605453,0.0,2,0,0.0,0
236,108258,610.0,653.0292729892136,False,2714.403683193372,150.0,5,3,3.5439000946651804,0
81,6313625295,950.0,731.5197119198376,True,3126.4784875791493,520.0,4,8,10.897067894273405,0
223,25501007,355.0,425.2351686649672,False,1518.4846354910767,55.0,4,4,6.64001087124721,2
230,109618,410.0,472.4981098129065,False,1766.615076517759,75.0,0,0,0.12249999999999998,0
293,2833445980,815.0,720.9192043056618,True,3070.8258226047246,330.0,8,4,3.9577048440448115,0
68,1635864532,695.0,734.0309136770358,False,3139.6622968044367,180.0,5,6,5.081159336492111,0
122,6943758097,90.0,203.87243573264888,False,356.3302875964065,0.0,0,0,0.0,0
271,25417428,325.0,399.93294583833006,False,1385.6479656512327,45.0,2,2,2.3486226263982686,0
124,108216,1230.0,1011.8595795229576,True,4598.262792495525,535.0,7,30,32.17329318383401,0
238,1678452758,525.0,497.4981915453531,True,1897.8655056131036,205.0,3,4,2.4866500715830084,0
248,528126781,1000.0,926.6091552576687,True,4150.698065102761,370.0,5,10,9.567204050632284,0
91,1619354114,95.0,209.34699024750668,False,385.07169879941,0.0,1,0,0.0,0
64,12198369,660.0,676.3456929727662,False,2836.814888107022,185.0,6,14,8.743092338038249,0
180,5244680779,770.0,676.1389379369061,True,2835.7294241687573,355.0,13,8,5.9364702150142685,0
137,26652357,390.0,442.2380187064796,False,1607.7495982090172,95.0,1,7,5.856706672699122,0
4,25500885,150.0,256.35645812769354,False,631.8714051703911,0.0,0,0,0.0,0
34,25471098,425.0,475.8119324398662,False,1784.0126453092964,90.0,2,0,0.3671693277417156,0
243,9791156,945.0,818.0690554986071,True,3580.8625413676864,370.0,9,7,5.785511854674966,0
295,11331184983,455.0,515.3848221969943,False,1991.7703165342214,90.0,3,1,1.9463213040795855,0
28,26699537,185.0,263.1831283878757,False,667.7114240363476,185.0,1,20,26.9364701870452,0
55,108293,390.0,412.6233789748827,False,1452.2727396181328,170.0,5,3,1.9419125187675044,0
284,26559371,705.0,724.9702432700773,False,3092.093777167907,195.0,6,2,4.754672760634514,0
107,9295694734,270.0,354.5819202990044,False,1147.5550815697727,20.0,2,0,0.20801418439716318,0
90,280412704,515.0,411.15986209700316,True,1444.5892760092665,450.0,4,11,10.629255113691926,0
14,12031865281,795.0,717.146180291715,True,3051.017446531505,290.0,5,2,3.46134257020496,0
45,26699551,535.0,538.6522597573163,False,2113.9243637259106,205.0,3,13,10.7087785407645,0
209,1678452742,680.0,563.2020652441828,True,2242.810842531961,465.0,4,24,24.17649809804431,0
103,25524240,800.0,797.7984484329538,False,3474.441854273008,240.0,7,13,9.640286174984071,0
152,1938580083,565.0,580.7746386776743,False,2335.0668530577886,155.0,2,5,2.145308373703122,0
53,12437379708,390.0,419.59573776131566,False,1488.8776232469077,95.0,2,6,7.549019056399279,0
199,9512924,385.0,446.3490305406306,False,1629.3324103383102,80.0,2,4,5.3269831624021835,0
201,110009,315.0,391.4987040196016,False,1341.3681961029083,40.0,3,0,0.4761244867389929,0
154,275424,440.0,507.74110503040856,False,1951.640801409645,80.0,2,8,6.895359294738706,0
196,273194,180.0,282.4885166684717,False,769.0647125094762,0.0,1,0,0.0,0
197,9498441980,890.0,906.0490284145734,False,4042.757399176507,255.0,8,8,6.439186725963878,0
105,25472904,500.0,542.7993299584092,False,2135.696482281648,120.0,3,8,7.546591767862379,0
262,2271434264,200.0,293.27764536742654,False,825.7076381789893,0.0,0,0,0.0,0
36,21533907,620.0,633.9410089200267,False,2614.19029683014,180.0,6,4,5.941981212808702,0
142,2919558521,380.0,437.54469160195185,False,1583.1096309102468,70.0,5,4,3.1528120450836954,0
150,5413338306,750.0,612.0612493593295,True,2499.3215591364815,530.0,3,13,11.164682902633503,0
245,25257402,655.0,699.2088733206424,False,2956.8465849333725,165.0,4,4,3.193073587758971,0
213,25472806,645.0,661.1681681165683,False,2757.1328826119848,180.0,7,6,5.2135253233879775,0
127,11456439398,1500.0,1244.689549589084,True,5820.620135342695,990.0,12,48,47.953755357897656,0
221,25532841,315.0,396.26501914509186,False,1366.391350511732,35.0,1,2,0.8251450066303028,0
208,3552338823,290.0,357.6332710248106,False,1163.5746728802558,35.0,2,2,2.9643341827671024,0
287,26699543,420.0,474.598759546649,False,1777.6434876199078,85.0,8,4,4.6401710592357714,0
52,25544130,665.0,649.0343821962256,True,2693.4305065301837,215.0,5,14,15.557106967259463,0
205,107318,115.0,221.53618101544942,False,449.06495033110934,0.0,2,0,0.0,0
204,1502785422,980.0,908.9573146054441,True,4058.025901678583,340.0,11,14,12.414485284179513,0
123,25473300,595.0,615.720532678813,False,2518.5327965637675,160.0,6,0,3.039911439319015,0
5,13919763200,205.0,296.6608927683855,False,843.4696870340238,0.0,2,0,0.0,0
264,2271434264,190.0,288.7813878948304,False,802.1022864478593,0.0,1,0,0.0,0
79,2271422636,370.0,446.8052169645014,False,1631.7273890636316,55.0,0,3,1.2550824752993264,0
194,4784457202,975.0,841.2241931601119,True,3702.4270140905915,415.0,3,7,10.60522149157983,0
256,2934851413,905.0,841.4780865592206,True,3703.759954435909,315.0,5,2,5.322536779947249,0
86,25502544,185.0,280.04473767032226,False,756.2348727691918,0.0,0,0,0.0,0
29,107793,530.0,545.9565771544736,False,2152.2720300609867,150.0,5,10,10.417322934283375,0
162,25257810,685.0,712.5667907147142,False,3026.9756512522486,185.0,6,5,6.6368605780727075,0
51,25473300,280.0,369.522407313184,False,1225.9926383942152,20.0,2,3,1.0813214301130745,0
56,25470785,305.0,385.30116577591986,False,1308.8311203235796,35.0,3,7,8.03594645787598,0
18,1106056866,555.0,598.1435735224393,False,2426.2537609928067,135.0,4,11,6.951163306961182,0
89,9791495,360.0,406.13304960607275,False,1418.1985104318815,75.0,0,1,2.3325546456741493,0
259,3764054180,530.0,569.0861691664165,False,2273.702388123687,130.0,2,2,1.7149622327568534,0
283,21533909,605.0,641.8397410921899,False,2655.658640733996,155.0,7,2,2.687749954187049,0
267,14728072,230.0,317.52662865515197,False,953.0148004395477,5.0,3,1,0.5235233381279087,0
109,351771449,940.0,844.6157683815638,True,3720.2327840032135,355.0,2,7,9.295303321533378,0
23,4431563564,815.0,783.6368199908687,True,3400.093304952061,265.0,5,1,0.783162393162393,0
237,9176400299,520.0,513.8884806245345,True,1983.9145232788062,250.0,5,6,6.883977697203804,0
27,108059,495.0,540.6779720267647,False,2124.559353140513,120.0,4,6,6.385530800999886,0
140,21665582,545.0,540.8843952031058,False,2125.6430748163048,545.0,3,42,42.957400910851426,0
1,7066266061,770.0,760.2963423834572,True,3277.5557975131496,235.0,7,10,11.107394764360196,0
253,102000,215.0,310.10983594955337,False,914.0766387351551,0.0,3,0,0.0,0
277,3552338823,245.0,312.85615993215225,False,928.4948396437993,35.0,2,4,4.501772801163792,0
147,107786,865.0,772.918078007274,True,3343.819909538188,400.0,5,11,8.980289769730126,0
7,9791482,300.0,384.0762574354444,False,1302.4003515360828,30.0,2,0,0.8990123399174803,0
32,25544130,540.0,574.8661182265595,False,2304.0471206894367,135.0,0,12,14.46383271187134,0
38,25472904,620.0,648.9064900014524,False,2692.759072507626,165.0,4,6,7.22966401627839,0
215,1684410105,480.0,530.5688296503824,False,2071.486355664508,105.0,6,4,3.652157671816472,0
219,25532842,600.0,647.3790531169138,False,2684.7400288637973,145.0,5,1,2.791282123213036,0
163,2191480791,230.0,320.9556064682453,False,971.0169339582877,5.0,1,0,0.18538992862355363,0
26,109661,275.0,359.1594623729956,False,1171.5871774582272,20.0,4,1,0.5250760785985247,0
49,108398,395.0,470.68974673257475,False,1757.1211703460162,65.0,2,0,1.527843301379779,0
57,8972710892,275.0,358.78960915664715,False,1169.6454480723974,20.0,2,0,0.5480293664525738,0
222,9791156,445.0,478.19503987225676,False,1796.523959329348,110.0,1,1,2.838930013122304,0
218,1607738730,360.0,431.80058379546267,False,1552.9530649261785,55.0,2,4,3.3533335108102964,0
157,108902,990.0,743.7172968033444,True,3190.5158082175553,575.0,7,31,24.47474243707871,0
294,108045,485.0,529.6525245076244,False,2066.6757536650275,110.0,2,3,4.872491321382306,0
179,25417431,380.0,446.6116091607639,False,1630.7109480940105,65.0,4,2,3.5080970840039316,0
203,25471086,1040.0,913.1639701325829,True,4080.110843196062,400.0,11,10,12.783038336094293,0
11,26699544,635.0,647.6575885746744,False,2686.20234001704,225.0,8,12,10.116815029922781,0
261,21665582,560.0,552.0272176999669,True,2184.1428929248245,560.0,2,42,40.56516621582272,0
144,5922202130,350.0,421.41892329638216,False,1498.4493473060063,55.0,1,5,3.522536158084735,0
158,21651908,260.0,340.4540368032667,False,1073.3836932171503,30.0,1,0,0.8318063080318676,0
280,9512926,350.0,419.6961888192922,False,1489.404991301284,55.0,4,0,0.7549664875007086,0
168,11582793599,225.0,307.080349689548,False,898.171835870127,10.0,0,0,0.3415851968238108,0
134,1317156147,350.0,422.30380100918023,False,1503.0949552981963,50.0,3,1,1.6571066600508921,0
121,7684091168,515.0,560.1988635364012,False,2227.044033566105,120.0,2,21,26.364606214817368,1
258,1691133712,560.0,580.6080884629874,False,2334.192464430684,150.0,3,14,17.215910528197778,2
161,3764054180,805.0,788.8571908543731,True,3427.5002519854593,250.0,4,15,12.861867554609752,0
83,452417806,260.0,352.8270625112289,False,1138.3420781839516,10.0,1,2,1.6815238514410167,0
273,9046526383,230.0,323.99741819982796,False,986.9864455490967,0.0,4,0,0.0,0
225,12650816262,410.0,475.84347032986244,False,1784.1782192317783,75.0,5,15,21.913332651709837,6
8,107801,630.0,655.0481729573955,False,2725.0029080263275,195.0,4,1,3.384379267757479,0
48,317930325,680.0,555.9841480000492,True,2204.9167770002587,435.0,1,4,9.98976459384735,0
220,109618,765.0,772.4528213682058,False,3341.3773121830814,220.0,5,11,6.908269465943886,0
65,1309470395,635.0,660.9180267188258,False,2755.819640273836,170.0,5,4,5.375689416844014,0
187,9512937,625.0,551.7754912661525,True,2182.8213291473016,435.0,5,11,13.647631404054566,0
159,21533913,395.0,456.4283277658726,False,1682.2487207708305,75.0,2,14,34.008464592750734,10
292,25500758,260.0,342.6366774201842,False,1084.8425564559666,20.0,1,1,0.6321288406977896,0
85,25472758,955.0,834.6274376337753,True,3667.7940475773216,495.0,0,11,15.051286959806609,0
269,534993859,495.0,537.3897252279877,False,2107.296057446935,115.0,2,3,1.9010460992907807,0
148,2191480791,795.0,779.7575508535589,True,3379.7271419811827,245.0,7,23,26.82137828045554,0
94,4784457210,610.0,637.3614265123147,False,2632.1474891896523,160.0,6,6,6.289540350416988,0
145,452514276,865.0,833.9145078827751,True,3664.051166384572,285.0,12,8,4.1064989867191874,0
138,1104448112,965.0,887.7399692142326,True,3946.6348383747213,340.0,12,12,13.97495205431004,0
10,25495461,1090.0,881.6777880168388,True,3914.808387088398,470.0,8,17,20.233555190710486,0
119,25503701,650.0,682.122205970989,False,2867.1415813476906,170.0,2,10,10.504335853030044,0
61,4356591932,465.0,516.253950346074,False,1996.3332393168885,100.0,4,5,2.0011113590900824,0
212,3567188470,800.0,560.319438264698,True,2227.6770508896666,630.0,3,5,2.7990070921985817,0
217,21533913,805.0,820.4789991270463,False,3593.514745416992,230.0,4,6,5.924810746325449,0
291,9521022,420.0,483.02426534438183,False,1821.8773930580044,80.0,3,3,2.179324354147607,0
34,9512924,185.0,283.45908432003563,False,774.1601926801873,0.0,1,0,0.0,0
47,11817103992,1055.0,884.0973865619698,True,3927.511279450341,435.0,10,11,11.057405311977627,0
2,108901,800.0,786.2032514806647,True,3413.5670702734906,245.0,8,3,5.191447762384123,0
13,9512925,305.0,379.65049910304947,False,1279.1651202910093,35.0,3,3,3.4230353429959317,0
95,11707733696,705.0,727.4171292045429,False,3104.93992832385,195.0,3,7,7.649407031589411,0
101,5247841988,480.0,519.0711461585303,False,2011.1235173322834,115.0,9,4,1.920035226194325,0
118,9512939,290.0,316.6127395976973,False,948.2168828879111,115.0,1,3,5.6156253317663065,0
268,25378129,850.0,864.1080259590844,False,3822.5671362851926,245.0,6,13,9.29972795305789,0
130,25531001,380.0,453.02737706338195,False,1664.393729582755,60.0,2,3,3.1095413457430325,0
112,11582793599,695.0,645.3062700067857,True,2673.8579175356244,280.0,1,10,7.437261913448056,0
75,108045,275.0,355.00529127784216,False,1149.7777792086717,25.0,2,2,2.029226789714998,0
63,1685938740,570.0,618.6615234724318,False,2533.9729982302656,135.0,3,5,3.690789809867402,0
70,108045,460.0,527.5881513174596,False,2055.837794416663,90.0,6,1,4.621601203106209,0
43,281454988,275.0,352.55519125259144,False,1136.914754076105,25.0,2,2,0.7377375107541079,0
126,21665929,535.0,589.0480378089838,False,2378.502198497166,120.0,7,2,3.6096824610561984,0
142,2215490963,175.0,270.1104655125732,False,704.0799439410091,0.0,1,0,0.0,0
237,12265050664,120.0,229.50028904101515,False,490.8765174653296,0.0,1,0,0.0,0
266,1106056866,560.0,577.6480432024933,False,2318.652226813091,155.0,5,6,7.224380926435833,0
275,25544130,900.0,671.8492103371486,True,2813.208354270028,630.0,7,24,24.510588599689623,0
188,9512926,735.0,759.7861032394075,False,3274.8770420068877,200.0,7,7,3.360589992036506,0
79,9791495,155.0,255.66885571504827,False,628.2614925040035,0.0,0,0,0.0,0
274,26652119,485.0,539.7184704776893,False,2119.5219700078687,105.0,3,3,2.783588122504154,0
254,25476041,900.0,851.7836004696819,True,3757.8639024658296,305.0,3,5,4.294726888744367,0
278,970857026,360.0,437.515464753366,False,1582.9561899551713,50.0,4,3,3.1109920176107533,0
240,25471086,640.0,510.40645455024617,True,1965.6338863887925,545.0,6,10,11.352410110455727,0
73,5404151677,360.0,432.43452023600753,False,1556.281231239039,55.0,1,3,1.244582886447581,0
153,21665584,805.0,598.2642508911007,True,2426.8873171782816,620.0,4,17,23.822667715331125,0
227,108060,600.0,602.5297348871312,False,2449.2811081574378,205.0,8,4,5.3223909806352925,0
116,108267,855.0,837.4959095708626,True,3682.853525247028,265.0,11,3,5.777056363436756,0
250,9789820,355.0,430.3467213472569,False,1545.320287073099,50.0,2,4,2.957020139920378,0
92,500486430,390.0,438.1540313346741,False,1586.3086645070387,80.0,0,2,3.060297596332607,0
232,9521022,525.0,576.5665437957126,False,2312.97435492749,120.0,3,5,5.121931790071219,0
7,14728072,130.0,235.93949297944403,False,524.6823381420811,0.0,1,0,0.0,0
191,25544130,470.0,503.5209114354759,False,1929.484785036247,115.0,6,10,19.21166828359358,5
24,1630526800,450.0,469.432162112505,False,1750.5188510906514,130.0,0,3,4.982435116431128,0
149,11783244661,1190.0,931.764440144986,True,4177.763310761173,670.0,8,22,25.380906719239388,0
180,348895654,260.0,341.48249445131967,False,1078.783095869428,20.0,2,1,1.8367881008579663,0
170,9046526383,745.0,740.0534036492597,False,3171.2803691586137,225.0,8,9,8.611200063133351,0
200,11267145959,735.0,737.4805457880011,False,3157.7728653870054,215.0,3,3,6.006251334915742,0
184,107790,345.0,417.1878190169002,False,1476.236049838726,50.0,1,3,2.6016188930185824,0
87,1614926339,625.0,596.5900072082604,True,2418.097537843368,250.0,7,18,15.790498643903652,0
193,102025,1035.0,1005.124934437248,True,4562.905905795551,330.0,7,8,5.0340105087497005,0
173,25375955,340.0,408.8124949114646,False,1432.2655982851893,50.0,4,2,1.9279452900157736,0
295,5932883505,255.0,328.76654748617386,False,1012.0243743024125,20.0,1,1,1.5902498991358998,0
85,13556857162,90.0,201.78729489927633,False,345.3832982212008,0.0,0,0,0.0,0
164,12026767,745.0,772.3954380673496,False,3341.0760498535833,200.0,6,6,13.23708002840709,1
62,1685938727,990.0,807.5227671395837,True,3525.4945274828096,420.0,7,22,21.205765628609463,0
114,7527076899,800.0,797.9179207281522,False,3475.0690838228015,240.0,2,12,9.297866658412605,0
93,4233926316,540.0,606.1237740162918,False,2468.1498135855322,115.0,5,6,5.856924126893133,0
120,526994269,1015.0,893.6921036101023,True,3977.88354395304,510.0,3,16,17.88697680781466,0
289,108306,425.0,503.5920112677195,False,1929.8580591555274,70.0,3,1,0.7820324868432396,0
42,1134286819,450.0,503.0628827980325,False,1927.0801346896703,95.0,2,0,2.2595136906372058,0
84,25626801,775.0,756.163208684338,True,3255.8568455927743,245.0,5,11,12.295235903837842,0
272,2191480791,520.0,574.9662099651694,False,2304.572602317138,115.0,4,1,2.9671169554827106,0
285,351771449,510.0,561.0001042665743,False,2231.2505473995147,115.0,5,2,2.0514018914306846,0
99,1667203548,380.0,458.0100055270616,False,1690.552529017073,55.0,1,1,1.3475,0
133,108060,345.0,409.5421271585931,False,1436.0961675826131,70.0,5,1,1.9592260234007928,0
182,2271434264,1160.0,961.0459765269496,True,4331.491376766486,485.0,7,16,21.689197891689748,0
115,1678452820,810.0,814.3439826740503,False,3561.3059090387646,235.0,4,6,6.4442132794932485,0
106,1614926320,445.0,494.5312231501673,False,1882.288921538377,95.0,6,0,1.4636438835252505,0
37,9521025,360.0,418.7819671367804,False,1484.6053274680974,65.0,3,10,18.155914002614356,7
185,333719185,920.0,813.5902338826563,True,3557.3487278839475,395.0,6,10,9.406931376636797,0
170,4368839072,65.0,178.1557408718934,False,221.31763957744045,0.0,0,0,0.0,0
127,108062,265.0,346.1124853166134,False,1103.0905479122202,20.0,0,2,0.6800501066375579,0
3,2947858564,580.0,600.020412167903,False,2436.107163881493,155.0,2,18,22.59893305227113,0
225,25470694,170.0,267.64419525659304,False,691.1320250971132,0.0,4,0,0.0,0
226,5568839679,640.0,650.0299399357937,False,2698.6571846629167,180.0,2,4,6.226547373753214,0
6,14727249,420.0,477.9675084445373,False,1795.3294193338206,85.0,3,7,4.62056957873272,0
270,104315,800.0,816.2401700239252,False,3571.2608926256066,225.0,7,9,8.721284471113554,0
5,9791156,255.0,338.3926599312249,False,1062.561464638931,15.0,2,2,2.869075476580009,0
52,452486137,265.0,332.48488324675753,False,1031.545637045477,30.0,0,1,1.0901116766378063,0
183,1667118119,575.0,617.7854395519621,False,2529.3735576478,140.0,7,8,6.822010323699024,0
81,14017207475,375.0,436.4252720943962,False,1577.2326784955794,65.0,2,7,9.773214573864664,0
238,25257618,360.0,438.92230956943786,False,1590.3421252395483,50.0,2,2,2.6919425744677374,0
140,25502834,240.0,298.3543931608575,False,852.3605640945018,40.0,2,5,3.884437896508871,0
265,292252720,925.0,917.7637272313925,True,4104.259567964815,280.0,6,6,8.48804215257341,0
109,1684410076,245.0,336.26773713901144,False,1051.4056199798101,5.0,3,1,0.6323825631089842,0
141,4431563564,835.0,768.1998822655719,True,3319.0493818942523,390.0,6,18,18.993725602967015,0
174,9515370,1030.0,808.4724654984733,True,3530.4804438669844,650.0,4,17,18.03410642089681,0
27,108236,250.0,331.9855214286,False,1028.9239875001501,15.0,1,1,0.5886285077247598,0
54,21533913,415.0,493.2230344001987,False,1875.4209306010437,65.0,1,2,1.5925,0
128,1685751707,535.0,578.8043032419353,False,2324.722592020161,125.0,5,9,5.777104451288189,0
69,3764054180,400.0,452.57929596100166,False,1662.041303795259,80.0,3,8,5.761977846252842,0
108,9921844608,465.0,508.05454490675584,False,1953.286360760468,105.0,4,3,4.013126765259857,0
229,293812298,600.0,639.669139572544,False,2644.262982755856,150.0,3,8,6.55507378952578,0
80,25505558,480.0,520.7956735013718,False,2020.1772858822017,115.0,5,4,3.788441841154909,0
159,25532844,190.0,286.61366196080473,False,790.7217252942246,0.0,2,0,0.0,0
249,12265050664,845.0,794.204896530429,True,3455.5757067847526,285.0,11,13,15.845954409767076,0
46,25501773,590.0,602.5690761040045,False,2449.4876495460244,165.0,3,0,2.106435468554083,0
218,7261577394,240.0,300.2058569512314,False,862.0807489939644,30.0,3,1,1.231208919216022,0
187,2833448424,205.0,291.44007576983324,False,816.0603977916246,0.0,1,0,0.0,0
146,1667203550,740.0,758.8881205834753,False,3270.162633063245,205.0,7,5,7.607039725207036,0
143,26699543,580.0,583.0799201595988,False,2347.1695808378936,190.0,6,7,8.594902052118174,0
165,25533613,510.0,566.5294179309973,False,2260.2794441377364,110.0,1,5,2.425635889958566,0
211,25498869,785.0,786.352616917115,False,3414.351238814852,230.0,11,7,6.956479257705573,0
32,273194,260.0,348.28085057874796,False,1114.4744655384268,15.0,1,2,0.9184461293937591,0
139,25257284,630.0,674.7375901210514,False,2828.3723481355196,155.0,3,15,12.868863920527717,0
194,2441107358,315.0,392.38591641027165,False,1346.0260611539263,40.0,0,1,2.710300165229093,0
177,25470785,960.0,942.8610836511928,True,4236.020689168762,295.0,5,5,7.4645519806245675,0
137,5487714091,395.0,438.88017187090736,False,1590.1209023222646,85.0,3,2,2.529732062672347,0
122,1666324140,425.0,486.69517381183726,False,1841.149662512145,80.0,6,0,1.1855484589571088,0
129,107693,760.0,746.2258017648564,True,3203.685459265498,235.0,1,17,12.610613586856218,0
12,25495441,1015.0,800.9635200686972,True,3491.0584803606616,640.0,6,15,17.90416214137115,0
1,10544188928,295.0,368.54751827905125,False,1220.874470965019,35.0,3,0,2.012816055553555,0
220,255576,240.0,309.9462096898883,False,913.2176008719136,20.0,3,3,1.9543796090461316,0
272,10188265464,110.0,215.96271123845165,False,419.80423400187107,0.0,3,0,0.0,0
116,4249404271,170.0,265.89404936030627,False,681.943759141608,0.0,1,0,0.0,0
241,21665584,585.0,624.4654768367525,False,2564.4437533929513,145.0,1,2,3.588029089992606,0
166,1614978621,720.0,580.728880362037,True,2334.8266219006964,515.0,1,12,11.00782783850892,0
111,9295694734,915.0,910.3170367263833,False,4065.1644428135155,275.0,9,15,12.749650997534296,0
231,7223704403,625.0,652.771075007587,False,2713.04814378983,165.0,3,8,11.961099371545682,0
8,351788581,265.0,346.01474225919446,False,1102.577396860771,20.0,2,0,0.9164771558506287,0
123,14958918,350.0,402.92773374756285,False,1401.3706021747048,80.0,6,7,6.645982385098256,0
55,25472669,410.0,475.94293169442255,False,1784.7003913957183,75.0,4,6,5.6636154785773565,0
131,5393414955,625.0,517.8417700282206,True,2004.669292648156,625.0,0,33,39.41733084307048,0
120,21544863,145.0,246.00940906396474,False,577.5493975858149,0.0,1,0,0.0,0
33,366518767,795.0,625.1224292725401,True,2567.892753680837,420.0,5,13,10.87565041547573,0
132,282686499,575.0,517.746727406344,True,2004.170318883306,390.0,2,3,2.564816049567458,0
16,25613838,765.0,765.7106398997116,False,3305.9808594734877,225.0,5,5,6.771094401765996,0
287,10996228332,365.0,390.22434933902815,False,1334.6778340298974,125.0,3,6,7.6165345061124325,0
247,107715,585.0,568.5079668086055,True,2270.6668257451797,200.0,3,7,10.545417140281529,0
151,25504263,675.0,696.3727448817353,False,2941.9569106291115,185.0,5,3,7.814891373904102,0
276,25544131,540.0,509.30217047595147,True,1959.8363949987463,225.0,4,11,9.217402324682553,0
22,9167793401,870.0,693.6039256517187,True,2927.420609671523,600.0,6,11,15.88411292295802,0
38,1616122178,315.0,372.7347726206189,False,1242.857556258249,50.0,3,5,4.671481414991376,0
47,1104448112,235.0,329.01674018484306,False,1013.3378859704259,0.0,1,0,0.0,0
44,21645238,615.0,649.315613570406,False,2694.9069712446317,160.0,3,8,7.536669031967406,0
28,25544138,435.0,500.43074252053924,False,1913.2613982328314,80.0,3,2,1.4045379248584626,0
262,9521034,405.0,434.35691682208727,False,1566.3738133159586,115.0,3,6,4.994503129624944,0
74,25531001,1050.0,848.7499400486968,True,3741.9371852556587,455.0,10,12,10.384211217976826,0
36,383974165,400.0,474.9950785493395,False,1779.724162384033,65.0,1,6,7.84182675052393,0
158,6859207542,310.0,391.0145259637593,False,1338.8262613097363,35.0,3,3,2.137126839005288,0
31,25507041,545.0,552.5085406190911,False,2186.669838250229,155.0,0,30,35.4969284833894,0
263,25507041,930.0,917.2631479329226,True,4101.631526647844,285.0,12,7,6.520755830206246,0
60,26652351,780.0,614.0820813147616,True,2509.9309269024975,370.0,4,6,8.590609724245835,0
205,25257028,395.0,455.86259615686254,False,1679.2786298235274,75.0,4,4,5.142353979110732,0
293,771982972,495.0,550.127629382496,False,2174.170054258104,105.0,7,1,1.831703006934476,0
206,12120966378,590.0,636.1617901125584,False,2625.8493980909307,140.0,6,20,23.384242548163662,5
124,8752950708,475.0,530.8068769928543,False,2072.7361042124844,100.0,4,7,6.404988273530863,0
86,1667203491,385.0,458.53086196433946,False,1693.2870253127824,60.0,6,5,2.2750409980780923,0
59,6266808745,620.0,662.7388797155495,False,2765.3791185066357,155.0,6,3,1.982169033807403,0
167,677445939,700.0,698.9559047926978,False,2955.51850016166,215.0,10,5,6.462193516556134,0
25,454373621,685.0,679.5032091540788,True,2853.3918480589136,205.0,4,6,6.189300010681522,0
192,25714232,520.0,579.8449606514545,False,2330.186043420136,110.0,8,6,4.3107990007298795,0
279,21665912,590.0,625.7878102884669,False,2571.3860040144523,150.0,6,13,9.17271154604284,0
283,107319,375.0,445.811589522859,False,1626.5108449950094,60.0,5,3,1.7306113000060153,0
110,11135307178,895.0,905.2972880787643,False,4038.810762413511,260.0,5,5,6.956641609739931,0
190,255578,720.0,694.2718081945768,True,2930.9269930215273,230.0,8,1,4.426890335306605,0
135,108214,530.0,552.4429841991762,False,2186.3256670456744,140.0,3,5,4.5612749295708275,0
176,26699537,520.0,561.7390456647789,False,2235.1299897400904,520.0,1,36,41.61481475151777,0
234,107806,700.0,636.8345137380695,True,2629.3811971248647,455.0,5,11,13.982704824976365,0
142,102000,255.0,345.95656477225066,False,1102.2719650543158,10.0,3,1,0.6831914366011347,0
71,11505302188,890.0,731.0030765434601,True,3123.7661518531677,465.0,7,9,9.777718139198784,0
221,2441998875,430.0,477.06128705891183,False,1790.571757059287,95.0,5,5,7.562029027601283,0
255,25496780,565.0,597.1412779590113,False,2420.991709284809,145.0,3,6,5.606450030353663,0
195,25501773,685.0,694.0019518449741,False,2929.5102471861146,195.0,5,7,7.1356737171467675,0
232,9791487,250.0,326.13428801251416,False,998.2050120656995,20.0,2,4,6.713351664411578,0
187,12031865281,115.0,219.77816001086,False,439.83534005701523,0.0,1,0,0.0,0
294,21665582,360.0,411.530716783029,False,1446.5362631109026,360.0,4,29,34.913581098546345,0
45,25533129,465.0,485.6252808788695,False,1835.5327246140644,170.0,3,4,5.746683129518013,0
261,11679091624,355.0,393.10453687095503,False,1349.7988185725137,100.0,2,18,22.829079003250882,0
91,289996665,505.0,559.7716006531981,False,2224.8009034292895,110.0,6,12,9.09836854140887,0
118,6183125372,285.0,363.6487809011255,False,1195.1560997309093,30.0,2,3,3.1709857560453765,0
178,812264903,980.0,966.4636879866187,True,4359.93436192975,300.0,14,8,8.263575835705932,0
97,108258,550.0,614.4599399814647,False,2511.914684902689,115.0,3,7,5.497603476698237,0
210,452219937,850.0,834.815647992566,True,3668.7821519609715,265.0,15,9,9.012443251524916,0
7,108214,255.0,343.91310927575006,False,1091.5438236976881,10.0,5,0,0.24901400106826913,0
113,21554368,690.0,720.7719573421114,False,3070.052776046085,185.0,5,9,7.381366417063944,0
90,25473300,495.0,542.9735418888761,False,2136.6110949165995,110.0,4,1,1.6006769425544582,0
58,21392084,875.0,791.0253739563011,True,3438.8832132705793,430.0,10,28,36.582823947177644,3
260,25256620,805.0,806.4648633564129,False,3519.9405326211668,240.0,8,12,9.580140541870199,0
103,1684410105,485.0,507.3829812417862,False,1949.7606515193766,135.0,3,21,35.82434772859347,10
186,25502541,790.0,614.9717742869943,True,2514.60181500672,545.0,3,14,15.376648911022386,0
78,102031,905.0,670.4269462780663,True,2805.7414679598487,595.0,4,3,2.7990070921985817,0
188,107793,290.0,379.1206419812595,False,1276.3833704016117,20.0,1,0,1.3682323777989565,0
286,108070,760.0,622.0873173766983,True,2551.9584162276624,320.0,1,14,8.868650394816072,0
214,1666324108,865.0,840.037133581868,True,3696.1949513048044,275.0,10,9,8.54066265473962,0
66,10983187054,615.0,595.6501424105509,True,2413.1632476553946,195.0,5,3,6.605643887536259,0
100,2941537158,660.0,617.1528006684237,True,2526.0522035092235,235.0,8,7,7.014600895955468,0
72,6173783039,625.0,671.4534898184033,False,2811.130821546617,150.0,5,4,2.7228707254991193,0
48,21665912,370.0,391.0713432873066,False,1339.1245522583604,145.0,4,16,16.287219486924577,0
227,8421658424,295.0,373.9578223839889,False,1249.278567515941,30.0,1,6,5.51253308613581,0
162,25473371,450.0,515.8709489447691,False,1994.3224819600382,85.0,4,1,4.214281301138925,0
278,21665361,300.0,354.651255723206,False,1147.9190925468313,80.0,1,13,9.898651375713548,0
201,1694551560,495.0,556.5913700273674,False,2208.1046926436793,105.0,1,3,4.027924351723111,0
252,12198538,845.0,822.8886171094306,True,3606.165239824511,280.0,8,11,12.326533318333773,0
169,7223638134,770.0,632.826563395915,True,2608.339457828554,540.0,7,9,11.207512252426511,0
134,9849094224,405.0,413.4623542967922,False,1456.677360058159,175.0,1,7,5.528176941483467,0
125,11052055761,900.0,870.5951590220513,True,3856.624584865768,290.0,8,7,4.539874188800147,0
92,13565582698,310.0,364.7680920079646,False,1201.032483041814,75.0,5,3,2.5773170534374628,0
223,734769756,595.0,631.6639404409526,False,2602.235687315,150.0,5,4,4.585020946634203,0
216,9512908,710.0,685.0044415219536,True,2882.273317990258,230.0,6,15,15.563663897741762,0
259,4709189403,455.0,471.34123586409555,False,1760.5414882865023,155.0,3,4,5.6583323770387235,0
9,6943750656,1285.0,1056.7501411347964,True,4833.938240957685,690.0,5,16,18.131069194271696,0
181,1230374510,1015.0,962.3502293317645,True,4338.3387039917625,340.0,9,4,7.3495230880576,0
228,25524248,615.0,635.6846147479926,False,2623.3442274269614,170.0,4,14,21.9984273347559,4
94,6940326497,375.0,414.94255962355385,False,1464.448438023657,110.0,8,3,4.342276916480619,0
295,9294989257,290.0,378.29160968620937,False,1272.0309508526,25.0,1,1,1.3555932983187648,0
207,6521839583,655.0,628.0164215921195,True,2583.086213358627,285.0,4,7,9.034433343885562,0
245,10544188931,510.0,553.9122420796944,False,2194.0392709183957,510.0,1,56,60.21454321611949,0
112,13329450969,345.0,422.58470857080385,False,1504.5697199967208,45.0,3,2,2.280872804733193,0
88,3147915554,765.0,777.0746495495679,False,3365.6419101352312,220.0,5,21,19.30090520773455,0
39,25472291,940.0,915.1710123351428,True,4090.6478147595003,295.0,5,6,6.634312204384096,0
290,1667203543,680.0,712.6136834031231,False,3027.221837866399,180.0,10,1,4.141980050712945,0
156,11863161,705.0,725.739294387934,False,3096.1312955366548,220.0,5,10,10.459441491400131,0
239,25503799,645.0,581.8689458544001,True,2340.8119657356006,235.0,3,3,6.929368625428245,0
75,1598214606,355.0,431.0429192434744,False,1548.9753260282405,50.0,4,3,2.741648636562532,0
258,2971399444,425.0,481.6102232646875,False,1814.4536721396103,85.0,5,3,1.536743576117977,0
154,11707733696,535.0,586.6342701355051,False,2365.829918211403,120.0,8,3,4.3523601339088795,0
117,102020,775.0,738.4765899953254,True,3163.0020974754602,275.0,7,19,17.222936412668474,0
116,4216272817,160.0,257.6725648031558,False,638.7809652165681,0.0,2,0,0.0,0
98,10996228332,795.0,806.2241921485614,False,3518.6770087799478,230.0,6,6,3.0657031783164053,0
120,21665367,150.0,241.08623180530117,False,551.7027169778313,30.0,0,2,4.0926139936129635,0
53,9791156,540.0,551.6959320377547,False,2182.4036431982136,175.0,8,6,5.492035805986072,0
296,109348,1290.0,1023.6332468918238,True,4660.074546182065,685.0,8,17,19.78697279406773,0
4,14728072,585.0,609.6410720873318,False,2486.615628458491,155.0,4,8,6.474528019355241,0
264,2441998875,510.0,553.0605142966692,False,2189.567700057513,120.0,4,5,5.612538413901125,0
61,9512926,405.0,462.3219368395578,False,1713.1901684076777,80.0,0,6,7.544057245873409,0
243,107320,590.0,625.7580752032636,False,2571.229894817133,150.0,4,4,4.247081236443045,0
233,9791152,685.0,668.5692318715447,True,2795.9884673256124,215.0,9,5,3.1776000855378927,0
67,21665590,925.0,742.3629478891371,True,3183.405476417968,570.0,2,21,19.166521075038414,0
284,9512937,590.0,605.3292013425561,False,2463.9783070484177,165.0,2,1,2.1525847578487363,0
14,107793,580.0,609.7530559417759,False,2487.203543694322,150.0,5,7,7.470158492710824,0
224,11783244661,895.0,872.0925977611682,True,3864.486138246134,280.0,8,7,7.046353749689579,0
127,2191480791,285.0,370.0494291768557,False,1228.7595031784933,25.0,1,1,0.7173794236286076,0
256,9778345904,535.0,555.2862044650768,False,2201.2525734416536,145.0,4,11,7.3581667300475635,0
250,255576,370.0,422.6836586103989,False,1505.0892077045937,115.0,2,9,10.001768398732423,0
219,25257284,485.0,535.0160943280326,False,2094.8344952221705,110.0,2,16,21.24291077323747,0
50,452168032,740.0,749.5244611058417,False,3221.0034208056713,215.0,5,22,19.212082202521103,0
241,1317156147,200.0,296.73699311810344,False,843.869213870043,0.0,3,0,0.0,0
155,8972731452,745.0,730.7349669593088,True,3122.35857653637,230.0,6,20,29.545191978425237,0
17,11456439398,1095.0,858.3926769056839,True,3792.5615537548397,850.0,7,54,56.098942130625815,0
179,452168032,485.0,551.6591775438472,False,2182.2106821051975,95.0,1,13,14.94349185501115,2
64,25498869,630.0,638.8491185650472,False,2639.957872466497,180.0,3,14,13.87821432179739,0
13,25524240,420.0,493.284498788737,False,1875.7436186408706,70.0,0,1,1.683872793455175,0
76,6943758097,760.0,788.4867081363943,False,3425.5552177160694,205.0,5,9,7.575876217075483,0
132,9791497,200.0,289.99128753651365,False,808.4542595666969,0.0,1,0,0.0,0
68,821341516,660.0,647.4226531103309,True,2684.9689288292375,245.0,3,15,11.263784234215656,0
103,107797,105.0,217.1311209601583,False,425.938385040831,0.0,1,0,0.0,0
160,21665580,750.0,693.4086448738191,True,2926.395385587551,330.0,4,10,10.567348051474145,0
236,21665581,670.0,666.3288532124157,False,2784.2264793651825,200.0,8,9,9.39794829824837,0
230,10544188931,670.0,685.7337645700695,False,2886.102263992864,670.0,5,36,41.88377148870991,3
21,25531990,695.0,678.7929739372635,True,2849.663113170634,250.0,6,2,8.204779548214514,0
102,6313634646,835.0,780.7106805812878,True,3384.7310730517593,315.0,5,17,15.995206221966136,0
276,25495441,210.0,306.2899972911843,False,894.0224857787176,0.0,1,0,0.0,0
99,9512935,350.0,398.87590542697575,False,1380.098503491622,80.0,2,8,6.729729197160141,0
29,2271422636,570.0,625.5135228778443,False,2569.9459951086806,130.0,9,4,5.38003190896249,0
234,4702603699,170.0,254.94687326266578,False,624.4710846289953,0.0,1,0,0.0,0
11,317930325,515.0,555.5615189060715,False,2202.697974256875,125.0,1,9,7.421549711128141,0
95,25495441,450.0,516.6812153982119,False,1998.576380840613,85.0,4,0,1.370413260080669,0
170,8044483426,335.0,413.6995917456543,False,1457.922856664685,45.0,2,8,15.471479009374226,2
83,6521883874,505.0,560.6808475090453,False,2229.5744494224873,110.0,4,2,2.3474741688571474,0
191,14017207475,410.0,445.5644627499106,False,1625.213429437031,125.0,2,7,3.705482734647262,0
59,3485458226,195.0,297.24571077367364,False,846.5399815617865,0.0,2,0,0.0,0
237,1317156147,435.0,492.6969586163434,False,1872.6590327358026,90.0,3,5,6.791061980275839,0
57,12292980260,540.0,561.3999278139696,False,2233.34962102334,145.0,7,24,34.74421291112622,0
285,26591531,375.0,434.9034210608954,False,1569.242960569702,70.0,2,5,3.715134591918294,0
164,27503587,400.0,474.64460307669106,False,1777.8841661526278,65.0,3,5,4.009567220544423,0
158,21665716,215.0,308.7399923905284,False,906.884960050274,0.0,1,0,0.0,0
35,2947858564,855.0,802.6136574949965,True,3499.7217018487327,290.0,7,7,4.735852184318732,0
288,25473371,815.0,661.3411614692983,True,2758.0410977138135,350.0,3,5,8.016075556424687,0
15,534993866,795.0,765.8958524091349,True,3306.9532251479586,260.0,6,7,5.729297821908919,0
19,9515379,985.0,961.920092473147,True,4336.0804854840235,310.0,4,7,12.066514412636765,0
38,9371329938,230.0,319.57367726215034,False,963.7618056262894,5.0,0,0,0.5564653407455226,0
87,9294989287,420.0,483.29823753891964,False,1823.315747079328,80.0,4,6,6.644723901561705,0
116,1667203511,100.0,213.96480482992672,False,409.3152253571151,0.0,0,0,0.0,0
199,25501065,650.0,618.6107298302531,True,2533.706331608829,255.0,2,11,10.934769468314148,0
275,14727249,460.0,527.6683046291785,False,2056.258599303187,90.0,7,1,3.909350876879555,0
273,972535469,535.0,595.9081951490421,False,2414.5180245324714,115.0,8,1,1.922321556603926,0
190,21590614,215.0,308.93810013435973,False,907.9250257053885,0.0,1,0,0.0,0
144,107812,555.0,586.104941457883,False,2363.050942653886,140.0,4,6,2.4535537647229897,0
136,5568839679,770.0,752.2697255467069,True,3235.416059120212,240.0,7,3,4.981633590971292,0
77,11329900032,960.0,751.7275950989829,True,3232.5698742696586,670.0,5,23,17.359666611082176,0
157,6940326497,565.0,614.5686284757039,False,2512.4852994974453,130.0,8,4,3.7577859055697744,0
244,881887811,760.0,783.5051138941645,False,3399.401847944363,210.0,9,6,6.189052891333489,0
196,4709189403,660.0,689.1559861798128,False,2904.068927444018,175.0,4,4,3.790627954109613,0
96,26699544,905.0,787.6065729278026,True,3420.9345078709625,400.0,5,13,14.263983896679202,0
84,5560599869,420.0,481.6434085707963,False,1814.6278949966804,80.0,3,2,2.5972307728275768,0
222,25498869,580.0,643.9174100534171,False,2666.5664027804396,125.0,3,3,3.376002662648446,0
171,12689154,915.0,749.4446014154287,True,3220.5841574310016,490.0,5,8,10.099041110116868,0
88,25505558,145.0,251.72055500403803,False,607.5329137711993,0.0,3,0,0.0,0
147,104310,600.0,621.2741107011092,False,2547.6890811808244,165.0,8,20,27.637383598831086,0
207,82710879,145.0,249.9295481449915,False,598.1301277612054,0.0,0,0,0.0,0
146,109836,340.0,415.18761752275896,False,1465.734991994485,45.0,3,0,2.6597795324292806,0
52,6521839583,385.0,419.7003775332967,False,1489.4269820498075,90.0,4,10,6.016179176341468,0
205,21533912,260.0,341.76058941264506,False,1080.2430944163862,20.0,3,2,1.5102872257962532,0
107,25532839,700.0,720.4865722210436,False,3068.554504160478,195.0,7,7,5.256312121592362,0
183,9791482,385.0,462.71962681668106,False,1715.2780407875757,60.0,7,4,2.1855281515085014,0
152,1106056863,680.0,709.2445694588973,False,3009.533989659212,180.0,3,4,7.154829449486479,0
110,108045,240.0,319.96498021113393,False,965.816146108453,15.0,2,1,0.7475919797648456,0
235,25476041,835.0,870.8773506850398,False,3858.106091096458,225.0,5,3,6.125632756326698,0
105,1598214606,675.0,706.4471484333308,False,2994.8475292749868,180.0,5,3,3.449700408050649,0
114,1630526800,450.0,495.66754003379157,False,1888.254585177406,100.0,4,7,10.077472856530015,0
56,21665719,640.0,665.2676225211079,False,2778.655018235816,170.0,3,10,12.82542026370387,0
104,25496780,785.0,797.8751165303653,False,3474.8443617844173,225.0,10,8,7.503351614667549,0
169,9300541907,180.0,276.27705548021555,False,736.4545412711315,0.0,2,0,0.0,0
203,25533129,600.0,634.1429251059824,False,2615.250356806407,155.0,4,4,4.177171203701159,0
133,107318,435.0,506.7348546662441,False,1946.3579869977818,80.0,3,0,1.0301190082168454,0
280,107812,595.0,531.6588619175445,True,2077.209025067108,415.0,4,15,13.947641171085273,0
177,5932875004,340.0,370.02473813806466,False,1228.62987522484,130.0,5,20,14.980845925031106,0
40,12026767,810.0,782.150284411516,True,3392.288993160461,260.0,6,14,14.62577910863839,0
197,452514276,695.0,700.8787204777132,False,2965.613282507994,200.0,0,7,6.131774464095139,0
161,1607738730,595.0,632.8154052284307,False,2608.2808774492614,150.0,4,12,14.519997386300629,1
51,25501328,660.0,684.3129670571531,False,2878.6430770500515,185.0,9,11,7.870769591287104,0
257,109832,810.0,791.295019890183,True,3440.298854423457,255.0,2,14,13.759169616968743,0
193,25375955,480.0,519.9562588312971,False,2015.7703588643099,115.0,4,1,2.062160126520141,0
64,7684091166,125.0,231.33486742270253,False,500.50805396918827,0.0,0,0,0.0,0
28,25471371,300.0,362.63482490239863,False,1189.8328307375928,45.0,0,2,1.6768215463745513,0
168,25496780,605.0,643.9366936363255,False,2666.6676415907077,150.0,4,11,11.821860710872482,0
220,25496773,345.0,427.33086334290897,False,1529.4870325502711,45.0,3,2,1.9240138286062665,0
266,21665911,530.0,564.8214919451462,False,2251.312832712016,530.0,6,14,13.921857976406756,0
263,1678452820,305.0,364.5528784942693,False,1199.9026120949138,45.0,2,3,2.6251117882027213,0
198,25524240,1050.0,1013.8292956386275,True,4608.603802102793,340.0,8,20,15.633949047782595,0
242,275424,1250.0,833.9869912064231,True,3664.4317038337126,845.0,2,0,0.4077614469682247,0
247,268272727,330.0,411.50980726543867,False,1446.4264881435531,40.0,4,1,0.49372899485817207,0
16,333725797,335.0,409.79491857931873,False,1437.423322541423,45.0,3,2,1.9220336994308274,0
63,25256616,545.0,591.7509187726912,False,2392.6923235566273,130.0,4,4,3.1850000000000005,0
82,9512928,990.0,801.2133700542429,True,3492.370192784775,585.0,5,17,15.97549081377088,0
246,6943750656,1235.0,1013.6230270042345,True,4607.5208917722275,610.0,12,21,17.192487739354572,0
192,107320,295.0,378.8901408065369,False,1275.1732392343185,25.0,2,1,0.5927331802688925,0
172,14069254029,855.0,700.9951934885321,True,2966.2247658147926,405.0,9,11,9.151458272468258,0
106,25474676,460.0,516.8730084574163,False,1999.583294401436,95.0,3,14,16.600696347573738,0
282,110004,940.0,903.4818961716506,True,4029.279954901168,305.0,5,16,11.726467824653122,0
54,9512924,425.0,484.3214774295508,False,1828.6877565051418,85.0,6,5,3.1897513079372275,0
43,25473408,560.0,606.9458899961886,False,2472.46592247999,135.0,3,4,3.3958950937340995,0
89,108901,685.0,681.5037275522434,False,2863.894569649278,230.0,6,8,11.929763531883639,0
30,25473260,1045.0,856.8468428888896,True,3784.445925166668,445.0,3,11,13.115117995426218,0
173,8916243,525.0,534.2068820661824,False,2090.5861308474573,150.0,3,17,21.941872365699968,0
3,2214957485,460.0,503.58553368019204,False,1929.8240518210087,105.0,1,5,5.598180345654632,0
81,677445936,450.0,474.755113175895,False,1778.4643441734497,115.0,3,14,13.96713809822353,0
174,25472666,435.0,482.19795688174764,False,1817.5392736291756,95.0,5,6,5.134794798744551,0
218,333650017,410.0,441.4906728914046,False,1603.8260326798736,110.0,6,13,17.23696013309526,1
131,25533578,360.0,411.1278342549018,False,1444.4211298382343,70.0,1,7,6.235650130096733,0
180,11198147395,535.0,546.0766833184749,False,2152.902587421992,150.0,2,5,7.543993683839753,0
26,25257290,670.0,711.8397540420364,False,3023.158708720692,170.0,6,4,5.042684315138047,0
16,107349,25.0,151.91595268953128,False,83.5587516200392,0.0,0,0,0.0,0
32,13808620797,410.0,478.31327201711883,False,1797.1446780898737,75.0,2,9,7.961955514797552,0
149,2441998875,540.0,555.1197502175503,False,2200.378688642138,175.0,3,16,18.694345868943216,0
201,4784457202,255.0,343.3217687017623,False,1088.4392856842524,10.0,0,2,0.8556655164463737,0
215,1684410086,680.0,708.2564969686737,False,3004.3466090855377,180.0,10,3,3.506549822696279,0
73,1322321604,575.0,608.0417610533054,False,2478.2192455298537,155.0,5,9,5.4646428063610255,0
187,26559618,310.0,388.1061035390063,False,1323.5570435797829,35.0,1,3,1.545701753131793,0
166,1678452742,395.0,450.26429406819517,False,1649.8875438580253,75.0,1,3,5.39957057902218,0
27,4233926316,455.0,500.9271916352045,False,1915.8677560848237,100.0,3,12,11.033310787357127,0
240,102041,580.0,609.8805878376536,False,2487.8730861476815,150.0,1,25,33.17408599349948,1
163,21563009,690.0,674.0144330608522,True,2824.5757735694756,215.0,4,12,12.328814142125504,0
249,5393414954,445.0,485.3362113777705,False,1834.0151097332944,445.0,3,51,55.92977188817214,0
260,25530312,295.0,368.8008149714226,False,1222.2042785999688,35.0,4,2,1.1964532046689011,0
175,4969460352,1480.0,981.6348960951415,True,4439.583204499501,1310.0,2,5,5.141051558271499,0
176,11863145,340.0,413.7074814551983,False,1457.964277639791,50.0,3,2,1.1353016029171354,0
31,9791487,375.0,453.0648377331758,False,1664.590398099174,55.0,2,3,3.0597883506993484,0
274,109348,595.0,611.6239279724123,False,2497.0256218551644,165.0,3,7,7.312017496295199,0
184,25533613,570.0,595.5080144879212,False,2412.417076061586,150.0,6,4,3.0760559611779317,0
202,500486430,900.0,746.4212097260809,True,3204.711351061927,530.0,7,15,14.408722298157715,0
257,21665585,80.0,193.70703961971768,False,302.9619580035178,0.0,1,0,0.0,0
251,2191480791,1160.0,951.9521224305378,True,4283.748642760317,490.0,8,25,24.932128644665564,0
248,4962063593,855.0,783.0966113042842,True,3397.2572093474914,415.0,5,11,14.338947403371726,0
139,21666010,450.0,468.44444035516574,False,1745.3333118646199,125.0,3,20,23.267039097238136,0
145,21665583,655.0,628.6103613008527,True,2586.204396829477,655.0,9,80,96.89312870669,3
97,21665583,330.0,371.1127657224865,False,1234.3420200430533,330.0,2,50,68.64404530483777,3
222,1667203491,125.0,222.07470543680563,False,451.89220354322947,0.0,0,0,0.0,0
70,1317156147,625.0,650.0238445692021,False,2698.6251839883084,165.0,3,7,5.760037891212597,0
12,25472769,445.0,504.45460032492485,False,1934.3866517058545,90.0,3,2,2.068963530559275,0
62,14069254029,580.0,625.2612526474635,False,2568.6215763991836,140.0,7,9,6.872936110038527,0
277,26559368,745.0,613.553995634009,True,2507.158477078548,420.0,3,6,9.790386042638469,0
85,1666324108,585.0,620.6497457813533,False,2544.4111653521063,150.0,5,25,45.365273640596484,14
119,9512937,670.0,646.6367206019563,True,2680.842783160271,265.0,0,17,16.436129292911208,0
137,25476020,465.0,511.22761967373776,False,1969.9450032871237,105.0,0,5,3.996300938279602,0
148,1667203511,680.0,644.3662317944819,True,2668.9227169210303,235.0,8,43,56.65075056014714,9
100,25473373,335.0,392.4919685419939,False,1346.5828348454681,60.0,2,7,8.504962903087856,0
49,383974165,740.0,699.0934215750121,True,2956.240463268812,280.0,6,8,8.82682990016078,0
170,496813005,205.0,297.09959123667653,False,845.772853992552,0.0,2,0,0.0,0
279,25473371,390.0,452.93372282206985,False,1663.9020448158676,70.0,1,4,4.1318535260182525,0
210,25256330,360.0,439.6473079079117,False,1594.1483665165358,50.0,0,1,1.6022894352923127,0
47,8094435229,425.0,487.1155057431527,False,1843.3564051515516,80.0,3,1,2.899652515783653,0
153,25533438,635.0,511.01839523606577,True,1968.846574989345,475.0,3,11,10.318160807808189,0
86,5244680779,405.0,474.8056265401081,False,1778.7295393355676,70.0,2,2,2.051503060240919,0
206,26591525,410.0,468.53026342624656,False,1745.7838829877946,80.0,3,1,1.1364718480260827,0
19,812264838,195.0,292.7196966687535,False,822.7784075109556,0.0,0,0,0.0,0
118,13567811111,375.0,408.8843974460006,False,1432.6430865915027,100.0,2,6,6.669271250565884,0
295,25501016,320.0,385.9121594416062,False,1312.0388370684325,45.0,2,9,9.067567313250136,0
122,25533578,490.0,535.2843611042416,False,2096.242895797268,115.0,2,6,5.3745689407444335,0
20,9512908,975.0,781.525237836094,True,3389.0074986394916,615.0,6,14,16.3217516350471,0
71,9791487,400.0,461.33212582673707,False,1707.9936605903692,75.0,2,6,4.473460051821075,0
35,9806677456,220.0,306.606257361566,False,895.6828511482213,5.0,1,1,0.7271552759634367,0
262,9521033,440.0,486.24150621576484,False,1838.7679076327643,95.0,2,1,3.2679437370090683,0
10,1619354114,705.0,735.8868287122166,False,3149.4058507391383,185.0,6,6,6.552041655112326,0
189,25474562,1275.0,886.0160688995098,True,3937.584361722424,885.0,7,4,3.439621767753894,0
281,1614846702,1065.0,866.8431614359175,True,3836.9265975385647,635.0,5,10,15.904601013655753,0
93,691084080,620.0,622.8433763522785,False,2555.927725849464,180.0,5,7,5.2946609404189005,0
154,4702603699,325.0,400.1577629713281,False,1386.8282555994724,40.0,4,3,2.093934159833884,0
98,9760809038,325.0,395.77666929602196,False,1363.827513804115,45.0,1,2,1.969902816644432,0
140,4215728338,560.0,599.7176138443518,False,2434.517472682847,140.0,2,12,12.073310011466708,0
204,603756849,855.0,865.5553807834754,False,3830.1657491132455,245.0,7,13,11.306728080310167,0
150,2191480791,870.0,882.1783526327347,False,3917.436351321858,250.0,12,3,5.1675676937141475,0
115,1166056970,610.0,632.8291040709637,False,2608.35279637256,165.0,3,9,7.3666289306518715,0
125,25495441,365.0,427.6091728868852,False,1530.9481576561475,65.0,4,1,2.5518703343507725,0
255,25378119,430.0,479.97150976917806,False,1805.8504262881847,90.0,1,2,1.5985957991489022,0
75,108070,345.0,412.031871799269,False,1449.1673269461621,60.0,3,3,2.9301981210440236,0
213,691084080,870.0,843.0671815227336,True,3712.102702994352,275.0,6,4,3.752982139405249,0
142,25473284,440.0,490.8896982807347,False,1863.170915973858,95.0,4,0,1.2076359170259592,0
129,2910874877,530.0,558.7228294702666,False,2219.2948547188985,135.0,5,4,6.620389255165269,0
60,26652351,480.0,491.0915454231683,False,1864.2306134716348,160.0,6,13,15.010966456177917,0
226,1230855633,610.0,621.8956318758316,False,2550.9520673481143,170.0,7,17,12.170492470265899,0
159,25607361,575.0,556.3567926092313,True,2206.873161198465,185.0,6,0,2.184364409583155,0
253,14791174,835.0,685.9289561252316,True,2887.1270196574656,450.0,5,10,9.682526799521835,0
268,1947324461,735.0,749.7040994635012,False,3221.946522183381,220.0,8,1,3.7839787035757633,0
181,26699543,385.0,423.9443620355189,False,1511.7079006864735,100.0,2,5,4.345274765406674,0
220,9620045688,190.0,289.0995834196816,False,803.7728129533284,0.0,1,0,0.0,0
113,104315,435.0,493.55672599708424,False,1877.1728114846926,85.0,4,2,1.366057640107476,0
214,107319,420.0,477.2847951936795,False,1791.7451747668174,85.0,4,3,5.327426214632294,0
41,12453538825,1050.0,863.8459929875357,True,3821.1914631845593,445.0,4,13,12.875253790204114,0
99,4702603653,300.0,374.4379951873241,False,1251.7994747334512,35.0,2,1,0.7645352704333346,0
225,9921844608,625.0,667.2598415078385,False,2789.114167916152,155.0,7,6,6.431968346160772,0
80,21533912,590.0,619.7632205494851,False,2539.756907884797,155.0,3,25,41.17617092109934,9
238,4211515634,605.0,639.3284025961148,False,2642.4741136296016,155.0,8,12,15.557320696939126,0
194,4249404271,560.0,589.0724974523048,False,2378.6306116246014,145.0,7,4,3.1875655755881107,0
267,9515370,850.0,724.1755489198107,True,3087.921631829004,385.0,2,12,10.061831395312936,0
79,25472873,725.0,569.8469943724633,True,2277.696720455432,410.0,3,9,9.290119168606312,0
126,108300,735.0,715.9131466468746,True,3044.5440198960896,230.0,3,18,17.667471533351556,0
112,11309776203,390.0,447.5073142364796,False,1635.4133997415179,75.0,2,1,1.9108343271965749,0
285,108059,285.0,365.56001407248436,False,1205.1900738805434,25.0,4,2,1.8802204672799283,0
292,4962063593,790.0,788.7242666958286,False,3426.802400153099,235.0,2,4,5.749718032707516,0
228,1684410143,400.0,457.1743578966748,False,1686.165378957543,75.0,3,3,4.443012107894993,0
42,25496773,680.0,700.8875776962877,False,2965.6597829055086,185.0,7,17,12.228828314366776,0
2,25472806,760.0,792.0578347089287,False,3444.303632221874,205.0,3,7,6.9440744957823295,0
167,9791487,490.0,544.2774106857565,False,2143.456406100222,105.0,4,7,2.201922805891837,0
83,6424675168,305.0,390.2307460280317,False,1334.7114166471656,30.0,1,2,1.7238618082058468,0
141,25471089,625.0,668.1770800432843,False,2793.9296702272427,155.0,4,3,7.315500865019998,0
245,282686499,410.0,430.01847275673555,False,1543.5969819728618,135.0,2,6,4.455373700855328,0
185,9789814,665.0,696.9706653054344,False,2945.0959928535312,175.0,4,5,5.878137682846532,0
232,534993866,490.0,537.0162761654866,False,2105.3354498688045,110.0,3,2,5.847635170168256,0
259,107793,425.0,461.91530789595083,False,1711.0553664537415,115.0,2,6,6.684472282708088,0
45,4239701265,485.0,549.0382801904846,False,2168.4509710000434,100.0,4,9,9.484668482468141,0
260,9398115367,165.0,266.601896615532,False,685.6599572315429,0.0,1,0,0.0,0
247,25495769,220.0,318.8137715644931,False,959.7723007135887,0.0,1,0,0.0,0
25,13808848004,515.0,541.7630937369044,False,2130.2562421187486,135.0,3,3,2.4351952402219506,0
8,4702603699,570.0,616.5862733949098,False,2523.0779353232774,135.0,3,10,6.451481501909854,0
178,25533613,490.0,496.76726642118086,False,1894.0281487111993,195.0,1,17,11.663450008281776,0
34,25524240,795.0,754.4359006023218,True,3246.7884781621897,265.0,5,21,24.360563791556036,0
269,194250,815.0,727.9108085410941,True,3107.5317448407454,305.0,3,6,4.201476873159944,0
201,1938580083,195.0,258.1474268344145,False,641.2739908806763,40.0,0,4,3.906588845614075,0
270,4174200043,665.0,683.2525769898616,False,2873.0760291967727,185.0,7,4,4.318610510341204,0
44,13355224,560.0,583.1709858692449,False,2347.647675813536,150.0,1,2,4.96422571641877,0
155,25476041,380.0,441.05035850988384,False,1601.5143821768902,70.0,2,4,4.40731480204615,0
14,25501320,400.0,448.13331154264745,False,1638.6998855988986,105.0,5,9,7.6871074689159045,0
81,7261577394,220.0,312.42640780180983,False,926.2386409595014,0.0,1,0,0.0,0
23,1614978560,910.0,778.5102589191383,True,3373.178859325477,420.0,6,5,11.271229025766283,0
131,108214,230.0,325.84597286835435,False,996.6913575588604,0.0,1,0,0.0,0
243,12765774269,420.0,468.84496374500435,False,1747.4360596612728,90.0,2,3,1.719024722091065,0
109,1938580083,670.0,682.6088267795091,False,2869.696340592423,200.0,7,3,3.902606979417211,0
169,107797,290.0,373.64444299133885,False,1247.6333257045292,25.0,2,4,4.421207759445588,0
124,2919558521,565.0,616.8564701275513,False,2524.496468169645,130.0,7,3,4.978315514470109,0
275,25417428,340.0,396.62672947335193,False,1368.2903297350974,80.0,4,13,15.131256540723076,0
209,1616122178,1000.0,825.7556503286887,True,3621.2171642256126,565.0,7,14,13.992232575730679,0
90,10188265464,520.0,573.8050555037291,False,2298.476541394579,115.0,3,12,9.049219479898586,0
147,25476020,320.0,400.5989778671942,False,1389.1446338027697,35.0,1,1,0.6127835155822512,0
287,4397152731,610.0,560.5665696888561,True,2228.9744908664943,245.0,5,0,2.864580181006007,0
212,21665582,850.0,774.8108868274683,True,3353.757155844207,850.0,7,56,62.370065415653826,0
45,1230855633,55.0,173.80959373709365,False,198.50036711974158,0.0,0,0,0.0,0
21,108224,395.0,456.93868971132156,False,1684.9281209844385,75.0,2,7,3.353829533890599,0
183,4712556962,330.0,406.2572729383207,False,1418.8506829261835,45.0,2,1,0.9312807565860516,0
227,1667203491,520.0,572.0813949726888,False,2289.4273236066147,115.0,6,2,3.1182874767603725,0
62,3085005064,205.0,297.0039833098338,False,845.2709123766272,0.0,1,0,0.0,0
51,25532841,315.0,395.74727003484026,False,1363.6731676829115,35.0,2,2,1.088804474679905,0
152,881887811,340.0,404.0384920976476,False,1407.2020835126498,55.0,3,3,2.7443839015660076,0
265,14003329325,715.0,644.7229987382327,True,2670.795743375722,260.0,4,3,3.384245099193893,0
149,25532839,265.0,337.35758471926613,False,1057.1273197761475,25.0,2,1,0.3099703293683314,0
138,435144778,880.0,808.6524049971913,True,3531.425126235255,310.0,1,2,3.341507092198582,0
68,21665360,435.0,498.3742303544363,False,1902.4647093607905,85.0,5,4,4.857982347651388,0
36,3077397235,620.0,614.9967142463402,True,2514.7327497932856,185.0,8,4,5.228558593592656,0
162,255576,535.0,577.5609792989765,False,2318.1951413196275,130.0,4,3,2.5662665062407255,0
4,25502834,485.0,549.000477574875,False,2168.2525072680937,100.0,4,6,7.720457561260045,0
294,25531001,575.0,575.8810244195663,False,2309.3753782027225,205.0,4,7,5.558738091293559,0
241,5011388934,455.0,453.9115672581589,False,1669.035728105335,195.0,2,12,9.744032748170838,0
117,25498869,495.0,568.7574103303617,False,2271.9764042343995,95.0,1,1,2.4094981034855647,0
80,9791489,120.0,228.23204819946255,False,484.2182530471784,0.0,1,0,0.0,0
200,25473293,825.0,744.9380054847735,True,3196.924528795063,305.0,8,5,3.530558399780136,0
127,25531001,470.0,522.9621541675082,False,2031.5513093794173,100.0,3,2,2.4514845479312704,0
5,844784034,755.0,725.0794276106916,True,3092.666994956132,245.0,3,6,6.539259745645893,0
176,25257026,260.0,349.3001466920481,False,1119.8257701332525,15.0,1,2,0.6948013784406692,0
111,9789814,675.0,611.283252929713,True,2495.2370778809927,435.0,4,13,9.64492599206426,0
283,25544130,615.0,648.8744524320498,False,2692.5908752682626,160.0,2,1,3.7154158655514276,0
191,1938580083,430.0,470.53032265416044,False,1756.2841939343416,100.0,4,6,3.247936864561861,0
216,1697813681,540.0,568.1888568804372,False,2268.991498622294,140.0,4,10,9.18665658378055,0
271,13607965455,1120.0,907.9324596535549,True,4052.6454131811647,535.0,9,7,10.374532999524613,0
195,5244680779,610.0,644.0425472467876,False,2667.2233730456337,155.0,8,10,10.17376768127668,0
290,5387300688,535.0,589.716918513296,False,2382.0138221948037,120.0,0,5,5.909016597358619,0
279,5398463417,235.0,327.24272637882495,False,1004.024313488831,5.0,0,1,0.2877954603669412,0
78,9789815,585.0,608.8505015626978,False,2482.4651332041635,160.0,11,9,7.546959640851843,0
40,4239164192,365.0,434.9429173180688,False,1569.4503159198607,60.0,4,3,2.12890410397774,0
288,9475518,450.0,472.7126956637124,False,1767.7416522344897,115.0,2,2,1.6088508042672824,0
18,9791489,1030.0,845.473943317081,True,3724.7382024146764,515.0,6,9,12.09954975357987,0
198,11198147395,360.0,425.2647268672283,False,1518.6398160529486,60.0,4,2,3.139681293645342,0
30,25472633,340.0,417.31747834143084,False,1476.916761292512,45.0,3,0,2.974484234847613,0
291,383974165,940.0,752.3250240031985,True,3235.706376016791,420.0,4,7,9.201898393023011,0
143,7261577394,755.0,734.4687371020839,True,3141.9608697859403,240.0,8,8,6.483186453869893,0
244,603751942,425.0,495.9334617598797,False,1889.650674239369,75.0,2,5,2.5968160107325455,0
38,1667203485,455.0,524.2580162484606,False,2038.354585304419,85.0,2,4,1.6026843199001162,0
46,25470694,760.0,625.690834537515,True,2570.876881321956,505.0,4,7,9.918685410675872,0
289,107319,860.0,774.8844854323297,True,3354.143548519731,315.0,7,5,4.764355217991955,0
82,5112906884,375.0,451.34861997511916,False,1655.5802548693764,55.0,2,5,2.4994969907880304,0
134,25544119,595.0,574.0780986630649,True,2299.91001798109,310.0,5,12,16.036807438302304,0
65,4303455913,985.0,879.5232779153838,True,3903.497209055769,365.0,5,6,7.109805463917761,0
186,3476508187,630.0,652.3137539171913,False,2710.647208065254,170.0,4,4,5.212323685247815,0
72,4397152731,620.0,663.9695761731036,False,2771.8402749087945,155.0,2,7,6.977950859788571,0
261,3892184068,660.0,682.6201042515839,False,2869.755547320815,180.0,6,9,8.794955624946226,0
58,1678452758,640.0,669.0182413974608,False,2798.345767336669,170.0,4,3,2.4343783131738324,0
48,2191480791,625.0,674.8601659998149,False,2829.0158714990266,150.0,5,6,3.3896898513196283,0
293,333725797,695.0,678.1150604671159,True,2846.1040674523583,220.0,6,4,5.584063460890444,0
87,4457798822,480.0,505.43010991649237,False,1939.5080770615843,145.0,2,6,6.421061063563984,0
231,21533908,745.0,707.242235262036,True,2999.02173512569,245.0,9,6,6.702584563136606,0
107,21665367,440.0,478.00964991376117,False,1795.5506620472459,105.0,3,2,3.7563774477039265,0
94,25257618,600.0,634.1358352881193,False,2615.213135262626,155.0,3,5,4.770890145025195,0
165,6266808745,790.0,643.0634572331683,True,2662.083150474132,365.0,9,8,8.161968689541162,0
160,25417428,535.0,581.0520793756974,False,2336.5234167224116,125.0,4,15,10.157761310491548,0
228,500486430,200.0,286.6620123555028,False,790.9755648663898,0.0,1,0,0.0,0
93,383974165,270.0,351.3661180379322,False,1130.672119699144,20.0,2,0,0.7143971172062081,0
171,1614846678,460.0,504.58485949392275,False,1935.0705123430955,105.0,5,2,4.645303839124235,0
139,25256840,330.0,359.7112191567566,False,1174.4839005729718,125.0,0,9,9.593064307290113,0
281,1619500464,270.0,363.08827256587045,False,1192.2134309708197,15.0,1,0,0.6864780105560875,0
211,107863,800.0,670.7129888501563,True,2807.2431914633207,500.0,6,11,10.473802772274654,0
125,823745,260.0,344.17525052458404,False,1092.9200652540662,15.0,1,0,0.5489630346318084,0
144,21665031,485.0,501.08677084904525,False,1916.705546957488,210.0,8,17,14.507692680615266,0
11,60728181,525.0,549.6586708969725,False,2171.708022209105,140.0,2,6,7.967174402039033,0
193,8784101792,435.0,491.1682345653983,False,1864.6332314683411,90.0,6,11,9.895980910281185,0
76,1685938740,555.0,591.0066454804506,False,2388.784888772366,140.0,3,11,14.595620313984123,0
53,6460816408,600.0,641.9943920079139,False,2656.4705580415475,150.0,6,9,8.134611989223364,0
31,21665585,355.0,416.11586618332717,False,1470.6082974624676,60.0,1,4,4.600808949992091,0
77,4356591932,490.0,544.7079027318669,False,2145.716489342301,105.0,7,10,8.734915246411537,0
1,3892184068,795.0,805.164832406414,False,3513.115370133675,230.0,6,12,11.94900063639295,0
24,9295694734,945.0,866.2042274331675,True,3833.5721940241287,465.0,8,10,12.676573395647594,0
22,110009,760.0,741.2104000804856,True,3177.354600422548,250.0,5,6,9.517983554792334,0
245,12563565934,215.0,302.07238373581333,False,871.8800146130197,0.0,2,0,0.0,0
104,1678452820,465.0,511.6258395040859,False,1972.0356573964516,110.0,2,4,3.569729927469082,0
205,102020,480.0,526.0755828092302,False,2047.8968097484587,110.0,1,18,25.905500889636315,2
6,2934851413,870.0,861.8355546550561,True,3810.6366619390465,265.0,6,8,9.922917329077684,0
150,108045,285.0,356.6626936564246,False,1158.4791416962291,35.0,1,2,2.599434772772553,0
3,3887905014,415.0,476.85652290406836,False,1789.4967452463598,80.0,2,5,3.443971874252062,0
250,25620550,600.0,646.6980640157349,False,2681.1648360826075,145.0,3,7,7.005697416467,0
192,9521031,440.0,479.3396678084182,False,1802.5332559941958,100.0,2,2,2.1784747839171827,0
12,108258,365.0,432.59048468980177,False,1557.1000446214596,65.0,1,1,1.746307429143376,0
237,489796745,545.0,584.5293165726838,False,2354.778912006591,135.0,1,4,5.840798367189973,0
61,1614846678,620.0,650.0988370931966,False,2699.0188947392808,160.0,9,1,2.448581574329309,0
136,26699537,515.0,567.667786810371,False,2266.2558807544474,515.0,3,38,36.91059670461397,0
114,25544136,490.0,460.420520786023,True,1703.2077341266202,240.0,0,8,9.296613651237223,0
210,5568839679,345.0,414.0209387191748,False,1459.609928275668,55.0,2,3,2.732084221756157,0
188,25532841,700.0,689.5978242388857,True,2906.3885772541494,215.0,2,26,25.671430457284206,0
151,9295694734,790.0,718.5391965352842,True,3058.330781810243,435.0,4,31,31.78639240838231,0
254,9791495,990.0,812.0569586340339,True,3549.2990328286796,430.0,10,6,10.398477106909334,0
145,1684410079,385.0,445.98701388412474,False,1627.431822891655,70.0,3,3,1.8907187112778627,0
88,107809,515.0,564.1169250197484,False,2247.613856353679,120.0,3,5,6.078694926468995,0
60,25501773,300.0,363.0274200449031,False,1191.8939552357415,45.0,2,8,7.067048281566349,0
35,9791495,340.0,419.84912346250115,False,1490.2078981781312,45.0,3,1,0.8226127498764674,0
173,1684410086,455.0,514.2103153668949,False,1985.6041556761973,95.0,3,2,2.3585229764906663,0
21,2919558521,200.0,289.50595832096604,False,805.906281185072,0.0,0,0,0.0,0
274,108209,415.0,480.3993782626729,False,1808.0967358790328,75.0,2,5,4.090601636867833,0
2,25472680,280.0,365.69534176945854,False,1205.9005442896573,20.0,1,1,0.9162338664619396,0
229,4969460352,885.0,779.0732083036062,True,3376.134343593934,515.0,6,32,34.00054875528322,0
243,452219937,225.0,321.0611114031364,False,971.5708348664658,0.0,4,0,0.0,0
7,21645238,745.0,671.1595586132435,True,2809.5876827195275,320.0,4,5,5.9892590766396365,0
19,26699545,380.0,405.38840738480707,False,1414.289138770237,145.0,4,2,3.035463670566899,0
49,9791495,390.0,460.25892026055226,False,1702.3593313678987,65.0,2,0,1.7439454012638378,0
208,25474562,1210.0,792.0778041438721,True,3444.408471755318,820.0,2,4,3.214399427018084,0
230,1614846675,630.0,654.5995207875744,False,2722.647484134764,170.0,6,2,3.7911269815438002,0
175,108014,450.0,481.642824919094,False,1814.6248308252427,120.0,4,13,12.934542744338103,0
179,1684410094,650.0,673.6056158344243,False,2822.4294831307275,175.0,5,7,7.80935421880455,0
135,1667118119,795.0,786.9931725635298,True,3417.7141559585316,255.0,3,10,7.019074025922799,0
204,5244680779,355.0,433.7371665125456,False,1563.1201241908643,50.0,0,1,0.6888869903065361,0
9,1666324140,715.0,732.7736774963234,False,3133.0618068556973,200.0,4,7,5.663344926058979,0
221,25503725,790.0,807.8630499550687,False,3527.2810122641135,220.0,5,8,6.0180069487437295,0
71,1666324140,385.0,451.737760010884,False,1657.6232400571414,65.0,4,2,1.1004004691693476,0
177,1614926348,545.0,573.6560237492537,False,2297.694124683582,140.0,5,9,7.255884432413557,0
180,13355224,490.0,552.6904472044156,False,2187.6248478231814,100.0,1,3,3.0453474962541724,0
115,1607738730,365.0,431.6609070612765,False,1552.2197620717009,60.0,3,1,0.5705633515111538,0
85,6943750656,430.0,495.6404741667104,False,1888.1124893752294,80.0,2,3,3.089151684422075,0
57,2441998875,615.0,643.7999197833076,False,2665.9495788623635,165.0,4,2,2.9625821350641344,0
74,9512908,840.0,658.6052106828782,True,2743.6773560851084,560.0,2,18,16.07761869349383,0
164,25714232,620.0,668.9934398199111,False,2798.215559054532,150.0,7,6,6.440144439090745,0
96,25495461,595.0,644.1219424255182,False,2667.6401977339715,140.0,2,5,4.58497185381335,0
273,292252720,610.0,640.3972223642126,False,2648.0854174121164,160.0,4,16,11.957545176130468,0
34,21665000,310.0,379.6209279904308,False,1279.0098719497607,40.0,4,0,0.6857895171689302,0
269,11582793599,310.0,390.8300823404262,False,1337.8579322872374,35.0,3,3,2.9250324989810776,0
52,4702603699,585.0,619.6004233635527,False,2538.902222658651,150.0,1,5,4.026029644892358,0
163,7737133469,495.0,396.801339851442,True,1369.2070342200702,455.0,3,11,9.846507891465903,0
203,2441998875,575.0,612.9845927961198,False,2504.169112179629,145.0,6,4,1.7832039187847297,0
292,11767208,350.0,418.4137315768738,False,1482.6720907785875,55.0,1,2,3.3338484375358717,0
156,25544138,740.0,597.7264645582367,True,2424.063938930743,550.0,5,15,12.693217974870079,0
155,3552338823,310.0,376.9048353452698,False,1264.750385562666,45.0,1,3,2.95320318566906,0
27,21665583,500.0,537.0490165546831,False,2105.507336912087,500.0,3,32,33.97259450788593,3
287,3140855387,275.0,360.2747658116896,False,1177.4425205113698,20.0,2,0,0.44554814101473894,0
223,108902,765.0,764.2483433584,False,3298.303802631599,250.0,7,9,6.911052716542407,0
215,2833445980,515.0,536.0473180321086,False,2100.2484196685705,185.0,1,8,8.487909532916552,0
33,9512933,895.0,755.595389062965,True,3252.875792580566,375.0,9,5,9.399700697940455,1
270,1115431319,320.0,338.5521082312009,False,1063.398568213805,125.0,1,2,4.979738810343269,0
110,21590631,605.0,653.6124133915356,False,2717.465170305562,145.0,3,3,5.571194147829943,0
256,21665031,715.0,639.6625015067106,True,2644.2281329102275,300.0,7,1,3.708983787393678,0
89,846861643,540.0,588.0116745352213,False,2373.061291309913,125.0,8,14,15.94506466455371,0
92,108060,775.0,645.2243078405226,True,2673.4276161627445,385.0,4,14,8.98483277720691,0
75,1317156147,400.0,466.66738171190684,False,1736.0037539875107,70.0,5,3,2.6170472021207742,0
29,21665114,670.0,688.1736214690972,False,2898.9115127127625,230.0,7,10,11.37494306223298,0
199,4917827758,635.0,680.96334342359,False,2861.0575529738476,155.0,6,11,7.342295881283575,0
125,1678452742,135.0,236.491102459283,False,527.5782879112359,0.0,2,0,0.0,0
214,3439409106,385.0,450.8978052221521,False,1653.213477416299,65.0,2,2,3.726140410106057,0
140,9512925,425.0,473.757424952755,False,1773.2264810019642,90.0,3,6,2.7809254723614307,0
190,500486430,640.0,610.4653731076703,True,2490.94320881527,315.0,6,10,11.292836773588062,0
157,821341516,635.0,640.5975810140723,False,2649.1373003238796,240.0,5,8,6.4145334500835665,0
217,108224,1150.0,967.2830545012856,True,4364.236036131747,475.0,7,15,15.69412966792071,0
257,21533908,510.0,552.6660329322689,False,2187.4966728944128,120.0,2,2,5.314914500767879,0
136,25257284,120.0,228.16121429741744,False,483.8463750614414,0.0,1,0,0.0,0
69,108103,990.0,811.0387943721691,True,3543.953670453893,460.0,6,0,0.46840646557937454,0
181,1493458889,395.0,429.1986294927715,False,1539.2928048370502,90.0,3,8,7.267242302414096,0
104,60728182,145.0,247.07875440875628,False,583.1634606459704,0.0,1,0,0.0,0
272,5838132444,940.0,841.0544544078854,True,3701.535885641399,355.0,8,9,4.692177598383541,0
121,9294989257,1210.0,1024.5580688873667,True,4664.929861658676,640.0,9,23,17.54037343798209,0
126,25257039,395.0,454.0809946121679,False,1669.9252217138821,75.0,4,9,4.919354156232084,0
1,107320,155.0,245.2443105115101,False,573.5326301854279,0.0,0,0,0.0,0
295,452486137,470.0,447.40166293136883,True,1634.8587303896866,230.0,3,9,10.217559294721113,0
283,2191480791,260.0,332.3147596304504,False,1030.6524880598645,25.0,1,3,2.4075075287181344,0
170,2934851413,490.0,547.5915055460133,False,2160.8554041165694,105.0,2,3,1.610582658142181,0
209,5386341216,325.0,403.23818443481446,False,1403.000468282776,40.0,3,2,2.521841678613449,0
252,9512933,820.0,725.2198237314626,True,3093.404074590179,330.0,4,2,4.837187203380698,0
159,677445939,420.0,444.0685776429584,False,1617.3600326255323,105.0,4,3,3.3063992781435996,0
37,1684410073,1055.0,946.6856185734014,True,4256.0994975103595,395.0,9,2,5.438342736456238,0
174,9512925,580.0,596.4333803542842,False,2417.2752468599924,160.0,2,1,3.2043355219760783,0
277,13607965455,515.0,562.9118491070103,False,2241.2872078118044,120.0,3,18,17.942451820866175,0
5,26845543,285.0,367.0756046592853,False,1213.1469244612476,25.0,2,0,0.5266125897548465,0
73,21665031,565.0,580.0711951043426,False,2331.3737742977983,170.0,7,10,6.199542375966132,0
113,25533613,425.0,490.28590846270976,False,1860.001019429227,80.0,2,2,2.1937454915216597,0
219,9295694734,765.0,745.1997090421564,True,3198.2984724713215,240.0,6,11,11.360608911442062,0
99,21544863,425.0,457.20093556640336,False,1686.3049117236185,105.0,2,10,6.9714270791231945,0
186,383974165,225.0,306.08994044468267,False,892.9721873345839,10.0,0,2,1.535382243340645,0
146,972172537,665.0,693.1282477974432,False,2924.923300936577,175.0,5,4,8.418194553120866,0
23,1134286819,375.0,450.6918184702181,False,1652.1320469686436,55.0,4,0,1.3071041334352518,0
34,1685938740,80.0,193.95201860558427,False,304.24809767931725,0.0,0,0,0.0,0
172,26405445,620.0,620.6891787877963,False,2544.618188635931,185.0,2,18,19.542167607815042,0
201,12652780908,400.0,458.05720587529254,False,1690.8003308452855,75.0,4,12,14.808092125417689,0
103,21651907,765.0,778.230104357158,False,3371.7080478750795,220.0,5,12,17.214527284031693,0
97,25472680,555.0,616.5832226399415,False,2523.061918859692,120.0,6,2,2.8832148630803798,0
239,266481785,830.0,820.5676091467053,True,3593.979948020204,255.0,8,3,5.805941042556342,0
118,3552338823,520.0,531.9727704541332,False,2078.8570448841992,190.0,4,4,4.314759878535132,0
296,25256256,825.0,807.2219207623988,True,3523.9150840025954,255.0,7,4,8.469495767724709,0
122,3175297197,510.0,566.6814633493983,False,2261.077682584342,110.0,2,16,20.024290700451186,0
246,11170906155,635.0,580.7682957691367,True,2335.033552787967,225.0,1,10,9.559891711231682,0
182,102003,1105.0,970.8885623904722,True,4383.164952549977,425.0,5,2,5.451818935860788,0
32,21665911,610.0,542.7383544165267,True,2135.376360686765,610.0,3,44,48.315016003289,0
185,21665911,425.0,480.1366769896342,False,1806.7175541955796,425.0,3,39,38.90265368246458,0
289,108258,270.0,357.02963488798684,False,1160.4055831619305,20.0,1,3,2.5045153634381796,0
108,4969460352,1050.0,901.1342930687887,True,4016.955038611141,605.0,17,33,35.61095140083715,0
184,25472904,580.0,532.5689509230417,True,2081.986992345969,295.0,1,27,17.05631776917277,0
34,9789814,20.0,149.7554430623827,False,72.21607607750929,0.0,0,0,0.0,0
262,2215490963,520.0,574.9293348920934,False,2304.3790081834895,115.0,5,2,3.348432656274847,0
128,108045,1060.0,855.4750721673169,True,3777.244128878416,635.0,8,18,17.65792543129013,0
59,5568839679,750.0,668.5143251520836,True,2795.700207048441,325.0,4,8,4.414475313535522,0
80,528126781,340.0,418.4873693639018,False,1483.0586891604842,45.0,6,5,5.63056391965446,0
162,25495441,345.0,421.7701384896371,False,1500.293227070595,45.0,2,0,0.8323984063591324,0
242,1619500281,655.0,695.2151126082057,False,2935.8793411930765,165.0,6,6,6.937502630607369,0
222,4368839072,585.0,633.6648035596927,False,2612.7402186883874,140.0,5,5,2.70938588007737,0
203,104302,110.0,215.93452989941363,False,419.65628197192166,0.0,2,0,0.0,0
236,1502785422,795.0,587.0893477074909,True,2368.219075464326,405.0,0,0,0.0,0
55,1667203550,1010.0,828.9204021239635,True,3637.832111150802,425.0,7,31,30.752237435733857,0
245,25473285,230.0,297.6682368789857,False,848.758243614675,30.0,1,1,1.0231474494062955,0
42,26651413,465.0,506.0890378020564,False,1942.9674484607965,110.0,5,8,5.880838075760834,0
95,1678452766,780.0,793.3746354648663,False,3451.2168361905487,220.0,6,1,4.5412498554031355,0
276,12547908639,785.0,775.6201158817516,True,3358.005608379195,245.0,7,11,8.738559754342942,0
56,25501065,705.0,722.2042762947349,False,3077.5724505473577,235.0,2,10,10.816705224779936,0
235,26817585,715.0,723.7373622374605,False,3085.621151746668,210.0,3,4,5.550407119528928,0
64,11618689213,690.0,707.5100171498898,False,3000.427590036919,190.0,4,3,3.8671417278413474,0
123,1685938741,1020.0,898.5066927064165,True,4003.1601367086864,465.0,9,20,17.041968520264582,0
129,21665584,510.0,524.9501516201748,False,2041.9882960059183,165.0,6,1,2.034208877217554,0
263,13300220281,680.0,707.9491689401473,False,3002.733136935775,180.0,2,9,8.056339917448861,0
91,108902,950.0,851.3670688643233,True,3755.677111537696,405.0,9,9,10.697884021760487,0
130,298207179,1235.0,1075.3862398634044,True,4931.777759282874,480.0,12,6,7.586023242659365,0
61,1317156147,230.0,323.881851323783,False,986.3797194498605,0.0,1,0,0.0,0
258,268272727,875.0,799.5588756603427,True,3483.6840972168,315.0,7,4,4.011583355542597,0
70,1611442272,605.0,616.9274537078022,False,2524.869131965963,170.0,1,9,9.491152063926938,0
77,1685938727,255.0,341.389600967289,False,1078.295405078267,15.0,1,3,2.357219666760109,0
14,26559581,440.0,502.5537550017076,False,1924.4072137589646,85.0,4,6,4.223265491632043,0
187,9791487,645.0,676.7904259463812,False,2839.149736218502,170.0,4,2,2.4037171888549422,0
137,10574746,595.0,476.99015783009855,True,1790.1983286080197,520.0,8,14,11.007096112395583,0
266,25476020,695.0,696.4656556045104,False,2942.4446919236775,205.0,6,15,15.783462816274977,0
166,21666011,640.0,676.167534166224,False,2835.879554372676,165.0,6,3,5.1803099316237935,0
279,11331184983,345.0,389.7150296378003,False,1332.0039055984512,115.0,1,5,4.137720839679679,0
67,338504649,855.0,718.8552615713936,True,3059.9901232498164,445.0,4,11,9.191089710117808,0
112,820634109,500.0,532.8631690135354,False,2083.5316373210608,125.0,3,7,9.138957976213144,0
41,107786,505.0,554.5000261896499,False,2197.1251374956623,115.0,2,2,2.8953301841006227,0
38,9921844608,330.0,332.01250727299225,False,1029.0656631832094,270.0,4,5,3.7952658219226687,0
247,3142670557,475.0,507.04846823143544,False,1948.0044582150363,120.0,2,9,10.754257457483092,1
189,25533613,570.0,457.6329683337365,True,1688.573083752117,440.0,2,19,10.147517859460072,0
50,1612472593,855.0,820.3329506187373,True,3592.7479907483703,285.0,4,11,9.260709843040832,0
224,9178184336,865.0,788.9107071565263,True,3427.7812125717605,310.0,12,13,15.775066165963882,0
244,456363903,340.0,412.455344501499,False,1451.3905586328685,50.0,3,0,1.0734458946168504,0
39,25473285,910.0,720.835542824964,True,3070.3865998310634,615.0,6,18,17.530145157744712,0
73,12957095289,95.0,209.5903550375279,False,386.3493639470214,0.0,1,0,0.0,0
226,368279307,540.0,585.4529135914122,False,2359.627796354914,130.0,5,3,4.288689864225102,0
278,11783244661,945.0,800.5150264039712,True,3488.7038886208506,500.0,7,8,10.044587127040053,0
16,26591525,695.0,606.1530912809724,True,2468.303729225107,445.0,4,10,11.02802805095321,0
28,25473556,740.0,699.1311506901989,True,2956.4385411235453,255.0,13,5,2.9445990036217387,0
160,25473373,320.0,374.5044180497598,False,1252.1481947612385,55.0,2,3,3.358829615088175,0
90,9294989257,445.0,513.9724120202848,False,1984.3551631064945,85.0,3,8,4.540828329008579,0
268,108073,540.0,583.1913929206223,False,2347.754812833268,130.0,4,2,3.7895019262693403,0
294,5487714091,415.0,475.03897243506566,False,1779.954605284095,90.0,3,4,3.310526916448666,0
206,26559616,620.0,643.7206967719599,False,2665.533658052789,165.0,5,8,7.13470343893692,0
127,107793,405.0,445.7848664785324,False,1626.370549012295,90.0,2,5,5.433032852826097,0
201,107319,100.0,202.89657078204726,False,351.206996605748,0.0,1,0,0.0,0
286,107786,975.0,771.0154562081526,True,3333.831145092802,605.0,4,15,16.474641381269656,0
288,6914171275,375.0,429.5074772599026,False,1540.9142556144895,70.0,4,8,8.073150114594249,0
48,107793,340.0,390.7462241384277,False,1337.417676726745,65.0,3,5,4.813602834632037,0
248,3817942979,670.0,672.8382558391767,False,2818.4008431556763,195.0,2,3,2.866996278095232,0
8,25533578,515.0,561.6019787104266,False,2234.4103882297395,120.0,4,9,8.707074036887942,0
109,2934851453,490.0,534.9248890176402,False,2094.3556673426115,115.0,5,7,6.839048089037306,0
63,383974165,750.0,752.030654899874,False,3234.1609382243387,240.0,4,11,6.558578905017618,0
168,25257810,765.0,771.2272521336433,False,3334.9430737016264,225.0,7,9,8.380066659295185,0
284,1166056970,910.0,908.2271224377363,False,4054.1923927981165,270.0,5,7,9.487129741557794,0
116,3764054180,835.0,764.232376043544,True,3298.2199742286066,390.0,6,28,20.740576439581236,0
233,25505558,915.0,848.9910656664505,True,3743.2030947488643,380.0,5,8,8.33391657938924,0
214,107352,180.0,275.18955014756165,False,730.7451382746989,0.0,1,0,0.0,0
197,9512939,785.0,755.0680720095943,True,3250.1073780503707,355.0,7,17,15.962676204221045,0
289,8784101792,110.0,221.06523188367987,False,446.5924673893195,0.0,0,0,0.0,0
22,380494808,325.0,377.50332079412505,False,1267.8924341691563,65.0,4,12,16.927045903184347,1
86,11052055754,655.0,680.0848732835425,False,2856.445584738596,175.0,7,2,4.858972856153771,0
251,292252720,690.0,708.9667998231208,False,3008.0756990713858,190.0,9,9,10.593158512435222,0
169,9178184328,505.0,434.44968251426957,True,1566.8608331999155,350.0,1,13,15.868158783019595,0
140,3887905014,190.0,285.0148112361371,False,782.3277589897199,0.0,0,0,0.0,0
202,25533321,700.0,641.9189388144391,True,2656.074428775806,350.0,7,16,17.71799701497948,0
121,9512935,175.0,261.8629467863808,False,660.7804706284992,0.0,0,0,0.0,0
142,291924683,610.0,633.7802661617211,False,2613.3463973490375,165.0,6,20,16.842181553609226,0
211,294651409,355.0,433.17411302104074,False,1560.1640933604638,50.0,2,4,2.3583730586184877,0
54,351788581,760.0,622.7870043248682,True,2555.631772705554,395.0,2,10,11.667148010040338,0
101,6356649633,1340.0,1018.0546674945732,True,4630.787004346506,670.0,15,6,3.7272739042082037,0
264,25507041,960.0,957.2179283502467,False,4311.394123838796,285.0,7,3,7.877035696652317,0
176,9512939,460.0,509.4111850775189,False,1960.4087216569746,100.0,1,3,2.2880212131844297,0
194,25504259,595.0,603.9761917952213,False,2456.8750069249113,190.0,9,4,5.498687523432445,0
72,10983187054,395.0,459.591300303387,False,1698.8543265927824,70.0,3,1,2.1843770252537813,0
181,1607738730,200.0,293.3212172113371,False,825.9363903595197,0.0,1,0,0.0,0
192,25471098,340.0,403.70730737558335,False,1405.463363721812,55.0,3,0,0.6782099377355152,0
149,11582793599,495.0,555.7135797592887,False,2203.496293736265,105.0,4,6,5.931167261451247,0
282,10188265464,780.0,785.8231311113927,False,3411.5714383348122,230.0,8,2,7.736688946191424,0
132,4301399719,935.0,756.7263030528563,True,3258.813091027496,450.0,6,8,9.258219306193645,0
84,21590631,855.0,722.7054012520989,True,3080.2033565735196,455.0,5,19,12.653422561221033,0
220,21533908,615.0,646.5688476335154,False,2680.4864500759536,160.0,8,4,6.044864352058579,0
106,25473423,795.0,621.8187526964998,True,2550.5484516566244,555.0,3,14,15.860391373717327,0
94,8098784582,405.0,466.41840899791197,False,1734.6966472390377,75.0,4,0,0.6363755533211893,0
78,669891670,460.0,510.27066552092805,False,1964.920993984871,100.0,1,5,3.9650953109051956,0
6,2191480791,370.0,424.46230748994316,False,1514.4271143222013,70.0,4,9,14.859987357158353,3
71,25533613,295.0,381.85824787898605,False,1290.7558013646767,25.0,2,1,0.3157529373342392,0
153,25502544,700.0,703.9359701544363,False,2981.66384331079,205.0,6,4,5.091604643568639,0
3,4431563564,375.0,454.50755465510906,False,1672.1646619393234,55.0,2,0,1.7989098745386707,0
285,333650017,625.0,653.1986244737045,False,2715.292778486948,165.0,3,9,6.097102195147107,0
273,14077667431,280.0,359.1639296699101,False,1171.6106307670273,25.0,4,0,1.2013166501255266,0
222,5453319326,165.0,260.1107909570575,False,651.5816525245516,0.0,0,0,0.0,0
255,506328368,680.0,668.5058270483141,True,2795.655592003649,210.0,3,2,2.4780371954947236,0
144,21665000,415.0,439.4020991238935,False,1592.8610204004403,145.0,4,5,5.090776461905454,0
13,8843558776,975.0,785.9310784741342,True,3412.138161989204,440.0,7,6,8.97974617255938,0
44,21665580,600.0,557.3049078203729,True,2211.850766056957,310.0,5,12,13.545229011820567,0
270,25257043,280.0,361.9938833034202,False,1186.467887342956,25.0,2,1,0.9134691763937204,0
176,1134286819,50.0,172.86791604037526,False,193.55655921197004,0.0,0,0,0.0,0
60,5932856691,370.0,407.4204806274272,False,1424.9575232939924,130.0,2,2,2.241946869822476,0
265,25533613,550.0,603.9624583357295,False,2456.8029062625783,125.0,7,1,2.3391389645192784,0
17,25500758,995.0,835.8503958272424,True,3674.214578093025,590.0,4,17,16.659750721681565,0
234,12650816262,960.0,897.0912230867948,True,3995.728921205672,420.0,4,14,16.230535297984733,0
40,25533613,505.0,561.8972330114442,False,2235.9604733100828,110.0,5,5,5.210257188652575,0
30,9791487,485.0,524.58824282135,False,2040.0882748120873,120.0,2,6,5.192977933251871,0
111,25476020,520.0,579.1310490927478,False,2326.438007736927,110.0,6,2,3.611933957814266,0
66,108306,1095.0,925.8515710105121,True,4146.72074780519,705.0,6,14,14.118557825961402,0
133,104315,885.0,734.4783621890442,True,3142.0114014924798,505.0,4,12,10.547860419893105,0
294,11783244661,130.0,231.71974330625937,False,502.52865235786163,0.0,1,0,0.0,0
98,25257275,720.0,749.8341237763693,False,3222.6291498259397,195.0,5,9,5.078020128910845,0
280,881887811,890.0,789.8244023629492,True,3432.578112405484,335.0,6,1,4.357847485819562,0
293,1616122237,465.0,529.3775262526162,False,2065.232012826235,90.0,6,5,4.216377774367769,0
114,25495769,410.0,476.69401365055523,False,1788.6435716654144,75.0,4,1,1.8411037819144973,0
82,5247841988,490.0,547.9514248508452,False,2162.7449804669377,105.0,5,0,2.523825915964886,0
205,5932875003,430.0,466.60127028678016,False,1735.6566690055959,110.0,3,7,8.89240301941314,0
152,25532839,570.0,616.8623988580177,False,2524.527594004591,135.0,5,5,3.3792817775867556,0
150,107821,430.0,474.32502231717535,False,1776.206367165171,95.0,1,9,7.6069130819450566,0
193,26699545,455.0,510.1349606910448,False,1964.2085436279854,95.0,4,7,4.514914834642236,0
59,107319,220.0,283.9451168712753,False,776.7118635741951,40.0,0,0,2.2062580870774786,0
198,25257319,515.0,573.026853040829,False,2294.3909784643524,110.0,2,12,9.075840933808548,0
20,9178184328,755.0,659.9899861275749,True,2750.9474271697704,470.0,2,28,32.0412638503685,0
113,107319,265.0,348.1288923539148,False,1113.6766848580523,20.0,2,4,3.087311086580958,0
151,26652351,420.0,486.9884559037585,False,1842.6893934947318,80.0,2,3,2.797000758279393,0
69,9791495,300.0,380.3858391164109,False,1283.0256553611575,30.0,1,6,15.035268879889294,5
139,12978761148,480.0,543.90284737477,False,2141.4899487175417,95.0,7,2,3.020352425045085,0
257,1684410105,310.0,383.32261040975504,False,1298.4437046512132,40.0,5,7,13.977604978867575,4
48,2946815216,155.0,254.65081761942736,False,622.9167925019934,0.0,0,0,0.0,0
140,11188424157,130.0,238.76221764953402,False,539.5016426600538,0.0,1,0,0.0,0
218,275424,875.0,875.0630949850486,False,3880.081248671504,260.0,3,2,8.667402787493945,0
228,194250,500.0,517.5934961207948,False,2003.3658546341735,135.0,5,4,6.110117877891466,0
137,6378017135,210.0,291.7305919228567,False,817.5856075949976,5.0,0,0,0.5638708829379914,0
276,25472873,235.0,317.7121214151663,False,953.988637429623,10.0,1,0,0.24499999999999997,0
290,21665716,575.0,522.1445977345937,True,2027.2591381066175,235.0,5,5,2.8025087543900664,0
26,25473300,885.0,702.984958188849,True,2976.6710304914577,590.0,3,18,16.63921712648904,0
267,1667118178,725.0,745.544030586243,False,3200.1061605777763,200.0,10,13,8.77958705871426,0
213,351788581,760.0,610.147919953632,True,2489.2765797565694,575.0,7,12,11.376457586173952,0
223,306499809,365.0,439.7726778274201,False,1594.8065585939562,55.0,0,1,1.4526729868845771,0
295,11170906155,335.0,419.62654515916313,False,1489.0393620856066,40.0,3,2,0.712035540609923,0
100,9791487,825.0,733.0342386923662,True,3134.429753134922,310.0,5,6,3.9402127090127004,0
15,2191588310,1020.0,869.6411290893999,True,3851.615927719348,440.0,5,4,6.869913188407938,0
272,107349,350.0,427.58311488927586,False,1530.8113531686972,50.0,3,2,1.4337031078884812,0
165,107800,530.0,573.4599433620609,False,2296.6647026508203,125.0,2,10,8.831033149250331,0
10,102035,810.0,722.0242623825197,True,3076.6273775082263,340.0,4,4,2.5172456272094568,0
158,846861643,1040.0,1014.1635384013709,True,4610.358576607201,330.0,8,8,11.654638116623312,0
155,12652780908,390.0,458.511065375448,False,1693.1830932211017,65.0,3,0,1.5216065625876831,0
128,25505558,290.0,360.9534003895389,False,1181.0053520450788,35.0,1,1,2.0623309941598738,0
271,2482696992,610.0,630.7784772659129,False,2597.5870056460435,610.0,3,30,30.02578399193691,0
148,25470789,850.0,824.8812237143766,True,3616.626424500479,270.0,3,14,11.16333906716463,0
248,9791497,200.0,294.38397034104463,False,831.5158442904847,0.0,1,0,0.0,0
157,9512937,380.0,434.74193965487257,False,1568.3951831880809,75.0,4,6,4.090743656071886,0
47,1231977683,855.0,857.1450005654814,False,3786.0112529687776,250.0,8,15,13.167034204330763,0
201,11505302188,220.0,313.73092538233516,False,933.0873582572594,0.0,3,0,0.0,0
188,25472666,505.0,571.6052891365771,False,2286.9277679670304,100.0,2,1,2.5072785510940396,0
227,108258,670.0,689.0789181025068,False,2903.6643200381595,185.0,2,21,21.93563959474056,0
76,5387300688,550.0,499.8049214074964,True,1909.9758373893565,235.0,2,2,2.5067858326163086,0
53,25257028,550.0,581.1847575247939,False,2337.2199770051675,140.0,4,3,4.979745095143693,0
240,11767208,925.0,805.0965848176428,True,3512.7570702926237,365.0,8,19,20.91955178212589,0
43,881887811,955.0,799.0194383725556,True,3480.8520514559145,395.0,9,8,10.866762167587273,0
253,282686499,800.0,676.0351335253563,True,2835.1844510081196,560.0,3,49,66.68737992417525,0
156,1678452820,430.0,485.9974766510531,False,1837.4867524180295,85.0,3,2,1.3518116071811443,0
93,3552338823,570.0,581.7997713427136,False,2340.448799549247,195.0,3,2,3.504102100784056,0
280,25500758,120.0,224.89922647424342,False,466.7209389897779,0.0,1,0,0.0,0
154,1684410094,845.0,734.9554406880771,True,3144.5160636124015,335.0,6,4,4.693640498573381,0
204,1835289526,475.0,512.5339939668829,False,1976.803468326135,115.0,5,11,19.871995301984025,5
227,4962063593,20.0,146.8918845360714,False,57.18239381437465,0.0,0,0,0.0,0
88,21665582,520.0,542.9455856825938,False,2136.464324833619,520.0,4,34,41.210106868513435,0
46,25502829,615.0,648.4245267597473,False,2690.2287654886736,160.0,3,2,4.271735055097754,0
45,435144778,715.0,689.2101291503423,True,2904.3531780392977,315.0,4,16,17.17478099312423,0
102,108258,1115.0,932.5002133232306,True,4181.626119946961,525.0,11,5,8.203875779036405,0
262,9791152,340.0,382.9489995836064,False,1296.4822478139333,90.0,2,7,5.5468343383420144,0
81,5932856688,745.0,640.5889519485422,True,2649.0919977298486,370.0,4,6,9.877805042505235,0
288,25505558,260.0,347.2514470790643,False,1109.070097165087,15.0,7,0,0.390391123539322,0
12,12953571769,550.0,595.192495236713,False,2410.7605999927446,130.0,5,19,20.159718583084647,0
92,26699537,435.0,485.6550702183261,False,1835.6891186462117,435.0,4,21,31.18676081575439,0
32,3887905014,355.0,428.69757511744484,False,1536.662269366585,50.0,2,1,2.80517753519746,0
73,5393414954,290.0,359.55045990736716,False,1173.6399145136777,290.0,1,43,51.572555200875414,0
216,9702441401,675.0,692.5986175480257,False,2922.1427421271337,190.0,9,1,2.940055575097895,0
259,9178184328,795.0,669.9073904295346,True,2803.013799755057,565.0,6,19,20.852972698611282,0
110,6273263209,450.0,493.3281482096893,False,1875.9727781008692,100.0,3,6,3.4603380520523315,0
87,6266808745,615.0,649.5280952369295,False,2696.022499993879,160.0,11,4,3.3623904245339893,0
163,6065422037,465.0,511.68009507136935,False,1972.3204991246894,105.0,3,3,3.3554082126134612,0
168,108260,265.0,341.6230640320469,False,1079.5210861682453,25.0,1,1,1.4406653649342918,0
212,21665911,750.0,738.3478553954421,True,3162.3262408260707,750.0,3,61,67.6121238602116,0
192,107860,230.0,315.65926766599637,False,943.2111552464803,5.0,1,0,0.03642894038020414,0
24,21665716,590.0,527.4202229334113,True,2054.956170400409,245.0,5,2,2.8546652276905276,0
208,9512908,530.0,560.6379787222394,False,2229.349388291756,135.0,3,11,10.001420941167318,0
161,25524248,1055.0,925.3992886509677,True,4144.346265417581,405.0,7,21,20.333156637890557,0
127,1619464655,305.0,383.8921157334673,False,1301.4336076007025,35.0,1,4,2.003594627738092,0
39,6521839583,325.0,399.01634676805156,False,1380.835820532271,45.0,2,1,1.2969074949412733,0
238,21665031,850.0,695.6519961036787,True,2938.172979544316,460.0,5,9,6.7757703239115346,0
49,351788581,545.0,586.1074589832418,False,2363.0641596620208,130.0,6,5,2.959368410964156,0
85,26699551,520.0,577.8975630867297,False,2319.9622062053318,115.0,6,4,5.109867965181451,0
6,3552338823,230.0,318.9802405010207,False,960.6462626303592,5.0,1,0,0.6495835085089251,0
80,21665585,385.0,437.7661387954349,False,1584.2722286760338,75.0,5,7,9.060642523386322,0
232,25256275,830.0,744.0792453523153,True,3192.416038099655,450.0,4,11,7.056332071317028,0
180,4347844132,530.0,547.3719621548711,False,2159.7028013130735,145.0,4,3,2.2825089055350793,0
246,25473291,410.0,465.60580033826665,False,1730.4304517758999,80.0,1,4,2.2740912887978952,0
191,2191588310,720.0,725.443759089662,False,3094.5797352207264,210.0,4,2,3.0470542722044014,0
62,3733175891,765.0,746.2940802094845,True,3204.043921099793,765.0,6,46,51.710539862219456,0
133,10574746,200.0,295.6066014919062,False,837.9346578325076,0.0,4,0,0.0,0
204,21554368,65.0,184.71176059896877,False,255.73674314458597,0.0,0,0,0.0,0
226,9512935,345.0,418.2344961173365,False,1481.7311046160178,50.0,2,2,3.8059224707193424,0
249,1685751707,1010.0,882.1483969549107,True,3917.27908401328,395.0,7,11,8.834162202250592,0
291,348895654,695.0,698.4794233105922,False,2953.016972380608,205.0,4,5,9.211769645793552,0
250,107797,620.0,643.3039330413284,False,2663.3456484669737,165.0,6,8,7.037972095782582,0
292,452589682,520.0,546.2694397636584,False,2153.914558759208,135.0,5,3,4.2128988425417075,0
67,21665719,370.0,445.2900887076833,False,1623.7729657153375,55.0,4,0,1.9645545825866733,0
279,6313625295,380.0,421.2762981756927,False,1497.700565422386,120.0,2,8,10.658128593386296,0
120,1612319349,1260.0,1086.1585574258331,True,4988.33242648562,500.0,10,8,7.9188543251456265,0
183,26591532,785.0,761.0850570649586,True,3281.6965495910335,310.0,8,9,7.758919948709644,0
118,820271,435.0,481.8290376096391,False,1815.6024474506048,115.0,1,19,25.412083746538194,0
22,25471086,315.0,385.9274978259846,False,1312.119363586419,40.0,3,7,12.202202177228552,1
167,298205891,880.0,853.3774036179022,True,3766.2313689939874,280.0,4,11,13.575058619323505,0
124,311422343,820.0,812.1316166402333,True,3549.690987361226,250.0,10,7,7.461249209419795,0
143,25504421,720.0,687.8364912796173,True,2897.1415792179896,235.0,4,1,2.998398410363587,0
205,9791494,215.0,300.4697087874451,False,863.4659711340869,0.0,0,0,0.0,0
25,881887811,870.0,789.3775947821767,True,3430.232372606429,315.0,6,4,4.299233527494654,0
38,3552338823,395.0,455.05839849595526,False,1675.056592103765,75.0,1,4,4.123972642546683,0
4,108902,790.0,657.6857418528334,True,2738.850144727377,495.0,7,11,10.737993881621392,0
200,2482696992,790.0,668.5977171232121,True,2796.138014896864,790.0,4,42,55.5831222996269,3
48,12741759953,205.0,303.01948798313344,False,876.8523119114503,0.0,1,0,0.0,0
247,3175297197,400.0,473.0434875830948,False,1769.4783098112478,65.0,0,7,11.899244094523823,5
122,1611442272,460.0,510.16572874320974,False,1964.3700759018511,100.0,6,9,13.941900047029472,0
215,25502541,545.0,556.5457384238297,False,2207.8651267251053,155.0,2,2,4.015917360598487,0
243,12346819547,615.0,643.500910418832,False,2664.3797796988674,160.0,3,15,8.85656999009918,0
175,21665755,600.0,647.6409519706215,False,2686.114997845764,145.0,5,7,3.8824163362621804,0
23,26652119,480.0,536.9337508597148,False,2104.902192013503,100.0,2,6,5.863146149159802,0
103,2587253639,475.0,515.1345582625853,False,1990.4564308785727,110.0,3,1,3.589113783358632,0
137,255576,200.0,287.54866563691485,False,795.6304945938032,0.0,2,0,0.0,0
77,5922202129,420.0,487.02200392912795,False,1842.8655206279223,75.0,3,6,4.461928887505973,0
281,26559371,700.0,689.1018776733872,True,2903.784857785281,215.0,9,6,5.453362202588019,0
199,452589682,550.0,568.4976406165184,False,2270.612613236721,150.0,7,6,9.078790079247593,0
20,351788581,230.0,322.9133025428219,False,981.2948383498149,0.0,3,0,0.0,0
162,108253,460.0,497.1074735839623,False,1895.8142363158022,110.0,4,22,31.14335046322526,1
115,812264838,595.0,628.9945041010104,False,2588.2211465303044,150.0,4,4,4.091786867800977,0
105,2191480791,1160.0,959.8024786995561,True,4324.963013172665,485.0,11,22,23.021633891859985,0
254,109838,665.0,713.0906934243412,False,3029.7261404777887,165.0,2,4,3.2150068888540995,0
290,7261577394,205.0,300.99657312846267,False,866.232008924429,0.0,0,0,0.0,0
274,107790,645.0,570.9160877774342,True,2283.3094608315296,275.0,2,1,3.7135975661262197,0
266,1938953360,435.0,454.5847277412253,False,1672.5698206414324,120.0,7,22,39.08695831795021,8
275,1678452820,860.0,733.3259541656539,True,3135.9612593696825,405.0,2,14,9.940948331992944,0
257,1691197882,235.0,321.385868154895,False,973.2758078131985,10.0,3,0,0.7555714764047241,0
55,25472680,460.0,519.1846717592242,False,2011.7195267359261,95.0,3,11,9.056963633427022,0
122,6219635602,25.0,151.5056345524331,False,81.40458140027377,0.0,0,0,0.0,0
222,8843558776,305.0,359.95636507135276,False,1175.770916624602,50.0,1,7,6.6281896388510075,0
258,11309776203,450.0,510.57222624620374,False,1966.5041877925696,90.0,6,3,2.14679241564688,0
225,9046520718,955.0,814.2743901477262,True,3560.9405482755674,390.0,12,9,6.1776151773429016,0
170,25500758,545.0,603.858434084274,False,2456.2567789424393,120.0,4,2,2.6580141843971634,0
270,9521034,300.0,354.7137963710785,False,1148.2474309481618,70.0,2,13,9.708080665503683,0
210,534993859,695.0,685.9602088044749,True,2887.2910962234937,210.0,8,12,13.831748961223589,0
231,1612472593,750.0,758.5933956201447,False,3268.615327005758,215.0,8,16,23.061316815540092,0
15,25507041,220.0,314.79187442854357,False,938.6573407498536,0.0,1,0,0.0,0
239,27503587,515.0,576.4381504259577,False,2312.3002897362776,110.0,10,4,5.094403040804816,0
79,102000,960.0,853.708718977809,True,3767.970774633496,360.0,7,1,4.760327762159885,0
229,12198144,670.0,605.2819567266779,True,2463.7302728150607,340.0,7,10,6.365263909844553,0
185,12957883928,510.0,557.2440823547554,False,2211.5314323624657,115.0,4,0,2.6060605462171966,0
207,25306041,1210.0,1067.8149630614548,True,4892.028556072632,460.0,7,18,17.957538084199882,0
135,9789823,645.0,548.5641241027854,True,2165.9616515396237,400.0,2,8,9.768801910571595,0
182,25501288,515.0,536.5148792044196,False,2102.703115823203,135.0,1,2,1.7766227929316563,0
32,2191480791,150.0,248.33860111718593,False,589.7776558652262,0.0,0,0,0.0,0
261,2440630566,765.0,771.8535295061874,False,3338.231029907486,220.0,5,12,9.923528648629523,0
1,506328368,565.0,601.7721853649377,False,2445.3039731659233,140.0,6,0,1.3936583742192958,0
52,5932959891,620.0,488.53033178753907,True,1850.784241884578,410.0,2,9,9.40856530763321,0
241,11863145,855.0,678.8469066218717,True,2849.9462597648258,380.0,1,11,8.308543325319059,0
128,9791482,215.0,311.54729936246576,False,921.6233216529453,0.0,0,0,0.0,0
147,9512933,895.0,748.0231739186625,True,3213.121663072978,445.0,4,21,15.68979660508257,0
269,25472136,625.0,669.407727832405,False,2800.390571120126,155.0,5,7,6.34274262423214,0
230,1835289526,665.0,670.2761395244779,False,2804.9497325035095,195.0,3,7,5.0808556167511645,0
9,5925666943,655.0,700.5940856718353,False,2964.1189497771365,160.0,3,1,3.195912075327252,0
237,1166056970,725.0,736.8338630621178,False,3154.377781076117,205.0,3,10,11.798444910181974,0
141,822403,960.0,801.6243957761328,True,3494.5280778246984,445.0,7,11,11.710132100556304,0
277,1614846678,565.0,608.5330333992306,False,2480.7984253459595,135.0,1,4,4.517723837682484,0
268,1614926320,445.0,485.99191251237426,False,1837.4575406899655,100.0,4,3,2.5611628613529835,0
181,5932856688,385.0,441.3380090005265,False,1603.0245472527643,75.0,4,3,2.4790840189206844,0
119,1619500438,1085.0,884.694121494897,True,3930.644137848204,465.0,4,28,30.408586588176735,0
39,13329450969,140.0,238.23529793562471,False,536.7353141620298,0.0,0,0,0.0,0
131,351788581,920.0,870.7573860296961,True,3857.476276655905,310.0,3,9,9.556397458350439,0
123,2214957485,510.0,551.2207425683117,False,2179.908898483636,120.0,3,5,5.1770677723332765,0
189,6266808745,485.0,447.5944798825662,True,1635.8710193834722,325.0,3,7,8.431426423494134,0
95,25256253,515.0,548.4872098019234,False,2165.557851460098,130.0,5,5,6.774883976407934,0
18,3561398893,830.0,806.4197743822265,True,3519.703815506689,265.0,6,8,10.010093875056771,0
37,102041,590.0,633.3391441511197,False,2611.030506793378,145.0,4,9,6.24636674261467,0
108,21665911,550.0,582.1363395536899,False,2342.2157826568723,550.0,5,51,62.36663429680072,0
203,107319,535.0,553.5944932594601,False,2192.371089612167,165.0,4,7,5.3258515353320295,0
145,108903,735.0,590.9634240280838,True,2388.557976147441,400.0,2,14,8.92070316528249,0
187,9512937,505.0,538.7919485352259,False,2114.6577298099355,125.0,3,2,1.8018930173489447,0
191,21651908,140.0,249.370145941637,False,595.1932661935942,0.0,1,0,0.0,0
114,25257810,335.0,408.0324962317262,False,1428.1706052165623,45.0,2,4,2.1532922250310955,0
76,13556857162,230.0,316.2521447100136,False,946.3237597275715,5.0,3,1,1.1446865652815557,0
195,1691133712,865.0,794.8483314732222,True,3458.9537402344163,305.0,7,4,4.595212132573433,0
36,25470785,895.0,830.7174715915248,True,3647.2667258555025,475.0,6,16,19.19320864660961,0
109,358992920,455.0,530.0229633384732,False,2068.620557526984,80.0,4,8,14.955308880781613,3
5,6214704100,595.0,623.8293192426346,False,2561.1039260238313,155.0,8,3,4.2790437112862545,0
252,26699537,610.0,621.839357194492,False,2550.656625271083,610.0,8,57,53.50107648561583,0
191,9522438146,10.0,142.2755156167536,False,32.94645698795645,0.0,0,0,0.0,0
146,9789819,595.0,520.6175013898537,True,2019.2418822967322,420.0,4,9,10.38177415916237,0
48,6319748554,110.0,220.15903683437438,False,441.8349433804656,0.0,1,0,0.0,0
87,25498827,205.0,290.9317823748248,False,813.3918574678306,0.0,3,0,0.0,0
174,25472873,615.0,643.754771424646,False,2665.7125499793915,160.0,3,5,4.111551074837615,0
160,1685751707,500.0,559.4130628771258,False,2222.9185801049102,105.0,3,1,2.6530876315033103,0
296,972535572,585.0,622.4496544684257,False,2553.8606859592355,145.0,6,9,6.841721654315049,0
253,298205891,250.0,336.7567290259553,False,1053.9728273862652,10.0,2,1,0.3936704662556568,0
24,25501320,205.0,297.00167724278043,False,845.2588055245974,0.0,1,0,0.0,0
6,435144778,185.0,282.2733437002199,False,767.9350544261546,0.0,1,0,0.0,0
82,1938580083,360.0,407.6889661035945,False,1426.367072043871,100.0,2,8,6.366223649532448,0
61,5387300688,545.0,580.8942139120629,False,2335.6946230383287,135.0,6,4,3.165054873669731,0
236,107793,575.0,616.8103141806184,False,2524.254149448248,140.0,4,12,10.242205692203775,0
177,1667203485,725.0,724.4533326196988,False,3089.3799962534213,215.0,7,3,5.540413180674989,0
168,25500900,220.0,292.6378315238877,False,822.34861550041,15.0,3,1,1.2954879310831706,0
117,21665719,935.0,748.4630671550909,True,3215.4311025642255,500.0,7,9,10.778589300498881,0
278,3147915554,530.0,568.6984642626945,False,2271.6669373791456,130.0,3,4,4.1536194911374915,0
286,9512925,510.0,507.52532690036037,False,1950.5079662268924,210.0,3,3,4.29575694458144,0
89,11456439398,685.0,553.5366121946107,True,2192.067214021707,635.0,2,20,21.741556142119514,0
83,6378017135,1050.0,864.0094090302487,True,3822.049397408805,465.0,4,11,9.411415834717548,0
42,26559655,585.0,584.9531205147923,False,2357.003882702659,225.0,4,1,4.229734345527325,0
51,109661,955.0,907.9948822872768,True,4052.9731320082024,315.0,11,13,12.242044617963613,0
14,6273263209,565.0,593.733090265966,False,2403.098723896322,145.0,2,8,7.597085445453958,0
152,9046526383,380.0,437.30598498464406,False,1581.8564211693817,70.0,3,2,2.787379937764773,0
237,3531897238,75.0,189.69705111144327,False,281.9095183350771,0.0,1,0,0.0,0
86,1685938741,490.0,545.4385268757038,False,2149.5522660974448,105.0,5,1,2.111437126853901,0
235,5386341216,580.0,467.87707042434795,True,1742.354619727827,410.0,2,11,9.902522271987841,0
45,9371260474,265.0,352.2296546747274,False,1135.2056870423187,15.0,1,0,0.6923176350901836,0
138,1607738730,965.0,801.2618382364208,True,3492.6246507412106,490.0,7,11,10.117429121999605,0
242,108901,605.0,495.1619052567996,True,1885.600002598198,365.0,2,12,9.12509729539587,0
129,25532840,590.0,640.2008619236349,False,2647.054525099083,140.0,5,9,3.9308272900523638,0
90,443449146,545.0,574.6588704688758,False,2302.9590699615987,140.0,5,13,13.691518124310253,0
13,25533613,435.0,440.5980635689152,False,1599.1398337368043,140.0,4,10,7.01243210598844,0
282,4457798822,480.0,537.3173342821244,False,2106.916004981154,100.0,2,7,5.1453274824507975,0
271,25471371,330.0,388.4048378039397,False,1325.125398470683,55.0,5,4,3.6162188633897654,0
260,21533908,1055.0,845.3087230895667,True,3723.8707962202216,465.0,6,16,24.60409990344179,0
111,1611442272,430.0,500.849964058827,False,1915.4623113088417,75.0,8,1,1.1784162788377306,0
3,1215418493,460.0,501.791589774739,False,1920.40584631738,105.0,1,1,2.8637637012047863,0
264,21665006,505.0,553.0987464239339,False,2189.7684187256523,115.0,5,3,2.904578015552586,0
164,603751942,760.0,769.1506371153919,False,3324.040844855806,220.0,2,8,8.954473860828198,0
196,110004,1355.0,1109.7323908003743,True,5112.095051701964,580.0,14,40,36.242722887593644,0
68,1678452807,990.0,804.0954328378566,True,3507.5010223987415,545.0,6,11,11.441710790060396,0
198,14791188,420.0,483.9111309040396,False,1826.533437246208,80.0,2,8,2.4578185599683176,0
246,21665360,240.0,316.8852448277487,False,949.6475353456802,15.0,3,2,2.289917985953835,0
287,4368839072,745.0,760.076325913393,False,3276.4007110453135,210.0,4,1,2.5891767351522077,0
66,1843345666,445.0,473.5561590238574,False,1772.1698348752507,125.0,2,20,23.784493275758926,0
254,11863145,175.0,277.28794093947914,False,741.7616899322655,0.0,2,0,0.0,0
190,3479117427,730.0,750.671704182612,False,3227.0264469587123,200.0,9,5,4.730566337700601,0
73,107818,295.0,348.4352095846421,False,1115.284850319371,70.0,2,4,3.3569190166873453,0
234,844784016,455.0,496.9687211692077,False,1895.0857861383402,105.0,2,16,33.36061847387161,8
218,1619354251,405.0,479.2824322409284,False,1802.2327692648735,65.0,2,0,1.9111640789775932,0
244,12264307320,595.0,634.3977002285403,False,2616.5879261998357,150.0,2,22,33.00937924283504,7
107,534993866,915.0,804.9693240626998,True,3512.088951329173,350.0,6,11,9.127089832479204,0
146,14003329325,90.0,204.95751628220034,False,362.0269604815518,0.0,1,0,0.0,0
130,11618689213,635.0,646.6108274267602,False,2680.70684399049,195.0,8,5,5.084961596889288,0
221,8784101792,810.0,780.8439121351696,True,3385.4305387096415,290.0,7,15,18.26422600266387,0
7,6319748554,835.0,667.8043982951726,True,2791.9730910496564,515.0,9,8,10.320099581344463,0
224,25256840,615.0,638.2491815831067,False,2636.8082033113096,165.0,9,7,5.007070497237455,0
289,25473616,560.0,597.2304619627156,False,2421.459925304256,140.0,6,5,3.060724509878653,0
202,25498932,560.0,536.9513439933633,True,2104.9945559651565,205.0,7,1,2.466514310549708,0
21,25472136,840.0,814.7050313349413,True,3563.201414508441,265.0,10,7,10.008128370551695,0
134,273194,945.0,878.234763254236,True,3896.732507084741,330.0,6,7,9.35077533978991,0
223,25502829,400.0,442.65828678816143,False,1609.9560056378477,90.0,4,11,7.758302038745404,0
65,6089552096,950.0,873.7873771419445,True,3873.3837299952097,340.0,3,5,6.482098431883232,0
219,1684410086,720.0,747.7964737867791,False,3211.9314873805893,195.0,6,1,4.24885852987465,0
247,282686499,225.0,313.9254188344833,False,934.1084488810375,5.0,4,0,0.0,0
2,317930344,855.0,844.8456776268217,True,3721.4398075408153,260.0,4,6,8.810503812030628,0
148,12031865281,385.0,455.60508016125544,False,1677.9266708465912,65.0,2,1,1.4992424215842353,0
294,1667203523,480.0,534.4774174778019,False,2092.006441758461,105.0,4,4,3.9198626804785284,0
206,9512926,610.0,633.3996860559805,False,2611.348351793898,165.0,4,4,4.303012558461606,0
233,21665031,585.0,559.3223499659042,True,2222.442337320998,240.0,7,6,5.255108124908462,0
226,742854915,275.0,360.54005921350426,False,1178.8353108708975,20.0,1,1,0.7183256160302018,0
95,452169196,150.0,253.9063231866725,False,619.0081967300308,0.0,0,0,0.0,0
137,1685938740,230.0,319.4691300506368,False,963.2129327658431,5.0,1,1,0.7945950482336225,0
214,1667203523,585.0,626.2871427365784,False,2574.007499367035,145.0,4,6,7.679805727077194,0
28,25501065,615.0,596.6998358891373,True,2418.674138417972,215.0,2,10,7.705635379854005,0
245,108236,680.0,698.5883615857916,False,2953.5888983254067,190.0,5,2,2.45,0
258,1667203543,205.0,291.7309436025295,False,817.5874539132801,0.0,1,0,0.0,0
251,4993728408,585.0,566.4147449812392,True,2259.6774111515047,220.0,9,2,2.61245706833093,0
54,21665580,575.0,577.7930634292478,False,2319.41358300355,235.0,4,5,2.6847778205580237,0
197,500486430,595.0,581.8388419731788,True,2340.653920359187,185.0,4,0,2.294944116494063,0
106,5244680779,550.0,572.6351835009787,False,2292.334713380137,145.0,4,0,3.6507398656034042,0
184,6262789333,715.0,738.9273749830052,False,3165.3687186607763,195.0,8,9,13.698860031706582,0
40,6273263209,515.0,546.2631931697782,False,2153.8817641413348,130.0,5,4,5.627255959443233,0
288,107793,365.0,403.2813480105531,False,1403.2270770554032,100.0,4,8,7.40478518872807,0
186,1614978560,750.0,594.3881636412744,True,2406.5378591166905,485.0,2,7,10.200073248038784,0
64,25502541,695.0,673.514843587332,True,2821.952928833493,220.0,9,13,9.126185815269299,0
58,25500900,980.0,839.9081903685263,True,3695.517999434764,465.0,8,18,15.82162906682051,0
16,26699537,650.0,656.8365604317542,False,2734.391942266711,650.0,3,46,59.12077173737252,0
151,25501065,495.0,540.3951992739629,False,2123.074796188305,115.0,2,5,4.964241281621762,0
91,13906740170,700.0,639.5430694282229,True,2643.6011144981703,265.0,5,21,18.526046782101552,0
293,25544127,520.0,555.3430144428407,False,2201.5508258249138,130.0,4,8,2.8002171494968824,0
87,603756849,155.0,257.46651659196,False,637.69921210779,0.0,1,0,0.0,0
276,25544126,470.0,542.7333689479891,False,2135.3501869769416,90.0,2,1,4.518759988357934,0
33,11544697,830.0,811.5097163443432,True,3546.4260108078024,260.0,8,2,6.2497839092493495,0
60,1678452758,540.0,593.6486670971791,False,2402.65550226019,120.0,2,5,2.423660054424772,0
192,2191480791,360.0,438.98975191818465,False,1590.6961975704692,50.0,2,10,17.599797699299863,2
92,12725097483,385.0,457.3711016589607,False,1687.1982837095436,60.0,3,5,4.0397273337631265,0
99,4784457213,775.0,639.5576082650279,True,2643.6774433913974,560.0,8,13,11.419243172642476,0
74,26001541,865.0,729.3513265660508,True,3115.0944644717674,450.0,7,11,9.679788224467513,0
149,12547908624,595.0,601.3794433247938,False,2443.2420774551683,170.0,7,2,5.130590107639486,0
291,25472162,325.0,412.10903473947974,False,1449.5724323822687,35.0,6,4,1.8764993461939459,0
198,110031,90.0,201.1304408553448,False,341.93481449056014,0.0,0,0,0.0,0
209,25472904,800.0,670.2914435583307,True,2805.0300786812386,480.0,4,11,10.019393751561758,0
236,4347844156,155.0,259.0231547425657,False,645.8715623984696,0.0,1,0,0.0,0
132,1637789617,600.0,539.4829483525226,True,2118.2854788507434,235.0,2,3,3.1928668420930455,0
59,107818,525.0,555.0694759729049,False,2200.1147488577512,185.0,6,0,1.9117757784412461,0
30,25257321,555.0,589.3220138431391,False,2379.9405726764803,140.0,2,11,10.814089823592209,0
125,5112906885,845.0,705.7752003371761,True,2991.3198017701743,450.0,3,16,15.952448203994923,0
281,9521035,295.0,347.7056939905349,False,1111.4548934503082,50.0,3,0,0.7261707843978861,0
265,358992920,555.0,610.5085198712973,False,2491.169729324309,125.0,8,5,6.736719209283248,0
80,4356591932,365.0,418.6535476327967,False,1483.9311250721826,70.0,2,12,19.380696093617146,2
229,9791482,255.0,337.82726618349045,False,1059.5931474633248,15.0,2,2,1.3076514618683222,0
196,5393414954,120.0,223.42587123349196,False,458.98582397583294,120.0,0,22,30.264059788233727,1
69,9791482,530.0,550.0641146258005,False,2173.836601785453,175.0,3,7,4.965800843544781,0
35,25531002,950.0,812.308311636206,True,3550.618636090081,380.0,8,5,5.079885693541172,0
178,294651404,1195.0,1043.6738006363619,True,4765.287453340897,490.0,4,15,13.788554082057704,0
263,2833448424,745.0,613.959738028161,True,2509.2886246478447,420.0,6,9,8.95231372415047,0
242,5387300688,155.0,251.24484014039365,False,605.0354107370664,0.0,2,0,0.0,0
56,12026764,755.0,621.6511525911908,True,2549.6685511037504,365.0,5,7,8.284753220635167,0
116,7066266061,675.0,667.7493655966225,True,2791.6841693822685,210.0,1,24,24.09280272608926,0
11,311422343,1010.0,875.0320688205397,True,3879.9183613078335,395.0,9,0,5.799867963044711,0
32,21533909,265.0,350.031253275561,False,1123.6640796966956,15.0,1,0,0.3274936706887116,0
268,108258,255.0,339.6755939401396,False,1069.2968681857333,15.0,0,3,1.6497125627148614,0
24,1614926320,195.0,289.0250184657953,False,803.381346945425,0.0,0,0,0.0,0
9,25473408,260.0,338.94821983736233,False,1065.4781541461525,20.0,0,1,1.356910396136258,0
41,107793,735.0,670.0348867764184,True,2803.6831555761974,375.0,6,9,10.009434702311246,0
211,108299,660.0,685.4355259131819,False,2884.5365110442062,180.0,6,10,18.11832042468692,0
104,25256260,855.0,869.2240048805376,False,3849.4260256228213,245.0,14,9,9.847841487691296,0
278,26699549,185.0,278.74706579145703,False,749.4220954051498,0.0,2,0,0.0,0
71,7787603288,625.0,642.1404297791076,False,2657.237256340313,175.0,3,28,33.94292480440972,1
217,10996228332,865.0,800.6603258182513,True,3489.466710545819,300.0,3,1,2.3716154160985563,0
120,26559368,365.0,371.0377009303978,False,1233.9479298845888,165.0,1,25,27.048029029923807,0
34,8972731452,795.0,767.589828909956,True,3315.846601777269,255.0,4,9,7.123012051922458,0
112,6424675168,750.0,743.0714622636243,True,3187.1251768840284,225.0,7,11,10.005941351011355,0
227,21590630,460.0,504.2148781168992,False,1933.1281101137206,105.0,2,4,6.646069126338665,0
52,1134286819,285.0,366.66674923608076,False,1211.000433489424,25.0,1,1,2.0281929504257254,0
169,503556078,685.0,660.855454364339,True,2755.4911354127794,220.0,4,5,4.596766562287958,0
177,26699537,210.0,294.06120219145936,False,829.8213115051614,210.0,1,20,27.60693172360519,0
27,108290,905.0,900.3859024089005,False,4013.0259876467303,270.0,7,8,6.096540497561464,0
44,25502540,615.0,642.3630879787058,False,2658.4062118882052,165.0,7,4,4.00651422141322,0
283,12354833,870.0,800.9711297924458,True,3491.098431410337,315.0,4,41,53.0699710649927,0
269,25473303,295.0,381.7619052405803,False,1290.2500025130469,25.0,4,0,0.6530819901246856,0
171,110004,1060.0,995.8705076812432,True,4514.320165326527,470.0,5,22,20.02867011735153,0
150,4457798822,590.0,592.1258220936619,False,2394.660565991723,195.0,9,9,8.753765773100907,0
136,25498827,890.0,875.7556245787966,True,3883.7170290386834,275.0,6,15,14.454902682623604,0
139,1684410086,575.0,597.0699722450827,False,2420.6173542866836,155.0,4,8,7.415110466513252,0
204,12650816262,410.0,469.04650382548493,False,1748.494145083795,80.0,7,4,4.297719446472742,0
19,14728072,980.0,933.0765348842979,True,4184.651808142562,325.0,8,6,8.089230724342608,0
142,107793,695.0,697.8616877162108,False,2949.7738605101063,205.0,8,10,6.063033943546624,0
47,25530312,510.0,562.769488008616,False,2240.539812045235,115.0,8,4,3.273849987636484,0
173,21533908,995.0,962.0563129448324,True,4336.795642960368,320.0,7,2,4.187801234776689,0
243,1619500438,365.0,433.78645553496756,False,1563.3788915585794,60.0,1,0,1.5432905982905982,0
175,1678452766,365.0,429.3851022949075,False,1540.2717870482645,60.0,2,6,4.949580987682787,0
194,21665582,700.0,688.9076247009002,True,2902.765029679725,700.0,5,29,27.798800415901994,0
196,1694551549,70.0,180.1168836502485,False,231.61363916380446,5.0,0,1,1.4485770102695816,0
155,5932959891,540.0,547.3549153052586,False,2159.613305352607,185.0,3,10,11.519199343698922,0
12,1614846702,490.0,550.7515722642459,False,2177.44575438729,100.0,5,2,3.39800318446392,0
238,4712556876,450.0,502.8815131670676,False,1926.127944127106,95.0,6,4,5.633755996702469,2
207,812264903,330.0,405.98310363204723,False,1417.4112940682483,45.0,2,1,1.289275331056688,0
63,4993728408,745.0,704.9435203342762,True,2986.9534817549497,250.0,2,15,19.848595404122953,0
57,9791490,975.0,800.7131996014086,True,3489.7442979073926,430.0,4,14,9.239463585366105,0
261,25507041,335.0,403.97851710211205,False,1406.8872147860882,50.0,2,6,6.179842588869584,0
170,9512937,350.0,405.10350990980726,False,1412.793427026488,65.0,1,4,4.086920423784412,0
257,1678452807,365.0,424.75243488994806,False,1515.9502831722268,65.0,4,0,1.1858340517398,0
77,26699551,390.0,459.29499529441165,False,1697.2987252956616,65.0,1,4,4.553878653007019,0
246,10574749,200.0,300.64520459834523,False,864.3873241413127,0.0,1,0,0.0,0
183,12437824276,425.0,448.7300097182945,False,1641.8325510210461,175.0,5,4,4.3127438930403335,0
72,21651765,720.0,707.4462673765848,True,3000.0929037270694,220.0,5,9,6.310176691991912,0
193,603751942,630.0,667.1753303727407,False,2788.6704844568885,160.0,5,14,13.30006379030292,0
144,1685751723,680.0,708.4905150473918,False,3005.575203998809,180.0,7,3,5.23132021565228,0
128,9522438146,355.0,427.47434170870656,False,1530.2402939707097,55.0,4,1,2.86648385005868,0
273,4301399715,700.0,730.2082844493319,False,3119.5934933589906,185.0,5,1,4.214180931928741,0
8,506328368,775.0,772.0671455221396,False,3339.352513991232,270.0,7,14,11.731999923221169,0
248,8094435229,570.0,526.7135531931043,True,2051.246154263798,295.0,2,43,41.00001348385143,0
199,25544143,405.0,462.86424871884395,False,1716.03730577393,95.0,3,5,1.5428707570809883,0
126,25498869,935.0,898.4188370604606,True,4002.69889456742,315.0,10,15,18.440124168861768,0
14,25522907,270.0,358.25933912856163,False,1166.8615304249488,15.0,3,0,0.33987115502759574,0
70,275424,845.0,850.5197738965362,False,3751.2288129568155,245.0,4,12,10.137194565484306,0
103,25476041,420.0,481.2505279161076,False,1812.5652715595645,80.0,3,15,36.79636881795724,9
220,25507040,735.0,716.1899075078663,True,3045.9970144162985,280.0,3,10,9.123871569974542,0
250,26699537,460.0,467.24456404042724,False,1739.0339612122434,460.0,3,26,25.467042965464127,0
135,1667203543,375.0,442.87039245355004,False,1611.069560381137,60.0,5,3,2.8463812183974406,0
2,8998120937,195.0,291.9821661610442,False,818.906372345482,0.0,0,0,0.0,0
117,1684410090,295.0,356.9832803734875,False,1160.1622219608091,45.0,0,2,3.2583698360953885,0
39,5393414954,360.0,436.24118818766675,False,1576.2662379852502,360.0,1,43,44.362871092738686,4
285,881887812,725.0,727.6740190476447,False,3106.288600000135,215.0,14,12,12.975969079085111,0
93,380494808,565.0,565.1019572172729,False,2252.7852753906814,195.0,5,13,12.887333962588055,0
131,12453538825,365.0,442.44510488481103,False,1608.836800645258,55.0,1,0,1.5011418438964876,0
159,14958918,955.0,928.2303250625763,True,4159.209206578524,305.0,10,8,5.7067123833532944,0
147,452486137,385.0,408.01081623993105,False,1428.0567852596375,110.0,3,7,7.673454063980832,0
10,9522438146,615.0,576.3272919097309,True,2311.7182825260866,320.0,8,37,39.04422295237216,0
191,2493654751,340.0,404.5638665575568,False,1409.9602994271736,55.0,5,0,0.7113404173814423,0
53,499122580,585.0,569.571979764171,True,2276.252893761897,230.0,3,16,17.05820211920477,0
235,454373621,290.0,378.48311534519956,False,1273.0363555622976,25.0,2,2,0.9401143363599431,0
160,25504263,330.0,406.2686012640682,False,1418.9101566363586,45.0,4,5,6.692374752607023,0
61,7066266061,325.0,400.4838674807892,False,1388.5403042741436,40.0,2,4,5.023790356983459,0
13,5387300688,285.0,367.8015279826752,False,1216.958021909045,25.0,1,4,3.920143228263566,0
167,7066266060,485.0,541.0998002436756,False,2126.7739512792973,105.0,2,4,5.443698354910117,0
212,21665031,540.0,550.6142430657242,False,2176.7247760950527,150.0,4,2,4.729388269796743,0
166,14077667431,875.0,856.4580558829144,True,3782.4047933853017,275.0,8,7,5.297804615364304,0
284,1947324461,815.0,808.7073740620444,True,3531.7137138257303,250.0,4,7,5.868629324057334,0
102,25473300,575.0,593.8631245151208,False,2403.781403704386,215.0,7,3,3.5681305395295464,0
100,2951109677,645.0,679.0471019155835,False,2850.9972850568133,165.0,6,7,10.484334853369136,0
97,2586614735,945.0,940.5315159286215,False,4223.790458625264,285.0,6,15,14.236984012318537,0
230,332040899,405.0,472.60805353133895,False,1767.1922810395283,70.0,4,2,2.06852349283902,0
262,5932875004,580.0,587.8914252429101,False,2372.4299825252783,165.0,3,1,2.409172370238761,0
101,1611442272,795.0,808.2045182226202,False,3529.073720668758,225.0,4,11,10.3187590171183,0
294,9791495,230.0,322.8580714683196,False,981.0048752086777,0.0,0,0,0.0,0
150,25502834,110.0,218.94950044596908,False,435.4848773413378,0.0,0,0,0.0,0
267,107786,665.0,670.3940055466196,False,2805.5685291197533,255.0,11,2,3.3245159277350105,0
225,108258,435.0,497.0020186703285,False,1895.2605980192236,85.0,7,3,2.527673530059834,0
292,4457798822,510.0,547.6894061743204,False,2161.3693824151815,125.0,3,7,6.59148115491139,0
218,107995,270.0,351.83360857398185,False,1133.1264450134045,20.0,2,0,0.5063976791417513,0
177,4303455913,125.0,233.57247954991382,False,512.2555176370474,0.0,0,0,0.0,0
216,21665713,575.0,591.745649471811,False,2392.6646597270083,190.0,5,6,6.419047422247252,0
7,25417428,260.0,309.6183261524388,False,911.4962123003036,40.0,3,1,1.8412491105184956,0
247,108901,260.0,348.48554742024334,False,1115.5491239562773,15.0,2,0,0.44309162745209607,0
266,9791497,465.0,506.6323669952644,False,1945.8199267251373,110.0,6,12,12.161346044357057,0
188,1691197961,630.0,660.4781346113078,False,2753.510206709366,165.0,5,3,4.422684900187338,0
161,2214979329,565.0,583.6378451254304,False,2350.09868690851,155.0,4,3,4.293718041031211,0
26,25306041,685.0,666.7916049732275,True,2786.6559261094435,215.0,4,19,22.435802374083035,0
90,9020945997,330.0,407.98539360127046,False,1427.9233164066707,40.0,2,2,1.5525608404830709,0
125,9791495,195.0,276.3911940685488,False,737.053768859881,0.0,1,0,0.0,0
187,25533437,415.0,472.53271322155626,False,1766.79674441317,80.0,3,3,2.3994681561849047,0
153,26591525,805.0,783.7447585503719,True,3400.6599823894553,255.0,12,16,13.906568024276057,0
4,107326,520.0,545.9080611381686,False,2152.0173209753843,135.0,5,3,5.281424671410865,0
105,25378129,500.0,540.0643458432488,False,2121.3378156770573,120.0,7,4,4.554786976345426,0
239,10845640242,465.0,529.2570890145123,False,2064.599717326189,90.0,3,2,1.4842361919135676,0
272,1630526800,690.0,688.0602432572566,False,2898.316277100597,210.0,11,13,15.052555293319278,0
270,108258,480.0,541.5779822525805,False,2129.2844068260474,100.0,2,10,6.797658291114285,0
43,1666324108,650.0,691.9829221863536,False,2918.9103414783553,165.0,2,8,7.11495714129556,0
179,298205891,1130.0,1039.8041594964568,True,4744.971837356398,400.0,9,7,6.125109435929363,0
156,2271434264,660.0,688.2148325895906,False,2899.1278710953507,175.0,3,6,9.50025613746112,0
254,9512926,335.0,388.42645107836825,False,1325.238868161434,105.0,2,14,12.207784133353433,0
140,12437379708,740.0,612.9022303669052,True,2503.736709426253,505.0,6,13,11.06380997959495,0
78,25507343,840.0,843.2791076486303,False,3713.215315155309,245.0,8,9,6.951456255362032,0
237,21665965,395.0,438.75818618014364,False,1589.4804774457546,85.0,4,0,2.7092845251825852,0
110,435144778,635.0,662.904561982746,False,2766.2489504094137,170.0,6,6,7.52574070684436,0
115,21665361,535.0,556.7328970841118,False,2208.847709691586,175.0,2,5,3.2349725143760915,0
77,2456267967,150.0,226.88620887706676,False,477.1525966046003,30.0,3,0,0.0,0
293,26699543,270.0,356.3871883219611,False,1157.0327386902964,20.0,2,0,1.5396132745761166,0
232,11331184983,620.0,651.4428797268996,False,2706.0751185662216,170.0,5,4,5.054463056968534,0
3,9046520718,390.0,445.9928251640846,False,1627.462332111444,75.0,3,2,2.276443201636027,0
86,102000,415.0,475.7148403587457,False,1783.5029118834152,80.0,6,1,2.446710064352113,0
228,9512933,770.0,709.092576227326,True,3008.7360251934633,305.0,6,11,11.729696228480577,0
45,25500758,410.0,475.34533508039385,False,1781.5630091720675,75.0,0,1,1.6924156819596725,0
15,107860,520.0,557.0440944316075,False,2210.4814957659396,130.0,3,12,16.990723007800916,0
135,634568069,135.0,242.0780195862244,False,556.9096028276779,0.0,2,0,0.0,0
9,25501288,245.0,325.9929987612469,False,997.4632434965462,25.0,2,0,0.9539267464464338,0
198,9791152,290.0,342.0742379507058,False,1081.8897492412057,95.0,1,12,13.454041755119158,0
96,9295694734,1150.0,1107.452310591126,True,5100.124630603414,370.0,8,15,17.087416244378538,1
18,9791487,495.0,550.795279688252,False,2177.6752183633243,105.0,3,4,1.7360572831153769,0
201,5932899700,725.0,590.7066928507179,True,2387.2101374662684,430.0,3,13,11.144400290804695,0
290,456363903,560.0,564.3665493817551,False,2248.924384254214,160.0,8,10,11.152407651387389,0
99,26559618,290.0,360.0236800161086,False,1176.12432008457,35.0,1,1,1.626093693115256,0
176,333650017,850.0,669.8575431163731,True,2802.752101360954,380.0,5,12,12.352965602790212,0
292,3560950179,105.0,216.9813447406168,False,425.15205988823806,0.0,1,0,0.0,0
80,4784457213,275.0,355.6031781341461,False,1152.916685204267,25.0,2,1,2.063431384670849,0
227,21665716,235.0,323.98458747234963,False,986.9190842298356,5.0,2,0,0.1252494868403548,0
225,1678452758,110.0,218.34262595110732,False,432.29878624331343,0.0,1,0,0.0,0
180,107790,645.0,556.9643267047303,True,2210.062715199834,380.0,4,45,47.99444668172786,0
69,5244680779,280.0,369.0927664750178,False,1223.7370239938434,20.0,1,1,1.0130012956193615,0
221,9295694734,375.0,298.3585456740772,True,852.3823647889061,300.0,1,0,0.15240269573514484,0
275,21665585,575.0,611.1215279714246,False,2494.3880218499776,145.0,6,1,2.495370165077418,0
124,4712556962,625.0,641.5578816910663,False,2654.1788788780987,210.0,5,8,7.2861202832925205,0
68,1678452766,415.0,482.5430755465833,False,1819.3511466195619,75.0,1,2,3.1611077287327674,0
76,107807,505.0,518.5505231949959,False,2008.390246773729,170.0,7,15,14.603365405006237,0
82,454212847,480.0,497.8903688679835,False,1899.9244365569136,180.0,7,11,7.113282270891947,0
174,25529871,490.0,529.224115095557,False,2064.4266042516742,115.0,6,6,5.807259865835677,0
48,701608618,495.0,548.6375614539674,False,2166.3471976333294,110.0,3,2,3.0407252320488256,0
163,10996228332,700.0,711.7637835504802,False,3022.75986364002,200.0,7,5,6.246746841284075,0
282,333719185,435.0,486.9388562366798,False,1842.428995242569,90.0,3,4,5.794141154202055,0
252,107801,510.0,555.1102235280822,False,2200.3286735224315,120.0,5,2,2.4146710433998484,0
208,9512937,685.0,658.7432263898627,True,2744.4019385467795,220.0,6,2,2.813257654275007,0
259,25507334,705.0,691.2630571789553,True,2915.131050189516,220.0,11,2,2.8155919667287943,0
253,8972731452,485.0,510.52793508787494,False,1966.2716592113438,150.0,1,7,10.912927766036423,0
236,25531990,320.0,397.16670088418334,False,1371.1251796419626,40.0,1,5,5.576115020842215,0
214,25473293,380.0,446.9787254558262,False,1632.6383086430874,65.0,7,5,2.4183485362664188,0
94,25498827,915.0,880.6942819970811,True,3909.6449804846775,300.0,14,13,10.532604684804067,0
141,25533129,560.0,454.2292148428744,True,1670.703377925089,395.0,0,14,9.129037511761895,0
157,9791495,780.0,732.6406293379443,True,3132.363304024207,265.0,4,3,3.781583180106367,0
222,5393414954,595.0,633.5372026993156,False,2612.0703141714052,595.0,7,45,41.034965653864454,0
84,6859207542,935.0,876.2208954813777,True,3886.1597012772327,320.0,12,4,4.679719728131121,0
226,108901,390.0,455.0525123258829,False,1675.0256897108857,70.0,3,5,4.297659287991484,0
165,25257309,805.0,730.9625969776712,True,3123.5536341327725,290.0,7,2,4.160093609011602,0
108,10574746,535.0,577.8995831976017,False,2319.972811787409,130.0,7,2,4.312761338181254,0
111,108899,460.0,515.8552854065613,False,1994.2402483844455,95.0,6,1,1.1376586679162872,0
127,1607738730,705.0,655.6965189213769,True,2728.406724337228,245.0,9,13,23.68495307674757,0
296,108300,515.0,571.8653208047184,False,2288.2929342247717,110.0,8,13,18.16891263111724,0
210,2482696992,600.0,587.162780561029,True,2368.604597945401,600.0,6,61,83.56144914141845,3
113,972535469,870.0,862.9940836924238,True,3816.718939385226,265.0,5,3,6.919100315520319,0
51,2337311458,500.0,549.596810362679,False,2171.383254404065,115.0,2,9,10.29602166049318,0
129,21665361,485.0,514.0476287617979,False,1984.7500509994393,165.0,3,6,4.8070496220198935,0
149,452486137,365.0,424.91003950377757,False,1516.7777073948323,65.0,3,10,11.031492188724023,0
162,21665580,640.0,644.9142135264876,False,2671.799621014059,185.0,5,7,6.040183647708373,0
74,5925666943,365.0,437.34210849489887,False,1582.0460695982183,55.0,4,5,4.086805100353207,0
63,26591531,260.0,352.5073083780998,False,1136.6633689850235,10.0,3,1,0.6870015940356786,0
184,5006063180,400.0,474.6343158084343,False,1777.8301579942797,65.0,6,1,1.8371248608180732,0
91,7223704403,380.0,447.590550763872,False,1635.8503915103279,65.0,2,5,4.956467973602865,0
123,1230374510,575.0,615.8532478235344,False,2519.2295510735553,140.0,6,12,15.705903297314102,0
277,11309776203,590.0,570.6013323205201,True,2281.65699468273,190.0,8,3,2.213662273296648,0
198,25257039,80.0,185.11670209544278,False,257.8626860010746,15.0,0,0,0.4168311029344418,0
20,1694551549,655.0,662.1623604754715,False,2762.352392496224,190.0,2,13,13.968273444087217,0
152,25473284,515.0,551.9126763316407,False,2183.541550741113,125.0,2,5,5.180505428775714,0
155,25500885,275.0,359.60248716914094,False,1173.9130576379903,20.0,1,1,0.821637408143539,0
151,21645238,395.0,449.2751918060721,False,1644.6947569818792,80.0,9,1,2.42080643380118,0
295,1309470394,845.0,744.1404820308186,True,3192.737530661796,320.0,4,11,9.944616092619452,0
85,9791153,735.0,654.129654353887,True,2720.180685357905,275.0,4,7,7.334436301479362,0
22,21665361,705.0,583.1041305357911,True,2347.2966853129046,375.0,5,8,9.263595501650723,0
291,771982972,390.0,420.027096099321,False,1491.142254521435,140.0,6,15,13.18799977077389,0
193,12652780908,280.0,353.978082999746,False,1144.3849357486663,30.0,2,1,0.4548845275552612,0
256,1409010786,1230.0,1021.5889463367014,True,4649.3419682676795,510.0,8,19,20.16097881445971,0
280,25257789,810.0,813.3920304466583,False,3556.3081598449576,240.0,4,7,8.127150952379933,0
54,25533613,435.0,472.31385685715827,False,1765.6477485000814,100.0,5,17,23.010377513232623,5
234,1230374510,485.0,548.9585929805713,False,2168.032613147999,100.0,4,10,19.360919514835995,2
133,881887811,740.0,756.8228949283014,False,3259.3201983735817,210.0,6,6,7.589282511660234,0
172,2191480791,1170.0,1041.1544231576415,True,4752.060721577617,440.0,12,7,5.950908624313506,0
219,3887905014,465.0,486.72834439318467,False,1841.3238080642207,120.0,4,15,26.354365417309804,6
37,2624195128,610.0,644.1637201100232,False,2667.859530577622,155.0,2,7,7.738699230408792,0
109,823745,600.0,526.5246609020053,True,2050.2544697355274,240.0,3,8,6.741097038842899,0
246,25417431,305.0,392.28770028744566,False,1345.5104265090902,30.0,2,2,1.5215318504431976,0
134,25474658,485.0,539.568394191243,False,2118.7340695040252,105.0,3,5,3.3353811106089726,0
187,8421658424,195.0,280.5968872595563,False,759.1336581126704,0.0,1,0,0.0,0
89,4993728408,565.0,597.2371294133395,False,2421.494929420032,145.0,4,6,8.827563574882895,0
56,108901,385.0,442.18647977797156,False,1607.479018834351,75.0,1,13,22.35899555012132,5
7,25496892,225.0,286.797028357373,False,791.6843988762084,70.0,3,0,0.0,0
50,294651409,1110.0,958.1897936860707,True,4316.496416851868,435.0,7,13,8.156305940782014,0
272,1685938740,190.0,282.72592337865325,False,770.3110977379299,0.0,0,0,0.0,0
36,108045,615.0,653.8294388585196,False,2718.6045540072273,155.0,1,4,4.3276153964479525,0
88,25496892,830.0,725.5665680140492,True,3095.2244820737583,380.0,4,7,9.400669377204153,0
92,2833445980,430.0,465.68329554571704,False,1730.8373016150138,100.0,4,5,4.900806704878354,0
17,25496762,970.0,894.055490606877,True,3979.7913256861034,340.0,8,7,10.757392394087944,0
73,107319,515.0,551.5120384357555,False,2181.4382017877183,130.0,6,8,6.53314624648095,0
242,25507343,395.0,479.4719089276321,False,1803.2275218700688,55.0,1,1,1.4536324954388853,0
87,25524248,440.0,500.33523872633737,False,1912.7600033132717,85.0,1,2,1.670983038887729,0
154,292252720,840.0,807.9686212585389,True,3527.835261607327,270.0,3,27,35.54715333002606,6
164,1678452814,535.0,552.0031803130742,False,2184.01669664364,160.0,5,7,8.496356741682428,0
125,3085005064,215.0,298.8511299428813,False,854.968432200127,5.0,3,0,0.2019527872046211,0
29,435144778,1270.0,1149.2601779838435,True,5319.615934415176,465.0,11,9,7.3848279671497075,0
249,1614926320,765.0,677.7774078835394,True,2844.3313913885795,295.0,6,21,22.869690422525697,0
255,14017207475,995.0,882.0195413040818,True,3916.6025918464297,375.0,5,10,10.397271374975983,0
175,1104448112,350.0,426.44060280447343,False,1524.813164723485,50.0,2,1,2.591870128455534,0
148,4684520653,490.0,529.0215732091358,False,2063.3632593479633,115.0,4,7,5.596870291626577,0
84,25531001,95.0,208.62438452872968,False,381.2780187758308,0.0,1,0,0.0,0
66,10574746,530.0,561.2522395301165,False,2232.574257533112,135.0,3,4,2.7729389811940313,0
112,1678452758,385.0,422.53499692391983,False,1504.3087338505795,85.0,4,4,1.2554468357154585,0
137,4215728338,495.0,541.4439703049992,False,2128.5808441012464,115.0,4,9,6.924607950425636,0
53,8752950709,280.0,363.28467707254276,False,1193.2445546308493,25.0,1,1,0.42367638044619726,0
171,25544143,370.0,417.3266451764499,False,1476.9648871763627,75.0,3,6,3.243693731260653,0
71,9791495,400.0,458.1270749501664,False,1691.1671434883735,75.0,1,2,2.1639469814801027,0
265,2214979340,435.0,482.42615027089107,False,1818.7372889221788,95.0,4,1,2.302712377888378,0
146,25531002,530.0,558.418615802373,False,2217.6977329624588,135.0,3,8,4.758371085365973,0
226,6914171275,105.0,212.42146295439784,False,401.2126805105887,0.0,0,0,0.0,0
213,333650017,930.0,774.2564494167735,True,3350.84635943806,435.0,9,6,8.95510006554178,0
98,292252720,990.0,739.0223143344607,True,3165.867150255911,525.0,4,0,0.6665644608802468,0
261,1938580083,355.0,433.21660487852716,False,1560.3871756122678,50.0,2,0,0.6616208377274531,0
215,25476020,755.0,748.3025726193105,True,3214.5885062513794,230.0,7,1,3.94004834920773,0
231,358992920,710.0,725.4701327637899,False,3094.7181970098986,200.0,5,10,10.694882268044536,0
211,6179954005,425.0,460.7592892495925,False,1704.9862685603593,100.0,5,2,3.005439666141672,0
67,25544119,795.0,700.8561956765302,True,2965.4950273017844,340.0,3,10,4.532499999999999,0
23,2191480791,760.0,771.3580207280042,False,3335.6296088220215,220.0,6,11,7.8822000257611755,0
271,1607738730,590.0,619.0286141772444,False,2535.900224430535,155.0,2,15,14.19227044071175,0
43,2833448424,240.0,324.47235534835244,False,989.4798655788499,10.0,3,0,0.1864688752904574,0
75,25470785,1315.0,1077.2511889269451,True,4941.568741866459,560.0,10,5,2.772460151311344,0
203,1667203485,680.0,707.5965099601159,False,3000.8816772906084,180.0,4,5,3.0254842458789715,0
9,3085005064,195.0,286.5257849620197,False,790.2603710506033,0.0,1,0,0.0,0
268,4222962185,450.0,496.94820879686927,False,1894.9780961835625,100.0,3,4,3.3294938299800956,0
5,5453319326,675.0,587.2611028693017,True,2369.1207900638333,450.0,3,48,39.51138937810388,0
262,107319,305.0,380.41591202652995,False,1283.1835381392827,35.0,1,1,1.3257364281143962,0
49,25257402,840.0,708.9568562837871,True,3008.023495489883,370.0,7,4,8.81473457410716,0
25,435144778,795.0,829.2880602800528,False,3639.7623164702786,210.0,9,4,5.890093683223311,0
229,26848680,475.0,543.2037271531366,False,2137.8195675539673,90.0,6,3,2.0545208410095848,0
214,1115431333,165.0,261.52964028989425,False,659.0306115219447,0.0,2,0,0.0,0
12,8124381023,405.0,477.00136582239287,False,1790.2571705675628,70.0,2,1,2.3014539979645203,0
149,812264838,140.0,244.44078368896217,False,569.3141143670516,0.0,2,0,0.0,0
150,25375812,320.0,404.2523456412276,False,1408.324814616445,35.0,2,2,1.1429339802080858,0
218,1947324461,320.0,390.27425694876774,False,1334.9398489810314,50.0,4,2,1.2518608818455983,0
206,21665583,560.0,585.7991743173055,False,2361.4456651658543,560.0,5,69,80.796048441564,3
199,108059,380.0,418.04610807895165,False,1480.7420674144958,130.0,3,10,12.478433708891746,0
240,12198505,930.0,913.1404952767876,True,4079.987600203137,290.0,5,11,8.814436359993993,0
190,25257810,600.0,643.5871383540167,False,2664.832476358587,145.0,6,15,14.05683436423786,0
118,11309776203,835.0,739.6004236115571,True,3168.902223960674,480.0,5,34,35.259173582198464,0
191,1667118171,355.0,438.17462048196614,False,1586.4167575303218,45.0,2,0,0.8071817112608891,0
224,25472057,590.0,631.2869454159425,False,2600.2564634336977,145.0,4,9,10.749689767145124,0
15,9521029,240.0,336.00008373198347,False,1050.0004395929127,0.0,1,0,0.0,0
176,110004,225.0,310.843991768953,False,917.9309567870033,5.0,1,1,0.6323825631089842,0
52,1691133712,465.0,455.9448431128369,True,1679.710426342393,205.0,0,12,9.71031221229592,0
257,21666007,420.0,478.9585318331343,False,1800.5322921239547,80.0,4,4,4.197200488479765,0
92,21665367,100.0,208.65442511299534,False,381.43573184322565,0.0,0,0,0.0,0
6,26559618,695.0,585.599939220175,True,2360.3996809059186,395.0,6,15,10.537355145481886,0
283,108306,465.0,536.2165622812746,False,2101.1369519766913,85.0,2,7,7.896706165187951,0
107,2833448424,620.0,577.2709689854024,True,2316.6725871733643,270.0,4,9,9.726991545217198,0
112,3531897238,95.0,209.95978180332088,False,388.28885446743465,0.0,2,0,0.0,0
277,1678452758,165.0,266.0056938052839,False,682.5298924777404,0.0,2,0,0.0,0
132,7066266060,535.0,558.6762139685155,False,2219.0501233347077,140.0,4,17,10.326571996530694,0
119,27503587,760.0,771.4598657294246,False,3336.164295079478,215.0,6,9,9.489044971980947,0
280,25501320,140.0,239.6050117605883,False,543.9263117430885,0.0,0,0,0.0,0
35,1927220454,520.0,569.8845199975835,False,2277.8937299873137,120.0,4,2,2.757569704761875,0
197,5922202130,585.0,619.9924088146727,False,2540.9601462770315,150.0,2,5,4.263695751509909,0
62,25256620,885.0,884.3289171482746,False,3928.726815028439,265.0,12,4,8.085791205861934,0
147,2215490966,385.0,446.7171964719277,False,1631.2652814776197,70.0,4,14,15.465539063119204,0
121,26607518,1175.0,1118.1804210362877,True,5156.447210440511,400.0,19,14,13.361682325036682,0
58,6342450111,575.0,586.9170887949803,False,2367.314716173646,160.0,4,4,4.87185405785415,0
223,306499809,620.0,653.4528876554701,False,2716.627660191219,160.0,3,6,4.755874268564229,0
72,25378078,440.0,489.02329830518397,False,1853.3723161022167,95.0,4,2,3.4023881635923425,0
194,9512926,460.0,499.5014213474995,False,1908.3824620743715,110.0,1,2,2.084247069112148,0
88,435144778,125.0,231.1978473673472,False,499.7886986785727,5.0,1,0,0.0,0
160,13300220281,390.0,472.1395841657893,False,1764.7328168703937,55.0,0,4,5.256300822667083,0
233,108300,610.0,647.7134205144598,False,2686.495457700915,155.0,7,23,29.840222653487082,1
116,7261577394,525.0,570.2110938191986,False,2279.608242550793,125.0,3,1,2.1878384912959388,0
245,25257284,605.0,623.970224269188,False,2561.843677413237,165.0,6,6,6.380148902981195,0
122,2129184256,825.0,801.9036493104227,True,3495.9941588797187,260.0,3,6,7.773161504954064,0
145,6273263209,765.0,762.4760130918714,False,3288.9990687323225,230.0,6,10,9.46478473291291,0
178,25257304,540.0,503.0971337184951,True,1927.2599520220988,270.0,4,12,11.978423855631393,0
205,26848680,875.0,759.0720763377358,True,3271.128400773113,340.0,3,12,8.638875865963485,0
40,13924531990,595.0,601.1456211711079,False,2442.0145111483166,170.0,5,15,12.166259453490502,0
175,108045,130.0,236.0299563668301,False,525.1572709258578,0.0,1,0,0.0,0
192,21665911,575.0,548.1355658412953,True,2163.7117206668,575.0,5,16,14.073631780752944,0
286,11747638084,720.0,682.8865041438438,True,2871.1541467551788,240.0,3,15,13.991783924917142,0
185,9512930,810.0,712.6949591935995,True,3027.648535766395,360.0,5,11,9.469978194034054,0
163,107821,250.0,338.10919253946196,False,1061.0732608321753,10.0,1,0,0.3846349999938019,0
238,2191480791,480.0,514.7505220978882,False,1988.4402410139128,115.0,3,16,22.79669210827874,1
79,1667203543,825.0,828.5563454751682,False,3635.9208137446335,245.0,11,6,9.19996781331377,0
138,9521006,715.0,731.2728571121804,False,3125.182499838948,200.0,5,5,4.446615474181894,0
81,1106056866,985.0,954.3204702995098,True,4296.182469072424,315.0,9,10,7.406644265368393,0
230,25471098,405.0,449.60905748603494,False,1646.4475518016832,90.0,6,17,18.293298614381357,0
189,1666324225,795.0,805.7767653375413,False,3516.328018022091,230.0,9,8,8.24508919856892,0
102,25500758,410.0,478.1528559561843,False,1796.302493769968,75.0,8,1,1.150691327167247,0
186,21665361,620.0,573.5277787198809,True,2297.0208382793776,225.0,2,5,6.3496099536180575,0
221,11863145,285.0,341.45464537617755,False,1078.6368882249321,45.0,1,5,2.967512131363581,0
91,25473373,220.0,305.67670826161714,False,890.8027183734899,5.0,1,1,0.20728264465138616,0
247,9789817,390.0,448.6607860738543,False,1641.4691268877345,75.0,1,2,3.8939144113516204,0
142,1409010786,520.0,560.2416416283221,False,2227.268618548691,125.0,3,21,26.949232190014143,0
295,21665911,215.0,312.5847787281967,False,927.0700883230323,215.0,1,23,26.567352392746592,0
64,107790,620.0,618.8061756199755,False,2534.732422004871,210.0,7,1,2.3209976525273106,0
195,9512935,795.0,684.3154396381163,True,2878.656058100111,380.0,4,13,12.784662804673687,0
169,1667118171,545.0,573.6825102830973,False,2297.833178986259,140.0,7,11,11.246886489483984,0
264,1700140657,715.0,648.5490615843443,True,2690.8825733178073,295.0,4,4,9.058073609122005,0
130,26559369,685.0,561.4082854154353,True,2233.3934984310367,355.0,2,8,8.178413731877287,0
29,1309470394,175.0,275.4399518097793,False,732.0597470013412,0.0,0,0,0.0,0
139,21665911,540.0,592.4845522157642,False,2396.543899132763,540.0,3,58,65.61141753418225,0
59,6065422037,605.0,561.3469515133019,True,2233.0714954448345,220.0,2,5,5.919982571251493,0
44,25533578,550.0,503.6780560934439,True,1930.3097944905792,205.0,4,1,2.3796619142319924,0
2,275422,475.0,529.5337110140914,False,2066.051982823979,100.0,0,5,6.257550095817087,0
216,6214704100,425.0,479.44590291060126,False,1803.0909902806561,85.0,3,6,4.2477975962365635,0
89,25533438,200.0,292.35671372648187,False,820.8727470640296,0.0,3,0,0.0,0
53,3552338823,175.0,242.09098254272627,False,556.9776583493128,30.0,1,5,7.9914976828689,0
94,1637789617,295.0,375.2184508877144,False,1255.8968671605005,30.0,3,2,0.7094271192765059,0
28,338504649,680.0,709.0040300897163,False,3008.2711579710103,180.0,7,15,16.684956757239686,1
104,21665589,585.0,581.1926855993174,False,2337.2615993964164,175.0,6,20,12.47171676081999,0
201,21665911,340.0,374.44303391268454,False,1251.8259280415937,340.0,4,28,31.847769950407017,0
290,25473373,345.0,363.42003969627,False,1193.9552084054176,125.0,3,7,9.857194580535781,0
209,108060,635.0,653.4672041437348,False,2716.7028217546076,200.0,6,11,7.558836425614706,0
126,1614846675,505.0,555.0107039470388,False,2199.806195721954,115.0,7,6,10.58767939595042,0
100,12921761055,455.0,509.1236939345825,False,1958.8993931565574,95.0,1,11,10.154565618611729,0
144,1678452758,515.0,578.638848338606,False,2323.8539537776796,105.0,4,2,3.3828376339484207,0
249,14017207476,200.0,299.45160353552404,False,858.1209185615013,0.0,3,0,0.0,0
225,110031,335.0,408.9429966772025,False,1432.9507325553127,45.0,4,4,2.519741240171498,0
57,12265050664,540.0,577.5528763919981,False,2318.1526010579896,135.0,1,24,33.70062579905288,0
106,9791482,680.0,634.2686447747346,True,2615.9103850673546,330.0,3,9,12.241937881471953,0
232,25475478,365.0,382.4550555109546,False,1293.8890414325122,130.0,1,9,9.53414750853706,0
214,293812285,140.0,247.43387968226085,False,585.0278683318693,0.0,0,0,0.0,0
63,25257309,275.0,340.00896529271364,False,1071.0470677867468,35.0,0,0,0.0,0
140,109838,400.0,467.0873464790209,False,1738.2085690148592,70.0,1,3,3.3159967850032994,0
47,107987,575.0,605.7371304245029,False,2466.119934728641,150.0,3,8,6.11386373254708,0
10,102025,490.0,545.9348211468367,False,2152.157811020892,105.0,3,6,5.063103274034308,0
15,1938580083,125.0,232.46677728479946,False,506.45058074519704,0.0,0,0,0.0,0
258,25544143,700.0,638.7153696032608,True,2639.25569041712,265.0,5,7,3.08432638943586,0
95,11309776203,710.0,641.0190654186491,True,2651.3500934479084,360.0,6,13,8.646986675497022,0
241,25471089,890.0,792.0572608568868,True,3444.300619498656,345.0,7,10,10.01751652980002,0
60,9521029,665.0,660.1234245584274,False,2751.6479789317427,245.0,5,13,15.605364713076789,0
51,25500900,300.0,366.49635020012477,False,1210.1058385506542,40.0,2,3,1.7658927700645657,0
103,25472348,525.0,470.77250277949435,True,1757.5556395923454,340.0,3,1,2.2140520074336654,0
9,1684410105,175.0,257.52093707668,False,637.9849196525699,0.0,0,0,0.0,0
38,8098784582,965.0,884.0923218319475,True,3927.484689617725,470.0,10,14,16.620766045282434,0
111,26699543,315.0,343.33083929366865,False,1088.4869062917605,145.0,0,11,10.701727921085451,0
41,21533913,635.0,681.4690212900005,False,2863.7123617725015,155.0,9,2,3.684637788923134,0
296,13250138,320.0,336.2325170834106,False,1051.220714687906,145.0,2,12,10.736343291186977,0
99,14023072777,380.0,440.1914257156192,False,1597.004985007,70.0,1,1,1.0879791177228069,0
32,2337311458,645.0,545.2277622248272,True,2148.4457516803427,525.0,2,8,10.831452651994217,0
65,25497435,740.0,754.4891336407236,False,3247.0679516137984,210.0,6,7,7.110679625943335,0
1,812264903,915.0,869.0988475751961,True,3848.768949769781,345.0,5,9,11.453245643603323,0
158,25256268,1135.0,912.8477782119744,True,4078.450835612866,555.0,2,8,3.560244559363007,0
226,2337311458,230.0,310.34683266093475,False,915.3208714699072,10.0,1,0,0.2609899743580721,0
169,108045,70.0,189.43439605052745,False,280.53057926526924,0.0,0,0,0.0,0
143,102000,990.0,807.0492603351076,True,3523.00861675931,425.0,11,19,20.401064830088384,0
97,506328368,505.0,520.2861374930391,False,2017.5022218384554,140.0,1,10,17.499593779414738,1
71,2271422636,245.0,336.6955344340354,False,1053.6515557786859,5.0,2,0,0.17154505317164265,0
83,25501320,835.0,730.094813456126,True,3118.9977706446607,430.0,5,12,11.122150269072433,0
133,25257044,285.0,361.66838500342476,False,1184.7590212679806,30.0,2,4,3.72073013241211,0
116,5932875003,130.0,219.60713371238896,False,438.937451990042,0.0,2,0,0.0,0
276,25472654,705.0,683.5012395433755,True,2874.3815076027217,225.0,5,7,10.192469754524565,0
251,452589682,745.0,684.3825387891433,True,2879.008328643001,330.0,4,9,8.670023791420169,0
188,4702603699,505.0,567.1725248652734,False,2263.655755542686,105.0,8,6,5.954782463684497,0
74,821601,340.0,410.2573804227346,False,1439.851247219357,50.0,1,1,1.2878002534031645,0
149,25475739,195.0,288.7586571789449,False,801.9829501894608,0.0,0,0,0.0,0
183,1106056846,605.0,508.2334268588595,True,1954.2254910090128,535.0,4,17,11.306917019608372,0
181,452168032,935.0,954.8843220936044,False,4299.142690991424,265.0,5,6,6.375715404177495,0
69,333650017,405.0,469.11458249073934,False,1748.8515580763824,75.0,3,1,2.971829134652393,0
202,881887812,780.0,766.7807505897778,True,3311.5989405963323,240.0,10,12,14.104435152553206,0
264,9522438168,110.0,218.93957782927978,False,435.4327836037188,0.0,1,0,0.0,0
180,5453319326,420.0,438.6229149058316,False,1588.7703032556158,135.0,3,6,6.41399703416046,0
117,21665716,575.0,552.080011067401,True,2184.420058103854,200.0,4,18,16.27675399180174,0
168,25505558,875.0,715.7669373290859,True,3043.7764209776965,370.0,5,6,8.540923264428173,0
279,1685938741,1045.0,875.5721451876958,True,3882.753762235403,430.0,2,15,9.319432142521375,0
114,108045,915.0,824.425670585621,True,3614.234770574513,470.0,6,13,15.761285860177813,0
19,6049524394,650.0,688.917411196308,False,2902.816408780617,165.0,6,22,18.017398396866334,0
244,454373621,815.0,754.6155401866625,True,3247.7315859799796,295.0,7,3,5.987176613040679,0
270,107780,500.0,511.98239541745727,False,1973.9075759416503,180.0,3,4,4.59139762994492,0
164,25714232,300.0,385.6820091233154,False,1310.8305478974062,30.0,4,5,3.4250650444979227,0
110,3147915545,475.0,539.4833854527693,False,2118.287773627039,95.0,2,12,15.419385435568167,0
260,489796745,855.0,844.4589226468387,True,3719.4093438959044,310.0,7,16,13.902053473632169,0
49,1684410087,245.0,334.543404254032,False,1042.3528723336678,10.0,2,2,0.8585859747713543,0
85,25473371,350.0,404.1973810382434,False,1408.0362504507775,80.0,1,8,11.733560234656332,0
291,25500126,345.0,416.4770457496923,False,1472.5044901858848,50.0,3,2,1.1646094850583077,0
55,846861643,1010.0,932.3291168389413,True,4180.727863404444,440.0,7,18,15.486498505320712,0
94,21533912,115.0,220.18829317394875,False,441.98853916323117,0.0,0,0,0.0,0
161,25472874,535.0,569.4163297848926,False,2275.4357313706864,135.0,4,9,10.886411019953284,0
189,14727254,155.0,259.0566461502283,False,646.0473922886985,0.0,0,0,0.0,0
278,6179954005,705.0,712.1186395664139,False,3024.622857723673,205.0,7,4,6.111206051290435,0
285,21651765,595.0,628.8007282096085,False,2587.203823100444,150.0,4,10,9.281410375413259,0
27,6312042614,685.0,733.3448921273844,False,3136.0606836687693,170.0,12,7,3.9328325228018852,0
80,601141518,455.0,530.2586992574146,False,2069.858171101427,80.0,2,4,3.181003912336255,0
162,255578,385.0,444.09412321355506,False,1617.494146871164,85.0,3,13,12.577066160825872,0
31,9295694734,1730.0,1106.2489576213447,True,5093.80702751205,1245.0,9,4,5.926042208431227,0
46,25498827,1160.0,1079.4995495352302,True,4953.3726350599545,445.0,11,11,12.238714792485272,0
33,12547908624,765.0,711.1919245404389,True,3019.7576038373013,275.0,3,14,15.152176387925808,0
11,9512908,725.0,734.2487799467086,False,3140.8060947202193,210.0,3,4,4.114465464408396,0
21,185620586,830.0,798.291454406805,True,3477.0301356357263,270.0,5,3,3.760554460107419,0
198,9512908,385.0,459.9817059266661,False,1700.9039561149966,60.0,2,4,2.363383023067063,0
29,109391,145.0,248.30849090433063,False,589.6195772477356,0.0,1,0,0.0,0
167,5393414954,590.0,553.1201337242787,True,2189.8807020524628,590.0,2,54,67.43913932620177,0
15,452168032,105.0,209.8234137842702,False,387.57292236741847,0.0,1,0,0.0,0
242,4347844156,335.0,397.6911980526065,False,1373.878789776184,55.0,1,1,2.2294043554207783,0
184,21554368,390.0,472.20271724030937,False,1765.064265511624,55.0,4,0,0.895990271827708,0
212,1614926342,595.0,632.6860000648651,False,2607.6015003405437,150.0,10,9,7.105431582897726,0
263,351788581,745.0,700.4648880173686,True,2963.440662091184,250.0,6,23,16.258426842059276,0
3,5453319326,490.0,488.4230070060496,False,1850.220786781761,210.0,4,12,11.38822350600872,0
150,107863,260.0,345.06321763973403,False,1097.5818926086038,15.0,2,3,2.264511838489277,0
238,9512908,190.0,279.3793820862683,False,752.7417559529084,0.0,1,0,0.0,0
196,26699545,675.0,692.0109967372427,False,2919.057732870523,190.0,4,3,5.214644478930797,0
190,370712148,270.0,324.2387237330555,False,988.2532995985412,50.0,1,2,3.7041256867889407,0
115,5932875003,525.0,521.9838111505782,False,2026.4150085405358,245.0,4,21,19.104463820247584,0
223,21665716,230.0,318.0659362088248,False,955.84616509633,5.0,4,1,0.4532268007658962,0
131,25473399,630.0,653.7402302099849,False,2718.1362086024214,170.0,4,2,2.405217636374518,0
42,456363903,935.0,848.0759758893466,True,3738.3988734190707,465.0,6,7,11.64442537234756,0
208,333650017,460.0,520.7053446968877,False,2019.7030596586585,95.0,1,10,7.650658528951239,0
16,1685751696,810.0,667.9093214668799,True,2792.5239377011203,375.0,5,11,8.489961516505156,0
274,4116205016,1065.0,1029.4760047771458,True,4690.749025080015,390.0,9,14,11.149141886053627,0
200,8972731452,1095.0,889.3877716873573,True,3955.2858013586256,560.0,12,13,11.745927282062182,0
179,107818,560.0,532.0349485499179,True,2079.1834798870686,220.0,2,6,5.765554233149843,0
18,26559655,515.0,511.8276580384669,False,1973.0952047019512,200.0,4,5,5.369570139187285,0
76,107797,490.0,535.5598737556519,False,2097.6893372171717,115.0,5,3,4.990152367984773,0
165,21665582,460.0,481.02996774195475,False,1811.4073306452633,460.0,7,32,41.09503352233605,0
267,282686499,620.0,609.0554917723773,True,2483.54133180498,200.0,9,32,54.72555891419107,8
252,5932856691,480.0,542.5655618465729,False,2134.469199694507,100.0,3,3,2.082119171799225,0
28,107801,180.0,277.68597020998703,False,743.8513436024318,0.0,0,0,0.0,0
23,9512926,335.0,364.9918429045142,False,1202.2071752486993,100.0,3,9,4.845071447186777,0
255,25257793,375.0,451.6467036993338,False,1657.1451944215019,55.0,4,1,0.8820945945945947,0
61,5387300688,645.0,523.8250142652554,True,2036.0813248925906,520.0,4,9,11.94633256344254,0
127,25532839,460.0,509.7411775804354,False,1962.1411822972862,100.0,4,11,14.679561069873012,2
105,823745,585.0,572.521709671006,True,2291.73897577278,250.0,5,14,12.946990569002315,0
43,9791489,335.0,412.41257493106207,False,1451.1660183880763,45.0,4,9,8.113428327541195,1
73,1115431333,390.0,462.2651587214292,False,1712.892083287504,65.0,6,2,1.5609794519382758,0
220,5393414954,680.0,621.2338981375701,True,2547.4779652222446,680.0,6,59,66.36278243662592,0
6,4347844156,290.0,364.51039457829705,False,1199.6795715360593,30.0,4,0,1.1990761587727556,0
250,102041,690.0,724.1137414415242,False,3087.597142568002,180.0,3,10,11.553368987514865,0
66,21665585,390.0,427.83092092567716,False,1532.1123348598046,105.0,10,7,5.783073917245943,0
59,12437379708,215.0,302.91770292604144,False,876.3179403617173,0.0,3,0,0.0,0
153,2271422636,610.0,638.956685210423,False,2640.5225973547217,160.0,3,4,4.378913682258263,0
261,3531897238,370.0,451.85540613435774,False,1658.2408822053776,50.0,5,1,1.4396777972538524,0
205,109391,265.0,353.74229360456525,False,1143.1470414239677,15.0,4,1,0.8586987342072556,0
177,9512924,645.0,587.8233374363181,True,2372.0725215406706,260.0,3,3,6.2633496008863805,0
99,25501328,160.0,260.82433624746517,False,655.3277652991925,0.0,1,0,0.0,0
25,972535572,350.0,421.7335714763852,False,1500.1012502510218,50.0,1,2,2.5968412852037637,0
98,107349,390.0,445.8119453835441,False,1626.512713263607,75.0,2,3,2.2386441156121584,0
182,25501306,1085.0,900.8446104731153,True,4015.4342049838588,505.0,7,11,10.187961279724922,0
253,7261577394,520.0,540.5063242994363,False,2123.65820257204,140.0,2,7,3.9810660547722407,0
120,25474562,805.0,794.6460075645621,True,3457.8915397139526,245.0,8,10,8.340677268484551,0
234,9702441401,450.0,486.76575238784085,False,1841.520200036164,105.0,5,7,6.411786574480682,0
284,108216,680.0,664.6876342570258,True,2775.6100798493844,210.0,3,8,12.738273686477589,0
30,25472873,845.0,777.352930817231,True,3367.1028867904615,315.0,5,11,7.276887180044087,0
107,266481785,315.0,386.14898008134224,False,1313.282145427047,40.0,2,2,2.871891391396688,0
204,25476020,775.0,719.0710091010162,True,3061.1227977803337,270.0,6,1,0.24499999999999997,0
14,5932883505,725.0,679.290442647481,True,2852.2748238992776,295.0,3,25,23.81760528166086,0
101,25524240,680.0,665.4301211074398,True,2779.5081358140583,280.0,3,4,5.318943905958731,0
124,25505558,545.0,557.5726731479177,False,2213.2565340265664,195.0,4,6,6.183226000492077,0
217,14069254029,815.0,845.7156105781019,False,3726.006955535033,220.0,7,2,3.5627837737093273,0
276,200044,170.0,269.52080492834824,False,700.9842258738283,0.0,1,0,0.0,0
222,1614846678,530.0,525.6809730241097,False,2045.8251083765776,190.0,5,6,5.526361037422708,0
289,9024001777,945.0,876.3415913883637,True,3886.793354788908,330.0,2,17,14.03908220261705,0
203,25502834,385.0,451.15749935852403,False,1654.5768716322523,65.0,2,1,2.272757485741708,0
86,25501773,590.0,618.0976850674774,False,2531.012846604256,155.0,6,6,2.9947975747704207,0
273,25544126,750.0,789.048616984442,False,3428.50523916832,195.0,12,4,5.363612917108237,0
135,12265050664,595.0,628.4556704974746,False,2585.392270111739,155.0,2,13,12.385128886319608,0
166,25533613,705.0,554.9938204264494,True,2199.7175572388574,570.0,5,11,11.55022156828497,0
174,5453319326,560.0,605.1924198793453,False,2463.260204366562,135.0,3,10,7.956220903857763,0
20,1166056970,505.0,570.3146652823106,False,2280.1519927321306,105.0,2,7,8.937155601989312,0
184,25256273,120.0,227.19846285642154,False,478.791929996213,0.0,1,0,0.0,0
147,13567811111,335.0,413.60903162386205,False,1457.4474160252762,45.0,2,1,2.1887489609847397,0
149,1700140657,180.0,278.3686112473324,False,747.4352090484955,0.0,2,0,0.0,0
291,6273263209,155.0,254.20606085800492,False,620.5818195045258,0.0,1,0,0.0,0
275,6065422037,585.0,584.5051418772338,False,2354.6519948554774,250.0,8,16,13.323148687084352,0
66,1938580083,60.0,179.25674038627972,False,227.0978870279684,0.0,0,0,0.0,0
122,25257810,335.0,386.60883976139587,False,1315.6964087473282,60.0,2,0,2.101899502965098,0
128,25470694,775.0,786.5394098473921,False,3415.3319016988107,220.0,7,9,5.953252966565595,0
294,2271434264,725.0,739.3720760505698,False,3167.703399265492,205.0,9,6,7.111029260602455,0
8,311422343,780.0,753.5743961749762,True,3242.265579918623,255.0,6,3,4.172080767438806,0
193,294651404,510.0,550.3196748878169,False,2175.178293161039,120.0,6,12,11.353069249709588,0
22,5932856688,520.0,518.5004395541563,False,2008.1273076593206,220.0,6,4,3.784950428243251,0
227,7959928587,615.0,676.3411755871251,False,2836.791171832406,140.0,5,6,5.189832982604837,0
25,25472904,65.0,181.58263712736914,False,239.30884491868795,0.0,2,0,0.0,0
159,108258,760.0,737.1031371610039,True,3155.791470095272,255.0,6,13,7.642926993680558,0
2,25495441,300.0,378.6555535614693,False,1273.9416561977137,30.0,1,2,1.027152707744055,0
206,1685751696,410.0,471.1954783321362,False,1759.7762612437152,80.0,4,1,2.133388284787402,0
163,333670399,345.0,414.4301501561167,False,1461.7582883196126,50.0,3,1,1.9895945865713425,0
148,107793,490.0,503.29889570110277,False,1928.319202430789,190.0,5,4,5.077502476193022,0
157,9512925,585.0,611.264813277522,False,2495.1402697069902,175.0,4,5,5.356676074894848,0
259,3567188665,600.0,614.8451742175043,False,2513.9371646418967,165.0,5,7,7.334206570881915,0
257,1317156147,405.0,464.49292862097167,False,1724.587875260101,75.0,3,8,5.987279368067334,0
87,25496815,500.0,563.2024801024197,False,2242.8130205377042,105.0,2,2,3.773644270007613,1
103,107797,270.0,342.98298714470474,False,1086.6606825096997,35.0,0,2,1.0527924034683207,0
136,4969460352,865.0,763.25494495616,True,3293.088461019839,575.0,5,7,6.90868559458428,0
123,25502829,565.0,605.0115247714765,False,2462.310505050252,140.0,3,4,3.2842061878371256,0
56,25473291,515.0,512.113888084412,False,1974.5979124431638,210.0,3,5,5.692676411565299,0
155,25544131,560.0,535.300861328727,True,2096.3295219758184,220.0,4,7,9.019176456529006,0
113,9775220678,580.0,591.4209905998999,False,2390.9602006494742,195.0,8,9,9.743014727477481,0
26,25544143,735.0,615.7603604534553,True,2518.7418923806413,470.0,4,8,9.527719589067544,0
24,1614846675,910.0,843.3526644331071,True,3713.601488273812,345.0,8,6,11.009121717819765,0
266,25531001,745.0,703.3360722067509,True,2978.5143790854404,320.0,9,6,10.165118022576946,0
161,26699544,195.0,283.66135586754535,False,775.2221183046128,0.0,2,0,0.0,0
80,25544115,190.0,284.2649610302268,False,778.3910454086908,0.0,1,0,0.0,0
40,11747638084,375.0,459.6704556350553,False,1699.2698920840398,50.0,2,3,4.215923036953228,0
171,25505558,500.0,557.173545985452,False,2211.1611164236224,105.0,2,4,2.4455121230601162,0
160,5932875004,390.0,437.7949411448097,False,1584.42344101025,120.0,2,7,9.724722760633796,0
129,255562,590.0,616.3278573339458,False,2521.721251003216,165.0,4,3,3.1045892694202433,0
213,972535469,495.0,561.3422440557441,False,2233.0467812926563,100.0,3,1,2.5740551334190642,0
68,1614846675,640.0,667.2869355565775,False,2789.2564116720305,170.0,6,11,6.8887060313739905,0
32,3892184068,275.0,358.9771700916735,False,1170.6301429812856,20.0,1,0,0.5604423338903842,0
235,11267145952,795.0,662.3247294930668,True,2763.2048298386026,495.0,6,13,10.806578590489806,0
45,12765774269,675.0,699.5497647327602,False,2958.63626484699,185.0,2,6,7.293185992740974,0
268,25498827,465.0,515.0495266182646,False,1990.010014745889,100.0,6,2,2.168014184397163,0
243,1115431319,875.0,848.4308454700794,True,3740.2619387179175,280.0,12,5,8.006841546052247,0
244,107830,235.0,317.3057445761966,False,951.8551590250323,10.0,1,2,2.4267511837139213,1
256,6319748554,570.0,612.0342055323804,False,2499.1795790449964,140.0,2,1,3.9900504917744617,0
272,25544130,540.0,588.1718409778974,False,2373.902165133961,125.0,7,4,6.189750940524223,0
208,107324,175.0,262.08804667418434,False,661.9622450394678,30.0,0,3,4.0926139936129635,0
111,454368529,300.0,373.2452463137714,False,1245.5375431473,35.0,0,3,2.1179632324755113,0
139,25375812,355.0,432.0284229921493,False,1554.149220708784,50.0,7,2,1.0755195763197614,0
293,25257046,710.0,740.0847812994767,False,3171.445101822252,190.0,6,5,7.78138730366911,0
152,1493458889,605.0,630.1217268085218,False,2594.1390657447387,185.0,8,5,4.450408722629022,0
21,1619464655,220.0,308.90591292028716,False,907.7560428315078,0.0,1,0,0.0,0
254,435144778,735.0,751.4377747834571,False,3231.0483176131506,205.0,6,9,7.282927533041341,0
70,26559368,850.0,835.7422166591364,True,3673.646637460464,305.0,6,9,5.810066230441839,0
55,25496815,240.0,334.18242681272335,False,1040.457740766797,5.0,1,0,0.017797775605417294,0
269,5339077113,920.0,773.6320473943687,True,3347.568248820436,560.0,3,7,10.561637311837183,0
197,1684410086,445.0,466.18396690999543,False,1733.4658262774751,115.0,5,11,8.688760032117607,0
251,21533907,295.0,361.3392032978948,False,1183.0308173139472,40.0,2,0,2.449021070331986,0
109,5393414954,585.0,582.2674154768705,False,2342.903931253569,585.0,6,42,39.612433771702065,0
29,25714232,235.0,323.20658052241464,False,982.8345477426765,5.0,1,1,0.15809843656663009,0
270,107319,265.0,339.0486896397043,False,1066.0056206084478,25.0,2,3,1.8333682025225428,0
77,2191480791,740.0,727.5044157350418,True,3105.3981826089703,285.0,7,13,14.183019458741162,0
264,25503802,275.0,367.2742313537133,False,1214.1897146069953,15.0,1,0,0.5084791731747705,0
54,3142670557,600.0,628.3581208458974,False,2584.8801344409603,160.0,6,8,8.079424456840627,0
150,21665132,225.0,302.9648400537739,False,876.565410282313,10.0,3,2,2.9466587038115706,2
90,25471089,795.0,762.3527041872765,True,3288.3516969832,290.0,6,10,10.704808192721991,0
114,1678452807,285.0,363.1087400035024,False,1192.320885018388,30.0,3,2,1.4753012949556745,0
89,14728072,385.0,429.9589230762203,False,1543.2843461501573,80.0,6,4,3.9469920857448115,0
42,1684410090,215.0,312.5698183249223,False,926.991546205842,0.0,2,0,0.0,0
58,108260,455.0,484.50862848179224,False,1829.6702995294086,115.0,6,7,8.81505752251431,0
224,9512908,490.0,542.769637769593,False,2135.5405982903626,110.0,2,2,2.756663091955074,0
60,25503707,355.0,418.5018647531707,False,1483.1347899541463,60.0,4,2,2.3425711072169557,0
137,603751942,570.0,611.9034742467651,False,2498.4932397955167,140.0,4,2,1.8759730096258398,0
247,26559369,425.0,490.1267075789534,False,1859.1652147895052,80.0,6,3,1.4513168480496956,0
172,26559616,620.0,639.9926872995695,False,2645.96160832274,180.0,6,5,5.127485900728697,0
13,102000,865.0,856.7945090603707,True,3784.1711725669475,265.0,9,5,3.61893255497691,0
165,107793,225.0,307.3068170597679,False,899.3607895637815,5.0,1,0,0.3916695182229824,0
131,4712556876,245.0,328.188165935373,False,1008.9878711607076,15.0,1,0,0.19588088997015973,0
227,4249404271,120.0,219.10237411288432,False,436.2874640926428,0.0,0,0,0.0,0
96,1230374510,745.0,765.7156695867747,False,3306.007265330568,205.0,8,3,3.029106966731455,0
211,107769,570.0,588.614709847656,False,2376.2272267001936,155.0,7,7,9.144787499863057,0
140,255576,390.0,456.06009750808784,False,1680.3155119174608,70.0,5,4,2.1799573901290965,0
253,21665584,185.0,284.7706560271355,False,781.0459441424614,0.0,0,0,0.0,0
184,9498441980,150.0,252.00608896592786,False,609.0319670711212,0.0,1,0,0.0,0
125,6049524389,610.0,645.6932386426821,False,2675.889502874082,155.0,4,18,37.87091507645073,7
34,26817585,1000.0,931.9322585749638,True,4178.644357518557,375.0,4,17,11.634589546130742,0
31,1614846702,300.0,369.51241151850377,False,1225.9401604721443,40.0,1,4,4.542078218279172,0
71,294651404,360.0,424.52427605045443,False,1514.7524492648854,60.0,0,2,1.9408686546798113,0
188,3560950179,345.0,410.7935910719807,False,1442.666353127899,55.0,1,2,2.9846843338252005,0
82,21666011,740.0,740.3908601611101,False,3173.0520158458266,225.0,9,6,2.821871030362626,0
296,9512937,385.0,431.92624097258704,False,1553.6127651060817,85.0,2,1,1.1166209069675128,0
106,5811245211,415.0,456.65343432296527,False,1683.430530195568,95.0,8,2,2.041041844143702,0
72,452589682,510.0,559.9226509357812,False,2225.593917412852,130.0,4,11,10.937331126438679,0
275,1667203543,165.0,243.3072188397232,False,563.3628989085466,20.0,0,1,1.5570215775459464,0
281,25498827,1055.0,987.6506457413224,True,4471.165890141943,415.0,10,9,9.901720285923094,0
47,1678452820,410.0,467.27298077374803,False,1739.1831490621773,80.0,4,2,1.0643462438481144,0
36,1667203523,645.0,647.0516173332941,False,2683.0209909997934,190.0,5,7,11.423249156199436,0
156,12689154,830.0,831.7975298525555,False,3652.937031725918,245.0,6,8,4.437097207624129,0
7,25501320,655.0,653.1489159413309,False,2715.0318086919865,220.0,3,9,9.75169527857013,0
231,3733175891,610.0,635.4800426225913,False,2622.2702237686062,610.0,4,56,54.14002018244646,0
178,3479117427,505.0,563.2985967458129,False,2243.3176329155185,110.0,2,8,6.5070480099844605,0
159,1678452758,155.0,258.95367706248413,False,645.5068045780416,0.0,0,0,0.0,0
242,21665911,305.0,375.9647278146052,False,1259.814821026677,305.0,2,53,53.39076758485737,0
181,109833,360.0,434.93977281764694,False,1569.4338072926457,55.0,1,1,2.052095878392535,0
132,8972731452,535.0,587.7297196290891,False,2371.5810280527176,120.0,2,8,3.19106176610121,0
291,107793,180.0,274.72606898302746,False,728.3118621608943,0.0,3,0,0.0,0
277,652425475,550.0,577.1360829869353,False,2315.964435681411,145.0,6,6,7.659649518419217,0
57,21665140,445.0,483.5613029850513,False,1824.6968406715187,115.0,2,7,5.6071714638792916,0
15,351788581,325.0,385.73486420685674,False,1311.1080370859981,50.0,3,3,1.8655667938525653,0
245,9513062,530.0,549.4772595004072,False,2170.7556123771365,155.0,7,6,4.7909332886231635,0
191,11309776203,575.0,600.3333168011422,False,2437.749913205996,150.0,3,6,6.346996140901585,0
112,9791492,555.0,584.6326615322347,False,2355.3214730442314,160.0,4,4,4.87092893959091,0
95,4962063593,435.0,494.8070963068089,False,1883.7372556107457,85.0,0,2,1.7223113717825849,0
260,21665926,360.0,430.02050911806265,False,1543.6076728698279,55.0,6,3,2.1137466771101763,0
33,25256620,340.0,403.0641099666915,False,1402.0865773251298,55.0,3,0,0.0,0
217,1694551549,240.0,318.01572746113993,False,955.5825691709845,15.0,0,1,1.4086406413191594,0
133,25472873,415.0,483.20483397818373,False,1822.825378385464,75.0,4,2,2.31976991648146,0
87,25533578,175.0,273.80664207090103,False,723.4848708722303,0.0,2,0,0.0,0
145,1684410105,545.0,556.2077402614167,False,2206.0906363724393,155.0,1,17,14.51868395559868,0
44,21665582,505.0,554.2417033686005,False,2195.768942685151,505.0,7,46,56.97098441537573,1
258,255562,465.0,531.1352814219717,False,2074.4602274653525,90.0,3,5,5.351955124791959,0
182,5932899700,270.0,343.2112566426236,False,1087.8590973737741,25.0,3,3,4.310556004927139,1
65,108896,440.0,488.6402376841636,False,1851.3612478418581,100.0,1,1,1.411312971952806,0
63,21665583,475.0,515.4704041916495,False,1992.2196220061603,475.0,2,24,35.41113638496561,3
141,255562,780.0,693.8551997478299,True,2928.739798676107,340.0,5,2,8.6718052520732,0
234,25417428,265.0,314.9496500329084,False,939.4856626727689,45.0,3,8,11.773211257646032,0
221,107326,525.0,557.2766171629279,False,2211.702240105371,130.0,7,7,5.942644121079771,0
35,6355365939,570.0,614.5626627269888,False,2512.453979316691,135.0,9,4,2.9968101225016124,0
61,8421658424,310.0,385.76162845621565,False,1311.2485493951312,35.0,0,1,0.9742329629166872,0
215,25472669,660.0,699.9722393005202,False,2960.85425632773,170.0,5,5,5.312448845852283,0
151,454373621,745.0,730.3264530572653,True,3120.213878550642,230.0,7,10,8.825193172733552,0
177,109838,290.0,369.4588628399642,False,1225.659029909812,30.0,3,5,5.069496413999845,0
91,4457798822,535.0,423.87902706340185,True,1511.3648920828593,360.0,4,5,8.659818191513425,0
38,107833,465.0,519.8790584121797,False,2015.3650566639428,100.0,2,7,4.517594908963412,0
107,456363903,280.0,356.7474019658478,False,1158.923860320701,30.0,0,3,3.304452363638448,0
199,235235,630.0,639.672117434012,False,2644.2786165285625,180.0,4,12,9.183192596499822,0
201,107790,515.0,533.4550279313471,False,2086.6388966395725,140.0,3,2,3.1816372888674636,0
240,25378119,640.0,635.14860434399,False,2620.5301728059467,195.0,5,11,9.343642377319721,0
184,1115431333,105.0,212.12109623632983,False,399.6357552407314,0.0,0,0,0.0,0
202,9046526383,440.0,486.18336137612226,False,1838.4626472246425,95.0,6,4,1.9922040496553053,0
37,1678452742,745.0,716.9760169598155,True,3050.12408903903,295.0,4,11,7.23056647491858,0
193,742854915,250.0,340.94082090522653,False,1075.9393097524394,10.0,2,0,0.5767432955467611,0
236,291924683,835.0,821.7429988936358,True,3600.150744191589,255.0,12,13,8.449987152902121,0
41,26699545,485.0,524.4831824870236,False,2039.536708056874,115.0,2,3,3.0079958698183917,0
292,1630526800,870.0,812.9571841513043,True,3554.0252167943486,300.0,4,6,4.331477424853315,0
237,25498827,910.0,886.5104579101962,True,3940.1799040285277,320.0,10,9,11.089447671829152,0
235,14958918,210.0,304.24882092319103,False,883.3063098467528,0.0,0,0,0.0,0
52,9789819,645.0,679.4059799689006,False,2852.881394836729,165.0,3,14,14.535832218279475,0
207,294651404,1075.0,908.3342815672682,True,4054.7549782281562,435.0,11,14,9.374236431118586,0
138,25532341,585.0,628.4852513033445,False,2585.547569342558,145.0,5,6,4.537377810781952,0
154,3892184068,745.0,761.4284849963665,False,3283.499546230923,210.0,5,20,18.839945138410958,0
187,25507334,760.0,750.0289622822473,True,3223.6520519818,230.0,4,28,31.84582697241972,0
239,25533613,955.0,793.4196326081246,True,3451.4530711926545,435.0,4,8,11.174691368867062,0
192,1614926358,610.0,489.0093660817171,True,1853.2991719290142,415.0,3,11,10.77905279367701,0
97,4784457207,490.0,502.1326663087267,False,1922.196498120815,140.0,2,6,10.102620775853527,0
18,25531002,375.0,388.7547016524936,False,1326.9621836755912,120.0,2,4,6.063874162628502,0
229,21665582,695.0,686.4418066177882,True,2889.8194847433865,695.0,2,22,28.05318808508587,0
92,108258,665.0,668.8315148449773,False,2797.365452936131,195.0,7,10,9.363811026758851,0
195,107797,590.0,575.5935845783487,True,2307.866319036331,195.0,4,3,2.8497945019190727,0
180,255562,470.0,437.2537848485012,True,1581.5823704546308,235.0,4,15,15.796264379149575,0
102,1685938740,610.0,654.4432233135449,False,2721.826922396111,150.0,5,1,4.0282635848357895,0
99,281455009,370.0,438.852981262793,False,1589.9781516296634,60.0,1,0,0.7650354609929079,0
84,25472758,775.0,765.2876943158526,True,3303.7603951582287,235.0,11,10,9.22903776085689,0
218,9167793401,705.0,546.4585463589068,True,2154.9073683842607,345.0,4,10,8.027674818498362,0
148,14791188,285.0,329.72207425296256,False,1017.040889828053,80.0,1,3,2.420159586380069,0
93,108902,1070.0,897.0049257498557,True,3995.2758601867436,470.0,5,15,11.140375664540386,0
288,27503587,1250.0,1002.9420971769501,True,4551.44601017898,605.0,6,38,38.12306214462492,0
118,1614846692,705.0,741.084839449703,False,3176.695407110943,185.0,6,7,5.4367915396141955,0
252,12957095289,415.0,482.9875226832294,False,1821.6844940869544,75.0,2,5,3.652542294678159,0
173,452236138,1145.0,883.5497681676542,True,3924.6362828801825,590.0,7,28,28.172351949478372,0
276,9446997076,355.0,406.2410456441611,False,1418.7654896318456,95.0,4,5,3.1040373425007295,0
48,25257044,910.0,690.0676063003325,True,2908.8549330767405,425.0,4,15,12.264020243510975,0
74,499122580,535.0,556.7751577252828,False,2209.0695780577357,145.0,3,11,10.911317544236619,1
146,4580163090,800.0,666.5215955373128,True,2785.238376570892,490.0,6,12,10.689003275775647,0
247,1684410113,225.0,318.00866810868865,False,955.545507570615,0.0,0,0,0.0,0
5,25256620,760.0,773.5404513793214,False,3347.0873697414363,215.0,5,11,9.413468630489419,0
293,5932959891,275.0,334.64575360007007,False,1042.8902064003676,70.0,0,3,3.283119550435321,0
62,25524250,705.0,702.7669743483456,False,2975.5266153288126,210.0,5,33,41.079373236240166,0
170,1667118171,1160.0,1017.0941984579972,True,4625.744541904484,445.0,11,4,6.585950554756579,0
135,21666007,380.0,394.37046416874404,False,1356.4449368859057,195.0,5,10,12.091818766726856,0
134,25496783,840.0,838.8937716508277,False,3690.1923011668446,250.0,7,5,4.053016881741254,0
164,8972710892,530.0,581.2995834339921,False,2337.8228130284588,120.0,2,2,2.9208820648740774,0
283,25496815,730.0,686.7321225028193,True,2891.3436431397995,250.0,5,11,14.48129251643936,0
269,1667203543,270.0,357.4342860599188,False,1162.5300018145736,15.0,1,2,0.7775597996850463,0
241,26699544,605.0,599.1482638419876,True,2431.5283851704344,210.0,6,1,4.028118373213983,0
12,1667203511,765.0,700.0709610063926,True,2961.372545283562,270.0,7,2,2.780514184397163,0
104,634568069,640.0,660.4690408443277,False,2753.46246443272,175.0,2,7,4.684185391758165,0
214,25472904,625.0,650.0128400217682,False,2698.5674101142818,165.0,6,0,2.7472730040678175,0
175,14728072,700.0,580.2927332678495,True,2332.536849656209,375.0,2,11,8.740319990908386,0
153,14003329325,440.0,490.80000816634384,False,1862.7000428733052,95.0,6,2,1.1554600709794793,0
248,25306041,1150.0,1064.373634294911,True,4873.961580048282,460.0,12,14,11.886473875784459,0
194,25507343,720.0,717.5543702998376,False,3053.1604440741457,215.0,4,17,11.860456633639972,0
44,1685938740,155.0,258.39886573465094,False,642.5940451069174,0.0,3,0,0.0,0
119,1667203491,735.0,695.4649820576471,True,2937.1911558026477,275.0,4,14,11.477006720095126,0
262,9398115367,795.0,638.654063249168,True,2638.9338320581323,415.0,4,9,9.841534003519133,0
85,3561398893,550.0,596.5523956636301,False,2417.9000772340582,130.0,5,10,11.20047632964493,0
216,110009,670.0,657.1405711355742,True,2735.9879984617646,210.0,6,13,11.87393884804266,0
260,4252666506,185.0,287.30809555460485,False,794.3675016616753,0.0,2,0,0.0,0
176,6270734170,770.0,743.4312226075608,True,3189.0139186896936,285.0,7,11,10.258159669278891,0
75,275424,815.0,798.8423738564663,True,3479.9224627464487,330.0,4,6,4.708348643430249,0
28,26559371,480.0,535.308702979062,False,2096.3706906400757,105.0,7,6,5.627141193575206,0
232,844784035,650.0,691.2683923703835,False,2915.1590599445126,165.0,2,5,3.897060026626011,0
66,14791174,395.0,457.51750473304895,False,1687.9668998485079,70.0,3,0,1.3928996960739084,0
224,3142670557,285.0,375.78157812727153,False,1258.8532851681755,20.0,2,3,1.080653793118342,0
67,9849094224,830.0,725.8982367399077,True,3096.9657428845153,515.0,2,14,18.14417005780656,0
223,255747713,510.0,560.833769318301,False,2230.377288921082,115.0,3,5,1.9890559575052962,0
287,452396959,1405.0,1060.6974788282548,True,4854.661763848332,910.0,7,2,4.43343097400434,0
130,21554368,700.0,576.1226416442001,True,2310.6438686320507,405.0,4,14,8.699882743679115,0
249,271242424,670.0,699.3142945126992,False,2957.400046191671,180.0,5,5,5.430955707037113,0
174,21533912,425.0,474.5296970469865,False,1777.2809094966788,90.0,4,13,26.91389472300452,6
220,11170906155,485.0,531.6428489947933,False,2077.1249572226657,110.0,4,12,15.954689916830445,1
166,12725097483,430.0,504.0960647049955,False,1932.5043397012269,75.0,2,1,1.650025896610216,0
49,25544135,575.0,551.5177930518197,True,2181.4684135220523,210.0,2,13,11.883401120757007,0
246,1953627794,900.0,905.8399524325147,False,4041.6597502706995,265.0,7,16,10.537730986055044,0
88,21665911,760.0,750.7118219009811,True,3227.237064980148,760.0,4,32,41.3524121024078,0
169,25524248,630.0,638.7619360691015,False,2639.500164362783,180.0,6,12,14.381605859367097,0
143,265124953,630.0,680.0258970874501,False,2856.135959709113,150.0,1,7,4.5108760349447685,0
177,881887811,185.0,278.1053970992784,False,746.0533347712112,0.0,2,0,0.0,0
183,21665585,605.0,616.0796447666066,False,2520.4181350246868,230.0,5,3,3.8427361891476517,0
198,6262789333,555.0,600.3149740977957,False,2437.653614013427,130.0,2,3,3.1363259159648864,0
90,5728908659,315.0,361.2701505960432,False,1182.668290629227,60.0,2,1,2.004031483132156,0
186,4222962219,735.0,717.3630472633417,True,3052.1559981325445,230.0,7,1,3.234225719388351,0
225,21665583,695.0,578.9622272731768,True,2325.551693184179,695.0,3,50,76.30954858840094,13
265,3552338823,890.0,709.0090943525918,True,3008.297745351105,515.0,2,17,20.322509637604924,0
121,5453319326,790.0,697.8436502247499,True,2949.679163679937,495.0,7,22,17.579462396769394,0
115,25472291,550.0,598.7127424406311,False,2429.2418978133137,130.0,4,4,3.0989502849126667,0
9,5244680779,675.0,623.7363743208331,True,2560.6159651843736,290.0,6,2,3.3946835225155643,0
39,6378017135,1190.0,1028.0951232447799,True,4683.499397035097,470.0,3,17,13.009449440231771,0
209,25524240,705.0,660.0723705784826,True,2751.3799455370317,345.0,9,6,5.624470707011644,0
284,26652357,490.0,516.4964742805565,False,1997.606489972922,125.0,3,11,9.448231866363198,0
168,11170906155,620.0,657.0265967798277,False,2735.389633094096,160.0,9,20,23.262771033414708,0
271,5932883505,875.0,685.5994327710166,True,2885.397022047841,515.0,3,12,15.56853908087575,0
135,108045,85.0,188.93252781553937,False,277.8957710315816,0.0,0,0,0.0,0
254,25522558,360.0,433.7659328061652,False,1563.2711472323667,55.0,1,4,3.098276495052493,0
100,25476041,710.0,753.2772998426339,False,3240.7058241738273,180.0,4,9,6.595194011789017,0
123,25532841,415.0,483.90580345937946,False,1826.5054681617419,75.0,1,9,7.800122975782787,0
103,108903,415.0,492.01049913164525,False,1869.0551204411388,70.0,4,2,1.353270233063276,0
20,351771449,470.0,528.5588092106103,False,2060.9337483557056,100.0,3,1,2.0951746036568193,0
207,25474676,180.0,273.61816660314344,False,722.495374666503,0.0,0,0,0.0,0
53,5323722004,735.0,745.3192597715337,False,3198.926113800552,245.0,9,6,4.85801221850282,0
117,3892184068,635.0,595.4918500106464,True,2412.3322125558966,295.0,7,5,3.6609705747068717,0
263,1685751700,590.0,629.5889593961687,False,2591.3420368298844,145.0,6,2,3.60258522129228,0
167,25524248,600.0,624.1101680417736,False,2562.5783822193107,160.0,2,21,44.00220849576242,9
16,1938580083,570.0,592.5570974500228,False,2396.9247616126195,155.0,6,7,7.301726290864834,0
200,25476041,560.0,616.9982003990893,False,2525.240552095219,125.0,2,8,10.084768400585547,0
105,4457798822,550.0,571.747958115892,False,2287.676780108433,145.0,4,12,11.932471028218913,0
126,25531002,725.0,638.1258008135483,True,2636.160454271129,350.0,8,15,15.342898981753136,0
208,5932875004,390.0,442.18897235275165,False,1607.4921048519461,125.0,2,14,11.685325704035256,0
79,25473408,790.0,717.6311935724667,True,3053.5637662554504,295.0,8,4,3.436619188098205,0
109,2191480791,370.0,446.5083876160374,False,1630.1690349841974,55.0,2,7,14.858703626147449,3
94,109838,625.0,574.1433462414938,True,2300.2525677678414,295.0,7,5,4.292644515423366,0
127,25544136,565.0,560.3889551884263,False,2228.042014739238,200.0,6,11,11.775042256323763,0
106,294651404,315.0,392.2832888801752,False,1345.48726662092,40.0,0,1,2.523441052181086,0
145,13329450969,260.0,331.8344745777137,False,1028.1309915329966,25.0,2,3,1.1543546547202532,0
125,2271434264,340.0,417.9609857903419,False,1480.2951753992952,45.0,2,6,5.463996173811347,0
31,526994269,325.0,399.3789729705129,False,1382.7396080951921,45.0,0,6,3.2664859980648235,0
120,6273263209,535.0,505.0357799207279,True,1937.4378445838215,275.0,3,15,15.356570392390916,0
77,25501065,385.0,444.187934562266,False,1617.9866564518957,70.0,4,5,2.3795474401854677,0
185,380494808,815.0,748.3745698191786,True,3214.9664915506864,290.0,8,4,3.8901957921215047,0
282,334688530,1075.0,928.9909389172321,True,4163.202429315465,420.0,8,10,10.52395013668237,0
285,26652119,645.0,585.4742988387248,True,2359.740068903305,440.0,6,6,11.21266714158958,0
270,435144778,390.0,447.8744005061659,False,1637.3406026573705,75.0,4,3,7.402736842884434,0
294,1614846692,485.0,523.7494535367568,False,2035.6846310679725,130.0,6,12,12.580232825351624,0
286,8124381023,825.0,737.1479228038279,True,3156.026594720097,305.0,5,8,8.200002805730588,0
233,9512935,840.0,689.3461087260436,True,2905.0670708117286,540.0,4,10,14.826948674692337,0
140,14767049,355.0,430.47005965498187,False,1545.9678131886546,50.0,4,1,1.0553030303030302,0
278,25524240,655.0,671.2170803321139,False,2809.8896717435987,185.0,4,27,33.75810979334414,0
228,25532341,1125.0,895.0204738024161,True,3984.8574874626815,535.0,5,25,27.670568518311455,0
23,3810553686,590.0,607.7820744231799,False,2476.855890721694,210.0,6,4,4.555414969981753,0
124,108209,545.0,561.8886063561081,False,2235.915183369568,170.0,7,8,7.075665322946968,0
157,26591528,480.0,535.4969081731006,False,2097.358767908778,105.0,2,0,0.0,0
10,1685938727,755.0,759.8087042324579,False,3274.995697220403,220.0,6,5,8.181446839270427,0
35,25501016,290.0,354.0443881618291,False,1144.7330378496029,40.0,0,2,2.2823474876814283,0
17,21704017,990.0,824.5733338111366,True,3615.010002508467,600.0,6,23,17.123420164942008,0
42,21665000,400.0,428.32329728043237,False,1534.6973107222698,145.0,2,10,11.473709106540849,0
247,5568839679,160.0,261.4166066948446,False,658.4371851479336,0.0,1,0,0.0,0
204,9521006,555.0,564.9323629767355,False,2251.8949056278616,220.0,3,11,10.09257448724922,0
219,846861643,1010.0,751.6772758917539,True,3232.305698431708,800.0,5,10,10.491096953120666,0
81,255576,835.0,733.2540449770463,True,3135.5837361294925,520.0,5,25,17.885245723305395,0
137,21665585,405.0,427.8796177839728,False,1532.3679933658573,120.0,1,11,9.656353380234899,0
171,3764054180,475.0,367.2955633194222,True,1214.3017074269667,375.0,1,8,8.80906922445207,0
24,659653204,475.0,512.2859804995813,False,1975.5013976228024,125.0,2,16,20.995490598286423,0
2,107352,505.0,548.9636076064884,False,2168.0589399340643,120.0,5,3,5.618409300788238,0
231,21665590,350.0,394.2354057886623,False,1355.7358803904767,105.0,5,3,4.0029613467578065,0
262,108045,140.0,245.80842015274058,False,576.4942058018881,0.0,0,0,0.0,0
144,1232048350,795.0,747.8779918604947,True,3212.3594572675975,270.0,8,19,21.10296432410277,0
7,102000,355.0,419.3554246909139,False,1487.6159796272987,60.0,4,6,5.452132896325166,0
26,26652119,490.0,532.0393819880231,False,2079.2067554371224,115.0,5,7,2.7508446356349063,0
114,1278032912,425.0,482.6463792015506,False,1819.8934908081403,85.0,2,3,1.0655905863310082,0
181,25497435,360.0,437.6833571456917,False,1583.8376250148808,50.0,1,3,4.427637648130884,0
184,107799,285.0,345.1940826739926,False,1098.268934038461,40.0,3,6,5.842814803716934,0
267,107812,630.0,513.7385343240402,True,1983.1273052012116,470.0,3,12,13.170796631745397,0
213,9512933,485.0,520.4178437780066,False,2018.1936798345353,165.0,4,13,10.477690755959118,0
8,21665910,535.0,559.314246553821,False,2222.3997944075604,535.0,8,33,33.07368850286104,0
78,25472873,1195.0,979.546542636057,True,4428.619348839299,660.0,8,11,17.45879745667338,0
244,275424,475.0,541.1000743615788,False,2126.775390398288,95.0,1,10,12.473811765596567,0
122,25501320,540.0,514.5111754986094,True,1987.1836713676978,270.0,6,12,12.531630977931183,0
38,452589682,305.0,383.2999250490367,False,1298.3246065074422,35.0,3,0,1.180787221688433,0
95,5932856688,350.0,397.74361554991583,False,1374.1539816370582,85.0,1,7,8.214274897197424,0
97,11863161,265.0,349.5707698298702,False,1121.2465416068183,20.0,2,0,0.48999999999999994,0
11,108903,690.0,563.0594167782623,True,2242.061938085878,365.0,5,9,8.198510780701962,0
205,25524243,610.0,646.0056309240698,False,2677.5295623513666,155.0,9,7,8.207130806125285,0
162,21665926,695.0,725.7601773534622,False,3096.2409311056767,185.0,12,5,4.0112930136550125,0
166,6270734170,135.0,240.23361592879525,False,547.2264836261747,0.0,2,0,0.0,0
289,26699549,580.0,559.2011071781443,True,2221.8058126852593,250.0,8,12,12.467855061418454,0
46,25471086,700.0,718.2909020005967,False,3057.027235503134,195.0,5,7,6.69020463527193,0
19,1678452766,730.0,633.2690370375268,True,2610.6624444470153,320.0,3,4,5.2898812457954545,0
91,25522558,335.0,413.37333705752985,False,1456.2100195520313,45.0,3,1,2.294303192405077,0
50,3442281747,1050.0,836.8045643388165,True,3679.2239627787817,460.0,7,21,19.44207392038031,0
27,1678452758,720.0,627.6342956097683,True,2581.080051951284,325.0,7,4,4.003868494226274,0
242,9046520718,395.0,441.35601945196106,False,1603.119102122796,85.0,2,4,2.2106213442030476,0
4,1667203543,1250.0,959.8437244475559,True,4325.179553349659,630.0,4,42,39.30529609682292,0
47,25503799,410.0,476.5724158053065,False,1788.005182977858,75.0,2,7,4.156319046304046,0
264,25495442,475.0,522.1037343929435,False,2027.0446055629545,105.0,2,5,2.8241833434042802,0
153,108025,205.0,294.3506155776994,False,831.340731782922,0.0,5,0,0.0,0
189,1678452814,740.0,662.3266729966159,True,2763.2150332322353,300.0,3,6,11.274139974127989,0
108,1612472593,1145.0,1058.7174900760751,True,4844.266822899393,400.0,10,11,7.232427125313115,0
48,333650017,255.0,346.52609243131616,False,1105.26198526441,10.0,0,0,0.26875405085115156,0
60,109852,475.0,511.3467680810438,False,1970.5705324254795,115.0,3,16,15.740494744226561,0
76,21554368,685.0,608.0048844942617,True,2478.0256435948736,285.0,3,7,10.543078558690846,0
158,11188424157,810.0,797.6163065452839,True,3473.4856093627386,250.0,6,10,5.250414889903831,0
274,4784457202,695.0,561.9491787161595,True,2236.2331882598387,470.0,3,13,10.19087388317955,0
85,2191588310,205.0,283.16455581675217,False,772.6139180379491,5.0,1,0,0.0,0
32,26591525,545.0,560.1967760268325,False,2227.03307414087,185.0,8,6,7.230181632383919,0
207,25473424,145.0,245.43417681783785,False,574.5294282936485,0.0,0,0,0.0,0
5,25544119,245.0,332.42194809432243,False,1031.2152274951927,10.0,0,0,0.37026412896674166,0
146,1607738730,250.0,332.0993397632584,False,1029.5215337571067,15.0,1,0,0.6247438573851845,0
29,1106056866,500.0,555.4733237108804,False,2202.234949482122,110.0,2,0,1.5597942612555147,0
203,13808848004,630.0,597.0213648511167,True,2420.362165468363,300.0,7,13,9.814697808932726,0
62,25522907,245.0,336.16858900321813,False,1050.8850922668948,5.0,2,1,1.0243097571117987,0
196,298207179,735.0,682.83955587163,True,2870.9076683260582,285.0,3,4,2.6765070921985816,0
164,452514378,240.0,322.35716698613203,False,978.3751266771935,10.0,2,2,0.29814779671461156,0
226,108252,825.0,783.3416169551698,True,3398.5434890146416,330.0,10,13,12.184542436358893,0
215,26699545,380.0,452.0550866907777,False,1659.2892051265828,60.0,2,1,0.9321145540171276,0
150,25473300,510.0,557.9486928731745,False,2215.2306375841663,125.0,1,5,3.585016432849182,0
55,5393414954,530.0,564.5245612504667,False,2249.7539465649506,530.0,4,34,37.57152473849565,0
139,21665590,545.0,592.98493693946,False,2399.170918932165,125.0,5,4,3.5567706014014453,0
111,1283446717,545.0,598.2460793065197,False,2426.79191635923,125.0,2,13,8.103811387191477,0
218,2191480791,305.0,382.5626287179116,False,1294.4538007690358,35.0,6,1,1.1455576337422297,0
101,21665000,660.0,623.8442822670942,True,2561.182481902245,290.0,4,8,8.723055926495935,0
180,489796745,325.0,400.72315461073407,False,1389.7965617063537,40.0,1,1,0.5873717948717947,0
12,14017207475,250.0,333.2659489600491,False,1035.6462320402582,15.0,2,3,4.547161572635612,2
178,10544188928,445.0,500.58320326975104,False,1914.061817166194,90.0,5,3,3.073977024431286,0
115,1938580083,180.0,272.2732841380968,False,715.4347417250084,0.0,2,0,0.0,0
179,25620550,725.0,724.1700869052825,False,3087.8929562527337,265.0,8,11,6.446270663374996,0
230,25257039,940.0,819.9158864393905,True,3590.5584038067987,460.0,6,10,13.421332096997126,0
251,21665361,530.0,560.7145636782342,False,2229.751459310729,135.0,3,2,1.923880946774723,0
129,14069294213,580.0,593.9213822320086,False,2404.087256718044,185.0,7,8,8.649796219040896,0
57,25473423,440.0,492.86143317427195,False,1873.5225241649275,100.0,3,0,1.254313043996677,0
25,25502544,620.0,636.4474738438994,False,2627.3492376804716,170.0,4,7,7.126462443677725,0
268,26591526,580.0,623.3028994564415,False,2558.340222146317,140.0,4,2,4.5021225191242245,0
287,108896,230.0,321.49231518631063,False,973.8346547281312,0.0,1,0,0.0,0
243,21651908,585.0,627.8323876123184,False,2582.1200349646715,145.0,3,1,2.3485395798140885,0
206,9512935,620.0,617.9570506341688,False,2530.2745158293856,250.0,2,19,15.214040467172776,0
80,333650017,600.0,558.8330381296049,True,2219.873450180426,315.0,2,12,10.736282212536102,0
56,107823,610.0,602.2283290203244,True,2447.6987273567033,220.0,4,8,5.239022616752275,0
195,9020945997,350.0,412.24499535823793,False,1450.2862256307485,60.0,3,0,0.8961204357248423,0
90,25375955,220.0,316.26842327325505,False,946.4092221845892,0.0,2,0,0.0,0
264,6273263209,70.0,188.58111193885904,False,276.0508376790098,0.0,1,0,0.0,0
158,107793,55.0,174.13175256728337,False,200.1917009782377,0.0,1,0,0.0,0
210,7223704403,1205.0,1039.6899607527635,True,4744.372293952007,630.0,7,19,18.35514429706219,0
161,107790,610.0,623.5677940114986,False,2559.7309185603667,170.0,7,14,11.722719518624938,0
10,9791156,150.0,255.2210296508687,False,625.9104056670606,0.0,0,0,0.0,0
136,25522907,625.0,627.8956735023907,False,2582.4522858875516,185.0,4,8,11.845113874636018,2
6,25533613,745.0,742.276850509085,False,3182.953465172695,225.0,11,13,12.539831021708169,0
144,13567811111,135.0,241.72802379429388,False,555.0721249200428,0.0,1,0,0.0,0
82,2919558521,510.0,562.630583439758,False,2239.810563058729,115.0,3,2,2.5290361682711056,0
249,12437379708,260.0,329.07998479270884,False,1013.6699201617215,50.0,3,5,6.421104930906276,0
142,108025,975.0,780.06442854254,True,3381.338249848335,490.0,7,10,9.371128434336109,0
279,282686499,850.0,836.211016238023,True,3676.1078352496206,260.0,7,20,30.18763358730506,3
163,11751472416,650.0,652.1158954371482,False,2709.6084510450296,190.0,5,3,2.8324844987503077,0
290,4956890429,940.0,926.5765780973649,True,4150.527035011165,290.0,13,22,21.4047081923747,0
52,1666324225,405.0,470.57675332566816,False,1756.5279549597583,80.0,3,11,12.27983216747587,0
1,25533613,905.0,801.1349445365662,True,3491.958458816972,395.0,7,17,15.729965785395796,0
261,2129184256,750.0,711.7528706019007,True,3022.702570659978,250.0,4,8,3.684203491002395,0
278,6173754807,175.0,261.9602373941796,False,661.2912463194432,0.0,1,0,0.0,0
191,5247841988,485.0,524.9021152681404,False,2041.736105157736,115.0,1,4,5.654453924681971,0
124,4702603702,175.0,263.35617661629607,False,668.6199272355545,0.0,0,0,0.0,0
125,452486137,200.0,277.77016781235625,False,744.2933810148705,5.0,3,0,0.4595641487955386,0
238,1104448112,820.0,793.1488231062501,True,3450.0313213078134,260.0,7,15,11.759867710652053,0
194,1612472593,315.0,378.91305499403677,False,1275.2935387186928,45.0,2,3,4.056602246206135,0
76,26652119,100.0,207.10598293132463,False,373.3064103894543,0.0,1,0,0.0,0
234,6893923114,475.0,541.1570173633993,False,2127.074341157846,95.0,5,3,2.807728797543883,0
188,25496815,545.0,595.0847594705182,False,2410.194987220221,125.0,4,15,22.922586248612202,5
160,21665755,650.0,666.4966107704831,False,2785.107206545036,180.0,4,8,7.665543080183768,0
14,25533129,745.0,605.2422143417624,True,2463.5216252942528,565.0,4,11,11.077020766517604,0
294,108214,210.0,307.2464984847916,False,899.0441170451555,0.0,1,0,0.0,0
260,1215418493,315.0,393.1129534955063,False,1349.8430058514084,35.0,2,0,1.1697264520257726,0
197,8972731452,610.0,626.8178251239763,False,2576.793581900875,170.0,5,10,8.216067679067704,0
227,109618,570.0,608.8610016505595,False,2482.520258665437,140.0,8,8,11.728199068041228,0
133,3531897238,495.0,554.4185489682243,False,2196.6973820831768,105.0,2,5,4.430115478106186,0
296,25498827,555.0,567.0501967122088,False,2263.0135327390963,155.0,3,15,17.11948836112981,0
212,26559655,850.0,706.6950131186387,True,2996.1488188728545,555.0,7,21,16.055105898722026,0
250,500486430,790.0,662.793918266962,True,2765.668070901553,415.0,3,9,12.775630596239601,0
110,25500809,890.0,872.007903396791,True,3864.041492833155,275.0,11,3,5.3904269684182875,0
137,9512935,195.0,278.73040983793726,False,749.3346516491704,0.0,1,0,0.0,0
58,9966771320,610.0,619.1586994321538,False,2536.583172018806,175.0,2,5,2.6079450093144914,0
181,25531002,185.0,280.21517293868004,False,757.1296579280703,0.0,1,0,0.0,0
53,11863161,265.0,350.0672268067485,False,1123.8529407354297,15.0,5,1,0.5356424575711961,0
134,21645238,360.0,419.1294613009637,False,1486.4296718300595,65.0,1,4,3.372369347454614,0
71,1616122178,570.0,595.4122587253777,False,2411.9143583082337,150.0,4,9,10.437058100675193,0
143,10559192943,310.0,394.7389945059352,False,1358.3797211561598,30.0,1,0,0.0,0
199,2934851453,490.0,538.5747915922072,False,2113.517655859088,110.0,2,4,6.356479765409156,0
33,26001541,535.0,571.3725106143431,False,2285.705680725302,135.0,3,9,8.48280376517594,0
112,21651908,540.0,575.1102553807289,False,2305.328840748826,135.0,8,7,10.635717742299104,0
88,107809,320.0,384.8377696145564,False,1306.3982904764212,50.0,3,3,3.3223598636086935,0
36,9512937,570.0,595.8709787593042,False,2414.322638486348,150.0,7,8,7.346200114834801,0
69,1614949613,930.0,774.0038104191381,True,3349.520004700474,465.0,4,11,13.748386153200917,0
167,1230855633,275.0,356.6739356222636,False,1158.5381620168844,25.0,4,4,3.8025465147859934,0
83,311153342,950.0,923.6238679860843,True,4135.025306926941,340.0,7,14,9.415802164122995,0
280,25377989,1105.0,1047.5129246108052,True,4785.442854206719,415.0,7,10,11.32863459153192,0
51,25475387,990.0,835.0738527709129,True,3670.1377270472954,480.0,5,13,10.03288080734416,0
176,25496783,355.0,420.76384515985194,False,1495.0101870892227,60.0,5,3,1.47,0
118,25472769,430.0,468.458486906868,False,1745.407056261058,100.0,2,1,1.7635283687943266,0
230,9791495,125.0,218.6236825820217,False,433.7743335556138,0.0,0,0,0.0,0
165,12765774269,620.0,509.2306052311842,True,1959.4606774637173,390.0,2,6,9.061501737191037,0
18,3887905014,475.0,534.9060644435184,False,2094.256838328472,100.0,6,3,3.58137102005182,0
277,5393414954,570.0,579.0420961193521,False,2325.971004626599,570.0,7,33,40.00740454158612,0
222,5266874223,800.0,777.0509344514559,True,3365.517405870144,255.0,10,15,14.40524485930466,0
31,11582793599,285.0,370.15466387289894,False,1229.3119853327198,25.0,3,1,0.6318084693084693,0
86,104315,800.0,772.7150156622582,True,3342.753832226855,255.0,6,7,12.500090644983423,0
68,25502540,720.0,701.3981723266414,True,2968.3404047148683,250.0,8,10,7.24813059215389,0
235,60728182,505.0,520.2304618567077,False,2017.2099247477158,140.0,5,5,5.858576139964448,0
54,21665367,675.0,638.6034114042801,True,2638.6679098724703,225.0,3,9,6.36606315733353,0
116,1317156147,990.0,917.7306466413304,True,4104.085894866984,345.0,8,5,9.006415910079156,0
266,311153342,735.0,718.8800678931289,True,3060.1203564389257,285.0,6,12,8.53193296152037,0
155,1637789617,745.0,702.7838230745765,True,2975.6150711415276,250.0,3,10,7.250867187583295,0
183,102025,365.0,431.34662779219417,False,1550.569795909019,60.0,2,3,2.8944999994169516,0
180,496813005,160.0,259.8290684522041,False,650.1026093740716,0.0,0,0,0.0,0
257,351788581,755.0,723.2363076651079,True,3082.9906152418152,245.0,2,9,9.793692930478269,0
37,2215490963,530.0,579.9615539798715,False,2330.7981583943265,120.0,4,2,1.912195895613403,0
295,25532839,1090.0,981.3669533530142,True,4438.176505103319,400.0,7,7,6.895494379127628,0
175,25497435,420.0,425.5559700566071,False,1520.1688427971872,155.0,2,8,7.233714565014686,0
128,108070,795.0,751.9839684289133,True,3233.915834251796,265.0,7,3,3.134835552629401,0
284,5339077113,350.0,417.0360377752313,False,1475.4391983199646,55.0,1,2,3.553516145132417,0
3,25502540,925.0,790.4616078351896,True,3435.923441134745,500.0,7,14,12.198783866612942,0
101,10574746,170.0,260.4459092627926,False,653.3410236296612,0.0,0,0,0.0,0
166,14077667431,250.0,331.2808672688527,False,1025.2245531614765,15.0,2,3,1.5700985323272503,0
203,1616122145,195.0,288.50141253336477,False,800.6324158001647,0.0,1,0,0.0,0
174,4962063593,390.0,459.4592815292583,False,1698.1612280286054,65.0,7,2,2.0597713699180664,0
233,25472057,300.0,377.9914076488366,False,1270.4548901563928,35.0,6,2,1.529308096807033,0
131,1667118111,670.0,714.5613893291346,False,3037.4472939779566,165.0,7,5,3.956370542468167,0
77,25533437,315.0,378.315704549406,False,1272.157448884382,50.0,3,9,7.171506140471792,0
148,1678452742,495.0,511.64106596788884,False,1972.1155963314156,135.0,2,2,1.681668247937389,0
84,25306041,495.0,524.3995124541443,False,2039.0974403842579,125.0,5,4,3.8959464149572685,0
286,4211515634,310.0,388.2820869315285,False,1324.4809563905244,35.0,4,3,1.7641890548447403,0
109,11329900032,340.0,400.8490610561523,False,1390.4575705447992,55.0,2,7,5.698462955046072,0
29,333650017,210.0,295.0194678513433,False,834.8522062195523,0.0,1,0,0.0,0
271,1115431333,365.0,430.3854207343204,False,1545.5234588551825,60.0,4,10,9.925178074354216,0
92,25502541,520.0,576.8825515160836,False,2314.6333954594397,115.0,6,2,1.5316282079716472,0
107,9512908,580.0,629.7777833888669,False,2592.3333627915504,135.0,2,3,2.1682132223741615,0
72,26591532,655.0,666.484153298783,False,2785.0418048186098,215.0,4,4,7.132121014631297,0
292,14728072,555.0,598.3395797253659,False,2427.282793558172,135.0,5,9,17.4886674604025,2
287,21665930,180.0,277.6756043310939,False,743.7969227382425,0.0,1,0,0.0,0
187,9515387,540.0,601.0014362130594,False,2441.2575401185622,115.0,5,6,4.530209472416439,0
190,8784101792,940.0,893.639883026707,True,3977.6093858902104,310.0,5,11,9.692443657408372,0
40,652425475,775.0,805.3077359648414,False,3513.865613815416,210.0,3,9,8.961690306062918,0
258,25533438,605.0,642.9737569138601,False,2661.6122237977656,150.0,3,2,2.8792173783663144,0
149,1666324140,835.0,813.3818013577437,True,3556.2544571281537,300.0,6,4,5.5760090766772406,0
256,25472348,765.0,769.8122644478001,False,3327.514388350951,225.0,4,4,4.796107701282865,0
103,25473293,375.0,439.269230234542,False,1592.1634587313458,65.0,4,6,5.539509077242869,0
193,21665361,570.0,578.0922883180585,False,2320.9845136698086,230.0,4,6,3.038514865103992,0
272,110031,770.0,765.4714826256995,False,3304.7252837849223,230.0,7,3,4.5145037044580345,0
265,25476041,395.0,460.62278323510367,False,1704.2696119842942,70.0,2,3,3.039091230926814,0
269,5393414954,470.0,508.42248162805674,False,1955.2180285472982,470.0,4,48,66.13097546011,0
22,108329,830.0,816.6319774068073,True,3573.317881385739,255.0,6,16,15.572044546274624,0
15,12839778767,650.0,541.3345573532711,True,2128.0064261046728,510.0,5,11,10.145561176705861,0
44,26699544,465.0,499.34706257304754,False,1907.5720785085005,150.0,1,21,22.03413703324324,0
156,1612472593,670.0,632.3482946786539,True,2605.828547062933,255.0,2,18,16.61775045465844,0
293,11175085829,490.0,541.2759272916467,False,2127.698618281145,110.0,7,14,19.14507085220629,6
67,4222962185,445.0,503.5578267567089,False,1929.6785904727217,90.0,3,9,9.337614169280311,1
26,107320,315.0,390.2166869569589,False,1334.6376065240338,40.0,2,1,0.5754936473249435,0
102,25471089,550.0,560.6680959759572,False,2229.5075038737755,155.0,2,8,8.703031036580954,0
172,4962063593,730.0,593.9210239243774,True,2404.085375602982,380.0,4,16,8.882475133693776,0
71,358992920,125.0,234.4895877122157,False,517.0703354891325,0.0,3,0,0.0,0
281,11767208,695.0,724.8694183296793,False,3091.5644462308164,185.0,8,6,5.8570074663370555,0
96,5393414954,725.0,710.2298901099016,True,3014.7069230769835,725.0,7,65,71.1548768301179,0
105,25533578,400.0,476.4118084159034,False,1787.161994183493,65.0,3,2,1.4534996471547876,0
113,12453538825,825.0,812.1915150095045,True,3550.005453799896,290.0,6,27,26.26752876824169,0
201,273194,615.0,645.9712891080984,False,2677.3492678175166,160.0,9,10,5.223495349839096,0
128,25375812,65.0,184.02885979158455,False,252.15151390581892,0.0,1,0,0.0,0
4,25473616,295.0,372.8041346330226,False,1243.2217068233683,30.0,1,0,0.3915811965811965,0
217,107790,665.0,676.1047540145505,False,2835.549958576389,190.0,3,6,5.2011014945787055,0
192,25544136,595.0,614.2308314972887,False,2510.7118653607654,165.0,6,3,6.6142483982761,0
87,25495513,670.0,696.3410457642433,False,2941.7904902622763,180.0,9,4,3.107553191489361,0
273,3142670557,905.0,904.8253560254218,False,4036.333119133466,270.0,12,13,15.10871709783125,0
8,383974166,340.0,416.2013183516274,False,1471.0569213460437,45.0,2,0,1.0753013438894858,0
253,333650017,745.0,714.3584585565119,True,3036.3819074216863,240.0,10,6,3.6955482213918067,0
126,2456267967,425.0,463.26695440831077,False,1718.1515106436307,135.0,7,3,3.5697984261242355,0
202,11309776203,635.0,665.4604419923904,False,2779.667320460052,165.0,5,6,7.630930697449517,0
132,11618689213,710.0,716.3327934040088,False,3046.7471653710445,235.0,10,2,4.789686753500944,0
296,1678452766,175.0,271.13830475917314,False,709.4760999856588,0.0,0,0,0.0,0
97,25472045,345.0,396.6343655647046,False,1368.3304192146986,100.0,2,10,12.34057680052427,0
240,9521031,650.0,666.2354042057028,False,2783.7358720799393,180.0,5,2,2.9859325504507326,0
255,1953627794,990.0,996.3093521761826,False,4516.624098924959,290.0,10,6,5.810309875147868,0
276,21666007,575.0,594.7034264166992,False,2408.1929886876705,155.0,8,9,7.364332321087547,0
232,25502540,505.0,554.8906887813472,False,2199.1761161020727,115.0,2,6,3.6213936687188415,0
259,25257810,880.0,811.2527198820083,True,3545.076779380544,310.0,11,1,3.634602280865008,0
138,1684410094,635.0,672.5275658873366,False,2816.769720908517,160.0,7,2,2.1305430325708046,0
141,107800,685.0,682.216372420056,False,2867.6359552052936,265.0,8,9,8.764706636272194,0
70,108903,825.0,697.3240527610643,True,2946.95127699559,490.0,6,14,10.089288942605904,0
110,1684410143,190.0,291.25386843315886,False,815.0828092740842,0.0,1,0,0.0,0
223,812004134,520.0,556.0723220110445,False,2205.3796905579834,130.0,3,6,6.001784272113464,0
73,234290,1005.0,858.7019185453632,True,3794.1850723631574,400.0,7,11,9.409968771443301,0
157,11170906155,415.0,458.937690393594,False,1695.4228745663681,90.0,4,10,14.02912136922291,5
99,2586635284,620.0,661.0700601456787,False,2756.617815764812,155.0,6,20,25.856934640029493,3
100,7684091168,480.0,545.9999769086833,False,2152.4998787705863,95.0,4,9,4.403190229641138,0
38,12652780908,385.0,455.63796688965886,False,1678.0993261707088,65.0,1,1,1.41425665875175,0
43,526994269,1025.0,960.6320708423627,True,4329.3183719224035,350.0,7,7,8.728004372350837,0
98,25483808,995.0,929.3940667570514,True,4165.318850474519,340.0,6,8,5.35194205562838,0
34,5922202130,790.0,755.2552937593904,True,3251.0902922368,260.0,6,1,3.3256417175204604,0
167,25500900,200.0,290.0319382523131,False,808.6676758246438,0.0,2,0,0.0,0
45,107715,890.0,887.8093386386493,False,3946.999027852909,265.0,3,6,7.643258343292479,0
261,5838132444,260.0,340.54346414615014,False,1073.8531867672882,20.0,2,0,0.20801418439716318,0
185,21554368,460.0,499.89181075706693,False,1910.432006474602,110.0,2,5,3.804807740119046,0
231,21665582,420.0,460.07863927193034,False,1701.4128561776347,420.0,5,33,39.141613467038574,0
17,26559368,435.0,487.53075717683333,False,1845.5364751783761,105.0,6,9,5.491222500705387,0
75,1697772135,555.0,605.4099146280191,False,2464.402051797102,130.0,4,15,24.461699804431554,3
39,1614978621,510.0,572.0000967449005,False,2289.0005079107277,105.0,7,9,7.7987727220426,0
173,1614926320,630.0,644.4351567626763,False,2669.284573004052,175.0,10,11,10.503487278857165,0
95,368279307,405.0,454.09860247058805,False,1670.0176629705873,85.0,4,1,1.500472167492406,0
178,25472672,330.0,383.2224023164861,False,1297.9176121615515,60.0,1,1,1.120792588907181,0
80,26845543,310.0,338.97661351710826,False,1065.6272209648187,105.0,2,8,8.173860225729799,0
93,109579,640.0,656.5790136215353,False,2733.039821513061,180.0,3,23,34.98759027642078,5
21,25530312,875.0,801.0593791712398,True,3491.561740649009,330.0,12,9,7.960632760097934,0
154,489796745,690.0,726.4912564635697,False,3100.079096433741,180.0,2,17,12.762153724093146,0
106,4784457202,485.0,516.1771307329457,False,1995.929936347965,155.0,2,7,8.96444408602161,0
211,25530312,825.0,676.54141691203,True,2837.842438788158,495.0,5,12,9.811717639147439,0
5,11331184983,365.0,389.8572434883758,False,1332.7505283139728,105.0,1,7,6.474679356530171,0
214,7261577394,600.0,616.909254286094,False,2524.7735850019917,165.0,5,4,4.913546746781697,0
190,8972731452,150.0,249.89444040946967,False,597.9458121497155,0.0,0,0,0.0,0
289,21665006,420.0,484.58395973290044,False,1830.0657885977273,80.0,6,1,2.6262388312393306,0
85,12689153,380.0,440.6075575548814,False,1599.1896771631264,70.0,3,4,4.11972747939784,0
145,25531001,500.0,556.5187892261155,False,2207.7236434371052,110.0,3,2,1.4142356045141977,0
152,11863161,900.0,744.0518091240597,True,3192.2719979013145,505.0,6,10,10.24095102838818,0
51,6940295978,225.0,318.225351062552,False,956.6830930783981,0.0,2,0,0.0,0
81,294651409,460.0,526.0662284987819,False,2047.8476996186048,90.0,5,2,4.645566378232918,0
135,9791489,530.0,569.7808545180283,False,2277.349486219648,130.0,5,7,3.6881020079328373,0
225,25476020,550.0,558.4067473244518,False,2217.635423453372,155.0,2,2,1.5694839590718597,0
64,275424,1290.0,1040.1790728351814,True,4746.9401323847,610.0,9,43,40.260511141031,0
244,11707733695,440.0,464.4004004713259,False,1724.102102474461,110.0,4,6,5.888677091766668,0
267,25714234,450.0,519.8141682225034,False,2015.0243831681441,85.0,4,17,28.784483815194886,9
283,108258,625.0,628.6697407896324,False,2586.516139145572,205.0,7,13,15.445494888543758,0
288,25473373,675.0,657.3762621446232,True,2737.2253762592723,210.0,5,2,5.413428128539207,0
47,107831,415.0,478.17618181013154,False,1796.424954503191,80.0,2,1,2.2616755954376573,0
151,275424,775.0,764.7738010937242,True,3301.0624557420497,260.0,3,17,22.12431198442562,0
3,500486430,200.0,287.92897986161097,False,797.6271442734577,0.0,1,0,0.0,0
295,25500900,215.0,302.4803445753658,False,874.0218090206705,0.0,1,0,0.0,0
207,454212847,405.0,481.2689780155017,False,1812.662134581383,65.0,1,7,5.0659803161390355,0
245,25498932,820.0,824.1172970585302,False,3612.615809557284,240.0,8,22,21.921728000520037,0
166,25470694,205.0,297.1066282658703,False,845.8097983958191,0.0,2,0,0.0,0
74,12198538,665.0,680.8818030618055,False,2860.6294660744798,185.0,7,25,31.026115123580645,0
216,5922202129,625.0,669.6739439796856,False,2801.7882058933483,155.0,6,16,13.574721567272402,0
185,6183125372,60.0,180.96289750795154,False,236.05521191674558,0.0,0,0,0.0,0
30,25503799,1060.0,837.7004994608395,True,3683.927622169408,555.0,6,15,13.843019639167428,0
236,109618,760.0,755.5464054668764,False,3252.6186287011,280.0,9,8,7.274710046469607,0
177,21665589,600.0,574.5348700704145,True,2302.3080678696756,330.0,1,14,17.215740009430416,0
159,10559192943,845.0,813.8716392865099,True,3558.826106254178,290.0,6,16,12.097096771722804,0
200,2271434264,555.0,608.9053470590998,False,2482.7530720602736,125.0,4,1,3.819939950261714,0
63,107349,800.0,789.8868288362469,True,3432.9058513902937,245.0,6,20,25.641537102800132,0
92,21533909,205.0,296.0366652243749,False,840.1924924279682,0.0,2,0,0.0,0
170,25532843,670.0,716.1793926630648,False,3045.9418114810896,165.0,5,6,3.843017710536036,0
160,25522907,325.0,380.8904822147608,False,1285.6750316274936,55.0,6,9,10.761048353222044,0
20,7223638134,580.0,610.2134316330107,False,2489.620516073306,150.0,3,5,3.9170507725969164,0
219,25417428,520.0,526.2404845291205,False,2048.762543777882,150.0,5,2,2.01800141145464,0
123,25505558,580.0,617.8241110880699,False,2529.5765832123666,145.0,6,2,2.9591586073500973,0
239,9512937,760.0,638.1576406593804,True,2636.327613461749,445.0,5,12,9.062474015565236,0
42,1678452778,525.0,564.3849942439184,False,2249.0212197805718,125.0,5,7,7.306566408613893,0
21,25495441,75.0,189.36500483373817,False,280.1662753771253,0.0,1,0,0.0,0
184,108903,500.0,561.1806380868145,False,2232.1983499557764,105.0,5,3,3.3033224319727084,0
208,6777627310,575.0,616.2523001249755,False,2521.3245756561214,140.0,7,11,13.087570552797708,0
130,107807,635.0,510.3981927756484,True,1965.5905120721545,320.0,3,12,7.75113337693757,0
250,108073,320.0,394.9665734410594,False,1359.5745105655615,40.0,5,2,1.6796105668194334,0
127,110004,560.0,600.3716760987379,False,2437.9512995183745,135.0,3,16,21.80317349974981,3
162,21665926,495.0,537.0334899626467,False,2105.425822303896,115.0,1,3,3.167605031832194,0
89,292252720,940.0,910.0474487686214,True,4063.7491060352604,315.0,13,14,15.669270217910599,0
65,107319,830.0,802.3698619923766,True,3498.441775459977,265.0,6,3,4.1363368180416,0
79,25533578,575.0,614.1822126390464,False,2510.456616354993,145.0,10,4,9.623729191671066,0
249,255562,385.0,441.9087740129152,False,1606.0210635678043,75.0,5,3,1.8502144500211546,0
224,9512937,660.0,621.1526906698548,True,2547.051626016738,325.0,6,5,5.441406390682621,0
252,289996665,735.0,758.1424263266408,False,3266.247738214864,200.0,6,5,5.425237092428205,0
206,25473217,425.0,481.6306531221447,False,1814.5609288912592,85.0,5,3,5.625976925782808,0
119,25472873,695.0,586.4104195276717,True,2364.6547025202767,385.0,4,8,9.064292050464593,0
227,1694551549,365.0,382.8703367335027,False,1296.069267850889,140.0,0,6,7.232204177862312,0
59,108305,1145.0,1038.7547618460408,True,4739.462499691711,415.0,5,11,13.30356908450462,0
213,102000,545.0,574.5916269647938,False,2302.606041565166,140.0,2,21,35.146940397552065,9
77,2271422636,275.0,334.1605615810907,False,1040.3429483007258,55.0,1,5,2.8086077375164256,0
275,7013554275,920.0,879.9719351480677,True,3905.852659527355,300.0,10,17,20.975767835974736,0
35,9300541907,570.0,599.9753258477193,False,2435.8704607005284,185.0,2,11,9.617594999000817,0
280,1684410143,335.0,408.09854824500894,False,1428.5173782862962,45.0,2,3,1.7951208488326396,0
72,10574746,260.0,345.40006817234837,False,1099.3503579048288,15.0,2,3,2.4733143298591016,0
169,3887905014,675.0,690.4990880195106,False,2911.12021210243,190.0,7,3,3.508517491942001,0
221,109619,875.0,855.3560100841071,True,3776.619052941562,275.0,6,13,9.26849098203848,0
215,1666324146,485.0,540.8722195612444,False,2125.579152696533,105.0,5,1,2.374530781825232,0
112,25496892,355.0,408.17126523563667,False,1428.8991424870924,65.0,2,7,4.7845113794383165,0
13,1684410094,975.0,794.5833504801249,True,3457.562590020655,415.0,3,12,10.229239715206111,0
220,380496980,695.0,717.510151969861,False,3052.9282978417696,190.0,8,3,5.242227852112425,0
281,5393414954,240.0,334.22568373335565,False,1040.6848396001167,240.0,3,36,46.26338820793738,0
62,14069254029,500.0,548.557266784445,False,2165.925650618337,115.0,8,16,32.34829433077964,7
114,21554368,570.0,563.7614507359526,True,2245.7476163637507,245.0,3,20,14.578307191009575,0
9,25476041,670.0,671.089290267111,False,2809.2187739023334,200.0,2,6,7.719443156321444,0
219,25472672,70.0,185.72786520462174,False,261.07129232426405,0.0,0,0,0.0,0
246,1607738730,700.0,707.6956625091932,False,3001.4022281732628,200.0,6,14,12.780285997902165,1
258,25544130,285.0,368.6140138962805,False,1221.2235729554727,25.0,1,3,2.166224217152282,0
131,25417428,310.0,379.6255029640706,False,1279.033890561371,40.0,1,1,3.029484600488682,0
161,9521029,460.0,464.48377114695745,False,1724.5397985215266,185.0,5,5,8.799795965867906,0
270,9512925,625.0,623.1075517014413,False,2557.3146464325664,240.0,3,2,3.019937661487329,0
28,2502573430,730.0,739.7181593994343,False,3169.5203368470297,210.0,3,10,9.783958065349951,0
109,1616122145,305.0,379.8540822454774,False,1280.2339317887568,35.0,1,4,6.849824921124276,0
164,9046520718,520.0,555.2651811686852,False,2201.142201135597,130.0,4,2,3.925816543528189,0
149,25475387,300.0,367.0398207659846,False,1212.9590590214189,40.0,3,2,1.7913801857188547,0
251,7198096092,495.0,545.6936579961589,False,2150.8917044798345,110.0,3,14,18.737468626429948,9
178,25533613,175.0,276.55142828764656,False,737.8949985101447,0.0,3,0,0.0,0
167,452589682,185.0,281.99822508635367,False,766.4906817033569,0.0,2,0,0.0,0
285,2480891600,645.0,639.8299353974029,True,2645.1071608363645,230.0,3,17,10.075959898933636,0
83,25544143,395.0,452.3402523558846,False,1660.786324868394,75.0,5,3,1.4884404566415863,0
43,107800,200.0,290.9728774529687,False,813.6076066280859,0.0,0,0,0.0,0
187,1684410040,325.0,372.67349106699885,False,1242.5358281017436,75.0,2,5,4.288409202276145,0
1,107319,465.0,535.3140769566047,False,2096.3989040221745,90.0,4,6,6.5980889764186506,0
126,25472654,260.0,349.14117998236895,False,1118.991194907437,15.0,0,2,3.401513960684907,0
153,25503804,570.0,622.0457587474232,False,2551.7402334239714,130.0,8,2,2.083199548678272,0
229,25500809,870.0,859.1677195782327,True,3796.6305277857186,265.0,5,8,8.195411047767882,0
210,21665585,500.0,509.8023350525766,False,1962.462259026027,140.0,4,5,8.229497393953466,0
142,5387300688,485.0,541.309526403788,False,2127.8750136198873,105.0,6,9,8.776556382103252,0
75,21665367,210.0,304.5400494227386,False,884.8352594693778,0.0,0,0,0.0,0
182,9521006,945.0,774.6093758934262,True,3352.6992234404897,460.0,3,18,11.558752748248232,0
185,25257793,145.0,248.63124659486766,False,591.3140446230553,0.0,1,0,0.0,0
269,289996665,325.0,401.7217877315227,False,1395.0393855904945,40.0,1,2,3.6472657182021044,0
234,1317156147,470.0,527.6106860776517,False,2055.956101907672,100.0,5,4,5.068261942560206,0
78,3567188665,630.0,650.1208854342905,False,2699.1346485300255,170.0,5,10,9.284941121061433,0
193,7527076899,340.0,417.06386410224326,False,1475.5852865367767,45.0,1,0,0.7142862292154973,0
232,1094124402,275.0,341.92140281281684,False,1081.0873647672881,35.0,4,4,3.0378458139913107,0
148,7223638134,365.0,433.75204810712825,False,1563.1982525624232,60.0,4,11,14.225711179879923,0
268,25531001,540.0,589.4155969786768,False,2380.4318841380536,125.0,2,5,4.767133450002981,0
32,265124953,575.0,607.6302224214531,False,2476.05866771263,145.0,3,13,11.505311919293451,0
259,25257272,275.0,362.56717784690704,False,1189.4776836962624,20.0,3,1,2.038941189260197,0
147,24973086,1200.0,930.1654620184195,True,4169.368675596704,800.0,4,6,6.883796887754534,0
104,9512926,820.0,669.0903783309386,True,2798.7244862374264,385.0,4,15,12.825639590309972,0
168,25476020,745.0,730.8448499011629,True,3122.9354619811056,230.0,3,9,5.6501342247715645,0
57,25533613,555.0,614.9396114069594,False,2514.432959886537,120.0,1,0,2.9327617360142044,0
204,25472654,675.0,657.6236579022354,True,2738.5242039867376,280.0,8,19,15.955498663206226,0
14,25375955,485.0,520.8065167245117,False,2020.234212803686,120.0,3,5,3.183730599980108,0
293,25475387,340.0,425.4868232569656,False,1519.8058220990692,40.0,5,1,1.0468618467915618,0
201,27503587,320.0,398.05211797544484,False,1375.773619371085,40.0,2,0,1.1349348479818413,0
132,21665360,295.0,378.22586615500074,False,1271.6857973137542,30.0,0,1,0.9922085537870048,0
228,11618689213,690.0,699.4568496024481,False,2958.1484604128523,200.0,6,6,4.725997707000312,0
27,368279307,630.0,678.0878633418079,False,2845.961282544491,155.0,4,1,2.411340233899757,0
120,107349,710.0,716.5762263000925,False,3048.0251880754818,205.0,8,23,37.35698249041067,6
53,1667203548,475.0,520.1581555544727,False,2016.8303166609817,110.0,2,2,2.167989540336038,0
117,452236138,750.0,766.9013416435965,False,3312.232043628881,210.0,6,19,18.73707405109572,0
137,12437824276,485.0,519.1255927884536,False,2011.409362139382,120.0,3,5,3.905684332363748,0
61,601141518,990.0,900.5330831370411,True,4013.798686469465,505.0,11,16,19.52006560116198,0
24,4580163090,690.0,623.903623135463,True,2561.494021461183,395.0,5,11,11.303127630978992,0
283,9512933,220.0,311.7322815006917,False,922.5944778786317,0.0,1,0,0.0,0
122,1232048350,670.0,675.0045704435302,False,2829.7739948285343,210.0,4,28,50.37428230837344,8
76,25532839,515.0,561.51677359044,False,2233.9630613498102,120.0,2,2,2.942588738791742,0
295,5339077113,210.0,308.3997464582212,False,905.0986689056616,0.0,1,0,0.0,0
39,2833445980,265.0,329.909560471205,False,1018.0251924738265,30.0,2,0,0.7123865694476873,0
240,12292980260,315.0,387.4358079447645,False,1320.0379917100138,40.0,1,1,1.1350047441859823,0
290,9521006,545.0,521.0918203418098,True,2021.7320567945033,235.0,3,9,7.99383143435122,0
121,102030,785.0,758.4587788145723,True,3267.9085887765073,250.0,2,4,2.7874929408786637,0
50,25501065,660.0,694.6563506138972,False,2932.945840722958,170.0,5,4,3.935807009691572,0
173,6183125373,270.0,345.1949367187754,False,1098.2734177735708,25.0,1,4,1.4302547814184259,0
194,107319,535.0,570.9348906329134,False,2283.408175822795,135.0,2,1,3.6164010946518843,0
273,311422343,350.0,430.2298891314118,False,1544.706917939912,45.0,2,2,1.1149004996023153,0
90,108040,585.0,605.7041466752113,False,2465.946770044857,160.0,3,5,4.718932566316046,0
208,25257309,190.0,286.67019023092325,False,791.018498712347,0.0,2,0,0.0,0
163,292252720,555.0,619.1928298841137,False,2536.7623568915956,120.0,4,1,2.9902958720484967,0
132,14003329325,45.0,165.11499695681883,False,152.85373402329884,0.0,1,0,0.0,0
176,108045,485.0,537.7315716404233,False,2109.0907511122223,105.0,3,4,6.014934223527465,0
6,25532839,565.0,581.2280979345304,False,2337.447514156285,155.0,4,20,21.892885166564394,1
202,108329,345.0,419.89929775465663,False,1490.4713132119477,50.0,8,2,1.413130175006388,0
196,2934851413,635.0,659.9108457619515,False,2750.5319402502437,170.0,4,7,8.508331715211822,0
212,25500900,530.0,568.0769313246778,False,2268.403889454558,130.0,4,3,6.267888886889112,0
181,6521883874,520.0,568.0495091642205,False,2268.259923112158,120.0,8,1,1.4158331421265191,0
205,295907948,700.0,705.6154273636503,False,2990.4809936591637,205.0,9,10,12.977623020080358,0
241,9521033,885.0,858.9897506823022,True,3795.6961910820883,280.0,5,6,3.693237780116326,0
254,12026764,805.0,736.1956239775201,True,3151.02702588198,390.0,6,19,16.432687482582327,0
179,21665926,625.0,655.2012457657438,False,2725.8065402701554,165.0,4,3,2.8880645165014593,0
52,108252,580.0,621.8437016607377,False,2550.6794337188735,145.0,7,14,13.065512833227352,0
140,9512935,760.0,676.2920265190144,True,2836.533139224825,385.0,7,10,10.072679068749348,0
260,21665911,550.0,580.7681774855489,False,2335.0329317991323,550.0,8,40,37.721462463147155,0
19,3485458226,700.0,736.2074945567175,False,3151.089346422766,180.0,5,7,8.77128506310222,0
1,108211,105.0,214.37628542154562,False,411.4754984631146,0.0,1,0,0.0,0
40,820271,435.0,478.84730224527857,False,1799.9483367877135,95.0,3,3,4.990671591041193,0
271,25256289,440.0,509.5504196570016,False,1961.1397031992583,80.0,5,4,2.960025175270246,0
262,821559,735.0,747.2495235050715,False,3209.0599984016226,210.0,6,2,3.979465078560495,0
172,1607738730,405.0,448.35549008200127,False,1639.866322930507,95.0,5,2,2.3595136816323494,0
88,9791487,525.0,562.0353361505851,False,2236.685514790571,130.0,6,9,7.107015969380048,0
42,9512935,220.0,298.80340090940007,False,854.7178547743505,40.0,0,5,4.5462118898949315,0
139,25474676,645.0,535.5778384950848,True,2097.783652099196,560.0,3,13,11.432463715351004,0
12,107799,645.0,661.1984169007724,False,2757.291688729053,200.0,2,3,3.44727368041274,0
58,25522907,545.0,547.2479118673741,False,2159.0515373037156,160.0,4,5,4.237501949476629,0
46,25502552,720.0,715.3628304631691,False,3041.6548599316366,245.0,7,10,7.288839552983673,0
41,108299,1020.0,965.542756371904,True,4355.099470952498,395.0,9,20,20.563443834573935,0
110,9849094224,360.0,433.6592542785579,False,1562.711084962429,55.0,3,2,2.9342037524340485,0
171,25473423,760.0,609.0812784431315,True,2483.6767118264415,390.0,4,8,8.751481734919713,0
91,25532843,720.0,715.1386561774384,False,3040.477944931552,215.0,7,5,9.076633690836289,0
97,1947324461,390.0,465.0381801857086,False,1727.4504459749696,60.0,3,1,0.6789892922473664,0
26,108258,435.0,483.55203006895874,False,1824.6481578620333,95.0,4,10,22.967536177408178,6
94,4702603653,815.0,814.8155666246898,False,3563.7817247796224,240.0,7,5,4.2313859914219005,0
134,12959447,560.0,602.735267510066,False,2450.360154427847,135.0,2,19,21.49904387213643,0
86,10996228332,520.0,523.8125492392965,False,2036.0158835063064,150.0,7,27,36.39021295854016,0
272,25544131,455.0,505.38014281736014,False,1939.2457497911403,100.0,5,2,1.9429480317346437,0
263,454212847,835.0,814.8191328263097,True,3563.8004473381243,260.0,4,8,3.3538480147252065,0
238,25256620,610.0,650.0983844899952,False,2699.0165185724745,150.0,9,8,9.62977675649114,0
150,9512940,690.0,658.5337861077439,True,2743.3023770656546,290.0,3,16,17.946321176265066,0
7,25497435,770.0,766.8831169222518,False,3312.1363638418225,230.0,4,9,5.941235127832838,0
78,5011388934,130.0,230.83195015633729,False,497.86773832077085,0.0,0,0,0.0,0
203,1316072261,505.0,564.9329773903471,False,2251.8981312993224,105.0,2,21,26.66325165856365,0
159,25544119,290.0,346.6522538465203,False,1105.9243326942315,60.0,1,2,5.179925067485209,0
244,5932856691,330.0,383.23824780062955,False,1298.0008009533055,60.0,0,5,4.53484709736585,0
16,3531897238,860.0,709.8189583734718,True,3012.5495314607256,360.0,7,13,9.032091794303307,0
98,26699549,380.0,450.02075107675756,False,1648.608943152977,60.0,2,1,4.788261537764754,0
113,1678452742,455.0,504.82439809831914,False,1936.3280900161762,100.0,5,5,5.305433115013468,0
45,881887811,375.0,447.0357364028183,False,1632.9376161147957,60.0,4,2,1.5006892965274718,0
247,1232048712,810.0,786.764101483754,True,3416.511532789708,305.0,8,36,40.726719434114024,2
197,108903,620.0,665.1022941388746,False,2777.7870442290914,150.0,3,7,8.3236599868473,0
210,9791495,165.0,262.53802174356025,False,664.3246141536911,0.0,1,0,0.0,0
279,4397152730,660.0,658.5664974205798,False,2743.4741114580434,195.0,2,7,5.462316259840036,0
2,25531001,805.0,759.4492377885442,True,3273.108498389858,320.0,10,16,11.636351271076549,0
206,2934851413,260.0,351.5486552922058,False,1131.6304402840806,10.0,4,1,1.144861503024869,0
49,25257319,920.0,897.6316764028569,True,3998.566301115,310.0,6,7,9.45837394575304,0
54,9515387,560.0,584.8796665191228,False,2356.6182492253934,150.0,4,3,4.601363511011859,0
112,9521034,240.0,326.33614622616045,False,999.2647676873419,10.0,2,0,0.23159858199930874,0
82,6049524394,665.0,608.1348100650453,True,2478.707752841489,345.0,1,14,12.634923843981916,0
18,1697813681,575.0,582.9467870320625,False,2346.470631918328,165.0,6,24,30.91043085296152,0
257,333719185,550.0,596.224054043519,False,2416.176283728475,130.0,2,3,5.440222778898396,0
84,2947858564,530.0,552.8254195564099,False,2188.3334526711515,140.0,3,7,4.889406426703826,0
265,3077397235,505.0,534.8955197736706,False,2094.2014788117704,130.0,3,7,5.075447172235805,0
23,255576,840.0,672.2309837408473,True,2815.212664639446,410.0,1,10,9.705947351296485,0
67,108073,495.0,545.7608091377655,False,2151.244247973269,110.0,5,4,1.5951398674739075,0
69,1685938630,605.0,656.8128676210804,False,2734.2675550106724,145.0,6,2,4.167414893901711,0
86,6262789333,50.0,171.3759848766133,False,185.72392060221983,0.0,1,0,0.0,0
275,25473373,260.0,352.0506463384993,False,1134.265893277121,10.0,2,1,0.33398197780134853,0
284,25473293,550.0,587.9955101064963,False,2372.976428059105,135.0,1,5,3.854230966962489,0
1,1684410105,85.0,199.90585250356372,False,335.5057256437094,0.0,0,0,0.0,0
218,281454988,730.0,605.4524108805372,True,2464.6251571228204,485.0,2,6,10.085624037469813,0
252,10544188928,290.0,370.03591855195407,False,1228.6885723977584,30.0,3,3,2.5540277533722953,0
242,282686499,785.0,727.35522681485,True,3104.614940777962,275.0,12,15,17.837359839163348,0
270,4712556962,240.0,310.862538732688,False,918.028328346612,20.0,0,1,1.0319293301128425,0
70,11751472416,450.0,505.4167892291287,False,1939.438143452925,95.0,10,2,3.4722540250464653,0
174,9512924,560.0,594.1042112755291,False,2405.0471091965287,140.0,3,3,1.943700971675357,0
151,21665582,360.0,422.87104765110274,False,1506.0730001682896,360.0,4,28,21.948471718431982,0
213,295908497,280.0,369.79017539439724,False,1227.3984208205854,20.0,1,0,1.1044025568455498,0
9,659653204,255.0,339.6189756749536,False,1068.9996222935067,15.0,2,1,0.7844599875993139,0
77,21533908,285.0,371.8492425947559,False,1238.2085236224684,20.0,3,4,3.1554121541505884,0
156,9512935,525.0,525.0465731476554,False,2042.4945090251917,220.0,4,5,5.367405990711258,0
31,26699549,600.0,590.4782719060871,True,2386.010927506958,225.0,1,10,9.792204036960891,0
186,1230855633,950.0,821.1713378536032,True,3597.1495237314157,445.0,6,10,10.664570329401874,0
282,7279228683,885.0,732.6182548333263,True,3132.2458378749625,475.0,3,18,15.592601208044863,0
169,26699549,285.0,361.05105773540896,False,1181.5180531108965,35.0,2,7,11.987010562918343,1
268,6355365939,200.0,278.90789545736084,False,750.2664511511441,0.0,2,0,0.0,0
33,25496592,645.0,677.0471413444602,False,2840.497492058415,170.0,7,3,2.1443468351867714,0
120,9791487,180.0,274.41827653639604,False,726.6959518160791,0.0,1,0,0.0,0
10,2191588310,730.0,760.2589349823035,False,3277.359408657091,195.0,12,5,7.344144395307817,0
189,9791492,805.0,791.6128140972587,True,3441.967274010608,250.0,6,6,4.483458983223996,0
95,12453538825,435.0,507.6402580090953,False,1951.11135454775,75.0,4,10,7.856616240087937,0
199,2482696992,660.0,631.3540072694982,True,2600.608538164865,660.0,8,50,48.18845159672472,3
261,25257043,445.0,508.41684913114426,False,1955.188457938507,85.0,3,2,1.8525597127467996,0
80,9921844608,430.0,494.6528413013732,False,1882.9274168322102,80.0,3,8,8.841656147856138,0
48,7261577394,810.0,677.3106479082774,True,2841.880901518458,465.0,5,6,9.421674408968023,0
130,107863,350.0,415.18126636899234,False,1465.7016484372098,55.0,2,0,1.0507882882882882,0
66,6893923114,1005.0,958.2255228900506,True,4316.683995172763,395.0,9,17,15.749490250919584,0
198,26817585,985.0,956.1351377730473,True,4305.709473308498,315.0,7,7,7.064525044305856,0
222,5932856688,630.0,625.2585529367211,False,2568.6074029177857,235.0,6,9,9.877886097151483,0
220,9287396538,295.0,365.7799247743011,False,1206.344605065081,35.0,4,3,3.8530734038422727,0
133,11747638084,700.0,705.3783338789299,False,2989.2362528643835,205.0,7,5,6.062385530651684,0
202,9791495,170.0,265.9786406585847,False,682.38786345757,0.0,0,0,0.0,0
155,6173783039,630.0,664.7216320805478,False,2775.7885684228745,160.0,7,12,11.428254650913463,0
200,25501330,395.0,452.47237793537664,False,1661.4799841607278,85.0,5,10,9.535299631418441,0
152,25257027,435.0,500.41415775115786,False,1913.1743281935787,80.0,6,8,4.222852021123959,0
5,1612319349,445.0,491.7974986085519,False,1867.936867694897,100.0,1,7,4.345250163270095,0
239,351771449,375.0,440.0470179490683,False,1596.246844232609,65.0,3,1,1.70779265702458,0
34,452168032,475.0,511.2688088747242,False,1970.1612465923022,115.0,0,9,8.390401109026383,0
65,1684410105,370.0,439.75925538247924,False,1594.736090758016,60.0,2,10,10.421076205194957,0
226,2784682616,815.0,689.7495319747597,True,2907.1850428674893,445.0,6,14,12.126228182449204,0
195,1685751707,775.0,763.890942582168,True,3296.4274485563824,240.0,6,1,3.378186632109892,0
111,742854915,805.0,764.3662716763988,True,3298.9229263010943,265.0,2,4,7.310586152864176,0
22,333650017,585.0,602.0440217566698,False,2446.7311142225176,160.0,7,3,4.488393854882377,0
102,1215418493,575.0,627.0708899215605,False,2578.1221720881927,135.0,4,9,11.231200694943569,0
106,82710881,460.0,511.8846368066665,False,1973.3943432349988,100.0,5,7,8.123715119618128,0
276,311422343,525.0,538.5782602624432,False,2113.5358663778266,155.0,3,16,14.848290414358523,0
124,25472669,745.0,766.4999335271879,False,3310.124651017734,205.0,1,5,5.684525196270532,0
287,383974166,610.0,633.0394335626452,False,2609.457026203888,165.0,3,3,4.560982494314678,0
47,9512926,435.0,495.43087862844396,False,1887.0121127993314,85.0,2,0,1.3227630219317608,0
57,1607738730,250.0,342.63198251589426,False,1084.8179082084448,10.0,4,0,0.3327653304504772,0
119,21645238,365.0,388.94592001341283,False,1327.9660800704169,115.0,2,11,10.173525335755194,0
255,500486430,545.0,561.910808263339,False,2236.0317433825303,160.0,8,10,12.470067040038796,0
30,60728181,430.0,495.92440625705586,False,1889.603132849543,80.0,2,2,1.9288183972061956,0
60,8916277,855.0,871.0916660593717,False,3859.2312468117025,245.0,3,4,7.019159772404047,0
105,2453947049,580.0,574.6441886377884,True,2302.8819903483886,175.0,2,13,12.10722571679674,0
185,1678452758,285.0,362.5307468270631,False,1189.2864208420808,30.0,4,4,5.173199453795025,0
83,9522438146,310.0,377.82665577361126,False,1269.5899428114597,45.0,1,3,3.049334943437251,0
114,4360406511,340.0,412.91855025833667,False,1453.8223888562673,50.0,3,7,5.447161469972873,0
188,12648068962,755.0,771.1809730612135,False,3334.70010857137,215.0,9,4,4.465634333212293,0
208,25472758,220.0,309.0775464096048,False,908.657118650425,0.0,3,0,0.0,0
161,2441107350,335.0,403.8606609932329,False,1406.2684702144725,50.0,0,1,1.630944645782172,0
17,21665580,505.0,522.1732207593421,False,2027.4094089865462,145.0,2,7,5.785545344250983,0
11,25257810,910.0,760.686815440537,True,3279.605781062816,375.0,8,12,10.049641600396486,0
37,10983187054,670.0,692.4635143887904,False,2921.43345054115,185.0,6,7,7.530762991714676,0
55,25498869,840.0,817.952798944526,True,3580.252194458761,265.0,6,21,31.792268122826133,5
248,7944696977,1085.0,965.501294230445,True,4354.881794709835,405.0,8,5,11.94480984103211,0
125,6943750656,770.0,758.0221969570252,True,3265.6165340243824,235.0,8,9,3.9455905267622717,0
118,3077397235,710.0,621.2535658808077,True,2547.58122087424,285.0,6,7,7.638775096016664,0
243,109832,820.0,760.6059795740059,True,3279.1813927635294,375.0,12,13,13.960899527466704,0
191,282686499,780.0,714.6387592998017,True,3037.8534863239574,275.0,1,7,10.381605451991206,0
227,10574746,390.0,455.5325769354544,False,1677.5460289111365,70.0,5,3,3.4844243608549728,0
182,25505558,300.0,382.3263731771,False,1293.2134591797756,30.0,1,1,1.4137711383494382,0
35,25375812,385.0,456.26028532774967,False,1681.3664979706848,65.0,5,4,4.358360272319485,0
183,10544188931,685.0,709.220575451917,False,3009.408021122565,685.0,5,55,65.40663884736048,0
128,21665367,610.0,622.8654811127333,False,2556.04377584185,230.0,10,6,7.117034486995892,0
254,21665719,220.0,306.28554405219717,False,893.9991062740352,5.0,4,1,0.6969569798112469,0
280,4431563564,390.0,451.81536750793424,False,1658.0306794166545,70.0,4,14,32.00864117144954,8
274,282686499,885.0,764.1158077154234,True,3297.6079905059737,350.0,5,24,24.685396037028145,0
144,9178184328,805.0,745.5754782175281,True,3200.2712606420223,280.0,7,8,16.440184757718217,0
235,25533613,700.0,578.2620766995063,True,2321.8759026724097,560.0,3,8,11.005701693953474,0
73,9791497,555.0,591.3179554898383,False,2390.41926632165,140.0,6,6,7.28239190301833,0
131,9791497,360.0,405.8005550242601,False,1416.4529138773655,75.0,4,3,6.514350689158637,0
41,25500900,200.0,292.9850799360793,False,824.1716696644158,0.0,0,0,0.0,0
158,435144778,835.0,732.0283695008274,True,3129.148939879345,395.0,3,5,2.400790598290598,0
142,21665589,320.0,352.76433229643885,False,1138.0127445563037,95.0,1,2,7.680271374514445,0
16,4709189403,160.0,245.23781772937502,False,573.4985430792187,0.0,2,0,0.0,0
78,4368839072,175.0,271.65226975443187,False,712.1744162107675,0.0,0,0,0.0,0
44,3764054180,645.0,592.3273494416562,True,2395.7185845686954,250.0,2,9,9.356729109916182,0
85,6762589361,510.0,573.4545840771029,False,2296.6365664047894,105.0,3,18,28.625420512384366,3
108,6762589361,905.0,893.5749746207741,True,3977.2686167590646,275.0,9,8,9.229277698079715,0
116,6424675168,710.0,689.9653647966882,True,2908.3181651826135,250.0,3,12,9.978744374366423,0
289,3733175891,515.0,540.9628235729522,False,2126.054823757999,515.0,4,37,44.00985135013135,0
167,9371329938,360.0,438.9033291855347,False,1590.2424782240566,50.0,2,0,1.321484086762623,0
278,255562,815.0,724.7047289155914,True,3090.699826806854,380.0,3,10,9.17858733772274,0
136,12120966382,835.0,794.6938906516032,True,3458.1429259209126,275.0,3,25,30.007729135712182,0
147,25472758,315.0,399.3317678420097,False,1382.4917811705504,35.0,1,1,0.7870035460992906,0
153,3560950179,345.0,414.30864515899776,False,1461.120387084739,50.0,4,4,3.2778951171584825,0
107,108258,680.0,682.050315241555,False,2866.7641550181634,215.0,2,1,4.30197566754085,0
38,351788581,580.0,565.4011942086732,True,2254.3562695955334,195.0,5,12,11.37773271467473,0
237,6342450111,1250.0,1020.0142034372886,True,4641.074568045758,590.0,6,31,35.57467856260001,0
96,108260,655.0,631.3191669814252,True,2600.4256266524817,210.0,10,8,6.953808120147101,0
112,4252666506,175.0,275.3351281133068,False,731.5094225948606,0.0,1,0,0.0,0
127,333719185,475.0,473.7418250160061,False,1773.1445813340313,140.0,3,11,10.356555701244238,0
288,820271,525.0,573.6203909322097,False,2297.507052394102,120.0,5,1,2.706516681130741,0
233,26699545,720.0,722.971678874313,False,3081.6013140901446,250.0,4,3,3.4912682877782117,0
82,11331184983,185.0,277.0022983384177,False,740.262066276693,0.0,1,0,0.0,0
196,25522558,280.0,349.8107246277848,False,1122.5063042958702,35.0,2,0,1.3901777456683893,0
272,25524250,235.0,333.55648184965133,False,1037.1715297106693,0.0,0,0,0.0,0
293,1616122178,345.0,405.533781632555,False,1415.0523535709137,60.0,0,5,2.303857443319477,0
51,25473373,555.0,597.0911389135634,False,2420.7284792962087,135.0,5,2,1.9940467562813622,0
262,9791495,270.0,340.93362160788513,False,1075.9015134413967,30.0,1,5,8.75398589137568,2
45,1616122178,210.0,302.27420109888993,False,872.9395557691719,0.0,1,0,0.0,0
26,5387300688,250.0,341.7619898078131,False,1080.2504464910182,10.0,2,0,0.5840468482039041,0
166,3439409106,530.0,435.8850388082322,True,1574.3964537432207,290.0,1,3,7.281912228897599,0
264,2191480791,890.0,870.0721372321321,True,3853.878720468697,280.0,3,7,4.567623121268505,0
115,1612472593,915.0,865.1136918393959,True,3827.84688215683,305.0,7,16,8.917907688317147,0
291,110004,1370.0,1081.5205550124776,True,4963.982913815503,765.0,13,40,46.79667395813357,0
62,11783244661,440.0,501.0554941394101,False,1916.5413442319032,85.0,8,11,11.52065144330704,0
146,25531001,945.0,781.4634754022767,True,3388.6832458619538,395.0,7,14,10.192227627522756,0
15,452169196,710.0,713.0731066139872,False,3029.633809723433,250.0,3,21,16.598607037038143,0
223,7162259986,630.0,671.9160219484979,False,2813.559115229613,155.0,6,7,7.738757059849723,0
157,12422012434,630.0,643.0783517184522,False,2662.161346521872,175.0,3,3,2.713566715584222,0
81,25544126,575.0,622.4560871010686,False,2553.8944572806104,135.0,6,2,3.2326596083698655,0
253,25524240,670.0,659.0601598852732,True,2746.065839397683,205.0,4,16,11.55567963508797,0
141,25502829,650.0,641.3228284023437,True,2652.9448491123057,230.0,4,10,7.736161171061445,0
286,25476020,745.0,612.747347275328,True,2502.923573195473,540.0,7,7,10.879567811743875,0
113,21665361,235.0,318.0678775120399,False,955.8563569382093,10.0,3,1,0.40712675915110896,0
214,25471086,590.0,594.0819970776972,False,2404.9304846579116,185.0,6,12,9.40400651917387,0
42,107801,295.0,366.4909937926079,False,1210.0777174111915,35.0,0,4,2.221475259295023,0
99,25533129,635.0,627.2477353033113,True,2579.0506103423845,200.0,2,16,11.737885883161667,0
154,25472758,600.0,630.4429855884529,False,2595.825674339377,155.0,5,8,5.015833218488734,0
25,8752950708,935.0,836.9067136615882,True,3679.7602467233364,355.0,6,12,8.719713956679131,0
103,21665719,740.0,703.3836674530799,True,2978.7642541286687,300.0,10,5,7.245783137300612,0
6,6342450111,330.0,408.38932561785396,False,1430.043959493733,40.0,2,3,2.0493631093496987,0
68,21590614,800.0,655.6882640510731,True,2728.3633862681327,550.0,5,12,11.412727040428027,0
8,25496892,695.0,651.2223176709578,True,2704.91716777253,300.0,5,7,5.556516396659746,0
143,25257284,860.0,843.1928838063716,True,3712.7626399834503,275.0,6,6,9.190027948971979,0
244,107863,270.0,347.2580025532555,False,1109.1045134045914,25.0,1,4,2.9511510112918438,0
34,12283867782,170.0,261.2267348141715,False,657.4403577743999,0.0,0,0,0.0,0
129,108300,960.0,948.9073816976256,True,4267.763753912537,300.0,15,10,10.107177512657222,0
258,21665132,480.0,535.424385493927,False,2096.9780238431176,105.0,4,2,1.554644769751022,0
16,25500900,105.0,214.88617428975292,False,414.15241502120267,0.0,1,0,0.0,0
211,6273263209,635.0,636.8156351929099,False,2629.2820847627772,215.0,5,7,7.479979555870509,0
24,25306041,385.0,453.7883330511787,False,1668.388748518688,65.0,0,2,1.028846115666859,0
165,1620855375,845.0,805.2824032205049,True,3513.732616907652,280.0,7,11,7.689732010321923,0
98,102000,280.0,324.58852536911337,False,990.0897581878451,50.0,0,5,2.620484054630588,0
236,5244680779,585.0,610.650007395346,False,2491.9125388255657,160.0,5,7,5.28537533858432,0
160,12689154,580.0,595.1396289487216,False,2410.4830519807883,195.0,4,13,16.20485854466613,0
19,9789817,350.0,421.07314475933356,False,1496.634009986501,55.0,2,2,3.5111289123464764,0
153,25470679,105.0,213.62438072465426,False,407.52799880443473,0.0,1,0,0.0,0
175,7787603288,820.0,817.4945017720111,False,3577.8461343030604,245.0,7,10,8.419535185571851,0
181,12689154,370.0,427.69898540056056,False,1531.4196733529425,70.0,1,4,2.2340385977624417,0
209,7787603288,1180.0,980.938995876086,True,4435.929728349445,490.0,5,33,32.112569350043074,0
46,1685938740,345.0,429.55226682398006,False,1541.1494008258958,40.0,1,0,1.9022881292525167,0
162,12563565934,580.0,604.6150814386156,False,2460.2291775527315,155.0,3,7,7.0560995711243635,0
10,9791156,230.0,311.3961391836551,False,920.829730714189,10.0,0,1,0.06970264836552059,0
74,9806677456,615.0,649.1168847133914,False,2693.8636447453055,160.0,7,4,2.973968083725293,0
230,108290,870.0,709.4040575429626,True,3010.3713021005515,545.0,6,2,3.6050911350816985,0
267,503556078,645.0,682.3944014498675,False,2868.570607611806,165.0,4,3,3.4071203116606377,0
245,2191588310,625.0,676.2827136112967,False,2836.4842464593066,150.0,5,4,2.3118333206138955,0
57,3552338823,195.0,291.3874237869694,False,815.7839748815892,0.0,0,0,0.0,0
163,9791487,415.0,451.96627449910306,False,1658.822941120291,95.0,7,2,2.305222312010608,0
218,25473616,295.0,378.53300301493357,False,1273.2982658284004,30.0,2,0,0.642711054309819,0
221,26699544,555.0,554.4561277043547,False,2196.8946704478617,260.0,1,17,17.787681324806403,0
296,107801,755.0,773.9249632059855,False,3349.1060568314238,210.0,12,8,3.633388815355666,0
256,9020945997,820.0,782.9746346198071,True,3396.6168317539873,270.0,9,13,9.287672852746297,0
102,25257028,220.0,304.9995407607063,False,887.2475889937083,5.0,1,0,0.28225081011687686,0
193,25501328,475.0,506.30046059074215,False,1944.0774181013962,120.0,1,1,6.00759445065332,0
161,107349,195.0,287.3849723172293,False,794.7711046654535,0.0,2,0,0.0,0
231,21665582,705.0,694.8548733975693,True,2933.98808533724,705.0,9,23,27.021759663759962,0
177,1616122178,635.0,643.4012612046928,False,2663.856621324637,180.0,8,4,3.7561303620337454,0
97,1782020193,365.0,411.4483491667642,False,1446.1038331255122,75.0,4,1,1.2606775462280035,0
194,9521022,425.0,467.5816554563283,False,1740.803691145723,110.0,4,7,7.662139893049927,0
269,9522438169,495.0,529.5392568634733,False,2066.081098533235,120.0,4,9,6.577235356034209,0
259,26699544,480.0,525.9695050887598,False,2047.3399017159886,110.0,4,2,3.2610386522742347,0
255,333722500,215.0,305.6163409236174,False,890.4857898489911,0.0,1,0,0.0,0
59,60728182,600.0,591.8522080045404,True,2393.2240920238373,235.0,8,12,11.232492253175911,0
294,108899,970.0,757.5397284869512,True,3263.0835745564896,520.0,6,9,13.768815166206295,0
215,25507041,595.0,655.1758867405667,False,2725.673405387976,135.0,2,7,6.283740860727289,0
159,4252666506,375.0,448.66230973440645,False,1641.4771261056335,60.0,5,1,1.3399958144151873,0
28,8972731452,565.0,603.2969174872233,False,2453.308816807922,140.0,11,7,7.330269234064986,0
183,9791482,215.0,300.82081170752684,False,865.3092614645158,0.0,2,0,0.0,0
295,25501320,470.0,538.0018829184554,False,2110.5098853218906,90.0,5,1,1.30930450584733,0
283,1620855375,485.0,543.9828327560284,False,2141.909871969149,100.0,4,5,4.396135599728737,0
114,6089552096,245.0,315.01724959226357,False,939.8405603593835,20.0,1,1,1.3083050452358265,0
241,25473293,450.0,492.5462783288629,False,1871.8679612265305,105.0,5,5,3.5756012114927103,0
33,1684410087,315.0,397.15715429646684,False,1371.0750600564515,35.0,3,1,1.1255953709829483,0
48,12959447,300.0,381.64799889698287,False,1289.65199420916,30.0,3,1,0.7349999999999999,0
260,8752950709,445.0,486.87665176512775,False,1842.1024217669196,100.0,5,8,7.885531103818463,0
51,12283867782,165.0,262.04962302539843,False,661.7605208833417,0.0,2,0,0.0,0
200,107793,290.0,354.8219669021508,False,1148.8153262362916,40.0,1,0,1.1126353988383029,0
71,25417428,855.0,717.4661223181533,True,3052.6971421703056,460.0,4,8,9.34669416992066,0
186,591983272,330.0,405.3008620155417,False,1413.8295255815945,45.0,2,2,2.292772065701329,0
240,25471371,490.0,542.9906248823456,False,2136.700780632315,105.0,1,1,2.87486417304446,0
103,2191480791,145.0,245.25326158338586,False,573.579623312776,0.0,1,0,0.0,0
277,503556078,965.0,821.5925481250921,True,3599.3608776567326,385.0,5,15,11.75137971148138,0
144,25473423,245.0,318.99077938152163,False,960.7015917529886,30.0,2,1,1.7884067830748824,0
139,11170906155,460.0,497.5025736196929,False,1897.8885115033886,110.0,3,9,13.568458873816596,0
109,12957883928,600.0,634.5313939818813,False,2617.289818404878,155.0,6,9,11.17037909598107,0
278,108070,230.0,318.19274517551287,False,956.5119121714422,5.0,1,1,0.9973895345052163,0
217,9398043798,855.0,810.3351711024848,True,3540.2596482880467,285.0,3,10,7.553884923422462,0
289,107790,235.0,316.3058018975001,False,946.605459961876,10.0,1,2,0.6737242836107155,0
222,25256275,330.0,407.49072148139624,False,1425.32628777733,40.0,4,3,2.344954132605701,0
242,3552338823,375.0,444.24399530278515,False,1618.2809753396223,60.0,3,1,1.7561413341974623,0
3,9522438169,735.0,744.8261763388932,False,3196.33742577919,230.0,6,12,11.864248643401652,0
257,107818,395.0,460.61435281073375,False,1704.2253522563528,70.0,4,3,4.1401383819374695,0
90,1630526800,505.0,498.44795803390775,True,1902.8517796780159,260.0,4,14,14.164981633561892,0
112,25714232,220.0,319.4139874275069,False,962.9234339944114,0.0,0,0,0.0,0
152,12292980260,320.0,395.98468738119027,False,1364.9196087512487,40.0,2,2,0.9695451407051745,0
80,281454959,345.0,426.79814676101273,False,1526.6902704953159,45.0,2,3,2.786155172987806,0
203,2440630566,430.0,488.224464941806,False,1849.1784409444815,85.0,7,4,3.5824115408372954,0
149,4969460352,615.0,632.9344127241123,False,2608.9056668015915,170.0,3,17,18.663875090513844,0
182,25544143,275.0,345.1969326453795,False,1098.2838963882423,30.0,4,1,1.3700507323791251,0
121,25473284,520.0,577.3382272302823,False,2317.0256929589823,115.0,1,14,7.7526802584361985,0
126,9371260474,585.0,608.5234405891025,False,2480.748063092789,155.0,5,1,2.7116731563748258,0
4,108216,880.0,809.7054927467166,True,3536.95383692026,350.0,7,13,11.555818688405841,0
210,26591528,420.0,486.4672919700272,False,1839.9532828426427,75.0,2,9,13.597453717059077,0
22,9512908,320.0,401.34539318707755,False,1393.0633142321565,35.0,1,1,0.8724688740267748,0
44,4712556962,260.0,314.4690814374365,False,936.9626775465415,70.0,1,10,11.314734129415868,0
86,25473291,405.0,462.40388349536124,False,1713.6203883506462,80.0,3,3,4.225726201732239,0
174,6173783039,390.0,446.6565481127895,False,1630.9468775921457,75.0,4,6,5.949816534909904,0
46,108045,130.0,241.40612300946606,False,553.382145799697,0.0,1,0,0.0,0
5,102035,335.0,417.7433062742332,False,1479.152357939724,40.0,2,0,1.3081529302187869,0
31,25503725,380.0,430.32049759108327,False,1545.1826123531869,75.0,1,4,5.301605573852421,0
249,107821,700.0,695.2122844986862,False,2935.864493618102,255.0,2,8,8.481056598582649,0
63,107793,740.0,576.2323212880052,True,2311.2196867620282,485.0,3,13,13.64240679660355,0
164,25417431,635.0,669.2645764451737,False,2799.6390263371604,165.0,5,3,4.2016916034878,0
123,1685938656,730.0,711.8396812666961,True,3023.158326650153,240.0,8,7,7.10394113216709,0
179,9371260474,515.0,575.1059668555469,False,2305.306325991621,110.0,3,2,2.9923528760329106,0
25,107349,195.0,290.21597939676366,False,809.6338918330093,0.0,1,0,0.0,0
49,12120966378,440.0,505.58558845046304,False,1940.3243393649307,85.0,1,7,3.6032792083200933,0
50,1678452807,545.0,505.18004034357864,True,1938.1952118037873,235.0,2,15,14.364172945207217,0
266,4216274136,995.0,852.7888687613377,True,3763.1415609970236,550.0,6,21,19.484723838097686,0
145,3764054180,800.0,771.912826965887,True,3338.5423415709065,255.0,7,3,2.1448872401782646,0
236,9512924,175.0,264.081386564029,False,672.4272794611522,0.0,1,0,0.0,0
134,102000,495.0,494.1105751745044,False,1880.080519666148,180.0,2,5,4.978217721941591,0
20,14003329325,750.0,633.3308156605997,True,2610.9867822181486,490.0,4,7,9.737167324273628,0
197,108258,455.0,522.1578729398497,False,2027.328832934211,85.0,5,4,2.6948296154298346,0
78,25472672,295.0,385.51495131533267,False,1309.9534944054963,25.0,0,2,2.034065234165937,0
43,25533578,645.0,678.6178955369822,False,2848.743951569157,165.0,9,9,6.757600792820984,0
180,25472769,1005.0,829.7535023522,True,3642.205887349048,520.0,7,18,13.16623845378768,0
285,6273263209,650.0,653.0799667676844,False,2714.6698255303436,190.0,3,3,4.803258646262588,0
76,26374236,580.0,631.7602267883012,False,2602.7411906385832,135.0,5,6,5.355856678062079,0
262,21590631,255.0,347.34271186658293,False,1109.5492372995602,10.0,1,0,0.3524117862428484,0
122,25256620,585.0,634.6302661518267,False,2617.8088972970913,140.0,4,1,4.028212360139604,0
32,10019788231,620.0,540.512870275268,True,2123.692568945156,400.0,5,5,9.918543106737587,0
204,10559192943,610.0,626.1120732583704,False,2573.088384606445,170.0,3,18,16.098873268796464,0
189,812264838,410.0,428.9393406251311,False,1537.9315382819384,105.0,1,8,6.792245747421986,0
140,4252666506,545.0,579.6473828943086,False,2329.1487601951203,135.0,3,2,1.7860530622227313,0
219,1678452742,700.0,731.8934299491657,False,3128.4405072331215,185.0,4,9,9.132817409128545,0
18,9512937,470.0,520.1049708445324,False,2016.551096933795,105.0,3,5,2.864207497609663,0
130,25507334,415.0,482.5794380689744,False,1819.5420498621158,75.0,4,9,8.354043274123223,0
205,25531001,565.0,486.12937160859275,True,1838.1792009451117,230.0,3,7,5.708958263236325,0
228,7162259986,620.0,515.4904810427579,True,1992.3250254744794,500.0,3,12,10.400001864634943,0
170,107806,795.0,609.8603547046945,True,2487.7668621996463,565.0,5,22,15.286953756445381,0
91,21533913,535.0,572.5022454003899,False,2291.636788352047,130.0,7,7,5.6804722114713595,0
23,5560616885,485.0,542.6136256868514,False,2134.7215348559694,105.0,3,4,3.283949031721044,0
150,5932856688,525.0,576.5783378453654,False,2313.0362736881684,120.0,3,1,2.1903087613020213,0
56,1611442272,1190.0,1080.5386106226304,True,4958.8277057688065,430.0,2,6,7.830415391593889,0
226,1685938740,415.0,465.6675350242697,False,1730.754558877415,85.0,1,16,21.00329995583881,0
245,9522438168,200.0,294.33801012948106,False,831.2745531797756,0.0,0,0,0.0,0
93,25257284,885.0,768.1496008389554,True,3318.7854044045152,345.0,3,4,7.723140440959343,0
92,9294989257,820.0,788.8034797400383,True,3427.2182686351994,315.0,9,21,15.405571553849777,0
295,107318,155.0,256.92425202722615,False,634.8523231429372,0.0,2,0,0.0,0
276,9371260474,420.0,436.81332501466295,False,1579.2699563269805,135.0,4,5,4.848863627473927,0
274,9512937,370.0,427.4648839323834,False,1530.1906406450132,70.0,6,5,5.3797608753594215,0
214,25532841,285.0,371.23262015414633,False,1234.971255809268,25.0,0,3,2.504016852084696,0
100,358992920,925.0,875.461302933522,True,3882.171840400993,310.0,9,40,34.96775404829615,0
166,1215418697,310.0,387.3792238220765,False,1319.740925065901,35.0,2,1,1.0658856098573706,0
168,25502829,665.0,693.2173975905525,False,2925.391337350399,175.0,4,5,6.27851055388102,0
147,5932856688,350.0,410.8816167081521,False,1443.128487717797,60.0,3,1,1.7951734242512474,0
70,2971399444,490.0,532.1426651378985,False,2079.748991973967,115.0,4,6,5.258710492194896,0
72,1667118119,770.0,801.0385853211778,False,3491.4525729361844,205.0,7,5,3.9936216220679555,0
281,1927220454,755.0,626.8610363245151,True,2577.020440703702,375.0,4,13,8.059137209150165,0
187,9512935,710.0,574.0270098154555,True,2299.6418015311406,420.0,2,18,11.26063053299697,0
15,9287396538,305.0,357.36726110646896,False,1162.1781208089615,50.0,0,7,9.309075322374948,0
275,9176400299,515.0,529.0547605207348,False,2063.5374927338576,140.0,4,7,4.253997655982245,0
29,4956890429,1050.0,991.4225806829678,True,4490.96854858558,355.0,11,17,14.708331702942662,0
12,25257810,600.0,641.4324431658124,False,2653.5203266205144,150.0,4,15,15.931617933778504,0
173,25378129,640.0,694.0104756332672,False,2929.554997074653,150.0,8,0,2.3813070177671194,0
87,6893923114,995.0,863.1334256496447,True,3817.4504846606346,480.0,7,4,5.2314103605602655,0
27,104315,675.0,703.2849732649937,False,2978.2461096412153,180.0,7,8,7.589990352183698,0
202,9789819,460.0,474.78158792520657,False,1778.6033366073352,125.0,5,11,6.752121437419803,0
172,14017207476,610.0,653.5186815257833,False,2716.9730780103628,150.0,5,9,6.607916569685043,0
248,109634,415.0,468.6347636849764,False,1746.3325093461265,85.0,2,17,17.388639846756355,0
39,25476041,655.0,694.3051110457554,False,2931.101832990216,165.0,4,4,3.331464312461616,0
105,9512922,430.0,484.31644587979895,False,1828.6613408689448,90.0,1,4,7.2747090564852375,0
212,25531001,630.0,644.9985908330189,False,2672.2426018733486,175.0,7,4,4.646428531245772,0
265,9512933,535.0,581.5160776929964,False,2338.9594078882324,125.0,2,5,6.691823366964687,0
207,25502545,875.0,793.2566994873322,True,3450.5976723084927,315.0,11,0,4.170182276916004,0
188,4222962219,425.0,484.67475913171967,False,1830.5424854415278,85.0,3,3,2.6001635235021276,0
148,14728072,705.0,603.1958947362347,True,2452.7784473652314,360.0,3,10,8.326424711647022,0
203,1667203485,145.0,252.59145440571888,False,612.1051356300243,0.0,1,0,0.0,0
198,5932856688,485.0,511.96520086575913,False,1973.8173045452368,185.0,5,4,3.766601038665307,0
213,21665719,520.0,509.2247348117979,True,1959.42985776194,225.0,4,2,2.8860178566489987,0
235,26405445,410.0,465.7972518304987,False,1731.4355721101188,80.0,1,5,5.743573213293131,0
192,9513010,1015.0,794.6196722884152,True,3457.753279514183,645.0,6,18,17.073539323509777,0
101,25473303,1100.0,787.4670484261472,True,3420.2020042372747,605.0,2,1,3.7348779303754087,0
167,109619,395.0,465.2742116562799,False,1728.6896111954693,65.0,1,1,1.4629169907438508,0
81,1666324140,340.0,397.1292799974047,False,1370.928719986375,60.0,3,7,8.562589776486497,2
290,3561398893,675.0,698.1700825219542,False,2951.39293324026,185.0,4,9,7.011991931347692,0
224,25471086,845.0,756.4687893161878,True,3257.461143909988,370.0,5,20,16.139147650001686,0
43,358992920,115.0,226.9211307582583,False,477.33593648085576,0.0,2,0,0.0,0
234,3140855379,735.0,763.8228977831812,False,3296.0702133616974,200.0,9,8,7.245669623166056,0
64,1630526800,925.0,791.6320043194329,True,3442.068022677024,470.0,4,11,9.688365005640458,0
200,21704017,195.0,288.72470092307265,False,801.8046798461312,0.0,1,0,0.0,0
68,1614926320,335.0,412.056986520743,False,1449.2991792339008,45.0,2,6,5.125405964082293,0
26,8972731452,375.0,413.32861727038045,False,1455.9752406694981,95.0,2,6,2.9218761093712766,0
84,26699551,575.0,622.4895497782165,False,2554.070136335635,135.0,9,2,1.812635767520311,0
138,108211,1010.0,956.9085875344695,True,4309.770084555962,370.0,7,10,17.38122166269308,0
220,3485458226,515.0,553.4918497426536,False,2191.8322111489306,125.0,1,4,5.896865286597991,0
251,25475478,795.0,726.9217970620588,True,3102.3394345758084,315.0,7,3,3.836139900365366,0
60,333719185,475.0,507.97419456591365,False,1952.864521471046,115.0,5,1,2.4007460367760345,0
206,25257290,590.0,629.2673191664311,False,2589.653425623762,145.0,8,3,3.2574211417957675,0
272,454368529,390.0,463.8727696992148,False,1721.3320409208782,65.0,5,2,1.7134756744410715,0
175,25473373,315.0,324.1071370714793,False,987.5624696252664,130.0,2,9,7.661218189918443,0
53,1508437746,730.0,722.7001446852322,True,3080.175759597469,220.0,5,0,3.7975000000000008,0
210,11156548930,180.0,274.6122676797435,False,727.7144053186535,0.0,2,0,0.0,0
158,4457798822,445.0,505.11956446921715,False,1937.8777134633906,90.0,4,3,2.5624106650499594,0
176,1614846675,695.0,646.7744630845639,True,2681.565931193959,240.0,5,3,5.5628564611506945,0
89,3552338823,890.0,704.6092279873935,True,2985.1984469338167,595.0,6,17,16.896731800375466,0
7,9791482,635.0,582.8606745328827,True,2346.018541297635,310.0,2,11,10.25549545027517,0
141,25626801,380.0,451.8218962064925,False,1658.0649550840863,60.0,2,2,4.346463300943551,0
36,14728072,1200.0,965.3288149765609,True,4353.976278626946,700.0,7,18,19.408382605845112,0
142,25473616,455.0,500.5117527938719,False,1913.686702167828,100.0,0,13,12.446935050987618,0
1,108045,595.0,608.1219783714853,False,2478.640386450296,165.0,1,9,13.631157782114517,0
119,26817585,500.0,556.9506516238292,False,2209.9909210251026,110.0,3,5,7.2147190034995505,0
181,26559618,320.0,389.30245273003715,False,1329.8378768326947,45.0,2,5,5.213030022396578,0
254,669891670,470.0,528.8428540822302,False,2062.424983931709,95.0,3,11,14.600498654546566,2
273,5487714091,715.0,665.8570982966052,True,2781.7497660571753,260.0,4,4,3.247472149980656,0
170,1685938740,120.0,227.76135218725636,False,481.7470989830958,0.0,0,0,0.0,0
35,1678452814,480.0,515.3376290370749,False,1991.5225524446432,115.0,4,4,5.149622718536824,0
13,25500807,855.0,843.5517672933853,True,3714.646778290274,260.0,6,2,9.415996241914117,0
264,4684520668,415.0,475.1614168664785,False,1780.5974385490115,80.0,6,0,1.5851477689439544,0
85,1614926340,470.0,522.7362268572277,False,2030.3651910004453,100.0,5,0,1.330609350754837,0
135,25378119,985.0,937.3786647552472,True,4207.237989965046,335.0,1,8,4.5654804496102255,0
279,255576,635.0,651.0177598423347,False,2703.8432391722586,220.0,6,17,16.60737656286046,0
16,25544131,370.0,425.98403689380615,False,1522.4161936924818,70.0,4,3,2.5869113830881973,0
2,25502540,635.0,641.9923434994927,False,2656.459803372339,185.0,3,5,5.116638126183981,0
270,9300541907,615.0,635.4742347400884,False,2622.2397323854652,170.0,7,4,4.674904283736819,0
268,3887905014,595.0,595.0470795039313,False,2409.9971673956397,205.0,5,13,12.771731363201749,0
283,1620855375,275.0,359.80908243535396,False,1174.997682785608,20.0,1,0,1.0778265959784439,0
42,281454988,415.0,486.0052356742592,False,1837.5274872898601,70.0,2,5,2.754902551420911,0
190,10365737,1005.0,892.9691771154617,True,3974.0881798561745,375.0,6,9,9.778248520342467,0
111,4784457212,560.0,606.8896533650417,False,2472.1706801664695,135.0,4,3,2.298952491230764,0
15,108040,125.0,230.76070996520312,False,497.4937273173162,0.0,2,0,0.0,0
88,108258,725.0,725.1762883646861,False,3093.175513914603,215.0,4,2,7.110733005008536,0
50,13329450969,210.0,302.47245084303916,False,873.9803669259553,0.0,1,0,0.0,0
40,972535469,730.0,724.6351740803968,True,3090.334663922083,220.0,8,10,13.151289245391412,0
184,108258,955.0,810.7724070034811,True,3542.5551367682756,425.0,9,6,7.834853999937308,0
41,25495441,515.0,489.1544739402591,True,1854.0609881863602,210.0,3,12,8.614803503779706,0
67,25257045,660.0,690.6315044128141,False,2911.8153981672704,175.0,4,2,5.9431716632230245,0
201,4702603654,815.0,757.5543896384999,True,3263.160545602123,280.0,9,3,4.078554240079168,0
54,109838,670.0,707.5301535405251,False,3000.533306087756,170.0,8,13,8.199102892372,0
222,1317156147,270.0,352.6295233677675,False,1137.304997680779,20.0,1,2,1.8584205337080255,0
250,7013554275,970.0,916.3337918853713,True,4096.7524073981995,360.0,8,11,11.724814749481679,0
74,289996665,385.0,458.3283921431971,False,1692.224058751785,60.0,0,9,12.5987490039941,0
292,21590614,1195.0,1029.3219754424442,True,4689.940371072833,520.0,6,11,12.882920611710324,0
165,108260,410.0,471.2665656889256,False,1760.1494698668587,80.0,2,4,4.644338776821545,0
223,102000,465.0,501.46622593484926,False,1918.697686157958,115.0,1,9,9.733959606200008,0
143,1646306122,430.0,384.39159550023874,True,1304.0558763762535,305.0,1,1,0.7243557471449562,0
132,168272,780.0,663.6268788392424,True,2770.0411139060225,430.0,6,11,11.236051125906092,0
271,25473616,760.0,772.7774866096216,False,3343.0818047005123,215.0,5,4,5.74600362395226,0
90,823745,275.0,361.2923059072978,False,1182.7846060133136,20.0,1,0,0.5111437220860028,0
58,25498827,750.0,776.1497000411714,False,3360.785925216151,205.0,6,13,9.922446370954168,0
196,311153342,495.0,523.9525511096618,False,2036.7508933257243,125.0,3,6,8.107557969769635,0
193,1678452807,370.0,444.16002713525904,False,1617.84014246011,55.0,5,2,0.9149904614914022,0
118,25256256,565.0,618.8174843674941,False,2534.791792929344,130.0,1,12,10.61750312609598,0
21,823745,995.0,895.7301819957106,True,3988.5834554774765,370.0,8,8,8.897046475958206,0
258,9167793401,435.0,490.5527441908287,False,1861.4019070018505,90.0,5,1,2.7409100927966206,0
62,107319,485.0,540.466240356648,False,2123.447761872402,105.0,4,4,1.7750194336111735,0
11,3140855379,580.0,601.4280263457447,False,2443.497138315159,155.0,5,2,1.9043764142965878,0
6,3552338823,465.0,514.2452232868887,False,1985.7874222561659,105.0,2,6,3.582848097057924,0
261,25472904,645.0,560.1897614898676,True,2226.996247821805,310.0,2,4,7.65057597781747,0
126,4709189403,295.0,372.49267147638466,False,1241.5865252510196,30.0,3,1,1.078160875467821,0
262,25533613,245.0,305.98051011112256,False,892.3976780833935,30.0,3,6,17.791768099775553,5
169,1678452778,665.0,619.9163389827922,True,2540.5607796596596,230.0,0,7,11.076994973648443,0
194,14791188,385.0,430.20285910354727,False,1544.5650102936224,85.0,4,15,14.43316411124681,0
281,1666324140,190.0,291.6262688830827,False,817.0379116361843,0.0,2,0,0.0,0
18,9775220678,240.0,306.75128759133696,False,896.4442598545189,25.0,1,4,1.5126582209924433,0
102,9295694734,400.0,352.29987353199635,True,1135.5743360429808,310.0,2,0,0.7250829950519251,0
117,25500807,845.0,834.1596205699493,True,3665.3380079922326,260.0,10,36,51.92124656780498,9
276,102000,200.0,294.4924518237491,False,832.0853720746825,0.0,0,0,0.0,0
208,11309776203,595.0,568.7271867764559,True,2271.817730576394,235.0,1,16,16.121626431296082,0
286,25530236,495.0,517.30272300786,False,2001.8392957912658,130.0,3,11,8.715606596019917,0
284,2482696992,710.0,710.4259526499668,False,3015.736251412324,710.0,5,57,80.23954211678308,3
108,6762589361,565.0,611.5691321823168,False,2496.7379439571637,135.0,7,3,2.740349762213892,0
291,25502540,520.0,564.1585043045128,False,2247.832147598692,140.0,3,2,5.200490582071352,0
225,25472136,1085.0,928.4386737183918,True,4160.303037021555,475.0,4,8,8.415568011295342,0
243,3892184068,610.0,604.7141682806265,True,2460.7493834732886,250.0,8,4,2.874138942343423,0
187,9791491,210.0,308.6136201074557,False,906.2215055641424,0.0,0,0,0.0,0
252,5393414954,720.0,709.5894464735661,True,3011.3445939862227,720.0,8,48,45.438905652806405,0
144,1508437746,350.0,421.38768460129126,False,1498.2853441567788,55.0,1,3,3.7398474424403148,0
263,11582793599,780.0,794.8577341940677,False,3459.003104518857,220.0,6,7,4.951286088491618,0
82,9791487,555.0,601.9390929542533,False,2446.18023800983,130.0,5,5,3.455431170479536,0
232,6089552096,905.0,740.2385194838664,True,3172.2522272902966,395.0,4,11,10.047607911572387,0
25,9791489,315.0,395.95329476026404,False,1364.7547974913869,35.0,2,1,1.7562779284216379,0
154,5244680779,515.0,538.3729098782575,False,2112.4577768608515,185.0,3,6,3.9272840308226873,0
110,435144778,810.0,846.9279766091822,False,3732.3718771982094,215.0,3,4,7.416022741422556,0
266,4356591932,315.0,402.1601670112619,False,1397.3408768091247,30.0,3,1,2.0618946778040392,0
149,25533129,345.0,421.55308052597405,False,1499.1536727613634,45.0,3,5,5.459750385590641,0
238,25473300,790.0,741.2566242952371,True,3177.5972775499954,325.0,10,7,8.066849159164857,0
264,25496892,130.0,234.80301260666715,False,518.7158161850027,0.0,1,0,0.0,0
259,21665132,430.0,500.37207587260167,False,1912.9533983311585,75.0,4,2,1.7712495812696951,0
148,26848680,215.0,306.5018379864022,False,895.1346494286119,0.0,2,0,0.0,0
209,820271,480.0,546.3112741678548,False,2154.134189381238,95.0,3,4,4.913633514273964,0
221,9512928,450.0,512.5711330012208,False,1976.9984482564103,90.0,4,12,8.022493050147643,0
65,4211515634,675.0,690.3935534367356,False,2910.5661555428605,190.0,6,14,16.243431526518208,0
275,317930325,235.0,321.1825442633176,False,972.2083573824177,10.0,2,1,0.39972044633432424,0
288,10574746,580.0,636.9238257039692,False,2629.850084945838,130.0,2,2,3.3109789923380264,0
80,25496892,365.0,416.9923326095451,False,1475.2097462001113,70.0,1,0,1.4452573232054522,0
269,9521022,450.0,482.5497777192904,False,1819.3863330262745,110.0,7,16,16.122738059908276,0
28,6262789333,425.0,471.40653195477444,False,1760.8842927625665,95.0,5,4,5.325489804267427,0
155,12648068962,705.0,740.1540945553113,False,3171.808996415384,185.0,9,9,7.222553827836894,0
99,1938580083,550.0,531.3079533116054,True,2075.366754885929,280.0,2,11,8.858100820736482,0
260,25501320,415.0,444.9267875749747,False,1621.8656347686167,105.0,0,11,7.6340364394129425,0
170,107987,170.0,271.4485999386807,False,711.1051496780738,0.0,1,0,0.0,0
156,5925666943,755.0,741.651826432425,True,3179.6720887702313,235.0,6,6,6.656655858459151,0
131,26699543,645.0,631.5930705155381,True,2601.863620206574,205.0,6,1,2.59823476903808,0
73,9791495,655.0,687.951658899276,False,2897.7462092211995,170.0,3,2,2.548469256985107,0
60,1619316041,205.0,292.5520530766252,False,821.8982786522822,15.0,1,1,0.5453544218537683,0
57,25531001,485.0,508.85756216526545,False,1957.5022013676426,125.0,2,4,2.0115821258010387,0
17,2191480791,675.0,714.400846970849,False,3036.6044465969576,170.0,8,4,4.666844478404558,0
269,21665006,20.0,144.21074998393684,False,43.10643741566842,0.0,0,0,0.0,0
98,6762589361,530.0,601.1743684243305,False,2442.1654342277357,105.0,5,2,1.8804938895805305,0
75,26817585,975.0,919.2114902131813,True,4111.860323619202,360.0,8,11,13.381889449439099,0
145,12955269409,360.0,429.7518914799148,False,1542.1974302695535,55.0,2,1,1.0358140339835031,0
48,26652119,440.0,508.85618686136513,False,1957.4949810221678,80.0,5,6,8.78735642373398,2
45,4784457210,605.0,622.0495229732443,False,2551.759995609534,175.0,9,12,13.812579274211076,0
168,25473295,285.0,372.2573586343631,False,1240.3511328304062,20.0,1,2,1.4322190523434832,0
162,14728072,520.0,560.0471646146691,False,2226.247614227012,125.0,4,23,29.614086971438113,0
47,26591526,715.0,701.525750309564,True,2969.010189125212,275.0,9,7,6.212287153901296,0
134,25257284,360.0,437.0695460431758,False,1580.615116726673,50.0,4,5,3.395291887782796,0
20,109391,360.0,436.7995300417375,False,1579.1975327191224,50.0,3,2,2.798677835900941,0
3,1684410094,415.0,475.7372157276198,False,1783.6203825700052,80.0,3,0,1.6280843552959745,0
240,9513010,435.0,469.02585162807776,False,1748.3857210474073,105.0,3,6,6.463225727030657,0
283,25496892,175.0,263.57733066442813,False,669.7809859882476,0.0,1,0,0.0,0
38,5932875004,640.0,675.5429725059198,False,2832.6006056560796,165.0,10,7,6.836453882084522,0
282,1678452742,785.0,752.9181472417147,True,3238.8202730190023,265.0,1,7,7.320997418249606,0
211,21665000,560.0,567.6945911260826,False,2266.3966034119335,225.0,2,5,3.8356069261986487,0
116,1614846675,670.0,687.9911331585873,False,2897.953449082584,185.0,7,7,7.451027100348033,0
83,14017207475,715.0,717.5103836715068,False,3052.9295142754127,210.0,4,10,6.095734446867257,0
216,1137916914,1160.0,1078.2765461944246,True,4946.951867520732,405.0,9,9,7.591989833476397,0
67,107806,165.0,262.9823233440694,False,666.6571975563647,0.0,1,0,0.0,0
199,21665583,785.0,740.4115835186822,True,3173.160813473081,785.0,5,65,79.90955724304364,3
123,21666019,410.0,473.6086865964064,False,1772.4456046311336,75.0,0,1,2.0668731932502395,0
43,1614846702,270.0,359.5783685779443,False,1173.7864350342074,15.0,1,0,0.0,0
101,2440630566,280.0,362.31094298257466,False,1188.132450658517,25.0,1,0,0.635492957678473,0
96,108073,660.0,633.5790456280552,True,2612.2899895472883,215.0,8,4,3.149956176222063,0
241,25471089,475.0,527.5339537369183,False,2055.553257118821,105.0,7,0,1.4954260131858423,0
107,9287396538,680.0,657.7868917924711,True,2739.3811819104726,270.0,7,12,8.720373515222018,0
244,9512937,590.0,574.8724158380305,True,2304.08018314966,240.0,5,3,5.787318334009855,0
68,806821384,270.0,355.97479801739496,False,1154.8676895913238,20.0,1,0,0.5700056837638136,0
236,2271434264,405.0,469.8992588580199,False,1752.9711090046044,75.0,3,2,2.206315521383044,0
284,4702603702,130.0,220.23157560665896,False,442.21577193495943,0.0,1,0,0.0,0
71,21665584,480.0,502.3631909169346,False,1923.406752313907,125.0,4,8,4.31772181554985,0
158,25495441,260.0,348.97860653238087,False,1118.1376842949994,15.0,1,0,0.2122261515517727,0
128,21665582,720.0,671.1374319493439,True,2809.471517734055,720.0,1,47,60.50091452988526,0
55,14003329325,740.0,636.9731152847019,True,2630.108855244684,465.0,6,11,8.976204976795966,0
31,7223638134,440.0,473.5768590549517,False,1772.2785100384963,105.0,2,8,7.083941408350064,0
257,5518619474,465.0,458.2695772520834,True,1691.9152805734375,190.0,8,14,14.012424468525191,0
113,107812,640.0,641.5220694404965,False,2653.990864562604,190.0,3,1,3.032210222945099,0
69,8916243,855.0,796.0387916225429,True,3465.203656018349,350.0,7,11,10.327843472147073,0
139,25522907,480.0,504.06977147896623,False,1932.3663002645726,125.0,4,6,6.5843130224973345,0
56,10574746,380.0,451.72416906437076,False,1657.5518875879466,60.0,3,0,0.9902355886203612,0
121,11329900032,470.0,499.0698295743201,False,1906.1166052651804,120.0,6,5,3.4174853130780165,0
272,317930325,295.0,380.08485029518823,False,1281.445464049738,25.0,0,0,0.48420714701355516,0
246,30514517,1110.0,1068.5715049910762,True,4896.000401203147,360.0,11,8,13.226199720824678,0
120,3561398893,840.0,808.8123014450147,True,3532.2645825863283,320.0,7,11,9.621744965944373,0
78,6169637661,435.0,507.7695271612286,False,1951.7900175964492,75.0,5,3,1.0303468579692954,0
206,2564873525,295.0,381.8379302963099,False,1290.6491340556267,25.0,3,2,0.857690330460693,0
10,26699549,595.0,625.3851274591281,False,2569.271919160422,155.0,5,2,1.9325505284111422,0
63,5244680779,460.0,517.6693626060478,False,2003.7641536817512,95.0,5,2,3.001915184881689,0
61,7192163376,1010.0,895.1730914235073,True,3985.6587299734165,500.0,9,16,25.407314980672254,0
204,4356591932,425.0,489.6289729058632,False,1856.5521077557817,80.0,4,1,1.4850177304964538,0
185,82710879,775.0,622.5456356605432,True,2554.364587217849,335.0,3,5,10.693131670850832,0
229,5247841988,1070.0,984.2208511181631,True,4453.159468370357,460.0,8,20,15.45566023380081,0
106,12437379708,800.0,801.9488271785225,False,3496.2313426872433,235.0,7,18,14.062818252303327,1
215,255578,535.0,579.237365211646,False,2326.9961673611424,125.0,7,1,2.530258845279798,0
274,1667203511,380.0,446.224770895014,False,1628.6800471988238,65.0,7,4,2.3399332187406596,0
267,9513010,595.0,581.5915154238991,True,2339.35545597547,185.0,4,3,4.392299330265008,0
130,338501923,415.0,475.18169750198996,False,1780.7039118854475,80.0,4,2,1.5387325608572733,0
198,21665000,340.0,393.3773515459042,False,1351.2310956159968,100.0,0,10,8.782460411902116,0
295,21665911,385.0,451.48439693666006,False,1656.2930839174655,385.0,1,13,11.77499998825944,0
171,108258,960.0,883.3266420232533,True,3923.46487062208,340.0,10,5,5.205559475397954,0
178,12026767,1110.0,945.0504475200629,True,4247.514849480328,490.0,3,15,13.734495421624018,0
161,10188265464,585.0,572.4936232093438,True,2291.591521849054,180.0,1,0,0.12249999999999998,0
136,5339077113,750.0,660.0322701550498,True,2751.1694183140107,375.0,5,9,12.33824115192445,0
12,11783244661,380.0,430.70656352454773,False,1547.2094585038749,75.0,2,2,3.61913693619321,0
109,26652119,530.0,552.7224363993478,False,2187.7927910965745,140.0,6,3,4.045239284352756,0
218,823745,605.0,617.3914286177157,False,2527.3050002430077,170.0,3,6,7.241441241442925,0
9,9295694734,895.0,907.7405857129678,False,4051.638074993084,255.0,5,17,14.566411819648941,0
152,107319,520.0,552.9378687558278,False,2188.9238109680964,130.0,6,3,2.44657188824413,0
83,6777627310,90.0,203.65655383520286,False,355.1969076348149,0.0,0,0,0.0,0
86,107821,505.0,536.9578540488742,False,2105.0287337565887,145.0,6,7,3.6564464469762608,0
195,9791495,840.0,783.0305117161311,True,3396.910186509691,350.0,2,10,7.6656732893627035,0
32,2191480791,460.0,482.76008582194413,False,1820.4904505652069,120.0,5,9,8.109257830055512,0
153,9789820,655.0,637.3294523506347,True,2631.9796248408306,255.0,3,9,6.642294656589207,0
74,1612472593,245.0,333.8674449672926,False,1038.8040860782862,10.0,2,0,0.3899289968580494,0
104,1852698146,1080.0,878.2561886804838,True,3896.84499057254,465.0,2,25,24.27681161918636,0
129,1678452814,675.0,659.2350105210771,True,2746.9838052356527,220.0,5,6,9.941019590507322,0
207,351771449,380.0,441.62683096503935,False,1604.540862566457,70.0,1,3,3.8082129482432845,0
224,25544135,360.0,412.8205002454086,False,1453.3076262883944,80.0,2,4,4.952960902371698,0
255,1612472593,605.0,540.7355466350622,True,2124.861619834077,330.0,4,15,13.535346363372092,0
146,2440630566,725.0,721.4702135033747,False,3073.7186208927174,215.0,1,17,18.161007007151074,0
183,21665926,580.0,541.4341306031823,True,2128.5291856667072,270.0,8,15,19.4180689021856,0
277,276502336,545.0,531.7534748340872,True,2077.705742878959,290.0,0,11,6.285482674294922,0
159,25473293,580.0,596.0279570092357,False,2415.1467742984873,220.0,4,15,16.918264269857595,0
191,25503707,810.0,725.2597912113183,True,3093.61390385942,370.0,6,26,22.15222241160335,0
84,4171766884,355.0,424.77047562104946,False,1516.0449970105105,55.0,4,9,16.90878546314194,3
39,9512935,400.0,362.98669357452866,True,1191.6801412662755,240.0,2,10,8.644328746568322,0
66,9446997076,885.0,776.5757295005599,True,3363.0225798779375,340.0,4,29,29.375790414988668,0
294,294651409,605.0,653.3858812910407,False,2716.2758767779633,145.0,8,6,6.118722417507658,0
273,6521883874,330.0,406.9610148465249,False,1422.5453279442565,45.0,1,4,3.824540194320301,0
227,1696027870,820.0,778.167475893777,True,3371.379248442329,275.0,7,10,13.103784222104123,0
210,25522907,355.0,429.022526037716,False,1538.3682616980086,50.0,2,1,1.0962746218043615,0
205,1685938739,480.0,528.8838309842248,False,2062.64011266718,105.0,10,0,1.5824472096262556,0
108,108209,240.0,310.51720072148174,False,916.2153037877792,60.0,0,2,1.698661868565519,0
95,603756849,910.0,893.3816994713503,True,3976.2539222245887,280.0,7,16,9.718874407422538,0
49,3810553686,525.0,568.1080397218689,False,2268.5672085398114,125.0,2,9,8.74326519621668,0
247,108290,985.0,898.5737995969271,True,4003.512447883866,445.0,7,17,14.659092760115179,0
114,7639001106,605.0,605.2523119359847,False,2463.574637663917,235.0,6,5,4.85301755460543,0
73,25496892,170.0,263.57733066442813,False,669.7809859882475,0.0,1,0,0.0,0
217,107319,580.0,617.1607852971442,False,2526.094122810006,145.0,7,3,2.8462379110251455,0
182,7889967240,565.0,601.5859963840016,False,2444.326481016009,140.0,4,10,8.420230605131641,0
18,1614926342,260.0,330.09889488264935,False,1019.0191981339092,25.0,0,5,13.744423260666398,5
253,107786,760.0,754.8973267179073,True,3249.2109652690115,240.0,3,10,5.818623338688691,0
211,317930380,150.0,256.5654243251563,False,632.9684777070706,0.0,2,0,0.0,0
168,25532844,170.0,269.9043335017935,False,702.9977508844157,0.0,0,0,0.0,0
250,25532841,305.0,385.5227133796168,False,1309.9942452429884,35.0,5,0,0.9669747755900003,0
151,1667203491,965.0,881.9505096159128,True,3916.240175483545,370.0,1,4,6.133205049662385,0
259,823745,225.0,313.15108310336166,False,930.0431862926482,5.0,2,0,0.36415325603189175,0
263,1685938630,250.0,340.132355015942,False,1071.6948638336953,10.0,0,0,0.3915811965811965,0
80,104315,220.0,311.79225765108606,False,922.9093526682016,0.0,1,0,0.0,0
241,25471086,150.0,245.31181502457002,False,573.8870288789925,0.0,2,0,0.0,0
14,25524240,1150.0,987.6926115207161,True,4471.386210483759,575.0,4,19,22.441575112643257,0
186,1835289526,625.0,571.9927481690378,True,2288.9619278874497,390.0,3,20,13.289954811656006,0
278,4211515634,605.0,630.3586467141233,False,2595.382895249148,160.0,3,14,15.133463294399471,0
103,1685938740,620.0,659.5857198891404,False,2748.825029417986,155.0,6,6,4.779113797939847,0
197,12725097483,555.0,616.4283528884388,False,2522.248852664303,120.0,1,5,3.729033483434,0
81,1215418493,445.0,509.97193938824734,False,1963.3526817882978,85.0,3,6,6.829858956546147,1
229,275422,115.0,222.51593710932622,False,454.20866982396234,0.0,0,0,0.0,0
44,25507041,590.0,590.5380647702881,False,2386.3248400440125,175.0,3,30,30.76889806111982,0
137,1685938741,1140.0,938.2726910191374,True,4211.931627850474,500.0,8,12,11.831739595571758,0
233,1678452758,830.0,663.1068204337226,True,2767.3108072770424,485.0,3,17,13.280662394396971,0
245,4580163090,510.0,559.3886854706432,False,2222.7905987208774,115.0,4,2,4.573189520371396,0
79,282686499,1305.0,1158.858807334692,True,5370.008738507137,590.0,12,29,25.436132219303154,0
127,25532341,830.0,815.3420495031959,True,3566.5457598917765,260.0,5,10,9.14912011327385,0
133,5411324111,945.0,817.1046490522676,True,3575.7994075244014,370.0,7,25,33.32267816293341,0
115,383974166,810.0,655.1236288387422,True,2725.3990514033944,350.0,7,8,8.689603225648652,0
280,12547908624,875.0,870.1501248200802,False,3854.288155305421,265.0,1,2,6.944368981876249,0
221,21665000,245.0,328.1234834114817,False,1008.6482879102787,15.0,1,2,1.9468484775429538,0
5,3552338823,600.0,638.5656490741137,False,2638.4696576390975,150.0,7,6,6.17465976434604,0
226,526994269,515.0,559.0589290860261,False,2221.0593777016356,120.0,3,3,5.921156556426962,0
94,6049524389,1070.0,907.1370875385005,True,4048.4697095771285,475.0,6,5,9.822681789219358,0
124,1696027870,935.0,891.6442075993633,True,3967.132089896658,310.0,10,8,12.811885029100916,0
272,298205891,145.0,246.60732432698515,False,580.6884527166719,0.0,1,0,0.0,0
128,110031,170.0,262.24858110399197,False,662.8050507959578,0.0,1,0,0.0,0
2,9300541907,405.0,467.33608680978796,False,1739.5144557513863,75.0,5,1,1.1695212765957448,0
34,107809,785.0,669.7513927425762,True,2802.1948118985256,470.0,3,8,11.039182475210497,0
22,1666324146,630.0,684.3662325674416,False,2878.922720979072,150.0,5,2,2.905085405479598,0
110,3567188470,290.0,380.45018477350936,False,1283.3634700609246,20.0,1,1,0.39767954197476807,0
38,822403,220.0,293.0452407476041,False,824.4875139249218,10.0,1,0,0.810642410332127,0
177,107791,725.0,690.0048155490135,True,2908.5252816323223,305.0,5,9,4.882636482982455,0
88,7261577394,395.0,456.6623127108551,False,1683.4771417319896,75.0,1,1,1.7528761576075438,0
248,108060,510.0,572.7320668312713,False,2292.843350864174,105.0,2,9,5.650338097517958,0
119,26591525,445.0,500.6369156623956,False,1914.3438072275778,90.0,6,4,6.064419711217993,0
249,108060,635.0,675.3773387569439,False,2831.7310284739538,160.0,6,7,6.047415004390613,0
51,25531001,695.0,700.3997787600629,False,2963.0988384903294,200.0,5,8,8.373967037711877,0
227,21665584,110.0,220.19844080606782,False,442.04181423185616,0.0,0,0,0.0,0
157,21665367,845.0,716.1300959256083,True,3045.6830036094443,490.0,4,11,12.898828863793296,0
42,107790,425.0,499.31506806356447,False,1907.4041073337135,75.0,2,5,4.127087056103109,0
237,12391355483,895.0,856.5182327364355,True,3782.7207218662884,350.0,7,6,8.398702484862895,0
37,107863,955.0,740.4811217854602,True,3173.5258893736627,535.0,3,15,16.834641127652638,0
240,25501320,255.0,337.57612639448257,False,1058.2746635710334,15.0,0,0,1.3500776712002955,0
163,21665360,755.0,595.6119310070512,True,2412.962637787018,405.0,2,14,9.449503722315457,0
102,107319,360.0,422.35199872688537,False,1503.347993316148,60.0,4,12,19.44233868238205,4
287,25500629,990.0,819.0272499415458,True,3585.893062193115,415.0,7,9,9.98875090935105,0
292,12120966382,405.0,457.16078648830563,False,1686.094129063605,80.0,2,1,2.574682743661206,0
59,107812,745.0,765.8727107522859,False,3306.831731449503,205.0,4,6,5.624057752632762,0
188,266481798,535.0,556.7203977665051,False,2208.7820882741516,150.0,5,8,8.371847819020665,0
77,26405445,1055.0,958.3946281675031,True,4317.571797879389,600.0,6,10,8.021069584079157,0
18,603756849,110.0,218.96684093083496,False,435.57591488688354,0.0,0,0,0.0,0
30,12398519156,985.0,818.4586310864521,True,3582.9078132038776,410.0,7,5,9.309785597471487,0
105,25502540,550.0,542.0871978928459,True,2131.9577889374405,225.0,7,8,9.05608448905904,0
135,821341516,465.0,519.3396316857221,False,2012.5330663500413,100.0,5,5,3.828476051621373,0
19,25257319,825.0,808.5940084242451,True,3531.118544227286,290.0,8,9,7.784991676600455,0
7,25496780,500.0,559.5982202022902,False,2223.8906560620244,105.0,2,4,1.5262977082380256,0
10,14728072,215.0,301.4599888765148,False,868.6649416017028,0.0,1,0,0.0,0
1,1938580083,500.0,537.8590462329308,False,2109.759992722888,120.0,3,3,3.861408279310681,0
200,5398463417,535.0,504.05496014753027,True,1932.2885407745343,180.0,4,3,2.607846901360992,0
112,102000,710.0,714.7805205896587,False,3038.5977330957085,205.0,7,1,2.7590280059937733,0
76,25474562,660.0,693.1398545162394,False,2924.9842362102554,170.0,3,6,8.042952268683177,0
35,7944696977,500.0,557.0331734656721,False,2210.4241606947785,110.0,3,5,5.32633025894913,0
169,25495513,410.0,452.2393267877353,False,1660.2564656356108,90.0,5,3,5.59404264131446,0
104,25257309,190.0,286.97026744046536,False,792.593904062443,0.0,2,0,0.0,0
208,108293,410.0,481.4126598065816,False,1813.4164639845528,70.0,1,5,3.1538242827268657,0
186,282569797,125.0,228.8643704655252,False,487.5379449440074,0.0,0,0,0.0,0
4,1106056866,720.0,756.0534771130291,False,3255.280754843404,190.0,6,10,7.023669685568521,0
269,1666324140,330.0,415.0715179615345,False,1465.1254692980558,35.0,4,2,1.6319494516633357,0
126,11135307178,430.0,486.54589500427613,False,1840.3659487724499,85.0,1,4,4.464857583215441,0
33,21554368,775.0,621.4471275076556,True,2548.5974194151936,465.0,5,16,11.701807733600226,0
100,1678452758,620.0,510.80744072477677,True,1967.7390638050783,400.0,3,12,9.815906095193796,0
113,11747638084,275.0,354.11873068887877,False,1145.1233361166137,25.0,3,4,4.848382723649786,0
272,21665367,110.0,212.40570973428186,False,401.12997610497956,0.0,1,0,0.0,0
8,25473300,905.0,731.478164724557,True,3126.2603648039226,515.0,8,13,13.813882640883191,0
167,109618,590.0,608.4520332419297,False,2480.3731745201303,160.0,1,5,2.7193400931821077,0
160,21666007,875.0,794.3481003864362,True,3456.3275270287886,385.0,6,17,21.67851253277054,0
32,9512925,230.0,286.04804840946275,False,787.7522541496794,25.0,0,0,0.8611423491311133,0
52,12292980260,1240.0,1010.2961430709053,True,4590.0547511222485,650.0,9,14,17.616895299852214,0
143,9512926,475.0,499.9378970779748,False,1910.673959659368,140.0,3,8,7.071201984721806,0
271,21665000,475.0,522.2460790118574,False,2027.791914812252,105.0,4,1,1.7526507818377888,0
217,11863161,180.0,286.12454814687857,False,788.1538777711123,0.0,1,0,0.0,0
75,21651765,360.0,427.76129123301035,False,1531.7467789733037,60.0,3,0,3.0591744281378475,0
196,1317156147,475.0,517.911957806761,False,2005.037778485495,110.0,2,5,4.699619170684647,0
165,25473293,485.0,503.5708618041874,False,1929.7470244719843,145.0,3,4,4.999468112204363,0
285,13565582698,715.0,580.3982683064181,True,2333.090908608694,520.0,7,11,10.730602704605076,0
274,108260,270.0,355.9441482786918,False,1154.7067784631317,20.0,0,2,1.0276164120386295,0
17,677445936,370.0,444.99870585498087,False,1622.2432057386495,55.0,4,8,13.007160650018523,3
281,25472666,455.0,514.1886033818054,False,1985.490167754478,95.0,4,1,3.6099838798528414,0
80,26699537,180.0,270.5404372617074,False,706.3372956239637,180.0,0,31,38.89994547964683,0
296,8421658424,865.0,730.2779493380958,True,3119.959234025,425.0,2,16,9.365875887841053,0
27,1616122237,645.0,678.5775610434824,False,2848.5321954782826,165.0,4,7,4.040865801025945,0
235,108903,630.0,666.0534397170877,False,2782.780558514712,160.0,2,11,9.329678673117979,0
47,812004134,370.0,433.5315427311235,False,1562.0405993383981,65.0,4,5,3.9304659565992592,0
295,25257657,285.0,353.02047526963526,False,1139.357495165585,35.0,4,2,2.745587625090822,0
250,25473293,200.0,284.7618203208418,False,780.9995566844198,0.0,0,0,0.0,0
158,14077667431,320.0,388.28551236511345,False,1324.4989399168458,45.0,4,3,1.67534876603586,0
63,25471089,300.0,382.0223661962943,False,1291.6174225305444,30.0,3,2,1.2662603335576201,0
11,9512924,495.0,530.9755938270903,False,2073.6218675922228,135.0,5,6,3.352927445105683,0
293,25500126,1000.0,776.5639912845569,True,3362.960954243923,645.0,5,25,18.658451370283064,0
94,25501773,175.0,271.85787343471804,False,713.2538355322698,0.0,1,0,0.0,0
168,9791489,215.0,313.5423953356942,False,932.0975755123943,0.0,0,0,0.0,0
256,25496592,885.0,768.5431427806485,True,3320.8514995984015,440.0,2,13,9.731951756517704,0
32,1666324249,40.0,163.32962548399502,False,143.4805337909737,0.0,0,0,0.0,0
36,5393414954,605.0,644.2244589871784,False,2668.178409682687,605.0,6,35,37.516163150485134,4
129,9702441401,275.0,359.282120397273,False,1172.2311320856834,20.0,2,1,0.8867123929584978,0
216,25502540,370.0,431.8499621344787,False,1553.2123012060135,65.0,2,3,3.6009542021290795,0
21,1685751707,510.0,525.6450933206793,False,2045.6367399335663,155.0,3,7,5.04937336785607,0
24,1678452758,945.0,754.0376667247539,True,3244.6977503049593,600.0,5,12,16.62360343716645,0
192,25502834,655.0,661.5627055221423,False,2759.2042039912485,260.0,6,11,7.019190408945624,0
114,9521025,240.0,310.4763509598392,False,916.0008425391552,20.0,3,0,0.7283065120637835,0
132,9849094224,530.0,587.706577325828,False,2371.459530960597,115.0,2,4,5.175737619540508,0
219,1612472593,745.0,747.3655673540673,False,3209.6692286088523,220.0,5,8,8.339576150482005,0
121,25417428,335.0,414.30312291356915,False,1461.0913952962378,40.0,1,4,2.4204787101438563,0
148,25476041,450.0,508.681231391361,False,1956.5764648046456,90.0,6,11,9.065292854345675,0
257,6273263209,350.0,419.1488305363546,False,1486.531360315861,55.0,3,1,1.5618463273468008,0
275,5244680779,455.0,483.8328266481183,False,1826.122339902621,145.0,9,9,13.73858909555093,0
97,9512926,905.0,769.1155520449618,True,3323.8566482360493,435.0,9,18,21.397661346423867,0
159,109348,290.0,376.6514883289821,False,1263.4203137271566,25.0,1,0,0.4534797474307578,0
82,107348,480.0,516.9111430910074,False,1999.783501227789,115.0,6,10,8.612843717627767,0
244,821559,380.0,444.6615528755064,False,1620.4731525964075,65.0,1,8,10.56652648693395,0
184,26699537,580.0,575.2276354181416,False,2305.9450859452436,580.0,10,38,44.62292606582417,0
231,8787730932,920.0,758.4536539932727,True,3267.8816834646796,405.0,5,8,9.5635447652964,0
46,1667118119,820.0,834.4064821317614,False,3666.634031191748,235.0,3,7,6.252922778219082,0
76,9046520718,120.0,229.00474970447846,False,488.2749359485119,0.0,0,0,0.0,0
190,9512935,600.0,483.7626718046053,True,1825.7540269741792,280.0,3,8,7.2024788949440826,0
203,1938580083,695.0,725.6366564288887,False,3095.5924462516678,185.0,5,9,7.722679242682256,0
150,282686499,760.0,728.3568739687967,True,3109.8735883361796,250.0,2,7,6.210321755853142,0
101,2214957485,410.0,478.51954935287614,False,1798.2276341025995,75.0,3,3,1.3512765308560826,0
261,26699544,550.0,598.5148963091024,False,2428.2032056227886,130.0,5,2,4.0873936017424315,0
214,25613838,745.0,590.9824249916663,True,2388.6577312062495,330.0,9,3,4.117362242233143,0
113,11863161,115.0,225.87815965605316,False,471.86033819427905,0.0,0,0,0.0,0
99,21665926,480.0,536.6713554599288,False,2103.5246161646273,100.0,7,5,6.887418555856165,0
209,25544143,495.0,525.3862042928223,False,2044.277572537317,125.0,2,11,7.9751103974902025,0
120,5932875004,380.0,439.0504097603573,False,1591.0146512418758,70.0,3,2,1.107620601900056,0
6,25544130,565.0,583.8030600057375,False,2350.9660650301203,155.0,3,11,9.217019415424762,0
242,12346819547,875.0,828.3209032542186,True,3634.684742084645,295.0,15,13,12.206754571724884,0
270,25257657,630.0,662.8747347191215,False,2766.092357275387,165.0,7,4,4.134512482661248,0
55,9512926,410.0,477.1502969313082,False,1791.0390588893686,75.0,4,2,1.6046875446342486,0
85,2440630566,645.0,675.3121566788999,False,2831.3888225642236,170.0,8,13,8.165292223350303,0
199,108258,440.0,494.6222705120826,False,1882.7669201884332,90.0,2,2,4.698064122027397,0
201,21590614,615.0,641.519090366161,False,2653.9752244223455,165.0,5,21,29.588792891082925,1
90,1616122178,600.0,445.9301222758035,True,1627.1331419479695,385.0,3,12,8.602557894352492,0
164,9020945997,855.0,873.4303970213987,False,3871.5095843623426,240.0,5,3,5.2453715955225135,0
139,1685938741,410.0,482.09501871519416,False,1816.99884825477,70.0,2,1,1.5321797483388466,0
267,8098784582,390.0,456.0947919368626,False,1680.4976576685299,70.0,1,3,2.105166378827104,0
269,108060,150.0,257.3046879069984,False,636.8496115117415,0.0,1,0,0.0,0
220,108895,705.0,724.2025014672981,False,3088.0631327033166,195.0,10,9,8.529475926648855,0
239,490253680,1210.0,1148.151035055104,True,5313.792934039297,420.0,11,18,12.92184268564294,0
189,25472589,820.0,811.221597675806,True,3544.913387797982,250.0,8,5,10.401649672151931,0
145,107320,485.0,526.9364999761792,False,2052.416624874941,115.0,2,1,1.8191961736971929,0
31,1612319349,430.0,481.26459858323415,False,1812.6391425619795,90.0,8,4,5.004637903253407,0
170,25533613,505.0,542.0639031428,False,2131.8354914997008,125.0,5,6,4.2897161101999055,0
70,21665589,775.0,646.999100870283,True,2682.7452795689846,455.0,6,6,9.810219902645494,0
108,1630526800,325.0,392.94309303545896,False,1348.9512384361594,45.0,0,5,2.5152139187668787,0
233,1685938727,275.0,367.4415481442709,False,1215.0681277574222,15.0,1,0,0.7119643157130842,0
83,21590631,370.0,434.09844064518074,False,1565.0168133871987,65.0,4,1,2.1791542308639857,0
179,1938580083,865.0,685.2443007356887,True,2883.5325788623686,590.0,11,20,16.5402257077564,0
183,14077667431,360.0,430.0704752839624,False,1543.869995240803,55.0,2,11,24.64179757475573,8
195,4249404271,375.0,441.6865960631958,False,1604.8546293317781,65.0,5,2,2.5502372924906735,0
92,5568839679,795.0,752.1889083014278,True,3234.9917685824953,340.0,5,3,9.564911001639944,0
98,14958918,505.0,549.6161175108166,False,2171.4846169317866,120.0,1,1,5.0288292809075275,0
284,2441998875,450.0,459.70235224810426,False,1699.4373493025473,135.0,7,8,7.838820222120744,0
3,823745,495.0,542.92111081369,False,2136.3358317718717,110.0,2,5,3.123931312833942,0
119,21665582,255.0,310.5071432326148,False,916.162501971228,255.0,2,29,32.62982541550083,1
7,11267145952,205.0,295.4650184014533,False,837.1913466076298,0.0,2,0,0.0,0
93,295907939,805.0,832.186428193738,False,3654.9787480171244,220.0,9,6,8.705715296654272,0
30,1685938740,215.0,312.2413714137528,False,925.2671999222018,0.0,0,0,0.0,0
230,8916243,1030.0,986.1853299507729,True,4463.472982241558,335.0,6,9,7.693600798286003,0
185,26651413,425.0,494.7824352380474,False,1883.6077849997484,75.0,5,1,2.1697869559092102,0
135,25544130,220.0,310.99180579433676,False,918.7069804202678,0.0,2,0,0.0,0
156,12725097483,525.0,587.9587242312367,False,2372.783302213992,110.0,2,3,3.329885011561279,0
100,294651409,180.0,279.9051350773877,False,755.5019591562856,0.0,0,0,0.0,0
289,25531001,930.0,802.481694008516,True,3499.0288935447106,390.0,4,2,5.422686658747489,0
9,881887811,400.0,456.8269991533561,False,1684.3417455551196,80.0,4,16,20.69209199207339,0
86,14017207475,400.0,442.87296648700016,False,1611.0830740567494,85.0,5,0,1.9614704691830838,0
123,10544188928,490.0,544.5534469246871,False,2144.9055963546075,105.0,1,4,4.218371701134073,0
126,12292980260,190.0,289.95294711999543,False,808.2529723799756,0.0,2,0,0.0,0
262,1667203491,625.0,619.6161854292039,True,2538.9849735033213,190.0,5,8,5.062947607064397,0
45,26817585,525.0,551.1933185119847,False,2179.7649221879196,135.0,3,7,4.8413066237319455,0
71,25256275,475.0,522.3659279560501,False,2028.4211217692623,105.0,3,11,15.853785421225304,2
213,25502540,780.0,702.8653510400636,True,2976.043092960334,285.0,8,4,3.903114613688076,0
89,2441998875,730.0,563.996153162584,True,2246.9798041035683,435.0,4,11,9.066300359992328,0
22,26652119,290.0,269.6828179444944,True,701.8347942085954,195.0,0,4,6.987312563002135,0
34,1938580083,295.0,341.9397972175482,False,1081.183935392128,120.0,3,0,1.5940699189295877,0
118,25533578,650.0,612.9907614805101,True,2504.201497772679,315.0,3,3,3.6002940148456197,0
286,25476020,620.0,565.4041546972056,True,2254.3718121603292,235.0,4,4,2.8816526767474384,0
178,26699543,435.0,457.4561603371427,False,1687.6448417699994,110.0,3,4,3.5767125037619367,0
256,1508437746,140.0,244.17691312634662,False,567.9287939133197,0.0,1,0,0.0,0
260,1317156147,560.0,605.8593164189898,False,2466.761411199696,135.0,6,6,5.7264738464452405,0
106,1685938740,455.0,511.7507195153092,False,1972.6912774553737,95.0,1,4,4.329896567212553,0
255,1493458889,410.0,475.39980027294223,False,1781.8489514329472,75.0,2,9,5.440856963850498,0
153,25533613,415.0,485.4603685991346,False,1834.6669351454568,75.0,2,3,4.266574311348035,0
187,21665911,615.0,565.1909392007755,True,2253.2524308040715,615.0,2,13,15.174897134454708,0
219,1230374510,130.0,233.41476691548397,False,511.4275263062909,0.0,0,0,0.0,0
232,25473423,610.0,636.2893299591975,False,2626.5189822857874,170.0,5,2,2.412309173747079,0
60,14017207475,560.0,589.315405134799,False,2379.905876957695,145.0,3,7,9.274973784598927,0
264,25476020,600.0,638.9742919704875,False,2640.615032845058,150.0,7,18,24.783635457400354,5
181,26699545,750.0,654.2678244197521,True,2720.906078203699,290.0,2,1,3.9867348062722625,0
75,9295694734,185.0,286.30671404375806,False,789.1102487297301,0.0,1,0,0.0,0
116,25473260,545.0,594.4603666989866,False,2406.9169251696794,125.0,9,11,6.597231265352007,0
6,5453319326,100.0,187.7648416366022,False,271.7654185921614,0.0,1,0,0.0,0
134,8972710892,560.0,579.5333796984704,False,2328.550243416968,150.0,4,20,26.084282158850822,0
193,2271434264,680.0,720.3531044877099,False,3067.8537985604794,175.0,3,6,3.074930818454288,0
212,21665755,835.0,830.0198848840485,False,3643.604395641255,300.0,12,5,5.481478816098444,0
40,25257027,725.0,734.7163310328401,False,3143.2607379224078,210.0,7,4,4.202729784401275,0
149,13808848004,620.0,652.3787844451008,False,2710.988618336781,170.0,7,9,9.075498387108855,0
152,9512937,450.0,498.3153371039125,False,1902.1555197955406,100.0,4,2,3.46949867952414,0
290,3764054180,820.0,814.9079861502843,True,3564.266927288993,245.0,11,5,8.691356310215905,0
15,108903,730.0,716.8571300990766,True,3049.4999330201504,225.0,4,17,18.688853774537883,0
294,6460816408,440.0,492.6164711293095,False,1872.2364734288744,95.0,5,1,2.72594592857523,0
5,3561398893,365.0,443.4035659698159,False,1613.8687213415337,50.0,4,1,2.052099261224946,0
64,21665360,815.0,655.6746982057673,True,2728.29216558028,485.0,5,12,10.208426692842776,0
266,102020,630.0,669.2096830291335,False,2799.3508359029497,160.0,4,3,4.4380365485955835,0
254,9791495,780.0,686.6430888763831,True,2890.8762166010138,380.0,1,6,4.6549999999999985,0
91,25502829,905.0,818.8343667229341,True,3584.8804252954023,420.0,3,13,10.7779300752398,0
137,3140855379,380.0,442.9602978136073,False,1611.5415635214385,65.0,3,0,0.7474442887157391,0
125,102035,1280.0,1059.490503090372,True,4848.325141224445,535.0,4,8,5.651170021992772,0
65,107809,630.0,575.4623448500122,True,2307.1773104625618,380.0,4,15,10.56609484659712,0
133,21554368,380.0,396.25964309890077,False,1366.3631262692288,180.0,5,9,9.755955891250112,0
147,519998333,885.0,903.6258656978757,False,4030.035794913847,250.0,8,6,8.373746765646128,0
117,6065422037,690.0,571.7431732804251,True,2287.651659722233,360.0,7,8,8.831924419941888,0
288,14069294213,640.0,674.7626379992371,False,2828.5038494959945,165.0,4,9,12.456177994029327,0
154,8784101792,655.0,622.6728055940262,True,2555.032229368637,245.0,4,23,27.677373934255023,0
122,7013554275,945.0,870.0656128352119,True,3853.844467384863,335.0,10,25,22.222971915597117,0
194,4969460352,695.0,711.5818207623234,False,3021.8045590021998,195.0,4,13,9.467060465694278,0
243,2271422636,670.0,696.6259729032453,False,2943.2863577420376,180.0,2,8,5.247954574430468,0
50,13565582698,760.0,746.7551664940388,True,3206.464624093704,235.0,6,11,9.644399582981423,0
103,21665911,405.0,428.63412973805885,False,1536.3291811248082,405.0,8,29,29.989261423013012,0
114,21665367,200.0,290.076251709439,False,808.9003214745551,0.0,1,0,0.0,0
174,25544119,1000.0,802.6894019443025,True,3500.119360207587,640.0,8,15,17.10623324636621,0
127,25505558,405.0,482.75920715436223,False,1820.4858375604015,65.0,5,0,2.5461780275351162,0
38,25473300,375.0,435.4454347628184,False,1572.088532504797,80.0,4,5,4.517115813894535,0
176,107793,825.0,638.1490707455661,True,2636.282621414223,580.0,4,18,16.308335766403218,0
204,1616122178,530.0,574.6679578650626,False,2303.0067787915773,125.0,5,1,2.4311121463601686,0
268,109827,780.0,798.8147258317331,False,3479.777310616597,220.0,10,11,11.725650867273853,0
292,21665000,335.0,399.93324392166613,False,1385.6495305887465,55.0,4,1,2.477375730099779,0
234,25505558,860.0,761.7024255311245,True,3284.9377340384003,325.0,6,1,4.431319614579496,0
211,2833448424,445.0,396.2295903527978,True,1366.205349352188,230.0,6,7,8.972912060051536,0
14,25533613,425.0,490.6476471037828,False,1861.900147294859,80.0,3,6,5.521267785011914,0
81,1684410105,415.0,473.8589837741574,False,1773.7596648143262,80.0,1,1,2.7996765231683187,0
198,25533437,530.0,581.5930178192574,False,2339.363343551102,120.0,4,4,2.302739217105264,0
108,2441998875,130.0,235.01242394569496,False,519.8152257148985,0.0,0,0,0.0,0
39,26699545,490.0,531.9962229662455,False,2078.9801705727878,115.0,7,4,4.58186846416111,0
188,21665590,345.0,417.64496635360683,False,1478.6360733564363,50.0,4,1,1.080423094240907,0
160,4360406511,285.0,369.09102453713473,False,1223.7278788199574,25.0,2,1,1.7131209934232803,0
172,5339077113,900.0,735.1373961395539,True,3145.471329732659,450.0,7,11,10.678866515419951,0
186,25472654,305.0,381.39941841138494,False,1288.3469466597717,35.0,4,0,0.7414398642452904,0
258,3552338823,740.0,613.2380383590414,True,2505.499701384973,405.0,3,11,10.402477944003111,0
107,21665590,590.0,634.0570435605649,False,2614.7994786929635,145.0,2,6,5.06775666286983,0
140,25495513,975.0,854.2721934539728,True,3770.929015633358,375.0,2,8,10.331903125722839,0
282,6940295978,615.0,607.2245469825209,True,2473.928871658234,185.0,4,18,12.051887616083526,0
251,10559192943,855.0,860.4515028259581,False,3803.370389836279,275.0,8,12,10.143214418966991,0
95,25257319,475.0,528.9478037458081,False,2062.9759696654914,100.0,3,6,7.727161638403024,0
53,452486137,845.0,799.294105135272,True,3482.294051960179,285.0,6,5,7.899438897380714,0
166,108309,930.0,955.370088096598,False,4301.692962507139,260.0,6,4,10.566505512047177,0
191,102031,510.0,564.6610050374546,False,2250.4702764466383,110.0,4,17,14.216303008676244,0
78,9287396538,560.0,490.5888333208039,True,1861.5913749342203,265.0,1,14,9.743407124785884,0
228,25531001,970.0,800.2680935662643,True,3487.4074912228866,405.0,5,8,9.718098899797743,0
23,25377990,960.0,939.7080648073525,True,4219.467340238601,300.0,11,7,10.218041002476815,0
162,368279307,645.0,598.5942913069506,True,2428.620029361491,310.0,7,18,15.167413221074389,0
141,454368529,855.0,823.2144696272183,True,3607.8759655428917,275.0,6,2,3.795731897568143,0
33,21665132,320.0,367.02218135396856,False,1212.8664521083344,95.0,0,3,5.44681004296138,0
19,1685751696,360.0,418.74012640563626,False,1484.3856636295907,65.0,4,2,3.081889854938119,0
12,5387300688,540.0,572.3642050269108,False,2290.912076391283,135.0,4,5,4.9210452960812185,0
109,25256268,540.0,605.5240664620078,False,2465.0013489255416,115.0,2,7,6.3123174055837845,0
230,6521883874,145.0,245.18784906731813,False,573.2362076034202,0.0,1,0,0.0,0
240,25496592,390.0,468.7571467881419,False,1746.9750206377448,60.0,2,8,7.42413942202,0
177,21665719,425.0,492.5213785354241,False,1871.7372373109772,80.0,5,5,2.7484121393672964,0
112,1614846678,355.0,423.11273116474285,False,1507.3418386149008,55.0,4,11,14.20579120133174,0
238,24973086,715.0,728.646255021196,False,3111.3928388612812,200.0,3,32,42.167377157680775,2
41,25533438,810.0,801.8215822538609,True,3495.563306832769,245.0,9,2,5.406679870642444,0
138,25257319,895.0,740.1786287620689,True,3171.937801000859,375.0,4,12,8.677830265796283,0
102,108060,390.0,437.493914627658,False,1582.8430517952042,80.0,2,12,16.01480311467246,2
237,11329900032,405.0,468.1275602944921,False,1743.6696915460836,75.0,3,8,6.097057986580187,0
87,669891669,940.0,932.2855339909644,True,4180.499053452562,285.0,8,4,4.630139357132246,0
236,1614926320,625.0,662.416725589382,False,2763.6878093442556,160.0,6,3,4.119394640460697,0
8,4307559861,330.0,412.0241226455885,False,1449.1266438893392,40.0,3,1,1.1173686503922076,0
99,26848680,220.0,300.3312303723443,False,862.7389594548071,5.0,3,1,0.4739811767296333,0
175,25533578,895.0,822.5700598805934,True,3604.492814373117,350.0,7,13,16.11808066353816,0
34,4684520668,145.0,245.38356315016424,False,574.263706538362,0.0,1,0,0.0,0
296,1667118171,305.0,367.5798051442352,False,1215.7939770072346,55.0,0,3,4.861835740532993,0
25,534993866,735.0,611.6710674866619,True,2497.2731043049753,540.0,7,10,10.932564722805155,0
225,102020,755.0,765.5187206028421,False,3304.97328316492,215.0,6,5,5.8261194600881545,0
79,1694551560,475.0,514.6840831201819,False,1988.0914363809547,110.0,5,19,33.34923449783863,7
54,25498932,820.0,806.1135965898424,True,3518.096382096672,255.0,4,15,13.98820919128179,0
43,4397152730,650.0,596.8067212306889,True,2419.235286461117,295.0,8,3,4.268671348178752,0
273,21665000,545.0,583.6434363231881,False,2350.128040696736,135.0,5,2,6.908223741390003,0
98,9521034,180.0,280.8302954269811,False,760.3590509916507,0.0,0,0,0.0,0
265,333725798,950.0,846.0592834884873,True,3727.8112383145585,355.0,4,14,9.318072435506174,0
280,500486430,480.0,487.3522890030834,False,1844.599517266188,195.0,7,2,3.944288328843,0
180,1685938740,1045.0,885.8020818410683,True,3936.460929665607,430.0,6,6,9.174690675244122,0
13,2131643980,875.0,780.8017601968977,True,3385.209241033713,325.0,3,7,6.2772133080178785,0
29,11863161,975.0,838.2396116124255,True,3686.757960965236,455.0,5,12,11.818011692320963,0
111,5244680779,855.0,667.3313836252322,True,2789.4897640324666,650.0,4,20,18.229479819568233,0
155,10574746,720.0,689.2927240602478,True,2904.7868013163,300.0,7,22,21.328740152156186,0
20,107352,695.0,711.4228914924811,False,3020.970180335526,195.0,6,9,8.756568081337214,0
26,102000,930.0,816.8722664492616,True,3574.579398858623,410.0,3,8,6.492499999999993,0
28,25257284,730.0,725.5080220303546,False,3094.9171156593607,270.0,8,7,9.58675377346782,0
205,25256260,550.0,596.6527855024775,False,2418.427123888008,130.0,4,0,3.7827404179250492,0
69,435144778,650.0,700.587601645254,False,2964.0849086375824,155.0,7,6,4.402059468966769,0
223,1685751696,835.0,753.741938183705,True,3243.1451754644504,415.0,5,10,13.33845773379625,0
44,26699537,505.0,546.4414554509677,False,2154.817641117578,505.0,1,39,51.09076782188723,0
57,25257275,725.0,743.1097281786797,False,3187.326072938069,200.0,5,7,6.49492956761136,0
250,25472680,330.0,401.189848667016,False,1392.2467055018346,45.0,1,3,3.731602748823776,0
136,8916243,615.0,607.7745797477501,True,2476.816543675688,185.0,7,12,17.699873043043247,0
1,25533613,415.0,483.5245014021299,False,1824.5036323611816,75.0,4,3,1.9304289766945817,0
48,1685938656,720.0,709.0621036292567,True,3008.5760440535983,220.0,5,9,7.929992666301653,0
152,1684410105,155.0,256.8975988773198,False,634.7123941059289,0.0,0,0,0.0,0
226,25530236,515.0,565.8159398151962,False,2256.533684029781,115.0,2,7,7.001676256435383,0
16,9521022,905.0,827.546577779882,True,3630.619533344381,325.0,10,5,4.198385903967535,0
56,25375955,655.0,654.2971243633692,False,2721.0599029076893,195.0,3,3,3.1386114994364145,0
77,25529933,445.0,463.3252242606066,False,1718.4574273681842,175.0,2,6,3.622088582073225,0
4,9789819,405.0,465.98438283085636,False,1732.4180098619956,75.0,2,7,6.864879814600087,0
90,9512935,255.0,341.6700130980469,False,1079.767568764746,15.0,3,0,0.6648637153318053,0
246,107715,655.0,692.8558939201233,False,2923.4934430806475,170.0,4,6,5.711856271477552,0
173,25524248,1015.0,999.1767526687477,True,4531.677951510924,315.0,7,14,9.827122832438429,0
279,282686499,920.0,857.943539974497,True,3790.20358486611,315.0,11,6,10.25381928184916,0
72,6777627310,1035.0,938.5440332020935,True,4213.356174310989,375.0,9,11,9.40779642408507,0
182,25471098,575.0,611.2302399929843,False,2494.958759963168,145.0,4,11,19.443234027783177,3
235,3557235449,370.0,439.1945152695364,False,1591.771205165066,60.0,2,6,5.654011583696255,0
24,9512924,345.0,405.14406764691887,False,1413.0063551463238,60.0,1,2,1.9533308558882727,0
99,107797,70.0,186.5653223220083,False,265.4679421905435,0.0,0,0,0.0,0
29,9521034,55.0,176.9859435662347,False,215.17620372273208,0.0,0,0,0.0,0
55,1678452758,295.0,360.54865389783595,False,1178.8804329636387,60.0,3,1,1.4241890905778654,0
190,21590631,325.0,402.70667623921645,False,1400.210050255886,40.0,1,1,0.9857056246108108,0
283,25256256,755.0,779.2108249988711,False,3376.8568312440752,205.0,13,3,6.602017618965207,0
262,4239164192,240.0,321.72733500867594,False,975.0685087955484,10.0,0,0,0.39908431056690036,0
210,25533578,625.0,664.9531871289869,False,2777.004232427181,155.0,2,4,4.488179730927049,0
164,2191480791,295.0,379.45457959339035,False,1278.1365428652996,25.0,6,2,0.6739384678609427,0
274,3085005064,410.0,456.89777380240815,False,1684.7133124626434,95.0,3,2,2.970624348641034,0
285,1938953360,415.0,470.9213803065186,False,1758.3372466092217,85.0,5,0,2.6866767829718,0
229,2337311458,575.0,625.7868027425761,False,2571.380714398524,135.0,3,2,3.2839808246899738,0
131,1607738730,795.0,769.9199544744952,True,3328.0797609911,255.0,9,8,4.9704362115733165,0
218,1666324135,670.0,717.1764777379823,False,3051.1765081244066,165.0,5,7,6.0353985629533495,0
197,820634109,585.0,617.7074657099606,False,2528.9641949772945,150.0,3,9,6.51632073655698,0
157,970857026,525.0,514.6799894046682,True,1988.0699443745077,260.0,2,14,11.296082954899486,0
158,9295694734,410.0,461.42404533047477,False,1708.4762379849924,85.0,3,0,0.0,0
295,25257321,410.0,479.85768340638936,False,1805.2528378835432,70.0,3,1,1.0876473367163015,0
290,298206178,215.0,311.3503771507055,False,920.5894800412038,0.0,0,0,0.0,0
10,25471098,495.0,523.9684727082803,False,2036.8344817184718,125.0,0,5,7.279226188484475,0
32,295907948,400.0,479.12009587150743,False,1801.3805033254146,60.0,3,1,1.735164453442633,0
276,25471098,895.0,876.9729955075095,True,3890.108226414427,280.0,8,13,13.353426816172455,0
271,21533907,450.0,498.9703382114627,False,1905.5942756101792,100.0,4,2,2.7913868349453903,0
62,1317156147,920.0,868.587479037356,True,3846.08426494612,310.0,4,6,7.834562977954098,0
73,108059,645.0,654.3586405643509,False,2721.382862962843,185.0,2,2,3.1494765084018543,0
71,7787603288,285.0,372.4146406226318,False,1241.1768632688168,20.0,0,0,0.4692202653495626,0
253,2129184256,645.0,680.3992924778977,False,2858.096285508961,165.0,4,12,7.500272558297414,0
215,25522907,735.0,617.9836531861501,True,2530.4141792272894,480.0,4,12,15.162772694316198,0
40,107987,250.0,330.325184354261,False,1020.2072178598698,15.0,3,0,0.44669059728702365,0
154,271242424,220.0,311.0697463901074,False,919.116168548064,0.0,2,0,0.0,0
42,25501016,560.0,595.6527294489945,False,2413.1768296072223,140.0,3,5,4.282564778182241,0
12,1619464560,170.0,272.2226266659815,False,715.168789996403,0.0,2,0,0.0,0
68,25495442,785.0,773.5708492353012,True,3347.2469584853307,240.0,5,7,6.020048025222032,0
224,1607738730,710.0,709.0186536823489,False,3008.3479318323316,210.0,2,9,10.539886631148281,0
5,1667203523,255.0,341.075983429399,False,1076.6489130043444,15.0,1,0,0.15601063829787237,0
277,10900901931,715.0,745.7163869019371,False,3201.0110312351667,190.0,11,11,8.734847525046437,0
286,9512937,305.0,359.01452871939523,False,1170.8262757768246,55.0,3,2,1.5962419970097788,0
184,21665009,410.0,466.3528620966534,False,1734.3525260074307,80.0,4,6,4.34804647252195,0
75,25501773,295.0,370.2368385310343,False,1229.7434022879302,35.0,3,2,0.5393810489404368,0
230,1678452742,185.0,279.9903505300705,False,755.94934028287,0.0,3,0,0.0,0
171,21645238,750.0,645.4856216166378,True,2674.799513487347,500.0,4,18,18.800910946130312,0
170,289996665,365.0,439.114277410205,False,1591.3499564035753,55.0,2,5,4.378713237626118,0
278,452589682,660.0,692.3082848386871,False,2920.618495403107,175.0,7,7,4.974148093133261,0
36,10574746,455.0,515.2770194361154,False,1991.2043520396057,90.0,3,3,1.7900672289911663,0
254,25502544,270.0,335.1339745925518,False,1045.453366610897,35.0,3,3,1.0810279726641185,0
169,21665000,545.0,585.9785885826631,False,2362.3875900589824,165.0,4,7,7.282304887379746,0
261,1782020193,410.0,475.7723513755087,False,1783.8048447214203,75.0,2,7,4.679068252310731,0
67,12957095286,835.0,834.0230112464284,False,3664.6208090437476,250.0,9,28,31.880645439862498,0
208,9521022,540.0,569.1582770936103,False,2274.0809547414547,140.0,2,3,4.522470680057948,0
110,1678452758,630.0,657.0958631176226,False,2735.753281367518,170.0,5,1,3.68707796568687,0
168,9791156,475.0,521.2123503547891,False,2022.364839362643,110.0,5,1,4.079570114872416,0
52,13556857162,515.0,551.7460770997961,False,2182.6669047739297,165.0,4,2,3.5107011659289595,0
207,3531897238,750.0,716.6621551982971,True,3048.4763147910585,245.0,5,2,3.463350256451833,0
252,2502573430,945.0,771.5698863680905,True,3336.7419034324757,505.0,13,7,10.427039072022906,0
80,25533613,500.0,539.8354753244039,False,2120.1362454531195,120.0,7,6,17.00992307642255,5
185,25500900,365.0,427.76046833616493,False,1531.7424587648657,65.0,3,5,2.3615185924374846,0
63,9167793401,495.0,513.467750620431,False,1981.7056907572626,155.0,1,6,4.6581569193740835,0
44,25524243,170.0,267.49340254963164,False,690.3403633855662,0.0,5,0,0.0,0
222,10845640242,1020.0,861.1998072400974,True,3807.298988010512,600.0,4,15,17.85668932542909,0
47,107806,510.0,560.29474509218,False,2227.5474117339454,115.0,4,3,2.9266279837483133,0
231,107793,455.0,486.6156367950541,False,1840.7320931740342,115.0,4,3,3.7747981070064385,0
119,25531990,385.0,453.00798563998944,False,1664.291924609945,65.0,2,0,0.0,0
126,2191480791,370.0,430.3868651318628,False,1545.531041942279,65.0,1,4,4.254095903746411,1
291,846861643,980.0,899.3477232340165,True,4007.5755469785904,415.0,5,14,19.16892837777245,0
181,25533613,350.0,402.54908384926404,False,1399.382690208636,65.0,3,1,0.7822170299340967,0
280,21665361,210.0,290.4951758408371,False,811.0996731643945,5.0,3,0,0.26175014153310866,0
30,108214,400.0,450.714780475639,False,1652.2525974971052,80.0,2,2,2.9631575062402744,0
196,5932959891,550.0,571.3314957050806,False,2285.4903524516726,190.0,4,7,4.137348206825466,0
150,1678452807,460.0,497.6501586688661,False,1898.6633330115474,110.0,3,0,1.4902057368098522,0
200,26559368,610.0,606.1450281446156,False,2468.2613977592328,185.0,4,7,3.249351757826266,0
161,25503701,825.0,733.5766493643799,True,3137.2774091629944,350.0,5,19,17.929935445661517,0
201,1684410113,445.0,511.4181466066526,False,1970.945269684926,85.0,7,2,1.7687167703808846,0
97,25378119,505.0,539.8629558607311,False,2120.2805182688376,125.0,7,4,2.1211634156680375,0
192,9512930,525.0,558.6985196641826,False,2219.1672282369573,140.0,2,13,10.471863864096372,0
247,1611442272,765.0,731.8651397964661,True,3128.291983931448,270.0,5,27,22.979928961748257,0
1,25544119,210.0,298.28908883557176,False,852.0177163867518,0.0,1,0,0.0,0
142,519998333,1135.0,1019.8980262049383,True,4640.464637575922,420.0,5,4,5.120422430038804,0
10,1614926358,140.0,241.40264093452492,False,553.363864906256,0.0,1,0,0.0,0
92,107823,445.0,470.0445626993358,False,1753.7339541715126,120.0,0,2,2.0146384007300067,0
146,11200374910,815.0,823.7820812121198,False,3610.8559263636307,235.0,3,11,11.270621816559766,0
110,435144778,70.0,186.86974748904873,False,267.06617431750584,0.0,2,0,0.0,0
3,107806,440.0,508.00723528319213,False,1953.037985236758,80.0,8,2,0.8729963943862319,0
275,2453947049,530.0,552.8825216039481,False,2188.633238420727,140.0,6,28,39.09553430413455,0
125,5932899700,360.0,414.2423514215035,False,1460.7723449628932,70.0,1,4,3.7731717310290334,0
77,25257284,220.0,309.317109036836,False,909.9148224433889,0.0,4,0,0.0,0
39,25522907,325.0,393.39126612484495,False,1351.304147155436,45.0,5,7,5.213255505634959,0
143,26591525,600.0,577.1895339438395,True,2316.2450532051575,265.0,3,5,7.182098444454694,0
115,21665000,750.0,616.6603326558281,True,2523.466746443098,405.0,3,13,9.465618878962465,0
202,12725097483,1230.0,1146.8537013937214,True,5306.981932317039,425.0,13,5,5.469288916646217,0
31,9512935,470.0,479.62362919197733,False,1804.0240532578812,175.0,1,9,11.309889346248758,0
162,25533578,305.0,382.96159343126794,False,1296.548365514156,35.0,3,0,0.922512758549289,0
241,25530312,775.0,639.2530987281211,True,2642.078768322636,455.0,5,12,9.316338546845508,0
257,25533613,550.0,566.1940365659457,False,2258.518691971215,150.0,2,8,10.805205078625713,0
266,8752950708,385.0,457.16831109533325,False,1686.1336332504998,60.0,0,4,1.8859332090730723,0
83,2047806084,475.0,541.955502317019,False,2131.266387164349,95.0,4,3,5.641540363005962,0
147,9512924,375.0,436.5284319474433,False,1577.7742677240767,65.0,4,1,0.8961204357248423,0
214,273194,525.0,576.9825032009097,False,2315.158141804776,120.0,4,5,5.125233058048856,0
74,6342450111,860.0,842.513237452112,True,3709.1944966235874,310.0,7,14,14.072167758749437,0
287,3142670557,705.0,739.5223926528759,False,3168.492561427601,185.0,6,12,8.037311805880133,0
269,25472874,505.0,544.898755648904,False,2146.7184671567466,120.0,9,13,23.861044228926385,5
140,9791487,355.0,423.11496305013975,False,1507.3535560132332,55.0,2,4,2.0912091514341253,0
133,9791489,400.0,468.5443054706011,False,1745.8576037206558,70.0,6,2,1.290757575757576,0
213,25473373,465.0,516.2913524537997,False,1996.5296003824485,110.0,7,12,10.021466667250023,0
238,7261577394,325.0,382.01057335372064,False,1291.5555101070336,80.0,4,9,12.538364758978839,0
101,1493424644,550.0,548.0817782871633,False,2163.4293360076067,165.0,5,6,5.078626256985892,0
183,26591531,505.0,423.3474905545787,True,1508.5743254115373,325.0,2,5,7.350891817129135,0
144,1616713423,1070.0,884.4806486014704,True,3929.523405157723,460.0,6,5,9.130563707733593,0
151,12547908639,820.0,857.5193371170819,False,3787.9765198646805,215.0,10,8,8.19263587820917,0
166,107797,365.0,440.5556413407653,False,1598.9171170390189,55.0,2,1,3.2343715376729283,0
289,25504261,485.0,512.1963591576944,False,1975.030885577896,135.0,6,3,2.6305525377633647,0
167,9921844608,665.0,692.7342929466654,False,2922.855037969994,180.0,7,5,3.3622069541254866,0
60,21665000,455.0,500.55354550407185,False,1913.9061138963762,100.0,5,7,3.8872248308225696,0
70,1678452766,520.0,570.3809392107646,False,2280.4999308565148,120.0,5,4,4.6280281236156,0
272,1614846678,670.0,551.7488128885965,True,2182.6812676651325,530.0,2,5,10.620851566897718,0
105,25501306,725.0,714.8400046891614,True,3038.910024618098,225.0,4,7,9.380922456948769,0
196,333650017,100.0,210.9598611181312,False,393.53927087018883,0.0,1,0,0.0,0
123,25503802,485.0,536.3064261153977,False,2101.6087371058384,105.0,3,8,5.546261206077621,0
198,4347844156,390.0,444.9634677822678,False,1622.058205856906,75.0,2,1,0.850555459037679,0
84,7787603288,885.0,855.8499551018948,True,3779.2122642849495,350.0,5,13,16.30326742241856,0
17,25500900,655.0,635.9917540206208,True,2624.9567086082598,210.0,6,1,2.885138614417343,0
227,9167793401,760.0,705.6704837116554,True,2990.770039486189,265.0,6,9,6.79107718506891,0
261,11751472416,155.0,255.07811796299634,False,625.160119305731,0.0,0,0,0.0,0
281,11175085829,655.0,652.5617288863448,False,2711.9490766533095,200.0,4,10,11.052822184658252,0
78,21544863,380.0,444.7168364535055,False,1620.763391380904,65.0,4,8,9.377621817224586,0
163,1684410105,755.0,645.2425506095146,True,2673.523390699952,340.0,6,12,8.553107164850253,0
179,12159581182,530.0,520.93368437594,True,2020.9018429736843,165.0,3,5,4.684113613111482,0
82,25473373,605.0,614.2539834687485,False,2510.833413210929,175.0,6,8,8.400579406502747,0
268,25257027,410.0,444.5784678716782,False,1620.0369563263102,115.0,3,10,10.814221363571992,0
129,26652119,630.0,655.6612690288476,False,2728.2216624014522,220.0,6,4,5.99961902409054,0
46,6266808745,600.0,638.311575341444,False,2637.1357705425794,150.0,4,5,4.298650121990682,0
199,60728181,565.0,586.3137487466937,False,2364.147180920141,150.0,4,7,8.060512919243036,0
250,11331184983,325.0,396.2515608257998,False,1366.3206943354483,45.0,1,2,1.0741096554248206,0
156,25501016,535.0,573.7811536276494,False,2298.3510565451584,130.0,2,4,3.34541825842707,0
96,25524248,1015.0,924.8102607914576,True,4141.253869155153,430.0,13,22,21.683918440646334,0
251,1612319349,410.0,488.95065343615863,False,1852.9909305398319,65.0,4,0,1.3201778839623586,0
260,333725797,505.0,542.1058184159346,False,2132.0555466836563,125.0,0,7,7.24767163298177,0
93,25257319,545.0,466.9429886698463,True,1737.4506905166916,420.0,3,14,9.591151157000766,0
19,11707733695,400.0,444.70055946320485,False,1620.6779371818252,85.0,0,0,2.668384530238324,0
8,2089584869,380.0,340.5541030387557,True,1073.9090409534674,280.0,1,2,0.34963482954338776,0
49,282686499,910.0,869.2309888060735,True,3849.4626912318854,300.0,7,11,12.683235150052079,0
145,9760819194,580.0,616.2444119520723,False,2521.2831627483806,145.0,1,4,4.5888236547000085,0
94,701608618,680.0,665.902137688372,True,2781.986222863951,210.0,6,3,2.958872937295926,0
159,25473373,650.0,648.5393001050875,False,2690.8313255517073,195.0,7,6,4.376294406472632,0
124,2934851453,850.0,818.3515771035554,True,3582.345779793665,275.0,5,3,3.389373244953207,0
255,26559371,535.0,574.388907984412,False,2301.5417669181634,130.0,3,6,4.344219139002669,0
27,25522907,700.0,686.2567770859945,True,2888.8480797014718,215.0,6,6,6.292419034750649,0
110,311422343,130.0,230.7998608174114,False,497.69926929140985,0.0,0,0,0.0,0
62,109836,270.0,343.5085414652338,False,1089.4198426924772,30.0,1,1,1.7719849919240596,0
165,2129184256,725.0,615.3155947804075,True,2516.40687259714,450.0,2,16,10.398466270052044,0
136,108059,365.0,438.46113601982233,False,1587.9209641040673,55.0,1,1,1.4231896814224292,0
35,1587616047,775.0,813.0647658065319,False,3554.5900204842915,205.0,9,0,3.43976643643511,0
66,6173783039,950.0,740.6237959902778,True,3174.27492894896,620.0,2,16,17.09930531185963,0
22,25473287,560.0,596.1415215987314,False,2415.742988393339,160.0,4,2,3.9911331870642437,0
13,9791492,405.0,462.85997625776076,False,1716.0148753532435,80.0,1,3,1.4366566873754054,0
120,10544188928,635.0,663.0035491725174,False,2766.7686331557156,195.0,10,6,4.133957681014215,0
55,6089552096,330.0,400.81103393429,False,1390.2579281550225,45.0,3,4,2.104512882583167,0
91,11170906155,510.0,541.8650356986719,False,2130.791437418028,130.0,3,3,4.260950764956975,0
221,107318,895.0,780.8723120606546,True,3385.5796383184365,345.0,5,8,8.80973209623134,0
139,281454959,625.0,508.0471314131719,True,1953.2474399191528,530.0,5,13,11.090846596922937,0
154,1678452820,280.0,354.06448716585084,False,1144.8385576207168,30.0,2,6,9.319015676208751,1
174,812264838,495.0,544.9934364802103,False,2147.2155415211046,110.0,1,7,7.1159215916271314,0
121,9521022,700.0,732.6075711644241,False,3132.1897486132266,185.0,3,3,3.745666170427951,0
53,108902,475.0,455.918528439307,True,1679.5722743063614,230.0,1,12,9.395789665275505,0
42,25472769,285.0,365.01907018006733,False,1202.3501184453535,25.0,0,0,0.8540389970782263,0
87,21665006,440.0,485.6421306088689,False,1835.621185696561,100.0,3,9,6.186892116234865,0
218,25500900,325.0,406.59232552306514,False,1420.609708996092,40.0,1,3,2.190130259655521,0
130,1666324140,1025.0,956.4501364029255,True,4307.363216115362,370.0,12,6,4.7712181676174374,0
45,9512937,585.0,592.3084219518574,False,2395.6192152472527,170.0,6,6,6.348885189909875,0
203,25472873,670.0,684.6953958826962,False,2880.6508283841554,190.0,4,7,6.549746953979461,0
212,2450775063,545.0,536.3467440190464,True,2101.8204060999938,165.0,3,5,4.87381140649236,0
178,4457798822,585.0,618.7219255701393,False,2534.290109243232,150.0,1,2,3.167134761405287,0
243,21665911,520.0,573.9672776192543,False,2299.3282075010848,520.0,3,22,22.55147036314351,0
99,1025502817,365.0,439.44830080258254,False,1593.1035792135588,55.0,0,3,3.1879593760741365,0
146,1614926342,180.0,283.6596003672243,False,775.2129019279272,0.0,1,0,0.0,0
128,490253699,900.0,894.4804164978846,True,3982.022186613891,270.0,6,13,11.083323702531015,0
148,25533613,715.0,593.7859619867288,True,2403.376300430326,575.0,5,6,10.895480849395607,0
187,25544136,585.0,590.1898708344045,False,2384.496821880623,170.0,6,13,15.997728093461623,0
80,4301399715,255.0,339.84892169075914,False,1070.2068388764853,15.0,1,0,0.5121826404091879,0
206,2476787985,1055.0,819.2531259566967,True,3587.0789112726575,705.0,5,17,17.679032385400465,0
113,25474658,675.0,668.0975711760924,True,2793.5122486744854,205.0,8,6,8.670149997276711,0
18,1614846692,850.0,831.6381551481395,True,3652.100314527732,265.0,3,7,8.071319152439624,0
245,9295694734,930.0,884.5530949366836,True,3929.903748417588,310.0,9,20,21.87065580241183,0
237,102020,465.0,522.4422298774361,False,2028.8217068565398,95.0,2,11,10.660742309344936,0
288,25532843,540.0,551.4853207611799,False,2181.2979339961944,150.0,1,11,8.052168246806175,0
58,14767049,1270.0,1023.7393216881152,True,4660.6314388626,685.0,12,20,19.664320890707316,0
109,1694551549,485.0,478.9213113869218,True,1800.3368847813388,225.0,5,11,12.076804771636976,0
263,25473300,955.0,732.1878803963185,True,3129.9863720806734,660.0,6,17,14.041961707981656,0
122,25498869,545.0,545.1095846204806,False,2147.825319257523,160.0,4,8,8.697011472123844,0
293,25476020,755.0,614.7630883830483,True,2513.506214011001,545.0,5,11,13.007225637777271,0
135,26845543,640.0,584.0186868737212,True,2352.098106087037,420.0,4,17,18.147745885589174,0
233,6250501803,665.0,607.0816924957495,True,2473.178885602684,430.0,5,24,21.896823823654014,0
204,6521923987,540.0,574.4982029728496,False,2302.115565607462,135.0,4,0,0.9870936845925752,0
149,25533578,590.0,603.4886380126524,False,2454.3153495664255,165.0,5,12,9.998980323227043,0
88,21554368,925.0,719.1153512047291,True,3061.3555938248237,600.0,8,21,17.074235447354926,0
59,9521033,895.0,777.4760698380273,True,3367.749366649644,360.0,6,9,9.370506443052566,0
224,25417431,335.0,400.11143325235633,False,1386.5850245748709,50.0,4,1,1.582986994754392,0
57,275424,455.0,527.3147504008348,False,2054.402439604383,85.0,5,3,4.778515928104648,0
161,9521033,245.0,335.59623950674444,False,1047.8802574104081,10.0,2,0,0.3915811965811965,0
225,452169196,495.0,554.9461629360393,False,2199.4673554142064,105.0,6,17,25.44453870138083,2
50,26699537,570.0,618.4873916496847,False,2533.058806160846,570.0,4,29,39.66195531459102,0
41,108901,510.0,488.03216879215836,True,1848.1688861588304,245.0,6,7,12.331939069464848,0
65,255562,585.0,580.2808869911668,False,2332.4746567036254,235.0,10,8,8.191259470925289,0
264,603751942,630.0,666.6517658869026,False,2785.921770906237,160.0,4,8,5.945401920146144,0
6,8142633526,615.0,666.3831418621862,False,2784.5114947764782,145.0,7,5,6.316403176635057,0
270,12957883928,715.0,591.0467996494584,True,2388.995698159658,370.0,4,8,8.455040406199595,0
86,21666007,660.0,594.7850745525907,True,2408.621641401101,410.0,5,26,21.26528932932933,0
137,26699544,595.0,539.0073756324666,True,2115.7887220704506,395.0,6,18,16.487800792522677,0
33,4249404285,525.0,476.37216700854555,True,1786.9538767948636,190.0,1,4,6.418723640370522,0
195,9512935,690.0,680.5577868711869,True,2858.9283810737306,260.0,6,11,10.919165598283918,0
281,1612319349,160.0,262.9088877203862,False,666.2716605320277,0.0,1,0,0.0,0
292,25473398,570.0,608.4445728204471,False,2480.3340073073496,140.0,3,7,6.562182845799516,0
69,2191480791,480.0,504.7523382104362,False,1935.94977560479,140.0,2,15,18.99506244142861,0
44,25257028,300.0,370.6601933539441,False,1231.9660151082064,40.0,2,5,3.952993659793441,0
61,25524250,1115.0,998.0859085097591,True,4525.951019676237,480.0,6,21,22.766089107324902,0
46,26699543,160.0,262.09064855877443,False,661.9759049335659,0.0,2,0,0.0,0
200,3552338823,280.0,331.4997374950167,False,1026.3736218488375,95.0,2,1,1.657952562752156,0
142,454368529,260.0,346.94074832844785,False,1107.4389287243507,15.0,2,2,1.1794699533455493,0
157,7737133469,410.0,335.1494197180089,True,1045.5344535195468,365.0,0,9,8.807481781455943,0
98,25533437,510.0,565.818044804815,False,2256.54473522528,110.0,5,4,3.478072784250049,0
114,2215490966,590.0,607.5242256927545,False,2475.5021848869615,190.0,7,7,8.035836592537322,0
150,12959447,290.0,372.518160386597,False,1241.7203420296341,25.0,1,0,0.6124999999999999,0
247,21665135,270.0,357.59236241031465,False,1163.3599026541515,15.0,0,0,0.18257486699198042,0
138,5838132444,530.0,575.1597433848917,False,2305.588652770682,125.0,4,4,4.873769811414581,0
134,25544127,635.0,677.4554942470804,False,2842.641344797171,160.0,7,2,3.0647584588495556,0
248,25257304,965.0,855.686063653954,True,3778.351834183257,365.0,8,0,3.6563854773607325,0
23,25257789,560.0,605.2264868657383,False,2463.4390560451257,135.0,3,9,9.867040630504125,0
295,107343,410.0,470.4121704540333,False,1755.6638948836755,80.0,3,3,2.1224194091504334,0
25,25544119,525.0,555.7466127310228,False,2203.669716837868,135.0,5,6,7.1922522291574404,0
182,25257284,465.0,525.408425303937,False,2044.3942328456694,95.0,3,2,1.4793807658937754,0
290,25471098,415.0,476.52036624812274,False,1787.7319228026447,80.0,2,2,2.51340991527264,0
141,1166056970,565.0,559.3430757342024,True,2222.5511476045626,225.0,2,7,10.31731419902191,0
158,3552338823,420.0,387.9164666028801,True,1322.5614496651203,245.0,4,9,9.551712471469347,0
32,669891669,415.0,478.4013239463615,False,1797.6069507183975,80.0,2,2,2.5841699309826995,0
26,108045,510.0,563.5276805304143,False,2244.520322784675,115.0,4,7,7.847432747231191,0
240,6049524389,560.0,576.4124804740675,False,2312.165522488854,155.0,1,6,4.057832788328139,0
239,14017207475,740.0,742.5196985841552,False,3184.228417566815,220.0,6,4,4.7533785076807815,0
7,452514276,720.0,753.4329736098291,False,3241.523111451601,190.0,10,12,5.921936453572019,0
104,25256273,910.0,849.2739789970458,True,3744.688389734492,315.0,6,1,2.681612287797608,0
176,2191480791,615.0,675.3900247347949,False,2831.797629857673,140.0,9,7,3.944539593089998,0
155,12198505,535.0,548.9607636790982,False,2168.044009315266,160.0,3,2,2.952761794963357,0
177,25473295,570.0,574.483220571464,False,2302.036908000186,215.0,2,9,7.52540376738506,0
152,333719185,505.0,539.311889823154,False,2117.3874215715587,125.0,5,6,3.607443618257208,0
54,9512925,550.0,585.2938482828062,False,2358.7927034847316,140.0,1,3,2.6321614519831473,0
63,9789819,355.0,423.3485648114269,False,1508.579965259991,55.0,4,3,6.204202947024739,0
24,10996228332,495.0,562.3655712213838,False,2238.4192489122647,100.0,5,4,1.327645026368431,0
231,11767208,355.0,425.88489781497884,False,1521.895713528639,55.0,5,11,7.136718997056716,0
76,4211515634,815.0,793.4857560765904,True,3451.8002194021005,255.0,4,17,12.397607765447205,0
9,9176400299,730.0,606.1894461403612,True,2468.494592236896,400.0,6,15,9.064134572192755,0
51,275422,995.0,992.704858337247,False,4497.700506270547,310.0,12,11,7.734389404355094,0
194,108060,655.0,673.8972036160308,False,2823.960318984162,180.0,3,9,4.956531472669834,0
79,2482696992,570.0,596.1829345784936,False,2415.96040653709,570.0,2,29,28.011670608086437,0
235,25533578,505.0,526.3837384062367,False,2049.5146266327424,195.0,4,1,3.1707296886895886,0
95,25472904,620.0,657.4299616257706,False,2737.5072985352954,155.0,4,6,6.604073911881942,0
212,1283446717,140.0,244.42363569071642,False,569.2240873762612,0.0,0,0,0.0,0
168,1938580083,390.0,413.1787380868915,False,1455.1883749561798,170.0,5,5,6.769312894202737,0
85,21665911,800.0,647.3074937365976,True,2684.3643421171405,800.0,6,36,43.538779334424724,0
160,1612472593,635.0,632.5467013241463,False,2606.8701819517664,205.0,6,22,22.788826178633542,0
60,11582793599,260.0,338.8174323159198,False,1064.791519658579,20.0,1,0,0.36480278949608547,0
2,1667203543,1040.0,950.4738480224962,True,4275.987702118102,390.0,10,6,5.536038563772343,0
220,108903,790.0,776.014093602356,True,3360.07399141237,245.0,3,11,9.264156285603944,0
10,800232961,330.0,409.67613380856164,False,1436.799702494949,40.0,3,0,0.879053073240617,0
169,6940295978,410.0,469.01335314248195,False,1748.3201039980313,80.0,2,5,4.020963551596606,0
216,452168032,875.0,810.8494932540796,True,3542.9598395839184,305.0,6,23,22.184874178341957,0
162,21554368,315.0,396.6201211210542,False,1368.2556358855338,35.0,3,0,1.062269094704275,0
14,3892184068,655.0,716.0754174152485,False,3045.395941430053,150.0,3,2,1.933923489506914,0
111,25531001,585.0,595.069613440139,False,2410.1154705607296,185.0,4,9,7.108612803652089,0
77,25544136,325.0,387.0960321193949,False,1318.2541686268228,50.0,6,2,0.9651004387083614,0
249,102025,1030.0,953.1581818816857,True,4290.0804548788465,360.0,12,2,5.971268122214371,0
62,104315,200.0,295.40688508665954,False,836.8861467049628,0.0,2,0,0.0,0
107,14069254029,655.0,642.6216943195273,True,2659.7638951775184,205.0,5,20,27.040802190325003,0
127,452486132,675.0,689.3800699167588,False,2905.2453670629843,190.0,8,10,7.213674732852771,0
67,6313625295,430.0,481.87118150345015,False,1815.8237028931135,90.0,2,1,1.173104804286743,0
251,534993866,245.0,327.574846512873,False,1005.7679441925833,15.0,1,2,1.1442566395714788,0
208,3817942979,435.0,499.4091885806065,False,1907.898240048184,85.0,5,0,3.0389679031310846,0
83,6219635602,330.0,393.1406679890351,False,1349.9885069424338,50.0,1,0,1.0777599702113854,0
131,25473373,520.0,546.0546134218826,False,2152.786720464884,135.0,3,1,1.7650781830761575,0
20,13349587,600.0,655.8370789679993,False,2729.1446645819947,140.0,6,6,2.549831153994711,0
215,25257290,480.0,474.4600850862704,True,1776.9154467029182,145.0,3,0,0.5605303030303032,0
186,293812298,670.0,684.4932742711885,False,2879.5896899237405,215.0,5,4,3.282056737588652,0
294,2450775063,720.0,705.7994578645762,True,2991.4471537890245,225.0,4,12,9.074086723857592,0
256,9512935,770.0,749.8431273127853,True,3222.676418392124,285.0,5,13,12.036450503891796,0
263,8784071418,160.0,267.64927840323855,False,691.1587116170024,0.0,0,0,0.0,0
115,25475387,345.0,412.0757243246898,False,1449.3975527046216,55.0,4,2,1.6501320657790295,0
97,273194,385.0,449.6275245727988,False,1646.544504007193,70.0,4,5,4.414385464732078,0
279,9398115367,565.0,583.3591156374495,False,2348.6353570966103,215.0,5,2,1.9949668913317782,0
252,2482696992,435.0,462.2599129001321,False,1712.8645427256938,435.0,2,31,30.968687658105264,3
29,25544119,560.0,572.15842971695,False,2289.831756013987,210.0,2,10,9.814062443170826,0
292,13567811111,125.0,225.32898438842824,False,468.97716803924817,0.0,0,0,0.0,0
219,25472904,775.0,777.1613911930599,False,3366.0973037635663,245.0,8,9,7.112470682492095,0
22,25472669,225.0,303.59441503461915,False,879.8706789317507,10.0,3,0,0.7266424964181893,0
49,5112906885,250.0,332.51138322605806,False,1031.6847619368045,15.0,3,0,0.5015772101490019,0
141,3456413131,100.0,209.04170263629308,False,383.46893884053856,0.0,0,0,0.0,0
181,2919558521,415.0,461.4553887031214,False,1708.640790691387,125.0,4,10,9.274370159376522,0
284,21665031,820.0,662.4800377471342,True,2764.0201981724535,420.0,7,8,10.347058204746162,0
259,11863145,1145.0,910.116882397233,True,4064.113632585471,670.0,5,19,16.475786123373393,0
119,1685938630,425.0,492.70534189412047,False,1872.7030449441327,80.0,6,14,16.76871264812461,0
84,25470679,310.0,374.2816824365568,False,1250.978832791923,45.0,2,9,11.943738804546383,0
250,1685938740,290.0,364.8932322372532,False,1201.6894692455792,30.0,1,4,4.245633099025222,0
267,3764054180,855.0,877.9061019472801,False,3895.0070352232183,240.0,11,5,5.870924315420351,0
185,677445936,460.0,500.4630537183461,False,1913.4310320213172,105.0,3,7,6.213278964791721,0
266,2784682596,370.0,403.24149536963137,False,1403.0178506905645,100.0,2,3,2.9352276202103837,0
221,9791489,240.0,322.897272068934,False,981.2106783619033,10.0,1,0,0.4179316983250107,0
137,3567188665,160.0,267.2927816543641,False,689.2871036854111,0.0,1,0,0.0,0
94,7198096092,270.0,337.5571620290257,False,1058.1751006523846,30.0,2,0,2.267164088421044,0
126,1614846678,450.0,512.4876543827489,False,1976.5601855094317,90.0,2,6,4.814753826634062,0
222,21665719,465.0,486.75363746627346,False,1841.4565966979362,170.0,2,6,4.588627828417306,0
30,25471089,440.0,508.43973509062744,False,1955.3086092257943,80.0,4,2,1.8882165959355566,0
156,1685751707,300.0,370.841389821288,False,1232.9172965617606,40.0,6,4,2.854056396810705,0
73,12031865281,545.0,510.15871231335746,True,1964.3332396451258,305.0,2,19,14.856818265189403,0
171,25470679,510.0,576.9705639101575,False,2315.0954605283264,105.0,4,6,5.845933849519859,0
80,25472904,225.0,313.2732816446684,False,930.684728634509,5.0,2,0,0.499850917425629,0
257,107863,400.0,454.75087622318136,False,1673.4421001717026,80.0,5,11,8.478786979321798,0
6,734320209,185.0,280.8784243354389,False,760.6117277610545,0.0,1,0,0.0,0
296,108329,690.0,681.2557581333284,True,2862.5927301999745,210.0,8,0,0.24499999999999997,0
133,21665006,375.0,402.7822662749989,False,1400.6068979437443,130.0,2,7,4.817920138705417,0
189,4969460352,890.0,887.1141662368988,False,3943.34937274372,265.0,7,4,7.261899854283617,0
226,1230997557,645.0,662.9089387923317,False,2766.2719286597417,180.0,7,9,10.149739131427943,0
232,10559192943,825.0,822.8525567261718,False,3605.975922812399,265.0,10,10,10.105261111724024,0
81,1317141252,755.0,785.7279261078329,False,3411.0716120661227,200.0,5,16,14.53412340158627,0
159,21665367,305.0,377.1352219637356,False,1265.959915309612,45.0,2,5,4.716127325691511,0
18,26699549,240.0,311.31744217793397,False,920.416571434153,60.0,1,7,7.128229993606519,0
274,1667118171,605.0,645.3685626361669,False,2674.1849538398737,150.0,5,5,7.381396713673106,0
260,25500758,330.0,403.71226067948834,False,1405.489368567314,45.0,4,1,1.4175929828086078,0
31,25533321,425.0,493.9315785873878,False,1879.1407875837856,75.0,8,0,1.8029204657649862,0
21,8916277,985.0,967.61805649237,True,4365.994796584946,320.0,12,5,6.669556524854746,0
109,2131643980,240.0,322.3373271809254,False,978.2709676998583,10.0,0,0,0.42252129568654884,0
103,11052055761,780.0,798.9747956485661,False,3480.61767715497,220.0,8,8,7.136386039409266,0
36,1685938727,530.0,563.6976760514035,False,2245.412799269868,135.0,8,8,8.49801624377012,0
234,1230855633,770.0,674.0319070656263,True,2824.667512094536,470.0,2,25,25.81014535795928,0
139,25544136,290.0,366.2774531831703,False,1208.9566292116433,30.0,3,0,0.4423424625493752,0
211,102003,780.0,773.8309843154711,True,3348.6126676562235,235.0,4,3,3.8770723567936622,0
71,102025,585.0,630.9372489127022,False,2598.42055679169,140.0,2,9,5.212377761772498,0
118,9295694734,865.0,870.3810017775436,False,3855.500259332106,255.0,7,12,13.60663339518918,0
244,25533613,980.0,815.5667166501622,True,3567.725262413355,420.0,1,6,6.6343297853232714,0
293,110004,255.0,335.5926115000352,False,1047.861210375185,20.0,0,2,0.783162393162393,0
1,9791497,470.0,521.4226026466416,False,2023.4686638948685,105.0,4,1,2.823226266455113,0
17,2215490966,385.0,448.8818426900435,False,1642.6296741227281,70.0,3,5,5.207482105210701,0
227,26699537,385.0,445.0837491644203,False,1622.6896831132067,385.0,3,31,36.537721236857685,0
137,435144778,60.0,180.19111270182813,False,232.00334168459761,0.0,1,0,0.0,0
75,108300,560.0,601.0040560408905,False,2441.2712942146736,135.0,3,10,11.352623781211992,0
188,82710881,785.0,681.3946674929318,True,2863.3220043378888,305.0,4,9,7.041058923399898,0
193,25495769,850.0,838.300697593648,True,3687.078662366649,300.0,5,15,13.35939952928312,0
68,3552338823,585.0,592.9205304900278,False,2398.8327850726455,210.0,3,5,7.2999828962573945,0
209,12547908639,960.0,881.8193369804835,True,3915.5515191475392,360.0,4,12,16.438545605582988,0
190,1684410086,650.0,686.3250766194965,False,2889.2066522523546,165.0,6,7,4.012352655367472,0
230,5323722004,565.0,593.0744392538193,False,2399.6408060825524,145.0,5,12,10.982151457715467,0
25,2191588310,210.0,305.1863494622212,False,888.2283346766612,0.0,0,0,0.0,0
269,7261577394,430.0,479.1076308051328,False,1801.3150617269478,105.0,6,5,3.908031872527906,0
279,282569797,105.0,215.59576535114786,False,417.87776809352613,0.0,0,0,0.0,0
282,1166056970,785.0,729.96988271472,True,3118.3418842522774,330.0,3,10,12.85374434255918,0
283,1230855633,655.0,619.869049736568,True,2540.312511116982,320.0,5,17,17.039461011870888,0
38,107797,810.0,807.7727852171207,False,3526.807122389884,240.0,8,3,5.332609930446199,0
14,26652351,145.0,236.1514028673641,False,525.7948650536616,10.0,2,0,0.0,0
246,1691197961,695.0,651.6990539112186,True,2707.4200330338977,290.0,7,9,9.90997310090267,0
225,4328124794,250.0,337.2734057985982,False,1056.685380442641,10.0,0,0,0.07554350702670336,0
43,9791491,745.0,758.3278598752314,False,3267.221264344964,210.0,4,5,4.549590709734715,0
39,9512926,475.0,507.35849403397316,False,1949.6320936783588,130.0,3,6,3.979728445133594,0
130,1455776376,320.0,387.5316642477271,False,1320.541237300568,45.0,1,2,1.5277493360674053,0
143,25501773,485.0,539.0681664881412,False,2116.1078740627413,105.0,2,7,6.93071452927027,0
166,2214957485,430.0,470.5963201873816,False,1756.630680983754,100.0,2,0,1.2481775729444378,0
56,25530312,710.0,685.1162356495516,True,2882.8602371601455,245.0,7,10,7.1716044843817786,0
92,25471089,500.0,503.4808594542085,False,1929.2745121345943,145.0,5,7,7.582596945537895,0
229,1685938740,665.0,703.1788677833732,False,2977.6890558627097,170.0,4,3,4.404440544947874,0
153,25714232,905.0,797.4856274907941,True,3472.799544326665,360.0,8,4,6.940951918653574,0
277,26652351,605.0,580.9810038622494,True,2336.1502702768103,275.0,4,9,7.117255234512383,0
241,25498869,485.0,545.1095846204806,False,2147.825319257524,100.0,4,5,6.0052622029119735,0
228,1309470395,815.0,822.2005093912908,False,3602.552674304278,235.0,4,2,3.5761868661624567,0
15,603756849,885.0,830.4735718119794,True,3645.9862520128913,355.0,7,10,11.403643847134346,0
113,1684410086,325.0,406.0865156714579,False,1417.9542072751542,40.0,3,5,3.3985874458241208,0
106,108305,920.0,914.5228514035682,True,4087.2449698687337,275.0,8,10,10.367437352733731,0
28,21665590,755.0,744.8371801207891,True,3196.3951956341452,260.0,7,11,8.026961668668761,0
199,2453162764,420.0,475.2753713726976,False,1781.1956997066618,85.0,3,1,1.808505956215165,0
76,2191480791,210.0,298.55383314625107,False,853.4076240178181,0.0,1,0,0.0,0
34,1685751696,785.0,689.0393353038899,True,2903.4565103454224,315.0,4,7,6.388276343322155,0
29,4211515634,150.0,256.35366063647723,False,631.8567183415055,0.0,0,0,0.0,0
111,10600115027,185.0,280.78714901374263,False,760.1325323221489,0.0,1,0,0.0,0
275,30939233,520.0,514.5425476756351,True,1987.3483752970844,170.0,1,4,4.70800317393993,0
101,25471086,470.0,538.9711660249865,False,2115.5986216311776,90.0,3,1,1.8054009025188054,0
19,25256620,415.0,477.6207989783809,False,1793.5091946364994,80.0,3,8,6.628943491088071,0
288,2337311458,335.0,411.3981957491902,False,1445.8405276832484,45.0,1,2,1.5675535178446927,0
268,25533438,450.0,460.80498995978644,False,1705.226197288879,140.0,2,10,6.37795871453871,0
289,109838,470.0,494.09803432138324,False,1880.0146801872604,130.0,5,5,5.894343496877403,0
210,8421658424,705.0,650.7881442759884,True,2702.637757448941,295.0,4,15,12.220522132872011,0
