rider_id,origin_node,elapsed_s,time_budget_s,overdue,distance_m,pavement_time_s,red_light_violations,pavement_conflicts,pavement_risk_exposure,severe_conflicts
2,9054849009,40.0,132.68121951604405,False,121.89168295107743,0.0,0,0,0.0,0
139,294651404,55.0,136.8279007555753,False,148.01577476012454,0.0,0,0,0.0,0
63,8784101792,70.0,146.7939347248302,False,210.8017887664301,0.0,1,0,0.0,0
177,9521022,95.0,157.8718980853255,False,280.59295793755064,0.0,0,0,0.0,0
62,5244680779,100.0,157.95203711040062,False,281.0978337955238,0.0,0,0,0.0,0
251,281455009,110.0,169.4137707951829,False,353.3067560096522,0.0,3,0,0.0,0
249,1104448112,150.0,189.75443758809652,False,481.45295680500783,15.0,1,1,0.6745032412051108,0
264,1685751696,185.0,211.60308423911903,False,619.0994307064498,35.0,1,1,0.3010009026352127,0
17,9789808,190.0,215.72285011773627,False,645.0539557417383,35.0,2,3,4.455479888908698,0
265,21665911,195.0,210.9482736465035,False,614.9741239729722,195.0,1,32,34.07147822245844,0
238,317930344,205.0,225.22664249541825,False,704.9278477211348,45.0,1,1,0.43902089101790637,0
11,25501325,220.0,222.72540045199423,False,689.1700228475634,60.0,2,4,4.10605992088775,0
20,25533613,220.0,228.72007207821224,False,726.936454092737,55.0,2,2,1.6036387335420823,0
201,25505558,245.0,240.01604645855355,False,798.1010926888872,75.0,1,13,15.920888217223789,5
157,9512937,245.0,239.33143091329327,True,793.7880147537476,75.0,0,1,3.065674937468711,0
224,2480891600,245.0,247.4048690336895,False,844.6506749122437,70.0,2,1,3.192680268136429,0
27,107863,245.0,250.16230028842187,False,862.0224918170575,65.0,0,3,2.5276714763461285,0
118,1614846678,255.0,242.3593116972081,True,812.8636636924107,85.0,3,16,27.724864215189317,8
93,2476787985,260.0,251.2653656787142,True,868.9718037758994,80.0,3,5,4.493669146904035,0
226,25417431,260.0,255.65681443131282,False,896.6379309172703,80.0,3,2,2.1942133003534283,0
134,7261577394,265.0,254.1896360505254,True,887.3947071183101,85.0,0,10,16.25710212303228,4
138,25473399,265.0,225.81308847886626,True,708.6224574168568,150.0,2,10,12.291502816171404,0
212,107319,275.0,244.70207598396013,True,827.6230786989486,100.0,2,14,13.027277598752992,3
63,10544188931,210.0,228.60251284609652,False,726.195830930408,210.0,4,26,30.158034927765684,6
49,107793,285.0,260.51201696806953,True,927.225706898838,100.0,3,7,7.72867304033481,0
44,6521923987,295.0,278.93015344274653,True,1043.2599666893032,95.0,5,1,3.548920052903625,0
158,5560599869,300.0,281.00682649624173,True,1056.3430069263225,100.0,2,2,2.7960132489700467,0
65,109619,300.0,279.492087390491,True,1046.800150560093,100.0,1,0,1.051794871794872,0
270,970857026,310.0,287.89761555299475,True,1099.7549779838666,105.0,2,5,2.3538969285772233,0
209,333719185,310.0,272.7112174531935,True,1004.080669955119,115.0,2,7,6.8900557677642364,0
230,21665367,320.0,255.54168961331737,True,895.9126445638994,150.0,1,15,17.80493034661739,0
111,25470679,320.0,295.16174862305405,True,1145.5190163252403,110.0,5,5,2.151959869204934,0
19,2441998875,330.0,293.5180209142138,True,1135.163531759547,120.0,3,17,19.05615988932677,0
252,9512937,330.0,290.79384675353595,True,1118.0012345472765,125.0,2,7,12.69109715219842,1
211,3531897238,340.0,302.3203471268833,True,1190.6181868993644,125.0,5,6,5.0677219532685145,0
5,9512935,345.0,300.34066707245074,True,1178.1462025564392,130.0,2,19,20.83285886570696,0
160,26866991,345.0,307.92581280008085,True,1225.9326206405092,125.0,2,9,12.527132342063327,0
132,1619354114,350.0,299.06419134794095,True,1170.1044054920278,140.0,2,4,2.386963747452593,0
60,11863161,350.0,303.5977601803198,True,1198.665889136015,135.0,4,5,4.123095874903278,0
278,9475528,350.0,309.18588881654335,True,1233.8710995442234,130.0,3,3,3.396129466700623,0
216,3764054180,355.0,304.9332513852599,True,1207.0794837271367,140.0,3,20,20.628500049529503,0
62,107793,250.0,248.09066130017257,False,848.971166191087,75.0,2,4,2.1611725352037627,0
264,1678452820,165.0,197.72992683472754,False,531.6985390587834,25.0,1,0,2.4771961514108027,0
236,25502541,355.0,272.76644497232206,True,1004.4286033256286,220.0,3,22,19.100537935925612,7
52,107807,375.0,305.54776071427426,True,1210.9508924999277,185.0,1,27,27.10507033648992,0
194,1630526800,375.0,314.9173854920117,True,1269.9795285996736,150.0,1,2,3.0241910685651643,0
124,110009,380.0,336.3411491409153,True,1404.9492395877667,140.0,2,2,2.9474897030735914,0
155,108252,385.0,334.2892096802991,True,1392.0220209858849,150.0,1,0,2.837522745863458,0
130,351771449,385.0,332.9410553010517,True,1383.5286483966252,150.0,4,6,4.890154230319413,0
72,1685267218,390.0,332.8982317577913,True,1383.258860074086,155.0,8,9,6.8022204741271475,0
265,25502545,190.0,199.14379895628545,False,540.6059334245981,75.0,3,3,3.647888895435713,0
146,14077667431,390.0,328.9756904007873,True,1358.5468495249597,155.0,7,7,6.131152849744952,0
76,5932883505,390.0,308.468761266016,True,1229.3531959759011,190.0,8,5,6.736270673794163,0
67,12955269409,390.0,319.2783498228653,True,1297.4536038840513,165.0,4,10,12.968504279914999,7
14,435144778,400.0,323.2238963414948,True,1322.3105469514176,180.0,3,4,6.923473323197492,2
241,25500900,410.0,340.62030269127877,True,1431.9079069550567,170.0,4,4,5.619315687023676,0
235,108901,410.0,349.5289831287736,True,1488.0325937112743,165.0,6,18,17.182746007740924,0
259,333670399,410.0,341.69506064465907,True,1438.6788820613524,170.0,4,16,18.628696666854747,0
120,2047806084,410.0,341.2956478502158,True,1436.162581456359,170.0,2,13,12.290529027806492,0
260,1782919585,410.0,350.85391415282663,True,1496.3796591628077,160.0,3,1,2.434349060166727,0
286,1938580083,415.0,343.7807405943283,True,1451.8186657442689,170.0,4,16,13.671601784953118,0
55,10574749,420.0,351.79112329331343,True,1502.2840767478738,170.0,3,9,7.198112564069346,0
17,26699545,230.0,235.06312125159678,False,766.8976638850595,65.0,2,1,2.026147620579003,0
174,25522907,425.0,330.19290582143606,True,1366.215306675047,190.0,6,28,26.78087108250548,0
153,12437379708,425.0,320.26411803864727,True,1303.6639436434782,200.0,4,26,30.473865875524847,0
186,1678452820,425.0,355.16039855802734,True,1523.5105109155725,175.0,4,2,2.4233636926390654,0
37,102000,430.0,365.88272159163347,True,1591.0611460272914,170.0,7,5,7.460308631159961,0
59,108896,430.0,364.8704918358484,True,1584.6840985658441,170.0,6,2,3.739676655714647,0
274,500486430,435.0,352.1416523607514,True,1504.4924098727338,185.0,1,12,11.8542742294141,0
8,9791495,440.0,355.6822956251855,True,1526.798462438669,190.0,5,14,12.025713158953637,0
175,1317156147,440.0,364.32890866592976,True,1581.2721245953574,180.0,2,4,4.12411975261009,0
143,742854915,445.0,317.83335747235077,True,1288.3501520758098,220.0,3,8,12.114128555538498,0
213,25507343,450.0,339.37483318670337,True,1424.0614490762312,210.0,2,6,5.947790399978899,0
185,11863145,455.0,374.3178167046614,True,1644.2022452393676,190.0,2,1,3.403877683961357,0
15,1230855633,460.0,379.074603522504,True,1674.1700021917757,190.0,6,7,6.452641346795796,0
98,2191480791,460.0,318.1509447385484,True,1290.3509518528547,390.0,3,47,53.66854832974014,24
228,107812,470.0,366.8243305216767,True,1596.993282286563,210.0,2,9,10.346543613030294,0
292,6943750656,475.0,381.2323104843912,True,1687.763556051666,205.0,6,11,16.756250218211584,0
61,9791487,475.0,372.4415723749097,True,1632.3819059619304,210.0,9,23,17.690261532895907,0
7,25257319,480.0,379.3722079176038,True,1676.0449098809038,210.0,5,10,8.703464372211737,0
179,1684410086,485.0,386.92619051227285,True,1723.6350002273182,210.0,6,12,9.960149206895219,0
187,4962063593,485.0,383.11409397261303,True,1699.6187920274615,215.0,4,10,13.924164972487945,0
183,194250,485.0,392.6928748771981,True,1759.9651117263477,210.0,4,9,7.877879812875353,0
234,25474664,490.0,380.9167917114795,True,1685.7757877823215,220.0,5,6,6.028773237819533,0
190,2214957485,490.0,400.508772518467,True,1809.2052668663428,205.0,2,1,2.0678769048023553,0
33,11747638084,490.0,395.94408165089305,True,1780.4477144006255,210.0,5,2,4.788061889432306,0
248,12437379708,495.0,391.70325543819916,True,1753.7305092606546,220.0,3,8,9.390355452966784,0
70,3552338823,495.0,356.09645949150735,True,1529.407694796496,255.0,1,21,20.57574386173141,0
91,25257789,495.0,397.39758967413405,True,1789.6048149470441,215.0,6,3,4.374592486511874,0
22,3561398893,500.0,397.08121830653016,True,1787.6116753311403,220.0,4,5,5.404050939143368,0
41,9512926,505.0,397.4056260182668,True,1789.6554439150805,225.0,3,3,3.4410483833198215,0
220,295907948,510.0,390.82133289189017,True,1748.1743972189074,235.0,2,11,7.788440920535079,0
140,21665367,510.0,382.55292294452437,True,1696.083414550504,265.0,2,8,5.3353870935313,0
208,5453319326,510.0,365.94666411813677,True,1591.4639839442602,295.0,7,41,56.28731508467195,18
231,9521034,515.0,413.1111011618047,True,1888.5999373193695,225.0,4,5,4.449936873803661,0
112,9521022,515.0,405.669768188574,True,1841.7195395880153,230.0,11,1,5.664075370392871,0
165,5935822696,515.0,407.49989855791006,True,1853.249360914832,225.0,5,14,12.265539473554838,0
253,677445936,515.0,403.11476926215124,True,1825.623046351554,230.0,2,13,10.955876498124605,0
169,25472291,520.0,385.9762499595833,True,1717.6503747453744,245.0,7,22,18.41971574109257,0
210,452589682,525.0,396.2093962655339,True,1782.1191964728635,245.0,7,12,15.106276261009343,7
269,3442281747,530.0,423.5663912912334,True,1954.4682651347703,230.0,4,8,4.985461159010471,0
21,25522907,530.0,410.7163518387902,True,1873.5130165843768,240.0,8,10,8.392725081717952,0
198,2191480791,530.0,355.9860220228325,True,1528.711938743845,435.0,4,45,51.28548632327065,24
251,1616122178,420.0,355.7592590906217,True,1527.2833322709166,170.0,4,1,4.631055429496801,0
205,435144778,535.0,404.2343636707086,True,1832.6764911254647,260.0,5,25,27.38009267370982,2
68,25498827,540.0,426.9159357206682,True,1975.5703950402087,240.0,5,4,5.778463065722129,0
283,9789819,545.0,415.6498479945773,True,1904.5940423658365,250.0,3,12,13.04492172746862,0
168,452589682,550.0,431.56407844826856,True,2004.8536942240926,245.0,2,4,4.223372962941072,0
233,108299,550.0,434.31085015384656,True,2022.158355969234,245.0,7,3,3.7912952636868265,0
126,268272727,550.0,429.6587415989516,True,1992.8500720733962,245.0,6,6,5.741825370133241,0
76,500486430,155.0,191.6415811788904,False,493.3419614270094,20.0,2,2,2.6299007266704018,0
247,21666007,550.0,429.9988561533028,True,1994.9927937658078,245.0,5,14,9.101085081535413,0
84,26559655,555.0,386.5381005000765,True,1721.1900331504803,280.0,2,26,22.481881166509556,0
200,5387300688,555.0,392.51057226434074,True,1758.8166052653457,280.0,6,38,40.34672730346588,0
46,34709162,565.0,437.5328298588125,True,2042.4568281105178,255.0,3,8,9.973195893415822,0
102,25256256,565.0,416.3359323624299,True,1908.9163738833095,270.0,6,9,13.565719512645034,0
282,108290,565.0,411.64539160897937,True,1879.3659671365701,275.0,6,3,3.3953459082466817,0
223,25470694,565.0,402.94127022586497,True,1824.53000242295,280.0,1,4,4.949547182549417,0
56,12437379708,565.0,435.78388981185645,True,2031.4385058146963,255.0,7,18,14.819666005930383,0
43,25502829,565.0,435.85380530194567,True,2031.878973402258,255.0,4,8,10.97999343210431,0
29,4457798822,565.0,436.24832384923644,True,2034.3644402501895,255.0,5,6,6.7840974735800055,0
132,317930344,210.0,224.49467042947538,False,700.3164237056945,50.0,2,0,0.6648530652226219,0
106,2047806108,570.0,428.3186062445192,True,1984.4072193404702,270.0,5,2,4.185351083453899,0
9,21533909,575.0,454.5130797527978,True,2149.432402442626,255.0,7,10,10.929338661785037,0
2,10983187054,535.0,354.40016368503,True,1518.7210312156894,335.0,6,32,32.43682918380926,3
224,4712556876,330.0,282.00338473905884,True,1062.6213238560704,130.0,2,7,7.082804989322263,0
114,3147915545,585.0,414.88816751689785,True,1899.7954553564568,290.0,5,13,7.492701554992978,0
256,21665583,585.0,432.1111860015699,True,2008.3004718098903,585.0,14,54,80.62173917307973,16
16,9791156,585.0,442.75637988025215,True,2075.3651932455873,275.0,8,12,10.532977447094622,0
67,9046520718,200.0,218.07855428449483,False,659.8948919923172,45.0,2,9,12.095068098222562,6
252,351771449,260.0,247.4989816701456,True,845.2435845219172,85.0,3,10,9.054197018098566,0
47,25257463,600.0,452.192383186115,True,2134.812014072527,280.0,9,22,22.663189213166383,0
216,25500900,240.0,246.24923693876374,False,837.3701927142115,65.0,1,2,1.6526126496734257,0
123,12398519156,600.0,459.71323152506477,True,2182.193358607909,275.0,6,14,11.194001781680429,0
83,25473300,615.0,467.35711792114876,True,2230.349842903236,285.0,5,21,15.24888473112826,0
82,9512926,615.0,463.97490180186514,True,2209.04188135175,290.0,7,6,7.4173238632062155,0
170,742854915,620.0,446.0831524780667,True,2096.3238606118207,305.0,5,6,7.992030445587891,0
206,109619,620.0,476.03405429768384,True,2285.0145420754075,285.0,9,6,7.15634446205051,0
196,25476020,620.0,401.6380579572494,True,1816.319765130672,345.0,5,4,7.313379537100524,0
161,9791487,625.0,474.994545023991,True,2278.4656336511416,290.0,5,4,6.770799123814417,0
177,26699543,530.0,381.70918013504394,True,1690.7678348507764,270.0,4,19,12.424014734409964,0
11,25507041,405.0,329.38779672584593,True,1361.1431193728297,170.0,2,3,3.775919050876157,0
40,5932883505,630.0,404.0285490249376,True,1831.3798588571083,355.0,7,28,24.71396117252517,0
73,2191480791,630.0,423.03399749603375,True,1951.1141842250133,485.0,11,46,59.83976146678719,24
212,2934851413,350.0,310.94848362924773,True,1244.9754468642604,130.0,4,3,4.225597359544909,0
218,21665006,630.0,484.0272264190444,True,2335.371526439979,290.0,5,11,9.242080396368788,0
173,25532341,635.0,472.92854613336806,True,2265.4498406402195,300.0,2,10,20.226893950434985,0
117,25533578,635.0,453.7383580517099,True,2144.5516557257733,315.0,4,1,4.181376972849408,0
279,9791491,640.0,462.18530693852887,True,2197.767433712731,315.0,8,8,11.311572126617547,0
69,107800,640.0,484.2236941921786,True,2336.609273410723,300.0,10,13,10.217690378998725,0
242,972535469,650.0,477.3700720556616,True,2293.431453950669,315.0,8,21,21.417861340294397,0
275,25476041,650.0,384.21201075024936,True,1706.5356677265725,390.0,9,13,10.78736745943704,0
23,109838,650.0,435.03692452148437,True,2026.7326244853527,355.0,8,6,12.096262288726308,0
119,3887905014,650.0,471.42245238716976,True,2255.961450039169,320.0,5,19,20.86820354630541,0
51,21665912,655.0,503.7708412049153,True,2459.756299590967,300.0,8,16,11.723854932686331,0
257,9789823,655.0,490.3321281364447,True,2375.092407259599,310.0,5,5,7.103361424608859,0
171,9966771320,655.0,487.67993413444543,True,2358.383585047006,310.0,6,5,5.9533266086317616,0
54,1684410105,660.0,493.97389766815525,True,2398.03555530938,310.0,14,12,13.86302939857554,0
153,4712556962,230.0,224.5639937435103,True,700.7531605841145,120.0,3,12,10.587508760910795,0
271,21590630,660.0,482.74789752958225,True,2327.311754436368,320.0,3,9,10.563672994458837,0
63,298206178,380.0,311.431279526182,True,1248.0170610149469,160.0,4,7,3.862781234353289,0
229,9791487,670.0,482.7067559926298,True,2327.052562753569,330.0,7,9,14.37911939375941,0
97,25473285,670.0,484.59460018314485,True,2338.9459811538145,330.0,6,2,3.7775255689362006,0
48,25524240,675.0,468.99747383254595,True,2240.684085145041,345.0,8,23,17.83761206768694,0
92,2493654751,680.0,410.33222799589345,True,1871.093036374128,440.0,6,21,20.549646765095137,0
77,14728072,680.0,482.53159943982973,True,2325.9490764709267,340.0,6,5,7.7199601819550585,0
151,4356591932,680.0,497.89923653090807,True,2422.7651901447225,330.0,6,6,3.9295916047702044,0
44,25544119,385.0,331.7736947584347,True,1376.1742769781388,150.0,6,5,6.101216423996982,0
74,108258,690.0,436.17517686699955,True,2033.9036142620978,380.0,4,16,15.435353262125085,0
263,108059,705.0,487.06003534530373,True,2354.478222675413,360.0,13,2,4.266201416822444,0
105,268272727,705.0,519.5697973122014,True,2559.289723066867,340.0,8,7,5.497450346068674,0
245,5244680779,705.0,501.35999318331056,True,2444.5679570548537,385.0,7,12,9.766356335449009,0
3,823745,705.0,500.26230479491994,True,2437.6525202079943,350.0,6,17,19.845975125210618,0
148,13919763200,710.0,484.3862971149787,True,2337.633671824365,370.0,5,21,13.528176840292431,0
81,25533578,710.0,424.1169815584346,True,1957.9369838181376,410.0,4,17,20.257083686785506,0
82,9791487,90.0,156.16943214517815,False,269.8674225146222,0.0,0,0,0.0,0
103,821428,715.0,507.7431435991101,True,2484.781804674391,355.0,4,31,25.229913362991454,0
197,1667203491,715.0,525.8803340205029,True,2599.0461043291702,345.0,5,13,13.003531386861752,0
176,5932856691,715.0,447.1837280862265,True,2103.2574869432283,540.0,5,13,16.70550919188035,0
152,25472669,715.0,509.65267232198613,True,2496.811835628512,355.0,6,15,14.887312597695459,0
239,25503799,720.0,501.10774968778793,True,2442.9788230330614,365.0,14,11,10.739032924603777,0
268,4360406511,720.0,519.1744055108137,True,2556.7987547181237,355.0,5,21,18.671463242304622,0
195,3567188470,720.0,548.9408016136834,True,2744.327050166207,335.0,9,9,9.233765642331234,0
198,107863,190.0,214.62165209418401,False,638.1164081933588,35.0,3,1,1.4335812318853254,0
142,9791495,725.0,520.5270205061972,True,2565.3202291890434,360.0,6,16,15.536740000514337,0
261,2833445980,730.0,516.0603448392288,True,2537.1801724871398,365.0,7,2,3.5987135332158697,0
65,107818,430.0,351.496078981111,True,1500.4252975809986,180.0,1,17,15.700429211022659,0
144,742854915,735.0,490.751141000668,True,2377.732188304206,415.0,6,25,24.346471878642337,0
290,25501325,740.0,452.69026660593073,True,2137.9486796173646,540.0,6,42,50.467496099768006,3
204,109838,745.0,510.7829129475263,True,2503.9323515694173,385.0,5,6,6.249882512550749,0
139,14069254029,690.0,506.8581148983179,True,2479.2061238594006,335.0,8,4,8.264415002784235,0
248,25496780,250.0,251.3997862540242,False,869.8186534003527,70.0,4,0,0.855891772331858,0
264,108209,395.0,318.6165825837438,True,1293.2844702775856,180.0,3,5,7.069248274075687,0
219,25473373,755.0,466.15814089121466,True,2222.7962876146535,535.0,11,41,39.086856254458446,0
38,11052055761,755.0,541.4878904291,True,2697.3737097033286,375.0,6,9,9.799321378866638,0
12,25497446,755.0,527.5208763903416,True,2609.381521259151,385.0,10,20,24.19786126000305,0
207,25544119,760.0,526.2030123450407,True,2601.0789777737573,390.0,5,13,19.67416242375517,3
191,25472291,765.0,498.1838271296149,True,2424.558110916572,425.0,7,23,22.094169675194646,0
277,25471089,765.0,557.917499553091,True,2800.8802471844733,370.0,11,9,9.468815193243326,0
24,489796745,770.0,540.8881144303745,True,2693.5951209113587,400.0,6,25,26.087412048094208,2
252,25501007,175.0,205.24869535729553,False,579.066780750962,30.0,1,1,1.7329796483427844,0
274,26652351,335.0,294.8321657592541,True,1143.442644283301,125.0,2,6,7.759282243907245,0
18,8972731452,775.0,531.358771895986,True,2633.5602629447094,400.0,5,19,16.3510958911596,0
154,25507041,775.0,543.2643171864474,True,2708.565198274617,390.0,3,36,43.025533295186214,0
129,107786,775.0,548.3802593933558,True,2740.795634178138,405.0,15,14,13.929421906265242,0
66,25476041,775.0,542.8125231460878,True,2705.7188958203537,395.0,15,16,20.71486274909604,0
232,1025502817,780.0,533.9389428300786,True,2649.815339829493,415.0,5,11,14.249042661433032,0
187,7261577394,290.0,272.3792783075991,True,1001.9894533378742,95.0,3,2,2.1999991683531452,0
166,14017207475,785.0,557.3633849824299,True,2797.3893253893084,390.0,12,16,12.414680110659365,0
192,108258,785.0,550.3226752604998,True,2753.032854141145,395.0,4,14,9.190997928041009,0
267,21665909,785.0,529.8361085937212,True,2623.967484140446,435.0,10,12,8.648029622279868,0
230,13808848004,460.0,362.7580016552191,True,1571.3754104278814,205.0,4,7,4.834695558952261,0
31,1587616047,785.0,572.1183071028147,True,2890.3453347477334,380.0,7,14,13.914315687386615,0
64,108258,785.0,536.1214906443132,True,2663.5653910591723,405.0,10,28,30.440432871580633,0
128,4784457202,790.0,502.81776693064364,True,2453.7519316630533,515.0,7,36,31.021784601583608,0
273,25257044,790.0,573.4070719508734,True,2898.4645532905038,385.0,10,12,13.953144946373467,0
136,3439409106,790.0,529.5412746159574,True,2622.11003008053,485.0,8,14,10.711275854075744,0
250,107830,790.0,544.6622966880939,True,2717.3724691349908,405.0,10,15,14.32480909614124,0
270,1316072261,475.0,377.5072338965021,True,1664.2955735479634,210.0,10,7,9.681387430591908,0
193,9849094224,800.0,572.0455991257079,True,2889.88727449196,395.0,5,14,16.78493714518919,0
206,25500900,180.0,209.73031706660763,False,607.3009975196284,30.0,3,2,2.4044554091817503,0
281,25501320,810.0,524.5649721429764,True,2590.759324500753,535.0,10,31,28.56704783089374,0
96,454368529,810.0,532.5489664827932,True,2641.0584888415956,455.0,8,17,15.7948784891794,0
254,6266808745,820.0,581.1642303709508,True,2947.33465133699,440.0,13,15,13.328101093046545,0
86,25474676,825.0,561.2821648799896,True,2822.0776387439378,430.0,5,3,5.500833792952873,0
215,7737133469,825.0,566.7126086493612,True,2856.2894344909732,440.0,13,32,34.71020510636923,3
228,10188265464,350.0,306.8814421723188,True,1219.353085685609,135.0,2,6,3.43067639304504,0
36,5244680779,830.0,608.6771473823075,True,3120.6660285085313,400.0,7,9,9.24391059450291,0
226,26591528,570.0,413.7289129461032,True,1892.4921515604497,305.0,4,18,20.996933683924908,1
262,25532841,840.0,567.6239397108052,True,2862.0308201780717,440.0,10,19,16.780257138619742,0
220,9791487,325.0,296.7808160614283,True,1155.7191411869985,115.0,5,1,3.675185691301368,0
75,9789821,840.0,597.111971700405,True,3047.805421712552,420.0,12,8,12.292669671508035,0
91,25544127,345.0,306.1639383079682,True,1214.8328113401992,130.0,6,6,5.906602628703224,0
6,25476020,845.0,550.7838429929558,True,2755.9382108556247,465.0,10,13,11.812179183369542,0
223,11267145959,275.0,266.1615081898475,True,962.8175015960389,85.0,5,14,16.3034727854082,0
151,25257028,160.0,197.270381185613,False,528.8034014693619,20.0,2,1,0.5390299049840742,0
285,4216272817,850.0,600.4586478866496,True,3068.8894816858938,425.0,13,11,10.41307713377409,0
179,25473286,365.0,297.9271568379088,True,1162.9410880788253,155.0,2,7,9.403471232864113,0
22,25472666,360.0,310.9077582680063,True,1244.71887708844,140.0,4,7,6.380964815788182,0
89,102025,870.0,638.1428840091677,True,3306.3001692577527,420.0,16,8,8.163430133617625,0
209,26652119,555.0,432.31423806815815,True,2009.5796998293968,250.0,5,2,3.9115797450785323,0
157,25257028,620.0,447.6739281705245,True,2106.3457474743045,305.0,6,9,10.310330886571787,0
225,2215490963,875.0,610.6379840784502,True,3133.019299694237,445.0,12,10,6.418367115754418,0
25,317930344,885.0,500.0518576634638,True,2436.326703279826,530.0,6,15,15.65294696490899,4
249,3557235449,735.0,528.5863885349514,True,2616.094247770195,360.0,5,3,4.883935173700919,0
278,9791494,540.0,379.47743510692015,True,1676.7078411735965,300.0,4,21,18.297520964613774,0
59,26651413,460.0,347.3892785180145,True,1474.5524546634924,215.0,3,5,4.61476028133818,0
94,109618,900.0,620.2620817012324,True,3193.6511147177644,465.0,19,12,15.850725283310279,0
1,21665582,900.0,489.4917019816124,True,2369.797722484162,900.0,2,32,29.802563104883074,0
288,282686499,900.0,558.3736094710963,True,2803.7537396679045,505.0,11,78,84.36793789221228,0
237,26699545,905.0,626.7236649261976,True,3234.359089035045,500.0,13,8,11.947335885499543,0
88,4702603702,905.0,574.8787181476757,True,2907.7359243303536,500.0,6,10,10.87914397066183,0
269,8972731452,370.0,327.4872111626089,True,1349.169430324436,140.0,4,0,3.161274987704823,0
292,9791495,430.0,333.57191794268437,True,1387.5030830389105,195.0,4,8,10.28117796150132,1
103,25500900,195.0,215.57236499275567,False,644.1058994543608,40.0,0,2,1.0034316190462218,0
46,11618689213,345.0,308.9870860883482,True,1232.6186423565935,125.0,4,5,5.46078281135787,0
234,10845640242,420.0,345.58079795705856,True,1463.159027129469,175.0,5,8,7.375932565207272,0
161,1493424643,285.0,267.4558356061235,True,970.9717643185779,100.0,4,12,12.349437508980287,0
256,21665367,325.0,292.80024455218773,True,1130.6415406787821,120.0,3,10,13.409100220519678,1
131,25472873,915.0,539.3010611770608,True,2683.5966854154826,535.0,6,14,9.355494687825587,0
229,281454988,240.0,239.15621846520813,False,792.6841763308108,70.0,2,3,5.947598386281305,0
63,2191480791,245.0,242.995684587449,False,816.8728129009285,70.0,2,0,1.2801743380005712,0
163,26652357,920.0,533.1378856919006,True,2644.7686798589702,635.0,7,20,18.407302170390647,0
192,25532328,130.0,176.55680379309095,False,398.3078638964729,5.0,1,0,0.2183681969128917,0
227,25471086,925.0,585.3472057347954,True,2973.6873961292104,605.0,13,37,34.80535294863868,0
133,7684091166,930.0,659.006938141517,True,3437.74371029155,465.0,8,22,17.67538634926665,0
99,6424675168,930.0,615.9515470316594,True,3166.494746299455,495.0,10,25,24.300866570180165,0
34,454368529,930.0,600.8167534543404,True,3071.145546762341,525.0,6,17,17.503366926442652,0
287,25534084,935.0,636.3841521834378,True,3295.220158755655,485.0,11,25,26.391768926652695,0
26,5339077114,935.0,559.1339898107125,True,2808.5441358074895,555.0,9,29,31.236226260527737,0
108,5339077114,935.0,558.3232564650618,True,2803.436515729891,555.0,7,22,20.532044925510935,0
156,1317156147,945.0,667.3551742545063,True,3490.337597803385,475.0,13,18,17.120045889889614,0
251,9791492,410.0,333.22449805839346,True,1385.3143377678784,175.0,3,5,8.931323792551833,0
159,25256330,950.0,601.2186091414637,True,3073.6772375912196,525.0,9,27,23.828495925707713,0
146,107708,555.0,439.4598944526661,True,2054.5973350517957,245.0,11,2,4.800230603350371,0
155,292252720,560.0,434.97903773256746,True,2026.3679377151752,255.0,10,3,3.2972398073059788,0
92,25417428,270.0,254.97741292307842,True,892.3577014153939,90.0,3,12,16.954739068230662,7
175,4956890447,510.0,413.2695573541263,True,1889.5982113309965,220.0,7,2,3.7339969598336324,0
172,2191480791,955.0,593.391999621272,True,3024.369597614011,690.0,10,35,57.28092737124721,24
93,1607738730,690.0,503.5588284723008,True,2458.4206193754962,335.0,8,9,8.790670686611499,0
116,1691133712,955.0,653.4939829828281,True,3403.012092791816,495.0,6,15,15.76436784359763,0
223,1612472593,110.0,169.17942106899255,False,351.830352734653,0.0,2,0,0.0,0
19,823745,625.0,470.0828250717899,True,2247.521797952275,295.0,10,16,9.280177805351391,0
107,292252720,960.0,641.0942542621752,True,3324.8938018517088,510.0,4,18,22.494971481570637,0
181,25377990,965.0,671.6459170170164,True,3517.3692772072027,490.0,13,24,25.478699301669874,0
13,14069254029,965.0,662.0121218985698,True,3456.6763679609885,500.0,7,22,18.512202079885128,0
275,8998120937,315.0,283.14939432022646,True,1069.8411842174264,115.0,4,12,9.796521382041933,0
100,1106056866,975.0,675.1710227682012,True,3539.5774434396635,505.0,11,16,15.315137911360578,0
113,108216,975.0,593.6845328751127,True,3026.2125571132074,560.0,7,29,24.552630100615705,0
7,820271,490.0,392.8089399596129,True,1760.6963217455614,215.0,3,13,11.493574203455557,0
141,454368529,975.0,580.716816979142,True,2944.515946968593,585.0,10,29,26.806097629279712,0
115,107800,980.0,514.4852900890421,True,2527.2573275609657,805.0,8,18,18.00036629387349,0
243,292252720,980.0,659.7868755831229,True,3442.657316173676,515.0,18,41,46.87655675505768,6
85,26591528,980.0,651.82290549775,True,3392.484304635819,520.0,11,8,12.658674690307873,0
171,25495513,320.0,281.0649237825054,True,1056.7090198297835,120.0,1,4,2.717956285356034,0
58,25377989,985.0,687.0152356648375,True,3614.1959846884747,500.0,10,25,20.237098062220326,0
280,25500758,985.0,635.693670034927,True,3290.8701212200394,545.0,11,10,9.806062026880884,0
69,21665580,340.0,287.1386864247099,True,1094.9737244756716,140.0,4,5,4.667431127906883,0
185,2784682596,530.0,406.45200172346483,True,1846.6476108578288,245.0,9,15,15.665238904437125,7
86,2191480791,160.0,195.92725344062418,False,520.3416966759323,20.0,0,2,1.0235002906572612,0
203,6169637661,990.0,654.1238310715094,True,3406.9801357505094,530.0,11,15,17.86433347036986,0
212,25632144,355.0,310.7404226104849,True,1243.6646624460554,135.0,6,1,1.0714565196291383,0
150,104315,1000.0,573.3002741410363,True,2897.791727088532,595.0,6,9,12.065558153409793,0
230,10661209574,210.0,211.9911549817405,False,621.5442763849647,100.0,1,7,6.247820312184592,0
253,2450775063,480.0,377.0304340605059,True,1661.2917345811866,215.0,4,32,48.26462825569218,12
20,9512935,775.0,498.15083387821994,True,2424.350253432787,470.0,10,33,28.56499593735618,0
120,8752950708,590.0,441.1344468372659,True,2065.1470150747746,280.0,4,8,7.631189357686612,0
289,26699544,1005.0,625.534064202798,True,3226.864604477626,610.0,8,22,18.605453208633843,0
125,108059,1005.0,527.4740536228502,True,2609.0865378239605,830.0,6,17,19.830219235084577,0
14,1678452758,605.0,404.3033544757678,True,1833.1111331973357,325.0,2,37,38.03986216815235,0
132,9295694734,445.0,325.685397482067,True,1337.8180041370226,235.0,3,1,0.7430978596089595,0
56,1612472593,445.0,336.17773834801943,True,1403.9197515925218,205.0,3,8,7.798884363415732,0
259,14791188,605.0,471.57339335664733,True,2256.9123781468784,270.0,8,1,5.085213392850758,0
30,1137916914,1020.0,641.3711371297976,True,3326.638163917726,570.0,10,18,23.853384574209656,0
278,14069254029,120.0,176.80957645079064,False,399.9003316399808,0.0,1,0,0.0,0
50,25473556,1020.0,517.7346689791221,True,2547.7284145684725,815.0,4,19,15.068440800764026,0
79,14728072,1025.0,581.5344822663327,True,2949.6672382778975,615.0,7,10,10.46785622638277,0
169,452486132,500.0,386.2819906529515,True,1719.576541113594,225.0,6,2,2.9208286299627946,0
10,25375812,1030.0,583.928707143027,True,2964.7508550010725,620.0,8,8,10.258477561147005,0
138,1938580083,770.0,525.167051260837,True,2594.552422943272,400.0,10,21,20.458785126458253,0
162,4457798822,1040.0,629.9369120280005,True,3254.6025457763994,595.0,14,34,31.889750630366564,0
258,6410407480,1040.0,708.3049550756034,True,3748.321216976299,545.0,8,13,15.462575835685046,0
198,108258,315.0,265.8572466607323,True,960.9006539626134,125.0,1,5,6.998494454243609,0
42,8972731452,1045.0,679.9574879157225,True,3569.7321738690493,565.0,12,30,25.65147048275644,0
29,9849094224,475.0,386.1347755377379,True,1718.6490858877482,200.0,6,13,9.260250967209975,0
236,13250138,685.0,475.93796740781323,True,2284.4091946692247,350.0,6,17,17.246962571288,0
78,25256620,1050.0,626.4010904278894,True,3232.3268696957057,615.0,15,18,22.194635821824882,0
182,1678452778,1050.0,655.8910189635833,True,3418.1134194705764,590.0,10,19,20.54349676307744,0
35,25256289,1050.0,713.9173444935706,True,3783.679270309492,550.0,13,26,24.75140525343317,0
109,21533908,1055.0,693.5007525493013,True,3655.0547410605986,565.0,8,33,42.64763297863975,12
190,6943650957,560.0,418.6105175792773,True,1923.2462607494476,265.0,2,3,4.7049714705228025,0
123,25257284,450.0,362.08896063639867,True,1567.160452009313,195.0,7,19,17.938045505493402,0
134,266481785,785.0,565.761350863422,True,2850.2965104395553,385.0,9,13,14.235188310712633,0
71,452396959,1055.0,740.8903426988285,True,3953.60915900262,535.0,16,23,25.13180896108528,0
147,108103,1060.0,729.7871925438566,True,3883.6593130262945,545.0,14,27,26.633595411968276,0
101,1696027870,1060.0,720.6577896916234,True,3826.144075057225,555.0,13,23,29.769623747878214,0
106,108045,490.0,387.52619920695525,True,1727.4150550038169,215.0,6,14,16.489788521212144,0
211,2337311458,720.0,522.5711009575305,True,2578.1979360324426,350.0,8,12,7.308455641286502,0
164,108045,1065.0,624.6228743802495,True,3221.124108595569,625.0,11,12,11.468707525712375,0
214,1106056866,1070.0,672.5177413287207,True,3522.8617703709397,595.0,9,24,24.899617629865702,0
191,25257045,300.0,280.8703583253737,True,1055.4832574498537,100.0,1,1,4.927134275130938,0
288,25472904,170.0,198.94894489423203,False,539.3783528336617,30.0,1,0,1.0362010603326994,0
249,1635864532,180.0,208.68606179413558,False,600.7221893030542,30.0,2,4,4.3595191341959225,0
177,3140855387,445.0,362.24707186878146,True,1568.1565527733233,190.0,2,8,8.914140862694488,0
174,9791484,650.0,494.6043062787428,True,2402.007129556078,300.0,9,8,7.483293102364471,0
127,21665582,1080.0,599.0757474580802,True,3060.1772089859032,1080.0,4,30,36.14542620523194,0
60,194250,725.0,499.47540945998537,True,2432.695079597907,405.0,8,10,12.42923345430222,0
21,3764054180,545.0,422.3620638101114,True,1946.8810020037029,245.0,4,11,10.230138160504275,0
33,21665582,595.0,437.1308575451127,True,2039.9244025342093,595.0,3,51,58.23644549814833,0
122,4347844156,1090.0,590.6839061253995,True,3007.3086085900163,855.0,8,16,17.162119793126262,0
240,107349,1090.0,644.1176613539443,True,3343.9412665298496,695.0,10,31,26.34922800508913,0
199,25483785,1095.0,641.0661278409033,True,3324.7166053976916,650.0,7,25,23.445949783427018,0
229,2919558521,180.0,184.83979978075143,False,450.49073861873393,105.0,3,17,17.86882893328402,3
168,108260,550.0,427.0284842598836,True,1976.2794508372683,250.0,5,3,8.662045979869832,0
110,1614846678,1105.0,665.6125471321426,True,3479.3590469325,635.0,5,19,20.8296894122617,0
284,11863145,1110.0,630.8603138585332,True,3260.419977308753,665.0,8,25,23.35144227128896,0
121,108045,1115.0,657.2628523391311,True,3426.7559697365255,650.0,14,10,9.519841171313624,0
53,333719185,1115.0,646.7438964847305,True,3360.486547853801,665.0,14,11,11.263317681418625,0
4,452236138,1115.0,722.5514447157299,True,3838.074101709097,625.0,6,11,11.606387633986449,0
207,9512925,355.0,300.4626056328697,True,1178.9144154870792,140.0,4,10,6.4479478721487276,0
145,1620855375,1125.0,767.9158502267206,True,4123.869856428343,585.0,9,13,12.497806434261769,0
33,25496592,30.0,127.49777082143068,False,89.23595617501323,0.0,0,0,0.0,0
222,21665911,1125.0,579.187609972306,True,2934.8819428255274,1125.0,8,49,48.56019151832621,0
77,25607361,445.0,366.53658348459254,True,1595.1804759529318,185.0,2,12,11.809765200619323,0
11,21665911,495.0,384.7726210752884,True,1710.0675127743168,495.0,6,25,32.02237841276905,0
238,9515379,920.0,636.2553796667297,True,3294.4088919003975,470.0,8,19,16.691338574390844,0
5,11707733695,785.0,561.6242518030571,True,2824.2327863592604,415.0,6,10,9.91678804976723,0
125,970857026,125.0,177.76915814513248,False,405.9456963143344,0.0,2,0,0.0,0
161,1619500281,215.0,228.06111446544188,False,722.7850211322836,55.0,2,1,1.3053606620288396,0
165,25257284,615.0,387.33703970048816,True,1726.2233501130754,380.0,3,8,8.454689267214752,0
279,881887811,490.0,397.26561051993843,True,1788.7733462756134,210.0,1,7,4.398824222769875,0
246,7013554275,1135.0,766.1349430919448,True,4112.650141479253,595.0,14,15,21.399441730596347,0
141,11331184983,155.0,194.1338872839111,False,509.0434898886399,15.0,2,3,4.732252009881142,2
119,25472904,485.0,382.65901882469285,True,1696.751818595565,215.0,3,16,16.288543559981882,2
72,4457798822,745.0,539.0519737930849,True,2682.0274348964313,365.0,6,7,9.073184646359975,0
66,2271434264,360.0,312.8941753320905,True,1257.2333045921698,140.0,0,6,8.771147518359529,0
266,25533613,1140.0,621.7506616704692,True,3203.029168523944,770.0,6,23,18.177374604654844,0
286,10996228332,725.0,529.7721873595599,True,2623.564780365228,350.0,9,10,8.21825357706072,0
57,21666007,1145.0,590.3716276712981,True,3005.3412543291693,780.0,10,50,46.46707312824976,0
137,452417806,1150.0,741.5817997016985,True,3957.9653381207013,630.0,7,4,3.1453071283311904,0
39,350621322,1150.0,699.6329920148504,True,3693.6878496935565,665.0,10,27,24.349141740460954,0
2,1614978560,565.0,432.34316788551206,True,2009.7619576787258,260.0,5,5,6.445595790364999,0
28,1691197882,1150.0,751.8917684070518,True,4022.918140964427,620.0,13,9,8.004788586791047,0
208,1684410086,635.0,461.7781428701897,True,2195.202300082195,310.0,3,2,7.024640303877918,0
217,313181126,1155.0,760.9004088301803,True,4079.6725756301353,620.0,10,41,37.02028699508788,0
122,3567188470,60.0,142.8171781004722,False,185.74822203297475,0.0,1,0,0.0,0
255,21665583,1155.0,589.7427681312439,True,3001.3794392268373,1155.0,7,53,61.00407580286157,4
272,5404151677,1160.0,706.360973885936,True,3736.074135481394,760.0,11,39,43.92290270017429,0
140,2919558521,645.0,474.0923988916957,True,2272.782113017684,360.0,12,17,17.59203089950474,0
98,454212847,695.0,513.6866440212216,True,2522.2258573336944,335.0,6,12,18.77193310373267,0
245,6089552096,450.0,360.77811038235694,True,1558.902095408849,195.0,5,3,3.3801689724282067,0
213,452589682,710.0,422.4071181823538,True,1947.1648445488277,440.0,4,12,12.669456611162728,0
70,26001541,660.0,494.6406433750574,True,2402.236053262861,310.0,7,12,9.672047083275523,0
178,25498869,1170.0,766.7552403565238,True,4116.5580142461,630.0,19,30,29.682278008521568,0
196,1666324140,550.0,434.5012773015635,True,2023.358046999849,245.0,6,3,3.0107018804385834,0
18,294651409,405.0,345.64407188680383,True,1463.557652886865,160.0,5,13,16.66961922810008,3
254,12978761148,360.0,309.89410529530636,True,1238.3328633604297,140.0,1,11,12.511799900901087,0
17,5393414954,760.0,549.9009335378943,True,2750.3758812887318,760.0,17,51,42.29309914498312,0
264,10983187054,430.0,357.8897356264821,True,1540.7053344468386,175.0,5,5,3.163257129160105,0
276,1938580083,1190.0,625.9339365846432,True,3229.383800483254,960.0,11,22,21.724245537849328,0
27,7959924383,945.0,660.8594092174055,True,3449.414278069651,480.0,12,20,24.110980850887323,0
233,9176400299,640.0,476.6037073119321,True,2288.60335606517,305.0,8,4,4.894063013963248,0
80,1089089322,1195.0,639.3692229692434,True,3314.0261047062368,800.0,9,26,26.18066665612485,0
15,25544130,730.0,405.71983810846126,True,1842.0349800833087,505.0,6,9,8.646690395096257,0
248,107790,445.0,356.6374164144509,True,1532.8157234110402,195.0,6,6,6.621092546430863,0
204,1630526800,455.0,367.5033914478721,True,1601.2713661215942,195.0,5,7,5.957927202398622,0
51,5006063180,550.0,438.86503058036175,True,2050.84969265628,240.0,6,0,3.1736988977122036,0
9,25714234,630.0,481.98442409329664,True,2322.5018717877692,290.0,7,8,7.5767222099386515,0
90,25533578,1210.0,638.7706488955067,True,3310.2550880416907,875.0,2,25,20.875661451033853,0
135,25473616,1210.0,690.6587587640513,True,3637.1501802135126,725.0,9,29,31.940546442246752,0
86,108901,220.0,229.69066141425412,False,733.0511669098003,55.0,3,1,1.578133001592537,0
32,4969460352,1220.0,811.8181806140352,True,4400.45453786843,650.0,16,38,40.82720268359961,0
138,4739043743,175.0,206.53158262034103,False,587.1489705081484,30.0,3,2,3.1111782678152604,0
52,5339077114,840.0,568.009576566005,True,2864.460332365833,440.0,5,10,13.365785807880105,0
118,102018,960.0,646.3953608799349,True,3358.290773543584,505.0,6,12,13.153126448036907,0
34,5568839679,290.0,273.8197901251423,True,1011.0646777883962,95.0,3,3,3.5870501775340133,0
235,4222962219,810.0,566.9285610542637,True,2857.649934641863,410.0,9,12,13.721477367993154,0
180,435144778,1225.0,788.2021516031876,True,4251.673555100082,680.0,11,29,21.768434535636512,2
261,11783244661,500.0,396.0596253624307,True,1781.1756397833121,220.0,9,26,30.667373095560087,7
69,10544188931,250.0,251.48079441397857,False,870.329004808065,250.0,4,26,29.75108118890751,0
100,25256275,260.0,250.18970857447817,True,862.1951640192124,80.0,0,1,0.31977845627367124,0
270,1309470394,440.0,364.980380402943,True,1585.3763965385406,180.0,9,9,8.72404610289038,0
206,25257053,435.0,350.49414561478886,True,1494.113117373171,185.0,2,7,9.287764339421143,0
61,25498827,765.0,567.4375571245848,True,2860.8566098848837,365.0,5,14,9.059919941255508,0
184,25471089,1250.0,677.9219974704583,True,3556.908584063886,870.0,9,46,39.09478734482156,0
149,25524243,1255.0,830.8168428692496,True,4520.146110076282,670.0,12,35,34.64291032788666,0
242,9512935,605.0,448.1916358097299,True,2109.6073056013006,335.0,6,15,17.743207517138657,0
1,25473291,355.0,301.2813958874167,True,1184.0727940907245,150.0,6,24,38.8648801803443,11
167,9791489,1260.0,745.8034705610073,True,3984.561864534338,735.0,8,18,20.578633872706845,0
126,1678452778,705.0,491.85010561703126,True,2384.6556653872963,360.0,5,19,18.92783987231022,0
68,1232048350,715.0,492.92770115103735,True,2391.444517251534,365.0,9,22,23.472021243627147,5
265,812264838,870.0,610.6320432038949,True,3132.98187218454,440.0,15,9,14.7498730391217,0
215,21665965,435.0,357.52745537460993,True,1538.4229688600421,180.0,3,11,13.151735209389392,0
210,13329450969,735.0,514.5236232983494,True,2527.4988267796007,370.0,6,10,9.9017209039467,0
128,9512924,475.0,384.0076034879249,True,1705.2479019739271,205.0,2,12,14.563379665331537,0
63,6313625295,345.0,245.22777595731276,True,830.9349885310704,230.0,4,16,18.723607412578072,0
92,109836,320.0,285.5042736571466,True,1084.6769240400236,120.0,1,2,3.0221454666637397,0
112,14728072,760.0,534.6637772198324,True,2654.381796484942,385.0,4,25,20.046454747922645,0
244,4956890429,1285.0,644.0468356487585,True,3343.4950645871672,830.0,10,3,4.254485723919738,0
114,9521022,695.0,492.9348055025879,True,2391.4892746663045,345.0,9,10,8.420048409262826,0
85,8142633526,300.0,281.58395979546407,True,1059.9789467114238,100.0,3,7,3.2958865858286934,0
96,25257044,470.0,382.194645753419,True,1693.8262682465393,200.0,4,2,4.047656950114561,0
157,5393414954,410.0,319.59029393068073,True,1299.4188517632895,410.0,2,28,28.256363235518794,0
152,454212847,570.0,407.1156945154499,True,1850.8288754473342,385.0,5,8,8.682549776602194,0
283,7737133469,745.0,420.00603457781637,True,1932.038017840245,690.0,8,10,11.24351992062639,0
202,1614926342,1295.0,708.0827086569368,True,3746.921064538698,855.0,13,30,28.325927317802204,0
224,9262072924,715.0,504.12247355990473,True,2461.9715834273975,360.0,7,16,14.16463527329641,0
43,25472904,730.0,527.5484323993772,True,2609.555124116075,360.0,6,12,12.310417225361356,0
227,21651765,370.0,313.5767985827547,True,1261.533831071355,150.0,2,5,4.5092447856030295,0
87,107860,1300.0,815.0054834005857,True,4420.534545423688,725.0,13,17,16.464560319389573,0
95,5560599869,1300.0,829.6843148616588,True,4513.011183628448,715.0,12,15,14.069879294918854,0
209,10544188928,430.0,317.12946084271533,True,1283.915603309107,205.0,6,20,19.850971152611034,1
81,9791152,595.0,453.1352183523321,True,2140.751875619691,275.0,3,5,3.9906556212684805,0
104,281454959,1310.0,783.5555439478823,True,4222.399926871653,785.0,18,18,17.469280547883677,0
3,9791489,600.0,458.94175063632525,True,2177.33302900885,275.0,5,7,6.434794740115283,0
273,109619,520.0,403.13302212798493,True,1825.7380394063052,235.0,9,22,24.052714177538604,0
107,2214979349,350.0,313.94522773316106,True,1263.854934718914,130.0,2,18,20.143879720744014,0
56,1667203523,300.0,277.6587602709861,True,1035.2501897072125,105.0,3,10,6.830222476504937,0
158,2564873525,1020.0,695.3230850714746,True,3666.535435950296,530.0,12,13,14.190782216665907,0
102,25472874,755.0,526.2402390370157,True,2601.313505933199,385.0,9,26,31.295576491793046,0
76,1317141185,775.0,569.720607398537,True,2875.239826610784,375.0,13,33,31.452373689669557,0
12,21554368,570.0,444.2792912479695,True,2084.959534862208,255.0,5,8,9.074006609220078,0
210,25495442,60.0,142.08276762953366,False,181.12143606606205,0.0,1,0,0.0,0
166,104315,540.0,421.4284418820519,True,1940.9991838569256,245.0,5,4,8.481674921266599,0
58,5560599869,340.0,306.76274768460127,True,1218.6053104129878,125.0,4,6,6.733328258698679,0
130,109838,945.0,650.388143088689,True,3383.445301458744,485.0,12,11,12.476478701566142,0
226,13567811111,495.0,401.56676639197013,True,1815.8706282694122,210.0,5,8,6.922367187602759,0
124,1611082164,955.0,646.8082285687569,True,3360.8918399831696,500.0,7,20,14.83886793512497,0
62,109618,980.0,626.2241992661135,True,3231.2124553765125,540.0,8,8,7.779797428594819,0
41,21665912,835.0,454.7502884390773,True,2150.9268171661897,515.0,7,13,11.169726627943508,0
267,9791492,565.0,439.9316935139693,True,2057.569669138007,255.0,2,4,3.253100191765222,0
143,7787603288,905.0,658.1241192842914,True,3432.18195149104,440.0,12,11,11.749918957514858,0
194,298205891,975.0,619.2577763457958,True,3187.323990978512,540.0,9,49,62.739830797286366,18
36,9512935,520.0,406.38177646580306,True,1846.2051917345602,235.0,5,7,8.88069455269615,0
109,26652119,300.0,274.15879019096604,True,1013.2003782030862,105.0,1,7,7.0913367000801415,0
257,25544115,700.0,504.417339865382,True,2463.8292411519024,345.0,4,16,15.536691973117007,0
54,3810553686,700.0,523.5085989535924,True,2584.104173407632,330.0,8,12,14.145949094396416,0
291,25306041,1365.0,864.3800905094337,True,4731.594570209433,755.0,12,37,33.061520097775066,0
212,9791495,370.0,296.6256408958346,True,1154.7415376437577,160.0,3,13,12.423776586094252,8
103,25501065,445.0,340.72174358538103,True,1432.5469845879004,270.0,3,24,17.928157073902145,0
280,25257810,375.0,324.4648138011813,True,1330.1283269474427,145.0,1,11,10.53900233607863,0
64,107863,575.0,434.50142646025165,True,2023.3589866995837,270.0,4,13,9.244686706541524,0
105,5728908659,660.0,456.54855408031864,True,2162.255890706008,340.0,6,3,4.743765933223767,0
251,9789820,415.0,344.6700647416257,True,1457.4214078722428,170.0,4,8,8.451312543584033,0
231,11331184983,855.0,625.9885698943157,True,3229.727990334191,415.0,7,13,10.50612859339997,0
260,5925666943,965.0,585.3820087681383,True,2973.9066552392687,555.0,9,15,8.677429426723402,0
188,25476014,1385.0,811.6149262043516,True,4399.17403508742,815.0,11,28,28.643048539604596,0
268,25500885,660.0,494.35466046405213,True,2400.4343609235266,310.0,12,12,10.215819326571685,0
113,1163913429,410.0,349.24276077932643,True,1486.2293929097557,165.0,4,7,8.489642554050842,0
17,1666324249,195.0,219.76560434043466,False,670.5233073447384,40.0,0,1,0.8681565368512282,0
84,25544119,830.0,588.1514796124337,True,2991.3543215583327,415.0,9,15,14.871459361339888,0
195,21665583,670.0,480.1438450047266,True,2310.9062235297783,670.0,6,58,70.69999540355718,4
183,26652351,910.0,601.9647902395725,True,3078.3781785093074,485.0,5,18,13.499462257079395,0
38,452486137,645.0,491.165121210131,True,2380.3402636238256,300.0,5,6,6.084656819882523,0
139,25522907,650.0,484.112828489355,True,2335.9108194829355,310.0,10,26,21.117201697235352,0
207,2833448424,280.0,265.9731857644403,True,961.6310703159738,90.0,4,15,20.405054029549213,3
98,2480891600,240.0,244.5251920465763,False,826.5087098934306,65.0,2,0,3.0291560908228607,0
6,109618,555.0,432.0589597792589,True,2007.9714466093315,250.0,1,6,5.994073466977622,0
200,21665006,850.0,603.024246766364,True,3085.0527546280914,425.0,7,16,17.42102372798007,0
159,102035,455.0,377.9203871304755,True,1666.898438921996,190.0,5,9,7.918944903639893,0
226,25505558,75.0,150.71979854933315,False,235.5347308607988,0.0,0,0,0.0,0
160,1684410079,1070.0,635.3738416470932,True,3288.855202376688,625.0,9,7,8.165404787408546,0
47,26699549,815.0,566.6608245783161,True,2855.963194843393,460.0,7,19,18.245970722928618,0
243,9791487,445.0,361.8683831640607,True,1565.7708139335816,190.0,7,4,5.949246455352685,0
14,1616122178,420.0,346.51492904130544,True,1469.0440529602242,175.0,4,3,4.14857303001481,0
228,5935822696,605.0,465.0973035295129,True,2216.1130122359323,275.0,9,26,26.992176700035227,0
282,1166056970,870.0,622.5840270996308,True,3208.279370727674,430.0,11,16,22.523093754373058,0
51,25375812,225.0,236.97536824355745,False,778.9448199344116,55.0,2,0,0.6873363084014865,0
94,1938580083,540.0,414.415584457785,True,1896.818182084047,245.0,7,11,7.397327541150802,0
46,5393414954,525.0,393.85169594689575,True,1767.2656844654434,525.0,7,30,35.42601473105573,0
203,25531001,455.0,358.3280629541403,True,1543.4667966110844,200.0,2,7,3.1961512836735193,0
288,1666324140,370.0,323.85475790335335,True,1326.2849747911262,140.0,3,12,10.94478233134952,0
150,25532839,445.0,365.1728288542053,True,1586.5888217814934,185.0,5,3,5.05008228806169,0
218,255562,815.0,576.5119818639973,True,2918.0254857431855,410.0,9,5,7.458625360104468,0
56,333670399,125.0,177.92215647549136,False,406.90958579559555,0.0,1,0,0.0,0
239,9512935,735.0,497.18931994145726,True,2418.292715631184,455.0,10,20,24.14310672170585,0
82,107801,745.0,532.563373337963,True,2641.1492520291667,370.0,3,17,14.495791284586746,0
8,1612472593,1020.0,636.408490437739,True,3295.373489757754,570.0,11,31,27.15459169586355,0
263,3887905014,755.0,459.0528650264731,True,2178.033049666781,430.0,10,3,5.084148823022287,0
189,107349,1465.0,702.6881119047952,True,3712.9351050001983,1040.0,12,52,51.90820251567417,0
241,21563009,1055.0,715.3231832201197,True,3792.5360542867566,550.0,10,17,13.311721381489418,0
221,1612319349,1470.0,871.4509612484385,True,4776.1410558651605,860.0,16,15,17.56121670454165,0
205,881889762,935.0,633.8913605433374,True,3279.51557142303,490.0,11,3,6.4780771889314055,0
15,25531990,280.0,261.24042240581196,True,931.814661156615,95.0,4,2,4.802233530513527,0
168,25504199,370.0,320.42306032345533,True,1304.6652800377692,145.0,3,24,24.88384457954029,0
39,5453319326,330.0,290.76778570801906,True,1117.8370499605207,125.0,4,20,16.741382364018488,0
148,25496592,775.0,546.0953559052396,True,2726.4007422030113,390.0,6,6,7.93429752690656,0
35,21665912,440.0,358.11923527413745,True,1542.1511822270663,185.0,9,9,6.273989010965793,0
45,2191480791,1495.0,840.1382454039301,True,4578.870946044752,1060.0,14,39,57.90489766727099,24
53,25533613,380.0,322.8322772534679,True,1319.8433466968486,150.0,7,5,8.324467704515127,0
219,734769756,740.0,534.1229798501361,True,2650.9747730558583,365.0,8,33,30.720937867053376,0
16,8772951805,910.0,502.8746631174787,True,2454.1103776401173,605.0,8,5,9.930399874983792,0
63,1694551549,230.0,239.27731471810196,False,793.4470827240423,60.0,2,1,3.387347515400437,0
65,1215418697,770.0,544.5206084305663,True,2716.4798331125708,385.0,17,37,33.56643054107468,0
133,1317156147,580.0,444.4650774989507,True,2086.1299882433905,265.0,3,19,22.118596670813943,3
116,6266808745,555.0,422.39482750286044,True,1947.08741326802,255.0,8,16,16.50436898966572,0
4,811961032,400.0,333.0364312950468,True,1384.1295171587942,165.0,5,7,7.688163545411244,0
108,12398519156,580.0,445.5932898480399,True,2093.237726042651,265.0,8,6,6.373771857694344,0
153,9512915,865.0,536.9857782377327,True,2669.0104028977175,490.0,8,13,5.265918224112435,0
115,3142670557,545.0,431.31036907090225,True,2003.2553251466836,240.0,2,5,4.0055548916284724,0
277,108305,765.0,546.998410011852,True,2732.0899830746703,380.0,10,20,17.455434158228307,0
127,107860,450.0,364.293158646133,True,1581.0468994706375,190.0,4,7,6.4358215243812325,0
177,9791489,455.0,374.64599486274335,True,1646.2697676352818,190.0,13,9,6.7318369381001375,0
5,12957883928,400.0,322.666661077116,True,1318.7999647858308,170.0,5,30,37.89616016442742,2
269,2129184285,630.0,473.7313088637536,True,2270.507245841648,295.0,6,10,8.934023742319445,0
170,21665911,920.0,626.2559255876344,True,3231.4123312021006,920.0,6,68,74.65601017316763,0
164,12159581182,475.0,393.7684043287787,True,1766.7409472713048,195.0,4,6,4.155030362540896,0
162,844784035,505.0,396.55236003140504,True,1784.2798681978525,225.0,5,8,5.7864478698321316,0
138,25544127,330.0,280.81870394079016,True,1055.1578348269777,130.0,5,20,24.879106618658152,4
57,26651413,405.0,331.18449696542297,True,1372.4623308821624,170.0,3,3,4.21359015387995,0
41,25495461,205.0,221.2535098147305,False,679.8971118328022,50.0,5,1,1.0670443668237273,0
202,1316072128,260.0,240.5383943209304,True,801.3918842218612,90.0,2,4,2.498385356755729,0
161,21533908,420.0,354.5491234235106,True,1519.6594775681174,170.0,3,10,13.215376402506628,0
69,8772951805,315.0,287.9035697291633,True,1099.7924892937285,110.0,5,5,6.181320581149232,0
117,452514378,925.0,650.4184358049105,True,3383.636145570934,465.0,10,14,10.543711154221892,0
107,25472350,245.0,249.82790795481722,False,859.9158201153482,70.0,1,1,1.5582317609043546,0
176,107797,850.0,591.6834856372897,True,3013.6059595149245,435.0,13,15,13.251178895050964,0
49,2450775063,1280.0,765.3759587805314,True,4107.868540317345,740.0,12,10,11.061127977030761,0
30,255578,545.0,414.26120624708994,True,1895.8455993566665,255.0,4,4,5.884229572299708,0
290,25495769,830.0,573.7943223119449,True,2900.904230565254,425.0,11,33,39.26778098887366,3
165,1666324225,435.0,362.7478526556486,True,1571.3114717305866,180.0,6,2,4.241418026590318,0
283,25472904,275.0,263.33648556049934,True,945.0198590311453,90.0,4,2,1.2559893899204244,0
75,820271,735.0,533.3465081194486,True,2646.083001152524,360.0,12,10,6.996960649788752,0
243,25472904,145.0,190.03944081813182,False,483.2484771542304,10.0,2,1,0.15514394843423496,0
285,1684410094,735.0,513.0791688545002,True,2518.3987637833516,380.0,4,7,7.690543709902355,0
199,25532839,490.0,396.3861991341939,True,1783.2330545454206,210.0,7,1,4.681603150129778,0
152,811961032,300.0,275.9712271417012,True,1024.6187309927177,105.0,1,0,3.406262789790795,0
111,294651409,1270.0,823.9398624591042,True,4476.821133492353,690.0,10,37,38.25148508758697,0
187,820271,815.0,574.6571625990902,True,2906.3401243742687,410.0,8,40,54.701138922838474,10
25,5393414954,710.0,496.5908546046683,True,2414.5223840094095,710.0,8,38,40.30162397308127,0
216,14017207475,1000.0,676.2975989075226,True,3546.6748731173866,525.0,7,22,16.1595445317823,0
13,1616713423,640.0,474.8967184304561,True,2277.8493261118724,305.0,5,16,14.281170848225932,0
90,3557235449,395.0,339.14156755266936,True,1422.5918755818163,155.0,3,21,21.75275317349272,0
225,1232048712,730.0,528.3614075359895,True,2614.6768674767354,360.0,11,15,17.17243648074736,0
131,25544127,690.0,518.0639007797892,True,2549.802574912671,325.0,11,17,14.501809833563756,0
268,25495513,225.0,233.37728407567323,False,756.2768896767415,60.0,0,4,4.336731960584594,0
93,5568839679,655.0,473.62694488669155,True,2269.8497527861587,320.0,4,5,4.510698998789773,0
168,4347844156,140.0,185.38534102079183,False,453.9276484309885,10.0,1,1,1.0613910216022797,0
196,4784457202,445.0,350.4397353660076,True,1493.7703328058483,195.0,3,37,42.786428484181855,3
144,452396959,890.0,574.2755858304387,True,2903.9361907317634,485.0,5,28,28.57508794911934,6
256,8998120937,710.0,528.394822219458,True,2614.887379982584,340.0,8,14,13.225132784947752,0
145,1614926348,500.0,365.09830356681545,True,1586.1193124709378,240.0,7,23,26.5872917115482,0
251,1598214606,270.0,258.6923302500099,True,915.7616805750617,85.0,3,10,9.719534464965179,0
250,108040,850.0,582.8806781794578,True,2958.1482725305846,440.0,7,19,16.625422239777254,0
281,25473373,830.0,549.5277984068425,True,2748.0251299631063,530.0,12,28,29.637560316547194,0
280,334688530,280.0,255.78622187820582,True,897.4531978326961,100.0,2,11,15.232933909648603,4
121,3552338823,535.0,408.18703906631396,True,1857.5783461177768,245.0,7,2,3.0866194656625385,0
262,25377990,810.0,558.4564099716807,True,2804.2753828215855,415.0,11,36,43.64768892664557,0
247,109619,1105.0,625.6231237898445,True,3227.4256798760102,665.0,10,31,32.58823348302587,5
23,27503587,1015.0,716.9067243703264,True,3802.5123635330556,510.0,11,23,25.063561928020466,0
195,1611022413,280.0,268.403178501705,True,976.9400245607411,90.0,0,4,3.4773991985013324,0
9,311153342,470.0,378.5798798775301,True,1671.0532432284406,200.0,3,4,5.3500214194514255,0
82,25522558,220.0,232.39895178766045,False,750.1133962622605,55.0,3,4,4.593312054535582,0
83,1614926320,1070.0,633.4302261775845,True,3276.6104249187797,625.0,10,18,14.386207891112186,0
7,1938580083,710.0,507.7887550577817,True,2485.069156864024,350.0,4,13,10.678221648091174,0
197,9512928,980.0,680.5181233112706,True,3573.2641768610074,500.0,9,7,5.907482786236651,0
267,8253476912,340.0,304.07916019941007,True,1201.6987092562833,125.0,5,6,5.946105755693754,0
59,4956890447,800.0,580.7237613789298,True,2944.5596966872554,390.0,8,19,18.383066410745084,0
74,1678452820,1010.0,540.6193940504028,True,2691.9021825175378,680.0,10,18,13.227634874080325,0
227,185620630,405.0,333.70084473102924,True,1388.3153218054852,170.0,4,10,7.756119791428695,0
110,21665361,600.0,437.4651701353976,True,2042.0305718530049,290.0,4,16,16.055224106260322,1
37,26817585,1275.0,785.4042998362671,True,4234.047088968479,725.0,11,17,18.65621926657568,0
278,21665719,690.0,503.0749214918143,True,2455.3720053984316,335.0,13,11,17.948814381993795,0
79,9791495,685.0,469.86649879630073,True,2246.158942416697,355.0,7,50,74.81367748253332,23
47,7261577394,290.0,254.10691454067063,True,886.873561606225,110.0,2,17,19.428503036526294,0
31,1619316041,925.0,637.1560097716813,True,3300.0828615615883,475.0,13,12,15.613582886913182,0
289,107715,710.0,383.50008929027007,True,1702.0505625287053,440.0,5,10,9.833702225201979,0
44,881887811,1030.0,699.9566335769779,True,3695.7267915349607,540.0,12,32,24.3064177626992,0
233,6049524389,520.0,412.86877088750686,True,1887.073256591292,230.0,6,14,10.806507352492893,0
157,107831,430.0,355.21097513513047,True,1523.8291433513216,180.0,5,7,5.437777995179372,0
245,25501773,545.0,429.5707939439757,True,1992.2960018470476,240.0,3,0,6.097732283948805,0
238,108058,585.0,401.83096669489595,True,1817.535090177845,325.0,11,6,5.289223215481319,0
141,108073,580.0,437.7738297290794,True,2043.9751272932003,270.0,13,6,7.90851489068499,0
284,7944696976,610.0,448.92039508970174,True,2114.19848906512,295.0,8,30,37.806476431847784,7
252,1232048350,945.0,663.2006882039232,True,3464.1643356847158,480.0,11,25,25.537612017943573,0
185,25476020,735.0,537.5280215345152,True,2672.4265356674446,355.0,10,24,18.768150527591914,0
17,108060,335.0,295.9205355061386,True,1150.2993736886729,125.0,7,18,19.467562173084985,4
263,4328124794,260.0,252.0009559307737,True,873.606022363874,80.0,3,1,1.5476603883314661,0
234,844784035,815.0,575.0024453801852,True,2908.5154058951684,410.0,13,26,21.51632801542588,0
154,25501065,955.0,652.5737061980734,True,3397.214349047862,495.0,14,6,8.255000737558486,0
236,9294989257,685.0,496.90142764909115,True,2416.478994189275,335.0,2,10,15.239795152449753,0
211,9512925,670.0,480.86214427850643,True,2315.4315089545894,330.0,8,9,12.148516259970018,0
122,109838,585.0,443.20769166428977,True,2078.208457485026,270.0,4,6,9.991095560019872,0
50,3142670557,720.0,526.6133454771722,True,2603.664076506184,350.0,8,17,15.803594065037016,0
208,21554368,590.0,421.0449888653399,True,1938.5834298516404,315.0,3,17,21.298522731913874,0
62,21665360,405.0,340.35552570165873,True,1430.2398119204497,165.0,3,13,13.573807155022712,0
239,14017207475,290.0,270.3963827753893,True,989.4972114849523,100.0,6,2,3.1251749212098394,0
1,2833448424,490.0,388.6082163637744,True,1734.231763091779,215.0,5,8,7.507267401582226,0
237,25375812,845.0,580.1878050486921,True,2941.183171806764,435.0,7,17,19.248470542404117,0
28,25473284,600.0,454.18279713697336,True,2147.3516219629323,280.0,6,3,3.779947275707201,0
201,25498827,1505.0,789.8766501108324,True,4262.2228956982335,950.0,12,7,6.159419433376542,0
24,1684410087,985.0,670.4958650561953,True,3510.123949854031,515.0,9,10,7.508534529606987,0
275,9760819194,795.0,437.9981220659823,True,2045.3881690156907,520.0,4,10,8.771056442841617,0
217,107809,615.0,430.77179567911355,True,1999.8623127784144,365.0,13,11,10.725499916756274,0
118,591983272,550.0,436.9802415201859,True,2038.9755215771709,240.0,5,11,8.686030267654225,0
203,2191480791,325.0,293.5051409610857,True,1135.0823880548396,115.0,2,1,3.121390632048319,0
190,26652357,725.0,510.10316797738335,True,2499.6499582575157,365.0,4,16,14.061452376703864,0
142,102031,1055.0,680.3859306627177,True,3572.4313631751224,575.0,11,16,18.385885585825008,0
186,1611442272,1360.0,836.2387700404817,True,4554.304251255029,770.0,21,13,16.03089425276213,0
119,12652780908,645.0,461.14924249940987,True,2191.24022774628,320.0,7,15,15.47307610407229,0
27,21665135,590.0,453.188204790701,True,2141.0856901814172,270.0,10,4,6.689755445970574,0
198,1106056866,745.0,544.6811119384328,True,2717.491005212125,360.0,1,9,12.184608135532287,0
147,5393414954,730.0,516.1811113614986,True,2537.941001577444,730.0,7,71,66.18018133017519,0
257,9512915,435.0,342.4868416057531,True,1443.6671021162456,195.0,3,13,11.665203859272719,0
290,25473293,220.0,226.2760387726876,False,711.5390442679316,60.0,2,4,4.652184710566289,0
271,1685938740,1135.0,764.7234522320274,True,4103.7577490617705,595.0,16,11,12.909140633527239,0
140,26699545,640.0,451.4644965855699,True,2130.226328489089,370.0,11,11,9.174372457729094,0
253,452219937,800.0,556.4606552037712,True,2791.7021277837603,410.0,13,7,5.854473134387713,0
113,5011388934,410.0,310.81688847805214,True,1244.146397411728,190.0,4,16,12.156203374127596,4
262,26652351,150.0,185.55912053540732,False,455.02245937306594,35.0,1,4,5.811844760617579,0
134,21665910,755.0,534.3972147022554,True,2652.7024526242117,755.0,10,41,34.239911430426275,0
84,12159581182,420.0,351.34371214944366,True,1499.465386541495,170.0,3,3,5.838350882571474,0
180,12957883928,585.0,408.3641461319451,True,1858.6941206312536,295.0,4,15,12.836195094612766,0
209,25472758,510.0,383.54611623150856,True,1702.3405322585024,240.0,4,12,14.63506903473382,0
33,2129184285,690.0,499.51642569167996,True,2432.9534818575826,360.0,6,30,45.08853877042607,6
11,107809,690.0,492.3390086172192,True,2387.7357542884793,415.0,7,11,11.407574368600892,0
273,108045,505.0,391.5529018493868,True,1752.783281651137,230.0,3,33,46.68467320583811,11
254,25530312,635.0,450.0216511073736,True,2121.1364019764533,320.0,5,19,18.231113384487276,0
14,26591530,385.0,325.578644559714,True,1337.1454607261976,155.0,2,10,7.49207281103687,0
221,9498441980,350.0,306.6869964082275,True,1218.1280773718338,135.0,4,4,5.131873300515237,0
266,1614846678,685.0,505.85602675686107,True,2472.8929685682265,330.0,6,13,13.315245734504636,0
64,1667203485,460.0,366.76788083942444,True,1596.6376492883737,200.0,2,8,7.656265551349326,0
132,603751942,805.0,557.5684601786219,True,2798.6812991253164,410.0,13,28,25.814247614461735,0
220,6424675168,985.0,701.6843162196623,True,3706.6111921838674,490.0,11,9,10.953888703270263,0
129,2215490963,1055.0,588.8959649733846,True,2996.0445793323133,640.0,10,22,25.257679883364716,0
260,11747638084,455.0,366.75610615620997,True,1596.563468784123,195.0,6,4,2.502625529465057,0
101,9512925,775.0,543.8562280848379,True,2712.294236934475,390.0,9,8,9.569414862583274,0
34,107324,610.0,438.20560016222475,True,2046.6952810220143,300.0,4,10,9.221710376757821,0
102,102000,510.0,401.6775788446563,True,1816.5687467213336,225.0,6,7,6.412835868086924,0
183,21665031,435.0,335.5819805492361,True,1400.166477460188,200.0,6,14,12.513574352142978,0
139,9512937,435.0,346.4632482470807,True,1468.718463956609,200.0,8,15,19.91441942684277,0
43,26559616,540.0,358.5317754384331,True,1544.750185262129,320.0,5,3,3.6190094019198233,0
21,26591531,760.0,481.6642714475034,True,2320.4849101192685,470.0,3,13,10.8144339503918,0
179,289996665,985.0,695.5144561651152,True,3667.741073840225,495.0,13,21,25.56035468109941,0
291,9512939,480.0,383.98083030564516,True,1705.0792309255648,210.0,5,8,6.224217190603421,0
72,10544188931,705.0,477.1559759309695,True,2292.0826483651067,705.0,9,21,20.961848266063424,0
78,11707733694,800.0,577.293639996055,True,2922.9499319751503,395.0,6,10,10.49342327766511,0
19,1666324140,900.0,604.1751688835569,True,3092.303563966404,490.0,9,9,12.805782861827403,0
97,12546153248,1195.0,675.8375840560817,True,3543.7767795533146,825.0,9,25,24.275582193912015,0
235,9791489,640.0,473.5542038884019,True,2269.3914844969318,305.0,10,8,6.887211664512275,0
109,2191480791,505.0,401.25714662926606,True,1813.920023764376,220.0,8,18,19.45131002942786,3
125,4956890447,735.0,535.5302427366769,True,2659.840529241063,360.0,8,2,5.239370381673076,0
193,7223638134,1070.0,715.2299772472091,True,3791.94885665742,565.0,8,18,19.39634074240817,0
274,9295694734,1100.0,686.464877641337,True,3610.728729140419,725.0,8,20,20.939153489483427,0
212,5244680779,510.0,379.32514985723776,True,1675.7484441005968,240.0,7,7,5.724333559958482,0
66,9791152,735.0,489.88802251789343,True,2372.294541862729,390.0,4,4,4.855756290890555,0
270,109619,640.0,402.94873954197993,True,1824.5770591144724,475.0,4,10,11.038475976350302,0
181,2622783492,915.0,637.5885248034568,True,3302.8077062617763,465.0,12,12,17.272040563988163,0
106,652425475,815.0,551.139413373937,True,2758.178304255799,430.0,6,15,18.19728148412307,0
238,1694551549,165.0,200.1802199771299,False,547.1353858559185,20.0,2,1,1.0851147907249852,0
128,26652351,615.0,428.7927627619563,True,1987.3944054003246,340.0,5,9,8.25331484259954,0
126,11170906155,630.0,474.2596890144092,True,2273.8360407907803,295.0,8,26,26.534534289541504,3
85,2453162764,610.0,459.85689129041316,True,2183.098415129604,285.0,7,16,10.852022045542913,0
169,1316072128,870.0,568.4307811776706,True,2867.113921419324,470.0,9,34,38.097877864878384,0
49,9512915,325.0,293.28281498970756,True,1133.6817344351575,115.0,4,0,2.010619854525371,0
99,21666011,965.0,616.0313099709954,True,3166.99725281727,530.0,16,6,6.880522448568916,0
115,12978761148,370.0,313.03440260357365,True,1258.1167364025132,150.0,3,7,7.2024155314752205,0
57,4347844156,350.0,306.712372893323,True,1218.2879492279353,135.0,2,9,6.718909893842044,0
48,108299,1230.0,606.6460865747628,True,3107.870345420994,805.0,8,2,2.0735920995077484,0
100,9791482,665.0,473.72578878849237,True,2270.4724693675003,360.0,6,20,19.746078400476527,0
123,9178184336,855.0,570.5010213685242,True,2880.156434621701,455.0,9,71,76.71505564263475,0
163,25500809,985.0,699.7958318489652,True,3694.7137406484785,495.0,16,16,9.39526698507009,0
237,10264011826,155.0,196.72176936327725,False,525.3471469886466,15.0,0,1,0.6216638998670839,0
76,11618689213,585.0,435.4364561592164,True,2029.2496738030634,300.0,3,21,29.800646741423154,0
288,2833445980,465.0,368.60373819431067,True,1608.203550624157,205.0,5,6,5.6719990746093085,0
272,21665367,755.0,530.6789410143223,True,2629.2773283902307,450.0,11,8,6.6731687297679665,0
32,5393414954,700.0,518.480626831978,True,2552.4279490414633,700.0,9,59,63.90828927512513,0
204,9522438169,720.0,529.8168558516232,True,2623.8461918652274,345.0,6,6,5.840071410231319,0
3,881887812,615.0,455.1480743361536,True,2153.432868317767,295.0,12,24,27.531511284770634,0
286,3887905014,785.0,543.9578617082192,True,2712.93452876178,400.0,7,19,17.469247350135554,0
162,25531001,380.0,327.6586888668338,True,1350.2497398610524,150.0,4,4,4.426318763129534,0
280,25500126,280.0,271.04187646367023,True,993.5638217211219,90.0,4,13,19.20589519956617,7
166,4712556876,600.0,435.69321465354756,True,2030.8672523173495,295.0,12,7,6.824028258844518,0
96,25473217,650.0,485.6148931272319,True,2345.373826701561,310.0,3,14,18.370551833071236,0
116,21665582,425.0,343.65268273367764,True,1451.0119012221692,425.0,3,28,29.77378736859842,0
155,1667203556,990.0,665.0520234426014,True,3475.827747688382,520.0,12,14,13.971821728764422,0
125,21533913,65.0,143.24287097919117,False,188.4300871689041,0.0,0,0,0.0,0
98,25500758,540.0,417.6153412812493,True,1916.97665007187,245.0,3,6,7.754796759889544,0
232,107319,1165.0,643.2898438530231,True,3338.726016274037,710.0,10,29,28.432360414905688,0
255,281454988,790.0,419.47236831679635,True,1928.6759203958195,495.0,8,10,9.849794030308042,0
258,25476041,905.0,499.4371330634879,True,2432.453938299975,630.0,7,13,10.344495226313269,0
136,25256273,1160.0,690.8843479665642,True,3638.571392189353,675.0,22,30,25.00899849771404,0
230,603756849,955.0,643.1940766752455,True,3338.1226830540486,500.0,8,22,21.242491549146266,0
87,7959928587,655.0,508.6157803356931,True,2490.279416114868,295.0,9,9,8.424107216617571,0
104,1614846711,645.0,488.8565229020073,True,2365.7960942826444,300.0,7,9,6.222206837873495,0
222,5393414955,830.0,440.94201043781004,True,2063.934665758205,830.0,7,39,42.63882452692298,0
41,1614846692,410.0,344.90657722663724,True,1458.911436527815,165.0,4,23,38.869629977752936,10
67,452236138,1370.0,768.957537480229,True,4130.43248612543,830.0,12,28,32.70758159708262,0
135,2215490967,755.0,512.6107504219866,True,2515.447727658514,395.0,14,18,19.11947109439631,3
12,25471089,645.0,335.30809232200147,True,1398.4409816286116,500.0,2,7,9.861985807601659,0
89,9791495,1105.0,706.213012853403,True,3735.1419809764393,625.0,14,11,10.105089483985264,0
276,25502829,785.0,531.483301128545,True,2634.3447971098353,410.0,8,25,16.712401376069216,0
259,27503587,960.0,669.640154778674,True,3504.732975105647,490.0,10,11,14.125665904946956,0
194,13919763200,625.0,468.7497304606541,True,2239.12330190212,295.0,6,20,30.627337488303347,3
70,25473217,815.0,582.2974182042669,True,2954.4737346868783,405.0,10,10,12.649546864798355,0
127,25473293,445.0,357.09622985040335,True,1535.7062480575416,210.0,2,20,27.10403722635431,9
151,200043,1135.0,670.2284888993707,True,3508.4394800660334,800.0,8,18,25.24801260838926,0
10,7066266061,955.0,645.1215183599602,True,3350.265565667748,500.0,16,28,24.661409320992814,0
145,5112906884,355.0,289.20680587049134,True,1108.0028769840956,150.0,3,10,10.070789959361457,0
18,25507343,805.0,585.0115762864065,True,2971.572930604361,395.0,7,20,19.322844386299934,0
95,25544136,690.0,500.9416703088892,True,2441.9325229460005,335.0,13,12,15.21371623338873,0
91,669891669,1145.0,713.7777274444259,True,3782.799682899885,645.0,12,30,27.49517874229123,0
282,1230855633,550.0,420.70704810572,True,1936.4544030660368,255.0,7,7,8.66352444358656,0
279,25375812,860.0,571.7090123436071,True,2887.76677776472,455.0,7,14,14.395306407002707,0
11,108060,175.0,206.8067246378424,False,588.8823652184069,30.0,0,0,0.7764443810572026,0
90,11505302188,390.0,318.34703234561925,True,1291.5863037774013,165.0,4,6,5.121159793813805,0
158,811961032,680.0,505.32964777662374,True,2469.576780992728,325.0,7,16,18.949157004797897,0
187,10996228332,410.0,333.9188581881638,True,1389.6888065854318,175.0,6,11,8.697211011745253,0
68,970857026,755.0,505.07576446134686,True,2467.977316106485,455.0,6,28,24.369006527373934,0
52,1230855633,795.0,481.6700384494332,True,2320.5212422314285,505.0,8,22,24.64996117244078,0
15,25533613,535.0,410.36660642844237,True,1871.3096204991875,245.0,6,7,5.9421315504471535,0
159,107790,615.0,432.34840086367973,True,2009.794925441183,345.0,5,5,5.123263041830267,0
86,25530236,810.0,439.8489962105049,True,2057.0486761261827,500.0,5,8,10.744459831573307,0
269,1619500281,490.0,396.2061893450328,True,1782.098992873707,210.0,4,10,10.699400049885288,0
26,108309,1095.0,764.3738357764377,True,4101.555165391555,555.0,5,8,12.435560908928373,0
167,11707733696,775.0,566.3016601968264,True,2853.7004592400026,375.0,4,7,8.476543073961963,0
255,1685938740,85.0,156.1367360679081,False,269.6614372278209,0.0,2,0,0.0,0
118,2271434264,260.0,259.85944455785113,False,923.1145007144621,75.0,1,2,2.97425772657393,0
283,8752950708,465.0,359.48107560009714,True,1550.7307762806129,220.0,9,4,4.0157590674769885,0
40,13349587,1410.0,778.2529268795591,True,4188.993439341223,865.0,12,4,3.704986447450095,0
156,25472904,1095.0,705.9025596571831,True,3733.1861258402546,600.0,11,18,18.790799221041777,0
196,9791490,415.0,340.70974937491013,True,1432.4714210619343,175.0,3,12,9.186235774481565,0
58,8421658424,715.0,522.3263446785564,True,2576.655971474906,345.0,7,8,12.406754784860546,0
198,1230855633,255.0,251.56384320600242,False,870.8522121978149,75.0,1,4,2.8063776139099517,0
25,108258,455.0,374.6643099450195,True,1646.3851526536228,190.0,4,8,3.0942597340927502,0
197,26559618,355.0,307.91645946365355,True,1225.8736946210165,135.0,5,12,10.458687791647085,0
273,107995,230.0,238.36541104443717,False,787.7020895799544,60.0,1,1,0.34393141483639245,0
213,7527076899,895.0,480.12244403454895,True,2310.771397417661,555.0,5,20,12.260913883048813,0
261,25472669,825.0,499.0257873333296,True,2429.8624601999763,475.0,5,2,3.2605641025641012,0
176,9522532106,490.0,384.34807520020684,True,1707.3928737613041,220.0,1,11,11.44342411681262,0
172,25498827,1110.0,741.0440011229765,True,3954.5772070747526,590.0,13,30,28.514381701932734,0
5,9789811,525.0,398.04152903409357,True,1793.6616329147898,245.0,5,7,4.114719261096667,0
289,2784682598,350.0,307.621785295208,True,1224.01724735981,130.0,4,4,8.003551609157242,0
33,2941537158,250.0,242.31859011722224,True,812.6071177384999,90.0,2,16,39.77654658889432,16
149,456363903,820.0,504.3560060424055,True,2463.442838067155,475.0,8,9,7.616149928343987,0
160,11863145,655.0,479.3927556671245,True,2306.174360702883,315.0,6,7,7.270790774071957,0
195,2480891600,395.0,330.95299417,True,1371.0038632709998,160.0,3,11,12.437082550718035,7
61,9295694734,830.0,571.1983486477653,True,2884.5495964809184,430.0,8,9,13.069738197605222,0
77,25470694,950.0,587.2443794942542,True,2985.6395908137974,580.0,7,27,26.299142090623956,0
191,9702441401,1010.0,616.7543501024933,True,3171.552405645706,575.0,14,20,19.790830145831904,0
80,9167793401,890.0,535.4195987018646,True,2659.1434718217492,535.0,10,7,6.240753494689506,0
6,3552338823,680.0,472.787184025054,True,2264.5592593578403,395.0,11,13,17.011691426078784,0
238,21665081,195.0,219.46624833148442,False,668.6373644883516,40.0,2,3,2.719461280788518,0
202,1678452742,530.0,415.213223874692,True,1901.8433104105595,235.0,4,12,13.326953020356404,0
88,109348,1190.0,659.3794026299539,True,3440.0902365687016,725.0,5,19,14.283758497724445,0
150,14017207475,645.0,473.52625657961323,True,2269.2154164515628,310.0,7,7,5.768363174378307,0
184,1947324461,845.0,566.7823978858747,True,2856.7291066810085,475.0,13,13,14.18620660400549,0
120,12957883928,1090.0,700.8114442915952,True,3701.1120990370473,595.0,5,17,12.958660012578365,0
35,12453538825,600.0,437.64472961088615,True,2043.1617965485827,290.0,7,15,16.75730309453616,0
219,12453538825,595.0,441.10261759538326,True,2064.9464908509162,285.0,4,9,6.62945654244094,0
46,311422343,655.0,481.461280290643,True,2319.206065831053,315.0,5,51,70.73115049942068,22
229,25475478,1000.0,588.0518934848956,True,2990.72692895484,610.0,9,8,9.013348381285578,0
178,26699549,930.0,587.2257205437562,True,2985.522039425662,515.0,8,13,8.538235226149263,0
240,435144778,1010.0,695.9292536969167,True,3670.3542982905765,520.0,9,15,11.684276991887794,0
137,25257810,950.0,658.408350830222,True,3433.9726102303975,485.0,9,22,16.024822211440085,0
256,25500900,475.0,379.32936459216523,True,1675.774996930642,205.0,7,11,9.859288014478588,0
94,1678452758,660.0,491.88519763826525,True,2384.87674512107,315.0,6,29,22.86541851203954,0
30,6378017135,540.0,426.0901911402123,True,1970.3682041833376,240.0,6,12,8.72168900062895,0
251,701608631,465.0,379.6121286596377,True,1677.5564105557164,195.0,5,4,2.8621067334250694,0
42,8421658424,1065.0,621.6653929823616,True,3202.49197578888,730.0,10,25,23.165739316984894,0
248,282686499,910.0,632.2052045792855,True,3268.8927888494977,465.0,8,11,12.058263276943016,0
171,25533613,1135.0,743.7120308161764,True,3971.3857941419074,610.0,14,22,24.0194997525957,0
45,26699545,625.0,451.817664106663,True,2132.4512838719775,310.0,11,13,14.400507561026464,0
83,107349,430.0,355.10899383931206,True,1523.1866611876665,180.0,2,3,3.770276462065279,0
262,881889762,310.0,277.44037476100056,True,1033.8743609943035,115.0,2,5,3.250358990939465,0
285,25472873,530.0,397.85189971096185,True,1792.466968179061,250.0,2,27,28.429540422553384,0
27,1635864532,330.0,282.8259442370128,True,1067.8034486931801,175.0,1,3,3.3230949467950532,0
82,2482696992,435.0,347.41275292638437,True,1474.7003434362223,435.0,7,28,30.225937404679897,4
37,3531897238,415.0,342.85497886621954,True,1445.9863668571843,175.0,6,4,2.4007600054793863,0
292,168272,1220.0,740.980371715829,True,3954.176341809717,815.0,11,20,28.813907861602175,0
205,4249404271,655.0,491.30838778993717,True,2381.242843076601,310.0,9,10,12.077473103234919,0
242,21665031,870.0,533.2948703579409,True,2645.7576832550285,555.0,10,9,5.699830714191254,0
203,1667203511,360.0,294.9496308287044,True,1144.1826742208377,150.0,1,2,4.366560131331082,0
47,26559655,425.0,341.90268106342734,True,1439.9868906995914,185.0,5,17,14.750871977782918,0
182,358992920,1090.0,719.7908557850491,True,3820.6823914458087,585.0,10,31,31.820924030673545,0
51,1666324140,700.0,511.4582277344537,True,2508.1868347270574,340.0,12,10,10.740306116128298,0
2,21665590,990.0,537.6798575164421,True,2673.383102353587,610.0,9,11,11.362672496278861,0
207,34709162,735.0,540.2311717347973,True,2689.4563819292202,355.0,8,16,14.40070358742924,0
28,2934851413,385.0,332.6185156326224,True,1381.4966484855208,150.0,3,3,4.11691114417424,0
29,11188424157,1095.0,600.4233922229517,True,3068.6673710045984,670.0,12,16,13.253666997798048,0
33,11747638084,65.0,143.64568245141285,False,190.96779944390082,0.0,0,0,0.0,0
22,109832,1280.0,834.5410757650662,True,4543.608777319917,695.0,9,34,36.64227293781035,0
227,5398463417,435.0,350.34381818101014,True,1493.1660545403631,185.0,4,24,23.22335267314999,0
60,4116205016,1065.0,733.3758622409952,True,3906.2679321182695,550.0,16,20,28.53460917291933,0
227,298205891,5.0,113.80699787794677,False,2.984086631064596,0.0,0,0,0.0,0
103,289996665,795.0,578.2908625770937,True,2929.2324342356883,390.0,8,34,26.65530348850186,0
112,534993866,885.0,572.950773379415,True,2895.5898722903166,480.0,11,9,7.058502135250277,0
223,823745,1205.0,750.6099060989837,True,4014.8424084235976,675.0,13,9,10.770414103073122,0
164,8784101792,615.0,471.11278352631825,True,2254.0105362158047,285.0,3,9,5.164737672758826,0
117,2586614735,605.0,470.0935902868317,True,2247.58961880704,275.0,5,4,3.73425645956986,0
145,9295694734,185.0,199.62231121904705,False,543.6205606799964,45.0,1,0,0.0,0
143,333650017,820.0,576.4161620770211,True,2917.421821085236,415.0,11,11,8.202417762660133,0
20,25498827,1185.0,789.3283772690154,True,4258.768776794798,630.0,14,43,42.82852146195717,0
162,2441998875,250.0,247.6663572908268,False,846.2980509322084,75.0,4,2,3.6346676561248175,0
43,1685751696,345.0,285.5868397118317,True,1085.1970901845398,145.0,5,9,9.104327328320363,0
107,25500758,630.0,476.33817340554225,True,2286.9304924549147,295.0,5,11,9.54303462073238,0
177,1685267218,660.0,494.2896620739994,True,2400.0248710661967,310.0,6,10,10.570226807637685,0
64,742854915,375.0,323.53481802213554,True,1324.269353539454,145.0,2,2,2.4962708342534006,0
208,275424,460.0,385.7665173658044,True,1716.3290594045682,185.0,8,5,5.825115329769836,0
247,333650017,545.0,414.1166849118669,True,1894.9351149447618,255.0,8,8,10.402563951498484,0
16,915410145,705.0,507.3731381799019,True,2482.450770533382,345.0,2,14,10.54705683062869,0
216,5560599869,600.0,454.1887153297903,True,2147.388906577678,280.0,4,23,17.908356947770233,7
132,1678452820,380.0,315.6253494418517,True,1274.4397014836654,155.0,1,3,2.3744384571033548,0
130,25544131,875.0,600.1512342293111,True,3066.9527756446596,490.0,9,12,18.529453033959474,0
75,1685938727,630.0,470.0700186463905,True,2247.4411174722604,300.0,6,12,9.221047046055213,0
192,7684091166,1295.0,756.0581756278658,True,4049.1665064555564,765.0,13,27,26.411503537851104,0
36,25626801,860.0,625.4292115548236,True,3226.204032795387,420.0,10,20,23.42122505191822,0
175,108258,1260.0,683.8822887102252,True,3594.4584188744184,880.0,13,18,18.31764693202568,0
100,25533578,315.0,281.75886640246847,True,1061.0808583355506,115.0,8,7,11.024247966769284,0
8,7527076899,770.0,537.1742219650645,True,2670.197598379905,390.0,9,24,23.47180134119857,0
34,383974165,395.0,333.73625430412176,True,1388.5384021159662,160.0,3,2,2.417507281452491,0
265,7223638134,980.0,642.6194789359121,True,3334.502717296246,530.0,5,24,22.338977870861726,0
215,9791489,985.0,659.7200338147288,True,3442.2362130327915,520.0,13,13,11.639214043299695,0
180,9791156,435.0,361.59719676786784,True,1564.0623396375672,180.0,4,6,7.071023291727941,0
232,1684410086,305.0,283.1122244438919,True,1069.6070139965182,105.0,4,10,6.971378746904952,0
9,294651404,570.0,427.728003428224,True,1980.68642159781,270.0,5,22,21.703128542925434,0
73,108216,1625.0,887.3744275704746,True,4876.458893693993,1125.0,15,24,26.84716868720148,0
131,1684410086,645.0,478.4472189078592,True,2300.217479119514,310.0,8,50,72.98997919236396,22
287,317930380,1320.0,818.2400469201123,True,4440.912295596705,750.0,10,23,23.692366877360204,0
50,2441998875,510.0,388.71271195564776,True,1734.8900853205812,235.0,1,19,26.516443038009395,6
120,21666007,160.0,195.21038752236126,False,515.8254413908757,20.0,2,2,0.9452538094945301,0
69,9775220678,705.0,502.71156561112826,True,2453.0828633501096,350.0,6,8,9.306998819846614,0
268,21665031,650.0,473.7239184008418,True,2270.460685925303,315.0,10,8,7.7924064315836015,0
281,1089089322,620.0,464.1217468582023,True,2209.9670052066735,295.0,11,4,5.414056371943997,0
10,311422343,275.0,265.4273040278936,True,958.1920153757296,85.0,5,2,2.2193426908057803,0
181,333650017,390.0,339.38718264111577,True,1424.1392506390293,150.0,7,5,5.926118606590897,0
229,25497435,175.0,203.42413824256855,False,567.5720709281817,30.0,1,6,5.562180240374007,0
174,669891670,1200.0,665.3368317748874,True,3477.62204018178,730.0,8,17,17.817613005920908,0
291,12978761148,430.0,361.7875969818053,True,1565.2618609853728,175.0,4,5,6.554008494126399,0
140,21665361,480.0,373.20102589652384,True,1637.1664631481,215.0,5,10,9.633560239369215,0
71,11156548930,1230.0,777.0632404791498,True,4181.498415018646,685.0,17,26,21.585015371750686,0
170,2441107350,740.0,543.1695102286159,True,2707.9679144402744,355.0,6,9,7.990082143417826,0
12,1614978560,310.0,267.24296472168214,True,969.6306777465973,120.0,6,6,7.077658237067293,0
142,9294989287,500.0,403.19039745954325,True,1826.0995039951226,215.0,2,12,9.153464969945139,0
95,1166056970,295.0,285.46565879133635,True,1084.4336503854188,95.0,2,2,2.104466772720129,0
242,298206178,160.0,196.21896865595815,False,522.1795025325363,20.0,1,1,1.5543214758500303,0
13,21533912,690.0,483.47293509741337,True,2331.879491113704,350.0,9,18,17.964991256974738,0
108,1684410076,780.0,553.3493569367924,True,2772.1009487017905,390.0,11,9,6.706132652149733,0
179,9521034,455.0,375.45424028932973,True,1651.361713822777,190.0,4,9,8.765501751502212,0
72,383974165,455.0,371.99051314016845,True,1629.540232783061,190.0,8,11,10.225824170982364,0
172,25501306,235.0,240.08526629848114,False,798.5371776804312,65.0,4,0,1.419205175751192,0
44,107318,585.0,432.34555831064023,True,2009.7770173570336,280.0,11,9,10.072101095253016,0
246,358992920,1170.0,780.4143035718005,True,4202.610112502348,620.0,13,22,20.804833044849428,0
114,25472589,1025.0,696.8110211921637,True,3675.909433510635,535.0,18,16,21.832683819849148,0
178,333670399,210.0,216.4018711283049,False,649.3317881083206,55.0,4,0,1.5142664006267799,0
124,108253,985.0,690.1921221258625,True,3634.2103693929334,500.0,18,27,25.248056087675078,0
189,26559618,860.0,509.7119332971656,True,2497.1851797721424,560.0,13,7,5.943687823140388,0
93,25473373,710.0,509.7500931440466,True,2497.425586807494,350.0,7,12,12.186270290255141,0
244,2191588310,1045.0,696.5215499773216,True,3674.0857648571255,555.0,12,5,10.332877546888357,0
197,9521033,270.0,261.74831888910177,True,935.0144090013408,85.0,2,0,1.3529657230027827,0
85,9966771320,435.0,357.7469115174164,True,1539.805542559723,180.0,4,32,33.87465299747882,0
46,25544136,230.0,225.42740070083204,False,706.1926244152421,75.0,2,14,16.60149040791038,0
65,11052055761,825.0,572.517996173953,True,2892.8633758959045,420.0,8,11,9.679483900103966,0
225,25714232,725.0,510.46546094704036,True,2501.9324039663534,365.0,6,27,24.519312133686093,0
4,806821396,820.0,569.1054776862949,True,2871.364509423658,420.0,9,5,2.94502564102564,0
271,109619,540.0,412.17274513798174,True,1882.6882943692851,250.0,3,34,36.17927000689202,1
97,2191480791,470.0,378.5870493286091,True,1671.0984107702375,200.0,7,4,5.476446779068993,0
161,25496780,785.0,532.1593706860232,True,2638.604035321944,410.0,4,18,19.802044748185686,0
146,25306041,1395.0,723.0497194488913,True,3841.21323252801,940.0,10,10,9.621470854523261,0
194,2456267967,360.0,286.2984267002884,True,1089.6800882118166,225.0,9,4,5.663044155605011,0
23,454212847,680.0,508.1855039858395,True,2487.568675110789,320.0,11,19,17.99759652094989,0
52,21665367,330.0,285.41036676747314,True,1084.0853106350812,130.0,5,10,11.814759522428528,0
243,1685751696,770.0,548.6313280035941,True,2742.3773664226396,385.0,8,10,9.465180999817857,0
152,25476039,760.0,514.2265269681191,True,2525.627119899148,400.0,10,58,65.65490839386652,0
165,25532839,790.0,555.6908487731615,True,2786.852347270912,400.0,6,11,10.13951478852219,0
284,9791487,640.0,484.9900670738874,True,2341.4374225654897,300.0,10,9,9.916909078296003,0
63,10574746,865.0,611.7843173339592,True,3140.2411992039415,435.0,10,7,15.674640227230467,0
31,1230855633,660.0,478.4751954851489,True,2300.3937315564376,325.0,4,7,7.192456729919738,0
224,25531001,1075.0,682.4837218173832,True,3585.6474474495135,595.0,11,10,7.977981599177405,0
280,21533908,445.0,369.4772411132604,True,1613.7066190135408,185.0,3,11,12.662641603955032,0
133,1667203523,865.0,603.9766089228166,True,3091.052636213744,440.0,12,19,16.202164713595703,0
275,1607738730,620.0,460.2921510687644,True,2185.840551733215,295.0,6,22,30.2266770574446,3
138,6049524394,835.0,597.0376612514751,True,3047.337265884288,415.0,5,17,17.41062173614383,0
250,14017207475,750.0,493.07325953664554,True,2392.361535080865,400.0,8,25,16.867512508029264,0
39,2482696992,915.0,635.0841577142905,True,3287.0301936000274,915.0,10,66,77.85070276665581,4
254,3531897238,575.0,434.53370390827854,True,2023.5623346221555,270.0,6,12,6.121638150341216,0
53,25533129,905.0,482.37998997402633,True,2324.9939368363684,695.0,7,21,14.053802875790405,0
195,317930344,330.0,291.15630555260867,True,1120.2847249814338,125.0,1,4,9.71850526095414,0
115,1317156147,505.0,407.3437363815036,True,1852.2655392034728,215.0,8,8,6.905254150795743,2
188,6342450111,1030.0,705.9176276912734,True,3733.2810544550202,535.0,12,16,15.334488010975697,0
128,9512926,525.0,410.7304326399032,True,1873.6017256313896,235.0,4,19,11.103502419701957,0
98,21665031,460.0,335.5819805492361,True,1400.1664774601877,235.0,4,11,14.208696805504998,0
30,9791482,305.0,285.7318486321581,True,1086.110646382596,100.0,3,4,2.6453881436760804,0
233,25476020,705.0,525.4917030609848,True,2596.597729284202,335.0,7,17,18.130136267538095,0
228,2784682616,995.0,618.4372227100035,True,3182.1545030730244,560.0,9,12,9.49392238085959,0
66,25533613,550.0,363.28796429661827,True,1574.714175068695,345.0,4,19,20.086721558951016,0
157,6089552096,710.0,499.9067066615692,True,2435.412251967885,360.0,9,7,11.180160407417711,0
190,25495769,650.0,475.79026208508213,True,2283.4786511360194,315.0,3,5,7.458232363927378,0
36,2934851453,215.0,230.82432474766267,False,740.1932459102743,50.0,2,2,2.021703158441695,0
127,12547908624,450.0,363.136095413086,True,1573.7574011024406,195.0,4,7,7.166132015167142,0
123,21665367,520.0,378.3271361386483,True,1669.4609576734838,315.0,10,15,13.019461264659105,0
200,107693,1030.0,685.9265676162979,True,3607.3373759826723,545.0,8,30,28.954257227366206,0
148,275424,950.0,634.9166621148928,True,3285.9749713238252,505.0,12,22,21.325505445742667,0
92,25544131,1165.0,715.467237797035,True,3793.4435981213137,720.0,8,15,24.924180724640348,0
155,13567811111,505.0,406.76007442421934,True,1848.5884688725828,220.0,4,10,6.625783126109816,0
238,8124381023,360.0,315.22194754621927,True,1271.8982695411808,135.0,5,5,4.5107341257394085,0
70,21665912,470.0,383.03799640275145,True,1699.1393773373343,200.0,6,7,5.587353752412607,0
49,255562,560.0,428.6102908511523,True,1986.2448323622593,255.0,4,2,6.958638939277065,0
163,1843345666,545.0,398.72314978708476,True,1797.9558436586344,265.0,3,22,29.832582672794008,6
147,1684410087,670.0,455.43821193086256,True,2155.2607351644338,380.0,10,23,20.601813619428334,0
264,11456439398,1275.0,667.2764383817831,True,3489.841561805235,1250.0,9,82,91.96364455991268,0
203,108214,320.0,297.07079808708255,True,1157.5460279486203,110.0,3,3,3.063457287948169,0
279,317930380,465.0,370.081006743625,True,1617.5103424848378,205.0,4,10,11.162284111909468,0
26,454373621,430.0,356.7896520551447,True,1533.774807947411,180.0,2,9,11.613055436774797,0
74,5244680779,760.0,527.1927554891178,True,2607.314359581439,390.0,11,11,11.378841662232816,0
249,9515379,1395.0,820.8637925622386,True,4457.4418931421,860.0,11,40,28.30163347052956,0
272,9512925,550.0,417.0695051956273,True,1913.5378827324519,255.0,1,11,11.530864138492637,0
205,21665585,340.0,303.1339640857979,True,1195.743973740527,125.0,4,10,8.996076108213487,0
19,9398043798,610.0,409.40103093291253,True,1865.2264948773502,430.0,4,5,7.948506501971661,0
50,25474295,215.0,231.24104275585347,False,742.8185693618766,50.0,2,3,1.6636651992603455,0
289,6356649633,400.0,334.79594850215204,True,1395.214475563557,165.0,4,3,3.624827826415952,0
288,1667203511,555.0,415.143864710116,True,1901.4063476737313,260.0,9,6,8.453078631632655,0
116,10544188928,540.0,416.5784634578342,True,1910.4443197843552,260.0,5,3,4.735087560485174,0
234,9791495,755.0,540.5853345845825,True,2691.6876078828677,375.0,12,13,11.285758101477157,0
153,1231977962,960.0,671.5235626253603,True,3516.5984445397667,485.0,10,41,32.09343780004096,0
99,21665965,590.0,416.025098251928,True,1906.9581189871467,360.0,4,10,16.224064151857906,0
41,108070,525.0,418.191066876035,True,1920.603721319019,230.0,6,4,7.010793243702706,0
211,1684410087,755.0,511.29555764015595,True,2507.1620131329837,395.0,5,9,7.6380907126616,0
231,25476041,1135.0,669.3175048478713,True,3502.7002805415855,665.0,6,10,8.109777446274233,0
89,107797,530.0,419.2958148735198,True,1927.5636337031738,235.0,6,4,4.027142887888052,0
122,25532839,770.0,517.4459912769177,True,2545.9097450445843,405.0,5,17,13.496981903830445,0
112,2493654751,345.0,295.7902307712655,True,1149.4784538589722,135.0,4,1,3.4982194532436717,0
59,1678452758,815.0,509.3478524228624,True,2494.891470264033,490.0,8,21,19.27089309113381,0
38,12648068962,1110.0,647.9125368377464,True,3367.8489820777927,655.0,7,6,6.723399920647296,0
207,14728072,380.0,314.8726581826704,True,1269.697746550824,155.0,6,2,1.95088932587622,0
263,26651416,795.0,545.0168101532107,True,2719.6059039652255,410.0,8,19,19.938879351141473,0
290,25533613,730.0,470.19436499146684,True,2248.2244994462394,505.0,8,45,50.15067788715791,0
248,107319,415.0,342.4707175761852,True,1443.5655207299667,175.0,2,8,8.580943110302204,0
221,1317156147,710.0,518.1996416439434,True,2550.6577423568433,345.0,6,20,14.280387409215102,0
236,1678452742,800.0,561.1242693029245,True,2821.0828966084264,405.0,15,5,9.680475947923869,0
206,9295694734,1290.0,837.9153108950975,True,4564.866458639114,700.0,13,44,37.805167436494514,0
266,6914171275,715.0,518.353962926709,True,2551.629966438266,350.0,10,11,8.89518220664317,0
100,11135307178,315.0,263.1712085325565,True,943.9786137551055,140.0,2,2,1.4826983675874754,0
252,1678452814,825.0,424.4620595816502,True,1960.1109753644007,560.0,5,16,19.909980784648166,0
139,107320,710.0,518.0629199173655,True,2549.7963954794013,345.0,10,11,9.876689276854838,0
105,11505302188,1190.0,713.2592469410123,True,3779.5332557283723,690.0,11,28,33.78543701608787,0
113,7013554275,760.0,438.6696653067704,True,2049.6188914326576,630.0,3,0,0.13088372093023262,0
214,2191480791,1495.0,804.5385579934908,True,4354.5929153589805,930.0,11,54,52.63328745103603,0
287,107793,305.0,278.289185304218,True,1039.2218674165733,110.0,1,2,4.8839319544821995,0
80,881887811,475.0,385.7780518783912,True,1716.4017268338648,200.0,6,29,30.517804015033757,0
143,2624195128,385.0,323.5190755416464,True,1324.170175912372,155.0,4,3,5.751638120107469,0
186,3531897238,780.0,550.2951593839379,True,2752.8595041188087,390.0,4,11,10.78453142728154,0
209,9789814,750.0,529.9711582716043,True,2624.818297111107,375.0,12,3,4.754878265208655,0
223,8098784582,405.0,319.24702650486046,True,1297.256266980621,180.0,7,2,2.9882468993576126,0
241,10996228332,1105.0,682.3822177944018,True,3585.0079721047314,625.0,13,19,21.28741398321651,0
27,10574749,450.0,369.37887866957396,True,1613.0869356183166,190.0,11,23,22.37013426465209,0
198,107352,525.0,415.47628070036706,True,1903.500568412313,230.0,5,6,8.046016117793426,0
126,108253,690.0,508.0917080198459,True,2486.977760525029,330.0,4,17,17.919482698702474,6
40,3531897238,550.0,427.5697025141428,True,1979.6891258390992,250.0,13,9,8.078079370958536,0
185,435144778,865.0,622.9532897658723,True,3210.605725524993,425.0,7,11,12.246857807873068,0
257,25473284,805.0,543.8411112728928,True,2712.1990010192253,495.0,7,11,12.379267610478202,0
277,1685938740,1070.0,702.877886317467,True,3714.1306838000482,575.0,13,25,20.04524025260578,0
227,25501007,445.0,357.09193910344146,True,1535.6792163516795,195.0,6,8,7.505106687040033,0
77,4702603699,525.0,390.27108059426416,True,1744.7078077438641,250.0,5,7,10.643878318774032,0
48,25522907,700.0,463.48661262150205,True,2205.9656595154634,460.0,6,31,33.62659833737818,0
71,107319,315.0,295.18752645647083,True,1145.6814166757663,105.0,6,4,6.923325953422247,2
137,13565582698,505.0,392.3737491270962,True,1757.9546195007058,230.0,3,12,9.6698211879563,0
274,1614846702,730.0,526.9183478044187,True,2605.585591167835,360.0,6,33,29.86899338591573,0
183,4397152731,770.0,529.8395961463142,True,2623.9894557217763,395.0,5,12,15.942495864320515,0
131,9512924,355.0,311.9446993422711,True,1251.251605856309,135.0,1,11,11.313140851425821,0
119,9512926,825.0,482.20494913490154,True,2323.891179549878,565.0,6,15,18.74934891911002,0
109,25522907,745.0,450.595007509987,True,2124.748547312918,555.0,7,41,40.495722077231434,0
76,25475740,695.0,477.0057064224376,True,2291.1359504613542,360.0,7,43,46.08259845436212,6
253,21665590,810.0,593.6599429396338,True,3026.057640519698,390.0,4,19,19.252835189174494,0
246,734536096,305.0,274.3120472790321,True,1014.1658978579023,110.0,6,3,6.130123764678303,0
57,107319,710.0,479.6302951037031,True,2307.6708591533315,435.0,12,20,17.357182575530718,0
125,4360514492,675.0,494.353617885488,True,2400.4277926785744,325.0,10,23,23.67400382534994,0
219,3892184068,525.0,407.9946507452549,True,1856.3662996951045,235.0,4,3,3.3138613895195865,0
134,351788581,810.0,519.5799545289087,True,2559.353713532125,545.0,6,42,39.62047568434524,0
177,14728072,425.0,332.5364782777784,True,1380.979813150003,190.0,3,8,6.213046083815746,0
278,293812285,915.0,641.6098609039864,True,3328.142123695112,465.0,13,48,58.09187872638473,10
102,107878,790.0,525.5936748012969,True,2597.240151248167,420.0,9,42,44.42670104804949,5
79,108060,915.0,511.8517652470657,True,2510.6661210565135,555.0,6,12,16.91317032556836,0
173,1936062451,1995.0,813.7321455186286,True,4412.512516767343,1750.0,9,6,5.968379179654689,0
96,21665930,690.0,507.5484031137874,True,2483.554939616859,330.0,10,13,12.323220211746694,0
166,534993866,700.0,485.2274585819605,True,2342.9329890663507,375.0,7,13,16.25722434180398,0
33,25544119,490.0,394.5963219154756,True,1771.9568280674957,210.0,5,7,7.8913017861005885,0
112,1685751696,115.0,170.18516872828016,False,358.16656298816474,0.0,1,0,0.0,0
61,368279307,560.0,431.8676348722375,True,2006.7660996950956,255.0,10,22,16.04652931306438,0
204,5487714091,710.0,509.4403604469471,True,2495.474270815765,350.0,9,15,18.428227323775324,0
199,21590614,1055.0,687.7490314650483,True,3618.818898229804,570.0,11,23,19.851332313837673,0
118,25257319,605.0,448.32458222585734,True,2110.4448680229007,290.0,7,16,18.178063332078146,0
208,21590614,440.0,363.8204515880612,True,1578.0688450047855,185.0,8,2,3.5156143636025443,0
21,5387300688,810.0,571.7463113359241,True,2888.0017614163207,405.0,6,13,15.5711691766626,0
35,255578,555.0,436.29333166860795,True,2034.6479895122295,245.0,1,13,11.96549987737228,0
72,2622783492,350.0,308.3181117682897,True,1228.404104140225,130.0,3,14,15.659085988375454,0
13,2191588310,355.0,310.700214822666,True,1243.411353382795,135.0,8,5,5.256644888671278,0
255,362474930,620.0,456.805789097362,True,2163.876471313382,300.0,6,22,20.75482273877535,0
120,107801,400.0,339.8221278865787,True,1426.8794056854465,160.0,3,16,12.706786543061073,0
170,108070,375.0,324.6041826822104,True,1331.0063508979265,145.0,3,4,5.301600336754647,0
240,25472904,565.0,418.14296451971,True,1920.300676474174,270.0,4,11,5.354857673898532,0
258,9178184325,720.0,532.0101345622559,True,2637.663847742215,345.0,5,7,9.59367572428278,0
164,108896,500.0,380.4081665490791,True,1682.5714492591974,230.0,4,38,49.42933477503187,9
267,2450775063,975.0,650.5969385933464,True,3384.7607131380823,565.0,16,16,16.752966843289027,0
230,21665006,715.0,517.0990659232706,True,2543.724115316602,350.0,3,10,9.780759173018101,0
224,25378119,300.0,282.78339402395244,True,1067.5353823509006,100.0,4,3,4.633190637637105,0
91,25496783,685.0,499.64946469127113,True,2433.7916275550087,335.0,14,30,34.42609892569728,5
127,108045,235.0,243.00698863946326,False,816.9440284286185,60.0,2,6,7.111812145127073,0
259,25522907,700.0,495.75516793774364,True,2409.2575580077837,380.0,2,17,13.119527086365357,0
181,6262789333,405.0,338.33476439604306,True,1417.5090156950716,165.0,7,2,2.9370684458777796,0
68,14017207475,665.0,491.4755422395138,True,2382.2959161089357,320.0,9,27,30.714730771372906,3
124,742854915,355.0,293.05402257462447,True,1132.240342220134,145.0,4,1,1.9597668107415127,0
56,9178184328,1235.0,740.5670822600042,True,3951.572618238029,715.0,8,40,44.90730861341365,0
247,9512930,475.0,385.67413052913355,True,1715.747022333542,205.0,6,10,10.593154344969912,0
55,282686499,2270.0,827.7034405126061,True,4500.531675229396,1995.0,3,1,0.31553846153846155,0
210,333725797,1360.0,741.3564639980048,True,3956.545723187417,840.0,22,42,41.27867207968906,0
84,24973090,875.0,619.1091306242159,True,3186.3875229325595,440.0,9,36,43.39560998117886,0
2,500486430,550.0,410.6557072286233,True,1873.1309555403268,280.0,12,7,6.3908118475519835,0
174,11170906155,410.0,347.3238104320616,True,1474.1400057219882,165.0,1,6,6.515312693184397,1
269,25544119,665.0,460.81954228538444,True,2189.163116397922,340.0,11,15,18.290981200787222,0
201,1614926348,950.0,577.8778239240422,True,2926.630290721466,665.0,7,39,40.688144201110624,0
226,4993728408,1295.0,642.3484199964818,True,3332.7950459778267,865.0,11,7,4.918122745830311,0
245,25496773,995.0,663.4367196200658,True,3465.651333606412,530.0,8,35,32.92997543191357,0
178,8916243,395.0,342.1682416670182,True,1441.659922502216,155.0,5,9,9.07152316116625,0
58,1938580083,665.0,450.08702475767456,True,2121.548255973348,365.0,1,11,13.525803133780519,0
17,25496815,990.0,554.5736552331227,True,2779.814027968672,600.0,6,9,13.136976805263057,0
249,4360406511,245.0,241.85338245629163,False,809.6763094746376,75.0,4,3,3.8134199174468217,0
235,21665361,850.0,488.9384934986192,True,2366.3125090413014,705.0,8,19,21.355940636377273,0
265,25533578,470.0,328.6925046098273,True,1356.7627790419112,260.0,2,3,1.7657322560901676,0
67,21665367,755.0,504.61677751439095,True,2465.085698340661,400.0,6,7,7.074723988414185,0
287,5742573759,155.0,193.54306125329728,False,505.3212858957729,15.0,1,2,1.3709216267469915,0
43,108258,530.0,418.9595325331731,True,1925.445054958992,235.0,3,5,3.948954703539425,0
283,9789814,680.0,483.05775891732907,True,2329.2638811791735,340.0,14,13,8.980636230060812,0
104,6378017135,770.0,553.1730807397988,True,2770.9904086607316,380.0,10,31,24.48573762916198,1
111,2453947049,1135.0,793.8013843683742,True,4286.948721520765,575.0,12,22,20.352953410751883,0
37,6460816408,605.0,465.7731160315068,True,2220.3706309984923,275.0,4,7,10.177282752122917,0
88,2453162764,635.0,472.7721410921284,True,2264.46448888041,300.0,5,27,32.5124858574593,6
151,11618689213,750.0,541.2143408531698,True,2695.650347374972,370.0,8,9,7.4824024312711215,0
193,4956890447,865.0,609.5510822963988,True,3126.171818467312,435.0,11,38,52.782178523236475,9
101,26591526,900.0,620.7527797658496,True,3196.742512524852,465.0,17,26,19.368455705207232,0
286,9512926,805.0,544.5914590739814,True,2716.926192166083,420.0,5,7,6.707756893719371,0
218,291924683,1295.0,646.0101204843587,True,3355.8637590514404,840.0,4,5,3.6172347621722243,0
129,11170906155,910.0,593.4316952359505,True,3024.6196799864874,490.0,7,28,33.34706496101815,0
168,6943758097,1120.0,675.4302664038098,True,3541.210678344002,650.0,13,34,30.81955311472163,0
145,25522907,565.0,443.238435012401,True,2078.4021405781264,250.0,9,4,5.1970012557411085,0
3,2191480791,815.0,550.3074144249659,True,2752.936710877284,425.0,5,8,12.159828778339165,0
53,358992920,340.0,309.73222860216646,True,1237.3130401936494,120.0,4,6,5.707119118125877,0
18,25378119,760.0,547.2196576092781,True,2733.4838429384517,375.0,5,25,33.462843208509625,5
275,9262072924,360.0,316.9872317719542,True,1283.019560163311,135.0,2,12,11.707167628792828,0
85,107324,415.0,336.3216606707522,True,1404.826462225739,175.0,6,10,7.50132881296539,0
213,266481785,695.0,512.8769064422379,True,2517.1245105861,335.0,9,7,8.466698056931753,0
263,25472758,230.0,234.59337271396305,False,763.9382480979671,65.0,3,5,4.35185350641053,0
167,14017207475,720.0,515.2411552310783,True,2532.0192779557933,355.0,5,14,10.920666889988377,0
90,109836,760.0,496.7815192350878,True,2415.723571181054,410.0,8,21,16.573908725051517,0
159,26699543,735.0,531.9213437203,True,2637.1044654378907,360.0,10,6,6.32140137793059,0
217,25501773,990.0,638.4865725762863,True,3308.465407230607,540.0,9,8,7.115509108668699,0
228,1230855633,335.0,306.61263253643546,True,1217.6595849795426,120.0,4,10,7.834980399564178,0
16,9167793401,565.0,434.65408935206784,True,2024.3207629180274,260.0,10,6,6.041965094933291,0
184,9791152,675.0,484.22418298776654,True,2336.6123528229286,355.0,1,9,7.369850023166297,0
106,25507041,895.0,601.7268745976186,True,3076.879309964995,470.0,10,13,15.682826993007762,0
5,5518619474,710.0,519.5287608236202,True,2559.0311931888077,360.0,6,25,34.55429743867381,4
15,1685751696,760.0,496.342356002963,True,2412.956842818667,410.0,6,13,13.516081043781794,0
130,25503707,570.0,444.1380750119581,True,2084.0698725753364,255.0,6,14,12.196107672950191,0
110,101999,1075.0,670.1447905318428,True,3507.9121803506127,605.0,7,3,3.5761025641025626,0
196,26652351,740.0,537.7709280213604,True,2673.9568465345715,360.0,5,10,8.214991157743924,0
87,499122580,830.0,516.7651934695809,True,2541.6207188583603,475.0,7,20,17.018601187142245,0
223,1188983785,215.0,223.3835523779439,False,693.3163799810462,55.0,2,4,5.574456222674066,0
214,12159581182,225.0,237.72661529774973,False,783.677676375823,55.0,2,5,5.06536375634915,2
63,25256268,420.0,357.7651670705155,True,1539.9205525442462,165.0,4,3,9.267370454331255,0
119,107786,175.0,202.34162992680783,False,560.7522685388892,30.0,1,6,6.312504284807046,0
205,10264011826,330.0,280.7385473878417,True,1054.652848543403,130.0,1,6,7.532410165431296,0
268,9791487,545.0,420.2221211560312,True,1933.399363282998,250.0,7,5,5.995683132273521,0
172,9698077954,510.0,416.21070853572303,True,1908.1274637750535,215.0,1,5,3.051471767052366,0
65,21665926,480.0,387.3145986451596,True,1726.0819714645047,205.0,4,6,7.181693767335715,0
243,9760819194,470.0,362.5304962184765,True,1569.9421261764019,215.0,9,3,5.064480782575366,0
126,107812,230.0,234.07214681033568,False,760.6545249051143,65.0,3,5,5.441052928783461,0
44,1614846702,515.0,401.9863489499522,True,1818.5139983846973,230.0,6,16,12.256606292346852,0
78,9167793401,970.0,652.5994506241698,True,3397.3765389322716,510.0,8,13,13.166253631345937,0
289,9791484,360.0,310.741068173746,True,1243.6687294945991,140.0,2,24,31.584819644546492,4
86,9512930,810.0,568.4747928259923,True,2867.3911948037485,410.0,8,11,13.109589569455125,0
122,11156548930,315.0,285.3651083597298,True,1083.8001826662976,115.0,4,1,2.8337548944890933,0
285,26559368,715.0,513.3179696557393,True,2519.903208831159,355.0,8,14,12.466157857276752,0
154,108103,1105.0,757.9028521756446,True,4060.787968706554,570.0,17,37,33.4172862410275,0
6,2214957485,750.0,553.0446536077601,True,2770.1813177288923,360.0,7,10,9.707675170696206,0
250,25544136,445.0,365.7073496117925,True,1589.9563025542934,185.0,8,1,2.2045582916498296,0
242,21665135,545.0,419.9275432043515,True,1931.5435221874159,250.0,5,9,5.218654035251677,0
62,591983272,1095.0,708.5042753028787,True,3749.576934408133,595.0,8,18,17.800428326185454,0
285,14023072777,5.0,114.54066481186177,False,7.606188314729174,0.0,0,0,0.0,0
36,3764054180,410.0,332.27124720638267,True,1379.3088574002104,175.0,5,28,32.09848752102231,2
165,11866625772,480.0,386.39489494465323,True,1720.2878381513156,205.0,2,12,7.690202727956932,0
239,9295694734,1100.0,686.9757093015971,True,3613.946968600064,645.0,16,11,15.554568690760815,0
113,1230374510,285.0,265.77940312006183,True,960.410239656389,95.0,3,4,6.708944109600284,0
81,4928600902,1550.0,875.3914620549219,True,4800.966210945993,935.0,15,42,43.24288935612259,0
28,1493424644,720.0,476.8661481764089,True,2290.256733511375,455.0,12,14,12.029295206503443,0
182,26866991,720.0,471.9546362615214,True,2259.314208447584,450.0,6,15,14.812318317434876,0
254,25495513,460.0,374.3744456670626,True,1644.5590077024951,195.0,1,9,8.209722489785293,0
11,1667203543,860.0,624.0168113944472,True,3217.305911785018,420.0,8,15,11.706341695617189,0
97,11751472416,520.0,401.3382653656821,True,1814.431071803797,235.0,2,22,16.80866004553814,0
135,108224,900.0,624.2614990566768,True,3218.847444057066,460.0,8,18,16.713491135896547,0
282,452236138,885.0,610.6256388750353,True,3132.9415249127233,455.0,14,20,22.325032056258575,0
231,8784071418,365.0,306.3084766299208,True,1215.743402768501,150.0,4,7,6.956193170810224,0
7,108045,1190.0,730.1291786604841,True,3885.813825561045,685.0,13,9,16.33580275331933,0
202,25531001,790.0,530.3115976002952,True,2626.9630648818575,415.0,5,8,8.569862730938674,0
140,12398519156,595.0,433.5086590205425,True,2017.1045518294172,290.0,5,11,11.6634463619921,0
151,383974166,145.0,182.52194449969505,False,435.8882503480788,15.0,2,1,0.7223542357202973,0
149,25498827,805.0,562.4984800428557,True,2829.740424269988,410.0,6,17,19.439264299082286,0
278,25501320,250.0,248.587863458431,False,852.103539788115,75.0,5,6,6.125007344205933,4
270,1614949613,1010.0,621.8054826697283,True,3203.37454081928,580.0,4,19,19.829341615817338,0
69,9791495,625.0,468.4060697849471,True,2236.9582396451665,295.0,11,11,11.110955132743667,0
144,2191588310,1265.0,744.6055853310626,True,3977.015187585696,760.0,13,12,13.20669522731422,0
32,25476020,980.0,694.0824390388665,True,3658.7193659448644,490.0,6,10,7.944980746439224,0
121,1283446717,1255.0,804.6137996181768,True,4355.066937594512,690.0,17,30,33.50469968977063,0
51,109838,770.0,558.9358552267669,True,2807.295887928629,375.0,3,19,16.37908333412029,0
240,108903,245.0,246.80642183629212,False,840.8804575686404,70.0,2,2,2.238016405526617,0
107,1614846678,720.0,537.7000271180593,True,2673.510170843776,340.0,9,17,14.053330683814405,0
14,255562,1105.0,664.8492535114256,True,3474.550297121982,635.0,16,8,8.994536908263067,0
74,25472806,465.0,381.30748659410773,True,1688.237165542878,195.0,5,13,13.662694338067656,6
141,11456439398,1215.0,678.734978701795,True,3562.030365821312,1180.0,8,25,28.547014334378186,0
94,26652119,840.0,577.274294301901,True,2922.828054101979,480.0,9,9,12.251219631844842,0
24,12921761055,1195.0,776.631564829817,True,4178.778858427842,650.0,10,36,37.53397126770232,0
22,4356591932,805.0,560.2443754160912,True,2815.539565121374,410.0,12,4,6.916465298983879,0
187,1678452758,945.0,585.833152249591,True,2976.748859172422,530.0,7,18,18.212450811997673,0
237,1607738730,1045.0,671.3784799194624,True,3515.6844234926143,575.0,9,17,19.655615710489272,0
49,5518619474,500.0,391.0570755498021,True,1749.659575963754,225.0,3,3,3.480753969107692,0
275,9512935,205.0,217.0555801625145,False,653.4501550238411,50.0,0,9,9.590526452328248,2
115,25257618,555.0,419.6624529658158,True,1929.8734536846398,260.0,6,21,25.267360932904282,3
108,9512926,665.0,453.8274755042349,True,2145.1130956766806,365.0,4,11,10.218875030744025,0
156,7527076899,925.0,614.2122962880516,True,3155.537466614723,495.0,9,19,18.229089227102016,0
83,108258,845.0,593.2032383872471,True,3023.1804018396588,425.0,10,20,18.313642595244303,0
179,2191480791,670.0,500.95537334524016,True,2442.018852075012,315.0,9,16,17.351680745321083,0
291,1685751696,685.0,449.77990884440175,True,2119.6134257197327,390.0,5,12,13.537012876502063,0
256,1685751696,865.0,569.083472550337,True,2871.2258770671197,465.0,10,7,8.338871870033847,0
238,11618689213,520.0,395.3208261238959,True,1776.5212045805442,240.0,4,5,5.636039370622469,0
39,9178184328,580.0,447.58566046238616,True,2105.789660913034,265.0,5,10,8.35738098223334,0
227,10544188931,375.0,300.6208940284086,True,1179.911632378974,375.0,1,48,52.764908901495936,0
265,1667203523,265.0,258.7525981893887,True,916.1413685931484,80.0,4,2,2.531064794542185,0
153,25472904,495.0,389.59871154561546,True,1740.471882737378,220.0,3,23,25.611923398324805,0
169,108045,1095.0,674.7656012782096,True,3537.0232880527165,635.0,18,21,22.517378233220672,0
77,4216272819,380.0,330.5091153554725,True,1368.2074267394771,145.0,2,3,1.9031706454465072,0
148,25500758,550.0,432.8696322855127,True,2013.07868339873,245.0,11,6,7.463992598221252,0
280,25472672,615.0,465.7664917163313,True,2220.328897812887,285.0,6,10,9.598889853842884,0
261,102025,935.0,625.7717483025434,True,3228.362014306022,505.0,10,19,22.121678702491526,1
225,25257028,665.0,465.5677329843977,True,2219.0767178017068,365.0,4,25,27.157708973962094,0
220,25524240,1175.0,795.2884018960489,True,4296.316931945107,615.0,16,26,27.030242944567142,0
251,1614978621,890.0,594.5205329792162,True,3031.479357769063,470.0,6,19,15.971740537349245,0
54,200044,1645.0,960.5820823000269,True,5337.667118490178,970.0,15,20,20.842999511880468,0
12,25500758,715.0,527.943980901609,True,2612.047079680137,345.0,4,12,8.107608819347654,0
284,9791152,640.0,475.00976456591206,True,2278.5615167652454,305.0,9,11,8.988053390167607,0
61,311153342,365.0,319.043032734427,True,1295.9711062268907,140.0,5,9,9.364625273646624,0
136,351788581,1055.0,704.7775008915694,True,3726.09825561689,560.0,17,29,31.099211113677555,0
167,108045,250.0,248.3571873461728,False,850.6502802808889,75.0,2,4,4.2467320941342255,0
68,273194,325.0,285.2171243307061,True,1082.8678832834478,125.0,3,5,2.445766503061691,0
281,333650017,750.0,549.3079085598861,True,2746.639823927279,365.0,12,10,6.602800539202122,0
30,25544136,595.0,434.4669258041582,True,2023.1416325661964,290.0,2,16,15.259336440774204,0
264,25533613,555.0,382.2080861627359,True,1693.9109428252355,285.0,5,13,9.775781115013999,0
78,14727249,195.0,217.11377863635076,False,653.8168054090097,40.0,0,1,1.8726536170547574,0
158,107863,1015.0,566.5711821329713,True,2855.398447437722,635.0,6,12,10.730722828740056,0
82,5932856690,900.0,581.9436109945669,True,2952.2447492657707,510.0,3,13,16.65766064967804,0
214,108045,230.0,238.83524006001124,False,790.6620123780708,60.0,4,6,3.5204835891495314,0
8,1835298184,790.0,539.891319535845,True,2687.31531307582,790.0,13,39,40.61090825356322,0
244,268272727,700.0,512.2951105202317,True,2513.459196277456,340.0,3,15,11.190396432181581,0
29,4956890431,890.0,617.9518592910698,True,3179.09671353374,455.0,16,18,20.682152912870897,0
180,9522532106,785.0,483.0142120277683,True,2328.9895357749397,460.0,10,3,5.633853184093306,0
4,3764054180,710.0,523.6326710139987,True,2584.885827388193,340.0,3,5,7.214296796302759,0
47,5932856691,910.0,558.6971553553064,True,2805.792078738433,535.0,8,22,15.95044650967903,0
187,1782919585,90.0,157.60338268519013,False,278.9013109166977,0.0,0,0,0.0,0
246,109832,440.0,368.8006098515414,True,1609.4438420647111,180.0,6,4,3.8362693598596787,0
104,5244680779,325.0,286.51160871339454,True,1091.023134894385,120.0,1,2,1.9908945944586227,0
105,1938580083,495.0,396.75578782165775,True,1785.561463276444,215.0,5,7,5.5984115121973455,0
176,1927220454,995.0,528.0144737677125,True,2612.4911847365884,655.0,7,24,19.421401836211743,0
287,2482696992,335.0,293.2612227437406,True,1133.5457032855654,335.0,1,44,60.18968530085666,4
185,107793,465.0,381.94188281054295,True,1692.2338617064204,195.0,3,15,14.31752922521043,0
184,2191480791,290.0,268.8036114847956,True,979.4627523542124,100.0,3,0,2.102556520522086,0
46,25501773,730.0,542.4119001821665,True,2703.1949711476495,350.0,15,6,10.129666679538035,0
260,435144778,1235.0,792.8885761886115,True,4281.198029988253,675.0,11,18,18.314037099659735,0
276,25474658,1100.0,761.9969055425682,True,4086.580504918184,565.0,13,34,31.114274579599936,0
81,10264011839,215.0,226.75583634910794,False,714.5617689993794,55.0,2,7,5.0503403957196245,0
65,1637789617,255.0,251.29541832663762,False,869.1611354578171,75.0,2,7,4.866426928233839,0
66,3531897238,645.0,481.98031885647,True,2322.47600879576,305.0,16,11,8.739774391588924,0
40,25501328,485.0,363.1395085531556,True,1573.7789038848816,230.0,5,16,17.12727814193365,0
146,25471089,735.0,539.6721983864352,True,2685.9348498345366,355.0,4,7,9.691919228684968,0
45,13300220281,965.0,664.9680821467483,True,3475.298917524516,495.0,14,22,17.909503164244594,0
52,26671733,735.0,415.32236005033167,True,1902.530868317092,475.0,4,6,5.407879693058483,0
137,1607738730,480.0,375.2652898597716,True,1650.1713261165619,215.0,6,7,6.09223521187382,0
117,734769756,920.0,505.2104655166162,True,2468.8259327546857,565.0,6,14,13.621579470585566,0
215,1166056970,840.0,597.0249982637457,True,3047.257489061597,420.0,14,11,5.791170251866038,0
236,25472904,555.0,379.16704323291714,True,1674.752372367378,285.0,5,12,12.981263613066595,0
283,9512915,365.0,309.25749749036237,True,1234.322234189283,145.0,4,10,8.259115377840503,0
103,5932875004,940.0,532.5405364231603,True,2641.0053794659084,565.0,8,6,5.917916579943443,0
207,108214,575.0,432.497207812464,True,2010.7324092185231,270.0,6,5,3.290511420868893,0
198,107860,525.0,411.8371406361853,True,1880.5739860079682,235.0,9,8,7.578316317133436,0
73,12741759953,850.0,619.1362953512368,True,3186.558660712793,415.0,8,6,10.016888678612064,0
10,9178184328,840.0,598.8484333897699,True,3058.745130355548,420.0,5,16,10.379733260712605,0
23,107790,760.0,552.9562392938025,True,2769.6243075509574,380.0,10,5,7.0165716640177305,0
118,102025,465.0,380.19589165713734,True,1681.2341174399644,195.0,10,3,3.870008816451451,0
93,1106056866,790.0,568.8813935258346,True,2869.952779212761,390.0,3,4,6.366162813006198,0
116,1620855390,635.0,478.5293926434714,True,2300.7351736538703,300.0,12,4,4.193074634294047,0
211,25507041,635.0,475.61321485759197,True,2282.363253602829,300.0,1,15,12.055145331772842,0
222,601141518,1175.0,795.6027303729996,True,4298.297201349894,625.0,10,18,17.297094184614792,0
31,108060,760.0,533.9353410125004,True,2649.7926483787537,400.0,11,11,13.945464798145789,0
19,25472873,660.0,484.78317564783265,True,2340.1340065813447,320.0,8,22,30.462281934425956,3
157,4457798822,705.0,521.1568561082779,True,2569.28819348215,340.0,7,18,11.47746551854785,0
91,9789814,455.0,342.579258815909,True,1444.249330540226,215.0,4,3,2.7636936093057973,0
131,21665590,525.0,412.6633686292006,True,1885.779222363964,235.0,6,6,3.326950444693439,0
292,1684410105,1010.0,601.8543323008715,True,3077.6822934954944,585.0,10,10,13.401046676864336,0
120,108060,480.0,372.9673657936797,True,1635.694404500181,215.0,5,22,15.112513642242767,0
221,1230997557,610.0,454.3198689701831,True,2148.2151745121546,290.0,3,15,12.310657038227433,0
42,21533909,1040.0,694.6438418164809,True,3662.256203443829,550.0,17,27,27.065955661088747,4
216,25472873,945.0,597.235535205191,True,3048.5838717926995,530.0,10,13,13.037335303069101,0
62,9791152,305.0,263.93011143880386,True,948.759702064464,120.0,3,22,31.50425298496036,7
218,2440630566,415.0,346.79554104610787,True,1470.81190859048,170.0,4,4,7.582596891437091,0
178,9020945997,445.0,366.16573097351926,True,1592.844105133171,185.0,4,8,7.425288914740016,0
32,26591525,255.0,252.2471933654391,False,875.157318202266,75.0,2,2,4.2548252318155235,0
195,2934851413,755.0,440.34693607730867,True,2060.1856972870437,480.0,7,12,9.288210467154151,0
114,108258,860.0,566.7619293874183,True,2856.6001551407353,470.0,7,6,10.763249373058871,0
67,6273263209,445.0,363.9203666951331,True,1578.6983101793387,190.0,3,10,8.179068179814418,0
132,25496815,965.0,650.3103585460707,True,3382.955258840241,505.0,5,20,17.054859877468765,0
253,14791188,560.0,430.69372418366294,True,1999.3704623570763,255.0,7,5,7.259006918812109,0
1,2191588310,1430.0,787.7065207567391,True,4248.5510807674455,875.0,12,10,14.737472449155502,0
60,1614846678,1035.0,716.3131238347004,True,3798.7726801586086,530.0,13,24,21.579946069071525,0
249,26699551,465.0,376.64110200565904,True,1658.8389426356516,200.0,5,12,13.076811490933611,0
128,701608618,770.0,545.7681243793169,True,2724.3391835896964,385.0,7,7,8.090495732330583,0
232,1667203523,930.0,603.1028774411435,True,3085.5481278792054,505.0,8,38,39.69510936847247,0
173,1678452758,555.0,414.3129502830339,True,1896.1715867831144,260.0,6,4,4.924947278892791,0
171,108070,1075.0,619.8083008312552,True,3190.7922952369,640.0,15,16,13.028160685385727,0
204,6250501803,550.0,435.20822333914896,True,2027.8118070366381,245.0,10,9,8.892924993367533,0
83,25472758,225.0,236.83230363651904,False,778.04351291007,55.0,5,1,2.831313337952534,0
89,9046526383,685.0,512.7926674352442,True,2516.5938048420376,325.0,11,16,14.213060136728684,0
145,108045,455.0,371.3771473554931,True,1625.6760283396065,195.0,7,12,8.00243430483053,0
245,1685938630,485.0,389.1784810378278,True,1737.824430538316,210.0,4,0,2.932775855694299,0
189,25472057,875.0,605.0371454822318,True,3097.7340165380583,450.0,11,11,15.398574548311295,0
220,5742573759,195.0,215.52072393196653,False,643.7805607713891,40.0,3,0,0.7204593809309711,0
121,25472873,295.0,250.58601161518868,True,864.6918731756886,140.0,4,6,8.87517245990537,0
230,3764054180,530.0,421.0447086098789,True,1938.5816642422367,235.0,5,8,5.921527491170999,0
241,4211515634,625.0,465.44818385496666,True,2218.323558286291,295.0,8,18,18.241133783312662,0
262,9521031,1090.0,629.138169393367,True,3249.5704671782087,645.0,13,14,13.651273734386368,0
56,14023072775,525.0,408.99480201074437,True,1862.6672526676903,235.0,4,5,4.747236232888042,0
201,25533132,510.0,409.68999032278214,True,1867.0469390335277,220.0,8,7,5.706682217112617,0
192,4211515634,995.0,554.3427601613981,True,2778.3593890168095,605.0,7,21,20.390892960816178,7
208,1614846692,570.0,427.38298597559594,True,1978.5128116462542,270.0,6,0,3.5724466692958705,0
161,821341516,875.0,596.0933694885204,True,3041.388227777676,455.0,6,25,22.427673966696048,0
41,25473284,725.0,535.0921205087812,True,2657.080359205324,350.0,7,8,9.41385029239725,0
229,102035,945.0,656.9178880490766,True,3424.582694709183,485.0,13,17,20.218971819055525,0
13,25472291,565.0,441.2938405836928,True,2066.151195677265,255.0,1,12,11.532787388835153,0
138,25544119,835.0,490.12512352911114,True,2373.788278233404,525.0,5,5,8.46858321371379,0
69,9906585155,330.0,290.0404045704358,True,1113.2545487937457,125.0,1,1,2.9111685066582114,0
209,4784457213,655.0,479.05662704657175,True,2304.056750393399,315.0,5,11,10.046942550215539,0
244,1684410094,195.0,215.07516296022197,False,640.9735266493981,40.0,2,6,4.7240707637906,0
95,2833445980,940.0,513.601094728214,True,2521.686896787751,580.0,6,15,13.62794057151533,0
64,4784457202,1025.0,702.0023863982334,True,3708.6150343088725,530.0,10,18,17.654614935982167,0
288,25257810,755.0,555.2088051460831,True,2783.8154724203227,365.0,7,7,5.971751901525364,0
224,266481785,550.0,404.78736679580123,True,1836.1604108135482,265.0,3,8,4.33880721421052,0
279,8098784582,765.0,523.459836107406,True,2583.7969674766564,410.0,4,17,22.834075846061495,0
259,108045,550.0,421.674129720889,True,1942.5470172416,250.0,8,3,8.109167534971517,0
59,10544188928,720.0,517.9170093843824,True,2548.8771591216064,355.0,3,11,13.565109647216342,0
257,108258,640.0,473.2637930924578,True,2267.561896482484,305.0,4,23,16.969224810919,0
58,1630526800,530.0,370.5910239340845,True,1620.7234507847322,270.0,3,16,12.870830753065132,0
194,5393414954,905.0,630.1702065374507,True,3256.0723011859386,905.0,10,48,43.87889727270344,0
163,21665367,795.0,535.1443247889965,True,2657.4092461706764,420.0,8,4,5.0838296519158135,0
68,12026767,240.0,239.16892505749837,False,792.7642278622399,70.0,3,1,2.092252971455236,0
106,1607738730,480.0,391.74606536887603,True,1754.0002118239192,205.0,9,4,3.373503899544518,0
291,25496780,285.0,273.4912822322788,True,1008.9950780633562,90.0,7,4,2.4191436439130327,0
189,1666324135,55.0,139.93261897838025,False,167.57549956379543,0.0,0,0,0.0,0
147,5247841988,795.0,541.7947947625365,True,2699.307207003978,480.0,8,18,15.033803733675374,0
241,9625392102,55.0,140.64814553196317,False,172.0833168513678,0.0,1,0,0.0,0
290,108070,735.0,534.2423889387875,True,2651.727050314361,360.0,9,10,13.846406633723316,0
34,107319,1035.0,564.2978487127109,True,2841.0764468900684,635.0,10,32,33.99174739693691,0
35,281454988,620.0,477.08914894801507,True,2291.661638372496,285.0,5,8,9.157578017264933,0
247,8784101792,590.0,437.953198601803,True,2045.1051511913595,280.0,8,15,15.455664582804895,0
162,812004134,1090.0,699.4806276519806,True,3692.7279542074725,635.0,11,70,96.94827541976095,20
90,1230855633,510.0,327.83032877070815,True,1351.3310712554612,375.0,2,21,17.78141561479219,0
80,9046526383,715.0,516.8956219220523,True,2542.44241810893,350.0,9,30,29.93169558936994,0
85,21665367,520.0,401.9168328683312,True,1818.0760470704868,235.0,3,1,2.6273710461921906,0
243,107807,455.0,369.55870670278216,True,1614.2198522275276,195.0,2,12,8.185137300637193,0
111,21665132,545.0,360.6376069140734,True,1558.0169235586623,420.0,5,19,17.97104712251443,0
175,25472904,1065.0,706.852350535005,True,3739.169808370531,570.0,6,17,18.504179809936705,0
173,21665911,95.0,160.08376190249462,False,294.52769998571586,95.0,0,13,12.809698350269507,0
70,2441998875,835.0,565.8198632965658,True,2850.6651387683673,435.0,11,12,13.61870868646768,0
269,1835289526,590.0,455.10354066465754,True,2153.152306187342,270.0,11,8,5.387187361284563,0
197,21554368,965.0,511.9031596990406,True,2510.989906103959,605.0,8,10,11.460312470611361,0
38,4239164192,785.0,560.940622856525,True,2819.925923996106,390.0,9,4,6.384749457024146,0
143,1616122178,735.0,482.6697415760302,True,2326.8193719289893,480.0,8,15,18.051194866560046,0
112,107786,670.0,493.78805365743034,True,2396.8647380418097,320.0,14,11,12.032933281609207,0
195,108902,140.0,187.31037476024542,False,466.05536098954605,5.0,2,0,0.21367034009182378,0
170,821341516,645.0,486.7403024088817,True,2352.4639051759536,300.0,4,28,24.60492857553454,0
43,26699543,585.0,449.59474867471795,True,2118.446916650724,270.0,6,2,3.1751314048992754,0
105,21665911,255.0,252.50402648634457,False,876.7753668639707,255.0,3,43,44.31187749034316,0
87,21665965,525.0,408.66474983144104,True,1860.5879239380777,235.0,5,5,4.847512098669852,0
46,5560616877,245.0,249.3071943752291,False,856.6353245639433,70.0,1,1,1.6749812151740475,0
142,1782919585,1035.0,718.308410649057,True,3811.3429870890623,530.0,12,25,30.58666828247718,0
100,1782919585,785.0,532.2059798267918,True,2638.897672908786,410.0,16,3,5.787230644036768,0
73,333650017,220.0,218.48061479905192,False,662.427873234027,75.0,0,4,3.9319214057478016,0
166,1630526800,695.0,514.5506580985175,True,2527.6691460206607,330.0,9,15,15.056511029378838,0
62,2129184285,185.0,206.62262798921788,False,587.7225563320725,40.0,2,0,0.9254281708489702,0
206,10996228332,805.0,435.48469900044563,True,2029.5536037028096,670.0,5,6,10.514604726727207,0
94,255562,395.0,315.6837571045946,True,1274.8076697589458,170.0,1,8,8.126964622057107,0
17,9789814,625.0,438.2488212003694,True,2046.9675735623282,315.0,11,21,16.575902355508305,0
136,110004,335.0,294.1831365105873,True,1139.3537600167003,125.0,2,1,2.0720160041633493,0
131,25472873,200.0,219.81135146359338,False,670.8115142206382,45.0,3,2,1.2340861940773704,0
145,821341516,145.0,188.17968805654417,False,471.532034756228,10.0,2,1,0.8353675405596405,0
155,26607518,900.0,407.00989933038517,True,1850.1623657814287,660.0,2,0,0.0,0
57,1694551549,730.0,475.4643378495749,True,2281.425328452321,465.0,8,16,18.978516021502546,0
160,108300,1275.0,847.3823871096605,True,4624.509038790857,680.0,18,27,28.427265831007652,0
84,25375955,665.0,483.83124133909246,True,2334.136820436283,325.0,7,12,9.224273314359325,0
149,4702603653,475.0,352.8376603611775,True,1508.8772602754184,235.0,6,14,15.10191954275566,0
28,25256949,495.0,370.4089259988469,True,1619.576233792735,235.0,5,9,9.16246344598507,0
196,107791,575.0,439.7454630504815,True,2056.396417218035,265.0,3,9,8.512623564760457,0
51,14077667431,445.0,357.3969151931257,True,1537.600565716693,190.0,6,25,28.952908845936626,7
260,11747638084,285.0,265.8288945057939,True,960.7220353865011,95.0,2,2,1.8580769845562923,0
268,1607738730,550.0,425.03351849812833,True,1963.711166538209,250.0,8,28,31.126973955594746,7
176,108045,310.0,286.4751425217934,True,1090.7933978872982,105.0,3,4,2.971625475516919,0
188,12198144,960.0,674.9247353393404,True,3538.025832637843,485.0,12,24,23.258202384407586,0
272,9791495,905.0,564.7256622267118,True,2843.771672028289,510.0,8,8,11.391905815337807,0
284,11309776203,365.0,304.7510745883351,True,1205.931769906511,150.0,2,1,1.6983943163443729,0
124,25496815,695.0,509.8149531864333,True,2497.83420507453,335.0,6,6,7.229258857812078,0
226,5453319326,670.0,479.5035310882589,True,2306.8722458560314,340.0,13,14,13.004999682344787,0
19,25472162,240.0,241.23145797207363,False,805.7581852240639,70.0,2,4,3.990856197253427,0
193,108258,645.0,472.14820026269115,True,2260.533661654954,310.0,8,15,17.042904059475607,0
102,5006063180,760.0,413.13595496817135,True,1888.7565162994822,510.0,4,14,9.896618392941274,0
139,9054849009,835.0,459.42527294586773,True,2180.37921955897,580.0,7,19,9.89459230173087,0
27,11618689213,820.0,570.9246373048212,True,2882.8252150203775,420.0,5,11,10.907810158251804,0
8,1612472593,365.0,321.6734483017328,True,1312.5427243009162,135.0,3,6,4.476356217069787,0
48,317930344,790.0,562.3920329365537,True,2829.069807500288,395.0,12,12,8.975195478723819,0
227,9966771334,415.0,351.88279693093006,True,1502.8616206648583,165.0,5,29,32.03045932859941,0
110,25496892,615.0,476.00902680283707,True,2284.856868857871,280.0,14,8,10.244244098413835,0
213,25501065,645.0,480.0532013113853,True,2310.3351682617267,305.0,9,11,7.853727312283181,0
123,9521029,970.0,636.8139087536784,True,3297.927625148176,520.0,12,10,7.188131329321724,0
242,333650017,560.0,438.24235155835845,True,2046.9268148176593,250.0,8,10,7.356708431402388,0
109,2271422636,795.0,567.2957819035548,True,2859.9634259923973,395.0,13,20,15.221237258410543,0
159,10996228332,645.0,338.6128796095291,True,1419.2611415400356,505.0,4,10,9.474099974356003,0
271,107860,1070.0,615.5198104063476,True,3163.7748055599927,730.0,11,29,26.999713518891394,0
125,1684410105,790.0,579.3767613045475,True,2936.07359621865,380.0,14,8,10.71859967428354,0
79,25504259,785.0,427.17041367242723,True,1977.173606136293,495.0,3,11,9.186554893066694,0
92,25500126,970.0,566.4619294956885,True,2854.7101558228333,570.0,9,18,13.101138508604537,0
181,21544863,735.0,528.1731259835575,True,2613.4906936964126,365.0,10,25,18.743139719266424,0
10,107343,310.0,279.82786274538086,True,1048.9155352958987,110.0,5,4,6.6340683939778815,0
25,2191480791,1375.0,831.3822750408146,True,4523.708332757134,825.0,8,14,15.221594008153925,0
14,7959928587,510.0,385.38737892700846,True,1713.9404872401542,240.0,7,23,23.433636319277824,6
236,2919558521,345.0,292.6021485327829,True,1129.3935357565322,145.0,3,14,16.44889044669559,9
98,7223638134,1025.0,548.6156322012689,True,2742.278482867998,695.0,11,8,11.420178634740658,0
84,652425475,80.0,149.8162883776553,False,229.8426167792283,0.0,0,0,0.0,0
184,2453162764,380.0,321.79811702975593,True,1313.3281372874624,150.0,3,5,2.2531002514061758,0
221,333650017,300.0,256.0461160718617,True,899.0905312527284,135.0,3,10,7.576890520448683,0
5,108045,670.0,498.24483263459786,True,2424.9424455979643,320.0,11,15,13.829624257756553,0
62,25472669,105.0,165.4134600268323,False,328.10479816904336,0.0,2,0,0.0,0
97,2476787985,585.0,438.36268179588455,True,2047.6848953140727,275.0,5,3,3.1637630430146753,0
255,338501923,795.0,565.5088573789196,True,2848.7058014871905,395.0,9,4,6.308118560619914,0
199,4993728406,810.0,572.6123057768085,True,2893.4575263938937,405.0,15,4,7.616814145845573,0
99,25522907,965.0,538.0022973626111,True,2675.4144733844523,670.0,5,12,10.094309685381944,0
278,1938580083,570.0,433.9164095235169,True,2019.673379998156,265.0,4,3,6.499609978592035,0
218,9046520718,290.0,268.4775148808698,True,977.4083437494796,100.0,2,6,5.216707310764997,0
256,1694551549,485.0,378.6589237554309,True,1671.5512196592138,215.0,3,4,5.57021466281981,0
103,10845640242,355.0,307.6305397217083,True,1224.0724002467625,135.0,3,10,7.372180179304143,0
230,25501773,260.0,254.39799923099125,True,888.7073951552447,80.0,2,5,3.8395028971814638,0
22,2919558521,525.0,379.98083338085286,True,1679.8792502993733,305.0,5,16,19.998043381569637,0
169,107693,485.0,397.49214161215633,True,1790.2004921565851,205.0,6,3,2.401080500657413,0
179,25502829,510.0,405.7090538824097,True,1841.9670394591801,225.0,5,7,7.4060714463597925,0
134,25544143,860.0,531.6100414653939,True,2635.1432612319827,600.0,4,24,28.959241745024098,0
119,3442281746,695.0,526.0016253653631,True,2599.8102398017872,325.0,9,19,22.658472321674825,0
172,821341516,675.0,503.2314478829943,True,2456.358121662865,320.0,8,14,15.26599085265149,0
266,452168032,950.0,633.5428251130464,True,3277.3197982121924,505.0,8,22,20.04243230641968,0
264,9046520718,470.0,318.42975227682126,True,1292.1074393439737,245.0,6,20,16.79392888924238,0
115,734536096,525.0,412.41037291759545,True,1884.185349380852,235.0,6,2,4.941980229365077,0
248,338504646,965.0,587.1832913407408,True,2985.254735446665,565.0,3,20,19.351584780289006,0
146,25476020,415.0,349.9684081096198,True,1490.8009710906047,170.0,4,3,4.05958134044124,0
82,9295694734,470.0,370.1266549472242,True,1617.7979261675132,210.0,1,3,2.6379143297773373,0
183,2047806084,890.0,583.9662964599501,True,2964.987667697684,545.0,7,14,19.288167976865264,0
50,1614926320,1030.0,614.3034400184309,True,3156.1116721161134,595.0,12,14,14.72679128762058,0
238,271242424,530.0,413.70611706920823,True,1892.3485375360112,240.0,4,1,5.117228314900751,0
211,102025,375.0,299.67217177391916,True,1173.93468217569,210.0,3,10,7.12865512446511,0
140,25500126,630.0,464.37051712824086,True,2211.5342579079165,300.0,5,3,3.9538245381074706,0
40,1667203543,430.0,354.90470174753517,True,1521.8996210094704,180.0,4,19,25.857886528607423,3
178,25503725,350.0,303.6528680516631,True,1199.0130687254775,135.0,6,18,26.782211225978916,6
287,10574746,450.0,359.90243670976076,True,1553.3853512714918,195.0,4,7,10.226566222100264,0
203,454368529,1055.0,712.1169718028157,True,3772.3369223577397,555.0,11,3,8.475223572320388,0
217,200043,755.0,532.1478750213531,True,2638.531612634524,380.0,7,12,15.659238922784075,0
137,21704017,425.0,358.52961487050436,True,1544.736573684178,170.0,5,3,3.018668986993224,0
20,11456439398,1335.0,763.0137736538807,True,4092.986774019449,1250.0,6,36,33.318182887676315,0
95,12546153248,285.0,263.65782716362133,True,947.0443111308143,100.0,2,4,3.6447134942420445,0
49,5244680779,555.0,425.0816528444745,True,1964.0144129201904,275.0,6,7,8.402681809372055,0
228,273194,750.0,541.976123660384,True,2700.4495790604187,370.0,6,13,9.91643646685152,0
212,11456439398,1650.0,849.4124685808341,True,4637.298552059258,1515.0,11,79,82.54159857909062,0
36,25533437,675.0,494.0577251877008,True,2398.5636686825164,325.0,9,5,4.430332690286467,0
122,21665911,685.0,457.05335229326727,True,2165.436119447584,685.0,2,40,44.62296304732651,0
9,109833,1275.0,777.3373249992788,True,4183.225147495457,730.0,13,43,41.95691407063558,0
108,358992920,560.0,414.6923110287982,True,1898.5615594814299,265.0,5,20,11.275643058805006,0
261,1646306203,530.0,317.75788745946124,True,1287.8746909946078,330.0,2,0,0.23580278323892248,0
31,5393414954,390.0,319.0004658400809,True,1295.7029347925095,390.0,1,36,31.514306806569145,0
164,109348,860.0,610.7274196267059,True,3133.582743648245,430.0,11,31,27.630370771065397,0
53,194250,785.0,515.1700975036857,True,2531.571614273217,420.0,2,22,23.744122425209184,0
21,2129184285,880.0,524.6299517206145,True,2591.168695839869,510.0,11,9,11.603430174509366,0
130,2191480791,755.0,548.0721358436849,True,2738.854455815217,370.0,4,14,12.991413566644237,0
102,5932899700,145.0,188.37396317630288,False,472.755968010708,10.0,0,0,0.0,0
2,1678452807,845.0,503.83885401475493,True,2460.184780292956,595.0,11,24,23.252989868659157,0
258,6943750656,875.0,585.484178225947,True,2974.550322823467,465.0,9,15,17.790956201707974,0
94,21665911,195.0,218.05386346790868,False,659.7393398478242,195.0,3,28,30.718401783482662,0
222,101995,420.0,351.7952395043536,True,1502.310008877428,170.0,5,3,1.919577364695579,0
113,26559618,700.0,484.0802882014958,True,2335.7058156694243,360.0,11,15,15.7415113295684,0
116,25474676,435.0,361.0857956869318,True,1560.8405128276702,180.0,4,11,9.675169455234387,0
210,452219937,870.0,617.4415672597501,True,3175.881873736426,435.0,11,14,14.321105635857704,0
151,1317141185,675.0,498.6187911371908,True,2427.2983841642995,325.0,9,11,10.90386388273783,0
265,317930325,570.0,407.4597310849088,True,1852.9963058349242,280.0,5,20,17.93435158346309,0
186,6319748554,995.0,551.8686619360898,True,2762.7725701973677,635.0,6,10,9.96495984443718,0
112,107863,255.0,257.18077497833366,False,906.2388823635017,70.0,2,1,0.9924085318707471,0
117,10983187054,475.0,380.2636524476789,True,1681.661010420378,205.0,5,7,11.965020273540036,0
135,3561398893,710.0,527.9905538684724,True,2612.3404893713755,340.0,8,11,11.164666629043769,0
177,603751942,955.0,645.5427622744511,True,3352.9194023290434,500.0,12,23,23.6586325405556,0
33,2440630566,955.0,609.331083277723,True,3124.785824649651,595.0,10,31,29.587485626521453,0
75,104310,1380.0,775.2201248534327,True,4169.886786576623,925.0,13,28,27.83515357075888,0
237,9512937,630.0,464.85968404338024,True,2214.6160094732963,300.0,7,5,9.009172312843742,0
39,9512908,600.0,450.99648133484743,True,2127.2778324095384,280.0,7,13,10.038052614824196,0
202,25544136,710.0,504.14441301539307,True,2462.1098019969777,395.0,5,29,22.583395341536626,0
191,282686499,1515.0,953.7114374162586,True,5294.382055722426,845.0,25,45,35.190913745734306,0
250,454368529,755.0,554.2577213749106,True,2777.8236446619358,365.0,7,14,20.33344254933035,7
63,21665000,805.0,528.2546147686513,True,2614.0040730425,590.0,8,15,17.75847116269577,0
150,185620630,1505.0,897.3786499343629,True,4939.485494586484,875.0,15,16,21.288329543689404,0
233,107348,1175.0,698.8212826532379,True,3688.5740807153925,685.0,8,26,20.418552791151335,0
201,25378129,385.0,321.56271119267035,True,1311.8450805138227,155.0,1,12,12.544536747896267,0
74,1409010786,680.0,510.9241098882293,True,2504.8218922958454,320.0,8,5,3.9991825415521443,0
259,11618689213,375.0,320.5678012993855,True,1305.5771481861284,160.0,4,12,19.859065631787132,6
148,21665911,620.0,443.42784071834654,True,2079.5953965255844,620.0,6,33,31.791161097907587,0
54,3085005064,610.0,430.64556339753005,True,1999.0670494044402,305.0,9,21,25.50647399175012,0
277,6169637661,1015.0,697.2295569581687,True,3678.5462088364634,525.0,11,27,25.30463271553495,0
182,25544138,765.0,519.1743862829738,True,2556.798633582733,460.0,13,23,26.202830784685776,0
37,11175085829,895.0,543.4420574036589,True,2709.6849616430504,620.0,7,16,21.83084352464406,0
274,101995,1020.0,683.9013232896651,True,3594.57833672489,540.0,15,60,82.52030712696337,22
15,5925666943,855.0,600.986461597625,True,3072.2147080650366,430.0,13,18,16.245059252654332,0
231,1684410086,755.0,549.9838269939563,True,2750.8981100619267,370.0,7,14,13.19519948927103,0
32,5932856688,485.0,377.3952680675712,True,1663.5901888256988,240.0,7,6,7.959518850953406,0
273,452396959,1595.0,782.629526285639,True,4216.566015599526,1045.0,8,3,5.078698900285013,0
152,12959447,1300.0,742.2245335690026,True,3962.0145614847092,780.0,10,14,15.038777084128396,0
236,14017207476,210.0,223.34261303560203,False,693.0584621242926,50.0,3,1,0.7023043657511508,0
189,9849094224,390.0,324.5390368916272,True,1330.5959324172516,160.0,5,6,9.04260651511715,0
106,9176400299,395.0,331.1830104839609,True,1372.4529660489538,160.0,5,10,11.262335427296755,0
70,14077667431,370.0,324.386582359581,True,1329.63546886536,140.0,8,4,5.431906032431296,0
149,333650017,300.0,281.56668408773083,True,1059.8701097527041,100.0,5,9,6.70816120742576,0
76,1684410076,1050.0,617.7221345207529,True,3177.6494474807405,615.0,13,15,13.360806584575817,0
56,1678452742,450.0,357.33979479670467,True,1537.2407072192398,195.0,3,4,2.4835320438311475,0
191,25473293,65.0,143.59467253996613,False,190.64643700178647,0.0,1,0,0.0,0
34,677445936,390.0,330.3731654261872,True,1367.3509421849785,155.0,1,16,17.106521108141706,0
190,26001541,1235.0,709.7363884229559,True,3757.339247064625,750.0,9,22,24.313432567375976,0
141,108252,740.0,541.7225102221638,True,2698.85181439963,360.0,10,13,17.620226068165596,0
126,9512924,850.0,566.5807649385622,True,2855.4588191129483,540.0,8,24,23.349020171325467,0
234,1685938740,1185.0,753.2175070120312,True,4031.2702941757966,655.0,8,21,19.864540974043138,0
132,5323722004,500.0,362.5636093641523,True,1570.15073899416,245.0,3,4,1.93775850388983,0
235,452486132,960.0,616.704693057781,True,3171.2395662640247,525.0,8,17,17.778090530867253,0
285,7013554275,830.0,456.9599115263693,True,2164.847442616126,615.0,4,34,39.281175529833,0
72,9475528,1025.0,588.1141872506278,True,2991.1193796789503,610.0,8,17,14.432948317740985,0
200,9046520718,1245.0,666.5911737043958,True,3485.524394337682,815.0,7,43,38.91228782900521,0
16,5932875004,915.0,606.836609173711,True,3109.0706377943825,545.0,7,22,15.77222982401983,0
292,1614926320,545.0,410.5990571854173,True,1872.7740602681283,255.0,3,15,11.697733718926262,0
83,13808848004,490.0,389.011582824399,True,1736.7729717937148,220.0,7,32,45.72622414773895,12
237,5244680779,100.0,163.35597726540342,False,315.14265677204145,0.0,1,0,0.0,0
104,1678452758,635.0,460.5501816790604,True,2187.4661445780803,310.0,9,12,13.025798449273843,0
181,14728072,270.0,257.37320363267634,True,907.4511828858604,85.0,2,6,4.547954155072254,0
91,21665911,560.0,399.4975933557485,True,1802.8348381412156,560.0,8,33,30.56191644708961,0
88,8784071418,965.0,673.2568044328042,True,3527.517867926671,490.0,6,14,15.832461580403791,0
35,603756849,420.0,356.1637751185959,True,1529.831783247153,170.0,4,4,3.305099563159933,0
286,1163913429,960.0,651.2739655085672,True,3389.025982703971,500.0,12,21,18.463217686500577,0
158,2214979329,680.0,492.6802605028561,True,2389.8856411679917,335.0,8,14,15.632800025071447,0
232,25257028,520.0,389.5139712467746,True,1739.9380188546813,245.0,8,16,15.926032604522717,0
26,25377989,1245.0,843.6622297674386,True,4601.072047534869,650.0,12,17,20.43564172705932,0
156,5387300688,745.0,532.2976057492398,True,2639.47491622021,370.0,5,28,27.85610332555328,0
267,2951109677,1040.0,732.6842064982048,True,3901.9105009386903,525.0,22,22,28.385176129395077,2
220,9512925,510.0,389.1776354415196,True,1737.8191032815737,235.0,2,10,10.005283044974346,0
120,21665582,570.0,444.8218181163563,True,2088.377454133044,570.0,9,43,51.41184339562715,0
133,2450775063,1340.0,712.0045183737762,True,3771.6284657547776,925.0,9,41,44.57701208380159,0
204,4222962185,520.0,417.00246770482323,True,1913.115546540387,225.0,16,5,4.499759567428366,0
143,9791487,415.0,340.63502835389,True,1432.0006786295069,175.0,6,12,7.44291998511258,0
249,6319748554,535.0,430.9036950247872,True,2000.6932786561601,230.0,5,6,4.405535411648898,0
11,4956890431,865.0,610.6068797327102,True,3132.823342316071,435.0,15,37,41.39408025026693,0
225,25524240,725.0,515.137454060898,True,2531.365960583655,360.0,6,5,4.878379442282551,0
174,25531001,1035.0,673.5661580448342,True,3529.4667956824574,560.0,9,9,6.970041705320286,0
243,452236138,445.0,370.87308541871715,True,1622.5004381379179,185.0,7,5,4.070456286200619,0
69,1685938740,500.0,392.3531102925537,True,1757.8245948430874,225.0,4,11,10.491139286527693,0
144,11867694471,840.0,572.8711328706879,True,2895.0881370853317,435.0,7,23,24.73459739905885,0
244,21665114,500.0,394.0767245659161,True,1768.6833647652718,220.0,10,11,11.23215187352434,0
30,452236138,715.0,506.90696470991435,True,2479.513877672457,360.0,9,15,24.032907424720857,0
290,108014,470.0,370.7837770232082,True,1621.9377952462128,210.0,5,9,8.597995479251466,0
252,1685938656,1190.0,774.3445010899621,True,4164.370356866765,645.0,12,12,10.169965598007948,0
221,25498869,285.0,270.07707562361765,True,987.485576428791,95.0,2,2,1.4945491110523448,0
38,734536096,435.0,360.99136565399493,True,1560.2456036201693,180.0,5,10,11.885529712176147,0
246,25377988,685.0,512.2810415606251,True,2513.3705618319336,325.0,3,7,5.023141756157517,0
142,1616713425,420.0,344.4639283788769,True,1456.1227487869244,175.0,4,16,15.276360968099707,0
162,108045,470.0,386.2291810192902,True,1719.2438404215286,195.0,4,3,5.601509201528137,0
178,21704017,230.0,235.88986357599268,False,772.1061405287538,60.0,4,9,10.744960609372201,0
219,26699549,1125.0,631.7275534387828,True,3265.8835866643267,680.0,14,20,19.521480622582434,0
109,1612472593,340.0,300.8309335206281,True,1181.234881179956,125.0,2,1,2.542222260245955,0
281,9054849009,735.0,507.2001109044767,True,2481.3606986982036,375.0,10,15,15.675432607472821,0
65,9046526383,675.0,507.13960636225136,True,2480.979520082183,320.0,6,12,8.295186675086073,0
78,25533438,735.0,516.8913077534474,True,2542.4152388467182,370.0,4,9,9.807154464509988,0
79,273194,340.0,303.75858417189664,True,1199.6790802829487,125.0,8,2,1.9505343198279936,0
8,107806,365.0,308.0984683211503,True,1227.020350423247,145.0,7,0,2.036027215663631,0
6,11052055761,925.0,621.5212074242747,True,3201.5836067729315,490.0,6,13,18.300874930721925,0
276,844784034,695.0,514.3559242546447,True,2526.442322804263,330.0,9,7,8.574092968222464,0
31,107809,240.0,239.13601051162203,False,792.5568662232187,70.0,3,13,22.57563455167485,9
167,25533613,765.0,538.2042265015888,True,2676.686626960011,385.0,5,9,11.075581785652957,0
180,25476014,740.0,542.7582166218025,True,2705.376764717354,360.0,10,19,18.679704406832492,0
205,25257402,975.0,662.730808342092,True,3461.204092555184,535.0,17,14,12.731883681785012,0
193,452219937,395.0,339.60852989246445,True,1425.5337383225258,155.0,2,13,16.52625952043176,2
254,25632144,920.0,591.7689251616279,True,3014.144228518255,595.0,8,25,22.710112579851128,0
171,500486430,595.0,423.0511773582837,True,1951.222417357188,295.0,4,16,14.746445232130979,0
95,265124948,265.0,265.079561692311,False,956.0012386615591,75.0,2,1,2.206373454220812,0
3,13808848004,1045.0,616.6385803777731,True,3170.8230563799675,780.0,9,16,17.614436303216728,0
24,25256273,840.0,601.722212794726,True,3076.849940606768,415.0,6,36,33.51737353179361,0
199,1614949613,335.0,298.7401338170129,True,1168.062843047181,125.0,3,10,11.395364186968676,0
168,4360406511,1050.0,589.0515419435745,True,2997.0247142445246,640.0,5,12,11.391942799788048,0
128,4211515634,610.0,440.68701964870394,True,2062.3282237868348,300.0,2,19,21.669223025318917,0
291,1620855375,540.0,423.75605688054367,True,1955.6631583474252,240.0,9,28,33.246216464793775,3
213,12398519156,405.0,346.4551583181118,True,1468.6674974041043,160.0,6,7,4.650180233661721,0
107,25501320,900.0,566.7564469387383,True,2856.5656157140475,500.0,8,9,9.102812623240348,0
224,25533578,595.0,454.24838741244207,True,2147.764840698385,275.0,11,9,11.308817239035504,0
268,2450775063,465.0,382.10282981467213,True,1693.2478278324345,195.0,7,8,8.799192098702319,0
131,1685903440,485.0,395.55308312620116,True,1777.9844236950687,205.0,4,9,8.73411700997433,0
263,25470679,1075.0,691.4644177628755,True,3642.225831906114,590.0,10,22,23.707833963325967,0
282,2586635296,960.0,643.453093787181,True,3339.75449085924,505.0,12,37,37.1199218375536,0
121,9257019321,630.0,470.1217586671119,True,2247.767079602805,300.0,8,21,20.09569699574726,0
71,107352,1230.0,798.2745436247341,True,4315.1296248358285,670.0,16,13,11.609230722602366,0
87,452486137,520.0,415.28255528519855,True,1902.2800982967508,225.0,5,7,8.009195879586244,0
58,10996228332,595.0,461.29316619386424,True,2192.1469470213433,270.0,2,1,2.9612289810280057,0
45,9789814,755.0,542.7914813770952,True,2705.5863326757003,375.0,12,5,4.029681590937592,0
203,26652351,325.0,281.98733795898175,True,1062.5202291415849,145.0,3,18,29.208273367080555,12
55,11456439398,1165.0,596.6911645769218,True,3045.1543368346083,1160.0,12,24,29.88371694142778,0
80,11052055761,575.0,429.20285746931273,True,1989.9780020566707,270.0,8,15,17.025267918983452,0
154,82710879,1020.0,538.0460261159186,True,2675.6899645302806,640.0,5,29,21.51520444103026,0
129,25257321,1115.0,631.6508367018289,True,3265.40027122151,670.0,10,32,31.009856524663743,0
245,1614846692,660.0,363.7193998048732,True,1577.4322187707028,530.0,4,11,11.52093500085319,0
23,2482696992,750.0,530.1886321801595,True,2626.188382735004,750.0,3,58,73.28434646722252,4
96,4360406511,1235.0,696.4873039217107,True,3673.870014706774,800.0,5,14,16.67458020404243,0
1,11329900032,685.0,515.9328334136036,True,2536.3768505057033,320.0,7,5,4.104121390330104,0
196,1832666009,510.0,412.48935238686124,True,1884.6829200372256,220.0,5,5,3.6083112290008827,0
86,1317156147,1040.0,719.3831201124243,True,3818.11365670827,535.0,9,17,15.284908741522322,0
124,2271434264,500.0,394.98990534130365,True,1774.4364036502132,220.0,4,11,8.162272800184507,0
234,9521006,205.0,212.6550243224215,False,625.7266532312556,55.0,0,2,2.4643034302436955,0
103,25500758,420.0,300.39144496941725,True,1178.466103307329,265.0,1,31,36.18561935421043,5
67,107786,715.0,499.95850390796875,True,2435.7385746202053,365.0,8,8,6.878958854639088,0
207,25501320,785.0,555.1516852414645,True,2783.455617021224,395.0,6,11,12.91284076678226,0
4,25472758,840.0,583.2547787986905,True,2960.505106431752,430.0,8,12,12.53476635872624,0
113,14728072,335.0,294.6618521363852,True,1142.3696684592264,125.0,2,9,8.898216986056594,0
192,25714232,680.0,503.80947180694545,True,2459.9996723837553,325.0,8,4,7.124148600642621,0
160,7261577394,540.0,416.9695945136058,True,1912.9084454357155,245.0,5,5,4.816255104651003,0
198,11052055761,795.0,544.0073452250853,True,2713.2462749180368,410.0,10,17,18.10007149046046,0
74,102000,290.0,273.92618665739263,True,1011.7349759415736,95.0,2,10,12.71707472168175,0
94,435144778,360.0,321.0788722225091,True,1308.7968950018071,135.0,6,2,2.1221646217760797,0
9,26699544,380.0,328.32066898488307,True,1354.4202146047637,150.0,2,8,7.14234430872524,0
216,6273263209,765.0,557.1390315656416,True,2795.975898863542,375.0,8,18,16.172387519149307,0
66,25476020,840.0,586.4844576105156,True,2980.852082946246,425.0,5,17,13.24195965435427,0
185,1678452742,855.0,587.5797835207579,True,2987.7526361807704,470.0,14,18,14.851194172651306,0
209,25533438,690.0,494.27936876055105,True,2399.9600231914706,340.0,7,11,6.367761432512949,0
282,25714234,75.0,148.3066579665127,False,220.33194518902997,0.0,1,0,0.0,0
287,13556857162,405.0,332.0397514492068,True,1377.8504341300036,170.0,2,1,1.15561253247416,0
51,1322321604,565.0,434.4856106341579,True,2023.2593469951955,260.0,5,4,2.9963962098113073,0
81,108260,855.0,610.3534068908261,True,3131.226463412207,425.0,9,7,9.74196262893693,0
280,25475739,935.0,653.4990638613252,True,3403.0441023263493,475.0,8,23,29.8641461892097,0
241,1678452820,670.0,488.2363882085713,True,2361.8892457139978,325.0,7,15,15.775680054044425,0
20,6313625295,420.0,351.9843605360694,True,1503.5014713772375,170.0,3,19,22.761733390959918,0
7,9791152,1065.0,586.9018005481711,True,2983.481343453467,650.0,8,34,30.596454614132956,0
274,11582793599,310.0,282.3849478628605,True,1065.025171536021,110.0,4,14,12.079820653690177,0
265,9512924,395.0,337.9143508412312,True,1414.8604102997565,155.0,5,7,8.3389420934366,0
126,1611442272,280.0,266.23614061661976,True,963.2876858847044,90.0,2,2,1.7667338151571303,0
92,1685938740,540.0,419.3405024666842,True,1927.8451655401104,245.0,3,35,36.28058163335574,5
288,1684410087,730.0,521.541407465434,True,2571.710867032235,360.0,13,14,12.46685764062139,0
221,6065422037,220.0,225.03374678126414,False,703.712604721964,80.0,0,8,8.811997647018009,0
85,11707733694,680.0,515.677904548087,True,2534.770798652947,315.0,6,2,4.753411606046925,0
200,500486430,275.0,255.84939917645718,True,897.8512148116799,95.0,3,18,23.645574883953497,3
48,9521022,565.0,438.67643159976365,True,2049.6615190785096,255.0,3,6,5.783641096356427,0
125,25473286,555.0,434.71166243862405,True,2024.6834733633311,250.0,8,8,7.423014400921386,0
60,5006063180,785.0,565.3894502345335,True,2847.9535364775597,385.0,8,15,19.49112947572671,0
13,1685751723,740.0,497.10078067920864,True,2417.734918279015,405.0,8,13,11.840846754822483,0
145,6943750647,615.0,465.7722940462543,True,2220.3654524914036,285.0,3,14,12.994967156168332,0
137,881887811,445.0,362.2301002491136,True,1568.0496315694156,190.0,3,5,6.939231056476209,0
258,107818,420.0,353.14685300155764,True,1510.825173909813,170.0,7,3,2.083505101961902,0
138,3442281747,750.0,520.0237167686288,True,2562.149415642359,385.0,5,16,13.417297142446163,0
64,11747638084,745.0,534.0617573996406,True,2650.589071617734,370.0,6,20,20.597103543877026,0
146,25257319,480.0,386.3037000820094,True,1719.71331051666,205.0,6,25,22.236781887401744,0
136,21665000,635.0,472.80135299326804,True,2264.648523857586,300.0,3,9,10.823525755246475,0
63,9791153,380.0,323.0308307039167,True,1321.094233434675,150.0,4,12,6.360835884280847,0
279,25533132,755.0,549.4817756657893,True,2747.73518669447,370.0,6,5,6.8096426825041885,0
84,10983187054,545.0,409.83376774743084,True,1867.952736808814,255.0,8,15,11.474318012306723,0
111,1684410086,710.0,529.556049390662,True,2622.2031111611714,335.0,6,8,6.188583761118078,0
127,21533913,1315.0,722.918733014935,True,3840.3880179940784,805.0,14,38,39.74387909820944,0
46,14069294213,675.0,495.89148739331165,True,2410.1163705778636,325.0,3,29,37.19228107862144,3
247,6312042614,715.0,500.2624832670427,True,2437.6536445823695,360.0,7,11,11.445427781818807,0
66,25257026,70.0,146.67007302177063,False,210.02146003715487,0.0,0,0,0.0,0
284,25257309,620.0,467.52820968675917,True,2231.4277210265827,290.0,12,34,40.29550471380958,0
266,9294989287,500.0,383.5067472178943,True,1702.0925074727343,230.0,6,5,5.854758280403146,0
44,313181126,1175.0,648.1725002999914,True,3369.486751889934,720.0,6,19,16.404768545745885,0
174,7013554275,270.0,259.3405621433108,True,919.845541502858,85.0,4,1,1.806238566031669,0
10,5932856691,580.0,421.141422103496,True,1939.1909592520253,310.0,10,10,6.901125615379428,0
244,9791487,265.0,258.7687027160317,True,916.2428271109997,80.0,2,5,5.414896020174944,0
152,21665583,345.0,306.2569438010171,True,1215.4187459464079,345.0,2,20,24.51430714926242,4
159,5404151677,590.0,443.9809111117851,True,2083.079740004245,275.0,5,18,12.748084922731191,0
79,11329900032,245.0,241.8591119457759,False,809.712405258388,75.0,0,2,1.9306768880962155,0
2,101995,470.0,381.7984823012253,True,1691.3304384977191,200.0,5,10,7.245613139217193,0
189,25472291,355.0,308.0960532218466,True,1227.005135297634,135.0,1,3,3.0713567782647386,0
148,5932959891,400.0,323.7219349532975,True,1325.448190205774,170.0,7,18,20.03708790264685,0
211,255562,510.0,405.2051060443951,True,1838.792168079689,225.0,7,3,4.9115807898087,0
222,1115431319,465.0,374.4347483702944,True,1644.9389147328543,200.0,6,16,14.676394180334883,0
190,266481785,350.0,310.42441685590313,True,1241.6738261921905,130.0,3,12,8.626396979387685,0
223,12398519156,1235.0,698.7241641591801,True,3687.962234202819,750.0,7,21,24.01101053032824,0
231,21665000,390.0,334.58862866622536,True,1393.90836059722,155.0,6,4,4.271633590280855,0
195,6173783039,720.0,509.2725042467123,True,2494.4167767542863,360.0,7,8,7.2442550397788805,0
217,107786,510.0,356.619683619518,True,1532.704006802965,260.0,6,10,7.872108973747974,0
52,25498869,950.0,674.716147781954,True,3536.7117310263093,475.0,11,22,24.023875799988932,0
208,25496592,815.0,567.5333096648404,True,2861.4598508884933,415.0,6,6,10.41684503630228,0
42,2191480791,900.0,636.9484554223546,True,3298.7752691608353,450.0,7,19,13.25624530289779,0
123,972535469,645.0,483.72968398301816,True,2333.497009093015,305.0,9,7,9.045823021497423,0
16,25532841,360.0,315.4275777164176,True,1273.193739613431,135.0,4,5,5.1546279440328435,0
161,669891669,830.0,587.9688734637291,True,2990.2039028214926,415.0,10,19,17.799960984909085,0
270,21704017,1160.0,667.170179293008,True,3489.17212954594,690.0,6,10,15.510968669180887,0
229,5393414954,830.0,591.2657342713059,True,3010.974125909225,830.0,3,63,70.22440619895504,0
95,107793,265.0,258.31529596461763,True,913.3863645770908,80.0,2,6,3.9403723410449647,0
251,311422343,1055.0,715.6392294145073,True,3794.5271453113933,550.0,13,9,8.022679876652157,0
275,21533908,1100.0,684.6195981706554,True,3599.103468475123,620.0,9,19,19.279961662422334,0
172,812264838,565.0,435.5101452476713,True,2029.7139150603289,260.0,4,10,13.543241347578011,0
75,4360514492,475.0,380.1033295904804,True,1680.6509764200273,205.0,7,4,3.8668558465541647,0
277,9791495,450.0,362.5873391303148,True,1570.3002365209838,195.0,4,9,6.007060890433035,0
29,603751942,1045.0,701.0654215774658,True,3702.7121559380344,550.0,14,21,25.62418358173415,0
153,13808848004,1090.0,638.8480869446622,True,3310.7429477513733,640.0,8,12,12.95509667060776,0
76,25474676,410.0,324.4683198551042,True,1330.1504150871563,180.0,6,9,5.157976846818725,0
39,294651409,485.0,365.37361575121366,True,1587.8537792326451,225.0,5,7,8.83024918104145,0
273,534993859,425.0,357.4239058385127,True,1537.7706067826293,170.0,3,7,8.127837802760094,0
141,1938580083,405.0,337.2426321046235,True,1410.6285822591287,165.0,3,10,12.71337801233178,0
59,13808620797,845.0,603.0410152850114,True,3085.158396295572,420.0,11,17,11.682037984316192,0
184,25257309,630.0,474.47695085956957,True,2275.204790415288,295.0,9,8,6.096018206075965,0
263,21665367,250.0,246.78706320459594,False,840.758498188954,75.0,1,7,6.31990166256106,0
239,4301399719,1235.0,655.1058521730905,True,3413.16686869046,810.0,10,32,27.095675617265524,0
116,1614926340,530.0,415.1923773780864,True,1901.7119774819448,235.0,8,11,10.541002203346178,0
89,107821,895.0,620.9937485839279,True,3198.2606160787495,460.0,8,6,9.079836469412609,0
165,25483808,1245.0,691.2266194000221,True,3640.727702220124,760.0,11,37,42.12778840020845,0
175,107878,810.0,553.6013160358816,True,2773.6882910260542,420.0,6,20,19.669813489397086,0
194,3560950179,845.0,597.5247880104544,True,3050.406164465864,425.0,9,11,12.088845942951401,0
77,4993728408,1105.0,750.7870745359858,True,4015.9585695767105,575.0,13,32,30.52550215508079,0
61,21533907,1090.0,648.404395630554,True,3370.947692472485,635.0,5,14,14.798421665896504,0
106,108045,440.0,355.58564171218455,True,1526.189542786762,190.0,3,10,7.152276516903784,0
283,1646306122,1010.0,603.5489029021343,True,3088.3580882834435,855.0,6,5,10.900155298188949,0
133,2215490963,385.0,313.60144196966166,True,1261.6890844088678,165.0,3,27,49.097217906896375,15
12,4222962219,1100.0,620.8380739634962,True,3197.279865970024,665.0,7,17,20.48460492353596,0
100,25531001,775.0,547.5251762563468,True,2735.4086104149833,390.0,11,8,17.126459992421623,0
253,11867694471,935.0,623.4130194887003,True,3213.5020227788123,495.0,4,19,19.490702938036648,0
237,107349,415.0,346.82495267363845,True,1470.997201843922,170.0,2,7,8.804579133965202,0
108,25496815,585.0,459.51192841455827,True,2180.925149011715,260.0,3,5,4.0654785919773895,0
176,108060,745.0,536.0302819288095,True,2662.9907761514974,365.0,14,18,19.080527456710794,0
62,25257309,665.0,475.70581604302095,True,2282.9466410710315,330.0,4,6,5.883999987711252,0
179,9512925,630.0,462.7899198114438,True,2201.576494812097,305.0,8,9,9.41515728404859,0
43,1666324135,810.0,582.5960796409939,True,2956.3553017382587,400.0,10,12,11.470066072675955,0
210,108045,560.0,434.4775124582366,True,2023.2083284868909,255.0,11,12,13.396146729652706,0
90,4777953678,845.0,609.366981946064,True,3125.0119862601987,415.0,16,15,10.799153499474503,0
245,14728072,260.0,246.31045015478506,True,837.7558359751458,85.0,0,2,1.5266977490307083,0
197,26699537,830.0,577.6012210238997,True,2924.887692450569,830.0,5,30,28.82372182781955,0
68,21590614,870.0,488.52054312624097,True,2363.67942169532,560.0,8,11,9.181505501723572,0
209,294651409,205.0,223.46643127592736,False,693.8385170383422,45.0,2,3,1.5782319347155194,0
47,12648068962,1080.0,745.3979039625168,True,3982.0067949638565,555.0,13,27,19.796326908302834,0
101,1612472593,1395.0,913.8471874700132,True,5043.237281061087,755.0,14,18,19.012931820711604,0
88,25472291,435.0,364.6518258611182,True,1583.306502925044,175.0,1,3,2.6982222187137057,0
35,12978761148,435.0,359.08974745871564,True,1548.265408989909,180.0,5,9,11.237730136509912,0
114,26817585,965.0,661.968280712949,True,3456.400168491579,500.0,10,14,15.14757065212782,0
46,108224,150.0,187.82525168488195,False,469.2990856147562,15.0,2,0,0.22631442108059283,0
112,10019788231,580.0,449.6542813593833,True,2118.8219725641143,265.0,6,6,5.597030410468204,0
269,109832,855.0,570.1815845217463,True,2878.1439824870004,455.0,8,14,14.857939242254922,0
249,107786,420.0,351.6185979175522,True,1501.1971668805793,170.0,4,6,7.024568124036935,0
70,500486430,480.0,387.06044006833207,True,1724.4807724304908,205.0,4,17,24.086191749768812,3
115,21533908,655.0,477.711982579719,True,2295.5854902522274,320.0,9,38,55.145567836232566,18
140,8044483426,640.0,479.43487561135396,True,2306.43971635153,300.0,7,10,14.069048548519792,0
110,25544131,755.0,551.5371016274313,True,2760.6837402528167,365.0,13,10,10.423666675728677,0
28,9512935,800.0,552.794270488445,True,2768.603904077203,410.0,10,4,4.258652216554906,0
187,107319,1110.0,595.7755129049862,True,3039.385731301401,695.0,12,32,34.53176483528997,0
78,2214957485,405.0,339.6414783295368,True,1425.741313476082,165.0,4,19,14.043812619719233,0
154,2215490963,305.0,281.8395661694697,True,1061.5892668676584,105.0,3,2,3.559904767212723,0
119,13567811111,675.0,489.5342675660012,True,2370.065885665806,330.0,9,18,13.726118707355532,0
170,9521022,860.0,575.6599735956253,True,2912.657833652439,455.0,9,6,9.819205725648471,0
96,9521022,310.0,270.6960849863796,True,991.3853354141912,120.0,1,24,46.39645476121077,17
232,25544135,470.0,372.3909498213781,True,1632.0629838746825,205.0,7,19,26.84717670385797,6
193,4397152731,395.0,336.35525762525833,True,1405.038123039127,155.0,4,5,10.536064697477936,0
105,1666324146,865.0,621.1443506741124,True,3199.209409246904,430.0,10,10,11.382477433290006,0
93,25498869,1065.0,686.1550140931071,True,3608.7765887865803,580.0,8,3,4.319308453420971,0
180,1678452807,410.0,342.49931530983906,True,1443.745686451986,170.0,1,5,5.392586886543234,0
246,25257043,445.0,362.4785674130509,True,1569.6149747022212,190.0,5,14,12.384537881587123,7
218,21665713,740.0,530.5882362917181,True,2628.705888637824,365.0,9,5,4.112516246448416,0
185,101995,275.0,264.46611596073876,True,952.136530552654,85.0,3,6,4.641537767515615,0
82,82710879,705.0,518.3363809655531,True,2551.5192000829834,340.0,9,7,9.465184862647671,0
257,25502540,960.0,628.8781721680906,True,3247.932484658971,515.0,7,16,10.660618206238277,0
107,1230374510,390.0,327.63342104236614,True,1350.0905525669066,160.0,5,6,6.481680331277934,0
91,333719185,510.0,406.3094950791418,True,1845.7498189985938,225.0,8,10,8.542645444758897,0
97,5932883504,765.0,542.6098221965357,True,2704.441879838173,385.0,7,5,4.163551788464391,0
182,108902,590.0,450.72002780663604,True,2125.5361751818064,270.0,12,26,28.48913446302873,3
228,1614846678,700.0,381.85951265185037,True,1691.7149297066583,525.0,5,13,9.013327277082443,0
147,2441998875,955.0,530.2354355338337,True,2626.4832438631533,590.0,13,5,9.368697681578068,0
40,333650017,710.0,497.117588202671,True,2417.8408056768267,360.0,5,15,11.222276109563342,0
65,1614846702,470.0,371.0550508394553,True,1623.646820288568,210.0,7,7,5.611099830900423,0
260,25498869,865.0,591.3920476152484,True,3011.769899976064,450.0,5,20,23.713922385748226,0
166,107812,900.0,604.5411155678661,True,3094.6090280775525,495.0,11,19,12.483525833979787,0
167,13565582698,455.0,348.542354677236,True,1481.816834466587,210.0,9,37,50.329503538045415,9
236,25473293,580.0,448.8608747268248,True,2113.8235107789965,265.0,2,9,5.92506063350512,0
25,2047806108,805.0,577.1790060597066,True,2922.2277381761496,400.0,12,6,4.811515319942856,0
142,2441998875,490.0,389.5096268353685,True,1739.910649062822,215.0,5,12,8.508602934580166,0
55,21651765,385.0,330.3212338915842,True,1367.0237735169803,150.0,4,3,4.059665834521469,0
234,21665965,360.0,310.04689759876186,True,1239.2954548721998,140.0,4,11,12.974228067726344,0
49,1685751696,725.0,481.4329605716099,True,2319.0276516011413,445.0,7,28,28.372268083412607,0
247,4457798822,250.0,246.49924414776785,False,838.9452381309377,75.0,2,11,20.9333915110024,5
191,26699551,590.0,451.9088868964126,True,2133.025987447399,270.0,3,10,12.15622636185513,0
152,11170906155,255.0,253.23993061705772,False,881.4115628874637,75.0,2,2,2.2951227261057867,0
22,4249404271,780.0,535.559627973233,True,2660.025656231366,465.0,9,6,13.205272410629243,0
46,25257657,115.0,170.21989800720812,False,358.385357445411,0.0,1,0,0.0,0
33,1835289526,675.0,494.3187655258729,True,2400.208222812997,345.0,11,9,10.940588523087877,0
212,9176400299,740.0,524.0589956941845,True,2587.57167287336,370.0,12,3,4.287185850522645,0
226,21590630,885.0,489.6132627568935,True,2370.5635553684315,625.0,4,10,10.436902315959069,0
278,1696027870,815.0,552.2444063259815,True,2765.1397598536855,425.0,4,11,10.621971495310301,0
225,2453162764,540.0,418.38005919754613,True,1921.794372944541,245.0,7,7,8.564299769958085,0
60,771982972,300.0,273.27971105929424,True,1007.6621796735536,105.0,5,12,12.20076903752929,7
157,25524240,1140.0,745.5226737144525,True,3982.7928444010513,615.0,12,24,23.76275017788202,0
130,26559371,735.0,526.352603125365,True,2602.0213996897974,365.0,8,6,5.43134895256714,0
66,10559192943,290.0,273.0671570748289,True,1006.3230895714219,95.0,3,1,1.412637689140923,0
11,1666324140,555.0,409.94752456389176,True,1868.6694047525177,265.0,4,18,30.970657898090888,11
102,25472136,745.0,546.8528094192815,True,2731.1726993414713,360.0,16,7,5.561662309776117,0
292,25471098,600.0,410.87741244339435,True,1874.5276983933838,340.0,4,16,18.8751643464483,0
64,108258,310.0,285.1413249305706,True,1082.3903470625944,110.0,3,2,2.6634445438044683,0
98,25544119,855.0,610.4202310603181,True,3131.6474556800026,425.0,8,12,13.843454772890935,0
37,11052055761,670.0,508.48569792347837,True,2489.459896917914,310.0,9,9,7.573020290363206,0
163,12026764,1045.0,716.2497390735505,True,3798.373356163368,540.0,4,13,20.55431385655498,0
273,21563009,220.0,231.6024776288912,False,745.0956090620142,55.0,4,5,3.885440783990827,2
73,25500809,975.0,657.8172094543262,True,3430.2484195622546,510.0,8,27,23.057596289940893,0
290,273194,570.0,418.18039568254807,True,1920.5364928000529,285.0,8,5,7.283224263164094,0
128,26559368,515.0,411.04556803283066,True,1875.5870786068317,225.0,7,17,15.843222422980476,0
215,11170906155,1225.0,686.1718946610835,True,3608.8829363648147,740.0,9,12,14.676490604474413,0
104,26699537,620.0,460.3270609608292,True,2186.0604840532233,620.0,7,33,36.04903297930402,0
35,1938580083,175.0,205.78692774948863,False,582.4576448217784,30.0,1,2,3.8488595029006705,0
85,1317141185,355.0,301.59070486182753,True,1186.0214406295136,140.0,3,14,18.261576170241913,4
192,25507334,425.0,356.16872035487734,True,1529.8629382357285,175.0,9,6,6.252570460031293,0
219,490253699,580.0,452.97937786959443,True,2139.7700805784443,260.0,9,9,9.546658087198482,0
220,194250,615.0,468.03662108844776,True,2234.6307128572203,285.0,8,8,7.756482490294933,0
153,10264011847,250.0,240.98035738422436,True,804.1762515206133,85.0,3,10,7.457929743901223,0
127,25501773,340.0,306.55890801078937,True,1217.3211204679733,125.0,2,0,1.1961778649700396,0
204,823745,615.0,461.46569171188787,True,2193.233857784894,290.0,10,36,50.0696391133069,11
116,822403,245.0,246.915592251356,False,841.5682311835423,70.0,2,6,3.431456674126503,0
261,108216,815.0,578.7765039399841,True,2932.291974821898,405.0,12,18,15.43854191711299,0
83,9789814,655.0,495.4328339059001,True,2407.2268536071724,305.0,5,6,3.32335021427787,0
186,452169167,790.0,545.5506664988185,True,2722.969198942558,405.0,6,20,18.918950434346904,0
256,2476787985,895.0,564.4510470885704,True,2842.04159665799,520.0,7,4,9.85957609922237,0
41,108014,1140.0,716.4783316827919,True,3799.8134896015877,645.0,14,19,22.47210467260328,0
213,4969460352,545.0,327.27785582517646,True,1347.850491698611,455.0,2,3,2.0061310629202387,0
77,334688530,260.0,254.36555298871593,True,888.5029838289105,80.0,1,2,3.10055055861538,0
216,5393414954,440.0,352.2209341296878,True,1504.9918850170327,440.0,9,50,51.506236969558955,0
8,5932856688,600.0,427.6148489797822,True,1979.973548572628,370.0,10,14,7.265875710557779,0
264,25498869,875.0,580.5594230324328,True,2943.5243651043247,465.0,6,22,21.94738356403155,0
250,435144778,770.0,558.7076166958984,True,2805.8579851841555,375.0,11,32,36.24265173431068,7
289,358992920,1535.0,878.6955822561865,True,4821.782168213967,915.0,9,52,45.12954338715903,0
68,4702603699,250.0,235.39131627287784,True,768.9652925191302,85.0,1,4,5.892817699833754,0
262,12264307320,1170.0,797.435483112385,True,4309.843543608027,610.0,8,13,12.30666066493732,0
259,11751472416,765.0,501.052994305256,True,2442.6338641231077,410.0,7,8,8.037692930751835,0
272,435144778,1005.0,709.3591793579824,True,3754.9628299552865,505.0,6,13,9.858567178455097,0
29,1678452766,305.0,279.5698427503544,True,1047.2900093272328,105.0,3,9,10.61149128899858,0
207,25471086,495.0,379.4931580437307,True,1676.8068956755028,225.0,8,5,5.409265968860186,0
62,5339077113,270.0,260.7202027354129,True,928.5372772331007,85.0,2,4,5.050398602798485,0
14,13250138,950.0,533.9480935143955,True,2649.872989140692,575.0,6,14,10.580003867014263,0
248,1666324140,895.0,610.7007965807578,True,3133.4150184587706,465.0,12,13,16.632769159850277,0
93,25257323,210.0,225.14543298091576,False,704.4162277797689,50.0,1,5,4.3304349461295555,0
54,234290,775.0,523.9781533520967,True,2587.062366118207,405.0,10,35,33.814505580459866,0
173,102025,1110.0,726.4963193350275,True,3862.9268118106716,600.0,5,21,21.981018503793884,0
214,362575106,1370.0,881.3444654275513,True,4838.470132193573,750.0,15,24,21.79537223268304,0
6,107793,630.0,461.71142389728925,True,2194.781970552921,305.0,10,12,8.969425780541268,0
286,26845543,695.0,488.1858693509542,True,2361.570976911011,350.0,14,12,11.400463232208145,0
118,10365737,1290.0,768.0836844579356,True,4124.92721208499,750.0,12,16,26.688107252850138,0
20,5339077114,455.0,369.8836747481841,True,1616.26715091356,195.0,5,1,4.225588549753926,0
17,25532839,1055.0,726.2124111180663,True,3861.138190043818,545.0,11,23,15.983913366559861,0
86,108258,520.0,400.2398645443483,True,1807.5111466293945,235.0,1,6,9.3802781001329,0
227,9295694734,1005.0,653.5251407179206,True,3403.208386522897,545.0,14,44,46.285882496594375,0
178,9512937,655.0,480.50795147770697,True,2313.2000943095536,315.0,7,17,16.193385842741563,0
4,25503725,515.0,404.33034959199483,True,1833.2812024295665,230.0,3,12,9.566746191719151,0
69,4347844132,680.0,506.0530905322735,True,2474.1344703533223,325.0,4,15,16.73810033256681,0
151,282569797,865.0,572.4750259315286,True,2892.5926633686277,500.0,12,28,26.256858080975782,0
221,972535469,460.0,375.0258487969648,True,1648.662847420877,195.0,7,3,6.5497703913278675,0
206,1684410143,1085.0,749.9954905972303,True,4010.9715907625546,560.0,14,6,8.065039627095846,0
145,4917827758,460.0,384.7687868739218,True,1710.0433573057069,190.0,4,7,6.756857139583485,0
232,5932856691,245.0,233.60152071151396,True,757.6895804825376,80.0,0,3,4.826809656713804,0
208,27503587,385.0,331.7100983128707,True,1375.7736193710857,150.0,1,5,3.8771901823159007,0
72,104310,745.0,543.405793165794,True,2709.456496944501,360.0,11,32,32.17491609350801,0
44,6266808745,435.0,358.3621966302706,True,1543.6818387707046,180.0,8,26,24.73383263324636,0
233,500486430,835.0,481.07420625375,True,2316.7674993986257,565.0,7,11,13.081650659920262,0
13,107786,465.0,370.83108514608256,True,1622.235836420319,205.0,4,10,7.613970213085843,0
251,25532842,375.0,325.2214065531843,True,1334.8948612850606,145.0,3,7,6.601792333332426,0
53,10264011826,905.0,603.9774615166469,True,3091.0580075548737,480.0,9,25,26.990942190001388,0
146,9512939,455.0,344.4323461464043,True,1455.923780722347,260.0,10,8,9.182907496287802,0
5,1619464560,990.0,677.4161570002653,True,3553.721789101674,515.0,10,16,18.033788156751363,0
149,25533578,780.0,545.4445575443558,True,2722.30071252944,440.0,6,13,9.205097564229982,0
280,333650017,510.0,407.0004404914384,True,1850.1027750960616,225.0,8,8,7.807897805793048,0
159,7066266061,440.0,362.8166379190653,True,1571.7448188901121,185.0,2,8,6.280464661453584,0
36,11170906155,925.0,632.534559998726,True,3270.967727991972,480.0,12,23,20.72901766783219,0
169,26699543,970.0,616.5806922559916,True,3170.4583612127417,535.0,9,10,10.399492283816873,0
121,5244680779,615.0,468.8377829696026,True,2239.6780327084934,285.0,8,16,13.596173273242156,0
287,21665911,530.0,399.88094366902453,True,1805.2499451148549,530.0,4,70,71.03816570005009,2
162,21665911,705.0,511.7564897734433,True,2510.065885572695,705.0,12,36,42.60207666801264,0
267,9791494,755.0,534.7177791015199,True,2654.722008339577,380.0,6,28,30.40758717631709,0
9,9167793401,555.0,374.3777933185987,True,1644.580097907172,395.0,5,12,9.755755690462667,0
95,14077667431,410.0,346.9209496487411,True,1471.601982787068,165.0,6,2,4.300128948824541,0
217,104315,440.0,362.37414580317824,True,1568.957118560022,185.0,2,3,4.5876562025331635,0
198,14727249,570.0,442.2674100269781,True,2072.2846831699603,260.0,11,9,7.793402174075721,0
114,970857026,335.0,299.17354957604994,True,1170.7933623291149,125.0,3,5,6.351433968704579,0
59,25502544,400.0,341.67492038632423,True,1438.5519984338416,160.0,6,10,9.410172970544561,0
26,25472291,775.0,552.3620772852904,True,2765.881086897327,385.0,7,30,39.2423234348242,9
50,9475528,980.0,652.6353016658512,True,3397.602400494862,520.0,8,20,17.441229690456392,0
200,7737133469,525.0,406.8800001391798,True,1849.3440008768328,240.0,2,2,4.454819514720035,0
109,25544136,735.0,428.4603988856686,True,1985.300512979713,485.0,8,13,8.027437575635918,0
116,6312042614,145.0,184.963146415156,False,451.2678224154826,15.0,2,1,0.43442338265820724,0
224,4397152731,665.0,492.8529295505608,True,2390.9734561685314,320.0,4,9,5.652704156851466,0
111,11309776203,500.0,376.11690099614844,True,1655.536476275736,235.0,4,0,2.3453526718809825,0
99,3147915643,1040.0,683.0088851177981,True,3588.955976242126,560.0,11,34,36.407966282508696,0
124,25257324,610.0,438.8357598764603,True,2050.6652872217,300.0,10,18,17.455115160782295,0
19,25378129,1115.0,749.6700700244003,True,4008.9214411537255,590.0,9,16,18.391420541069984,0
92,25532841,535.0,395.52953228493095,True,1777.8360533950645,255.0,4,10,9.294746204755485,0
240,5016867335,1585.0,926.0003449048977,True,5119.802172900836,935.0,3,39,40.02976170481744,0
164,2191480791,970.0,654.1574585701811,True,3407.191988992144,510.0,11,17,17.972486145663837,0
226,9849094224,230.0,235.59975243921514,False,770.2784403670554,65.0,2,11,8.172018104034633,0
143,8843558776,780.0,566.2492062397155,True,2853.3699993102086,380.0,4,17,12.167117957319704,0
27,110009,1110.0,735.2143195913266,True,3917.85021342536,595.0,10,18,20.963837057574448,0
39,9791495,425.0,355.54120949001486,True,1525.9096197870933,175.0,7,10,13.375016944146926,0
61,5932856688,410.0,315.7431350034925,True,1275.1817505220022,185.0,1,9,12.87355692308187,0
38,25496892,775.0,477.6190075531715,True,2294.999747584982,560.0,6,13,17.04848853722474,0
201,25257284,915.0,635.4496707619211,True,3289.3329258001036,470.0,8,8,7.135708121187008,0
108,1493424643,405.0,304.4053657727795,True,1203.7538043685104,190.0,3,15,14.041901543158094,0
140,25472669,365.0,316.5332457027074,True,1280.1594479270564,140.0,4,7,5.840608224669349,0
21,500486430,990.0,561.083631114638,True,2820.82687602222,665.0,3,19,17.848359937964457,0
15,25505558,895.0,630.4052210763217,True,3257.552892780829,450.0,13,6,7.213582171155815,0
97,452589682,320.0,290.5107025104686,True,1116.2174258159525,115.0,1,6,8.030038065836704,0
271,435144778,1130.0,764.5323380359008,True,4102.55372962617,590.0,11,15,13.39693422821351,0
204,108059,200.0,222.4518009393243,False,687.446345917743,40.0,1,8,12.87942662843815,3
183,4116205016,1040.0,701.1319548362801,True,3703.131315468568,545.0,12,36,33.23302877631136,0
209,107790,415.0,318.85918219939896,True,1294.8128478562135,190.0,4,16,14.835135429181319,0
238,1614926333,1040.0,714.1146682560285,True,3784.9224100129795,540.0,13,17,20.904471461051266,0
144,108896,810.0,577.5673866729304,True,2924.6745360394643,405.0,12,11,10.046061884171811,0
24,25476041,760.0,545.5920316229543,True,2723.229799224611,375.0,9,39,45.426441599525084,0
82,10845640242,350.0,314.19264529713524,True,1265.4136653719527,130.0,4,6,3.3513542219156136,0
242,102000,1155.0,686.710849869224,True,3612.278354176105,700.0,9,22,19.262746780113357,0
156,11747638084,845.0,585.2238088960602,True,2972.909996045178,435.0,15,5,7.512322471669207,0
113,1614926348,665.0,463.5805596950472,True,2206.557526078798,370.0,3,28,30.6285717723377,0
127,255576,225.0,216.15539689801147,True,647.779000457472,85.0,1,17,32.61995103308021,14
197,25257309,435.0,365.4068250342039,True,1588.062997715484,175.0,6,3,3.175425919395002,0
44,26559618,130.0,179.9289509946677,False,419.55239126640646,0.0,1,0,0.0,0
255,1611442272,1115.0,766.5599481106423,True,4115.327673097046,575.0,16,12,13.638889584024673,0
16,25257657,515.0,394.00314913242215,True,1768.2198395342605,235.0,9,1,2.833501664931822,0
126,9020945997,615.0,430.1591863097456,True,1996.0028737513967,310.0,9,14,9.939419817275171,0
18,11456439398,1830.0,972.4931497764644,True,5412.70684359173,1610.0,19,77,84.04796336327104,0
291,12197370,780.0,570.499389073395,True,2880.1461511623847,380.0,10,18,13.544125660732181,0
211,5266874223,560.0,442.0338209927664,True,2070.813072254429,250.0,7,16,14.329767085898109,0
1,102025,715.0,516.7402921340943,True,2541.4638404447946,350.0,7,16,15.33958701934231,0
63,25529933,605.0,453.62393859020847,True,2143.8308131183144,285.0,7,7,4.3839164245320354,0
167,25473293,350.0,285.66852947485427,True,1085.7117356915821,150.0,2,11,12.545907253510538,0
269,452168032,445.0,372.91732273344854,True,1635.3791332207254,180.0,1,6,7.9837463024726105,0
75,4917827758,525.0,418.95449546370145,True,1925.4133214213196,230.0,7,10,12.275706231149126,0
160,5244680779,700.0,507.7250452355686,True,2484.6677849840835,340.0,5,11,10.188156474589261,0
31,10574746,825.0,556.4452654646051,True,2791.6051724270083,435.0,11,18,17.76480694704281,0
41,11170906155,240.0,245.59302721372632,False,833.2360714464756,65.0,2,2,2.9729387107199132,0
282,4174200026,680.0,509.04520778354737,True,2492.9848090363503,320.0,13,14,14.567273367076965,0
202,108293,1020.0,711.8315887540451,True,3770.5390091504787,520.0,15,31,37.51037387875514,2
57,2586635296,1265.0,832.9987849535463,True,4533.892345207344,680.0,10,21,20.948516790652715,0
110,108060,455.0,363.39972952729374,True,1575.4182960219514,200.0,4,5,5.107388888838139,0
284,102000,615.0,459.1816633115576,True,2178.8444788628135,290.0,9,9,9.508514647698641,0
43,255562,495.0,378.62597903484254,True,1671.3436679195074,225.0,4,12,10.610232208844417,0
212,25533437,350.0,307.3907535258973,True,1222.5617472131528,130.0,5,6,7.2926398455287424,0
267,822403,145.0,189.26499073785587,False,478.36944164849194,10.0,0,2,0.8672343438622466,0
199,4956890431,830.0,529.4587112580522,True,2621.589880925733,455.0,6,1,0.6589843448988466,0
272,4243601512,240.0,240.39913553467403,False,800.5145538684461,70.0,3,5,3.126997882016033,0
177,3561398893,1040.0,680.4113660441432,True,3572.5916060780987,560.0,12,25,20.297197416149572,0
158,26559618,920.0,603.693901744764,True,3089.27158099201,520.0,9,17,18.48254117644295,0
283,25502540,525.0,406.22162107954534,True,1845.1962128011369,240.0,6,12,15.02136219033478,0
254,1685751707,850.0,581.9225107078046,True,2952.111817459169,440.0,11,3,9.836204943659576,0
129,25476020,775.0,561.920141319736,True,2826.096890314336,380.0,8,15,18.53322924950963,0
51,108304,705.0,518.4227245298908,True,2552.0631645383123,340.0,1,23,21.3851661693896,4
58,6273263209,800.0,579.7028730979633,True,2938.1281005171713,390.0,8,7,11.274349962226104,0
170,21665911,470.0,371.24207179765307,True,1624.8250523252143,470.0,4,31,29.01146635574454,0
74,6273263209,740.0,534.3245438735074,True,2652.2446264030978,365.0,14,18,13.770149599458556,0
234,27503587,410.0,347.93027937625453,True,1477.9607600704032,165.0,6,2,3.833884035758885,0
168,2564873531,865.0,595.5780048109979,True,3038.141430309285,445.0,9,13,16.235609229523295,0
275,5244680779,595.0,421.9316999083729,True,1944.1697094227486,295.0,6,20,17.630340999941566,0
23,9791487,795.0,558.1185366471201,True,2802.1467808768593,410.0,7,15,19.295860539270343,0
235,659653204,985.0,672.5568435240202,True,3523.108114201331,510.0,11,2,5.666664357552954,0
21,107791,135.0,175.61651445075873,False,392.3840410397798,10.0,1,2,1.5267620819669745,0
270,12026767,615.0,470.34224299150134,True,2249.1561308464607,285.0,6,22,26.42559531592936,4
2,9778345904,655.0,468.9641339625132,True,2240.474043963835,325.0,7,3,7.842506401286491,0
22,5112906885,410.0,342.18036461031204,True,1441.7362970449665,170.0,4,6,7.685893818052884,0
148,107809,660.0,471.5179425519981,True,2256.563038077588,325.0,2,21,15.362170721025494,0
216,1927220454,315.0,288.37246894328666,True,1102.7465543427052,110.0,1,7,3.355821193943827,0
276,435144778,905.0,617.3782363241697,True,3175.4828888422658,470.0,9,11,15.816570858844353,0
149,25505558,235.0,242.8521429030334,False,815.9685002891107,65.0,4,3,1.8865244089178588,0
87,12437824276,845.0,601.9519661236511,True,3078.297386578999,420.0,10,10,8.37631885439693,0
138,21533908,705.0,487.65457773819736,True,2358.223839750641,360.0,8,52,80.63228812511643,24
190,109579,665.0,494.0825831244723,True,2398.7202736841755,315.0,9,15,17.21522172883876,0
179,25470694,575.0,448.18757672791304,True,2109.581733385852,260.0,7,1,3.8806157025497825,0
67,9512935,805.0,554.7328566173818,True,2780.8169966895052,415.0,9,3,4.268442730558236,0
139,9791487,1310.0,691.802982750518,True,3644.3587913282618,885.0,14,18,25.099329697913717,0
252,25472904,970.0,554.6498563554444,True,2780.2940950393017,580.0,5,14,10.049482951608402,0
89,1309470394,615.0,471.5079410657477,True,2256.5000287142097,280.0,8,17,16.212492799197417,0
171,11747638084,920.0,638.8136492151422,True,3310.5259900553983,470.0,7,15,15.415103948030177,0
99,14003329325,210.0,222.2929628209398,False,686.4456657719204,50.0,3,0,2.4880376295314948,0
272,271242424,80.0,152.6562539650387,False,247.73439997974356,0.0,0,0,0.0,0
288,5244680779,750.0,536.7021227056564,True,2667.223373045633,400.0,16,19,16.996078103459915,0
141,5739837614,635.0,479.28730626119705,True,2305.51002944554,295.0,4,24,26.246210838342833,0
237,25472672,605.0,440.5384081615278,True,2061.3919714176245,305.0,8,18,20.550104432817974,0
281,25474562,970.0,667.2847028296741,True,3489.8936278269503,500.0,13,16,18.17674670711432,0
263,25501320,635.0,484.65836181193504,True,2339.34767941519,295.0,7,5,5.804850484600661,0
106,25473300,620.0,475.18762549448684,True,2279.6820406152665,285.0,6,3,6.818114206989904,0
47,2482696992,590.0,442.08844198059757,True,2071.157184477765,590.0,9,21,20.877170409305226,0
268,9702441401,895.0,611.5530624149674,True,3138.784293214299,465.0,10,12,14.799237288553085,0
152,13808620797,465.0,378.42538959793285,True,1670.0799544669776,200.0,5,4,5.882834827304886,0
262,6273263209,345.0,304.491866596531,True,1204.2987595581449,130.0,5,11,9.844192745168485,7
265,25533613,770.0,441.9015857503955,True,2069.9799902274935,595.0,8,5,9.185148545843791,0
248,2480891600,335.0,307.14057262853925,True,1220.985607559797,120.0,5,7,7.64340011321196,0
105,6173783039,550.0,401.35687698703924,True,1814.548325018346,265.0,6,4,3.0059361639846403,0
130,4927544936,455.0,354.5214268929973,True,1519.4849894258823,205.0,1,11,10.406780181112953,0
155,4216272817,1385.0,778.6391275381372,True,4191.426503490263,840.0,9,14,18.091359022619052,0
198,10019788231,260.0,252.61957835593228,True,877.5033436423734,80.0,1,4,3.5726136359214324,0
120,2910874877,1025.0,566.4460045572197,True,2854.6098287104705,625.0,4,29,28.611759373700284,0
167,108216,155.0,192.4271784791519,False,498.29122441865684,20.0,3,0,0.24687231386988392,0
244,25476020,750.0,550.2774314739014,True,2752.747818285577,360.0,3,20,19.434225437426466,0
266,9512908,755.0,551.4624592450965,True,2760.2134932441104,365.0,9,10,15.335490246350897,0
31,25501773,145.0,187.49246656728033,False,467.2025393738659,10.0,1,1,0.27150401338199764,0
115,601141518,605.0,471.1509615459318,True,2254.2510577393714,275.0,1,8,8.72775685772269,0
100,21665000,655.0,445.34147137225506,True,2091.651269645206,405.0,10,12,18.96929605308145,0
185,292252720,565.0,426.1866803964673,True,1970.976086497744,265.0,10,2,2.449679900495386,0
117,25544130,1195.0,643.9372526781505,True,3342.8046918723435,870.0,14,17,19.966686869335074,0
181,454373621,1070.0,738.4257693218127,True,3938.0823467274204,550.0,17,15,17.600582478608253,0
71,26671733,925.0,602.0926886506705,True,3079.1839384992263,510.0,9,12,13.474747970999035,0
150,25495769,1170.0,722.4173264724034,True,3837.229156776141,660.0,8,40,46.99473905324992,0
278,10676305902,495.0,397.14762724959763,True,1788.030051672466,215.0,3,11,11.08813535902805,0
189,1938580083,755.0,527.7158690725832,True,2610.609975157275,385.0,10,3,4.069784897699975,0
58,110011,125.0,173.54519308292882,False,379.33471642245127,0.0,0,0,0.0,0
233,4301399715,335.0,298.8729180406866,True,1168.8993836563259,125.0,0,3,3.5018510897193114,0
80,1188884060,920.0,647.6768901501258,True,3366.3644079457913,465.0,10,23,24.200402292028034,0
260,21665912,550.0,401.30162360942103,True,1814.2002287393516,265.0,3,2,3.0837167570163135,0
230,25257808,1315.0,830.6531794197527,True,4519.115030344443,730.0,16,27,23.40357481426113,0
135,21533908,1205.0,720.3332745224637,True,3824.099629491525,700.0,7,23,15.065875232626642,0
191,3733175891,535.0,385.86260469134885,True,1716.9344095554973,535.0,3,59,59.166335271244,0
232,14069294213,365.0,313.48141600132874,True,1260.932920808371,145.0,7,4,5.113730233048866,0
228,25496892,575.0,429.0258488300726,True,1988.8628476294575,280.0,4,8,9.781407446728156,0
182,1666324135,575.0,442.69904993806483,True,2075.0040146098095,265.0,6,24,32.562803521701646,11
61,1106056866,285.0,261.79862233022214,True,935.3313206803991,100.0,5,2,0.9948972242101107,0
274,1612319349,865.0,503.8810271274418,True,2460.450470902882,510.0,7,14,18.653299972202543,0
282,6089552096,200.0,220.6553785860131,False,676.1288850918825,45.0,0,2,2.7826396308083368,0
35,21665006,495.0,388.9657315538531,True,1736.4841087892753,230.0,10,4,5.77414465320608,0
285,25471371,1135.0,744.0304602646612,True,3973.391899667366,635.0,14,34,35.981453076645096,0
249,9515370,665.0,351.5817052072844,True,1500.9647428058936,515.0,7,12,9.731652576668349,0
10,1166056970,815.0,537.0662579244791,True,2669.517424924218,435.0,10,17,18.38121792864543,0
101,25502834,685.0,488.78711377057596,True,2365.35881675463,350.0,5,24,32.8321942846063,8
223,21665911,790.0,543.6333449669083,True,2710.890073291523,790.0,8,58,65.97262427938799,0
162,12547908624,370.0,321.9309454529574,True,1314.1649563536323,140.0,4,5,6.319449202113876,0
134,5247841988,1350.0,769.9692003163065,True,4136.80596199272,810.0,11,46,39.641268450084716,0
169,2784682616,385.0,331.77751758940013,True,1376.1983608132205,150.0,3,17,18.62190972368612,2
96,25496815,660.0,476.21214648492617,True,2286.1365228550335,325.0,3,18,20.899071245619275,0
124,9791490,340.0,302.7125531929273,True,1193.089085115442,125.0,4,3,5.481515463320798,0
122,102035,1315.0,850.7940138830178,True,4646.00228746301,715.0,11,4,3.044324263301157,0
123,2833448424,785.0,506.1154357238147,True,2474.5272450600332,440.0,7,14,17.45204702150268,0
147,25375812,615.0,450.3926152796799,True,2123.473476261984,295.0,3,11,10.03412629967001,0
159,25532839,395.0,332.45809969356657,True,1380.4860280694693,160.0,4,6,4.136327796892816,0
253,1317141252,735.0,526.2087645770454,True,2601.1152168353847,365.0,5,24,16.61812232223791,0
110,107319,230.0,241.38121226971055,False,806.7016372991767,60.0,2,6,4.109206753939332,0
17,881887811,455.0,370.7724158918887,True,1621.8662201188993,195.0,8,11,13.289113394789515,0
175,9849094224,765.0,488.47128485151234,True,2363.3690945645276,420.0,2,17,16.113459523061096,0
47,1685938741,130.0,177.3434890036464,False,403.26398072297206,5.0,0,0,0.1758177852676052,0
205,1678452742,1080.0,620.9361759511581,True,3197.897908492299,735.0,14,11,16.991264665852793,0
241,25473291,925.0,594.2304935026481,True,3029.652109066685,595.0,5,14,11.980368319101657,0
247,26652351,620.0,456.6382254614523,True,2162.8208204071498,315.0,9,13,10.654771307667193,0
222,1953627794,845.0,538.3259330010809,True,2677.45337790681,500.0,8,14,16.01002426655376,0
239,11866625772,790.0,553.1747203653621,True,2771.0007383017796,400.0,8,16,14.644617237806578,0
49,109838,635.0,479.20561776651107,True,2304.9953919290197,295.0,8,12,8.926083838370497,0
125,25533613,915.0,583.2305584690403,True,2960.352518354951,505.0,9,21,24.344708623424633,0
121,1684410094,430.0,346.1335375555437,True,1466.641286599926,185.0,3,12,9.18594314754341,0
172,2129184285,825.0,584.638682499107,True,2969.223699744371,415.0,13,19,14.951274502714522,0
78,25471086,720.0,390.33007888540794,True,1745.0794969780713,585.0,7,10,10.16529919663233,0
258,351788581,920.0,577.8511935095243,True,2926.462519110001,515.0,8,23,17.608849238633763,0
188,11456439398,1515.0,816.7737055303334,True,4431.6743448411025,1395.0,16,55,67.21389678198308,0
83,21665582,545.0,399.94006312475386,True,1805.6223976859499,545.0,7,46,42.027113754467344,0
196,11582793599,1020.0,715.045591287767,True,3790.787225112937,515.0,14,4,8.538233532683686,0
247,9046520718,20.0,120.74466911887436,False,46.69141544890836,0.0,0,0,0.0,0
34,9775220678,1235.0,684.0651013268858,True,3595.610138359376,915.0,19,22,21.601662307566944,0
23,25500126,235.0,238.49677613750856,False,788.5296896663039,65.0,1,6,6.657839242459713,0
221,1614926348,470.0,376.2506632505062,True,1656.37917847819,205.0,6,6,7.9248276832447,0
275,107863,235.0,238.68037796529148,False,789.6863811813364,65.0,5,0,1.0158720157971552,0
280,822403,455.0,366.7074165677522,True,1596.2567243768383,195.0,4,8,5.171718193780204,0
194,823745,805.0,534.8693202373954,True,2655.676717495591,435.0,10,12,16.328222467475335,0
136,2587253639,925.0,590.8653695167962,True,3008.4518279558174,575.0,9,19,13.744789349115077,0
277,13349587,835.0,600.4703886862059,True,3068.963448723096,410.0,11,17,21.676552240503742,0
91,11052055761,695.0,453.94936234398324,True,2145.880982767094,375.0,3,18,19.45837183245005,0
48,102000,945.0,636.4615864837604,True,3295.707994847694,495.0,13,7,9.819613318224755,0
236,5244680779,675.0,499.5173809352299,True,2432.959499891949,325.0,5,14,12.75460610937783,0
204,25505558,370.0,328.0526432474871,True,1352.7316524591688,140.0,2,8,7.107245342136411,0
68,9791156,530.0,396.3560204303836,True,1783.0429287114164,275.0,4,11,9.533960943893796,0
257,108060,710.0,511.62067285311184,True,2509.210238974603,370.0,6,10,11.71905429230993,0
246,25475387,725.0,513.7135412241387,True,2522.3953097120743,365.0,9,18,20.05546438708381,0
107,25502545,710.0,480.8936054492691,True,2315.6297143303964,395.0,4,13,16.88288947129678,0
145,3552338823,495.0,392.45459301089016,True,1758.4639359686073,220.0,4,8,6.371113951625068,0
88,452589682,790.0,562.837290746901,True,2831.8749317054753,395.0,6,3,6.81402426485875,0
191,12346819547,140.0,187.6999912501574,False,468.50994487599155,5.0,1,0,0.187090909090909,0
26,280412704,450.0,362.688194189289,True,1570.9356233925198,195.0,2,1,2.3852995565456188,0
255,107809,365.0,310.4136117920213,True,1241.605754289734,145.0,4,10,6.040108364848219,0
109,11863145,455.0,368.0738312723532,True,1604.8651370158254,195.0,4,29,24.926739812203447,0
173,9512933,550.0,418.26055554325075,True,1921.0414999224797,255.0,7,7,8.45806940906533,0
232,9791497,150.0,189.63113643905845,False,480.676159566068,15.0,1,0,0.3377634070026869,0
281,4702603699,225.0,234.26531575910133,False,761.8714892823382,60.0,0,9,7.45497623077431,0
119,2784682616,785.0,577.0116540818557,True,2921.173420715693,380.0,8,8,10.365490222804462,0
103,108258,1075.0,712.9930150192218,True,3777.855994621095,575.0,12,9,9.333368245176809,0
52,275424,920.0,646.842331619609,True,3361.1066892035374,465.0,8,11,12.18123043870884,0
53,7944696977,515.0,411.207986169227,True,1876.6103128661302,225.0,8,14,8.393276661382533,0
170,26866991,310.0,274.04778175562325,True,1012.5010250604258,115.0,1,9,9.598025859819808,7
104,108258,640.0,485.2956816059359,True,2343.362794117396,300.0,8,3,3.5342358861230045,0
292,3439409106,665.0,486.00582879740597,True,2347.836721423658,320.0,13,4,3.374535609762032,0
137,25473293,1000.0,584.9291115512386,True,2971.053402772804,610.0,11,9,13.250068871998856,0
208,26652117,535.0,395.49974550875766,True,1777.6483967051727,255.0,5,1,3.2091970536151067,0
171,10845640242,255.0,254.84998209976348,False,891.5548872285098,75.0,5,0,1.9318027650830443,0
177,21665911,340.0,293.40556334764744,True,1134.455049090179,340.0,4,23,25.456788766236635,0
153,107320,640.0,484.5912466132785,True,2338.924853663654,300.0,3,33,36.99522797398246,4
64,9512924,680.0,473.0238780471599,True,2266.0504316971096,345.0,9,6,9.497706607872232,0
256,25473373,620.0,428.1043577753288,True,1983.0574539845716,320.0,6,9,7.443344900734614,0
36,9512924,525.0,415.30128544598944,True,1902.3980983097329,230.0,7,16,11.420905139166171,0
57,102025,360.0,291.63841829274503,True,1123.3220352442931,190.0,2,8,7.323254495556659,0
243,289996665,1250.0,689.6566580233637,True,3630.836945547176,765.0,10,28,33.23530406697563,0
33,25533613,720.0,528.0636129792671,True,2612.800761769382,350.0,11,11,14.191184842202182,0
42,1614926340,935.0,620.9477417756617,True,3197.970773186668,510.0,12,18,17.490985583463992,0
76,255578,910.0,618.3503338542761,True,3181.6071032819355,475.0,10,9,13.928092369254253,0
56,652425475,1330.0,717.6978979421887,True,3807.496757035779,825.0,8,19,18.791271861033206,0
129,358992920,355.0,313.6136088146786,True,1261.7657355324752,135.0,3,1,3.5489451113133135,0
28,26699537,830.0,554.8896533416865,True,2781.8048160526228,830.0,7,51,59.49173447103464,0
98,25474562,695.0,510.5653380585021,True,2502.5616297685633,335.0,6,8,9.6803051424984,0
5,1317141185,555.0,422.83345566412896,True,1949.8507706840135,260.0,4,4,5.307052764018628,0
187,26559655,835.0,569.3241088817337,True,2872.741885954924,435.0,8,20,19.227955306567047,0
215,14728072,680.0,482.8481343563443,True,2327.9432464449687,340.0,8,40,43.85268518516007,5
265,2191588310,270.0,261.94786139440896,True,936.2715267847765,85.0,2,5,2.792275966843838,0
225,1667203543,730.0,524.2878121141517,True,2589.0132163191543,360.0,7,35,51.47073670157354,16
279,4956890447,1020.0,701.657368509014,True,3706.4414216067885,525.0,8,21,22.63031594306309,0
79,4927544936,1000.0,673.3977533189332,True,3528.405845909282,525.0,10,15,16.208985883310742,0
210,6270734170,885.0,610.4811571880331,True,3132.031290284609,455.0,14,17,18.329008172435937,0
112,8097790920,860.0,582.372968449244,True,2954.9497012302368,450.0,11,11,11.990612219117256,0
230,25473293,220.0,214.25328560899834,True,635.7956993366893,70.0,3,4,3.8927978135681083,0
166,289996665,780.0,567.3235730274401,True,2860.138510072869,380.0,9,9,11.913850764879482,0
275,25532839,110.0,168.58448415499456,False,348.0822501764656,0.0,0,0,0.0,0
30,25476020,1280.0,846.8746399990047,True,4621.310231993731,685.0,12,15,16.871415198187037,0
40,108045,790.0,577.2020415318143,True,2922.3728616504277,385.0,9,13,12.879694232874478,0
141,1667118119,300.0,276.25113863420694,True,1026.3821733955033,105.0,2,3,2.9302609792821093,0
190,25533438,330.0,276.3120764316222,True,1026.7660815192194,135.0,3,19,23.492328978861977,0
282,107806,215.0,220.2237243934352,False,673.4094636786415,60.0,1,7,10.24836739308463,4
286,6410407480,635.0,470.0257067725977,True,2247.1619526673644,305.0,4,12,7.297036625483607,0
203,108293,1185.0,783.0234777782065,True,4219.047910002697,635.0,10,31,30.285681931549657,0
199,108258,405.0,344.3342491289032,True,1455.3057695120897,160.0,4,14,13.113138876666133,0
132,12650816262,1355.0,882.0580429429756,True,4842.965670540759,735.0,13,10,10.278316283377976,0
156,26848680,475.0,368.95703313805495,True,1610.429308769746,215.0,5,8,9.971571658026832,0
229,21533908,980.0,601.1348262298343,True,3073.149405247951,555.0,8,15,16.867592542393584,0
163,11863145,735.0,530.466445633424,True,2627.9386074905706,360.0,5,3,5.399987483014986,0
206,9512933,605.0,443.60368766655415,True,2080.703232299292,290.0,9,6,6.270630378504936,0
70,25505558,890.0,600.2013404395174,True,3067.26844476896,465.0,8,6,7.022162200837107,0
155,1685938740,305.0,281.2886819171741,True,1058.1186960781968,105.0,2,6,10.869048752163513,1
202,881887811,430.0,356.9583704023419,True,1534.8377335347543,180.0,5,4,5.195327674524705,0
24,333722489,490.0,391.86740791723827,True,1754.7646698786016,215.0,6,13,10.723061602743527,0
142,25472348,805.0,563.3585120052095,True,2835.158625632818,410.0,5,7,9.759477446232236,0
154,4211515634,885.0,490.25389194289346,True,2374.599519240229,540.0,6,16,12.044807589869833,0
133,25496815,945.0,666.5534509597345,True,3485.2867410463264,475.0,13,11,10.914642714500898,0
55,9515370,815.0,443.7110655886693,True,2081.3797132086183,675.0,5,9,10.433744646398106,0
290,2482696992,740.0,528.1570801608053,True,2613.3896050130734,740.0,8,24,20.37473074883309,0
75,1852698146,460.0,375.12880011222893,True,1649.311440707042,195.0,3,2,4.695278482319642,0
251,2214979329,625.0,472.8236323515904,True,2264.788883815021,290.0,3,16,15.119519819528712,0
73,2271422636,755.0,558.2330009078715,True,2802.8679057195927,360.0,6,10,8.264321901435624,0
18,255562,490.0,371.22805566520134,True,1624.7367506907678,230.0,3,10,13.944866045269109,0
15,5244680779,540.0,413.71661805139655,True,1892.4146937237983,250.0,11,14,12.09936182093597,0
74,25500900,425.0,356.8863278105701,True,1534.3838652065915,175.0,3,8,7.285912106313306,0
77,21665585,715.0,445.02014238785284,True,2089.626897043473,445.0,7,22,18.373796895968656,0
194,21533913,175.0,198.43599765958405,False,536.1467852553793,35.0,0,0,0.5003011544514444,0
224,2919558521,590.0,415.7983135033134,True,1905.529375070874,295.0,4,8,7.368601391502371,0
65,25256616,860.0,609.4657569612854,True,3125.6342688560967,430.0,10,15,18.095966650832064,0
271,2586635284,555.0,434.44356382064996,True,2022.9944520700942,250.0,9,2,5.331697584457954,0
81,4222962219,1165.0,651.3732139090176,True,3389.6512476268067,705.0,6,15,14.778255660232471,0
102,25544143,810.0,444.5627348932049,True,2086.7452298271937,495.0,7,18,9.52304047702825,0
287,1685938740,640.0,479.63243480797985,True,2307.6843392902747,300.0,7,24,21.984920488897455,0
245,9512935,975.0,625.4573539097162,True,3226.3813296312132,605.0,11,25,17.661838880674175,0
195,105511,1070.0,689.1963889287078,True,3627.9372502508577,585.0,11,9,10.72076401099817,0
192,2453162764,785.0,555.1899629819035,True,2783.6967667859917,395.0,3,12,14.406661070439196,0
220,2131643980,785.0,542.15872467411,True,2701.5999654468933,405.0,10,13,15.401496186597939,0
162,1684410087,285.0,275.7762100037267,True,1023.3901230234777,90.0,2,12,15.671588104087151,0
240,6214704104,620.0,384.3104878076307,True,1707.1560731880732,490.0,3,20,22.241454013056448,0
205,107793,255.0,249.39434464933493,True,857.1843712908101,80.0,1,15,16.484074505231163,0
19,25473293,625.0,448.4645729598976,True,2111.3268096473544,320.0,6,21,20.095395541752424,0
167,4216274136,375.0,324.91875811702835,True,1332.9881761372783,145.0,1,4,2.1066315765594434,0
209,9966771334,580.0,355.62136483197526,True,1526.4145984414436,470.0,6,20,11.62805163914319,0
108,4457798822,600.0,453.4081187303369,True,2142.4711480011238,280.0,7,24,23.25804036852044,0
4,25256256,715.0,515.5145057863407,True,2533.7413864539476,350.0,8,16,12.35751957585957,0
200,109838,635.0,473.69979055922096,True,2270.308680523093,300.0,5,35,41.41246452120265,0
259,21533908,750.0,531.8725822410352,True,2636.79726811852,375.0,8,57,78.07731134079914,23
86,677445939,735.0,526.241000559581,True,2601.3183035253614,365.0,1,13,8.54229616600097,0
50,4211515634,650.0,493.479603368181,True,2394.9215012195414,300.0,6,13,18.458116531916893,0
218,25522558,940.0,556.0784754925247,True,2789.294395602904,825.0,7,26,25.372688297927066,0
234,2622783492,475.0,375.2156474106604,True,1649.8585786871604,210.0,4,30,48.517865116892935,9
270,6313624586,470.0,381.84389672401124,True,1691.6165493612712,200.0,3,9,7.717479067285148,0
215,1684410105,145.0,180.74907011107425,False,424.7191416997676,15.0,1,0,0.5957665204626709,0
178,25306041,740.0,519.1318406536903,True,2556.53059611825,375.0,3,17,17.394160759041366,0
182,4347844132,350.0,309.1009606360728,True,1233.336052007258,130.0,3,6,7.400811423062581,0
3,1614926320,1365.0,758.0709480644883,True,4061.8469728062673,845.0,10,23,18.639340529837824,0
32,4211515634,1510.0,841.0289978584468,True,4584.48268650821,955.0,7,29,37.873195486789015,0
95,21665583,690.0,497.6123338262674,True,2420.957703105484,690.0,5,24,34.41762732928093,4
237,25306041,440.0,367.4186311212251,True,1600.7373760637183,180.0,5,3,2.334532474617541,0
131,102025,1335.0,829.8539902903256,True,4514.080138829051,750.0,13,11,14.747474252792502,0
232,9046520718,210.0,217.17384470520918,False,654.1952216428178,55.0,1,2,4.210618853453834,0
173,25473291,220.0,227.20865955415877,False,717.4145551912003,75.0,1,5,5.169474130588672,0
1,10996228332,590.0,312.5949841101434,True,1255.3483998939057,460.0,2,4,8.47440773685255,0
22,1684410086,500.0,402.09969782242723,True,1819.228096281292,215.0,3,23,27.381219295216685,7
184,8421658424,1095.0,719.6676984413173,True,3819.9065001802996,590.0,13,9,9.183113510691589,0
135,25473284,390.0,291.45601302064966,True,1122.1728820300928,195.0,3,6,11.925049250223317,3
188,9791482,290.0,264.2377622497277,True,950.6979021732847,105.0,2,11,13.775956156860408,2
212,25544131,560.0,425.2827685630942,True,1965.2814419474926,260.0,5,12,13.89616588605731,0
267,9512937,560.0,398.4120204568438,True,1795.9957288781154,290.0,7,18,12.92110653692136,0
37,5932875003,885.0,491.2567461005125,True,2380.9175004332315,540.0,8,11,11.788699941446176,0
171,26652119,220.0,228.1779222238968,False,723.5209100105495,60.0,3,5,3.300870975646908,0
120,25502541,445.0,348.76565743682437,True,1483.2236418519935,200.0,4,15,11.168956884753152,0
140,5393414954,665.0,495.4711199695313,True,2407.4680558080477,665.0,8,35,33.55371288400149,0
29,25544130,805.0,574.6544618109214,True,2906.323109408804,400.0,8,22,21.340039536117477,0
72,25544143,765.0,544.3846750342634,True,2715.6234527158595,380.0,11,15,13.419233107682537,0
88,14727249,265.0,255.01694121886322,True,892.6067296788381,85.0,2,6,5.028603334316001,0
52,107831,235.0,240.5854381309322,False,801.6882602248727,65.0,3,13,23.80538829161596,7
128,109838,885.0,606.2491400559453,True,3105.369582352457,460.0,7,42,43.10858557194948,0
13,742854915,765.0,548.2152634315329,True,2739.756159618653,380.0,15,15,22.121502802141276,2
46,25502540,940.0,603.4769862326253,True,3087.9050132655398,515.0,13,7,6.616015990088345,0
264,1614926320,840.0,463.51383334752455,True,2206.137150089406,645.0,9,6,10.575138185256959,0
207,2129184256,830.0,563.3173997335691,True,2834.8996183214863,435.0,6,1,5.879104126669699,0
150,9262072924,450.0,372.47655281587623,True,1632.60228274002,185.0,2,18,21.98113376696844,5
193,108300,1045.0,693.7064810758258,True,3656.3508307776997,555.0,13,37,29.41114477031304,0
7,107863,1285.0,766.5513350619168,True,4115.273410890068,755.0,10,17,17.3206954622339,0
164,101995,725.0,531.6198931615583,True,2635.2053269178145,350.0,5,31,53.12366095969477,20
217,25495513,750.0,526.1618138766095,True,2600.819427422641,380.0,4,15,16.843800457882697,0
153,6355365939,255.0,256.7969533164679,False,903.820805893748,75.0,4,4,3.4035260536919156,0
149,9791495,545.0,426.94407162126015,True,1975.7476512139374,245.0,6,3,6.4967189266709,0
157,452514276,955.0,656.3023208114829,True,3420.7046211123434,495.0,8,49,49.658214398899275,0
43,1691133712,625.0,405.96970364092584,True,1843.6091329378323,500.0,5,10,10.477262940910219,0
211,25533613,660.0,472.5963774946473,True,2263.3571782162785,325.0,10,8,14.053841042221169,0
62,102031,855.0,633.004178286005,True,3273.9263232018334,410.0,9,5,11.093820929907306,0
214,1493424643,850.0,561.2059476412826,True,2821.597470140078,520.0,10,11,13.402844788549851,0
172,26652351,360.0,308.21650109760316,True,1227.7639569149,160.0,4,8,6.202825412609016,0
92,107809,755.0,546.9713141365451,True,2731.919279060239,370.0,5,5,7.673618337552895,0
87,2271422636,565.0,420.4190813348977,True,1934.6402124098552,270.0,5,29,45.65134565747139,17
14,1614978621,865.0,593.9622111838687,True,3027.961930458375,445.0,2,11,14.287275794874352,0
222,25531001,385.0,324.27443543783306,True,1328.9289432583491,155.0,2,11,11.192287901159798,0
252,25544136,555.0,410.23472225352276,True,1870.478750197194,265.0,10,7,5.603593967479162,0
101,21666007,450.0,364.8948827467028,True,1584.837761304228,190.0,7,11,9.393806286909152,0
127,5393414954,710.0,494.90552902964083,True,2403.9048328867366,710.0,5,18,17.726509742495065,0
113,25495442,710.0,494.80308976458105,True,2403.259465516862,360.0,7,12,11.559486817216373,0
69,1667203491,870.0,589.135139580951,True,2997.5513793599907,455.0,14,16,16.61487123428174,0
15,9167793401,205.0,226.0863179533252,False,710.3438031059484,45.0,5,1,1.1983692728230906,0
250,333719185,910.0,621.1046696519824,True,3198.959418807492,475.0,10,2,5.682750301807077,0
93,4956890447,885.0,618.559063236318,True,3182.9220983888044,450.0,6,26,23.099025332230884,0
276,4174200043,605.0,450.39744080103134,True,2123.5038770464967,285.0,6,14,16.299990128998726,0
45,110009,1445.0,872.9021388871356,True,4785.283474988956,830.0,17,19,19.261251756872216,0
165,1684410094,1195.0,655.8648734919519,True,3417.9487029992843,760.0,10,40,38.54605953261725,0
44,25476020,725.0,502.2774692950921,True,2450.3480565590803,370.0,7,5,2.9984706994708064,0
161,12563565934,1245.0,764.8279610553708,True,4104.416154648834,705.0,13,26,34.847397604056084,0
275,107801,280.0,263.9639770250422,True,948.9730552577655,95.0,2,8,5.952539962887816,0
108,273194,160.0,194.43385988336317,False,510.93331726518795,20.0,2,2,0.7792836756082802,0
96,7787603288,460.0,378.46902981851565,True,1670.3548878566478,195.0,4,4,4.505469548048321,0
246,8421658424,380.0,320.86593210432676,True,1307.4553722572587,155.0,2,3,5.000146848060757,0
76,9515387,310.0,290.76374366390246,True,1117.811585082585,105.0,2,14,10.821798923759589,0
158,21665912,680.0,499.03328911637783,True,2429.90972143318,330.0,8,12,10.04366365765528,0
174,1667203511,1305.0,709.3458914630577,True,3754.879116217252,830.0,11,46,41.47571384970364,0
191,255564,370.0,322.340482834291,True,1316.7450418560334,140.0,7,9,10.762584472331746,0
248,5387300688,580.0,402.1856525732947,True,1819.7696112117555,295.0,3,33,35.75624065308888,0
16,10574746,740.0,527.929510445529,True,2611.9559158068314,370.0,8,20,21.57229794327858,0
51,334688530,680.0,508.9514722461138,True,2492.394275150517,320.0,6,21,16.44895577964132,0
54,25507334,925.0,640.393356515763,True,3320.4781460493055,475.0,6,23,23.518523901224093,0
9,452486137,850.0,570.6856113180692,True,2881.3193513038314,455.0,10,20,21.04963766407772,3
255,454373621,385.0,330.5065319158805,True,1368.1911510700475,150.0,1,5,5.758322003284621,0
6,5266874223,930.0,609.82713940552,True,3127.9109782547794,500.0,8,38,52.404542973777126,0
111,6049524394,835.0,563.1595234599097,True,2833.904997797427,440.0,8,14,20.235226905163618,0
254,12652780908,695.0,520.1536324193183,True,2562.9678842417034,330.0,5,9,7.825772164960979,0
90,1607738730,1215.0,665.8912183785411,True,3481.114675784799,745.0,7,15,14.461797812248985,0
261,107790,990.0,503.0618037199672,True,2455.2893634357947,705.0,5,13,16.43833752613947,0
61,1678452758,535.0,370.5417795192446,True,1620.4132109712407,275.0,5,34,39.51991976613885,0
35,11707733695,525.0,406.8475582257417,True,1849.1396168221736,240.0,3,11,11.304314938325227,0
251,9791487,290.0,269.2977847400819,True,982.576043862516,100.0,3,4,4.2093214009360045,0
41,1694551549,750.0,534.4522856864519,True,2653.049399824645,375.0,6,13,12.7630752636946,0
227,282686499,955.0,638.6712244085328,True,3309.6287137737636,505.0,10,14,12.649568035865933,0
84,294651409,1375.0,774.5588822848207,True,4165.72095839436,830.0,15,16,19.0826782962286,0
5,25498827,360.0,318.476660375601,True,1292.4029603662873,135.0,3,0,1.8258863453946859,0
263,21590631,635.0,468.9886493425857,True,2240.6284908582875,305.0,9,4,4.1595407904257575,0
133,1614926340,305.0,279.69978127228063,True,1048.1086220153677,105.0,6,7,3.319172249218353,0
58,21533911,590.0,454.6782344514095,True,2150.4728770438796,270.0,12,7,8.844293867495209,0
20,25532328,970.0,657.2006189113448,True,3426.363899141469,505.0,7,11,12.879138330737717,0
179,107786,675.0,479.31116734624493,True,2305.660354281343,370.0,7,9,8.05237219840538,0
187,21665114,370.0,291.2895041580196,True,1121.123876195523,210.0,4,14,15.918699611075166,0
59,9512937,890.0,493.89230500942614,True,2397.5215215593885,540.0,12,10,10.427505397268485,0
139,6762589361,675.0,496.1728058782436,True,2411.8886770329354,325.0,7,14,17.691960172373992,0
239,25532841,505.0,399.9643322213768,True,1805.7752929946735,225.0,5,6,5.049499311371696,0
271,107812,285.0,263.9764327110505,True,949.0515260796179,100.0,2,3,5.324658576632894,0
64,21665367,415.0,315.0193373320249,True,1270.6218251917574,225.0,2,10,8.900552466811144,0
130,11052055754,660.0,480.4557171801747,True,2312.871018235101,320.0,6,15,13.200129072615802,0
95,108060,230.0,239.11715506475582,False,792.4380769079612,60.0,2,2,2.0029262831502,0
97,11747638084,860.0,617.420878812337,True,3175.7515365177283,425.0,11,4,6.887127274015419,0
163,5339077115,360.0,311.93470545778774,True,1251.1886443840626,140.0,4,13,21.23429054616911,3
265,7684091166,405.0,346.4058431045572,True,1468.3568115587113,160.0,6,12,17.453227376990853,3
47,21665000,555.0,415.41458275685255,True,1903.111871368171,310.0,10,18,19.14997363423995,0
17,265124953,560.0,441.0871118415588,True,2064.8488046018197,250.0,8,12,8.780287735444723,0
260,25544136,640.0,453.6397979210103,True,2143.9307269023648,320.0,9,20,19.702664476691776,0
243,10264011826,440.0,357.86725153016863,True,1540.563684640062,185.0,6,5,3.3702977470550533,0
83,25257321,530.0,418.50023569170287,True,1922.5514848577288,235.0,5,26,37.44335911673873,10
10,5487714091,605.0,412.47659699884053,True,1884.6025610926959,350.0,6,12,13.870095811722155,0
27,2271434264,925.0,625.1854697089165,True,3224.6684591661733,485.0,5,7,11.18054719015839,0
213,271242424,1075.0,619.575231724838,True,3189.323959866484,705.0,11,6,2.8520378069845718,0
238,2214979349,890.0,599.7400052411441,True,3064.3620330192102,470.0,8,21,18.27501764030756,0
118,2440630566,1040.0,717.2540167397917,True,3804.700305460687,535.0,10,23,19.61065765679918,0
231,12265050664,1415.0,768.2325663308101,True,4125.865167884091,875.0,8,37,41.12399811598383,0
216,255562,760.0,445.40797780384753,True,2092.0702601642383,445.0,4,15,14.004850899622625,0
195,25473373,340.0,306.0970354270122,True,1214.4113231901767,125.0,3,5,3.7067324573365474,0
38,5568839679,930.0,531.8027749390743,True,2636.357482116171,565.0,10,9,13.867334409057454,0
182,21665590,300.0,280.9678989854812,True,1056.0977636085317,100.0,4,7,4.797239623660218,0
206,3456413131,415.0,354.2794598318727,True,1517.960596940797,165.0,4,4,2.7966059780806516,0
124,26848675,615.0,454.2910428499515,True,2148.0335699546945,295.0,7,5,8.419287073667252,0
196,25473616,570.0,450.7310143040979,True,2125.6053901158166,250.0,2,0,4.107200372480038,0
209,13607965455,340.0,301.62631384549314,True,1186.2457772266066,125.0,4,7,5.343545870934207,0
228,9512935,670.0,481.71444679066923,True,2320.801014781219,335.0,5,10,11.78579942895813,1
116,4303455913,975.0,571.2849376214486,True,2885.0951070151214,575.0,4,16,17.702519512528262,0
66,14069254029,1190.0,697.5025707784005,True,3680.266195903915,705.0,18,42,43.568762585855204,0
273,1493424644,1175.0,620.7392752937193,True,3196.65743435043,870.0,8,10,18.672823932415916,0
170,4249404285,520.0,415.44893778478394,True,1903.3283080441392,225.0,7,4,6.980613069045326,0
49,2441107350,595.0,451.00945149956294,True,2127.3595444472458,275.0,2,13,14.129366167347715,0
225,742854915,475.0,380.5307033864216,True,1683.3434313344565,205.0,7,17,24.86195116048166,3
117,8097790920,715.0,505.64925516935284,True,2471.590307566922,360.0,5,18,17.10095842064817,0
2,1832666009,815.0,557.9124027251081,True,2800.8481371681805,420.0,10,8,6.5021776516070116,0
85,25498827,1165.0,787.903207384901,True,4249.790206524879,610.0,17,29,34.02649100393077,0
121,25502540,600.0,446.02774792651604,True,2095.974811937052,285.0,7,15,13.807467211906932,0
111,9521029,155.0,194.92371164876354,False,514.0193833872102,15.0,0,1,0.5847132099344775,0
89,9515387,780.0,554.5701293070422,True,2779.7918146343654,390.0,5,16,14.963735823540135,0
125,1684410105,610.0,470.1678232181139,True,2248.0572862741174,280.0,16,6,9.45378984865161,0
283,9295694734,870.0,592.7708179885209,True,3020.456153327685,470.0,2,14,14.197259180710422,0
21,500486430,840.0,553.9841899580857,True,2776.100396735937,525.0,7,15,15.17109995036588,0
188,25533578,320.0,288.7248846209258,True,1104.9667731118332,115.0,4,6,4.791198677543891,0
199,5244680779,470.0,358.2662804916537,True,1543.077567097417,230.0,5,3,3.7617387880800552,0
129,881887811,510.0,407.29230875469653,True,1851.9415451545876,220.0,7,9,5.490273237319756,0
57,8916243,530.0,416.1305651846223,True,1907.622560663121,235.0,3,30,33.14191444109347,0
186,292252720,1160.0,732.0949395906994,True,3898.1981194214054,645.0,14,38,30.91895952716712,0
147,26559368,670.0,489.39460136549485,True,2369.1859886026177,325.0,6,12,13.563467961917151,0
219,107715,1185.0,806.0642711117664,True,4364.204908004132,620.0,14,16,18.24352328869157,0
176,11863161,1405.0,755.7725258398611,True,4047.366912791117,880.0,12,22,26.897096105306872,0
37,26699545,330.0,294.80497527329976,True,1143.2713442217882,120.0,8,7,7.246767833660895,0
151,25472874,1095.0,589.503638794706,True,2999.8729244066512,685.0,9,10,12.933590482922861,0
146,21665000,1085.0,557.3174416258452,True,2797.099882242827,865.0,5,16,20.36027936450219,0
68,107995,610.0,467.8024522853283,True,2233.155449397568,280.0,11,4,3.9423914214627946,0
160,25533438,925.0,633.6025343985683,True,3277.695966710982,480.0,12,10,14.289431729088884,0
108,9512926,225.0,234.90374109100156,False,765.8935688733097,60.0,2,0,2.9229716697106816,0
91,9512926,615.0,456.58459244005576,True,2162.4829323723516,295.0,1,7,6.713472562587014,0
233,21704017,750.0,486.8712082190882,True,2353.288611780255,405.0,9,18,19.470114101924434,0
82,108902,965.0,537.8997949092105,True,2674.7687079280304,600.0,6,10,10.01758161755029,0
270,108258,385.0,310.70637231849577,True,1243.4501456065227,165.0,3,7,7.451142216971609,0
7,9521022,305.0,272.7889096431314,True,1004.5701307517278,135.0,6,6,7.330359219158276,0
269,21590631,940.0,516.9207373442582,True,2542.6006452688284,645.0,7,17,11.249346960645205,0
284,5811245211,920.0,562.6603466107645,True,2830.760183647817,555.0,6,14,19.472074305741664,0
291,25257810,950.0,617.114485629004,True,3173.821259462725,515.0,5,13,21.381750361042062,0
180,25500758,1350.0,693.1031066850161,True,3652.549572115592,900.0,10,25,30.36912258495839,5
159,1666324140,700.0,516.6094803791761,True,2540.6397263888084,335.0,2,11,10.197540955715539,0
185,2441998875,780.0,547.9676823242402,True,2738.1963986427104,395.0,9,10,10.31511919739273,0
192,25532843,430.0,343.93580034564576,True,1452.795542177569,185.0,3,18,19.82893691660362,5
274,25257808,740.0,535.233555865343,True,2657.9714019516578,365.0,9,26,19.873542310501474,0
247,25505558,660.0,455.83548706986926,True,2157.763568540175,340.0,3,6,8.046663654660787,0
252,6273263209,285.0,256.8078778923803,True,903.8896307219957,105.0,3,5,4.089968132102832,0
99,915410145,850.0,565.728093447034,True,2850.0869887163126,465.0,11,12,11.741169218157752,0
226,844784035,1060.0,686.8497339944732,True,3613.1533241651814,575.0,10,23,21.476558224325622,1
181,21665965,795.0,557.0565873601213,True,2795.4565003687653,405.0,11,8,7.300031545285228,0
202,21665911,520.0,404.83827831043203,True,1836.4811533557222,520.0,3,35,34.360324456949016,0
98,108070,575.0,454.2079478477988,True,2147.5100714411324,255.0,5,16,16.20617240142224,0
143,452486137,1075.0,729.9284889346899,True,3884.549480288544,565.0,12,28,25.04075660495141,0
289,107349,1205.0,693.3258825941446,True,3653.9530603430994,715.0,6,14,19.596491327071565,0
208,109391,605.0,453.89614111727644,True,2145.5456890388423,285.0,7,6,5.206684972297204,0
48,108258,665.0,478.1697736234005,True,2298.469573827423,330.0,5,19,22.339292923769303,4
36,591983272,600.0,462.9520225396984,True,2202.5977420001004,275.0,8,24,21.152085553824353,3
255,4457798822,250.0,250.80443436678632,False,866.0679365107535,70.0,1,2,1.1510388379690255,0
31,7223638134,830.0,570.8760596593621,True,2882.51917585398,430.0,8,14,10.804112813627047,0
198,6273263209,845.0,543.1272362692324,True,2707.701588496163,460.0,7,22,16.76757038465667,0
258,9512922,695.0,495.4342373308357,True,2407.2356951842676,345.0,4,5,9.388220251317197,0
285,11052055761,770.0,561.8332151557462,True,2825.5492554812013,375.0,10,6,7.762390298139258,0
268,7162259986,860.0,616.9495999023361,True,3172.78247938472,425.0,8,11,14.929842977918042,0
33,1667203511,600.0,458.7605391560819,True,2176.1913966833167,275.0,7,6,9.969952488790392,0
272,25476020,885.0,633.381378338013,True,3276.3026835294786,440.0,8,10,11.658471815892616,0
86,25256260,455.0,371.6144389535274,True,1627.170965407223,190.0,5,14,12.908825765630276,0
211,25257618,345.0,309.8842484829244,True,1238.2707654424237,125.0,1,2,2.1521729786525623,0
50,7198096092,455.0,368.0767160172714,True,1604.8833109088105,195.0,2,7,7.8714273179872984,0
205,25472057,470.0,369.2113006098122,True,1612.031193841818,210.0,8,27,27.627401155505307,0
288,25500758,880.0,612.783666729019,True,3146.537100392819,450.0,8,7,9.88427269087873,0
94,110004,1695.0,904.7320206661536,True,4985.811730196756,1330.0,12,63,55.84258710589402,0
42,7737133469,610.0,436.2659255848294,True,2034.4753311844256,300.0,7,9,14.45857847565856,0
114,21392084,1125.0,688.6375170520516,True,3624.416357427927,910.0,10,9,10.246312892791462,0
56,7959928587,610.0,455.05593254498905,True,2152.85237503343,290.0,3,33,33.99589829558495,0
292,2129184285,650.0,497.6634612828794,True,2421.2798060821383,300.0,9,15,16.28177473320143,0
98,1684410076,35.0,128.41406771676387,False,95.0086266156122,0.0,0,0,0.0,0
176,107809,85.0,153.9610383893847,False,255.95454185312354,0.0,1,0,0.0,0
166,4356591932,595.0,457.6193842600562,True,2169.0021208383528,270.0,4,11,10.121424792195283,0
26,6762589361,675.0,511.3128714102473,True,2507.271089884558,315.0,10,24,19.55477360448188,0
11,108293,1330.0,840.027560794609,True,4578.173633006032,740.0,9,30,25.753265764452212,0
123,1835289526,780.0,515.4022967744407,True,2533.034469678977,415.0,8,24,23.720164001903687,0
118,25530312,175.0,208.9871880093305,False,602.6192844587821,25.0,2,4,5.274270604592814,4
281,25533613,660.0,399.23876203915995,True,1801.2042008467092,380.0,8,13,20.73610857791211,0
28,25471086,625.0,465.0313448472621,True,2215.697472537751,295.0,7,8,12.05247587741948,0
47,9512935,200.0,194.262544773746,True,509.8540320745995,110.0,6,16,15.30935710487448,0
143,25501320,50.0,136.98962236586502,False,149.03462090494958,0.0,0,0,0.0,0
8,9178184328,1265.0,691.388470893696,True,3641.7473666302894,1010.0,8,5,2.328175417434284,0
40,109618,610.0,460.62135112507883,True,2187.914512087996,285.0,7,10,7.02368562922791,0
79,452168032,630.0,457.40401121778996,True,2167.645270672076,305.0,3,15,9.588207334271729,0
286,5244680779,605.0,462.51203427272986,True,2199.825815918198,280.0,6,7,6.5855182555414515,0
110,26699543,790.0,504.97191209865923,True,2467.3230462215543,500.0,7,11,11.573666901963222,0
32,281455009,485.0,390.89089720855833,True,1748.6126524139172,210.0,7,7,5.080751463069587,0
287,21665582,545.0,380.39835861921364,True,1682.5096593010458,545.0,7,37,41.218200367394715,0
3,334688535,495.0,401.4212782158196,True,1814.9540527596641,210.0,9,4,7.387517567576386,0
240,4784457202,525.0,416.44240406666944,True,1909.5871456200198,230.0,5,7,3.622425066641009,0
156,255562,615.0,473.6452241151077,True,2269.964911925179,280.0,9,10,9.318345103091396,0
193,1614846702,430.0,355.378271829197,True,1524.8831125239408,180.0,4,8,8.518670131298995,0
236,8772951805,745.0,544.2736995805974,True,2714.9243073577627,360.0,9,7,5.711149797112119,0
144,25533613,1120.0,707.5343242339329,True,3743.4662426737796,620.0,13,28,25.000160655279824,0
261,11863145,325.0,294.5102378885791,True,1141.4144986980484,115.0,1,4,4.76331493085152,0
15,255576,385.0,324.4680288951565,True,1330.148582039486,155.0,5,14,12.913865013588921,0
207,21651908,445.0,344.4091150621867,True,1455.7774248917765,200.0,2,15,12.725267123737678,0
100,25497435,910.0,643.7841231015017,True,3341.83997553946,455.0,17,9,11.735648062678088,0
216,25501288,230.0,237.28167773481667,False,780.8745697293452,60.0,2,3,3.648653370952704,0
119,823745,725.0,522.645138164192,True,2578.6643704344083,355.0,11,11,12.162069051811455,0
77,107786,600.0,442.48885475803706,True,2073.679784975633,305.0,11,10,7.304565130265199,0
125,1611442272,185.0,210.41617216307478,False,611.621884627371,35.0,0,1,0.9255962713469483,0
23,108895,800.0,486.2152179356535,True,2349.1558729946164,455.0,6,15,13.667937343126292,0
109,21665584,755.0,547.9732592139051,True,2738.2315330476013,370.0,10,12,12.214240422268329,0
244,25473408,950.0,632.8007030965397,True,3272.6444295081983,505.0,9,17,14.086944559979038,0
55,5393414954,655.0,449.8024447427181,True,2119.755401879125,655.0,4,38,36.40326980569245,0
24,25471086,665.0,469.1235717665359,True,2241.4785021291764,335.0,8,30,32.59033684668921,6
135,452219937,535.0,417.9303065203854,True,1918.960931078428,240.0,4,15,17.48918129905665,0
72,25256330,515.0,398.4704502866874,True,1796.3638368061302,235.0,2,5,7.9076847133902906,0
172,25256330,460.0,371.9014254630517,True,1628.978980417227,195.0,6,7,9.635483415332015,0
154,5393414954,665.0,501.68009184046133,True,2446.5845785949064,665.0,7,38,36.9197223185918,5
275,107349,420.0,353.62303704175093,True,1513.825133363031,170.0,5,11,15.083705736967941,3
226,3147915554,160.0,197.17284042841945,False,528.1888946990424,20.0,1,1,1.3775268568143362,0
262,9806677456,995.0,555.333454575384,True,2784.6007638249253,605.0,3,16,11.564648380585943,0
259,1666324249,590.0,456.23004840018257,True,2160.2493049211503,270.0,6,7,5.582558286866336,0
82,1694551549,200.0,216.1074321695059,False,647.4768226678873,45.0,3,1,2.527323268824398,0
10,3764054180,300.0,268.9290650745401,True,980.2531099696024,110.0,3,14,16.546191304165347,0
60,8784101792,1460.0,829.0311210531383,True,4508.89606263477,880.0,17,37,43.09356120963691,0
115,9512924,970.0,631.0648071216002,True,3261.7082848660825,525.0,8,12,10.213582107079782,0
175,1667203485,875.0,613.1514963900058,True,3148.8544272570384,445.0,10,15,17.957716087446336,0
233,107812,205.0,223.13331510535752,False,691.739885163752,45.0,3,6,6.24264014806008,0
189,881887811,965.0,640.5130417281655,True,3321.2321628874383,515.0,14,16,22.335711496584675,0
223,107786,910.0,616.1542362095057,True,3167.771688119883,510.0,10,16,12.834888123621905,0
248,5932856691,425.0,350.2406655046335,True,1492.516192679191,180.0,7,2,3.4075404849194397,0
52,25544143,545.0,389.1191861628171,True,1737.450872825748,330.0,7,4,6.358091253814967,0
201,313181126,1230.0,686.049176390654,True,3608.10981126111,745.0,9,18,14.979838654415989,0
179,255576,380.0,329.3378040170711,True,1360.8281653075487,145.0,4,1,2.911609807397731,0
53,25507041,795.0,566.9734338463792,True,2857.93263323219,395.0,8,13,13.922488634898054,0
168,25472057,1095.0,630.2025485141116,True,3256.2760556389,650.0,6,16,17.705755932079306,0
138,25524248,1075.0,759.8850770636055,True,4073.2759855007143,540.0,11,21,15.073632440165257,0
167,280412704,630.0,345.8582140295836,True,1464.9067483863794,545.0,4,17,13.258706034506137,0
90,266481785,425.0,350.9819827701709,True,1497.1864914520759,175.0,4,9,4.010237131086334,0
212,9294989287,580.0,411.40171816409696,True,1877.8308244338116,290.0,2,13,12.694099418722692,0
241,1614926348,900.0,612.0378971431925,True,3141.83875200211,470.0,14,26,23.09658069666907,0
278,811961032,995.0,619.9505160214794,True,3191.6882509353195,560.0,12,7,8.541151637214421,0
200,25257309,640.0,433.678117816626,True,2018.1721422447433,455.0,2,11,9.646884448725814,0
238,4702603699,330.0,292.1106188743168,True,1126.2968989081955,125.0,1,3,4.779401637176732,0
227,107799,405.0,325.16090354061964,True,1334.5136923059042,175.0,4,21,24.332386367833074,3
126,25470903,1205.0,805.8639152382381,True,4362.942666000898,640.0,11,14,11.935981086605695,0
39,25472589,1275.0,822.9557385491563,True,4470.621152859687,695.0,14,12,11.753805409513124,0
63,452396959,1190.0,669.3882433651837,True,3503.1459332006602,720.0,5,3,2.499698243479337,0
34,1607738730,880.0,620.4259604065302,True,3194.6835505611393,445.0,10,20,18.10202128695767,0
247,823745,220.0,234.90917857186014,False,765.9278250027186,55.0,5,1,1.5466499733071428,0
80,26591525,1005.0,698.7298077589957,True,3687.997788881671,515.0,13,18,17.02463374826786,0
87,7261577394,535.0,408.092759724917,True,1856.9843862669775,245.0,3,14,15.16371831523712,0
104,3442281747,835.0,598.9015616568394,True,3059.0798384380896,415.0,11,17,12.658309646220275,0
61,168272,455.0,363.7878390484481,True,1577.8633860052232,200.0,3,6,4.72622165306964,0
102,25257272,695.0,506.96314794414053,True,2479.8678320480853,340.0,8,27,30.013318902378096,3
280,107809,890.0,595.9971187752407,True,3040.7818482840185,490.0,8,13,12.323941223747198,0
232,21665965,630.0,476.6999177606933,True,2289.2094818923665,295.0,7,5,6.582277631166906,0
237,14069254031,630.0,470.803729470267,True,2252.0634956626795,300.0,12,9,16.243362478035092,0
25,3567188470,1570.0,889.2397062639309,True,4888.210149462754,945.0,16,51,47.762716723392344,0
134,1115431319,970.0,640.0734418808443,True,3318.4626838493195,520.0,9,14,16.878091475635333,0
253,21665031,955.0,525.4303845195989,True,2596.2114224734755,585.0,5,7,9.724066570835088,0
99,25474664,240.0,247.82812830597538,False,847.3172083276447,65.0,1,2,2.142833591313446,0
249,9512937,990.0,641.1284553712172,True,3325.1092688386702,545.0,8,22,24.02294689571553,1
183,1232048350,1270.0,825.166245248991,True,4484.5473450686395,690.0,14,28,27.388116377054768,0
74,1684410086,735.0,522.748781371443,True,2579.317322640089,365.0,6,6,10.200204121244692,0
256,1611082164,840.0,588.8814846035638,True,2995.953353002451,425.0,14,11,12.031523630976722,0
161,1927220454,520.0,406.5660295030892,True,1847.365985869463,235.0,10,12,10.674960132686904,0
235,771982972,1155.0,637.9883677491484,True,3305.3267168196235,715.0,9,32,33.58794047635515,1
96,4956890447,520.0,422.8522577300342,True,1949.969223699214,220.0,3,5,5.402863738169096,0
13,107797,620.0,464.5578864501466,True,2212.7146846359233,290.0,6,21,19.00558812467864,0
141,1694551560,800.0,556.1844576596765,True,2789.9620832559644,410.0,13,9,10.444038923625369,0
71,9512926,1065.0,580.6289216151316,True,2943.9622061753216,705.0,10,27,31.112848220910397,0
245,4174200026,725.0,515.5362441477364,True,2533.878338130737,360.0,12,31,40.33631694247383,6
27,9791495,400.0,325.49954157437196,True,1336.6471119185437,170.0,4,7,6.794657838574333,0
67,4116205016,1140.0,767.8206472266796,True,4123.270077528077,600.0,12,40,37.973026266864075,0
133,25502829,470.0,343.3369358437363,True,1449.022695815539,225.0,1,4,3.966301174139088,0
230,1667118171,825.0,580.1918509106798,True,2941.208660737283,415.0,9,16,14.787256371964904,0
93,1684410086,550.0,421.91316942228553,True,1944.0529673603987,250.0,3,8,7.44742190924169,0
59,26652357,460.0,372.2488015009388,True,1631.1674494559145,205.0,6,6,6.633455610810403,0
270,185620586,305.0,281.7515689153451,True,1061.0348841666741,105.0,3,3,4.170986608206651,0
1,1667203485,670.0,494.55491703629133,True,2401.695977328639,320.0,6,13,10.786697610629561,0
106,9521029,1125.0,609.3855771977318,True,3125.1291363456994,695.0,5,34,33.13081557731786,0
9,1607738730,530.0,416.3447430320853,True,1908.9718811021369,235.0,2,10,10.338039613003914,0
210,371564817,850.0,581.0696349697587,True,2946.7387003094827,440.0,5,16,14.924704762729794,0
64,108236,470.0,341.0357883711637,True,1434.5254667383306,230.0,4,14,10.056391345879977,0
269,14791188,325.0,295.0092388816831,True,1144.5582049546035,115.0,3,2,3.3492636160258207,0
267,11707733694,685.0,496.88866532054027,True,2416.3985915194044,335.0,11,15,12.733662174859324,0
184,108059,690.0,509.93268564872875,True,2498.575919586993,345.0,11,15,11.157251242101408,0
195,14958918,420.0,351.14441515567154,True,1498.2098154807304,170.0,3,5,3.84524104241827,0
43,1630526800,625.0,455.2539967474687,True,2154.100179509053,310.0,4,15,12.845952586795,0
125,14728072,190.0,214.58492539979687,False,637.8850300187199,35.0,4,0,0.0,0
122,771982972,1040.0,585.5529351294906,True,2974.983491315781,645.0,7,39,43.27554749078134,7
18,1231977962,805.0,561.2097145784039,True,2821.6212018439423,410.0,5,20,18.61769817547399,0
190,5568839679,855.0,549.982420393759,True,2750.889248480679,545.0,10,14,16.331283086284724,0
30,9512924,865.0,575.195759306934,True,2909.733283633685,510.0,11,16,19.72478931484068,0
69,2191480791,595.0,460.97195292647854,True,2190.1233034368147,270.0,8,3,4.670248960858774,0
75,2214957485,820.0,545.6572375835141,True,2723.6405967761402,435.0,6,10,10.211242831436403,0
21,194250,375.0,322.1282316408803,True,1315.407859337546,145.0,6,5,4.952935859223803,0
84,60728181,525.0,399.31020814821414,True,1801.6543113337493,250.0,4,11,13.11938764717837,0
177,972535576,925.0,651.5198493866786,True,3390.5750511360716,465.0,11,13,14.79394342756772,0
54,435144778,575.0,440.0352293171173,True,2058.2219446978397,265.0,3,6,10.393079382136683,0
145,10983187054,970.0,599.8852116246387,True,3065.2768332352193,550.0,13,11,10.795596617467217,0
264,3764054180,685.0,357.93662741696096,True,1541.0007527268551,555.0,5,10,10.459775269746121,0
101,26559655,635.0,477.07982113574997,True,2291.6028731552265,305.0,7,14,12.119160415702757,0
136,1684410143,1000.0,661.5909870702725,True,3454.0232185427167,535.0,9,18,14.530733013038757,0
46,107786,700.0,431.21176488246357,True,2002.6341187595206,395.0,5,2,6.504500104350712,0
38,371564817,460.0,374.7121882818761,True,1646.6867861758192,195.0,4,20,24.28265797287506,5
155,1684410105,870.0,603.7168032698698,True,3089.4158606001824,445.0,6,19,15.436375326216346,0
112,25544130,910.0,625.449531739608,True,3226.3320499595316,470.0,8,19,16.299475467882054,0
276,1598214606,635.0,479.1492976482944,True,2304.6405751842535,295.0,9,4,5.472284288710106,0
207,108045,250.0,244.96497071172442,True,829.2793154838635,75.0,1,2,2.1170641480201415,0
254,26845543,600.0,448.65803614187104,True,2112.545627693787,285.0,8,18,18.79696540722051,0
131,9791495,765.0,551.8533096176783,True,2762.6758505913754,375.0,7,19,13.763163788592056,0
243,107807,515.0,400.4585695287109,True,1808.8889880308786,235.0,9,4,5.6341788339093375,0
291,7889967240,400.0,335.49516244385813,True,1399.619523396307,165.0,2,0,1.4213587598980626,0
132,9512915,905.0,605.8036051575695,True,3102.5627124926873,495.0,10,19,17.359615951423173,0
290,12437824276,885.0,488.0184743802659,True,2360.5163885956786,545.0,6,13,10.040312877295284,0
272,26699543,355.0,308.6054859632639,True,1230.2145615685627,135.0,4,1,2.4988743730210228,0
164,25377990,725.0,527.4472542991626,True,2608.917702084726,355.0,6,2,3.953327966326045,0
197,6183125372,1390.0,834.9900378737254,True,4546.4372386044715,805.0,18,29,32.863561058481146,5
161,25472806,135.0,180.1504782814669,False,420.9480131732413,5.0,0,0,0.16234160985389035,0
73,12650816262,900.0,494.62743587310115,True,2402.152846000539,595.0,8,12,10.221559548400688,0
215,452589682,820.0,487.8613029835572,True,2359.5262087964156,475.0,5,14,12.032423929784864,0
19,1694551549,850.0,539.7427091019675,True,2686.379067342397,470.0,15,3,4.9100381072036665,0
32,2271434264,325.0,290.0886783501898,True,1113.5586736061955,120.0,4,3,4.442491467772283,0
214,25377989,725.0,534.8992509358211,True,2655.86528089567,350.0,9,22,20.8276434514931,0
173,25471086,805.0,437.0949741449839,True,2039.6983371134,670.0,8,10,10.433614239538068,0
118,9515387,355.0,309.69966266641615,True,1237.1078747984216,135.0,3,0,1.096236787640702,0
204,10996228332,1065.0,724.8566960840196,True,3852.5971853293277,555.0,10,18,19.610605478591086,0
88,25607361,780.0,536.3366195415527,True,2664.920703111783,400.0,3,16,16.663441595943123,0
62,10574749,730.0,517.4150972032702,True,2545.7151123806,365.0,7,12,12.758854984215791,0
213,9512937,540.0,404.34039332288745,True,1833.3444779341924,255.0,5,9,13.264064076240466,0
170,4356591932,495.0,395.13856680262023,True,1775.3729708565088,215.0,9,6,5.2352194903635905,0
221,107318,1085.0,639.0978241378289,True,3312.3162920683208,635.0,9,23,19.692611449553972,0
162,8094435229,865.0,520.185086284383,True,2563.166043591614,500.0,14,7,6.180695401476378,0
36,2129184285,400.0,330.6533636298456,True,1369.116190868027,170.0,3,10,9.621897515561772,0
148,110009,1305.0,762.5326004881803,True,4089.9553830755294,770.0,11,12,8.236931688521747,0
258,107786,400.0,338.6418913727297,True,1419.443915648197,160.0,5,16,16.633596038585576,0
113,25532844,710.0,490.46620791168067,True,2375.937109843588,365.0,12,15,17.9840785081998,0
178,1614926348,840.0,554.1124052761625,True,2776.9081532398222,450.0,9,15,18.603806659926928,0
234,11052055761,855.0,601.6477246242086,True,3076.3806651325112,430.0,10,21,22.14963604298974,0
217,350621322,765.0,561.3518181515549,True,2822.5164543547935,370.0,5,21,21.147763920357736,0
122,6173783039,115.0,171.25925424399412,False,364.93330173716294,0.0,2,0,0.0,0
48,5458472046,415.0,348.306744550626,True,1480.332490668944,170.0,6,5,3.362473020292665,0
279,1684410105,995.0,603.0433222815054,True,3085.1729303734833,570.0,9,12,13.129569189461213,0
89,4347844132,515.0,402.2291038030998,True,1820.043353959529,230.0,9,20,23.655044234993653,0
283,9512937,505.0,400.874549418287,True,1811.5096613352086,220.0,4,17,8.339042825859869,0
102,6342450111,210.0,226.93737023426186,False,715.7054324758496,50.0,3,1,1.51138371029529,0
40,25532839,380.0,322.9068457253689,True,1320.3131280698235,150.0,4,4,4.667575480670428,0
163,26699549,610.0,439.5330106960935,True,2055.057967385388,360.0,8,14,17.899113039633548,0
78,11866625772,1130.0,678.1994184084092,True,3558.6563359729726,655.0,11,11,12.638396268712194,0
26,14958918,405.0,343.40183144446127,True,1449.4315381001065,160.0,3,6,2.252994939558623,0
58,12292980260,655.0,488.8529342570913,True,2365.7734858196736,310.0,8,9,8.029401547214356,0
282,25533578,1000.0,680.4897555837548,True,3573.0854601776527,520.0,6,16,16.517091023383937,0
76,9300541907,730.0,547.9220062822866,True,2737.9086395784066,345.0,9,7,12.110778634112364,0
91,4712556876,505.0,386.8640499757303,True,1723.2435148471,230.0,4,16,15.279265014055545,0
251,6183125372,675.0,497.6107991142966,True,2420.948034420068,325.0,3,6,7.859036469403829,0
203,25522907,1005.0,686.2962082564334,True,3609.666112015533,520.0,10,25,24.32807197344953,0
87,12765774269,250.0,249.67945322389974,False,858.9805553105682,75.0,1,6,7.672096470796952,1
169,1678452742,1200.0,716.2810810126879,True,3798.570810379932,735.0,9,20,20.44179124677472,0
114,194250,440.0,364.75940648772183,True,1583.9842608726487,180.0,5,7,5.817749597542545,0
222,1667203556,795.0,563.9682588837292,True,2839.0000309674947,400.0,5,16,12.840647317645772,0
257,13607965455,1140.0,706.8946349912192,True,3739.4362004446766,645.0,13,33,34.29789689066663,0
149,1614926342,825.0,577.592664034101,True,2924.8337834148356,420.0,13,11,15.947438676857425,0
218,26699543,925.0,581.6149762790768,True,2950.174350558184,515.0,15,5,7.3707491342569895,0
97,25306041,660.0,467.57166834941137,True,2231.7015106012923,330.0,5,6,3.452686624244132,0
288,1684410105,470.0,385.7077568632611,True,1715.9588682385452,200.0,1,5,4.17650736396854,0
85,25471098,580.0,443.91701205328224,True,2082.677175935678,265.0,6,7,9.01669303790418,0
168,9287396538,310.0,279.33084785766454,True,1045.784341503286,110.0,5,6,3.7192340539083575,0
187,313181126,695.0,497.30820820649683,True,2419.0417117009283,345.0,12,12,13.299350209736241,0
67,1685751707,230.0,239.86975920828797,False,797.1794830122141,60.0,2,4,5.29027343405585,0
5,25257290,710.0,501.16606878500954,True,2443.346233345561,355.0,4,26,28.843233445990226,0
157,11747638084,840.0,588.5353993525789,True,2993.7730159212474,425.0,8,31,21.761680933217878,0
197,25507343,120.0,176.6787685324278,False,399.0762417542951,0.0,1,0,0.0,0
12,4969460352,1975.0,871.6925781585885,True,4777.663242399097,1670.0,8,7,5.903042818263502,0
130,812264903,680.0,493.1483363616583,True,2392.8345190784476,330.0,7,22,30.616134558082173,0
216,6065422037,400.0,321.09934384496086,True,1308.9258662232542,195.0,5,28,38.778744222493714,8
242,110009,1520.0,937.1425666103312,True,5189.998169645085,860.0,18,17,17.86483180744809,0
266,13349587,1335.0,656.5233007755133,True,3422.0967948857337,875.0,6,0,0.4126379875217834,0
286,4301399715,445.0,370.479061661441,True,1620.0180884670779,185.0,9,4,5.756968003531805,0
135,4956890431,370.0,332.0578303842022,True,1377.9643314204736,135.0,3,2,1.8785306736446867,0
30,25503802,210.0,227.30279585386847,False,718.0076138793711,50.0,4,3,1.4767859477279153,0
16,9054849009,780.0,530.6039227861125,True,2628.804713552506,405.0,8,12,14.305185088039666,0
255,6355365939,510.0,406.8282366568686,True,1849.017890938272,225.0,8,10,10.988373281424552,0
65,10983187054,1005.0,600.7403441243149,True,3070.6641679831846,580.0,11,10,10.727383031838242,0
22,13567811111,920.0,630.6808550329367,True,3259.289386707502,475.0,16,25,16.948064210999835,0
176,21665911,490.0,386.12252885328104,True,1718.57193177567,490.0,5,35,35.77987040954362,0
55,25473373,390.0,336.2429305988483,True,1404.3304627727443,150.0,4,12,11.563664410343167,0
186,12159581182,585.0,424.63288555332326,True,1961.1871789859376,285.0,4,44,63.66166134438843,21
21,9522532106,220.0,232.27032087581563,False,749.3030215176385,55.0,1,5,3.6898889292086268,0
14,1697772135,855.0,621.5609809792812,True,3201.8341801694705,415.0,7,6,12.094815617893882,0
229,21665135,1075.0,543.6986475109724,True,2711.3014793191223,780.0,7,17,18.46985903128763,0
128,9515379,915.0,637.7767268303294,True,3303.993379031075,465.0,8,19,19.027421192676602,0
83,8787730925,690.0,515.9472758194609,True,2536.467837662601,325.0,5,3,6.4765547274270565,0
110,294651404,475.0,374.4299236129065,True,1644.90851876131,210.0,4,10,6.389309464477997,0
230,25496815,285.0,271.8970481732975,True,998.9514034917744,90.0,1,3,3.152220045015893,0
57,383974166,615.0,453.61223293155695,True,2143.757067468809,295.0,2,4,4.312420571593811,0
70,109836,1090.0,722.0120024291962,True,3834.675615303934,580.0,11,16,18.199775577211966,0
158,534993859,825.0,564.2269039127522,True,2840.629494650338,430.0,3,13,14.606545763983682,0
6,255576,805.0,536.1659989634761,True,2663.8457934699013,425.0,10,7,17.03913880022875,0
263,14727249,770.0,552.0742204853071,True,2764.067589057433,380.0,9,22,20.998782037044265,0
166,25502834,530.0,411.72870563021377,True,1879.8908454703478,240.0,6,11,12.390421828888044,0
137,25495513,1175.0,759.8421237022219,True,4073.005379323999,640.0,12,18,20.100420886967683,0
105,1611442272,1415.0,906.0517475406266,True,4994.126009505943,780.0,16,18,13.471975083947926,0
84,1614926342,260.0,255.2643079950581,False,894.1651403688658,80.0,5,10,9.786266309145208,0
226,25522558,430.0,357.2294663696088,True,1536.5456381285364,175.0,2,5,8.20747311591386,0
125,108209,280.0,267.38923914130845,True,970.5522065902437,90.0,2,1,1.7855327929820697,0
240,107786,510.0,398.73437116123876,True,1798.0265383158048,230.0,2,12,9.742642104859888,0
4,823745,1040.0,682.9972316292298,True,3588.882559264146,560.0,14,31,33.38454210239635,0
129,3142670557,660.0,488.8339214502833,True,2365.653705136784,315.0,3,23,30.723238771671472,3
219,108318,650.0,466.465661966392,True,2224.7336703882693,320.0,10,2,4.846149954938459,0
100,21665000,490.0,313.8369224062592,True,1263.1726111594335,275.0,3,6,9.442478840903343,0
177,25504263,270.0,261.4705151756456,True,933.264245606567,85.0,4,12,18.51899468347436,5
277,362575106,1265.0,844.025518405728,True,4603.360765956086,670.0,16,29,27.823756509941784,0
140,2191480791,980.0,641.2076502204944,True,3325.6081963891193,530.0,8,26,20.67582113000383,0
246,11200374910,875.0,578.4185259115122,True,2930.0367132425276,470.0,4,10,13.697944824083498,0
284,2047806084,645.0,458.1562076422204,True,2172.384108145988,330.0,10,15,12.181935397661041,0
120,1667203550,990.0,645.2855674378394,True,3351.2990748583907,540.0,9,12,13.917206515621906,0
77,14791174,495.0,394.7884017793422,True,1773.1669312098568,215.0,8,4,3.9579073682916732,0
51,358992920,870.0,619.982682508849,True,3191.8908998057464,435.0,10,17,13.385137904337165,0
127,25474676,910.0,642.3653305559192,True,3332.90158250229,460.0,9,10,7.842117125404994,0
108,10559192943,660.0,471.6231646593485,True,2257.2259373538946,325.0,5,16,24.793516050100195,2
254,1230997557,255.0,248.0085564972699,True,848.4539059328005,80.0,2,5,4.597955840439638,0
172,3887905014,475.0,377.78452694013794,True,1666.0425197228692,210.0,5,25,26.846006213307476,0
17,107878,775.0,563.902333642926,True,2838.5847019504345,380.0,10,35,34.14863593850328,0
273,25495441,720.0,521.2286325808226,True,2569.7403852591838,355.0,8,14,11.636516233276623,0
81,1685938740,1100.0,713.1404896838668,True,3778.7850850083596,600.0,10,18,19.279572563855833,0
104,9515379,405.0,315.4511405600275,True,1273.3421855281729,180.0,2,1,2.7705743412194277,0
257,102035,145.0,190.79209829512112,False,487.99021925926303,10.0,4,0,0.2335067104908597,0
98,1612472593,595.0,451.8493079787788,True,2132.6506402663053,275.0,6,13,11.85186193971576,0
2,333670399,725.0,532.2318099330827,True,2639.0604025784187,350.0,7,12,11.246164848599859,0
250,291924683,930.0,635.2896658609646,True,3288.3248949240747,485.0,10,41,43.91322209583758,0
29,9791489,1020.0,679.4666169113252,True,3566.63968654135,540.0,9,7,6.206345759171407,0
142,25502540,1165.0,605.1718761921685,True,3098.582820010662,880.0,10,19,19.706303459933864,0
145,107831,315.0,287.7206230297138,True,1098.6399250871968,110.0,3,8,9.472719249930735,0
133,9512939,380.0,324.5734668274744,True,1330.8128410130885,150.0,8,5,5.024673080739051,0
103,25495513,1270.0,771.4559983133323,True,4146.1727893739835,725.0,8,25,22.174899718163353,0
261,1616713423,560.0,435.68116230540204,True,2030.7913225240338,255.0,5,13,12.46316835925273,0
95,603751942,825.0,529.5746938445164,True,2622.320571220456,450.0,3,3,6.751068105470158,0
155,25496815,310.0,284.3242731606104,True,1077.2429209118459,110.0,2,1,3.325556548326397,0
228,25500758,755.0,556.0782119595964,True,2789.292735345453,365.0,12,9,6.461150888341448,0
281,25501306,610.0,459.3665211798342,True,2180.0090834329562,285.0,8,14,18.14732299913608,0
60,107326,505.0,377.16091049573294,True,1662.1137361231179,240.0,2,19,18.562102114133317,0
206,2271434264,780.0,550.3757594362528,True,2753.367284448391,390.0,4,47,69.9916599918903,21
64,5932875003,370.0,321.59919016132903,True,1312.0748980163721,140.0,2,4,2.217731323113145,0
112,9791489,315.0,291.673057173627,True,1123.5402601938497,110.0,4,7,6.66975473262253,0
174,25375812,935.0,622.0022507020361,True,3204.6141794228265,495.0,9,16,15.355592989312044,0
111,25714232,755.0,556.7034296721449,True,2793.231606934516,365.0,9,16,11.794108815610233,0
115,108260,515.0,402.03826643121425,True,1818.8410785166507,230.0,2,12,13.182674399246183,0
160,1614846678,725.0,533.4964096227369,True,2647.027380623239,350.0,9,4,9.636821138284699,0
285,452169167,665.0,503.38809269255995,True,2457.3449839631276,310.0,4,11,10.546418608237659,0
28,3077397235,635.0,452.47592872416135,True,2136.5983509622156,315.0,7,9,7.649141294183619,0
159,10544188928,710.0,531.1589892823368,True,2632.301632478722,335.0,9,14,11.094406656169996,0
7,3442281747,720.0,529.8128526810646,True,2623.8209718907056,345.0,7,6,12.189537996723704,0
267,21665584,385.0,322.1922223837227,True,1315.8110010174528,155.0,4,9,6.318501348299957,0
198,13556857162,675.0,473.8125530225053,True,2271.0190840417836,340.0,8,2,3.8482414523633626,0
282,21651765,230.0,235.73288092959035,False,771.1171498564191,60.0,2,3,3.1916688523645966,0
280,2941537163,470.0,378.47054714381756,True,1670.3644470060515,205.0,2,4,7.238235736596574,0
94,2971399444,660.0,471.95516144223785,True,2259.3175170860986,325.0,2,24,17.449166911663006,0
153,25257795,1040.0,728.6191698293272,True,3876.3007699247596,525.0,14,33,25.51453691774913,0
220,333725797,1160.0,753.9701434509304,True,4036.0119037408626,630.0,16,23,18.513241180546153,0
20,12453538825,905.0,632.0006938049752,True,3267.604370971344,460.0,9,18,20.834715010981355,0
96,9522532106,450.0,370.6051641110067,True,1620.812533899341,190.0,8,6,6.375625290187173,0
143,6273263209,650.0,468.9554598605164,True,2240.4193971212535,320.0,5,18,21.154597832636263,0
45,25474664,995.0,657.7597838071084,True,3429.8866379847846,530.0,8,28,27.449980853484664,0
3,14958918,635.0,484.31089609896605,True,2337.1586454234875,295.0,7,10,8.750918002150096,0
256,13329450969,470.0,382.9918852129792,True,1698.848876841769,200.0,4,11,5.96542968311138,0
134,108060,485.0,362.01065048204526,True,1566.6670980368847,230.0,4,2,3.1817351081637146,0
253,14727249,485.0,388.3451456231832,True,1732.5744174260537,210.0,6,3,4.3205624578333275,0
9,10264011839,435.0,360.3374485891801,True,1556.1259261118346,180.0,5,17,21.833618447244337,3
21,333719185,185.0,209.49752713178097,False,605.8344209302202,35.0,1,3,4.53102794326193,4
116,21665006,830.0,581.8944218665627,True,2951.934857759342,420.0,5,20,18.96646733745149,0
41,1607738730,945.0,643.3392229563148,True,3339.0371046247833,490.0,11,9,9.569944552450476,0
224,7223638134,1220.0,668.9211524076366,True,3500.2032601681044,830.0,6,27,20.37091371226315,0
90,107801,545.0,414.87649669035426,True,1899.7219291492322,265.0,4,8,4.701127754917299,0
196,108305,845.0,537.5047267272835,True,2672.2797783818837,575.0,10,31,20.95010484029807,0
183,1619500281,505.0,401.3382111534487,True,1814.430730266726,220.0,5,1,5.255713010258534,0
286,12026764,225.0,231.89083636638782,False,746.9122691082428,60.0,3,0,0.9127671842125115,0
225,25498827,835.0,581.6697618144938,True,2950.519499431313,425.0,9,28,23.48720851651817,0
92,5453319326,1070.0,614.246909363074,True,3155.755528987366,665.0,10,18,15.162541681015991,0
124,25257284,870.0,594.6990967402598,True,3032.604309463638,450.0,7,16,18.987807241612007,0
290,6521883874,385.0,323.37327882726794,True,1323.251656611788,155.0,3,5,4.500879673622543,0
197,25472672,250.0,252.2907079713956,False,875.431460219792,70.0,3,2,1.9277172498979593,0
59,4249404271,490.0,375.1980115859083,True,1649.747472991223,225.0,6,15,16.793893285351913,0
260,1936062451,905.0,643.1198437873085,True,3337.655015860044,450.0,9,14,13.97417675618038,0
227,2214957485,565.0,384.11141279323516,True,1705.9019005973819,425.0,3,19,19.488078847137935,0
266,4457798822,245.0,246.0081445524841,False,835.8513106806499,70.0,2,0,1.5722352242982869,0
126,2191588310,560.0,430.4342802766965,True,1997.7359657431875,255.0,6,14,12.363609021715837,0
252,25607361,785.0,547.2093523370196,True,2733.4189197232245,400.0,9,25,23.902743701533378,0
136,8421658424,435.0,368.60535058358835,True,1608.213708676607,175.0,2,5,5.742274541263863,0
83,1614926348,225.0,227.08930551272806,False,716.6626247301866,65.0,6,7,8.413442085313312,0
165,107343,1060.0,636.8939278255044,True,3298.431745300671,610.0,13,14,13.233077745628862,0
200,383974166,575.0,419.3222996038841,True,1927.7304875044706,280.0,5,13,10.95351602298614,0
31,25471098,760.0,532.594204880406,True,2641.3434907465553,385.0,10,16,16.836311080762048,0
150,102035,1130.0,764.6539662553943,True,4103.319987408987,590.0,13,15,20.576686168096643,0
15,25496780,680.0,478.1218249850552,True,2298.1674974058496,345.0,5,23,24.635386166641144,3
270,107797,515.0,327.0932922033517,True,1346.6877408811156,415.0,4,18,16.02682926848651,0
208,677445939,785.0,569.5079597186751,True,2873.9001462276497,385.0,7,18,13.475494330214493,0
33,9178184336,780.0,499.40470260322866,True,2432.2496264003394,505.0,6,35,39.3977306638518,0
173,25544115,390.0,333.5619250819602,True,1387.4401280163495,155.0,3,7,6.356400364252803,0
42,5247841988,775.0,556.7053359000946,True,2793.2436161705946,385.0,8,23,16.348326687011696,0
259,25472873,650.0,479.53866882005156,True,2307.093613566324,310.0,7,9,12.717749130925124,0
228,10983187054,145.0,188.0337433460987,False,470.6125830804218,10.0,3,0,0.21294733753112582,0
291,10983187054,435.0,358.8673778573674,True,1546.8644805014135,180.0,2,4,3.2280606829902854,0
226,333650017,220.0,230.66097505582016,False,739.1641428516666,55.0,1,6,2.3430239329622125,0
161,1616713425,420.0,343.0036495345008,True,1446.9229920673554,175.0,3,11,10.067977626989551,0
107,110004,1465.0,909.8823142777617,True,5018.258579949895,830.0,19,24,19.800789441055606,0
244,21665247,680.0,490.6284437163836,True,2376.959195413218,335.0,8,15,18.75483045970743,0
79,5266874223,745.0,544.3535008748167,True,2715.427055511345,360.0,11,23,18.840736999186067,0
123,21665581,765.0,526.5005756546478,True,2602.9536266242817,395.0,6,27,25.530407608578496,0
213,104310,410.0,336.56146287255086,True,1406.337216097071,170.0,11,10,5.954718209204911,0
271,311153342,1005.0,684.4629340681465,True,3598.11648462932,525.0,16,18,14.443401055780978,0
122,2191480791,400.0,342.0359957298791,True,1440.826773098239,160.0,2,5,9.500439218329761,0
249,1666324135,600.0,449.9895600345998,True,2120.934228217978,285.0,5,9,6.473833894123078,0
36,7066266061,420.0,333.9102664065088,True,1389.6346783610056,185.0,8,23,22.625320666200018,0
276,1691133703,480.0,386.66758168842335,True,1722.0057646370672,205.0,6,28,28.06453400308927,0
82,2975783588,680.0,474.91123555138034,True,2277.940783973695,345.0,1,38,44.69532964231952,0
239,110004,1025.0,660.2539804557814,True,3445.6000768714175,560.0,9,63,95.61182843522027,26
205,1835289526,815.0,575.6638649475894,True,2912.6823491698115,410.0,10,18,14.946449859659804,0
167,21665583,655.0,492.1892305874902,True,2386.7921527011886,655.0,5,26,32.54759793206943,4
231,108305,975.0,606.3127318503234,True,3105.770210657037,660.0,13,22,25.451382990031355,0
52,333719185,670.0,491.5731795123239,True,2382.9110309276407,325.0,9,3,5.695533604591568,0
20,12398519156,135.0,182.3470474030611,False,434.7863986392849,5.0,2,0,0.33656856905406846,0
157,108252,340.0,297.96440637810537,True,1163.1757601820639,130.0,1,6,7.252796703619293,0
214,108070,440.0,365.21378172853554,True,1586.8468248897739,180.0,6,11,10.96944353121998,0
277,3531897238,240.0,242.3908807702949,False,813.0625488528576,70.0,0,6,4.838535114542126,0
25,820271,620.0,473.7363388461959,True,2270.538934731033,285.0,9,7,10.554963640427658,0
80,5932875003,640.0,478.75588278170864,True,2302.162061524765,300.0,9,10,7.385923790537178,0
19,4356591932,460.0,374.7561187782799,True,1646.9635483031634,195.0,3,7,5.077938513551871,0
185,25473295,895.0,600.6327564663635,True,3069.9863657380874,470.0,12,6,5.942946309627644,0
154,11582793599,720.0,515.7364118039098,True,2535.1393943646303,355.0,12,21,18.18361080339954,0
121,25473371,950.0,503.32218517673243,True,2456.9297666134175,670.0,5,18,22.393111651906235,0
212,9791487,675.0,496.6706303494905,True,2415.0249712017894,325.0,5,6,6.821529340092047,0
14,691084080,325.0,301.4973107801389,True,1185.4330579148752,110.0,3,6,4.034407263738516,0
211,25507041,850.0,579.5217845486551,True,2936.987242656528,440.0,6,10,9.420471524252735,0
166,1115431333,300.0,263.14152776839603,True,943.7916249408946,115.0,4,16,19.54773404703311,0
75,25473373,570.0,437.7533078846901,True,2043.845839673547,260.0,3,7,7.494575712684218,0
39,25544136,675.0,494.7641989630466,True,2403.0144534671927,325.0,12,11,13.018895275798396,0
192,25498827,910.0,627.4280049705327,True,3238.796431314353,490.0,10,19,22.574135753458872,0
180,2476787985,920.0,633.3956267076646,True,3276.392448258289,475.0,10,12,13.70714162526024,0
117,13808848004,985.0,594.7326829894614,True,3032.8159028336017,575.0,9,30,33.018958004008056,2
56,21651908,865.0,615.2324474665896,True,3161.964419039517,430.0,12,20,17.85080176232748,0
24,3887905014,755.0,554.680746291311,True,2780.4887016352563,365.0,5,12,11.52916524813033,0
37,1614846692,955.0,661.8948551335939,True,3455.9375873416457,490.0,10,16,15.474420835011637,0
145,9515379,255.0,250.07323764913193,False,861.4613971895312,75.0,1,1,0.8782837210431713,0
98,823745,270.0,265.86253099067784,False,960.9339452412706,80.0,0,1,0.7411278510673008,0
194,9498441980,1400.0,773.324852920846,True,4157.946573401321,855.0,16,28,26.20516472925513,0
38,25544130,570.0,434.71482915064723,True,2024.7034236490776,265.0,8,12,15.274810080161167,0
275,2586635296,765.0,523.1943979749295,True,2582.124707242056,395.0,4,23,22.727566882032335,0
28,2586635296,225.0,233.52457057999973,False,757.204794653998,60.0,2,9,10.285132977656797,0
47,3567188665,870.0,618.595818523391,True,3183.1536566973605,435.0,9,29,33.69116561158614,6
175,2564873531,755.0,529.9861799364622,True,2624.9129335997127,380.0,9,24,15.364588954396172,0
221,25505558,505.0,380.5181634163077,True,1683.2644295227387,255.0,4,30,46.29625497768369,10
287,4784457202,845.0,578.7716178744432,True,2932.2611926089926,435.0,8,19,16.568513754254713,0
262,25471089,775.0,540.1170753989395,True,2688.7375750133183,395.0,11,18,22.124184957889685,0
90,11747638084,185.0,213.48352372229726,False,630.9461994504728,35.0,0,0,1.2718425715698782,0
190,25378119,620.0,466.3537112153734,True,2224.0283806568514,290.0,4,19,19.84152702615014,0
132,235235,565.0,438.4564885509984,True,2048.275877871291,255.0,9,3,3.6600553611882067,0
142,282686499,290.0,276.2958357947413,True,1026.6637655068703,95.0,3,0,1.5705285748734024,0
8,26405445,880.0,567.5734003221963,True,2861.712422029836,555.0,7,20,17.835638281869176,0
43,14064596841,635.0,464.6817952741624,True,2213.4953102272225,305.0,6,26,28.215514203517078,5
223,9791495,775.0,546.139552602266,True,2726.6791813942764,390.0,13,12,5.7521991746473695,0
193,273194,855.0,604.6267473897997,True,3095.1485085557338,430.0,11,17,21.913741639300486,0
49,4917827758,1035.0,694.7619309491605,True,3663.0001649797127,545.0,14,27,24.498451757038055,0
93,1667203523,675.0,475.3306993106683,True,2280.5834056572094,340.0,3,13,11.0991936205514,0
114,265124953,470.0,381.7179439931516,True,1690.8230471568545,200.0,4,5,4.317777316093365,0
152,3567188470,1795.0,899.5021419815026,True,4952.86349448346,1260.0,10,5,4.088271944783015,0
119,1678452778,845.0,572.042472788506,True,2889.8675785675896,440.0,6,15,13.454762810695174,0
13,1678452742,705.0,505.0497461987259,True,2467.813401051975,350.0,6,13,13.321344642961332,0
11,14017207475,920.0,564.179929202673,True,2840.3335539768373,525.0,9,25,28.092527666367985,0
177,25375955,365.0,276.1252734390588,True,1025.5892226660706,195.0,2,28,30.384150536359208,3
141,10559192943,710.0,521.9780784506556,True,2574.4618942391285,340.0,11,29,36.00992174529945,1
278,11188424157,770.0,556.524595113486,True,2792.1049492149605,380.0,9,15,19.84802375362106,0
156,7162259986,880.0,559.9071940892511,True,2813.415322762282,485.0,9,30,32.88070872995436,0
203,10544188931,500.0,364.93197563588353,True,1585.0714465060657,500.0,5,59,65.98122397165218,0
46,108060,635.0,455.73191675838035,True,2157.111075577795,325.0,10,13,9.888541579867734,0
34,2476787985,770.0,550.6376993915331,True,2755.017506166659,415.0,9,17,11.081847121315976,0
245,5568839679,720.0,535.2142132722346,True,2657.849543615076,345.0,9,10,11.831061827567627,0
183,2215490963,235.0,238.30958950662608,False,787.350413891744,65.0,1,3,2.057933622601218,0
53,294651409,805.0,571.2375300188165,True,2884.7964391185405,405.0,7,23,18.98624629346328,0
235,21665114,740.0,511.28469034600596,True,2507.0935491798346,430.0,6,23,18.40851121235436,0
204,292252720,585.0,463.64947891427516,True,2206.991717159933,260.0,4,9,6.4608848225181,0
254,108045,370.0,319.85029288143545,True,1301.056845153044,145.0,3,16,21.238192191139333,7
139,25417428,1195.0,653.9439100832616,True,3405.8466335245403,735.0,11,15,15.47276137689583,0
91,2191480791,535.0,421.575946297433,True,1941.9284616738278,235.0,5,14,14.536883073192037,7
76,25473293,535.0,406.4030560249608,True,1846.339252957253,250.0,5,3,4.2523862202498295,0
146,11867694471,1045.0,696.0700631644088,True,3671.2413979357743,555.0,10,17,17.603961779150904,0
171,14077667431,1385.0,744.6140710376583,True,3977.068647537237,860.0,16,28,28.431891346553925,0
68,9791495,1055.0,581.4942973157237,True,2949.414073089061,655.0,10,14,15.510679323351534,0
241,107352,820.0,544.1031173493985,True,2713.8496393012124,455.0,7,15,18.484100390800485,0
209,12264307320,1115.0,762.6075742340901,True,4090.4277176747714,580.0,11,18,18.417995189257862,0
9,1614846702,290.0,275.72136307809126,True,1023.0445873919743,95.0,2,2,3.5926894002580916,0
199,2131643980,1085.0,604.5035681825769,True,3094.372479550225,660.0,5,29,31.939424487867008,0
130,107793,515.0,391.9535914548521,True,1755.3076261655685,240.0,6,12,14.133922078255596,0
35,1619527484,1255.0,751.675812099075,True,4021.5576162241673,725.0,9,9,12.774448417980027,0
284,1667203523,415.0,344.95475529565914,True,1459.214958362653,170.0,6,8,6.392355437137277,0
5,9522438146,525.0,418.88525376533187,True,1924.9770987215902,230.0,11,7,8.39704669172004,0
44,25507041,1305.0,864.9628267523785,True,4735.265808539991,695.0,12,17,16.705812777076307,0
265,1215418697,1195.0,734.3974304623687,True,3912.703811912922,680.0,16,21,18.88859141824688,0
176,3552338823,500.0,382.4325189332757,True,1695.3248692796367,255.0,6,10,11.86856043239098,0
16,443449146,510.0,409.0429249276607,True,1862.9704270442635,220.0,10,2,2.4091238840744005,0
144,26699545,945.0,516.5746078267805,True,2540.4200293087188,580.0,8,12,14.794954123165994,0
120,2480891600,430.0,359.6832918908995,True,1552.0047389126667,175.0,4,2,2.6069844893767513,0
180,5838132444,155.0,189.20500263377832,False,477.99151659280335,20.0,1,0,0.6206550627124539,0
186,107318,510.0,389.0058130374919,True,1736.7366221361997,235.0,6,30,22.150665859097607,0
53,9791489,55.0,136.4653401098308,False,145.73164269193398,0.0,0,0,0.0,0
246,9921844608,445.0,363.2535084597934,True,1574.4971032966996,190.0,2,3,3.339189794789241,0
281,1678452778,390.0,323.5258520141308,True,1324.2128676890231,160.0,5,2,1.6856857513778287,0
207,9515379,700.0,475.1048366845404,True,2279.1604711126033,365.0,8,23,24.84808561667725,0
292,9791482,1015.0,535.2541155103416,True,2658.1009277151493,690.0,13,18,16.34993706020586,0
109,12725097483,920.0,610.1861194807715,True,3130.1725527288613,490.0,11,12,15.240440719773094,0
179,11582793599,870.0,596.9818302806744,True,3046.985530768249,450.0,10,11,7.823725546854693,0
195,9512937,760.0,543.993123644937,True,2713.156678963103,390.0,7,8,6.693394591796191,0
258,194250,640.0,444.99628486824633,True,2089.4765946699536,345.0,12,8,9.889260741751674,0
86,108045,1035.0,581.7721572036781,True,2951.164590383164,635.0,6,34,29.816902038620203,0
222,9512933,575.0,437.93113575951253,True,2044.9661552849288,265.0,8,7,9.191042882833269,0
27,10574746,800.0,527.1204855885965,True,2606.859059208157,430.0,8,30,22.46719031256417,0
111,2502573430,385.0,330.3333295076039,True,1367.0999758979044,150.0,4,2,2.2189222895652487,0
129,4368839072,470.0,383.9262278633915,True,1704.7352355393657,200.0,2,11,6.556080190127827,0
106,107823,790.0,565.1883847034348,True,2846.686823631639,390.0,8,19,20.22922768853922,0
259,25714234,260.0,255.90215274988907,False,898.1835623243012,80.0,3,10,14.144653479346458,3
217,25472633,650.0,484.35395597379244,True,2337.429922634893,310.0,8,26,29.493620558563904,0
283,25524250,635.0,440.7741747964776,True,2062.877301217809,325.0,5,4,3.847442036427138,0
143,25532841,360.0,321.03762270957134,True,1308.537023070299,135.0,2,10,14.694520835965003,2
181,4397152730,1090.0,606.8672548939329,True,3109.263705831781,685.0,13,13,14.357968853730481,0
110,8916243,530.0,346.73570647391705,True,1470.4349507856778,285.0,7,3,2.8357692691457177,0
188,3887905014,1145.0,624.3970909705298,True,3219.70167311433,745.0,8,20,16.474287014990747,0
169,25473293,605.0,435.06187722056734,True,2026.8898264895736,300.0,6,14,16.233743684009845,0
162,1667203485,670.0,492.4818324524227,True,2388.635544450262,325.0,6,9,13.345833714562929,0
159,4249404271,395.0,318.2425630463701,True,1290.9281471921315,170.0,2,22,41.16449672182285,15
138,6460816408,895.0,617.9738780373704,True,3179.235431635433,460.0,9,25,19.771708805284266,0
84,9512937,505.0,376.46422465282404,True,1657.7246153127908,240.0,6,18,14.972896473515732,0
191,1316072261,1355.0,823.8848110773257,True,4476.474309787147,775.0,12,21,23.02607218404987,0
108,5838132444,475.0,392.69850341233774,True,1760.0005714977278,200.0,4,7,7.011190513258942,0
148,25473373,680.0,483.7841998296831,True,2333.840458927005,340.0,8,15,13.775735865725562,0
158,109661,535.0,339.4514417629531,True,1424.5440831066048,350.0,3,0,0.0,0
125,1188983785,505.0,380.95042122061966,True,1685.9876536899037,235.0,1,12,13.919936557656596,0
48,1614846678,670.0,425.36438145744006,True,1965.7956031818735,370.0,5,5,5.866829821997953,0
54,295907939,770.0,534.3573086372585,True,2652.4510444147304,395.0,9,15,11.133914379258576,0
105,26591532,525.0,407.0043967793851,True,1850.1276997101259,240.0,2,9,10.968522449028468,0
102,12453538825,665.0,493.7844328660551,True,2396.8419270561494,315.0,7,23,18.08064852927961,0
147,1684410040,1160.0,724.2146922472477,True,3848.5525611576586,650.0,8,18,13.793202000974611,0
216,108060,600.0,449.8285579511919,True,2119.9199150925083,295.0,10,12,13.534649041662535,0
221,107793,185.0,209.83173549489842,False,607.93993361786,35.0,3,1,2.7693403818768543,0
131,5838132444,745.0,547.2011377417841,True,2733.3671677732386,360.0,13,19,17.92590178361152,0
157,25473295,265.0,257.6536355850657,True,909.2179041859139,80.0,2,7,4.0743976264332575,0
167,108045,265.0,262.6028657908485,False,940.3980544823455,80.0,2,4,3.4352698919719873,0
85,1607738730,615.0,468.1431555333179,True,2235.301879859902,285.0,13,7,9.395665120761821,0
234,25495441,690.0,465.56935910530757,True,2219.0869623634376,380.0,10,15,18.24207566111337,0
89,9620045688,685.0,511.553962184478,True,2508.7899617622093,325.0,9,7,7.714152365083346,0
30,771982865,605.0,453.82561814971757,True,2145.101394343221,285.0,6,14,11.122902769447835,0
68,4216272819,115.0,172.32240432943794,False,371.63114727545894,0.0,1,0,0.0,0
155,25502834,470.0,383.948759641148,True,1704.8771857392314,200.0,5,6,4.282033935081387,0
74,25256273,885.0,510.45387870331115,True,2501.8594358308583,720.0,6,6,5.168445301824613,0
3,194250,415.0,317.5336571376998,True,1286.4620399675082,190.0,4,22,37.29931315752247,12
59,25474295,370.0,325.334103901442,True,1335.6048545790843,140.0,1,8,5.969446872947774,0
170,26699549,725.0,517.261860943773,True,2544.7497239457684,360.0,7,33,42.070459495186995,7
205,5393414954,295.0,277.77581204300816,True,1035.9876158709515,295.0,2,29,30.601811284794415,0
274,25522907,1165.0,626.448273577743,True,3232.6241235397756,810.0,10,18,17.74460069417961,0
251,5453319326,680.0,478.26552093498464,True,2299.072781890402,385.0,4,49,58.51173513875132,11
27,4457798822,80.0,153.36994011350146,False,252.23062271505904,0.0,0,0,0.0,0
261,1188983785,490.0,393.4754099871266,True,1764.8950829188989,210.0,7,12,14.960288762566801,0
22,6424675168,625.0,427.98409095032696,True,1982.2997729870583,325.0,2,9,14.485191273443535,0
233,109838,990.0,694.3250165880421,True,3660.247604504661,500.0,3,6,5.25142767335962,0
264,25417431,830.0,551.6277621971278,True,2761.254901841904,485.0,7,11,12.749298509199095,0
201,1611442272,980.0,664.147159665442,True,3470.1271058922857,525.0,16,10,16.173932693039053,0
135,8421658424,640.0,472.50757210920057,True,2262.7977042879634,305.0,6,9,11.20322140221377,0
126,108902,390.0,333.1325785498972,True,1384.7352448643526,155.0,1,4,2.731903444729646,0
253,4303455913,445.0,360.448228071319,True,1556.8238368493098,190.0,6,4,7.786007320244548,0
10,26652357,1010.0,558.2868679734294,True,2803.2072682326043,630.0,7,15,16.04576286306949,0
200,9512935,395.0,300.5596621185841,True,1179.525871347079,235.0,3,20,19.685794860569604,0
150,500486430,390.0,304.53603038888497,True,1204.576991449975,190.0,6,8,6.481672570271535,0
269,1684410105,885.0,595.675081151853,True,3038.753011256668,465.0,5,21,12.296111066559572,0
225,2934851413,430.0,353.2787181971988,True,1511.6559246423524,180.0,5,7,6.8632469524156505,0
64,1230855633,515.0,391.0424515530407,True,1749.567444784157,240.0,4,7,8.181688448518406,0
214,454373621,335.0,292.0130337195575,True,1125.6821124332123,130.0,2,18,20.743418345867134,0
32,3142670557,780.0,450.5444800707001,True,2124.4302244454116,580.0,5,12,9.045177285796681,0
237,1678452820,965.0,504.2865620828163,True,2463.005341121736,610.0,5,4,4.096419971885569,0
101,102025,855.0,613.8443834452822,True,3153.2196157052763,425.0,11,10,9.661525132754669,0
189,102035,1035.0,687.3591124196768,True,3616.3624082439655,560.0,12,22,17.69477367868631,0
238,108903,1000.0,572.5638817858303,True,2893.152455250734,595.0,11,6,9.687470765641418,0
120,292252720,155.0,194.8447202269804,False,513.5217374299765,15.0,0,1,0.4600895303513564,0
137,11135307178,630.0,424.5812478413264,True,1960.861861400356,360.0,5,6,5.001084597495527,0
17,7944696976,575.0,453.76782674673774,True,2144.737308504448,255.0,2,11,13.07705535396589,0
177,13329450969,235.0,236.74509074239467,False,777.4940716770861,65.0,3,4,3.27341505028562,0
42,5568839679,395.0,329.30107810571127,True,1360.5967920659807,160.0,4,12,11.941990769304143,7
59,25473288,70.0,146.23327372496252,False,207.26962446726372,0.0,0,0,0.0,0
18,1106056866,905.0,641.0196518567803,True,3324.423806697715,455.0,8,21,19.404331618517265,0
41,25257284,480.0,386.33710106754205,True,1719.9237367255143,205.0,6,7,12.32096493109506,0
33,5323722004,415.0,334.16754638339677,True,1391.255542215401,180.0,5,1,2.3918583658472756,0
166,25256275,335.0,294.4506231878641,True,1141.0389260835436,125.0,2,11,6.203400758643795,0
46,107863,240.0,243.95012322660628,False,822.8857763276195,65.0,5,3,3.9222640878504045,0
203,25473293,245.0,243.7256277863088,False,821.4714550537454,70.0,0,5,6.923912706490983,0
142,25522907,285.0,272.147404253947,True,1000.5286467998656,90.0,3,5,3.0124500422468623,0
279,1607738730,790.0,538.0264259125455,True,2675.5664832490365,410.0,6,28,27.108158431929297,0
184,10188265464,930.0,630.7253292662684,True,3259.569574377486,485.0,11,49,48.360976912841686,0
215,3140855387,830.0,594.7712861756141,True,3033.059102906368,410.0,9,12,10.55855843015735,0
272,25473286,850.0,457.2748364376672,True,2166.831469557305,685.0,7,22,14.483977134816325,0
62,9295694734,825.0,566.8269864024577,True,2857.010014335483,425.0,5,15,14.415426760474325,0
249,21665965,400.0,328.1688708153607,True,1353.4638861367732,170.0,2,8,6.7729179692321075,0
6,25498827,675.0,461.695731330925,True,2194.6831073848293,400.0,6,5,5.590684015039933,0
25,317930325,380.0,319.88413578819296,True,1301.2700554656158,155.0,5,9,8.325483357637335,0
291,4397152730,430.0,338.37249766756224,True,1417.7467353056413,190.0,4,13,13.427290354331141,0
275,9522438169,320.0,282.87507846578825,True,1068.1129943344658,120.0,4,15,7.622412501598327,1
220,21665006,530.0,408.0613313959545,True,1856.7863877945144,240.0,6,8,7.94801979729633,0
173,1843345666,440.0,367.7207255941736,True,1602.6405712432936,180.0,1,6,4.4109558451612,0
209,109608,235.0,233.10481503989485,False,754.5603347513375,70.0,1,3,1.5463619680832892,0
31,1685751696,480.0,386.10195495140505,True,1718.4423161938512,205.0,5,16,13.301203095219927,0
45,3561398893,545.0,366.3921728656815,True,1594.2706890537936,285.0,5,4,4.158538955899003,0
47,21665965,335.0,294.80913759546166,True,1143.297566851408,125.0,2,19,15.809621475173294,0
83,25522907,490.0,397.9454376058373,True,1793.0562569167748,210.0,8,2,2.541820826736791,0
255,822403,745.0,536.5945350841207,True,2666.5455710299593,365.0,10,16,17.792414026722444,0
289,4956890447,1265.0,657.8456475411184,True,3430.427579509039,800.0,7,4,5.5654467256372815,0
106,333719185,200.0,215.42501154564005,False,643.1775727375323,45.0,1,5,5.3735364742017335,5
29,9513062,630.0,428.0130666532916,True,1982.4823199157386,350.0,0,10,12.92816682204525,0
50,311422343,1250.0,677.3181408528781,True,3553.104287373121,775.0,8,32,38.80307765783516,0
229,21590631,730.0,460.85811051227375,True,2189.406096227325,405.0,5,31,31.012416773455183,0
66,1614926320,1380.0,740.2102934739856,True,3949.324848886101,895.0,8,26,20.558851633895713,0
71,25375812,1025.0,574.6491611076544,True,2906.2897149782266,620.0,8,7,10.851218473722279,0
82,26699549,445.0,335.6620679357277,True,1400.6710279950846,255.0,1,20,17.508839860674453,0
74,5568839679,155.0,191.76404413020046,False,494.11347802026273,20.0,0,4,5.731395299728113,1
107,1947324461,470.0,372.84010807324256,True,1634.8926808614265,205.0,6,11,7.471828639711547,0
55,25495769,750.0,548.3833448238191,True,2740.815072390059,365.0,8,24,21.13611198251205,0
2,383974166,650.0,475.752747254229,True,2283.242307701641,315.0,10,7,10.021124385887981,0
172,503556078,670.0,496.8775599339849,True,2416.3286275841037,320.0,7,11,13.529175570038737,0
273,14767049,665.0,492.81484008424314,True,2390.733492530731,320.0,9,25,27.944494401791687,3
65,21665031,770.0,533.0406047496133,True,2644.1558099225645,395.0,8,3,5.784223379017054,0
123,25472680,475.0,389.4868243658819,True,1739.766993505055,200.0,7,4,3.438909457986069,0
163,25473373,860.0,578.8221453341183,True,2932.5795156049453,450.0,9,8,8.03879707382606,0
61,109619,1080.0,729.7990009245307,True,3883.7337058245403,565.0,9,14,16.698788208400515,0
241,110031,285.0,265.553280494971,True,958.9856671183171,95.0,1,2,2.9107144720479927,0
161,5811245211,490.0,391.8087647159663,True,1754.3952177105887,215.0,4,3,3.365749492800806,0
43,6183125372,365.0,318.2065749650529,True,1290.7014222798339,140.0,4,19,14.916799479557444,0
134,11200374910,585.0,428.53056137018393,True,1985.7425366321581,285.0,2,0,1.0146767225427777,0
165,14069254029,535.0,417.56746775859466,True,1916.675046879147,240.0,5,16,13.24767497090976,0
133,25476041,665.0,499.9607066593797,True,2435.7524519540907,315.0,9,12,6.035531719693081,0
199,9398043798,290.0,270.9810965519412,True,993.1809082772294,100.0,1,5,3.7526870745031684,0
69,107320,1005.0,673.7957870185484,True,3530.9134582168545,555.0,11,17,16.901375345694333,0
168,1667203491,815.0,557.3921114079844,True,2797.5703018703025,430.0,7,17,10.592921032782197,0
104,25257053,680.0,496.4249156889399,True,2413.476968840322,330.0,8,28,29.305831693366223,0
90,9371260474,385.0,334.30600486374993,True,1392.1278306416252,150.0,3,8,9.008384010620889,0
243,108260,955.0,629.8259322232119,True,3253.9033730062383,520.0,10,10,11.895483297195753,0
58,25476020,875.0,464.07626030768154,True,2209.6804399383955,590.0,7,10,10.20929563856706,0
227,10845640242,565.0,428.6325629791332,True,1986.385146768538,260.0,3,15,12.944771920081903,0
67,25620550,840.0,586.3039705926211,True,2979.7150147335124,425.0,7,5,10.137294296653566,0
38,14791188,425.0,354.772695136756,True,1521.0679793615632,175.0,6,9,7.8578696360635965,0
194,25257657,425.0,347.4402854314432,True,1474.8737982180926,200.0,6,24,24.041126113640658,0
282,107863,650.0,453.28075391331527,True,2141.6687496538866,330.0,6,18,19.052000135293675,0
51,3531897238,730.0,505.88036870519915,True,2473.0463228427557,375.0,13,21,27.87814137144715,6
131,8972731452,235.0,236.21755506997786,False,774.1705969408607,65.0,3,1,1.8713852990606479,0
128,5487714091,805.0,553.5757799798001,True,2773.527413872738,430.0,11,9,4.801054520060157,0
170,107352,220.0,231.27575507541206,False,743.0372569750958,55.0,2,10,13.21098456201867,3
140,108045,760.0,468.9670446558911,True,2240.4923813321157,430.0,6,23,29.83999165341837,0
236,12741759953,1280.0,790.4488388014339,True,4265.827684449041,775.0,15,44,47.12660441416397,0
106,25256275,95.0,160.12404786240717,False,294.78150153316517,0.0,2,0,0.0,0
242,14727254,865.0,503.40174225229663,True,2457.4309761894697,510.0,3,15,14.399528840818697,0
244,281454988,555.0,431.66499833892715,True,2005.4894895352415,250.0,6,9,10.939752795476267,0
247,5932959891,1165.0,630.2646271905816,True,3256.6671513006654,900.0,10,26,20.853115040135798,0
87,9791487,905.0,571.75140418997,True,2888.033846396813,500.0,5,30,22.00315010500353,0
198,281454959,685.0,520.6643071107666,True,2566.185134797832,320.0,7,1,4.986645065671856,0
23,14727249,1255.0,683.0749511373622,True,3589.372192165381,850.0,7,18,18.097475288378764,0
113,1678452820,970.0,539.8222956105333,True,2686.8804623463616,655.0,8,12,12.953476953100449,0
268,107860,1370.0,784.9863437279165,True,4231.41396548587,820.0,11,16,18.65560164339325,0
72,292252720,1245.0,659.1884658227464,True,3438.887334683293,780.0,6,3,3.903451322024577,0
7,107806,705.0,493.02341153436385,True,2392.047492666492,375.0,8,14,14.199081614068234,0
139,9791152,390.0,325.2350376393141,True,1334.9807371276786,160.0,4,8,8.357079509945397,0
197,281455009,630.0,478.2493240587404,True,2298.970741570064,295.0,8,9,5.07156345409116,0
269,107318,215.0,224.17726261176688,False,698.3167544541312,55.0,4,1,1.0371781098054322,0
218,21665367,910.0,595.1702036187799,True,3035.5722827983104,490.0,7,20,15.713096348714096,0
24,107792,500.0,398.35835979689557,True,1795.6576667204413,220.0,7,10,11.846906061600496,0
94,9512937,705.0,494.9829412549289,True,2404.392529906054,375.0,5,8,9.458220717784949,0
95,9789821,750.0,532.0103438773923,True,2637.6651664275714,375.0,7,20,16.62092789666821,0
263,12921761055,845.0,584.1408034766368,True,2966.08706190281,435.0,9,28,31.103661900949884,0
248,2453947049,1240.0,780.4855486430768,True,4203.058956451384,715.0,11,34,23.21186725089678,0
73,110009,1010.0,693.4106211706134,True,3654.4869133748653,520.0,7,12,7.284494496689856,0
91,6214704100,410.0,351.04750449068536,True,1497.5992782913181,160.0,5,12,10.8636762639958,0
149,273194,925.0,571.766178261474,True,2888.12692304728,520.0,11,29,36.19517838374357,0
225,2947858564,230.0,241.11051757313638,False,804.9962607107589,60.0,1,12,14.89974306422637,6
167,348895654,300.0,279.4252536609222,True,1046.3790980638098,100.0,7,18,22.012207491869667,0
19,25531001,550.0,422.4921326951135,True,1947.7004359792152,250.0,8,8,8.449056958987729,0
217,9498441980,340.0,297.01191609927366,True,1157.1750714254235,130.0,2,4,5.22745847227918,0
63,25257304,1210.0,831.4021700954593,True,4523.833671601393,625.0,19,26,27.380674060130595,0
79,109838,600.0,395.02653885849696,True,1774.6671948085316,330.0,5,9,5.788543130770977,0
183,25522907,435.0,342.3014078539247,True,1442.498869479725,195.0,4,10,9.040261708243122,0
223,2934851453,480.0,341.46145473085966,True,1437.2071648044148,240.0,3,4,4.869462244374944,0
56,4457798822,525.0,414.0649703724733,True,1894.6093133465815,235.0,5,5,4.373451432771528,0
278,383974165,460.0,327.35269861448563,True,1348.32200127126,250.0,1,15,18.709870100835275,0
3,1616122145,295.0,263.6302037972417,True,946.870283922622,110.0,6,7,6.1607697642789585,0
40,25504261,990.0,666.9023673706905,True,3487.4849144353516,520.0,10,15,19.824387685805767,0
100,12765774269,840.0,589.5401750187651,True,3000.103102618222,425.0,5,16,21.724188387029884,0
1,4969460352,1165.0,676.6385619003012,True,3548.8229399718966,990.0,4,4,3.6812820512820497,0
21,9515370,715.0,435.95748391249515,True,2032.5321486487212,405.0,5,15,16.775555844125794,0
290,25532839,680.0,491.7927421879399,True,2384.2942757840196,335.0,9,35,54.352226256874346,18
230,298205891,890.0,618.6485994516107,True,3183.4861765451483,455.0,15,23,21.98607101310552,0
124,107795,690.0,486.0607959955531,True,2348.183014771986,690.0,5,27,34.209609027212885,4
182,25524240,1565.0,835.994378924727,True,4552.764587225781,1210.0,19,45,39.906360283332674,0
219,7223638134,850.0,475.444234186034,True,2281.298675372014,565.0,5,9,9.108170560409379,0
116,9167793401,720.0,485.86686164097847,True,2346.961228338162,430.0,8,5,10.974849861559433,0
208,25533578,660.0,478.5211306723257,True,2300.6831232356535,325.0,1,13,16.886591964708884,0
228,2456267967,645.0,470.6423557351967,True,2251.0468411317397,370.0,7,8,13.086863876257523,0
187,4222962185,960.0,589.3264376422563,True,2998.7565571462173,545.0,5,18,19.976573723952406,0
138,4784457212,375.0,328.2230490476289,True,1353.8052090000626,145.0,3,4,3.13593292138166,0
145,6173783039,555.0,429.85262212545103,True,1994.0715193903418,250.0,5,11,15.423348599876515,0
20,2271434264,620.0,452.019598926866,True,2133.723473239256,300.0,5,12,11.65866475604967,0
200,25502829,290.0,270.0484027237186,True,987.304937159427,100.0,6,6,4.5226604641679735,0
287,25256256,545.0,434.14689924178526,True,2021.1254652232478,240.0,10,4,8.870320534733628,0
132,1612319349,530.0,406.70109405859165,True,1848.2168925691267,245.0,6,19,19.18706240467025,4
209,9791489,215.0,229.6406017832577,False,732.7357912345228,50.0,3,1,2.2379695681715277,0
4,333650017,880.0,582.0664549429702,True,2953.0186661407097,470.0,3,10,13.891325475025361,0
189,9791495,275.0,266.3183810776593,True,963.8058007892535,85.0,2,1,2.857063669842362,0
81,11707733695,855.0,492.571481811682,True,2389.2003354135963,620.0,6,10,9.219982344651113,0
130,701608631,455.0,341.41744778292053,True,1436.9299210324,215.0,5,6,7.328958701056142,0
178,12292980260,1065.0,644.54781982694,True,3346.6512649097217,610.0,8,27,24.888431593785043,0
279,9167793401,260.0,254.90454046164112,True,891.8986049083388,80.0,3,6,6.026431013973745,0
48,107715,385.0,330.2916890267246,True,1366.8376408683648,150.0,5,1,3.3184257729120605,0
250,110004,845.0,603.6095132606819,True,3088.739933542294,420.0,3,27,18.530335160746542,0
152,2440630566,540.0,411.77424700143604,True,1880.1777561090469,250.0,3,6,11.143146880836593,0
288,25496815,1000.0,682.0860028419864,True,3583.1418179045104,520.0,9,24,24.754152697671067,0
78,25471089,1050.0,693.3466899072807,True,3654.0841464158666,560.0,6,4,11.353658896678638,0
218,4368839072,95.0,160.59340371313726,False,297.7384433927646,0.0,2,0,0.0,0
202,25524243,1505.0,770.7439692287475,True,4141.687006141095,995.0,4,3,7.856524031951649,0
262,1635864532,575.0,451.29291821737377,True,2129.1453847694547,255.0,5,5,4.576863100221652,0
286,25522907,760.0,532.915164543817,True,2643.3655366260464,385.0,8,21,19.353308602238492,0
185,5568839679,640.0,467.3470987885113,True,2230.286722367624,310.0,13,1,3.1348709712514116,0
284,102025,480.0,388.7039414257435,True,1734.8348309821833,205.0,3,12,8.173017807678198,0
160,107812,830.0,528.275662405589,True,2614.136673155211,505.0,8,20,17.7082865382106,0
71,21665719,230.0,238.6427752953117,False,789.4494843604633,60.0,2,3,3.076785529783172,0
212,108258,645.0,491.712342619604,True,2383.7877585035058,300.0,9,7,8.413399104126425,0
285,12959447,835.0,584.3393767979377,True,2967.3380738270052,425.0,10,17,20.248191772476094,0
141,9475528,550.0,428.89518967283635,True,1988.0396949388692,245.0,10,2,3.4266559740820552,0
15,1694551549,740.0,536.6193272890615,True,2666.7017619210833,360.0,10,6,6.579935820649331,0
30,1230855633,390.0,318.28878965973945,True,1291.2193748563584,165.0,2,28,29.797085935366827,8
41,3552338823,305.0,277.1544384178014,True,1032.0729620321483,110.0,2,8,6.179928181361161,0
143,9167793401,445.0,354.8755593001466,True,1521.716023590924,205.0,8,11,8.673426548148253,0
115,21666011,845.0,553.3743413812708,True,2772.2583507020063,455.0,7,17,11.448865548014245,0
119,255578,570.0,440.69626037658986,True,2062.3864403725165,260.0,5,19,13.268478826338239,0
148,634568069,430.0,352.18475723981425,True,1504.7639706108298,180.0,8,6,4.577847029069205,0
121,2941537163,655.0,498.4313629535159,True,2426.1175866071503,305.0,11,8,7.960598248625535,0
235,2587253639,545.0,398.94646944937864,True,1799.3627575310863,315.0,7,10,12.928452008399985,0
260,351788581,775.0,564.6433825929479,True,2843.253310335572,375.0,14,22,15.604309229408557,0
205,820271,400.0,341.1180271038745,True,1435.0435707544098,160.0,7,4,6.359987217564459,0
256,452514378,820.0,582.0718862863147,True,2953.0528836037834,410.0,9,18,16.780695863424107,0
118,108300,1145.0,755.2828349238031,True,4044.281860019959,615.0,15,25,30.333907843799253,0
274,21590614,405.0,339.08194377014973,True,1422.2162457519437,165.0,6,12,9.705046441904402,0
170,5393414954,195.0,218.4611145078665,False,662.3050213995587,195.0,0,24,37.04079928186819,11
99,108216,1325.0,825.0585742740822,True,4483.869017926719,755.0,18,21,15.045320118063385,0
31,25496815,295.0,273.97236865840694,True,1012.0259225479639,100.0,5,10,6.101303349376746,0
97,110004,1065.0,679.2573595821989,True,3565.3213653678504,600.0,9,23,18.485053411783234,0
18,823745,345.0,309.5246899284231,True,1236.0055465490652,125.0,2,1,1.7048731551815288,0
21,255576,115.0,158.39815657686566,False,283.9083864342535,55.0,0,8,6.4455263395703435,0
75,25501330,685.0,499.7782998780641,True,2434.603289231805,335.0,6,12,11.835212236698037,0
83,1691133712,305.0,283.9969592951816,True,1075.180843559644,105.0,2,5,3.3481446019048717,0
186,4171766884,525.0,392.61749456653695,True,1759.490215769183,250.0,7,8,4.302096535056103,0
11,25475387,610.0,464.8168670949733,True,2214.346262698331,280.0,9,19,19.282919676860544,0
267,1614846675,890.0,519.2820777713591,True,2557.477089959562,525.0,4,13,11.639189622393996,0
188,452486137,495.0,387.0170389893752,True,1724.2073456330643,220.0,5,4,4.5467641346394725,0
59,452236138,370.0,318.92024255812845,True,1295.1975281162095,145.0,5,5,6.973438127907367,0
106,25522558,205.0,214.54549618970185,False,637.6366259951214,50.0,2,0,1.126560011648256,0
14,452219937,710.0,512.3147150353705,True,2513.582704722834,350.0,5,8,6.569224017331991,0
204,26699545,585.0,423.5940146379884,True,1954.6422922193276,285.0,3,14,13.334701021078455,0
49,108293,635.0,480.24535609813756,True,2311.545743418266,295.0,5,12,13.31719595398625,0
127,24973086,970.0,633.6263325725641,True,3277.8458952071546,560.0,7,27,22.28270686698095,0
112,25257319,920.0,562.433111481358,True,2829.328602332555,585.0,10,9,8.550089022957298,0
156,1691133712,620.0,458.60244575405886,True,2175.1954082505713,295.0,5,9,9.872619488029517,0
55,9791495,300.0,280.0346380507419,True,1050.218219719674,100.0,6,5,3.9570461505041425,0
222,6266808745,535.0,423.40238191143715,True,1953.4350060420534,235.0,8,18,18.404340630896566,0
151,452396959,1650.0,690.150147443616,True,3633.9459288947696,1200.0,5,1,2.801220833506178,0
275,4222962219,360.0,315.63521592797014,True,1274.501860346212,135.0,2,15,22.96632503431632,4
280,12354833,905.0,640.2994372902472,True,3319.88645492856,455.0,8,26,31.410538147769344,0
276,26652119,770.0,538.4882961382729,True,2678.476265671119,390.0,6,24,20.44842094655301,0
210,7684091168,1325.0,836.5719817171026,True,4556.403484817749,735.0,16,26,23.095381080939752,0
42,108236,405.0,326.43472778185355,True,1342.5387850256773,175.0,2,10,9.935214562380978,0
224,12422012434,875.0,545.1093165769154,True,2720.1886944345633,490.0,6,18,19.82342776343638,0
252,25471089,850.0,568.2951629976882,True,2866.2595268854348,470.0,10,22,21.892069043648497,0
240,25544136,1030.0,608.9815149733196,True,3122.583544331912,615.0,5,29,24.76973196743564,0
61,25473375,315.0,288.98372773596554,True,1106.5974847365828,110.0,3,2,7.192881560838781,0
263,12283867782,220.0,227.64691172201518,False,720.1755438486955,60.0,4,8,5.97892212941422,0
117,3733175891,740.0,491.0564444255472,True,2379.655599880948,740.0,6,19,27.061330817949017,6
220,1678452742,395.0,338.05818169397025,True,1415.7665446720132,155.0,1,4,6.746587205935411,0
93,452169167,690.0,508.22471036263926,True,2487.81567528463,330.0,8,15,13.260332686927725,0
257,26374236,1005.0,710.319806244512,True,3761.014779340422,505.0,14,9,10.38330060744724,0
258,351788581,580.0,421.12232829785046,True,1939.0706682764585,285.0,5,15,16.824461378514826,0
182,9791487,190.0,213.0032301493089,False,627.9203499406461,40.0,2,2,1.5075855202445707,0
57,25533578,1090.0,647.1849723327723,True,3363.265325696467,660.0,13,20,22.60082280954684,0
62,13329450969,410.0,345.9505485018631,True,1465.4884555617368,165.0,5,6,7.248040698742393,0
246,603751942,595.0,463.9741416365883,True,2209.037092310506,270.0,6,3,4.390579698049614,0
96,26699537,945.0,547.3638003597952,True,2734.391942266707,945.0,7,56,64.45100659333463,0
266,26699551,890.0,600.7731659713992,True,3070.870945619818,535.0,12,22,19.256398658616853,0
39,109838,775.0,564.4384431311632,True,2841.96219172633,375.0,5,10,8.797064697703552,0
251,3933844368,515.0,405.8708596234252,True,1842.9864156275783,230.0,4,14,12.48119440718922,0
271,8972731452,845.0,595.5361993715726,True,3037.878056040905,425.0,8,19,15.35283078279965,0
70,1691133703,1110.0,635.9988346176957,True,3292.792658091484,775.0,13,6,10.671918684148299,0
166,108895,445.0,308.9781577807357,True,1232.5623940186356,250.0,1,7,4.24546382526416,0
125,333722489,565.0,433.4288459685586,True,2016.6017296019188,260.0,1,8,10.960972522524317,0
154,11747638084,800.0,537.6192129056487,True,2673.001041305585,440.0,2,17,16.064769835175213,0
77,846861643,1070.0,546.8359252313065,True,2731.0663289572312,795.0,5,5,5.984341171527312,0
90,107801,360.0,318.208695929086,True,1290.7147843532414,135.0,4,13,14.411395425189852,0
35,25473423,655.0,486.3035358908336,True,2349.712276112252,335.0,3,13,10.152035314219535,0
8,25473300,745.0,521.7585595941387,True,2573.078925443074,375.0,6,10,7.269000669776203,0
95,1616122178,275.0,267.55273843977886,True,971.5822521706067,85.0,2,5,4.5069087886998895,0
223,108258,270.0,248.96970456241323,True,854.5091387432032,95.0,2,4,2.2943229626271027,0
206,2453947049,1030.0,677.2726678974965,True,3552.8178077542234,555.0,16,25,24.913508847041,0
216,273194,585.0,453.3451475229427,True,2142.0744293945377,265.0,2,9,9.298242338735829,0
85,107831,585.0,443.26244665950946,True,2078.553413954908,270.0,5,14,8.240579638160128,0
176,11866625772,665.0,494.6361003006465,True,2402.207431894073,315.0,3,28,31.78017661291492,5
288,25375812,200.0,215.89413950751663,False,646.1330788973544,45.0,1,0,1.7251982522752292,0
237,4955757618,505.0,406.57232187580064,True,1847.4056278175447,220.0,4,3,3.789190430196604,0
124,107823,250.0,242.4233618920212,True,813.2671799197333,80.0,2,8,11.071868541198112,1
7,25502540,310.0,277.155269296462,True,1032.07819656771,115.0,2,4,6.042158688339057,0
215,21665581,475.0,378.0023982497433,True,1667.4151089733825,210.0,3,9,8.715007387390699,0
208,1678452758,250.0,249.00697269301534,False,854.7439279659965,75.0,1,10,7.927464848538592,0
89,659653204,580.0,442.6133771329422,True,2074.464275937536,270.0,4,20,16.875943946719,0
146,1317156147,705.0,520.141391652899,True,2562.8907674132633,340.0,6,12,13.99386507831806,0
277,26699545,860.0,550.2111827302198,True,2752.3304512003847,470.0,9,8,9.3521002972446,0
164,27503587,1330.0,678.5602074864227,True,3560.92930716445,855.0,6,2,0.7041671325171328,0
192,26559655,825.0,574.5060216752075,True,2905.3879365538055,420.0,13,17,17.70460792130965,0
126,107797,545.0,370.38886680360105,True,1619.449860862687,395.0,3,14,17.984630624023318,0
254,2191480791,720.0,518.0971913659688,True,2550.0123056056045,355.0,12,38,54.04055457883996,21
162,25257810,630.0,467.7707156966337,True,2232.955508888791,300.0,8,13,14.956767390483334,0
9,1694551549,695.0,509.15242684924453,True,2493.6602891502425,335.0,6,14,17.932702811615055,0
12,9770373583,1210.0,796.0875448091296,True,4301.351532297518,650.0,12,27,26.2510425466158,0
64,1614978621,535.0,416.48863077342673,True,1909.8783738725897,240.0,4,8,6.710023074875379,0
292,25306041,665.0,478.31125466990125,True,2299.360904420377,330.0,5,5,4.298701471975076,0
171,12650816262,715.0,525.9740264856647,True,2599.636366859686,345.0,11,8,6.7200280607599945,0
245,21665360,740.0,507.65673201477784,True,2484.2374116931014,455.0,7,8,7.155848593659114,0
230,25501330,275.0,263.979987694443,True,949.0739224749908,90.0,4,1,3.18192080590076,0
175,107799,800.0,552.3432893872472,True,2765.762723139655,490.0,12,10,9.22870367446485,0
195,25471371,660.0,486.67215424236997,True,2352.0345717269315,315.0,8,13,14.765325715835482,0
197,3326326775,330.0,293.01918895453,True,1132.020890413539,120.0,3,2,3.600379366737335,0
273,25375955,430.0,331.0948648354035,True,1371.8976484630425,195.0,4,11,8.095110155495703,0
226,452236138,915.0,637.4665425789326,True,3302.039218247274,465.0,8,26,25.17304978651269,0
266,1678452820,70.0,145.95061572299656,False,205.48887905487823,0.0,1,0,0.0,0
5,452236138,700.0,518.8918383603605,True,2555.01858167027,335.0,9,10,10.378106696605128,0
278,3442281747,305.0,274.9783972836964,True,1018.3639028872866,110.0,2,2,3.2845221287816817,0
13,5560599869,775.0,570.4032592788033,True,2879.540533456462,375.0,5,19,12.179967592639592,0
69,14003329325,425.0,348.54983934979913,True,1481.8639879037337,180.0,1,0,2.5843741693443003,0
131,21665585,390.0,333.84161999023695,True,1389.2022059384926,155.0,3,13,13.16199925741201,0
32,25473399,560.0,442.03468690207035,True,2070.818527483044,250.0,9,7,4.46667047687265,0
127,1163913429,155.0,192.5314467324541,False,498.9481144144608,20.0,2,0,0.33634023103067867,0
114,25472806,795.0,558.075124997104,True,2801.873287481755,400.0,11,8,14.728566695357589,0
265,9295694734,715.0,522.6075063978907,True,2578.4272903067117,345.0,6,18,15.358454179360528,3
289,21665909,480.0,376.43591021777337,True,1657.546234371972,215.0,2,11,8.001959916341972,0
169,266481798,670.0,493.1218258182987,True,2392.6675026552803,340.0,6,33,37.28600834872369,3
232,1667118171,1525.0,923.1231971879494,True,5101.676142284078,885.0,16,17,15.359350298427271,0
270,25474562,970.0,539.9311157588573,True,2687.5660292807997,590.0,3,0,0.0,0
135,4784457202,590.0,444.1653478102067,True,2084.2416912043045,275.0,6,14,15.58726512848151,0
155,25502545,625.0,450.7215591034174,True,2125.545822351529,305.0,4,8,7.835024373912244,0
125,25507334,90.0,157.28371979141852,False,276.8874346859365,0.0,1,0,0.0,0
213,1678452814,940.0,628.2855660862202,True,3244.1990663431866,500.0,7,27,21.374034347202258,0
16,1409010786,725.0,538.6361417256093,True,2679.4076928713353,345.0,5,10,7.419192877220482,0
122,3560950179,935.0,643.8843857196066,True,3342.4716300335217,480.0,12,14,17.32213391484499,0
172,25496592,480.0,373.7037435721271,True,1640.3335845044003,215.0,4,9,9.874643183963407,0
207,25256620,730.0,511.00529249354514,True,2505.333342709335,370.0,12,11,13.632056971848856,0
217,14727249,370.0,316.6949081459796,True,1281.1779213196714,145.0,1,7,7.541096873588136,0
136,108903,1015.0,656.3872857693578,True,3421.2399003469504,570.0,9,19,20.222087063461323,0
100,21563009,350.0,308.8430903174251,True,1231.7114689997782,130.0,2,11,11.953879204444409,0
44,109391,760.0,558.540800171531,True,2804.807041080647,365.0,7,16,15.35547550783863,0
244,25502834,420.0,350.5261177077992,True,1494.3145415591355,170.0,3,5,5.594764140830807,0
128,25529933,440.0,360.85057062604125,True,1559.3585949440594,190.0,1,3,4.349588805291363,0
174,12120966382,1130.0,738.0860198877915,True,3935.9419252930893,610.0,13,10,13.796877755865447,0
291,25473512,560.0,432.5059852834952,True,2010.787707286019,255.0,8,4,3.9354304831050344,0
88,200044,1400.0,868.7851150350612,True,4759.346224720888,790.0,16,21,20.55698265388597,0
283,25495441,730.0,509.6959283633396,True,2497.0843486890403,370.0,8,3,5.598516943900294,0
181,25257793,725.0,522.1461843912887,True,2575.5209616651155,355.0,8,20,19.332877813425842,0
152,9521034,310.0,284.46198828473285,True,1078.110526193817,110.0,5,13,23.118424050196438,6
178,25533613,320.0,291.7454842290312,True,1123.9965506428966,115.0,3,9,11.57477789962816,0
10,25505558,630.0,469.10653490090823,True,2241.371169875723,300.0,9,6,7.035086047060745,0
142,107319,585.0,451.5890945325396,True,2131.0112955549994,265.0,9,7,8.821431507180835,0
52,25533613,965.0,629.9665594891219,True,3254.789324781467,535.0,6,19,17.922918860606934,0
54,235235,720.0,511.9405088759216,True,2511.225205918309,360.0,7,18,14.779947914264318,0
31,25257028,260.0,251.40343048825937,True,869.841612076034,80.0,1,3,3.7751219151259257,0
231,255576,975.0,598.2223659766389,True,3054.8009056528235,640.0,12,22,20.02585858592857,0
47,25544136,565.0,431.8693487130016,True,2006.7768968919104,260.0,11,8,6.858696631610744,0
26,11544697,1375.0,793.9674304660323,True,4287.994811936003,815.0,10,17,17.675686863156983,0
201,1684410086,670.0,488.5186045875415,True,2363.6672089015115,325.0,4,12,7.471462576401506,0
243,25417428,505.0,400.9954563347199,True,1812.2713749087363,220.0,2,28,30.94095943607161,2
121,9398115367,305.0,274.20509528817905,True,1013.4921003155278,110.0,3,2,1.774911585873148,0
170,1607738730,275.0,267.1264948864271,True,968.8969177844907,85.0,1,1,1.6996535468539968,0
147,6183125372,730.0,542.3774852362976,True,2702.9781569886736,350.0,5,16,15.231902436834531,0
129,25498827,770.0,553.8681185194304,True,2775.3691466724117,380.0,10,23,21.181632499383596,0
233,9791152,695.0,496.45094361896713,True,2413.640944799495,345.0,5,7,6.375350263096197,0
282,7787603288,505.0,394.54919765664164,True,1771.6599452368412,225.0,7,4,6.717692536809065,0
230,273194,130.0,182.39527801202556,False,435.09025147576074,0.0,6,0,0.0,0
220,21590631,210.0,224.282786849622,False,698.9815571526187,50.0,1,1,2.7876407639163254,0
221,1667118119,750.0,554.2889628409619,True,2778.0204658980606,360.0,8,12,11.803556145462379,0
20,9791495,390.0,336.52221656285917,True,1406.089964346012,150.0,2,3,3.1034196000848193,0
148,25504263,335.0,301.7944362152857,True,1187.3049481562998,120.0,8,10,11.302936951041548,0
253,12026767,695.0,512.5572463030666,True,2515.1106517093203,335.0,8,10,11.195184767033302,0
260,108059,325.0,292.6024030352527,True,1129.395139122092,120.0,2,6,8.416643217654329,0
139,1685938727,480.0,391.37763792096337,True,1751.6791189020691,205.0,7,10,6.121678793170756,0
86,1684410113,815.0,589.9994462916494,True,3002.996511637388,400.0,20,15,10.339991631095817,0
92,1678452758,1125.0,655.167479822139,True,3413.5551228794707,775.0,12,19,17.905802451271107,0
68,1611442272,755.0,536.4910208261184,True,2665.893431204545,375.0,3,21,16.333024629503637,0
215,21665582,175.0,205.172100124428,False,578.5842307838964,175.0,1,31,35.340291223347336,0
246,9791495,235.0,235.91843409362934,False,772.2861347898647,65.0,2,2,3.0080917005529306,0
36,9295694734,1055.0,716.6912159658557,True,3801.154660584896,550.0,16,48,45.489650260174294,2
268,107318,505.0,401.5154748068714,True,1815.5474912832888,220.0,8,10,9.94253848741094,0
103,2271434264,1240.0,779.3700760142673,True,4196.03147888988,690.0,11,12,13.403221119555875,0
168,603751942,580.0,436.0142162154684,True,2032.8895621574504,270.0,4,16,13.74093567366703,0
25,26699543,655.0,484.24174374128347,True,2336.7229855700866,315.0,8,19,20.87412658580302,0
126,2934851453,180.0,209.58015247255216,False,606.3549605770786,30.0,2,3,2.713336387371681,0
227,2441107350,565.0,436.24659063843615,True,2034.353521022148,255.0,4,18,21.101127623232404,3
279,311422343,410.0,346.5582215189881,True,1469.3167955696247,165.0,4,6,5.568961476727194,0
60,107863,1235.0,743.4081340981983,True,3969.471244818648,735.0,19,16,18.1201753581176,0
234,9791495,790.0,548.5495252725037,True,2741.8620092167744,455.0,6,6,13.617972070030397,0
212,972535572,385.0,325.88999723821456,True,1339.1069826007522,155.0,4,5,3.084670669426621,0
258,333719185,265.0,255.62253583789936,True,896.4219757787655,85.0,1,8,2.8909010821650023,0
226,275422,185.0,211.93116645119275,False,621.1663486425147,35.0,2,1,2.9804165865187078,0
128,2089584869,120.0,174.18352086775113,False,383.356181466832,0.0,0,0,0.0,0
48,25496815,435.0,360.67426178327065,True,1558.247849234605,180.0,3,6,5.711929860740318,0
191,11329900032,830.0,548.0057251517234,True,2738.436068455856,465.0,8,10,6.741430775365079,0
175,4307559861,205.0,224.39812682206514,False,699.7081989790101,45.0,1,2,4.294564980404713,0
28,25498827,1015.0,710.3752036187045,True,3761.3637827978378,515.0,13,17,14.496882292188959,0
236,3552338823,560.0,419.14370014419944,True,1926.6053109084585,265.0,1,16,14.088379319771589,0
87,9791152,550.0,435.52226872998085,True,2029.79029299888,245.0,12,10,6.611716515819125,0
211,25502829,1060.0,664.43569849525,True,3471.944900520076,590.0,12,9,10.307845021077958,0
275,1493458889,340.0,300.9211728050114,True,1181.803388671572,125.0,4,2,2.900476390766161,0
19,4360406511,525.0,409.81491392563856,True,1867.8339577315237,235.0,5,5,3.5334138871328578,0
220,9791152,100.0,161.42848005519122,False,302.99942434770475,0.0,0,0,0.0,0
34,844784034,990.0,668.2398497634115,True,3495.911053509491,520.0,7,31,32.82845573628476,0
109,25531001,915.0,641.0505008640777,True,3324.6181554436894,465.0,7,26,20.9769403924302,0
120,102031,765.0,536.1154096869581,True,2663.527081027835,385.0,10,16,12.623501735459033,0
76,25498869,980.0,693.5217093324246,True,3655.1867687942727,490.0,9,15,13.824225911350073,0
133,25257284,665.0,474.0097863262894,True,2272.261653855623,330.0,10,30,29.126860565397592,0
280,2191588310,375.0,319.50168863668927,True,1298.8606384111415,150.0,4,14,10.400420216430007,1
262,107320,465.0,373.0371890467449,True,1636.1342909944926,200.0,5,4,5.305418367586889,0
190,107349,1050.0,713.8624400983906,True,3783.333372619858,550.0,9,12,12.333424398216112,0
272,194250,750.0,532.8341367627775,True,2642.8550616054995,375.0,10,4,9.165223593417396,0
200,1678452820,515.0,410.613580320835,True,1872.8655560212605,225.0,7,6,6.004687199277449,0
214,255562,800.0,546.4564461342425,True,2728.6756106457283,415.0,8,5,7.409203741458212,0
163,9791153,685.0,493.60767336129754,True,2395.728342176174,335.0,6,9,9.470295805683191,0
17,107793,785.0,491.7442663217081,True,2383.9888778267627,440.0,11,6,8.263021080401952,0
132,25256289,520.0,409.14773395479284,True,1863.630723915195,230.0,3,11,12.537194803073733,0
12,2047806084,275.0,263.4160022258432,True,945.5208140228124,90.0,3,10,17.867934066229825,7
98,3764054180,1095.0,749.4144331364779,True,4007.3109287598077,570.0,10,7,9.013542446062552,0
104,107863,690.0,489.8187483556354,True,2371.8581146405004,345.0,6,10,11.464649256381769,0
110,21665926,925.0,580.8263558932914,True,2945.206042127739,515.0,13,5,5.961200640258935,0
239,9295694734,1170.0,669.6689967985545,True,3504.914679830895,990.0,9,25,26.287256901964135,0
80,1646306203,1165.0,767.8109380020657,True,4123.208909413007,625.0,9,58,66.93459927843651,0
153,4174200043,1320.0,872.7493670842647,True,4784.321012630866,705.0,13,21,22.664508571728472,0
255,9295694734,750.0,536.325795713835,True,2664.8525129971595,370.0,4,15,15.640824216417434,0
38,110031,680.0,510.8366580591513,True,2504.270945772653,320.0,8,13,8.482548108872988,0
29,21666019,750.0,532.2184218103505,True,2638.9760574052098,375.0,3,5,5.949723960914021,0
61,806821396,400.0,337.5293229172068,True,1412.4347343784027,160.0,2,2,5.474907051555259,0
186,25417431,445.0,359.5025547125491,True,1550.8660946890589,190.0,4,14,14.955377624088092,0
149,14069254029,615.0,461.46356384937815,True,2193.2204522510806,290.0,9,21,16.532946002673366,0
108,6762589361,935.0,652.4748116080681,True,3396.5913131308316,475.0,14,19,17.84014117875049,0
196,25497446,1290.0,805.6770031631066,True,4361.765119927577,725.0,12,17,13.487393778010347,0
37,1614926348,1130.0,633.7846943512751,True,3278.8435744130325,735.0,8,21,17.860785064230846,0
165,2975783588,720.0,530.4680808814362,True,2627.9489095530466,345.0,7,20,20.25785723917797,0
45,6460816408,775.0,553.1592235562999,True,2770.90310840469,385.0,8,20,22.7699808275711,7
225,4222962185,625.0,471.9242702583517,True,2259.1229026276164,290.0,5,12,13.508384057768493,0
203,26559618,820.0,589.2414685332292,True,2998.221251759342,405.0,7,12,9.959868002740285,0
179,8146829426,985.0,682.4722789510877,True,3585.575357391848,505.0,17,17,13.785995099041186,0
180,1619464560,1000.0,601.4638068110957,True,3075.2219829099063,575.0,4,0,0.9233473193473193,0
274,21665911,495.0,385.66792188144507,True,1715.7079078531028,495.0,8,57,60.825453551286714,0
198,25714232,670.0,512.8087119847293,True,2516.694885503795,310.0,6,19,14.061026498497666,0
51,21651908,705.0,511.1394350386316,True,2506.178440743376,345.0,5,8,6.770321020028065,0
142,108214,240.0,247.46848226357446,False,845.051438260519,65.0,2,5,2.1692437407335112,0
59,4347844156,480.0,373.6245702225012,True,1639.834792401757,215.0,5,5,6.010644328249501,0
27,9791487,915.0,595.3784353248034,True,3036.8841425462597,495.0,8,10,6.824609798392016,0
63,7684091168,645.0,486.17228409252004,True,2348.885389782877,300.0,4,8,6.594031616372412,0
65,9966771334,770.0,557.9409084562635,True,2801.027723274461,375.0,8,34,30.121793651071652,0
8,9791495,380.0,327.27304959975754,True,1347.8202124784718,150.0,1,2,2.7762593069919728,0
119,1684410105,545.0,411.08932552959794,True,1875.862750836466,255.0,5,45,68.5583004315348,22
248,25375812,665.0,490.2283777632498,True,2374.4387799084748,320.0,7,16,16.74247674640911,0
156,107793,485.0,382.75867590526167,True,1697.3796582031475,215.0,2,9,11.956112200524649,0
53,2191588310,1025.0,715.729921661621,True,3795.098506468215,520.0,9,13,14.425255430728422,0
286,7162259986,570.0,439.46552524950107,True,2054.6328090718566,260.0,7,40,45.00654113401422,0
71,8972731452,560.0,435.25837154137275,True,2028.1277407106486,255.0,3,9,6.189697409126195,0
155,1667203523,320.0,295.84052752526367,True,1149.7953234091613,110.0,0,4,4.298678600076327,0
171,1106056863,360.0,311.5655005933685,True,1248.8626537382215,140.0,4,13,13.18222689867277,2
166,25417428,420.0,355.0146525121362,True,1522.5923108264585,170.0,6,3,6.022619644258985,0
33,1612472593,875.0,598.4936881292148,True,3056.5102352140516,455.0,6,20,22.74242879079586,0
261,25495513,945.0,652.5654471918009,True,3397.1623173083494,485.0,8,26,31.3508471983072,7
107,1614846702,810.0,586.9237660815144,True,2983.6197263135414,395.0,8,8,8.93991139231668,0
281,21665716,1045.0,580.5061289587092,True,2943.1886124398634,745.0,6,22,17.32701750203968,0
199,2456267967,790.0,558.5108423886077,True,2804.6183070482293,400.0,13,11,10.299941603676402,0
45,9791152,65.0,144.84130338756583,False,198.50021134166457,0.0,0,0,0.0,0
3,107793,670.0,481.98633242420993,True,2322.5138942725225,405.0,9,10,9.202872446346047,0
259,1685938739,1030.0,616.2446117488049,True,3168.3410540174623,595.0,15,21,18.768664478749134,0
124,25257039,405.0,337.9326490776176,True,1414.9756891889915,165.0,2,4,5.672817694966762,0
49,5932856688,525.0,405.4838962995719,True,1840.548546687302,240.0,5,4,5.958682971697528,0
122,1230855633,340.0,300.1207404171641,True,1176.7606646281336,125.0,4,2,4.240812978205197,0
30,1678452820,585.0,447.3358026709577,True,2104.2155568270327,270.0,6,7,12.23032380046714,0
46,2089584869,895.0,624.3471382577479,True,3219.3869710238114,455.0,12,44,43.90132982997791,0
2,2089584869,820.0,564.6715363011411,True,2843.4306786971883,420.0,9,57,77.92343194526596,9
207,21665031,330.0,294.4675796985362,True,1141.1457521007776,120.0,3,19,22.931226950346602,5
249,734769756,885.0,609.331248300555,True,3124.786864293494,455.0,13,28,39.15432845769254,0
228,1317141252,680.0,502.5759311837412,True,2452.2283664575702,325.0,3,40,55.13604847576387,11
130,2441107350,655.0,474.2763555684245,True,2273.9410400810752,320.0,5,26,27.41900902654316,0
140,14023072777,775.0,490.2554041347805,True,2374.6090460491164,430.0,7,6,4.743047900399262,0
282,1678452758,285.0,268.2619005182625,True,976.0499732650537,95.0,2,4,5.664342891561019,0
48,6521883874,210.0,227.03116317924474,False,716.2963280292421,50.0,1,10,8.552555849548543,0
144,12346819547,1100.0,639.5358064969272,True,3315.0755809306393,650.0,8,6,8.517658996131644,0
116,2482696992,690.0,476.71243468650647,True,2289.28833852499,690.0,6,28,35.878773003955004,4
16,2129184256,385.0,319.61903342074487,True,1299.5999105506926,160.0,3,10,16.843816953599152,3
284,25531990,635.0,451.1745289867524,True,2128.3995326165405,315.0,5,19,13.529512360378694,0
84,9791152,1060.0,636.3410093836986,True,3294.948359117299,610.0,9,10,11.691508647007277,0
204,1493424643,570.0,425.68886929072056,True,1967.8398765315387,270.0,5,21,26.463293513217444,3
182,1685751707,510.0,375.6207524076122,True,1652.4107401679582,245.0,8,15,11.369266123946007,0
246,26699545,265.0,257.2679201074409,True,906.7878966768774,80.0,1,15,16.884848718683863,2
194,1493424644,825.0,568.181060400016,True,2865.5406805200996,425.0,7,14,11.795474765320211,0
185,6378017135,650.0,464.8856489321359,True,2214.7795882724554,320.0,5,9,8.181286012326098,0
169,10676305902,410.0,335.73182911726576,True,1401.1105234387742,170.0,9,7,7.008516544774233,0
91,9791495,755.0,541.4996103409476,True,2697.4475451479716,375.0,12,5,5.872083975168048,0
67,25532341,830.0,586.4268948430646,True,2980.48943751131,415.0,5,7,10.020452088519052,0
31,1684410086,345.0,305.07400811734703,True,1207.9662511392862,130.0,2,24,29.553300263267133,7
42,2482696992,560.0,414.3310810811293,True,1896.2858108111154,560.0,9,20,35.28955499713512,4
191,4712556962,245.0,236.93579395597334,True,778.695501922632,75.0,2,4,5.296520790591165,1
285,26591534,660.0,489.941793398662,True,2372.6332984115725,315.0,8,20,18.870283999132813,0
111,5922202129,1115.0,739.0103922892132,True,3941.765471422039,595.0,9,18,17.735723937361936,0
219,21665367,735.0,486.6762705595009,True,2352.060504524856,460.0,9,8,9.79404936076554,0
269,25498869,785.0,567.1969385881679,True,2859.3407131054564,385.0,10,25,22.651774346267402,0
216,107797,485.0,366.17941586763646,True,1592.930319966109,225.0,4,15,14.70175107850671,0
252,1619354251,565.0,421.0527478246225,True,1938.6323112951222,270.0,4,16,22.346996258093938,5
14,452589682,610.0,460.2804113050541,True,2185.7665912218404,285.0,8,13,12.249807693129997,0
235,332040899,655.0,493.0292941967223,True,2392.0845534393493,305.0,4,9,11.486576567847115,0
72,25476041,805.0,467.61805832528563,True,2231.9937674493012,485.0,9,10,8.155407151043823,0
208,1619500438,485.0,379.489370028672,True,1676.7830311806342,215.0,2,8,9.065020229550434,0
75,9512925,630.0,450.97539131302307,True,2127.144965272045,350.0,12,5,7.815823791771268,0
176,2784682616,495.0,399.78493841174793,True,1804.645111994012,215.0,1,12,12.278280086339992,0
153,25257028,180.0,210.35764552173057,False,611.2531667869026,30.0,0,0,0.9444267631382282,0
197,108214,475.0,383.40654177579296,True,1701.461213187496,205.0,2,8,10.401079486554918,0
105,1317141185,1105.0,698.6221535147331,True,3687.31956714281,615.0,11,21,19.479878563378225,0
76,110004,225.0,237.24312762184735,False,780.6317040176381,55.0,2,1,2.238144537353944,0
224,6270734170,590.0,446.15610033616355,True,2096.7834321178293,275.0,3,10,10.014685392879244,0
213,669891670,450.0,369.3597914905965,True,1612.9666863907582,190.0,5,3,3.684613436906908,0
113,25505558,825.0,595.0324056928508,True,3034.704155864962,405.0,8,9,6.195381342866975,0
183,10544188931,790.0,518.3295237171436,True,2551.4759994180067,790.0,6,27,38.58221767663211,5
241,26817585,915.0,664.6070062089871,True,3473.0241391166237,445.0,6,7,11.176509204382226,0
79,25257808,800.0,561.4918041744664,True,2823.3983662991354,405.0,10,23,21.057677587613806,0
195,9522438169,495.0,389.0051092775685,True,1736.732188448681,220.0,7,23,25.29105762281248,0
120,26699545,245.0,234.3868916371496,True,762.6374173140425,80.0,1,7,4.098117077011544,0
136,24973090,430.0,362.65503919304336,True,1570.7267469161725,175.0,6,5,3.002292964698067,0
11,9789821,645.0,426.6983996900706,True,1974.1999180474434,345.0,5,35,37.11476602401812,0
18,334688535,665.0,509.28808575857465,True,2494.514940279021,305.0,5,10,10.233818098659524,0
146,2946815216,520.0,414.27585292829025,True,1895.9378734482289,230.0,8,3,4.209576086978219,0
214,21665581,240.0,240.21881982728468,False,799.3785649118932,70.0,2,11,9.925505054279988,0
23,9512925,845.0,576.4258770691661,True,2917.483025535746,440.0,6,7,8.110999246866319,0
134,4969460352,920.0,569.1942614325652,True,2871.9238470251635,810.0,5,15,10.534826170145465,0
81,1215418493,745.0,549.862432036109,True,2750.1333218274863,360.0,3,32,32.72492917020539,0
244,1614949613,435.0,349.0980770015805,True,1485.3178851099574,190.0,6,1,3.666462957778947,0
170,26559618,390.0,328.24020806787763,True,1353.913310827629,160.0,2,11,11.442071235151799,0
43,11867694471,930.0,632.1030418806027,True,3268.249163847798,485.0,8,26,21.828978552228445,0
227,21665716,340.0,293.92950737006515,True,1137.7558964314105,130.0,4,12,12.720262244099946,0
278,25501016,505.0,371.90464987678746,True,1628.9992942237607,240.0,7,5,10.012721844435944,0
184,12292980260,1020.0,707.0530397020237,True,3740.434150122745,525.0,18,14,18.15998645604948,0
137,108903,1045.0,626.903086416968,True,3235.4894444269034,605.0,9,16,10.205717001610962,0
41,1230855633,725.0,462.5866933145097,True,2200.296167881412,400.0,8,20,13.367008539671252,0
210,1666324140,640.0,476.7656606564351,True,2289.6236621355415,305.0,5,9,10.852754877681189,0
22,1616122178,1105.0,635.3919824133633,True,3288.96948920418,660.0,9,16,13.865205502847381,0
78,102000,760.0,552.22327280769,True,2765.006618688447,370.0,10,17,10.68484026013783,0
44,10544188928,465.0,318.4063093230688,True,1291.959748735333,240.0,2,20,27.376263454742283,3
21,4702603699,695.0,496.596463601605,True,2414.5577206901107,345.0,6,6,8.366194440410455,0
62,351771449,620.0,332.801377463885,True,1382.648678022477,535.0,5,13,14.56141359615209,4
143,1684410105,750.0,502.6113602519191,True,2452.4515695870896,395.0,10,14,13.282806324059711,0
177,1607738730,1070.0,603.2378793568431,True,3086.398639948102,645.0,4,16,13.828733845685239,0
101,7261577394,1080.0,615.859311286464,True,3165.913661104722,645.0,11,17,14.538636509811806,0
114,60728182,530.0,401.9740076767626,True,1818.4362483636046,245.0,5,15,12.804049879395645,0
77,25495441,600.0,452.57294941537685,True,2137.2095813168744,280.0,5,21,16.533842215234472,0
171,21665361,200.0,220.3380326162934,False,674.1296054826483,45.0,1,9,11.283831585817257,0
272,107349,310.0,285.4108156558168,True,1084.088138631646,110.0,2,4,2.5890523691874545,0
290,25470694,860.0,612.7839590465337,True,3146.5389419931635,430.0,9,11,7.301299929440649,0
233,2271434264,450.0,369.65560156666214,True,1614.8302898699708,190.0,4,2,2.532725760224281,0
263,4211515634,675.0,497.1602236897761,True,2418.1094092455896,325.0,6,34,38.35270400056012,0
238,26652357,1110.0,629.2676028384818,True,3250.3858978824305,680.0,5,19,15.085008856762162,0
141,11544697,795.0,556.2418979602852,True,2790.3239571497934,405.0,7,13,14.728072716599577,0
220,21590631,350.0,312.1527968527803,True,1252.5626201725158,130.0,3,5,6.82258555600013,0
110,4709189403,310.0,284.9336536476897,True,1081.0820179804448,110.0,4,3,3.8557650001269863,0
150,25472680,1145.0,696.9169067716382,True,3676.5765126613155,655.0,9,15,9.927730520910414,0
178,1614846692,510.0,396.8095824415267,True,1785.90036938162,230.0,4,18,19.77589497267646,3
250,6173783039,830.0,463.6349844053069,True,2206.9004017534344,505.0,9,4,5.356477960500355,0
61,25496592,300.0,273.96203968680857,True,1011.9608500268937,105.0,0,2,1.5703614333765346,0
47,1612472593,505.0,399.00904110683933,True,1799.7569589730867,225.0,7,9,8.438619120747315,0
15,25257657,810.0,527.699168217153,True,2610.5047597680623,500.0,15,12,14.139354456020778,0
83,1667203550,755.0,561.9692109886929,True,2826.406029228767,360.0,8,8,8.487003956899867,0
287,26651413,865.0,597.2416186893425,True,3048.6221977428595,445.0,9,19,17.012018329777305,0
17,7223638134,345.0,306.87853725251586,True,1219.3347846908496,130.0,4,20,19.67832346109152,0
133,1667118178,355.0,308.49552866333005,True,1229.5218305789788,135.0,3,2,3.4360783712067944,0
187,2482696992,880.0,542.4516375082228,True,2703.445316301804,880.0,1,63,80.05798593473708,4
34,1137916914,370.0,321.0322038413129,True,1308.5028842002707,145.0,7,4,4.069732393349615,0
161,25473300,1035.0,584.6602841058308,True,2969.3597898667254,625.0,12,9,7.175178998512737,0
159,1697772135,1265.0,785.999406189943,True,4237.796258996642,710.0,9,24,22.899096463419284,0
157,9921844608,1235.0,827.8379160254821,True,4501.378870960536,655.0,9,13,16.385600653231712,0
158,2440630566,1255.0,727.8978996791149,True,3871.756767978417,745.0,12,17,14.347690331994544,0
52,1614978621,540.0,416.0513480395754,True,1907.1234926493253,245.0,6,12,14.180343227949027,0
102,25524240,1250.0,605.3585580275984,True,3099.7589155738674,825.0,10,4,3.326784266499065,0
167,358992920,940.0,659.1447418390379,True,3438.6118735859395,475.0,8,24,28.410593902649786,0
138,60728182,895.0,618.1446381986723,True,3180.311220651635,460.0,12,15,15.573601073600429,0
26,25256620,535.0,397.8175028863057,True,1792.2502681837252,255.0,4,16,21.049903910631212,3
256,1611442272,820.0,530.434064287704,True,2627.734605012536,445.0,9,20,16.390780854248078,0
257,452417806,720.0,502.3195694196471,True,2450.613287343777,365.0,10,42,68.45855684841642,18
270,5393414954,610.0,416.38063606669135,True,1909.1980072201561,610.0,3,68,70.79443493952755,0
109,9398115367,395.0,318.5492106446231,True,1292.8600270611244,170.0,6,20,20.061172659579242,0
96,383974165,715.0,508.6768688733523,True,2490.664273902118,355.0,10,14,11.497105337778333,0
265,25501325,615.0,462.8517477413578,True,2201.966010770556,290.0,5,4,10.203231047800141,0
40,2191480791,940.0,656.9064738266303,True,3424.510785107772,480.0,13,18,16.699757319892356,0
288,25531001,670.0,487.77636086394415,True,2358.991073442845,325.0,7,4,8.898699938146054,0
70,102035,705.0,516.0592718790928,True,2537.1734128382823,340.0,7,11,11.103466955280448,0
99,8124381023,820.0,598.4726222749932,True,3056.3775203324603,400.0,8,32,27.802253250061174,0
267,108059,800.0,503.01962351305684,True,2455.023628132258,475.0,6,8,11.643307850096791,0
148,1667203548,510.0,408.14758458286605,True,1857.3297828720563,220.0,8,1,2.8743271827769363,0
160,26652357,870.0,556.8911897542079,True,2794.4144954515095,560.0,10,10,12.689918617076009,0
165,11200374910,345.0,307.0464527374116,True,1220.3926522456918,130.0,2,2,1.812135380926239,0
292,9791497,665.0,480.51425378588925,True,2313.2397988511,325.0,9,21,17.806002493567973,0
86,9512908,510.0,381.47778177191293,True,1689.3100251630506,240.0,3,24,26.858771534271515,0
21,9791495,130.0,182.42270393672487,False,435.2630348013667,0.0,1,0,0.0,0
172,107806,615.0,394.75289800889993,True,1772.943257456071,395.0,4,19,18.758540544380068,0
50,1607738730,1125.0,640.7205239533579,True,3322.539300906145,675.0,3,16,13.26850597190165,0
97,1685938740,845.0,602.3118141935144,True,3080.5644294191407,420.0,13,7,13.377070641167421,0
247,9512937,1025.0,578.8297271693269,True,2932.6272811667627,615.0,7,4,6.366003268512388,0
283,281454988,595.0,463.87018620788774,True,2208.3821731096914,270.0,9,4,3.9029225126438036,0
149,2191588310,380.0,329.4784517842622,True,1361.7142462408515,145.0,6,5,6.3065687923933655,0
56,25496815,985.0,690.5281896453413,True,3636.327594765651,500.0,7,14,14.7044506777243,0
240,108060,790.0,559.6214050375212,True,2811.614851736382,395.0,13,10,12.40204484377467,0
193,109348,1475.0,896.6396379607728,True,4934.829719152871,845.0,12,26,25.6499245171256,0
139,9512933,540.0,410.5341747366015,True,1872.3653008405888,250.0,7,13,11.57887798473085,0
168,1317156147,525.0,389.97070587465254,True,1742.8154470103116,250.0,5,9,5.7026901077085705,0
248,6173783039,350.0,306.6132650734004,True,1217.6635699624233,135.0,5,5,5.977549673197778,0
253,21665135,560.0,431.7369495131404,True,2005.9427819327848,255.0,7,6,8.50539738868911,0
260,25375812,565.0,440.33682030393044,True,2060.121967914762,255.0,10,13,8.531957369477647,0
152,26591528,625.0,466.77999831624595,True,2226.71398939235,295.0,4,5,3.456440910189186,0
225,26652119,400.0,336.32838114339324,True,1404.8688012033779,160.0,3,15,10.262149680675785,0
89,25257319,735.0,530.6936010621351,True,2629.3696866914515,360.0,8,12,18.486367000330375,0
251,500486430,780.0,518.3306500774669,True,2551.483095488041,415.0,6,3,4.333985412083364,0
235,351788581,245.0,250.34800462174275,False,863.1924291169793,65.0,1,1,1.318160113810117,0
58,8421658424,1120.0,625.2135985642541,True,3224.84567095479,680.0,7,30,35.62185859201488,0
171,25544136,155.0,195.08989899385205,False,515.0663636612677,15.0,0,3,2.9691155745609383,1
237,109619,750.0,537.4060950213806,True,2671.658398634696,370.0,4,13,11.236509297097076,0
269,255562,275.0,265.5776869071299,True,959.1394275149178,85.0,4,7,3.503475365653383,0
135,9791495,705.0,483.94613526571453,True,2334.8606521740003,365.0,10,10,14.232316940295902,0
98,1614846692,455.0,368.1312756467425,True,1605.2270365744785,195.0,5,29,33.981789294445335,0
4,25473423,985.0,611.709807505532,True,3139.7717872848484,580.0,9,6,8.605860233905435,0
64,12959447,755.0,548.7555917292062,True,2743.1602278939963,370.0,15,21,27.56901603272045,0
7,6266808745,770.0,516.4101297791767,True,2539.3838176088143,405.0,8,13,13.775188544376741,0
188,25256275,905.0,623.7537894342883,True,3215.648873436014,465.0,7,9,7.167989018786753,0
268,9791484,585.0,451.96044030022745,True,2133.350773891432,265.0,6,14,11.396598573360155,0
32,2482696992,740.0,499.1341865138529,True,2430.5453750372717,740.0,14,19,21.298200130949187,0
151,1678452742,890.0,613.8941121253177,True,3153.532906389503,460.0,12,24,23.551204232721197,0
118,25501773,935.0,627.2049272324003,True,3237.3910415641217,495.0,10,7,11.187232431960206,0
291,5568839679,690.0,510.7886475893308,True,2503.9684798127846,330.0,5,13,8.679487644394607,0
200,7198096092,510.0,323.6191438125381,True,1324.8006060189898,390.0,4,8,14.545715506646657,0
158,5387300688,140.0,188.2125598863116,False,471.7391272837631,5.0,0,0,0.16574087022610354,0
206,1137916914,800.0,559.6120326802076,True,2811.5558058853085,405.0,4,28,31.24287923185766,11
74,3567188470,1210.0,826.369078572818,True,4492.12519500875,630.0,16,26,25.700962530473962,0
82,25496815,1210.0,681.4668024622703,True,3579.2408555123056,730.0,9,21,13.348674939305003,0
29,1612319349,470.0,377.83091665002996,True,1666.3347748951892,205.0,5,12,6.4473097487819775,0
214,25502552,270.0,241.91756073137506,True,810.0806326076627,155.0,3,24,27.487607174373576,6
67,383974165,330.0,279.6574357323507,True,1047.841845113809,130.0,4,11,10.879231221642257,7
8,109838,430.0,337.2465233971543,True,1410.6530974020714,190.0,3,24,27.4531799636655,4
243,60728181,670.0,504.8345722849843,True,2466.4578053954,315.0,12,23,30.14392417811564,3
54,3552338823,680.0,469.9736230036365,True,2246.83382492291,350.0,7,16,12.08026476252518,0
228,2587253639,365.0,308.07534405392846,True,1226.8746675397495,145.0,0,12,15.712419975226096,1
66,21533907,1220.0,675.9349550264867,True,3544.390216666854,745.0,16,39,36.902284843966655,0
209,1607738730,1035.0,669.4987572924065,True,3503.842170942166,565.0,15,38,41.31467806943156,0
38,25500900,485.0,387.7604652225555,True,1728.8909309020994,210.0,5,23,23.511293804559156,0
174,1678452742,705.0,507.0817091003922,True,2480.61476733247,350.0,7,24,19.35189479890318,0
57,21554368,870.0,556.8652159676045,True,2794.250860595911,520.0,3,15,12.581242725109446,0
236,25531002,585.0,434.37163247163005,True,2022.5412845712694,280.0,7,10,6.669939291016218,0
250,1684410086,195.0,214.44930889286672,False,637.0306460250603,40.0,4,1,1.9359065721163575,0
279,1106056866,615.0,427.777800630576,True,1981.0001439726288,315.0,3,2,2.0951318655249267,0
123,108045,1230.0,694.4266885856912,True,3660.8881380898492,740.0,12,23,25.314433585907338,0
222,25498869,925.0,628.423770835868,True,3245.0697562659693,485.0,8,26,21.959886944921646,0
212,25474562,620.0,462.9752812116848,True,2202.7442716336154,295.0,6,25,36.050249220571985,9
126,490253699,630.0,471.9742931291901,True,2259.4380467139,295.0,10,11,7.470139616034934,0
242,292252720,1160.0,785.0528598637518,True,4231.833017141637,610.0,10,31,25.865686783761596,0
10,21665585,725.0,523.5782489508659,True,2584.5429683904536,355.0,1,15,19.031264321383798,0
204,1611442272,375.0,326.532413406644,True,1343.1542044618568,145.0,8,15,13.474393948122172,0
113,2947858564,320.0,290.28969288885395,True,1114.8250651997803,115.0,2,15,17.82076665108504,0
173,25496780,1295.0,858.8759908567461,True,4696.918742397498,690.0,15,29,19.87058020804583,0
180,11052055761,485.0,386.3128777733005,True,1719.7711299717932,210.0,4,17,16.285140158125852,0
277,281454988,830.0,457.1294263093105,True,2165.91538574866,510.0,9,8,8.730221974971672,0
9,3552338823,820.0,556.9449774102765,True,2794.7533576847413,430.0,9,6,13.2000837423668,0
128,108258,620.0,474.8507062998495,True,2277.5594496890503,285.0,7,7,7.216563153488837,0
211,21665361,605.0,443.5159032656618,True,2080.1501905736704,295.0,8,5,6.786723209074119,0
258,21665930,630.0,480.9045690708043,True,2315.6987851460676,290.0,5,15,10.397686308163047,0
191,383974165,370.0,303.8362439792668,True,1200.1683370693809,155.0,3,14,14.384051235671,5
11,21563009,315.0,287.42265699322263,True,1096.762739057302,110.0,3,3,1.932602605048338,0
223,26699551,855.0,572.8007976635234,True,2894.645025280195,450.0,10,7,8.065958213829884,0
125,9791494,790.0,522.4865700113338,True,2577.665391071403,420.0,10,7,9.03538234053548,0
100,452396959,770.0,565.4069241183432,True,2848.0636219455596,370.0,11,19,18.58321253064626,0
285,4222962185,380.0,329.5719285804292,True,1362.303150056704,145.0,2,3,2.6516743923190087,0
129,9513062,720.0,513.4708146295721,True,2520.866132166303,360.0,9,8,7.094837391357897,0
48,25502544,420.0,345.9436930886098,True,1465.4452664582425,175.0,2,11,10.841070204098083,0
145,2440630566,1105.0,728.9159815133179,True,3878.170683533902,590.0,14,27,24.257845668097406,0
178,25473375,245.0,238.8093812243605,True,790.4991017134712,75.0,3,3,3.419381144258553,0
12,333670399,575.0,442.7928023578879,True,2075.594654854694,265.0,6,13,14.266742409270016,0
46,1678452766,455.0,373.3457387515287,True,1638.0781541346291,190.0,2,7,7.313653271993325,0
112,104315,990.0,538.3437144952683,True,2677.56540132019,610.0,7,8,13.816002068462524,0
215,9512937,690.0,467.84403696845044,True,2233.417432901237,425.0,5,13,10.690067207179496,0
264,25500809,1420.0,814.4075518015474,True,4416.767576349736,845.0,13,50,43.910191113306745,0
234,25522907,680.0,501.5250384044673,True,2445.6077419481453,325.0,12,5,5.020622730302417,0
179,25473423,550.0,421.0915827265859,True,1938.8769711774928,280.0,4,17,18.413997024576414,0
155,25533613,510.0,413.81753454341657,True,1893.0504676235253,220.0,8,6,5.880580313056339,0
291,9791492,100.0,161.9154903021894,False,306.0675889037931,0.0,2,0,0.0,0
115,4249404271,1080.0,645.3915209791677,True,3351.9665821687595,625.0,15,12,18.86403454260892,0
13,7261577394,865.0,593.7884397058289,True,3026.8671701467233,445.0,6,13,12.969826884483577,0
189,25470903,1125.0,693.8769451371364,True,3657.424754363956,635.0,12,8,10.817979143792932,0
102,107806,245.0,239.2749310714594,True,793.4320657501937,75.0,3,3,3.214481317964615,0
262,107800,620.0,472.7225143845972,True,2264.151840622961,285.0,3,7,8.030600767677322,0
30,8098784582,495.0,389.08153724277423,True,1737.2136846294773,220.0,8,21,26.492893483542808,3
192,9512940,895.0,576.7949158042952,True,2919.807969567062,490.0,16,17,18.245997939643097,0
162,25377990,890.0,621.5345195595564,True,3201.6674732252027,450.0,11,51,50.96513176894694,0
233,25470679,300.0,283.5523477263903,True,1072.379790676259,100.0,6,4,2.5721170233837922,0
258,9849094224,65.0,140.28164192368914,False,169.77434411924145,0.0,1,0,0.0,0
247,185620586,205.0,209.86016230429848,False,608.1190225170801,55.0,1,0,2.014013096724303,0
92,311153342,740.0,534.4963198987958,True,2653.3268153624163,365.0,8,8,9.834497874805752,0
1,25532841,1175.0,756.4598119918785,True,4051.696815548838,645.0,14,12,10.895280092356852,0
226,21665912,700.0,469.47615009430035,True,2243.699745594091,430.0,2,18,18.686531153360157,0
288,9760809038,245.0,237.87322393815379,True,784.601310810369,75.0,2,6,3.7701917879980824,0
202,3531897238,1125.0,716.286060309512,True,3798.6021799499313,620.0,17,5,7.060818887941389,0
195,25257044,410.0,340.9080074903911,True,1433.7204471894636,170.0,6,11,12.84177987160043,1
39,12957095286,970.0,604.6493367825415,True,3095.290821730014,605.0,16,25,21.986716657592723,0
193,109838,220.0,232.60379035130205,False,751.4038792132029,55.0,0,0,0.6729374693834365,0
140,108901,500.0,392.0843139373227,True,1756.1311778051336,225.0,5,18,14.578466859843408,0
117,21665912,1005.0,626.4315769881599,True,3232.5189350254077,605.0,6,13,13.001289320935303,0
63,25501773,575.0,443.98727038406264,True,2083.1198034195936,260.0,7,2,4.942383172679318,0
186,25498869,615.0,479.2448754323457,True,2305.242715223777,275.0,6,14,8.142591971047265,0
254,25257284,930.0,630.5891237403451,True,3258.7114795641733,485.0,11,15,21.654562511984864,0
231,1614846675,825.0,597.2695436228884,True,3048.7981248241945,405.0,5,8,11.027590456562056,0
208,1678452820,450.0,363.1010619492818,True,1573.5366902804753,195.0,3,7,7.484291532893966,0
222,107319,120.0,166.92149199420209,False,337.60539956347293,0.0,0,0,0.0,0
164,5387300688,935.0,595.2492918579883,True,3036.0705387053267,515.0,7,22,18.89610414446985,0
224,108906,435.0,366.58426029687246,True,1595.4808398702962,175.0,7,5,5.049958854209333,0
73,25475387,1245.0,682.9731505968197,True,3588.7308487599526,765.0,11,16,15.5216689680979,0
175,107693,720.0,522.0198055106479,True,2574.724774717081,350.0,10,21,16.72189019484425,0
36,292252720,770.0,555.4200260112108,True,2785.1461638706296,380.0,11,19,21.93874720209853,0
80,9371260474,640.0,481.0668314879201,True,2316.7210383738975,300.0,10,14,8.2352487367873,0
37,734320209,625.0,456.95681476357737,True,2164.8279330105365,320.0,8,13,12.006961819608476,0
124,25473300,550.0,399.8366931283052,True,1804.9711667083225,285.0,5,12,10.13545136400692,0
41,2191480791,415.0,338.87884139520634,True,1420.9367007897993,175.0,3,8,9.993642697242013,0
60,25544136,770.0,533.9578774809619,True,2649.9346281300577,395.0,10,23,13.74252183504426,0
53,4709189403,600.0,453.44230548736056,True,2142.686524570371,280.0,8,12,9.165535703309036,0
166,25507040,585.0,445.1404591000737,True,2090.384892330463,270.0,5,13,9.359719373442903,0
283,2191480791,270.0,261.38411259351244,True,932.7199093391285,85.0,2,1,2.58454642706338,0
49,2456267967,570.0,429.65271502254456,True,1992.8121046420301,265.0,7,6,7.311222612411982,0
278,276502336,440.0,353.9426471071866,True,1515.8386767752752,190.0,5,5,7.197677655983959,0
45,291924683,585.0,453.45631879373036,True,2142.774808400501,265.0,7,5,5.735490674428686,0
119,13808620797,615.0,470.5915553829211,True,2250.7267989124025,285.0,5,15,10.258517911912342,0
82,25532842,195.0,217.8189248069455,False,658.2592262837564,40.0,1,1,1.760489855642697,0
111,107823,520.0,391.4236470162486,True,1751.968976202366,245.0,10,17,14.218844605394896,0
190,1694551549,715.0,530.3753602675501,True,2627.3647696855637,340.0,8,5,7.489303909061808,0
77,107863,430.0,346.8288707363057,True,1471.021885638725,185.0,2,5,7.19428581455228,0
91,294651409,550.0,428.4098223546529,True,1984.9818808343134,250.0,11,11,15.822252176718099,0
19,1317156147,775.0,554.4543192330409,True,2779.0622111681555,385.0,12,9,13.693801003854166,0
85,25257793,1025.0,622.4205293238284,True,3207.2493347401128,585.0,7,5,8.930100349336863,0
94,25256620,1340.0,750.8468301564529,True,4016.335029985644,810.0,10,36,36.37600875611785,0
59,6214704100,675.0,500.8854463571,True,2441.5783120497294,320.0,8,10,10.669565642832024,0
201,292252720,910.0,627.71054560102,True,3240.5764372864237,470.0,9,38,41.899215574928164,0
156,26001541,660.0,492.7396544491768,True,2390.2598230298136,315.0,11,22,26.66096718789973,3
23,25503799,515.0,409.6956335091623,True,1867.0824911077218,225.0,3,8,10.948596661172093,0
167,9512940,390.0,325.83301068632073,True,1338.747967323821,160.0,9,8,8.99726733288416,0
241,25498869,535.0,422.01347595291475,True,1944.6848985033632,235.0,6,13,12.1767748618562,0
121,21533909,920.0,631.9283385100558,True,3267.1485326133547,475.0,10,26,32.62151019058327,7
245,102020,1035.0,724.488201813319,True,3850.2756714239104,525.0,21,16,15.093926131947786,0
254,21665580,105.0,166.23573345921048,False,333.2851207930258,0.0,0,0,0.0,0
88,25533613,955.0,641.9804049659692,True,3330.476551285605,505.0,6,24,20.415377060840814,0
10,1619500320,230.0,235.79226795209266,False,771.4912880981833,60.0,3,4,3.749791182690582,0
104,8421658424,760.0,554.9383897563605,True,2782.11185546507,370.0,5,4,5.389103713661719,0
35,282686499,1085.0,714.2296629608006,True,3785.646876653041,605.0,7,28,25.45108144454851,0
58,25472758,320.0,288.116752548867,True,1101.1355410578622,115.0,1,10,8.597960867164396,0
139,1684410087,350.0,300.60227183070225,True,1179.7943125334236,135.0,1,8,10.661956817574772,0
134,255576,540.0,410.0620761754723,True,1869.3910799054743,305.0,7,20,17.387535747882737,1
127,25472904,1030.0,585.9442284580622,True,2977.448639285795,635.0,5,11,10.475314256881568,0
210,108059,520.0,402.37874477379944,True,1820.986092074937,255.0,6,11,9.514247372683037,0
289,27503587,1025.0,697.861758908762,True,3682.5290811252044,535.0,8,23,19.749404773915575,0
221,452486132,915.0,617.2773940912806,True,3174.847582775071,480.0,7,13,15.701550016447861,0
122,333650017,665.0,497.765837775977,True,2421.924777988654,315.0,13,5,7.988565679913044,0
243,25378119,275.0,266.03901401927254,True,962.045788321417,85.0,4,4,4.2115281069782995,0
196,1678452758,755.0,454.8930239908128,True,2151.826051142122,435.0,6,10,5.197077800159,0
25,1278032912,890.0,620.0039853370006,True,3192.0251076231025,470.0,11,20,15.923081684113802,0
280,25475740,805.0,579.7884534608396,True,2938.6672568032914,395.0,11,23,30.173480359297947,0
218,12026764,1295.0,803.5587688149707,True,4348.420243534311,730.0,8,34,29.061636133697505,0
51,9512926,740.0,531.456637413501,True,2634.176815705055,365.0,9,9,8.43550622052188,0
142,1616122178,740.0,536.495700989387,True,2665.922916233135,360.0,10,11,12.64532261290628,0
271,1666324225,1130.0,642.5601051718714,True,3334.1286625827806,680.0,11,2,6.723042329110765,0
263,1614926348,490.0,394.45675991845417,True,1771.0775874862627,210.0,5,4,4.359167194561413,0
84,14958918,650.0,490.54365250007584,True,2376.4250107504768,305.0,6,8,15.122225524270762,0
176,21665006,600.0,449.43791796756847,True,2117.4588831956803,285.0,5,12,8.794684176412023,0
213,21665000,585.0,435.4331044398378,True,2029.2285579709771,280.0,9,3,7.586492294935515,0
136,108059,575.0,446.7727162930547,True,2100.6681126462445,260.0,9,6,7.535796253903092,0
175,821601,150.0,187.9403244360305,False,470.0240439469921,15.0,1,1,0.6507783594820317,0
95,1614926348,1115.0,726.1003128593132,True,3860.4319710136742,605.0,9,27,25.575246257796973,0
216,273194,620.0,465.4223537028312,True,2218.1608283278374,290.0,5,9,7.372421198301447,0
2,9849094224,690.0,508.7249199655667,True,2490.9669957830683,330.0,3,10,10.120865524345945,0
191,293812298,260.0,258.96493710493263,False,917.4791037610752,75.0,0,2,2.5413316147597182,0
106,1646306203,1230.0,769.9833337519634,True,4136.895002637372,690.0,10,48,49.61990375413099,0
227,107319,565.0,444.61656365024817,True,2087.084350996563,250.0,2,15,10.135941491619596,0
55,5016867335,1235.0,705.8266247278336,True,3732.70773578534,740.0,13,20,15.356289642080593,0
57,4927544936,305.0,272.3540444685767,True,1001.8304801520334,110.0,8,5,3.8841922823472914,0
187,4709189403,480.0,380.9430419197619,True,1685.9411640944995,210.0,5,8,8.038782039419555,0
260,1782919585,390.0,332.60854160508956,True,1381.4338121120638,155.0,4,0,1.9761770808009913,0
183,25472672,610.0,461.81894440039866,True,2195.459349722511,285.0,3,16,14.83688534852457,3
145,21665000,260.0,237.89365776430841,True,784.730043915143,130.0,1,7,8.554183308396963,0
132,25472291,840.0,601.2763763787419,True,3074.0411711860756,415.0,10,7,10.069177299897595,0
213,21665360,20.0,121.88040683464904,False,53.84656305828884,0.0,0,0,0.0,0
20,5925666943,975.0,620.7376801013994,True,3196.6473846388144,540.0,9,3,7.569384908613147,0
201,771982865,90.0,157.56650117122388,False,278.66895737871033,0.0,0,0,0.0,0
277,107863,300.0,278.3144310411714,True,1039.3809155593794,105.0,6,1,1.5710389185217617,0
181,5453319326,1040.0,640.5939903208304,True,3321.742139021227,590.0,14,4,6.54941939203844,0
99,26699543,465.0,365.3819113719509,True,1587.90604164329,205.0,7,8,8.6078244263047,0
90,452396959,1165.0,784.6333810358262,True,4229.1903005257045,615.0,14,22,28.744051362092403,0
154,25524240,1180.0,571.798089071394,True,2888.3279611497774,775.0,5,5,2.9786666779981674,0
198,9760819194,800.0,435.81302320427153,True,2031.622046186912,520.0,4,18,16.923051575992247,7
185,2215490966,685.0,502.4105027638552,True,2451.186167412289,330.0,6,8,10.901726152504265,0
114,25473373,570.0,424.29615690922134,True,1959.0657885280934,270.0,3,22,27.92616329120631,3
49,25714232,170.0,203.29979964890921,False,566.7887377881281,25.0,1,1,1.977015836166757,0
66,5387300688,350.0,311.6074880271397,True,1249.1271745709805,130.0,5,8,5.624189126535681,0
206,25530312,355.0,294.3783808707968,True,1140.5837994860192,145.0,5,25,38.298287255941325,15
211,104315,315.0,289.25776051493114,True,1108.323891244066,110.0,4,8,7.108770657997001,0
257,26817585,500.0,401.23637921289,True,1813.7891890412066,215.0,3,9,8.846027573003067,0
44,82710879,610.0,455.9834021370225,True,2158.6954334632424,290.0,6,8,8.204626709154642,0
161,452168032,530.0,416.9921542065369,True,1913.050571501183,235.0,6,14,9.219763473129644,0
276,11863161,1270.0,822.3908938591538,True,4467.062631312671,690.0,10,12,16.00476095332041,0
273,25533129,1155.0,769.6117472074537,True,4134.554007406964,615.0,6,11,10.336987182245206,0
5,452168032,1150.0,663.4921666071224,True,3466.0006496248657,685.0,6,12,8.687563727805172,0
236,25257044,365.0,316.7090097641331,True,1281.2667615140388,140.0,2,20,41.22286908357418,16
45,107791,190.0,205.08249392713714,False,578.0197117409639,45.0,1,4,3.8975534829647707,1
93,1612472593,1250.0,742.2285476430468,True,3962.0398501511913,835.0,11,32,27.335430551362034,0
34,5112906885,540.0,414.7766925759717,True,1899.0931632286226,245.0,5,3,4.131778418745248,0
138,255576,525.0,416.1928591481254,True,1908.0150126331912,230.0,12,3,5.929428305651764,0
48,1685938740,325.0,294.5866866392243,True,1141.896125827113,115.0,3,2,2.0075319279270727,0
223,9791482,335.0,300.4895249622892,True,1179.084007262422,120.0,3,3,5.088430388175931,0
149,8124381023,475.0,380.10786349650897,True,1680.6795400280057,205.0,5,27,31.958456820061958,0
29,294651404,390.0,328.23887326784137,True,1353.9049015874011,160.0,1,8,7.324063474845502,0
144,12031865281,755.0,541.2799067054269,True,2696.0634122441897,375.0,13,16,10.543509520555494,0
71,1614926320,815.0,445.1615458794738,True,2090.517739040686,620.0,6,14,10.210461879474193,0
184,25533438,645.0,484.91111319983753,True,2340.9400131589787,305.0,11,12,12.254764498760245,0
203,25257810,855.0,598.8589018313373,True,3058.8110815374243,435.0,11,30,28.74605629450873,0
286,21665582,815.0,573.4504224068392,True,2898.737661163087,815.0,15,47,46.496692052070216,0
202,1678452778,270.0,257.33258341961493,True,907.1952755435738,85.0,3,16,20.37002404878955,0
282,25501328,775.0,551.8742904141899,True,2762.8080296093954,385.0,8,8,8.30547416853308,0
13,25475387,315.0,293.3033157376282,True,1133.810889147058,105.0,7,0,1.5069923015873583,0
68,9791495,1035.0,688.0261505837674,True,3620.5647486777348,550.0,12,5,6.133202077830869,0
147,25473512,1085.0,634.8761875587155,True,3285.719981619902,640.0,7,8,10.306893726958823,0
103,4784457202,1025.0,701.5160923470254,True,3705.551381786263,530.0,10,26,26.097822699452635,0
275,5932856691,980.0,573.9036182256558,True,2901.5927948216317,575.0,11,8,9.775917538322027,0
72,9167793401,730.0,521.2650791160032,True,2569.969998430819,365.0,9,5,8.170858443542095,0
219,2191480791,745.0,484.0273266041104,True,2335.372157605896,405.0,7,20,17.57805070720461,0
229,1953627794,1660.0,934.4457327096247,True,5173.008116070618,1005.0,17,50,41.52804713128652,0
56,26699537,515.0,399.3852574177674,True,1802.1271217319356,515.0,4,35,39.66469798276627,0
253,11863161,510.0,407.2539969676474,True,1851.7001808961793,220.0,8,20,25.878690712308583,3
89,9791492,495.0,397.1402803686829,True,1787.983766322702,215.0,1,9,11.448653359112848,0
232,25505558,1190.0,703.6805770829473,True,3719.187635622565,695.0,11,9,11.68133906752696,0
287,9921844608,615.0,415.78942597059785,True,1905.4733836147698,320.0,2,0,0.0,0
225,9371260474,505.0,393.6753718365787,True,1766.154842570445,225.0,9,11,13.059538910194481,0
146,12921761055,730.0,528.4952623926675,True,2615.5201530738073,360.0,8,7,9.455420830917193,0
163,8097790920,970.0,678.7517694181604,True,3562.1361473344105,490.0,13,20,17.53060495192508,0
194,6250501803,795.0,564.7356548772009,True,2843.8346257263674,395.0,13,8,8.943517572651313,0
96,21533913,590.0,447.43091722617925,True,2104.8147785249275,275.0,7,15,10.22006918997272,0
18,3439409106,735.0,511.7017690321098,True,2509.7211449022916,375.0,7,3,4.053565994986103,0
73,107809,310.0,282.4634328513029,True,1065.519626963208,110.0,7,5,4.618268313631925,0
143,1607738730,690.0,517.6066863048862,True,2546.9221237207844,325.0,8,12,13.523528427587756,0
228,6521883874,465.0,368.5594737625806,True,1607.9246847042568,205.0,1,7,8.707577572564695,0
53,11863161,290.0,274.38818243575565,True,1014.6455493452605,95.0,3,0,1.2996283800846589,0
266,4956890447,1245.0,819.5690831372452,True,4449.285223764642,670.0,14,27,24.157246030295603,0
39,1667203543,340.0,308.4513971704432,True,1229.2438021737914,120.0,2,7,4.580274563537515,0
42,25533613,800.0,426.63180278119586,True,1973.7803575215355,630.0,8,4,10.410547384453604,0
121,25532842,220.0,234.4477275951711,False,763.0206838495776,55.0,2,2,2.0659662596457946,0
168,9475518,555.0,431.63882047218453,True,2005.3245689747628,250.0,2,17,18.925622311043607,0
107,26699549,880.0,615.4467148729699,True,3163.31430369971,445.0,12,13,14.515694925247164,0
214,25533613,480.0,393.2226915595499,True,1763.3029568251648,200.0,6,3,5.128117125509152,0
204,4347844156,450.0,354.6316884898235,True,1520.1796374858873,200.0,3,6,4.060088511395804,0
105,9512926,785.0,516.809042216411,True,2541.8969659633863,420.0,8,7,9.440781258454308,0
41,823745,325.0,297.0882141433752,True,1157.6557491032638,115.0,4,7,4.988251263189982,0
188,2934851453,515.0,406.8635037460977,True,1849.2400736004154,230.0,8,4,2.6112047759852954,0
170,26699543,765.0,506.8388280573288,True,2479.0846167611717,410.0,6,11,4.378324489275784,0
114,1612472593,145.0,190.96928838130256,False,489.10651680220604,10.0,1,0,0.23261501353872144,0
249,102030,880.0,560.0499886588258,True,2814.314928550602,485.0,7,24,19.377526236265957,0
30,1684410086,400.0,326.07549577667413,True,1340.275623393047,170.0,3,25,24.821608358598617,1
258,25472769,395.0,335.9949189943896,True,1402.767989664654,155.0,1,9,7.162597846453961,0
269,25472654,550.0,433.46599854972044,True,2016.8357908632395,245.0,7,2,3.374375444833288,0
102,21590631,410.0,345.00162221925183,True,1459.510219981288,165.0,5,4,2.7645335383164036,0
180,11751472416,485.0,324.8093475330324,True,1332.298889458104,290.0,6,20,17.798011580976887,0
61,10600115027,695.0,509.8462561824108,True,2498.0314139491875,335.0,7,2,10.217332603678631,0
75,25533613,825.0,454.57510301317745,True,2149.8231489830196,655.0,6,9,10.16961575204509,0
3,25626680,925.0,663.6420751668737,True,3466.945073551306,460.0,16,13,17.292860735396815,0
83,108306,695.0,500.2483641087497,True,2437.564693885124,340.0,9,12,11.233722696171457,0
116,107797,890.0,604.0333529660219,True,3091.410123685937,465.0,14,20,18.765063231759324,0
192,25533578,425.0,342.60652854575153,True,1444.4211298382345,185.0,3,20,22.732941249946542,0
285,821428,470.0,365.51087132324056,True,1588.7184893364154,210.0,5,13,7.856947301083308,0
81,14958918,805.0,558.0441425640757,True,2801.678098153678,410.0,6,14,12.45915127965596,0
22,972535572,780.0,574.4462653661313,True,2905.0114718066275,375.0,11,26,47.17620023703243,15
87,25532841,1110.0,708.0718438767857,True,3746.852616423749,610.0,8,10,11.112452266664468,0
274,14728072,990.0,645.3560925444192,True,3351.7433830298373,535.0,8,26,29.49606492870869,0
25,5932883505,250.0,248.09104517994655,False,848.973584633663,75.0,4,6,7.8215007843876645,0
237,13349587,590.0,446.2498310452416,True,2097.373935585022,275.0,6,20,21.63815459765833,2
197,1667203543,840.0,517.555300031585,True,2546.5983901989857,475.0,5,17,20.298049634339332,0
50,5244680779,650.0,472.87809541247714,True,2265.132001098607,315.0,11,16,19.631100933704335,0
205,4956890447,1510.0,792.1116280925502,True,4276.303256983061,1035.0,18,8,7.905723044491971,0
151,11331184983,565.0,426.0495455702814,True,1970.1121370927724,265.0,9,16,20.592294119979364,0
292,21533907,665.0,494.8308110900724,True,2403.4341098674563,315.0,13,11,10.395491594853953,0
288,3933844368,430.0,358.6362953776863,True,1545.408660879425,175.0,5,11,8.837642350089316,0
45,14727254,165.0,200.25144542273614,False,547.5841061632375,20.0,3,2,1.2411092433169015,0
131,25256620,1320.0,731.7546542977877,True,3896.0543220760524,805.0,13,35,37.42774872250765,0
97,25476041,655.0,494.21875298515863,True,2399.578143806498,305.0,10,12,11.320699800554035,0
76,1106056863,855.0,616.1156400487797,True,3167.5285323073135,420.0,10,4,10.006002985419341,0
26,21665911,700.0,513.7474264619242,True,2522.6087867101223,700.0,13,36,31.96623559149695,0
218,25503799,265.0,255.75568280440388,True,897.2608016677444,85.0,1,11,10.030207816718464,7
95,108045,260.0,257.32139381074666,False,907.1247810077035,75.0,3,8,6.243487706910949,0
158,1684410105,575.0,435.7772349589946,True,2031.396580241667,265.0,9,6,8.290045899389705,0
28,2934851453,1150.0,732.7725333566375,True,3902.4669601468163,635.0,16,10,10.845523397960285,0
290,11747638084,775.0,558.4245358120289,True,2804.0745756157785,380.0,11,9,13.482288817846577,0
101,11747638084,810.0,443.13031934526884,True,2077.7210118751964,520.0,5,11,9.73390639989248,0
167,25533613,330.0,292.31025382104065,True,1127.554599072556,125.0,5,23,30.61508172184974,0
139,11052055761,310.0,284.6260834518398,True,1079.1443257465908,110.0,3,6,5.314388891429459,0
59,12026767,340.0,300.2194672352857,True,1177.3826435822994,125.0,6,1,2.2706802120190503,0
281,10983187054,990.0,632.0480545019312,True,3267.9027433621623,545.0,4,9,7.06235002385092,0
125,25498827,535.0,429.8962163697023,True,1994.3461631291223,230.0,4,1,2.4590242682912273,0
253,358992920,145.0,187.56567038631565,False,467.6637234337885,10.0,1,1,0.4113762444497038,0
199,26573672,985.0,688.2315322995242,True,3621.8586534870037,500.0,9,17,13.872554536055667,0
291,5932875003,495.0,398.5506446923558,True,1796.8690615618414,215.0,3,11,15.810340463461024,0
52,1696027870,750.0,554.000515447779,True,2776.2032473210074,360.0,6,11,11.518426289332556,0
6,3567188665,1870.0,870.1333785804678,True,4767.840285056928,1320.0,20,2,5.036162566194648,0
112,9512924,525.0,400.98388745090216,True,1812.1984909406847,240.0,9,10,16.500177608274193,0
233,1685938741,500.0,399.0521332470062,True,1800.028439456138,220.0,1,17,12.880714567393099,0
160,351771449,725.0,397.38299129884825,True,1789.5128451827459,640.0,7,8,10.79792308759211,0
24,452169196,1715.0,849.681709623119,True,4638.994770625633,1120.0,17,4,4.396516392715538,0
140,452486137,475.0,381.5965358490308,True,1690.0581758488938,205.0,7,25,28.488811787386666,0
157,292252720,770.0,570.7152557703365,True,2881.5061113531206,370.0,11,20,21.8040456293883,0
27,4303455913,1060.0,682.0513579866079,True,3582.9235553156254,580.0,17,18,15.750858384362264,0
238,102000,820.0,588.5415044198991,True,2993.8114778453646,405.0,9,14,13.574346934847648,0
252,11309776203,940.0,662.6579382392073,True,3460.745010907002,475.0,9,9,12.0517057063703,0
247,273194,515.0,408.60664646527437,True,1860.2218727312288,225.0,1,7,5.71530521483127,0
210,1938580083,350.0,300.878345423579,True,1181.5335761685474,135.0,0,4,6.347185527938988,0
254,383974166,375.0,317.06984005579636,True,1283.5399923515174,150.0,1,10,7.483212887559264,0
108,25257284,1105.0,688.7647873764552,True,3625.2181604716707,620.0,13,6,8.41353482205384,0
70,4457798822,760.0,552.6459045996768,True,2767.6691989779656,370.0,6,7,6.91392089173148,0
128,333650017,590.0,452.8643690130134,True,2139.045524781983,270.0,7,9,7.760576338811796,0
185,2271434264,280.0,268.2725722172001,True,976.1172049683602,90.0,1,2,4.253205871635168,0
169,25533438,970.0,664.653366889505,True,3473.3162114038805,500.0,10,20,15.899911737293152,0
246,14727249,980.0,625.5299295940133,True,3226.8385564422806,540.0,10,19,17.342868592984974,0
154,25500900,285.0,266.5301103193521,True,965.1396950119181,95.0,5,17,30.83742526142904,13
7,2441998875,665.0,495.76648766570077,True,2409.3288722939164,315.0,10,8,9.05690310377455,0
283,2215490963,465.0,376.94736237673703,True,1660.7683829734435,200.0,6,11,15.93312125657574,0
211,25257045,285.0,255.0126674482997,True,892.5798049242878,105.0,0,7,4.499037528645555,0
148,25524243,775.0,562.1171221215994,True,2827.3378693660748,380.0,9,32,38.2213441175048,0
65,1667203485,1090.0,704.8729102276964,True,3726.6993344344883,595.0,13,12,11.266406187285046,0
54,21665582,650.0,479.4264841349071,True,2306.386850049916,650.0,9,39,39.825869008365686,0
182,972535469,1000.0,686.9825033659919,True,3613.9897712057436,515.0,9,6,6.292141715266049,0
227,107318,345.0,301.98913688239,True,1188.5315623590561,130.0,0,10,5.734248913332862,0
69,5560616885,1420.0,796.4769395176708,True,4303.804718961312,860.0,16,44,43.56488176676019,0
152,9791492,725.0,528.7034832956434,True,2616.831944762553,350.0,11,11,10.495197868054206,0
110,2214957485,840.0,596.8013366164272,True,3045.848420683493,420.0,15,9,8.232291302825772,0
78,21665582,900.0,491.988045907705,True,2385.5246892185446,900.0,9,76,83.11079957786272,12
184,9512937,260.0,252.39426585162198,True,876.0838748652183,80.0,2,8,8.54208149074484,1
98,25532843,700.0,519.7529841798447,True,2560.44380033302,335.0,10,20,19.383906973902942,0
165,311422343,780.0,536.7817211480366,True,2667.7248432326287,430.0,13,13,16.916826384335117,0
16,101995,1020.0,673.8634708444554,True,3531.339866320073,545.0,11,22,18.464431067855056,0
173,490253680,630.0,485.5394296293819,True,2344.8984066651055,290.0,6,7,6.679968827971581,0
31,25476020,1000.0,698.9083852759438,True,3689.1228272384496,510.0,8,13,19.384009672366755,0
19,25257290,445.0,368.8133563777605,True,1609.5241451798913,185.0,5,2,2.7792201975079824,0
242,25256268,640.0,475.67741030625496,True,2282.767684929408,305.0,4,16,16.357392666873583,7
176,821428,375.0,300.9024645691075,True,1181.6855267853773,160.0,2,2,3.8773264477450846,0
159,9046520718,830.0,582.8306204532832,True,2957.8329088556834,420.0,9,4,6.357645693811745,0
150,3456413131,860.0,553.2804765930908,True,2771.6670025364747,470.0,5,25,18.681810231030042,0
240,21665582,770.0,538.8892538319277,True,2681.0022991411447,770.0,10,56,62.575809131606015,0
151,806821396,130.0,180.03883500561486,False,420.2446605353735,0.0,0,0,0.0,0
267,4784457202,810.0,423.0416937001856,True,1951.1626703111722,520.0,2,12,9.60735258773272,0
260,25495441,360.0,313.128512714451,True,1258.709630101041,140.0,6,8,6.317929033044607,0
36,107995,530.0,415.89248411951263,True,1906.122649952929,235.0,6,6,6.496234658498429,0
122,2480891600,415.0,345.89229676926203,True,1465.121469646351,170.0,2,6,4.245552147485869,0
15,21665031,860.0,552.4599373446084,True,2766.4976052710354,500.0,5,22,16.574859641583096,0
123,1283446717,675.0,476.6436051582408,True,2288.8547124969177,340.0,3,2,1.8932307692307688,0
249,1684410087,190.0,204.63690382626973,False,575.2124941054993,45.0,1,1,0.5166506152330013,0
62,26845543,930.0,626.6708682413743,True,3234.0264699206605,490.0,8,4,5.24264026952567,0
221,1619316041,420.0,354.4989353487086,True,1519.3432926968635,170.0,2,3,4.3535846001821294,0
119,5387300688,510.0,402.6814563828233,True,1822.8931752117865,225.0,6,3,4.479762839735067,0
8,7192163376,700.0,524.3927864080105,True,2589.674554370463,330.0,10,33,36.32446633605546,0
137,1607738730,955.0,677.8149160963598,True,3556.2339714070686,480.0,10,19,18.490792207019407,0
83,9512937,175.0,206.59772634403254,False,587.5656759674047,30.0,0,2,1.5371042822378358,0
181,1685938740,360.0,314.5808467863862,True,1267.859334754233,135.0,5,8,8.823996394839712,3
91,2215490963,485.0,391.57799374621146,True,1752.941360601132,210.0,4,28,30.454424262794273,0
220,11052055761,895.0,563.9350174621117,True,2838.7906100113055,500.0,15,20,19.55537712559223,0
34,1619464560,325.0,297.0283505203594,True,1157.278608278265,115.0,3,3,3.871179036803236,0
79,1678452758,995.0,667.4258572298827,True,3490.7829005482645,525.0,8,13,14.477571477565824,0
33,3147915617,1125.0,736.4455784036476,True,3925.607143942979,605.0,15,29,26.171114009159005,0
88,2337311458,455.0,368.8380219676856,True,1609.6795383964204,195.0,7,13,17.709153036112518,0
194,107800,255.0,255.73615364593428,False,897.1377679693858,75.0,1,4,4.332970619577025,0
117,25500900,580.0,422.23689295772107,True,1946.0924256336423,320.0,5,9,10.973266608664963,0
38,25256620,715.0,525.19173127848,True,2594.7079070544223,345.0,7,9,9.017134017363958,0
166,21665580,545.0,427.39643086916635,True,1978.5975144757479,245.0,10,6,5.6060971935126105,0
82,21533907,530.0,408.93302350624987,True,1862.278048089375,240.0,7,4,5.494064750300982,0
255,3531897238,1210.0,672.1153164132447,True,3520.3264934034305,735.0,7,26,29.76517645519226,0
175,25533578,420.0,353.1187191536879,True,1510.6479306682343,170.0,3,6,3.587065734200709,0
133,21590614,890.0,612.4945315470743,True,3144.715548746565,460.0,4,28,27.98174235182804,0
270,4216272817,860.0,611.4886711567443,True,3138.3786282874876,430.0,7,10,13.256779339601989,0
73,14791188,260.0,255.79026296209167,False,897.4786566611774,80.0,3,4,3.1484372612210634,0
206,26559655,375.0,321.10127660312565,True,1308.938042599691,150.0,6,8,5.659778881577872,0
43,25502544,995.0,654.9813082194602,True,3412.382241782602,535.0,17,5,6.1685966992082015,0
80,4457798822,570.0,445.45907783778136,True,2092.392190378024,255.0,13,7,4.99996242170469,0
155,9760819194,640.0,478.07898111766923,True,2297.897581041314,305.0,4,13,6.556381051513105,0
138,5398463417,355.0,312.56248685183,True,1255.143667166529,135.0,5,3,3.878174343310983,0
17,1678452766,905.0,636.8982636897853,True,3298.459061245649,455.0,6,10,10.458407991111553,0
200,6089552096,750.0,552.8755864002471,True,2769.1161943215525,360.0,5,10,13.01427540018746,0
47,109827,920.0,585.781199853009,True,2976.4215590739555,505.0,8,29,34.713142619404,0
187,235235,425.0,348.4301876543888,True,1481.11018222265,180.0,5,5,4.315774023906178,0
54,9512926,95.0,149.6709384820686,False,228.92691243703217,40.0,0,3,4.687655519687522,0
20,108209,415.0,338.61690918902184,True,1419.2865278908366,175.0,7,3,5.001753729325127,0
207,110009,1135.0,749.5531103043784,True,4008.184594917587,610.0,20,14,16.60730620640456,0
86,26699544,865.0,601.8061133691316,True,3077.3785142255238,490.0,10,24,20.752979756195316,0
268,25476014,775.0,573.1247131590732,True,2896.6856929021633,370.0,11,13,9.792753292855583,0
156,9475528,515.0,401.6303231545972,True,1816.2710358739625,230.0,4,0,3.247567431502335,0
179,26591534,670.0,499.8262146724385,True,2434.9051524363636,320.0,4,14,19.444656310667845,0
284,291924584,1115.0,638.1508119715337,True,3306.3501154206574,665.0,7,5,2.9453512728816413,0
256,25257324,900.0,610.4127554118969,True,3131.600359094951,470.0,10,3,4.935795577959385,0
259,881887811,1165.0,800.1250894639523,True,4326.788063622898,600.0,15,22,19.810167449817108,0
189,1493458889,675.0,500.6450355224013,True,2440.0637237911246,320.0,6,9,10.146198490277072,0
148,6266808745,120.0,175.2687618215941,False,390.1931994760427,0.0,0,0,0.0,0
93,4216272819,395.0,328.6092174174937,True,1356.2380697302096,160.0,2,3,5.409230282421329,0
149,107786,390.0,324.0579920791354,True,1327.5653500985525,160.0,3,1,0.9810833569815777,0
195,9371260474,655.0,493.88661935382174,True,2397.485701929077,305.0,7,21,20.399299945370853,0
177,282686499,1015.0,697.73984659429,True,3681.761033544026,525.0,11,48,51.69732221367947,3
95,108040,215.0,230.16129441200985,False,736.0161547956618,50.0,2,2,4.157623672948463,0
164,1497135177,645.0,494.1158189080704,True,2398.929659120843,295.0,7,5,6.043241414935392,0
230,12346819547,1440.0,819.4559612986505,True,4448.572556181484,865.0,12,47,43.32747252176721,0
74,519998333,795.0,582.9553972827933,True,2958.6190028816004,385.0,7,4,6.3481363673006355,0
51,13556857162,500.0,398.6088480644256,True,1797.2357428058804,220.0,5,4,6.9419199807557925,0
276,25502829,425.0,357.83889228136155,True,1540.3850213725773,170.0,6,9,7.167133867777484,0
58,25498827,530.0,421.827983356757,True,1943.5162951475695,230.0,3,2,4.590444811558099,0
10,4457798822,540.0,427.0937644910043,True,1976.6907162933262,240.0,0,12,9.61885860145599,0
289,14003329325,530.0,411.7913666698344,True,1880.2856100199565,240.0,3,2,3.0218864217399446,0
174,2271434264,805.0,580.2350698877488,True,2941.480940292815,395.0,7,51,74.17344689901813,21
231,454368529,665.0,499.56087908951565,True,2433.2335382639462,315.0,8,2,4.603244060939305,0
9,25473300,780.0,550.4740493119583,True,2753.986510665334,390.0,5,13,9.875424617520054,0
130,5453319326,1185.0,647.0481972748454,True,3362.4036428315153,780.0,10,37,40.02514233859585,1
186,60728182,685.0,502.351831984372,True,2450.81654150154,330.0,9,23,20.02236112539997,0
142,21665135,530.0,409.49230793731647,True,1865.801540005094,240.0,5,8,7.948552644841613,0
136,25417431,535.0,418.91886936355144,True,1925.1888769903733,240.0,15,5,7.9336236052543585,0
171,6378017135,895.0,640.5751254159918,True,3321.6232901207477,445.0,16,22,20.408784417921403,0
232,1678452758,400.0,333.8954364925707,True,1389.5412499031959,165.0,4,28,28.892061871955438,0
64,21651765,865.0,568.6597800811638,True,2868.5566145113294,485.0,7,10,12.789175522871956,0
263,881887811,540.0,424.58840588226775,True,1960.9069570582874,240.0,6,6,7.831555971204597,0
241,3442281746,590.0,449.89977140332144,True,2120.368559840926,275.0,3,25,34.4741074387285,2
92,603751942,740.0,536.7297715619854,True,2667.3975608405085,360.0,12,41,48.27137552903462,0
68,1684410076,435.0,352.18896069583246,True,1504.790452383744,185.0,6,27,46.323330792470465,17
239,282686499,1355.0,753.7449576653769,True,4034.5932332918783,1100.0,6,0,3.5761025641025626,0
158,7223638134,285.0,267.65890689539395,True,972.2511134409815,95.0,3,4,3.3793018968375157,0
222,1115431319,720.0,438.00220578480184,True,2045.413896444252,410.0,3,29,29.26186451627709,0
176,5244680779,190.0,207.93384195871667,False,595.9832043399152,40.0,2,2,2.1767348249158363,0
253,9521029,280.0,263.6070701892675,True,946.7245421923851,95.0,5,8,4.847249284654323,0
210,435144778,245.0,248.54472585344564,False,851.8317728767075,70.0,4,2,2.888046991526536,0
135,104315,915.0,561.9441199338747,True,2826.247955583406,520.0,6,34,36.57486100047133,0
251,1106056866,940.0,669.9554053708011,True,3506.7190538360464,470.0,8,12,14.52105161807886,0
152,1685938739,220.0,234.02539183608786,False,760.3599685673535,55.0,3,1,0.5849802534723868,0
183,10544188931,560.0,435.87054033955906,True,2031.9844041392212,560.0,11,33,34.29718885887441,4
235,25532839,945.0,648.4124404189794,True,3370.9983746395674,490.0,5,15,13.460905513631168,0
71,102025,490.0,398.381050028133,True,1795.8006151772381,210.0,8,7,4.313359321002692,0
12,108322,820.0,579.6241569917788,True,2937.632189048206,410.0,5,15,18.84447065451282,0
216,4457798822,590.0,452.94429623473695,True,2139.5490662788425,270.0,3,7,5.99467926353514,0
143,1630526800,430.0,354.1920674252441,True,1517.4100247790377,180.0,5,2,2.441847905375687,0
217,452169167,1615.0,842.0557966124532,True,4590.951518658455,1090.0,5,5,4.146928867458338,0
23,10559192943,660.0,497.62207678244346,True,2421.019083729394,310.0,9,18,20.175380527948565,0
191,6319748554,595.0,458.21588489803014,True,2172.7600748575906,270.0,8,6,5.079507739218056,0
196,25496592,620.0,467.9245893927566,True,2233.9249131743672,290.0,12,19,17.026175403325116,0
48,14728072,515.0,408.31708444485986,True,1858.3976320026175,225.0,5,4,4.006910240974736,0
40,109838,1035.0,733.046077868897,True,3904.190290574057,520.0,8,19,16.881736769396063,0
193,822403,770.0,548.947703055376,True,2744.3705292488694,385.0,9,9,9.97371409525573,0
35,25496780,645.0,486.37001203193086,True,2350.1310758011664,300.0,2,17,12.938836269534978,0
158,9257019321,50.0,136.2357326063363,False,144.28511541991878,0.0,0,0,0.0,0
32,11331184983,930.0,600.4176501879945,True,3068.6311961843617,505.0,10,13,11.399714336453975,0
111,110031,720.0,521.5422746975072,True,2571.716330594295,350.0,8,17,16.240249038656724,0
57,333719185,595.0,428.0689480752079,True,1982.8343728738093,295.0,6,8,7.824303947600762,0
5,500486430,545.0,424.5191555668047,True,1960.4706800708705,245.0,8,6,7.455995732254381,0
208,1678452742,780.0,560.3669288211354,True,2816.3116515731517,385.0,11,16,17.052766912399356,0
116,5393414954,390.0,336.9452557672219,True,1408.7551113334982,390.0,5,33,43.50497079091037,5
153,21533908,1245.0,761.5220703093966,True,4083.5890429491888,710.0,12,16,21.080489824504067,1
96,1637789617,490.0,388.11872429538323,True,1731.1479630609144,215.0,7,12,8.863905260706847,0
246,25496892,315.0,283.3051476527773,True,1070.822430212497,115.0,2,4,4.672629401046591,0
81,107807,420.0,276.77519434402774,True,1029.6837243673747,295.0,1,7,9.254942480381484,0
264,1106056846,880.0,628.5100565588938,True,3245.6133563210287,440.0,5,23,23.308688188029727,0
198,21665582,605.0,461.80984245786624,True,2195.402007484557,605.0,9,33,38.82927446810431,0
118,1614846675,980.0,681.4931118615253,True,3579.406604727614,500.0,13,9,14.744241827633285,0
212,25472672,945.0,508.1051104945295,True,2487.062196115539,585.0,14,8,10.439428406059683,0
250,1614949613,955.0,655.5612692951294,True,3416.035996559315,495.0,3,10,11.3336173395049,0
126,970857026,945.0,523.4307809217069,True,2583.6139198067544,575.0,6,11,11.995770638333033,0
67,13250138,970.0,584.6350900017893,True,2969.201067011268,560.0,12,1,5.973207510149061,0
147,771982972,550.0,402.29286208815,True,1820.4450311553458,265.0,6,8,5.012141623000657,0
128,1614846678,340.0,303.989192099392,True,1201.1319102261696,125.0,4,6,9.503208104792016,0
190,1598214606,780.0,483.644124442682,True,2332.957983988899,440.0,10,5,4.966673246066428,0
215,109619,910.0,565.0192510032244,True,2845.6212813203115,510.0,6,9,8.225387803447992,0
39,109391,510.0,410.05025326012804,True,1869.316595538806,220.0,4,13,8.431720111716505,0
195,25257044,195.0,215.84402807253858,False,645.8173768569928,40.0,0,3,1.3392661791068645,0
238,26699537,355.0,294.0955526292144,True,1138.8019815640505,355.0,5,34,47.06269769253566,0
109,1230374510,1125.0,616.0979170225112,True,3167.4168772418216,690.0,13,11,13.361447181395517,0
134,3552338823,725.0,535.2214627541158,True,2657.8952153509294,350.0,10,8,6.229615371614335,0
273,2564873531,620.0,448.9097157109136,True,2114.1312089787543,305.0,6,25,25.25492124284638,0
21,9024001777,1110.0,774.0915630173632,True,4162.776847009385,565.0,8,20,22.074602046030225,0
124,2191588310,840.0,598.8532847300174,True,3058.775693799113,420.0,12,19,17.03078125113611,0
178,12437379708,940.0,642.0004449396178,True,3330.602803119591,490.0,12,7,9.87281586364378,0
185,9791491,370.0,295.4821312802209,True,1147.5374270653913,160.0,4,15,18.159763738220104,2
13,107812,585.0,379.32776625592777,True,1675.764927412345,435.0,5,15,19.916228401108075,0
144,25470679,610.0,459.32626882440115,True,2179.755493593727,285.0,5,3,4.8696913457293505,0
24,25472654,390.0,318.24992162011716,True,1290.974506206737,165.0,2,19,26.383004239392772,3
104,21533913,745.0,530.4719331565086,True,2627.9731788860013,370.0,8,29,24.330213457903735,0
43,13329450969,275.0,246.85651415087926,True,841.1960391505395,100.0,0,3,4.03293373517784,0
282,1215418697,600.0,460.9875304474558,True,2190.22144181897,275.0,11,24,26.27529135346673,4
107,1667118171,535.0,408.717459590715,True,1860.9199954215048,245.0,5,6,11.891678713850581,0
248,25498869,1095.0,745.4896900751767,True,3982.5850474736176,570.0,6,23,19.880810514756362,0
199,3147915643,430.0,369.51494034979106,True,1613.944124203683,170.0,5,7,6.107246924074056,0
76,25626801,460.0,367.16694153145835,True,1599.151731648188,200.0,1,9,12.57486950363587,0
242,371564817,350.0,296.0832879943161,True,1151.3247143641909,140.0,8,5,5.8670337248594775,0
274,25533437,490.0,394.10425862786957,True,1768.8568293555795,210.0,10,3,4.311424142622,0
64,11188424157,185.0,210.3399170093347,False,611.1414771588085,35.0,2,0,0.5627205503743695,0
277,5247841988,695.0,515.3505655065636,True,2532.7085626913486,330.0,8,10,14.731404274248915,0
213,812264838,705.0,526.1060842199648,True,2600.468330585776,335.0,7,13,11.310293919263659,0
127,25505558,760.0,506.02432085871214,True,2473.9532214098863,405.0,7,5,9.307722279975115,0
60,311422338,865.0,603.1012589640812,True,3085.537931473713,440.0,8,15,9.175839616040598,0
162,108070,935.0,595.5802878696953,True,3038.1558135790765,515.0,11,4,5.273990974059858,0
139,9791491,455.0,368.9887424278958,True,1610.629077295743,195.0,4,7,5.26825441446821,0
271,25257290,755.0,513.2476088125552,True,2519.459935519096,395.0,5,9,10.782480740732238,0
209,9760809038,1045.0,634.5858951842735,True,3283.8911396609165,600.0,13,6,6.492322229889122,0
231,1614846675,235.0,240.92140362655465,False,803.8048428472944,65.0,2,10,14.375535609569079,4
267,25472758,365.0,315.8918442471508,True,1276.11861875705,140.0,3,8,5.6317155294631736,0
220,1598214606,345.0,296.2566004440868,True,1152.4165827977467,135.0,3,1,1.672957569897172,0
280,25472904,770.0,558.5729886308487,True,2805.0098283743478,375.0,9,15,11.980893086686354,0
57,12953571769,130.0,179.39382699630158,False,416.18111007669984,0.0,1,0,0.0,0
41,108258,565.0,417.12086433445455,True,1913.8614453070645,270.0,5,14,15.88995543761201,0
84,1685938740,760.0,543.4307719168302,True,2709.61386307603,375.0,13,10,10.657872469624929,0
56,25533438,630.0,467.14529764124813,True,2229.0153751398634,300.0,7,8,13.684910389257114,0
196,534993866,155.0,192.40635052516114,False,498.1600083085151,20.0,0,0,0.0,0
82,108258,335.0,299.0251788853029,True,1169.858626977408,125.0,4,8,6.960407348035648,0
37,25257321,905.0,621.2023753605005,True,3199.5749647711536,470.0,9,22,21.687538001361826,0
269,7066266061,550.0,429.44210980713325,True,1991.4852917849387,245.0,6,3,2.793358954725682,0
275,9620045688,640.0,476.3113461000642,True,2286.7614804304058,305.0,6,23,30.795916711076465,6
217,102025,160.0,197.03603449082115,False,527.3270172921733,20.0,1,0,0.7442923067580132,0
11,3552338823,1020.0,571.6242510867207,True,2887.2327818463446,615.0,6,14,10.951625936574588,0
53,443449146,595.0,386.5563417731643,True,1721.304953170936,405.0,5,3,5.136872360478346,0
98,11783244661,405.0,335.2643005952278,True,1398.1650937499346,170.0,0,6,4.9271697918890665,0
163,108045,610.0,453.5025737299607,True,2143.0662144987523,290.0,9,11,12.188254833418215,0
203,9521029,680.0,497.16104654472497,True,2418.1145932317663,330.0,12,6,10.211725659830613,0
55,4457798822,745.0,550.5047466138699,True,2754.17990366738,355.0,13,8,8.247937085226917,0
140,5932856691,455.0,363.44226083946245,True,1575.6862432886142,200.0,3,6,11.59354537177571,0
85,4360406511,850.0,538.7967585620266,True,2680.4195789407654,470.0,12,16,20.016521737338273,0
150,21665582,405.0,346.2380091923107,True,1467.299457911558,405.0,3,23,23.056447490712,0
65,14791188,430.0,355.9112963694326,True,1528.2411671274263,180.0,4,29,33.212227105490975,4
10,9512933,275.0,250.90678189871932,True,866.7127259619316,140.0,2,13,12.287328115332137,0
161,26559618,710.0,510.420154961696,True,2501.6469762586844,385.0,7,8,8.68983623541608,0
14,669891670,1395.0,795.6530804935495,True,4298.61440710935,835.0,13,23,16.853921013376468,0
100,9849094224,1025.0,556.3908544664846,True,2791.2623831388564,665.0,8,7,12.911702904283151,0
236,25533613,700.0,490.94933846744135,True,2378.980832344881,355.0,5,13,14.061033298740094,0
159,2784682596,415.0,348.57750334076314,True,1482.038271046808,170.0,4,16,16.607348380029762,0
272,1215418697,1300.0,800.7149184930641,True,4330.503986506302,735.0,11,34,33.25110051778689,0
249,194250,395.0,336.9801320438641,True,1408.974831876344,155.0,3,7,6.277214538291051,0
54,266481785,350.0,300.51725716763434,True,1179.2587201560962,135.0,2,23,30.825520824446816,3
285,1685751723,570.0,432.3544018691481,True,2009.8327317756339,270.0,5,34,45.983474604113724,9
224,11707733695,965.0,614.420710690617,True,3156.8504773508866,530.0,6,8,6.8745684048419164,0
59,25496815,530.0,426.32750029011055,True,1971.8632518276986,230.0,7,6,2.955147006098155,0
227,25501773,455.0,357.7577004033395,True,1539.8735125410385,200.0,5,4,6.248646786277271,0
278,489796745,930.0,653.7341755378897,True,3404.5253058887038,470.0,12,30,26.100962842957415,0
122,12292980260,425.0,348.1316149021488,True,1479.229173883537,180.0,4,1,2.9964273996385296,0
262,1607738730,1020.0,676.4662511496731,True,3547.737382242943,545.0,14,25,21.731841294156553,0
91,1614926339,410.0,346.69668273488566,True,1470.1891012297806,165.0,3,4,9.036203331616287,0
265,9371260474,1255.0,695.0367006835729,True,3664.7312143064987,765.0,7,40,36.04371115193713,0
101,1685267218,535.0,421.2508970448344,True,1939.880651382457,240.0,4,20,16.73433833499103,0
120,806821396,1405.0,789.1102997091673,True,4257.39488816774,850.0,12,53,44.68679688300712,0
77,4784457213,915.0,630.8825198889249,True,3260.5598753002278,470.0,10,11,10.936794194748273,0
117,12765774269,410.0,332.9967485992259,True,1383.8795161751239,175.0,4,1,1.9890711856725167,0
270,9791495,410.0,337.39532647098224,True,1411.5905567671882,170.0,3,18,33.76655280250277,13
99,8972731452,795.0,551.9830020539204,True,2763.4929129396965,405.0,6,12,14.449825390805149,0
83,333725797,435.0,329.7545464157953,True,1363.4536424195094,200.0,5,8,4.9904250517713455,0
279,2191480791,1135.0,678.3260974842834,True,3559.4544141509837,660.0,8,20,19.628056398860803,0
108,3560950179,515.0,413.2291257821688,True,1889.3434924276626,225.0,7,19,17.10537709975761,0
24,108398,145.0,189.82256731079343,False,481.88217405799855,10.0,3,1,0.6110397811995364,0
27,108258,540.0,417.1164988265206,True,1913.8339426070802,245.0,4,17,19.372515433290772,1
146,5244680779,715.0,506.53623561433557,True,2477.178284370313,415.0,11,11,12.75060762872613,0
115,25498869,1080.0,748.8590486401438,True,4003.8120064329087,555.0,10,30,31.077084237398402,0
78,1614926342,525.0,404.66000590348256,True,1835.35803719194,240.0,4,13,14.041880329568759,0
211,21665583,535.0,407.59164591484165,True,1853.8273692635032,535.0,6,24,31.46812502842057,4
226,9791489,1075.0,594.5231689545536,True,3031.4959644136784,680.0,11,31,35.5215572931354,0
182,107786,540.0,387.3316218752631,True,1726.1892178141577,315.0,12,12,10.625094407166497,0
36,4784457202,500.0,403.3638032619985,True,1827.1919605505911,215.0,6,7,6.042113970083116,0
172,109348,1305.0,804.356992715618,True,4353.4490541083915,740.0,18,26,40.43794338150778,0
207,1678452778,440.0,343.10747148998865,True,1447.5770703869287,195.0,6,1,2.050096014166437,0
266,2191480791,725.0,497.5816854275548,True,2420.7646181935947,375.0,5,11,15.650931297692145,0
72,1684410040,775.0,548.8632181493816,True,2743.8382743411034,390.0,6,19,15.429877159298641,0
246,6214704104,245.0,239.19539708393768,True,792.9310016288072,75.0,3,0,1.344078633763054,0
17,6214704100,460.0,376.04089442384753,True,1655.05763487024,195.0,3,7,10.059431331604381,0
102,489796745,695.0,524.1061650271964,True,2587.868839671339,325.0,6,14,12.622359161305601,0
188,9789823,710.0,454.3520495314805,True,2148.4179120483277,440.0,2,13,10.667575532109026,0
35,1685751707,290.0,277.0949801235125,True,1031.698374778129,95.0,7,5,2.8344364277142162,0
184,1684410086,550.0,425.46875320744545,True,1966.4531452069054,250.0,3,8,9.709954625023535,0
101,21665590,90.0,158.01716699397875,False,281.508152062066,0.0,0,0,0.0,0
261,25470785,1625.0,939.2112195202292,True,5203.030682977436,965.0,16,46,49.16940933570204,0
90,102025,870.0,639.4636634472732,True,3314.621079717825,420.0,15,12,13.394393378073259,0
272,6183125373,115.0,167.7632154750277,False,342.90825749267447,0.0,0,0,0.0,0
292,25257027,660.0,496.6402773865219,True,2414.8337475350895,310.0,7,5,4.819865183782242,0
287,25533438,770.0,431.7218364501546,True,2005.8475696359758,585.0,4,9,9.63973998490129,0
180,25495441,695.0,493.3127450532509,True,2393.870293835478,345.0,13,7,9.022578631729587,0
30,25544131,715.0,518.3137935920803,True,2551.3768996301037,350.0,6,7,6.319644729692179,0
5,534993859,300.0,276.0438072666993,True,1025.0759857802052,105.0,4,12,17.59860342128051,2
31,3552338823,560.0,409.9804690261734,True,1868.8769548648934,335.0,5,8,9.336779699546792,0
214,21665583,745.0,509.2050939261096,True,2493.9920917344907,745.0,12,68,74.90115532016887,4
223,25505558,845.0,590.2546012121253,True,3004.603987636388,430.0,13,13,13.278354323951397,0
225,452169167,790.0,356.57273927374086,True,1532.4082574245692,575.0,0,0,0.20109090909090901,0
106,9512925,930.0,584.2470767890013,True,2966.756583770711,670.0,11,20,16.055175977969483,0
74,9806677456,445.0,364.9321547446783,True,1585.0725748914738,185.0,4,10,6.930545158783624,0
212,435144778,265.0,256.5280004818606,True,902.1264030357215,85.0,2,2,5.571768173795107,0
73,25544119,510.0,402.8674220365023,True,1824.0647588299648,225.0,6,10,12.045288313336027,3
51,25544130,445.0,358.73862135175784,True,1546.0533145160741,190.0,5,7,6.748267568625401,0
3,1927220454,715.0,524.5097533178722,True,2590.411445902592,345.0,7,6,6.528687179928137,0
95,255562,460.0,374.6386226120887,True,1646.2233224561596,195.0,6,6,5.016552903416684,0
69,11331184983,590.0,450.3268627756498,True,2123.059235486593,285.0,9,22,29.451328695274956,0
121,25257028,775.0,536.087218152711,True,2663.349474362081,395.0,10,19,17.956699749052227,0
187,108209,500.0,398.93796523835914,True,1799.3091810016615,220.0,3,2,5.2832572785501455,0
210,1508437746,380.0,325.9174957228329,True,1339.2802230538466,150.0,1,7,5.10435247605701,0
290,25472162,685.0,486.6516749212044,True,2351.9055520035868,340.0,4,10,9.53612733537484,0
277,12198538,225.0,235.2303972104419,False,767.9515024257838,60.0,4,1,1.8679999555121172,0
62,108025,570.0,437.51122072751537,True,2042.3206905833483,260.0,6,9,11.72356027453724,0
260,21665031,585.0,427.25719716624974,True,1977.7203421473737,285.0,7,19,16.807686651916818,0
272,9178184328,60.0,140.6748407541368,False,172.25149675106158,0.0,1,0,0.0,0
51,25476020,35.0,127.42924935982191,False,88.80427096687797,0.0,0,0,0.0,0
2,4222962219,980.0,548.6684896770545,True,2742.611484965439,595.0,8,30,23.833567063141942,0
141,652425475,1480.0,959.5596668368585,True,5331.225901072217,805.0,10,27,23.581231433793747,0
288,109608,735.0,548.8924218001458,True,2744.0222573409205,350.0,10,32,35.27820621125467,3
235,3531897238,400.0,339.52248502577123,True,1424.9916556623582,160.0,5,6,6.930027951521269,0
15,2191588310,605.0,458.2963309719972,True,2173.266885123582,280.0,5,4,3.174019599248326,0
283,6943750656,655.0,485.07348920428944,True,2341.962981987024,315.0,3,2,6.042056497151079,0
276,26559368,495.0,392.05542620509857,True,1755.9491850921208,220.0,4,7,10.762794797159675,0
125,1685938727,710.0,507.09871237343447,True,2480.7218879526376,355.0,5,34,45.22402420320568,12
1,110009,1190.0,761.773189384688,True,4085.171093123533,655.0,12,12,15.775242519443392,0
244,102035,1575.0,910.4664194272882,True,5021.938442391911,935.0,11,6,4.234420753555603,0
92,1614926320,455.0,373.7504928855577,True,1640.6281051790136,190.0,3,8,5.745881905078406,0
257,9512935,950.0,537.6329802039114,True,2673.0877752846436,570.0,6,10,10.158113689216274,0
231,25501328,260.0,257.1698223630559,False,906.1698808872518,75.0,0,3,3.8152755405788787,0
238,9398043798,330.0,295.2753680615147,True,1146.2348187875425,120.0,4,15,19.46664338421896,3
198,25498869,360.0,317.58451998744823,True,1286.7824759209238,135.0,4,3,1.7435717229873777,0
165,26699544,655.0,474.94685503792726,True,2278.165186738943,320.0,10,31,42.24872002704091,8
190,25472291,340.0,292.4229953288412,True,1128.2648705716995,135.0,3,11,6.909856413095286,0
88,1309470395,610.0,476.219520300413,True,2286.182977892603,275.0,4,14,12.63656264651866,0
222,25417428,465.0,371.62307160283143,True,1627.2253510978383,205.0,5,8,7.83463262864467,0
132,12959453,1005.0,692.8472399870905,True,3650.9376119186704,520.0,13,40,41.207884323032964,0
79,1231977962,625.0,449.8305749795966,True,2119.932622371456,310.0,6,7,12.30559358200629,0
253,25502834,465.0,381.17926344488814,True,1687.4293597027943,195.0,5,4,3.2503977850053634,0
117,4784457210,200.0,218.28442541514926,False,661.1918801154403,45.0,1,9,15.507784949881716,7
103,25470679,920.0,610.709039805594,True,3133.466950775244,490.0,8,22,21.33215486526912,0
129,4993728408,1285.0,784.0765659267764,True,4225.682365338691,735.0,13,34,34.57098018343905,0
134,652425475,350.0,301.70790813096903,True,1186.7598212251048,135.0,0,1,1.7060406111076254,0
143,21590631,455.0,377.70420584911443,True,1665.53649684942,190.0,4,3,3.782669750878121,0
264,9398043798,400.0,329.7279963163716,True,1363.286376793142,165.0,2,16,15.591460681017555,0
87,25544130,825.0,575.3396308926785,True,2910.6396746238734,420.0,9,19,22.62341899430197,0
285,25532841,255.0,251.0717525903138,False,867.7520413189768,75.0,2,6,4.239018305193459,0
75,21645238,840.0,489.27103856813744,True,2368.4075429792665,600.0,6,18,12.654252579519596,0
49,200043,1020.0,681.9530034060355,True,3582.303921458022,540.0,11,12,14.8112833693197,0
288,742854915,80.0,151.03993562510908,False,237.55159443818715,0.0,1,0,0.0,0
46,25532839,1305.0,743.9223890112263,True,3972.711050770711,780.0,7,45,41.47667423136191,0
169,2934851453,740.0,513.0364485417856,True,2518.1296258132493,380.0,8,26,31.398342146266007,0
8,338501923,675.0,485.66310533473654,True,2345.6775636088405,335.0,2,14,12.308608841762187,0
201,107708,1045.0,700.5115137114493,True,3699.2225363821294,550.0,15,17,19.50774537466665,0
40,25533437,470.0,386.62671069957844,True,1721.748277407345,195.0,7,2,4.230258538270419,0
175,280412704,655.0,491.2314032821437,True,2380.757840677507,310.0,8,2,6.340344940704754,0
94,1685938740,1145.0,690.4187920432399,True,3635.638389872406,660.0,14,17,19.51441891625635,0
34,454373621,670.0,493.7177209050738,True,2396.421641701963,320.0,8,7,5.053818284394733,0
200,8622639982,635.0,480.3613440194174,True,2312.2764673223314,295.0,9,15,10.131598347551623,0
114,4784457213,895.0,617.8846114936766,True,3178.673052410166,460.0,10,13,14.426591714062539,0
14,2271422636,305.0,277.7650500209738,True,1035.9198151321348,110.0,1,1,3.5062345648989224,0
63,12026764,1260.0,711.5484909618575,True,3768.755493059701,760.0,11,40,35.58770619440343,0
177,2337311458,615.0,446.49355661518086,True,2098.9094066756384,300.0,5,30,39.02849407911249,0
218,25473373,840.0,586.7604657360872,True,2982.5909341373485,425.0,12,15,11.815053063799333,0
152,1278032912,520.0,408.585093506345,True,1860.086089089974,230.0,5,6,8.143249023316425,0
229,102025,980.0,685.6879370628802,True,3605.8340034961434,500.0,10,17,14.78416861504697,0
174,21665006,595.0,427.1185602708176,True,1976.8469297061506,295.0,9,16,19.2939840309904,0
47,2191480791,655.0,459.0193229164429,True,2177.821734373589,330.0,5,17,13.50803321264787,0
18,846861643,950.0,633.4844147464745,True,3276.951812902788,505.0,8,13,7.55546836251751,0
216,26651413,515.0,402.8220494712028,True,1823.7789116685774,230.0,2,25,32.52106191427163,0
7,107801,770.0,428.3470183697887,True,1984.5862157296663,600.0,4,10,14.08188419346041,0
161,12546153248,325.0,293.3548092947462,True,1134.1352985569006,115.0,3,2,2.707643973058755,0
148,1666324249,640.0,473.3502987591633,True,2268.1068821827294,305.0,6,30,39.00287433578704,7
53,26845543,355.0,309.4777627228976,True,1235.709905154255,135.0,6,12,9.547472725946035,0
170,25544136,930.0,513.6369810446686,True,2521.9129805814123,625.0,5,14,14.03406148168575,0
243,806821396,1160.0,795.9211951850958,True,4300.303529666101,600.0,15,15,14.986628003490678,0
223,10574746,200.0,220.57413352596691,False,675.6170412135916,45.0,0,8,8.729083037896494,1
254,1678452742,805.0,562.4766185443002,True,2829.6026968290907,410.0,12,22,19.703942707505973,0
259,5266874223,675.0,494.19517966447177,True,2399.4296318861734,325.0,7,29,30.4118968843517,0
156,1678452742,690.0,457.6206026671962,True,2169.009796803337,365.0,10,0,4.509988863847362,0
227,1678452807,330.0,276.5221396776016,True,1028.0894799688901,135.0,1,24,22.45351510297709,0
29,5411324111,1060.0,726.6059946650482,True,3863.6177663898015,550.0,11,18,26.649070317254868,0
168,6262789333,970.0,638.4150035126453,True,3308.0145221296616,520.0,9,25,23.471956069621587,0
144,25501288,445.0,365.1444068802836,True,1586.4097633457864,185.0,3,18,14.181287290669475,0
110,1678452758,795.0,578.2948452329846,True,2929.2575249678025,390.0,10,12,8.51193697469919,0
279,27503587,300.0,284.138441135254,True,1076.0721791521003,100.0,0,6,4.435631089862327,0
22,4239164192,920.0,548.7216702300925,True,2742.946522449575,535.0,6,6,6.338719463187435,0
143,6943750676,100.0,160.41156253748213,False,296.5928439861374,0.0,0,0,0.0,0
145,7787603288,1130.0,737.7549450101654,True,3933.8561535640442,610.0,11,20,24.547522930709945,0
255,25473373,735.0,508.1385188815618,True,2487.27266895384,375.0,8,12,16.712043204299803,0
32,255747713,555.0,433.09224097677793,True,2014.4811181537018,250.0,3,2,3.5773046186507442,0
282,5560599869,460.0,371.1925966736752,True,1624.5133590441535,200.0,2,7,4.852991759698113,0
191,4211515634,570.0,441.2796147452608,True,2066.061572895144,260.0,9,6,9.352293568914437,0
123,25473344,785.0,553.5932537365672,True,2773.6374985403727,395.0,11,19,19.275863093702615,0
26,25375955,920.0,500.6013667853292,True,2439.7886107475765,565.0,8,21,12.957369416964157,0
209,5393414954,435.0,358.46688547398895,True,1544.34137848613,435.0,4,44,57.0547728849584,0
131,108060,935.0,561.0384308277515,True,2820.542114214835,740.0,10,23,16.71639916958984,0
54,1493424644,390.0,304.48767398875094,True,1204.2723461291307,195.0,7,22,25.782956512476225,0
118,107799,535.0,411.32428018560546,True,1877.3429651693154,245.0,7,12,11.337201870374578,0
93,4457798822,725.0,524.2153280002439,True,2588.5565664015357,355.0,9,8,6.409092339016919,0
158,820271,590.0,452.51666257885114,True,2136.854974246763,270.0,4,22,30.10557905779429,7
154,26591528,865.0,615.8249144235134,True,3165.6969608681347,430.0,8,17,15.087664465691704,0
57,8772951805,450.0,361.4106509182479,True,1562.8871007849623,195.0,13,4,4.436791567014962,0
76,1614846678,480.0,380.32148151321445,True,1682.0253335332511,210.0,8,9,7.450234105255413,0
70,435144778,875.0,619.5224433481281,True,3188.991393093207,440.0,6,16,20.300864559928524,0
120,7959928587,385.0,336.48966348023015,True,1405.8848799254497,145.0,6,8,7.953557004950453,0
214,1667203491,280.0,271.3459724659914,True,995.4796265357458,90.0,1,2,1.9987491790505605,0
291,109833,920.0,639.8907138232222,True,3317.3114970862975,470.0,11,34,39.85198611996276,0
207,25257290,315.0,287.1768589699775,True,1095.2142115108584,110.0,3,5,5.671316146406458,0
242,12292980260,485.0,393.1593037118401,True,1762.9036133845918,205.0,2,4,3.4403285172547573,0
130,108258,695.0,482.9587496533925,True,2328.6401228163722,355.0,8,17,15.499296992266872,0
203,452514276,440.0,362.4957747872878,True,1569.723381159913,185.0,6,3,1.9808660912313059,0
292,25503707,300.0,285.77029850613275,True,1086.3528805886367,95.0,4,3,2.0790164676525675,0
79,25501065,175.0,188.21819079126098,False,471.7746019849442,95.0,1,8,11.087843780841524,0
192,25473423,985.0,588.942831868761,True,2996.3398407731875,595.0,11,9,6.952367681799822,0
80,9167793401,790.0,425.26708538123273,True,1965.1826379017684,490.0,1,14,12.630649918953402,0
219,13329450969,1100.0,624.6426712203524,True,3221.2488286882217,660.0,9,11,9.949072571056414,0
89,25524248,1090.0,730.0833269651355,True,3885.5249598803507,575.0,17,33,31.623166324496857,0
271,1614949613,475.0,387.576949664105,True,1727.7347828838613,200.0,4,8,12.964096530862578,0
204,107860,1045.0,596.9608552230151,True,3046.8533879050005,625.0,9,7,9.866000819024084,0
58,25473373,725.0,519.5196695483204,True,2558.973918154417,360.0,5,7,7.48832218794495,0
95,3140855387,275.0,260.69101425439396,True,928.3533898026818,90.0,2,2,2.722621688066079,0
234,25498869,1450.0,838.1789901722685,True,4566.5276380852865,860.0,6,9,7.351273346444666,0
166,812264903,810.0,586.344975816273,True,2979.973347642516,395.0,10,14,13.632820352590265,0
153,9046520718,590.0,439.8064306096785,True,2056.780512840975,280.0,10,17,20.211910514690675,0
197,800232961,995.0,696.1491348376419,True,3671.7395494771467,505.0,11,17,11.84418167973414,0
66,25496815,1185.0,788.9717147849858,True,4256.5218031454115,630.0,9,13,16.06031708678554,0
251,3085005064,660.0,495.5805706958916,True,2408.157595384116,310.0,8,5,5.138854877983289,0
45,11867694471,990.0,676.135934235484,True,3545.656385683548,515.0,15,9,17.070481032049635,0
263,1637789617,705.0,530.0195426571094,True,2625.1231187397916,330.0,11,20,14.436580202884652,0
50,2191588310,1000.0,652.5009081636161,True,3396.7557214307817,540.0,5,11,9.90063797849714,0
247,25472904,920.0,617.0246028304899,True,3173.254997832086,485.0,11,25,26.250567560056165,0
16,4215728338,880.0,609.1029783402986,True,3123.3487635438873,450.0,9,14,15.20093697292426,0
151,6266808745,860.0,600.575391254042,True,3069.6249649004662,435.0,8,7,8.017554546324924,0
28,338501923,975.0,552.9732271021054,True,2769.7313307432632,590.0,8,9,10.218043341055647,0
205,2941537163,1005.0,606.554552883818,True,3107.2936831680513,580.0,9,6,6.248991562642853,0
3,1667203485,305.0,276.0820545943108,True,1025.316943944158,110.0,2,4,2.8343902657663373,0
258,108258,1050.0,643.392371980176,True,3339.3719434751097,595.0,14,10,10.900549037895765,0
189,25473371,780.0,549.4119470845187,True,2747.295266632468,410.0,10,10,12.373312809576042,0
136,1685938741,725.0,539.0871127416062,True,2682.248810272118,345.0,8,19,16.315126819914212,0
94,25533613,180.0,209.16335710918833,False,603.7291497878864,30.0,3,2,1.025997432224252,0
86,9791152,820.0,570.4632118956276,True,2879.918234942452,420.0,13,4,7.426735072441206,0
239,25497446,710.0,521.5727120302208,True,2571.908085790391,340.0,8,7,7.698996909926834,0
137,26591534,875.0,588.6975103770393,True,2994.794315375349,460.0,7,14,15.333524952873127,0
167,5404151677,995.0,669.8365317568172,True,3505.9701500679466,525.0,3,29,30.526210310628848,0
150,9791482,495.0,398.14563937803877,True,1794.3175280816456,215.0,8,10,5.297544110578405,0
199,7223704403,560.0,436.25392706238955,True,2034.3997404930544,250.0,5,18,13.922899635774158,0
157,1938580083,965.0,533.7734602470167,True,2648.772799556211,595.0,9,9,9.442501507047917,0
69,107349,335.0,295.6529336950223,True,1148.6134822786398,125.0,4,9,9.290557840768441,0
10,281454988,500.0,395.49297284114897,True,1777.6057288992383,220.0,5,7,10.829547772017088,0
245,1667118178,1335.0,824.1169209278231,True,4477.9366018452865,755.0,18,9,12.93450788489945,0
159,102020,490.0,382.32053996401845,True,1694.619401773318,220.0,6,8,7.931749023980056,0
100,25505558,500.0,388.2534363469525,True,1731.996648985802,225.0,7,4,6.195849345505452,0
88,25483785,255.0,254.9414865232576,False,892.131365096523,75.0,2,2,2.2071565577646846,0
133,25476020,865.0,471.6567994901816,True,2257.437836788146,600.0,5,12,9.528609391563466,0
48,25472136,690.0,507.7134318254341,True,2484.5946205002333,330.0,10,31,22.21272206019422,0
104,21554368,585.0,438.2337005582423,True,2046.8723135169273,275.0,10,0,4.225384362553179,0
21,25507343,595.0,444.25692533633315,True,2084.8186296188987,280.0,2,3,4.179036860791811,0
101,25502552,380.0,299.62755344870294,True,1173.6535867268285,215.0,2,11,15.858846355066222,0
206,1614926348,870.0,616.7940060665723,True,3171.8022382194054,435.0,12,5,8.745752922505533,0
223,1685938727,160.0,197.47989628017027,False,530.1233465650724,20.0,0,0,0.1658213969938108,0
230,10544188928,810.0,581.8174036804605,True,2951.4496431869006,400.0,9,11,7.114043806193765,0
43,4457798822,590.0,443.7222616923875,True,2081.4502486620413,275.0,7,20,30.082999215107957,6
240,21665585,920.0,624.0786857792174,True,3217.6957204090722,480.0,12,23,23.307253143578265,0
38,25507343,880.0,590.3654048747381,True,3005.302050710848,465.0,7,24,20.816219619544203,0
172,107878,405.0,340.11255241961686,True,1428.7090802435862,165.0,3,5,3.2409941209351674,0
170,21665912,170.0,204.12606140426936,False,571.9941868468972,25.0,1,0,1.7428821978051412,0
268,26699537,850.0,583.975304793968,True,2965.044420201999,850.0,9,62,66.1616508338544,0
7,11200374910,190.0,212.30747383509964,False,623.537085161128,40.0,3,0,0.45909106984969045,0
237,1612319349,1070.0,701.322873814651,True,3704.3341050322965,575.0,17,21,20.224141631835394,0
15,1678452778,310.0,273.65391527789023,True,1010.0196662507083,115.0,4,18,30.171335440096783,7
103,108045,270.0,261.40742671508576,True,932.86678830504,85.0,4,1,2.1856003131727193,0
65,2337311458,525.0,403.28335960680903,True,1826.6851655228977,240.0,4,31,35.15699461324649,0
97,11863161,1060.0,684.3542099141024,True,3597.431522458845,580.0,16,21,15.09994133542846,0
215,26591528,630.0,475.14597168712817,True,2279.4196216289083,295.0,5,22,19.390120945856985,0
265,21665006,500.0,390.6737017706293,True,1747.2443211549644,225.0,5,8,5.47934697675957,0
156,1667203491,175.0,204.80371775028212,False,576.2634218267773,30.0,0,1,0.9870967689130331,0
145,102000,160.0,196.89492357641834,False,526.4380185314354,20.0,0,0,0.6017850493460294,0
233,25534084,1020.0,681.5917753674233,True,3580.0281848147647,540.0,16,36,34.96531755603177,0
235,21665006,335.0,283.26844497224505,True,1070.5912033251434,175.0,3,24,34.225202195109695,6
85,12437379708,550.0,431.39062475864523,True,2003.7609359794653,245.0,3,6,6.74947873379292,0
12,10900901931,740.0,536.9061046457438,True,2668.508459268189,360.0,4,5,4.318480337579084,0
113,8142633526,1600.0,885.0779998822651,True,4861.991399258274,1030.0,14,12,9.822648246062737,0
71,1630526800,745.0,538.3792450034181,True,2677.789243521532,365.0,8,13,16.33949012707409,0
20,13300220281,890.0,607.1845579917323,True,3111.262715347914,460.0,12,17,21.599100688460364,0
181,25501306,935.0,645.6466870066323,True,3353.574128141782,480.0,9,34,30.922758152470628,0
4,5016867335,1685.0,964.4268857362529,True,5361.889380138403,1005.0,14,39,41.0863540806424,0
173,14069254029,975.0,658.6076690462972,True,3435.2283149916716,510.0,15,19,23.831448774879767,0
201,25503701,260.0,252.7650311434211,True,878.4196962035528,80.0,2,3,4.290880288488474,0
128,107809,670.0,490.4312420558702,True,2375.716824951983,325.0,6,19,19.44467322511871,0
286,1666324140,1260.0,783.0576579515049,True,4219.263245094483,710.0,11,14,12.297396228873232,0
44,25306041,1285.0,652.4898442369721,True,3396.6860186929152,835.0,10,4,4.4234109324404285,0
33,26845543,935.0,586.8654189305563,True,2983.2521392625076,520.0,12,8,5.987889146309501,0
280,25533578,595.0,423.29069042598593,True,1952.7313496837112,310.0,7,1,5.063936428464947,0
78,9760819194,465.0,380.49511821334147,True,1683.1192447440524,195.0,4,4,5.025008137694709,0
256,5393414954,895.0,493.76271635810133,True,2396.7051130560417,895.0,7,40,44.81392925891507,0
111,9791495,735.0,518.0245208205585,True,2549.5544811695186,370.0,2,10,8.87998005628029,0
160,14791174,1055.0,700.3877559573332,True,3698.442862531202,560.0,11,14,12.033625915638737,0
17,11863145,455.0,375.8602880374241,True,1653.9198146357714,190.0,8,15,12.524357952589725,0
263,6943750656,110.0,168.51971069043768,False,347.67417734975726,0.0,4,0,0.0,0
98,3531897238,590.0,430.99077317041343,True,2001.2418709736055,285.0,8,26,30.487670084556186,6
36,2271434264,465.0,380.6088487024545,True,1683.8357468254633,195.0,5,8,11.055585548424197,0
77,11867694471,535.0,409.4517848071201,True,1865.5462442848561,245.0,3,6,8.797531062420145,0
202,13349587,1280.0,655.0259168063525,True,3412.663275880005,820.0,6,1,0.5233528224749181,0
182,25417428,480.0,392.72529528981755,True,1760.16936032585,205.0,7,6,4.294136021488349,0
1,25472758,370.0,321.5595234671079,True,1311.8249978427793,140.0,1,2,4.001705151260696,0
24,506328368,520.0,400.59696124647115,True,1809.7608558527684,235.0,6,33,34.90143010773171,0
221,9512935,985.0,539.2841869413537,True,2683.490377730528,610.0,11,13,13.81566280553139,1
196,102025,615.0,454.5253015037732,True,2149.5093994737726,295.0,8,12,12.103580890482144,0
248,11751472416,660.0,483.8376013576117,True,2334.176888552955,320.0,8,6,4.8662624882791885,0
155,108258,955.0,653.4455201244542,True,3402.706776784059,495.0,15,26,23.872453470968917,0
60,1694551549,650.0,485.13358180223247,True,2342.341565354064,310.0,4,4,5.524031257149699,0
23,3077397235,780.0,560.1822066736848,True,2815.1479020442175,385.0,13,8,4.356894763510707,0
164,25626801,895.0,555.9724249366308,True,2788.626277100774,670.0,3,3,5.0186224580017695,0
270,14791174,545.0,425.5963706516325,True,1967.2571351052843,245.0,11,11,7.6014423946238425,0
25,25498869,1155.0,798.1756382875718,True,4314.506521211708,595.0,22,26,33.4214027785675,0
27,452514269,525.0,414.301290277556,True,1896.0981287486038,230.0,7,5,7.296344773771201,0
119,108895,990.0,682.7933786776256,True,3587.5982856690384,510.0,9,18,18.064108019008234,0
6,10996228332,1095.0,740.6932755450132,True,3952.3676359335823,575.0,6,18,19.23011542240974,0
5,5453319326,465.0,373.2526852804994,True,1637.4919172671475,200.0,3,19,20.551675720045953,3
289,13565582698,895.0,622.3595391311495,True,3206.865096526237,455.0,11,20,23.335635776375444,0
232,107780,865.0,608.9816697299588,True,3122.5845192987463,435.0,10,14,10.827365443227011,0
276,107878,405.0,339.77804013461883,True,1426.601652848099,180.0,8,2,3.369237166135494,0
287,2215490967,490.0,382.30270261684865,True,1694.5070264861454,220.0,3,7,5.124133516531251,0
26,25533129,225.0,237.31557253488785,False,781.0881069697932,55.0,2,3,1.6798524826039536,0
82,1694551549,645.0,440.88195183237923,True,2063.556296543988,370.0,5,8,8.247643617195546,0
188,12391355483,500.0,396.2010755196557,True,1782.0667757738308,220.0,6,6,7.312193821118747,0
56,1938580083,655.0,467.7645331368369,True,2232.916558762073,325.0,5,18,21.56187107646938,0
194,255576,1000.0,613.5579774327334,True,3151.4152578262197,570.0,5,4,6.5841522060628295,0
149,452168032,935.0,634.4973374520308,True,3283.3332259477966,490.0,4,6,14.153281673873293,0
134,3531897238,370.0,315.8972193951368,True,1276.152482189362,145.0,7,6,5.402376327245528,0
105,435144778,1230.0,783.8881770906845,True,4224.495515671312,695.0,12,12,16.004233733986844,0
180,9791487,500.0,401.9935943842655,True,1818.5596446208722,215.0,7,4,6.25466760536938,0
152,452169196,315.0,290.3552765561304,True,1115.2382423036208,110.0,7,10,13.21133129770467,3
183,338501923,835.0,606.129145683005,True,3104.6136178029337,410.0,11,10,10.043526154392781,0
135,11331184983,850.0,597.4392164277886,True,3049.8670634950636,440.0,11,14,15.974026211792681,0
278,3552338823,610.0,443.89417563474314,True,2082.533306498883,295.0,9,17,16.405972740209723,0
275,25533438,660.0,494.42457703039497,True,2400.8748352914836,310.0,6,8,8.999282275707566,0
228,12265050664,1260.0,795.8260177030626,True,4299.703911529297,700.0,12,22,21.936321814763918,0
110,108045,275.0,253.04990005146354,True,880.2143703242203,95.0,2,3,4.495380776877741,0
74,25257284,495.0,395.30172223553933,True,1776.4008500838981,215.0,3,6,8.707744571003312,0
176,1835289526,865.0,591.2459218858113,True,3010.8493078806177,450.0,9,14,14.463418141375053,0
210,881888313,475.0,377.18896612356264,True,1662.2904865784446,210.0,4,16,16.761325087916767,0
107,26817585,720.0,512.0975657836485,True,2512.2146644369836,360.0,5,15,14.836076671376231,1
3,107806,180.0,196.5266317018277,False,524.1177797215144,50.0,1,6,5.5920825954724105,0
52,4116205016,1150.0,772.6835272027512,True,4153.906221377338,605.0,14,15,16.724793239811945,0
144,25375955,295.0,277.51393075449454,True,1034.3377637533154,100.0,4,4,2.8172634439939155,0
217,12264307320,685.0,512.2703130479125,True,2513.302972201849,325.0,8,13,11.243002544766531,0
244,26699551,450.0,351.2643878725068,True,1498.9656435967925,255.0,6,21,16.406223728374282,0
37,5932959891,695.0,502.42116728760755,True,2451.2533539119268,340.0,7,16,14.720813400715459,0
55,109836,690.0,500.30309275065184,True,2437.909484329106,335.0,9,15,10.350709822699516,0
224,110009,660.0,477.28593220650816,True,2292.9013729010017,325.0,3,6,11.363165813922077,0
250,669891669,800.0,549.3325453528286,True,2746.7950357228187,420.0,4,17,17.256980912425234,0
284,25476014,1015.0,696.1544233257758,True,3671.772866952391,525.0,10,19,20.446448943571664,0
68,1612472593,920.0,643.062058259465,True,3337.2909670346257,465.0,10,43,66.58201995707323,23
179,281454988,1015.0,620.33759338023,True,3194.1268382954486,580.0,12,20,14.817404535445718,0
84,21665135,715.0,491.6627513605655,True,2383.4753335715614,370.0,4,19,20.744243911583705,0
178,25533613,775.0,557.1568838165366,True,2796.0883680441816,380.0,8,17,20.075641812796082,4
39,25256273,795.0,576.7367830722729,True,2919.441733355323,390.0,9,4,5.700400988031872,0
41,2214957485,735.0,526.9353632782348,True,2605.6927886528792,365.0,9,9,9.126988282845144,0
59,1630526800,685.0,499.7550367377176,True,2434.4567314476194,335.0,5,20,16.183277923125292,0
112,1620855375,1200.0,805.8860778224073,True,4363.082290281171,635.0,11,13,12.195973824631627,0
132,9521033,465.0,376.54881716147236,True,1658.2575481172753,200.0,3,8,6.710280515605769,0
280,107818,145.0,188.15763561818468,False,471.3931043945636,10.0,0,0,0.22665923111122016,0
211,6219635602,620.0,454.62146224142913,True,2150.1152121210043,315.0,5,10,6.130992070310781,0
197,25257402,265.0,255.6345558127615,True,896.4977016203974,85.0,0,2,2.2513864165770743,0
61,1685938741,1285.0,785.1705033276637,True,4232.574170964281,735.0,11,25,36.457754253338734,0
260,107806,535.0,394.7712816386655,True,1773.0590743235932,300.0,7,10,6.637776541796333,0
42,25496780,1340.0,825.3084823932908,True,4485.443439077736,760.0,12,33,36.50471880207907,0
109,11618689213,820.0,562.2168420251946,True,2827.9661047587238,445.0,11,15,13.5011447427796,0
83,21665911,670.0,490.12424097985837,True,2373.7827181731077,670.0,7,63,70.97296097032276,0
29,1106056866,365.0,320.17333683201474,True,1303.0920220416926,140.0,6,2,1.7528677822628251,0
174,9046526383,410.0,339.2329441586209,True,1423.1675481993123,170.0,3,1,2.526823853610663,0
114,108267,425.0,343.4237718702305,True,1449.569762782453,180.0,1,36,39.89640818187607,4
127,652425475,785.0,556.7591614670577,True,2793.582717242463,395.0,5,20,16.808486046737663,0
151,9791491,275.0,264.0217911733235,True,949.3372843919373,90.0,1,2,2.1234409628984863,0
139,12391355483,790.0,582.8574602220199,True,2958.001999398725,380.0,6,6,6.981500454917219,0
46,12652780908,455.0,367.7772900919834,True,1602.996927579496,195.0,8,31,37.643242541713576,0
142,102025,1005.0,696.8857876184987,True,3676.380461996538,515.0,8,13,14.223001993547,0
48,5339077113,235.0,238.55171679119206,False,788.8758157845095,65.0,1,5,3.3130324833506233,0
277,333650017,570.0,434.8945870449604,True,2025.8358983832488,265.0,7,9,8.947391819314516,0
184,25498869,630.0,478.7937707774555,True,2302.4007558979697,290.0,8,19,22.83963070510829,0
82,9512926,125.0,174.57011828429378,False,385.79174519105084,0.0,1,0,0.0,0
273,25471086,840.0,549.0670491569273,True,2745.122409688641,455.0,11,19,18.837180708905407,0
81,25476020,885.0,638.4351676724153,True,3308.1415563362193,435.0,15,27,20.768236088731783,0
85,5811245211,215.0,224.99034379642617,False,703.4391659174848,55.0,2,0,0.7977384160576559,0
14,1685751707,450.0,372.3120876656461,True,1631.5661522935707,185.0,3,3,3.94558296002124,0
233,13556857162,225.0,221.7282293202956,False,682.8878447178621,65.0,3,4,3.292556647910387,0
190,107799,530.0,411.96443972674626,True,1881.3759702785012,240.0,7,12,17.09326786490919,0
11,970857026,795.0,497.47207457337254,True,2420.0740698122495,445.0,3,12,15.330839002325593,0
168,1316072128,415.0,348.17666520740755,True,1479.5129908066683,170.0,4,0,3.8599163614572602,0
249,9789819,770.0,550.8253980878038,True,2756.2000079531635,380.0,8,13,13.18579219659425,0
239,970857026,290.0,252.98691055899883,True,879.8175365216922,110.0,3,11,19.38149921122271,8
122,21665911,745.0,536.9778097026295,True,2668.9602011265647,745.0,9,37,39.06985099695743,0
169,13808848004,495.0,394.10280080210543,True,1768.8476450532644,215.0,2,14,12.255458713364954,0
5,25522907,170.0,203.1332432602366,False,565.7394325394906,25.0,2,1,0.608971217468991,0
47,5016867335,465.0,332.86604322342345,True,1383.056072307568,230.0,5,9,13.303540641192683,3
272,5413338307,595.0,377.5020852155246,True,1664.2631368578059,330.0,4,16,14.617878500573859,0
9,3887905014,1065.0,701.8117405007464,True,3707.413965154705,570.0,12,22,18.7683182176936,0
226,25472806,690.0,512.9392333099778,True,2517.51716985286,330.0,6,7,7.892953775092148,0
54,108258,375.0,306.5944896867449,True,1217.545285026493,160.0,3,11,9.751012372372081,0
72,1166056970,680.0,522.2689970876098,True,2576.2946816519425,310.0,7,13,7.932721551342508,0
30,4222962185,655.0,480.67516226248495,True,2314.253522253654,315.0,7,34,44.270608025022355,6
43,21665716,280.0,253.7497139506163,True,884.6231978888823,100.0,2,13,7.33124464205783,0
153,10845640242,350.0,311.6857622178023,True,1249.6203019721545,130.0,6,2,3.3135401704511582,0
213,1684410094,865.0,612.2979605649863,True,3143.477151559414,435.0,9,8,9.058742753635473,0
57,194250,390.0,330.9731327935109,True,1371.130736599119,155.0,5,1,3.9440376577434764,0
189,108901,335.0,297.18478130187754,True,1158.2641222018285,125.0,2,10,10.606023463561081,0
255,4360406511,440.0,343.3081743623806,True,1448.8414984829983,195.0,4,6,6.972147789076245,0
266,3764054180,710.0,516.7551267763881,True,2541.5572986912466,345.0,7,27,33.66170311152496,3
126,298205891,940.0,642.6131260712297,True,3334.462694248743,490.0,12,14,13.42758711859313,0
117,107786,575.0,424.03102111680056,True,1957.3954330358429,290.0,5,5,7.772118063658667,0
80,3552338823,395.0,316.15707364483535,True,1277.7895639624621,170.0,3,13,15.397780491139084,0
83,1938580083,100.0,161.9489043247309,False,306.2780972458046,0.0,2,0,0.0,0
28,9512924,380.0,322.11565595856047,True,1315.3286325389304,150.0,7,2,1.954775586392878,0
230,12283867782,330.0,301.17844614586846,True,1183.4242107189714,115.0,1,19,19.527262345215078,0
115,4702603699,755.0,526.6001786631444,True,2603.581125577809,385.0,1,8,9.146548815776999,0
31,109838,705.0,502.1967192187657,True,2449.839331078225,350.0,8,0,2.662679909887224,0
258,5560616877,375.0,327.00498515794163,True,1346.1314064950323,145.0,5,8,9.085363634432326,0
267,5323721998,880.0,601.6564413385315,True,3076.435580432747,475.0,8,7,9.696631300795364,0
240,21533912,335.0,295.64360737306436,True,1148.5547264503052,125.0,3,0,3.2131141299191586,0
56,14017207475,225.0,233.9356879320085,False,759.7948339716536,60.0,2,4,2.3548563482847307,0
259,25473398,500.0,391.810717180393,True,1754.407518236476,225.0,3,4,5.637398938389516,0
156,1115431319,320.0,287.1794139446408,True,1095.2303078512373,115.0,3,6,5.269255010318904,0
241,298206178,1105.0,757.1751982598581,True,4056.2037490371017,570.0,14,15,15.750711844359348,0
252,14728072,1330.0,802.8673537262081,True,4344.0643284751095,765.0,13,18,17.044172828426152,0
170,1619500464,350.0,315.69154955045724,True,1274.8567621678806,125.0,2,6,5.178339053573,0
63,1619500464,560.0,438.1941350246874,True,2046.6230506555305,250.0,5,6,7.730435259429431,0
248,881888313,275.0,250.2944707605306,True,862.8551657913428,145.0,4,22,24.346593736143614,0
221,1667203543,275.0,245.60847157022033,True,833.3333708923881,100.0,3,2,2.4086011715009,0
291,255562,445.0,351.65418342400363,True,1501.421355571223,195.0,6,10,9.552931670497536,0
231,25306041,645.0,476.8104096974012,True,2289.9055810936284,310.0,10,6,3.136280233094224,0
165,1614926320,645.0,458.7785673531626,True,2176.3049743249244,320.0,6,13,16.10214662649564,0
257,9512908,650.0,443.49642446820764,True,2080.027474149708,335.0,2,3,2.243822157856877,0
269,105511,900.0,620.353510529883,True,3194.2271163382643,465.0,8,14,17.382765550662718,0
229,1614926348,555.0,370.1882920669082,True,1618.186240021522,295.0,2,2,5.160188375541814,0
64,669891616,940.0,640.4888930518605,True,3321.080026226724,490.0,10,29,26.012951351704952,0
19,24973090,1310.0,876.779587815755,True,4809.71140323926,695.0,18,30,29.836668513066154,0
200,4784457202,590.0,444.7535280139804,True,2087.947226488076,275.0,4,6,6.60315651017501,0
55,3552338823,205.0,219.13361457683848,False,666.5417718340822,50.0,2,10,18.99608238421954,10
137,4216272819,400.0,336.72040645465216,True,1407.338560664308,160.0,7,2,6.126201672604705,0
130,1667203548,465.0,378.5019341661983,True,1670.5621852470485,200.0,5,12,10.299267025634865,0
116,255747713,1060.0,743.1372694622831,True,3967.764797612384,535.0,11,9,10.406565282583294,0
285,9789823,620.0,462.84811840679345,True,2201.943145962799,295.0,5,10,11.686421932173195,0
264,26699545,630.0,466.7429555713113,True,2226.480620099262,300.0,8,10,11.526603330266438,0
281,452169196,1410.0,886.3920667261187,True,4870.270020374544,785.0,13,42,44.05401801385868,0
67,14791188,1025.0,653.9567050270499,True,3405.927241670413,565.0,7,12,12.232925756995613,0
162,109619,960.0,653.0816642066903,True,3400.414484502146,500.0,16,20,15.77395617163626,0
212,102030,765.0,566.5286922005282,True,2855.1307608633274,365.0,6,4,4.922434047417706,0
263,1953627794,340.0,307.77895542249803,True,1225.0074191617377,120.0,2,7,4.202535663214328,0
290,25256289,745.0,537.7752754483515,True,2673.9842353246127,365.0,5,31,33.39142253307622,0
146,7066266061,835.0,606.8400870194793,True,3109.092548222723,410.0,7,10,10.477086656674919,0
35,9512935,805.0,509.67519475383517,True,2496.953726949162,445.0,9,5,4.9358235827492924,0
18,4712556962,600.0,397.23234514370614,True,1788.5637744053502,320.0,7,15,14.483784697157763,0
32,21665367,550.0,412.7355890630107,True,1886.234211096968,260.0,4,8,5.746629922779451,0
245,107349,435.0,357.64995335523344,True,1539.1947061379715,180.0,5,11,10.698274883676095,0
91,25632144,910.0,628.5859654817917,True,3246.091582535284,465.0,16,22,18.045173802070224,0
140,452514378,955.0,649.2656935803349,True,3376.3738695561083,500.0,1,17,18.602454388005984,0
191,194250,550.0,418.1746285899029,True,1920.5001601163885,255.0,7,27,28.27356849080905,0
16,1678452742,480.0,371.87703987395804,True,1628.825351205936,215.0,8,9,9.058938973838194,0
208,295907939,1105.0,749.564535253269,True,4008.2565720955945,580.0,12,18,18.433748146544776,0
46,9791491,200.0,220.4187749768763,False,674.6382823543207,45.0,2,8,10.246625994204866,0
40,1230855633,655.0,468.84612294392747,True,2239.730574546743,325.0,9,4,3.521695333905174,0
205,734769756,480.0,371.4074631716875,True,1625.8670179816313,220.0,8,11,9.266553422050848,0
92,2191588310,725.0,531.3501977900156,True,2633.506246077096,350.0,12,13,14.792507413423243,0
175,25522907,660.0,492.9254077109439,True,2391.4300685789453,310.0,11,21,17.402064801298348,0
98,25501016,380.0,321.97987706820476,True,1314.4732255296892,150.0,3,15,14.50409224325295,0
70,25502829,540.0,421.59156758045316,True,1942.026875756855,240.0,4,3,6.093942538296634,0
199,4702603702,465.0,375.4519969277124,True,1651.3475806445892,200.0,7,12,12.326512856425744,3
288,12198144,675.0,470.28685205933226,True,2248.8071679737945,345.0,5,3,3.5811999252904156,0
133,8124381023,455.0,373.994659272172,True,1642.1663534146837,190.0,6,10,12.621308803150395,0
148,9167793401,635.0,476.80814505676256,True,2289.891313857605,300.0,5,5,6.9077997892647875,0
89,4956890429,525.0,419.97592122045415,True,1931.8483036888606,230.0,8,5,3.679314898925668,0
238,200044,740.0,547.6940754580818,True,2736.47267538591,355.0,5,34,38.50114851323394,6
180,1317156147,335.0,303.70990197986015,True,1199.372382473119,120.0,6,3,3.249275792803578,0
112,5413338307,255.0,252.1625925353026,False,874.6243329724061,75.0,0,3,5.867572178512169,0
51,2833445980,775.0,534.7278819794205,True,2654.785656470346,400.0,9,16,16.694513680327763,0
139,107995,230.0,239.21553493945584,False,793.0578701185715,60.0,0,3,1.851374847860833,0
268,12765774269,455.0,361.70622857250817,True,1564.749240006802,200.0,2,1,2.272933715932401,0
282,9512937,585.0,434.00466321844067,True,2020.2293782761767,280.0,9,8,8.110634138935053,0
94,25532341,510.0,399.59444824532113,True,1803.4450239455236,230.0,4,9,4.739695298867914,0
37,14728072,320.0,291.8523324731355,True,1124.6696945807532,115.0,2,2,1.6808193905896813,0
212,200044,75.0,150.44095014048725,False,233.77798588506963,0.0,0,0,0.0,0
193,25498827,1175.0,804.1187436547008,True,4351.948085024613,610.0,9,43,33.86350177628303,0
220,4709189403,1035.0,672.683615719977,True,3523.9067790358554,560.0,13,8,7.329193420301913,0
147,282686499,1120.0,596.6536236990916,True,3044.9178293042787,885.0,6,0,0.0,0
26,1947328065,380.0,327.23929053891345,True,1347.6075303951552,150.0,3,3,3.9025251279479365,0
95,500486430,565.0,437.78105478092107,True,2044.0206451198014,255.0,6,9,7.156599493028968,0
236,9521025,1010.0,598.8630308741386,True,3058.837094507077,590.0,7,35,34.859921741807014,0
240,1502785422,155.0,194.0224429107539,False,508.3413903377495,15.0,0,1,0.561272727272727,0
187,9789814,855.0,600.7041156111121,True,3070.4359283500094,430.0,7,16,12.579505463861366,0
131,2441998875,615.0,447.4882240272493,True,2105.17581137167,300.0,10,10,9.54469156349846,0
254,255562,670.0,506.2392134137755,True,2475.307044506785,315.0,12,10,10.70342282230332,0
246,2271434264,905.0,623.3399860781811,True,3213.0419122925427,465.0,6,11,16.32993175253634,0
262,4784457210,995.0,554.6119188221065,True,2780.055088579269,640.0,4,21,15.142106212510862,0
66,1614926320,575.0,446.32740143453384,True,2097.8626290375646,260.0,3,9,8.806542715948279,0
204,2191588310,590.0,417.92997465110585,True,1918.9588403019684,345.0,5,10,10.649713937809134,0
5,5393414954,250.0,250.35952595547485,False,863.2650135194914,250.0,3,37,43.415505669162044,0
21,526994269,530.0,414.3980225618495,True,1896.7075421396517,235.0,4,14,11.126451874064514,0
247,5323722004,580.0,449.1246652947427,True,2115.4853913568795,265.0,5,4,4.623602591389515,0
100,1614846678,545.0,407.8932161837179,True,1855.7272619574212,255.0,2,23,24.46826500747978,0
186,11783244661,1310.0,799.9237847671537,True,4325.51984403306,750.0,19,24,32.69818022717042,0
96,108901,1195.0,740.8109929479477,True,3953.109255572073,675.0,10,15,15.4515613306551,0
20,25532839,500.0,402.5668090045134,True,1822.1708967284344,215.0,6,13,12.458599571162999,0
140,110004,110.0,171.23085062713352,False,364.7543589509412,0.0,0,0,0.0,0
46,12689153,110.0,172.02964966082394,False,369.78679286319067,0.0,0,0,0.0,0
71,9791491,515.0,392.1215489758112,True,1756.365758547611,240.0,5,21,14.626645824124658,0
156,1614926320,195.0,212.97267541493258,False,627.7278551140752,45.0,3,1,0.32920232601929567,0
222,21392084,820.0,530.8393206125812,True,2630.287719859261,540.0,4,68,72.75989732762297,0
50,4222962219,605.0,452.1622536898222,True,2134.62219824588,285.0,9,3,3.330920072197931,0
3,10019788231,415.0,344.81709703263056,True,1458.3477113055726,170.0,1,7,6.233144939364402,0
106,5932856690,915.0,585.7129683218905,True,2975.9917004279105,505.0,14,3,5.386714312055516,0
62,21665926,885.0,616.962045400317,True,3172.860886021993,450.0,13,15,17.331140889935675,0
232,10574746,450.0,363.65729924007434,True,1577.0409852124687,195.0,2,6,7.706945649343157,0
111,12978761148,505.0,389.42384163323675,True,1739.3702022893924,230.0,3,3,3.8286996951263426,0
269,25532839,195.0,212.8790091862791,False,627.137757873558,45.0,1,4,2.6161014616465903,0
65,5568839679,555.0,430.22541560418017,True,1996.4201183063344,250.0,8,3,5.691255148574821,0
101,25505558,570.0,450.5215202536576,True,2124.285577598043,250.0,5,6,6.007874516531785,0
274,25476041,1140.0,781.8284243864707,True,4211.519073634767,590.0,8,10,14.910506674529566,0
157,21665585,590.0,438.0457217006709,True,2045.6880467142275,280.0,9,14,9.29376843773618,0
74,1700140657,435.0,347.28641426936946,True,1473.904409897027,190.0,5,3,3.5814003786184543,0
177,26591528,770.0,537.3825721147922,True,2671.510204323192,390.0,6,11,12.67467821714655,0
119,358992920,485.0,394.50913317249376,True,1771.4075389867105,205.0,5,9,6.642753247941,0
53,108060,755.0,536.2751509231217,True,2664.533450815669,375.0,10,13,10.248011876800106,0
158,107807,670.0,492.3472579652945,True,2387.787725181353,325.0,6,8,9.626710077393176,0
143,21665926,720.0,516.7495099621973,True,2541.5219127618434,355.0,11,6,5.154259758877557,0
256,25544130,525.0,407.4069234610935,True,1852.6636178048889,235.0,3,15,15.804497370245466,0
192,25473373,665.0,476.10283423073804,True,2285.4478556536483,330.0,9,22,20.37636689474386,0
38,107812,580.0,374.3580386444747,True,1644.455643460191,420.0,8,22,20.9618901749914,0
138,1953627794,1450.0,957.4923650500656,True,5318.20189981541,775.0,13,18,14.708788191497602,0
207,25473373,675.0,497.83903668342623,True,2422.3859311055835,325.0,5,5,5.621186255420234,0
33,13808848004,540.0,417.5216887417943,True,1916.3866390733053,245.0,4,11,12.093476099426184,0
163,8972710892,1130.0,744.1806030669158,True,3974.337799321568,605.0,9,30,23.857437536295215,0
42,1947324461,385.0,330.1520830106258,True,1365.9581229669425,150.0,5,4,5.178973301089622,0
24,11867694471,520.0,394.463813108444,True,1771.1220225831976,240.0,4,2,3.7324965120500364,0
99,6262789333,1065.0,695.2118329787193,True,3665.834547765932,575.0,13,27,23.019918313920904,0
235,21665031,580.0,443.6709279136288,True,2081.126845855862,265.0,2,7,9.071675281725955,0
126,25503799,295.0,268.93360143844046,True,980.281689062175,105.0,5,5,4.5819353706099735,0
253,9295694734,870.0,609.3935182692562,True,3125.179165096312,440.0,11,33,40.21667249283498,0
242,1691133712,695.0,516.4862851867264,True,2539.8635966763723,330.0,8,15,13.139320782506969,0
144,1614926342,460.0,375.34534352071483,True,1650.6756641805027,195.0,3,5,5.753859030428076,0
237,10983187054,600.0,447.3907650644153,True,2104.5618199058154,285.0,10,1,3.7023307784828323,0
203,4368839072,715.0,516.8939770682434,True,2542.4320555299328,350.0,7,49,76.2458857894902,24
283,489796745,935.0,621.7835987261368,True,3203.2366719746606,495.0,9,6,2.9940880167746147,0
65,1667118171,60.0,141.71351100445267,False,178.79511932805164,0.0,0,0,0.0,0
216,4211515634,820.0,590.7727644644939,True,3007.868416126307,405.0,6,4,6.211461448456311,0
103,25531001,625.0,457.46137103462803,True,2168.0066375181555,300.0,4,5,6.892654361820936,0
142,9791491,405.0,325.10371404450984,True,1334.153398480412,175.0,4,20,23.762917293141687,3
277,25483785,405.0,341.8542392805502,True,1439.6817074674668,165.0,7,13,8.49686071451171,0
129,21665367,900.0,610.1363725255609,True,3129.8591469110315,470.0,7,14,13.634773731157832,0
154,9371260474,735.0,527.8361688532125,True,2611.3678637752405,365.0,5,16,22.846957486739498,0
234,21665912,710.0,510.49130791882635,True,2502.0952398886056,350.0,12,13,19.823956896761004,0
110,107786,525.0,369.7180747947099,True,1615.2238712066735,295.0,4,5,3.1270571147378865,0
25,21665585,570.0,403.72850724564995,True,1829.4895956475957,315.0,3,2,3.888475819527475,0
164,12292980260,575.0,435.3353594736308,True,2028.612764683875,270.0,5,9,13.125215184477048,0
271,21665911,745.0,520.109706439471,True,2562.691150568667,745.0,4,17,17.488523428547733,0
147,107797,185.0,214.46855836552652,False,637.1519177028172,30.0,0,4,3.3048352449713163,0
197,10996228332,470.0,381.4301510231176,True,1689.0099514456408,200.0,7,9,9.222025304968284,0
52,25532841,525.0,403.6504643241794,True,1828.99792524233,240.0,4,12,9.801738711460919,0
123,25473284,800.0,564.1222174505084,True,2839.969969938201,405.0,11,14,14.546487691652974,0
135,9294989287,555.0,429.02100516172646,True,1988.8323325188767,250.0,6,5,9.149501664690474,0
212,5393414955,195.0,208.58664668780642,False,600.0958741331805,195.0,3,17,19.69962331311452,0
15,6342450111,675.0,485.28016271946296,True,2343.265025132616,335.0,1,14,10.884896672832852,0
34,2191480791,915.0,633.1340714157142,True,3274.7446499189978,470.0,7,33,38.04415363904668,0
87,12292980260,935.0,524.7749701518451,True,2592.082311956618,565.0,6,11,12.749359935448803,0
292,351788581,785.0,530.6024629737483,True,2628.795516734613,435.0,6,16,9.772958529903821,0
13,108260,1300.0,750.8775427831158,True,4016.5285195336246,770.0,9,43,41.74776073222789,0
166,25502540,770.0,553.9640859413277,True,2775.973741430363,380.0,15,10,13.770616763055523,0
188,1678452742,595.0,446.3045021844026,True,2097.7183637617372,315.0,11,7,10.369073367312607,0
125,9625392102,1015.0,694.7023070941403,True,3662.624534693089,545.0,11,20,21.430667001557875,0
261,1607738730,1105.0,696.4785430304689,True,3673.814821091955,615.0,21,40,42.34048721558383,0
267,107987,380.0,306.4770844911232,True,1216.8056322940756,200.0,5,7,7.603762440816606,0
152,25257319,600.0,453.1700656076842,True,2140.971413328411,280.0,6,6,6.442897634316224,0
200,1316072261,345.0,306.03449787475074,True,1214.0173366109295,130.0,2,3,4.814642470722276,0
196,9702441401,645.0,478.0878921691499,True,2297.9537206656432,310.0,8,7,9.913065726958619,0
244,25257810,570.0,429.77211603427145,True,1993.5643310159096,265.0,4,17,15.65229176281795,0
97,3552338823,715.0,518.4936923565397,True,2552.510261846198,350.0,6,13,14.455325549094258,0
58,12957095289,810.0,572.9870677158509,True,2895.8185266098594,405.0,8,44,67.40019667680959,18
275,107806,615.0,448.63873268948305,True,2112.4240159437436,335.0,10,4,6.713131141410122,0
29,4457798822,530.0,370.5599043728897,True,1620.527397549205,270.0,5,3,1.9636255694594267,0
206,603756849,745.0,552.3805271102547,True,2765.9973207946027,355.0,10,6,5.757178282289678,0
181,25531001,710.0,524.3800858395572,True,2589.594540789209,340.0,11,14,17.191146535247196,0
116,1614926342,370.0,311.11588202088996,True,1246.0300567316067,150.0,6,5,7.917088221134424,0
262,9521022,240.0,239.63693257085336,False,795.712675196376,70.0,2,9,9.718026790317767,0
73,25533129,1125.0,764.5778143583187,True,4102.840230457411,585.0,8,13,22.67198384758075,0
185,11156548930,1360.0,821.6110357561873,True,4462.149525263973,780.0,9,26,22.353481522426605,0
84,102035,590.0,458.9191979079409,True,2177.190946820028,265.0,3,14,12.70210078984083,0
72,4239164192,495.0,385.8157706153787,True,1716.6393548768856,220.0,4,8,8.022317431331512,0
248,26559655,415.0,346.5733378767524,True,1469.4120286235404,170.0,7,21,18.976960854037532,0
31,6355365939,440.0,363.56570681821603,True,1576.4639529547594,185.0,6,11,12.581476755603129,0
108,25498827,1235.0,803.1568326248641,True,4345.888045536643,670.0,22,34,31.40065616573139,0
85,107319,540.0,399.97734494856803,True,1805.8572731759782,260.0,8,15,13.865462025217033,0
37,1614926342,295.0,275.5263906502663,True,1021.8162610966773,100.0,2,5,3.9692158760529885,0
242,4252666506,180.0,207.67290788963058,False,594.3393197046723,30.0,3,2,2.212569347791757,0
68,862398887,620.0,470.1989955851319,True,2248.2536721863307,290.0,10,24,27.8879565419504,0
104,452396959,800.0,568.7990164688931,True,2869.433803754025,400.0,9,22,22.065501773953205,0
223,1493424644,800.0,576.0660330552522,True,2915.216008248088,395.0,7,11,12.385649164785567,0
251,5398463417,860.0,590.3556625516635,True,3005.2406740754814,445.0,6,12,14.241849531918223,0
161,2191588310,1000.0,681.1971629508024,True,3577.542126590051,520.0,12,18,15.532324970356347,0
4,12978761148,770.0,478.7701053268672,True,2302.251663559266,430.0,7,5,5.515676077339109,0
164,25473373,145.0,188.03568163699933,False,470.62479431309583,10.0,0,1,1.2199994773451033,0
102,452486137,1210.0,651.4802122217496,True,3390.325336997017,860.0,7,17,20.903311349496924,0
246,25257290,310.0,286.62781270868936,True,1091.7552200647428,105.0,1,10,12.660273530379799,0
41,21665585,625.0,462.22704381298337,True,2198.030376021795,300.0,12,1,3.700819621762773,0
289,3933844368,725.0,539.8407182379568,True,2686.996524899129,345.0,8,11,11.287042847715115,0
255,6460816408,520.0,410.0466495272337,True,1869.2938920215727,230.0,3,14,12.167592653078604,0
60,358992920,745.0,554.7872302043851,True,2781.1595502876276,355.0,7,19,19.913317735766302,0
124,4222962219,1435.0,784.4834263022057,True,4228.245585703893,925.0,13,28,21.134197785431635,0
195,292252720,1450.0,735.4283617151581,True,3919.198678805476,935.0,4,2,5.774675619762006,0
59,12391355483,635.0,470.993211022991,True,2253.257229444844,305.0,5,6,7.535897121597613,0
16,2441998875,405.0,323.24776015670176,True,1322.4608889872213,175.0,5,15,19.017593271859784,3
287,5244680779,730.0,535.0194432295453,True,2656.6224923461373,355.0,13,20,14.697219066350206,0
230,3887905014,505.0,403.66660493641626,True,1829.0996110994229,220.0,4,8,7.798550648205502,0
218,9295694734,1045.0,625.656856784162,True,3227.6381977402166,630.0,10,26,20.997551090509216,0
171,9257019321,1615.0,887.5780231069016,True,4877.74154557347,990.0,9,47,48.81823056790671,0
273,972535469,610.0,464.5543050142895,True,2212.6921215900234,280.0,5,11,9.042115901580129,0
150,3810553686,875.0,588.6651113538072,True,2994.590201528983,460.0,9,18,16.293235740247816,0
227,25524240,1010.0,669.7457917703877,True,3505.39848815344,540.0,10,42,37.86662470639636,0
228,9512940,735.0,490.3931053859036,True,2375.476563931194,390.0,4,12,12.46001386620717,0
280,25498869,660.0,492.1787720301494,True,2386.7262637899435,315.0,9,29,21.016593872981854,0
2,9521033,1180.0,710.0860282570372,True,3759.5419780193256,680.0,11,15,13.812760408941253,0
277,1614846678,215.0,230.9134969948541,False,740.7550310675807,50.0,1,4,4.768214742319964,0
119,266481785,280.0,254.608936481269,True,890.0362998319949,100.0,2,8,6.820117285210708,0
55,1230855633,490.0,394.12765291431987,True,1769.0042133602153,210.0,3,6,8.491421507952067,0
22,25533613,1010.0,688.0870192050962,True,3620.9482209921075,525.0,12,26,26.254320966344334,0
26,25495441,370.0,314.38931808340857,True,1266.6527039254747,145.0,6,17,27.50103319626632,10
118,2129184285,970.0,577.0555470456744,True,2921.449946387746,565.0,8,15,10.20469608590243,0
178,108059,695.0,510.0679146697631,True,2499.4278624195085,350.0,13,14,11.080123497491883,0
257,108073,510.0,409.55352371255964,True,1866.187199389125,220.0,6,7,4.898346683389773,0
120,25531001,965.0,599.589504834017,True,3063.413880454304,545.0,12,9,7.876567212473592,0
114,4222962185,660.0,487.0207180361757,True,2354.230523627907,335.0,3,15,14.524711684765181,0
107,5518619474,745.0,513.3919691833369,True,2520.369405855024,385.0,10,17,13.388799020555746,0
130,5932856690,495.0,355.2302595387907,True,1523.9506350943811,245.0,5,17,15.897821122353703,0
274,108300,310.0,289.3303017588989,True,1108.7809010810627,105.0,1,2,2.8257674515356066,0
145,358992920,855.0,571.9176740946375,True,2889.081346796216,450.0,4,17,18.730415117030624,0
134,292252720,765.0,546.7244314327908,True,2730.3639180265786,380.0,4,14,19.405245305777232,0
12,107863,855.0,569.9474519312125,True,2876.6689471666355,455.0,6,5,7.474844674889432,0
231,25471089,525.0,419.8168574261371,True,1930.8462017846641,230.0,10,6,5.916579568670055,0
193,9515379,405.0,332.4610276666141,True,1380.5044742996688,170.0,6,22,20.7642480034514,0
8,273194,1115.0,665.0763537189647,True,3475.981028429471,645.0,19,22,20.472313466767684,0
291,26591534,530.0,413.1688738808426,True,1888.9639054493084,240.0,6,7,9.328770764037742,0
174,4431563564,675.0,497.08706440043136,True,2417.6485057227164,325.0,11,8,7.243148345940677,0
79,1508437746,980.0,690.4491583105216,True,3635.8296973562824,495.0,24,14,15.458436663157736,0
253,9512935,285.0,250.91320432943525,True,866.7531872754423,160.0,2,9,15.625674450363913,0
109,107807,685.0,483.02658172789904,True,2329.0674648857644,420.0,8,15,9.64339164794933,0
47,107801,625.0,391.77135430392315,True,1754.159532114716,350.0,4,5,3.852436257738605,0
91,26699537,470.0,340.7853596282962,True,1432.947765658267,470.0,5,49,54.99737463904888,0
103,2441998875,265.0,255.8689671199565,True,897.9744928557254,85.0,1,6,9.37382037573014,0
141,25496815,1225.0,776.2476794447291,True,4176.36038050179,680.0,10,26,29.421473287867556,0
49,21665584,1145.0,623.1942642961545,True,3212.1238650657733,930.0,7,19,20.10324854079746,0
92,3764054180,480.0,391.3655945475656,True,1751.6032456496634,205.0,9,8,8.370678413942409,0
42,25507343,320.0,298.08849367393907,True,1163.9575101458151,110.0,1,3,2.6963834105127003,0
6,12546153248,830.0,559.5806196622383,True,2811.357903872102,435.0,9,23,23.931714660003962,2
45,3142670557,985.0,620.7049474518454,True,3196.441168946625,550.0,9,18,22.522171357818273,0
183,107793,805.0,560.946668801712,True,2819.9640134507836,410.0,5,13,12.521354244389599,0
21,701608631,400.0,341.47512057414195,True,1437.2932596170936,160.0,3,2,3.2034828226894736,0
136,101995,970.0,679.1009416514563,True,3564.3359324041758,490.0,11,10,11.597685972628112,0
110,25257324,275.0,253.86938577856202,True,885.3771304049405,95.0,2,2,4.410746974126236,0
19,281454988,565.0,430.5940066554929,True,1998.7422419296063,260.0,10,14,11.064868440500192,0
268,21665367,475.0,355.54826966811004,True,1525.954098909093,295.0,9,7,6.0809432112857404,0
75,1685938741,1185.0,800.7717252659487,True,4330.861869175474,620.0,16,8,8.016059662927972,0
51,3455988435,485.0,387.5441883532938,True,1727.5283866257514,210.0,4,9,8.918291445645151,0
44,26699544,895.0,566.0899575403263,True,2852.3667325040574,495.0,7,11,8.182637168747911,0
160,11679091624,890.0,577.0607159771795,True,2921.482510656233,485.0,7,26,22.5381577501315,0
241,383974166,600.0,443.5576842726531,True,2080.413410917715,285.0,5,29,30.00106655125667,0
23,526994269,865.0,531.3101040272037,True,2633.2536553713812,490.0,9,23,24.44765837924386,0
264,25544136,565.0,445.07383542974753,True,2089.9651632074088,250.0,7,11,16.022179446512688,0
154,25500900,315.0,292.6785775481324,True,1129.8750385532342,110.0,2,2,4.179339122420781,0
259,12957095286,615.0,460.9710576003787,True,2190.1176628823855,290.0,6,7,9.996028496162628,0
1,26591528,885.0,627.2843195804784,True,3237.8912133570107,445.0,10,5,10.068310604674817,0
50,25505558,410.0,331.89337616586334,True,1376.9282698449388,175.0,3,1,3.0150767427061482,0
36,25533613,905.0,563.4252053888811,True,2835.578793949951,510.0,11,21,17.569903843128966,0
175,25473399,525.0,414.93500347948003,True,1900.090521920723,230.0,4,11,9.39469839540054,0
269,1620855375,405.0,332.63987420512,True,1381.6312074922562,170.0,3,7,7.496526472172664,0
54,26866991,700.0,503.9306647912756,True,2460.763188185036,345.0,8,12,8.343256520892497,0
288,107320,530.0,398.6603783988831,True,1797.5603839129635,250.0,3,11,12.80818262158595,0
97,109391,245.0,244.5448244908137,False,826.632394292126,70.0,1,2,0.6603917084194095,0
278,3326326775,855.0,610.6540028982728,True,3133.1202182591205,425.0,10,14,16.198344437259117,0
205,21665583,550.0,429.64827271398815,True,1992.7841180981259,550.0,3,57,67.20005174447981,4
40,107326,550.0,416.59075216560393,True,1910.5217386433042,255.0,2,11,14.121840747782167,0
137,110004,610.0,478.2187832078699,True,2298.778334209581,275.0,7,6,6.3779058323375715,0
243,7223638134,1155.0,659.6494182000234,True,3441.7913346601413,755.0,6,23,16.65304205097778,0
18,25533438,580.0,445.08139804907034,True,2090.012807709145,265.0,7,2,4.896770516473181,0
158,333650017,415.0,344.829786536046,True,1458.427655177089,170.0,7,5,5.167614474631824,0
194,1614926342,880.0,470.0223174682647,True,2247.1406000500683,665.0,11,13,10.779729443162681,0
43,25474676,715.0,528.2828307367088,True,2614.1818336412653,345.0,10,12,8.357655943595676,0
48,21665582,760.0,524.1224892105757,True,2587.971682026626,760.0,10,49,59.33835344700275,0
67,3085005064,620.0,426.70550955187383,True,1974.2447101768053,345.0,9,7,7.101809019847426,0
225,8146829426,1380.0,843.800286462034,True,4601.9418047108065,785.0,9,15,12.867593960395686,0
258,108300,680.0,520.0833452409129,True,2562.5250750177497,315.0,2,9,4.454535909189716,0
200,26591525,290.0,268.84819772509655,True,979.7436456681078,100.0,1,11,15.497023667046903,0
216,1666324249,385.0,337.71918473265504,True,1413.6308638157261,145.0,4,2,2.790209164783528,0
290,11170906155,610.0,457.61185180845365,True,2168.9546663932574,285.0,6,8,9.873592490574898,0
279,1685938740,1170.0,663.811319704209,True,3468.0113141365096,705.0,12,39,37.32829681812472,0
106,25471098,470.0,363.82784227764904,True,1578.1154063491895,215.0,5,33,46.23228727394063,9
96,11582793599,480.0,382.9678246264697,True,1698.6972951467587,210.0,12,8,7.425776798653105,0
204,311153342,510.0,385.8526264791698,True,1716.87154681877,235.0,5,10,10.70785093913138,0
105,25257323,910.0,617.6340913007818,True,3177.0947751949266,475.0,14,14,15.108823707496784,0
133,107878,580.0,448.42882393867444,True,2111.1015908136487,265.0,6,8,10.44719932227892,0
28,25544143,695.0,502.8286564243283,True,2453.820535473267,350.0,5,9,9.427434600543497,0
167,972535576,1065.0,711.8010268986712,True,3770.346469461627,565.0,14,20,18.26384278256669,0
57,4431563564,745.0,551.2615515543206,True,2758.94777479222,355.0,13,5,8.519156103752524,0
33,454368529,450.0,373.99435680632917,True,1642.164447879873,185.0,11,5,6.149087727301641,0
254,13808848004,535.0,416.44094676775904,True,1909.5779646368833,250.0,8,29,28.267339364869056,0
186,26001541,515.0,412.875564257692,True,1887.1160548234607,225.0,6,13,18.553127621380884,1
128,4397152730,1005.0,579.6042391803708,True,2937.506706836331,735.0,7,15,17.157776578147796,0
163,9791487,465.0,370.11069508647944,True,1617.6973790448192,205.0,4,8,6.948497550837158,0
86,1684410143,1095.0,746.3420310065227,True,3987.95479534109,570.0,17,15,8.247037267089983,0
82,25498827,825.0,568.9911214368159,True,2870.644065051938,425.0,8,20,22.56473227905179,0
232,25417428,505.0,401.68031669996196,True,1816.5859952097605,220.0,6,2,7.759141570901407,0
13,282686499,365.0,317.93841843901254,True,1289.0120361657794,140.0,8,1,1.0379474674687923,0
201,1678452820,1025.0,582.538271014985,True,2955.9911073944036,735.0,4,13,16.253822797130525,0
275,1616713423,330.0,294.69439811038416,True,1142.5747080954204,120.0,8,3,2.914667626142695,0
90,9295694734,1465.0,967.8408604266294,True,5383.397420687778,785.0,15,24,23.960300287049876,0
76,1666324146,1170.0,747.0387055526056,True,3992.343844981417,710.0,17,13,14.706235968914298,0
286,358992920,1025.0,665.4939434170344,True,3478.6118435273156,555.0,9,23,21.75335644749826,0
80,281454988,750.0,547.8069877646071,True,2737.184022917027,365.0,15,6,5.611623414476761,0
270,10264011839,995.0,683.2555278660406,True,3590.5098255560524,525.0,11,17,15.226198651252089,0
