rider_id,origin_node,elapsed_s,time_budget_s,overdue,distance_m,pavement_time_s,red_light_violations,pavement_conflicts,pavement_risk_exposure,severe_conflicts
2,9054849009,35.0,159.21746341925285,False,121.89168295107743,0.0,0,0,0.0,0
139,294651404,40.0,164.19348090669038,False,148.0157747601245,0.0,0,0,0.0,0
63,8784101792,55.0,176.15272166979622,False,210.8017887664301,0.0,0,0,0.0,0
177,9521022,75.0,189.4462777023906,False,280.5929579375506,0.0,0,0,0.0,0
62,5244680779,80.0,189.54244453248074,False,281.0978337955238,0.0,1,0,0.0,0
251,281455009,90.0,203.29652495421948,False,353.3067560096522,0.0,0,0,0.0,0
249,1104448112,125.0,227.70532510571581,False,481.45295680500794,0.0,1,0,0.0,0
264,1685751696,150.0,253.92370108694283,False,619.0994307064497,0.0,0,0,0.0,0
17,9789808,155.0,258.8674201412835,False,645.0539557417382,0.0,2,0,0.0,0
265,21665911,160.0,253.1379283758042,False,614.9741239729718,160.0,1,30,35.90827356563779,0
238,317930344,170.0,270.2719709945019,False,704.9278477211348,0.0,2,0,0.0,0
20,25533613,175.0,274.46408649385467,False,726.9364540927369,0.0,0,0,0.0,0
11,25501325,185.0,267.27048054239305,False,689.1700228475635,0.0,0,0,0.0,0
27,107863,200.0,300.1947603461062,False,862.0224918170572,0.0,1,0,0.0,0
157,9512937,205.0,287.1977170959519,False,793.7880147537472,0.0,1,0,0.0,0
201,25505558,205.0,288.0192557502642,False,798.1010926888874,0.0,0,0,0.0,0
138,25473399,205.0,270.97570617463947,False,708.6224574168573,40.0,2,4,4.396286287789704,0
224,2480891600,205.0,296.88584284042736,False,844.6506749122434,0.0,2,0,0.0,0
118,1614846678,210.0,290.8311740366497,False,812.8636636924106,5.0,1,1,3.3995127175025166,1
134,7261577394,215.0,305.0275632606305,False,887.39470711831,0.0,1,0,0.0,0
226,25417431,215.0,306.7881773175754,False,896.6379309172705,0.0,2,0,0.0,0
93,2476787985,215.0,301.51843881445706,False,868.9718037758992,0.0,3,0,0.0,0
212,107319,225.0,293.64249118075213,False,827.6230786989488,15.0,0,3,5.976771999329134,0
62,1316072128,145.0,242.98342811773838,False,561.6629976181266,0.0,0,0,0.0,0
49,107793,230.0,312.6144203616834,False,927.2257068988375,10.0,4,1,0.15105851766971337,0
44,6521923987,240.0,334.71618413129585,False,1043.259966689303,5.0,2,0,0.4778836542434009,0
158,5560599869,240.0,337.20819179549005,False,1056.343006926323,0.0,0,0,0.0,0
65,109619,245.0,335.39050486858923,False,1046.800150560093,10.0,2,0,0.0,0
230,21665367,245.0,306.6500275359808,False,895.9126445638992,30.0,0,4,2.081611176367397,0
264,25501320,90.0,203.3385173468992,False,353.5272160712207,0.0,0,0,0.0,0
209,333719185,250.0,327.2534609438322,False,1004.080669955119,20.0,3,1,1.472909700779497,0
270,970857026,260.0,345.4771386635937,False,1099.7549779838669,15.0,3,1,0.9432049368700639,0
236,25502541,265.0,327.31973396678643,False,1004.4286033256287,55.0,2,7,8.286240741357476,0
19,2441998875,270.0,352.2216250970566,False,1135.1635317595471,20.0,2,3,2.3228369660137655,0
111,25470679,270.0,354.1940983476648,False,1145.51901632524,20.0,2,0,0.2836760844999558,0
252,9512937,270.0,348.95261610424313,False,1118.0012345472762,25.0,3,4,4.191349820948551,1
132,1619354114,280.0,358.8770296175291,False,1170.1044054920274,25.0,1,0,0.696790769390123,0
5,9512935,285.0,360.4088004869409,False,1178.1462025564397,30.0,2,3,3.5368635960827772,0
60,11863161,285.0,364.31731221638375,False,1198.6658891360146,25.0,1,1,1.2409395276887027,0
160,26866991,285.0,369.510975360097,False,1225.9326206405092,25.0,4,1,0.7436980661200002,0
211,3531897238,285.0,362.7844165522599,False,1190.6181868993644,30.0,1,0,0.7720771030328079,0
278,9475528,290.0,371.023066579852,False,1233.8710995442227,30.0,1,3,1.287432300063281,0
216,3764054180,295.0,365.9199016623118,False,1207.0794837271371,35.0,3,3,3.9068555917442627,0
194,1630526800,305.0,377.900862590414,False,1269.9795285996731,40.0,1,0,0.6229202975080709,0
52,107807,310.0,366.65731285712906,False,1210.950892499928,65.0,1,12,11.051490571012357,0
76,5932883505,310.0,370.16251351921915,False,1229.3531959759007,65.0,5,2,3.065258836201086,0
124,110009,310.0,403.6093789690984,False,1404.9492395877662,25.0,0,1,0.6857905982905982,0
155,108252,315.0,401.1470516163589,False,1392.0220209858844,30.0,1,0,0.5431322121657038,0
146,14077667431,320.0,394.7708284809448,False,1358.5468495249602,40.0,3,0,0.9877505827505828,0
72,1685267218,320.0,399.47787810934955,False,1383.2588600740855,40.0,5,2,1.2435091674507606,0
67,12955269409,320.0,383.1340197874383,False,1297.4536038840513,50.0,3,7,6.991062113509039,0
130,351771449,325.0,399.529266361262,False,1383.5286483966256,45.0,0,3,2.418440815747997,0
11,25417431,140.0,237.26173652952613,False,531.624116780012,0.0,0,0,0.0,0
259,333670399,335.0,410.0340727735909,False,1438.6788820613517,45.0,4,5,5.369134439839266,0
260,1782919585,335.0,421.02469698339195,False,1496.379659162808,40.0,6,1,1.053290598290598,0
235,108901,340.0,419.4347797545283,False,1488.0325937112727,45.0,1,5,4.8724810059726,0
153,12437379708,340.0,384.31694164637673,False,1303.6639436434782,70.0,1,8,7.925738552947464,0
120,2047806084,340.0,409.5547774202589,False,1436.1625814563592,50.0,3,6,6.091424560968477,0
174,25522907,340.0,396.2314869857232,False,1366.2153066750461,60.0,5,7,6.225020912853942,0
286,1938580083,340.0,412.53688871319395,False,1451.8186657442682,50.0,0,7,7.573253307439682,0
14,435144778,345.0,387.8686756097938,False,1322.3105469514178,80.0,4,3,5.870114769769964,2
55,10574749,345.0,422.1493479519761,False,1502.284076747874,45.0,2,3,1.776285785115237,0
241,25500900,350.0,408.7443632295345,False,1431.9079069550558,60.0,3,1,3.0359924832981218,0
59,108896,355.0,437.844590203018,False,1584.6840985658455,45.0,3,1,0.8456329358929466,0
37,102000,355.0,439.0592659099602,False,1591.0611460272912,45.0,3,4,2.9812698352939706,0
186,1678452820,355.0,426.1924782696328,False,1523.5105109155713,55.0,1,0,0.9121210267623386,0
175,1317156147,360.0,437.19469039911564,False,1581.272124595357,50.0,3,2,1.2976151298801986,0
8,9791495,360.0,426.8187547502225,False,1526.7984624386686,60.0,6,4,3.8350020193705046,0
274,500486430,360.0,422.5699828329016,False,1504.4924098727329,60.0,0,7,6.5573964163989,0
213,25507343,365.0,407.249799824044,False,1424.06144907623,75.0,2,3,2.8227561917085,0
98,2191480791,375.0,381.78113368625804,False,1290.3509518528545,220.0,4,25,44.41032868563266,19
15,1230855633,380.0,454.8895242270048,False,1674.1700021917743,60.0,6,7,3.720905721416995,0
228,107812,385.0,440.18919662601206,False,1596.9932822865628,75.0,3,4,5.716925811116344,0
236,13556857162,115.0,220.9661089170623,False,446.072071814577,0.0,1,0,0.0,0
292,6943750656,390.0,457.47877258126937,False,1687.7635560516649,65.0,3,10,10.070290914753729,0
143,742854915,390.0,381.4000289668209,True,1288.3501520758102,140.0,5,9,8.962973939130508,0
185,11863145,390.0,449.1813800455937,False,1644.2022452393671,75.0,1,2,1.486079755029255,0
70,3552338823,395.0,427.31575138980884,False,1529.4076947964952,95.0,2,6,5.56565387636115,0
179,1684410086,395.0,464.3114286147274,False,1723.635000227318,65.0,1,4,2.960815453588739,0
61,9791487,395.0,446.9298868498916,False,1632.3819059619307,80.0,6,7,4.682694884161253,0
234,25474664,400.0,457.1001500537754,False,1685.77578778232,80.0,3,5,3.9834636312865666,0
33,11747638084,400.0,475.13289798107166,False,1780.4477144006264,65.0,3,1,1.9200447378811083,0
7,25257319,405.0,455.2466495011246,False,1676.0449098809038,85.0,4,8,5.443030902542563,0
220,295907948,405.0,468.9855994702682,False,1748.1743972189072,75.0,3,7,4.0792847061683695,0
248,12437379708,405.0,470.043906525839,False,1753.7305092606534,75.0,3,5,5.229727478617971,0
252,9791489,130.0,231.68036528893305,False,502.3219177668985,0.0,1,0,0.0,0
187,4962063593,405.0,459.73691276713566,False,1699.6187920274622,80.0,3,10,6.321201436004549,0
183,194250,410.0,471.23144985263775,False,1759.965111726348,80.0,2,3,2.673542017523271,0
112,9521022,410.0,486.8037218262887,False,1841.7195395880156,65.0,4,2,1.720234412020296,0
91,25257789,410.0,476.87710760896084,False,1789.6048149470446,75.0,4,3,1.754144888436429,0
22,3561398893,410.0,476.4974619678362,False,1787.6116753311396,75.0,1,3,2.4580130290106608,0
190,2214957485,415.0,480.6105270221604,False,1809.2052668663423,75.0,3,2,1.0198651151532392,0
213,1667118119,45.0,167.5278842164393,False,165.52139213630628,0.0,0,0,0.0,0
41,9512926,415.0,476.8867512219201,False,1789.6554439150807,80.0,5,1,1.0463747363610585,0
169,25472291,420.0,463.1714999515,False,1717.6503747453748,95.0,4,11,12.415216121784194,0
231,9521034,420.0,495.7333213941656,False,1888.5999373193697,70.0,2,3,2.7101074983459004,0
253,677445936,425.0,483.73772311458146,False,1825.6230463515517,85.0,4,1,0.5183785087842168,0
208,5453319326,425.0,439.1359969417641,False,1591.463983944261,170.0,5,26,31.706370184256915,6
165,5935822696,425.0,488.999878269492,False,1853.2493609148335,80.0,7,4,6.190060848425176,0
84,26559655,425.0,463.8457206000918,False,1721.1900331504814,100.0,2,5,7.017565445065873,0
140,21665367,425.0,459.06350753342923,False,1696.083414550504,115.0,5,3,3.1044397327130517,0
269,3442281747,435.0,508.2796695494801,False,1954.46826513477,75.0,4,1,2.0406242990447545,0
21,25522907,435.0,492.85962220654824,False,1873.5130165843784,85.0,3,2,2.4681653738224387,0
205,435144778,435.0,485.0812364048503,False,1832.6764911254652,105.0,4,12,11.342068822221366,2
198,2191480791,440.0,427.18322642739895,True,1528.7119387438443,255.0,0,26,46.59471345766542,19
282,108290,445.0,493.97446993077523,False,1879.3659671365695,95.0,3,1,1.2758747239701127,0
68,25498827,445.0,512.2991228648018,False,1975.5703950402096,85.0,3,1,2.3689969622978375,0
210,452589682,445.0,475.4512755186406,False,1782.1191964728646,110.0,4,11,9.778993333649716,0
283,9789819,450.0,498.7798175934928,False,1904.594042365837,100.0,5,6,8.025794003358115,0
200,5387300688,450.0,471.01268671720885,False,1758.8166052653464,120.0,5,15,12.252328295951353,0
126,268272727,450.0,515.5904899187419,False,1992.8500720733953,85.0,2,2,2.3138459852208926,0
233,108299,450.0,521.1730201846158,False,2022.1583559692324,85.0,3,2,2.0854123705430387,0
106,2047806108,455.0,513.982327493423,False,1984.4072193404695,95.0,2,1,1.1024999999999998,0
114,3147915545,460.0,497.8658010202774,False,1899.795455356456,110.0,3,1,4.502933761041134,0
102,25256256,460.0,499.6031188349159,False,1908.9163738833083,110.0,4,5,6.322339178687452,0
168,452589682,460.0,517.8768941379222,False,2004.8536942240924,95.0,4,0,1.1808985272744184,0
29,4457798822,465.0,523.4979886190837,False,2034.3644402501886,95.0,4,0,2.0108986707320176,0
247,21666007,465.0,515.9986273839634,False,1994.9927937658083,100.0,4,4,3.9052662674779546,0
56,12437379708,465.0,522.9406677742277,False,2031.4385058146956,95.0,6,5,8.073788115480733,0
46,34709162,470.0,525.0393958305749,False,2042.4568281105187,100.0,6,5,5.454804932260449,0
9,21533909,470.0,545.4156957033573,False,2149.432402442626,85.0,4,6,4.813831005994768,0
40,5932883505,470.0,484.8342588299251,False,1831.3798588571074,130.0,3,3,7.876092988710742,0
43,25502829,475.0,523.0245663623348,False,2031.878973402258,105.0,1,8,6.734183160307508,0
177,10574749,395.0,461.8147497304033,False,1710.5274360846176,70.0,5,2,1.3418443570600684,0
256,21665583,480.0,518.5334232018838,False,2008.30047180989,480.0,5,61,80.71545038710497,15
223,25470694,485.0,483.52952427103793,False,1824.5300024229489,145.0,2,2,2.797796305198338,0
47,25257463,485.0,542.630859823338,False,2134.8120140725246,105.0,6,10,12.01220925543792,0
117,25533578,490.0,544.4860296620518,False,2144.551655725772,105.0,4,2,1.7628653915832597,0
16,9791156,505.0,531.3076558563025,False,2075.3651932455878,130.0,3,6,2.68821206630393,0
206,109619,505.0,571.2408651572206,False,2285.014542075407,105.0,4,5,4.758570470042468,0
123,12398519156,505.0,551.6558778300777,False,2182.193358607908,115.0,5,4,4.88225793098358,0
82,9512926,505.0,556.7698821622381,False,2209.0418813517495,115.0,7,5,3.8307703231471715,0
279,9791491,510.0,554.6223683262346,False,2197.767433712731,120.0,5,1,3.769783085098761,0
73,2191480791,510.0,507.64079699524046,False,1951.1141842250117,265.0,3,36,55.03140251607791,19
74,108258,515.0,523.4102122403995,False,2033.9036142620969,145.0,3,10,9.498319064398435,0
161,9791487,515.0,569.9934540287892,False,2278.4656336511416,115.0,4,6,2.5355141843971634,0
218,21665006,515.0,580.8326717028532,False,2335.371526439978,105.0,3,4,2.880533066740125,0
83,25473300,515.0,560.8285415053784,False,2230.349842903237,120.0,2,5,7.027255241298749,0
170,742854915,515.0,535.29978297368,False,2096.32386061182,140.0,7,7,5.978974622024207,0
23,109838,520.0,522.0443094257812,False,2026.7326244853516,165.0,2,7,6.280096028255915,0
62,4360406511,285.0,351.8180773361192,False,1133.0449060146257,50.0,3,1,3.097967200039965,0
196,25476020,520.0,481.9656695486992,True,1816.3197651306702,180.0,2,2,3.444831654118157,0
119,3887905014,525.0,565.7069428646037,False,2255.961450039171,125.0,6,5,6.432619019419415,0
171,9966771320,530.0,585.2159209613345,False,2358.3835850470064,120.0,8,3,2.443818375579917,0
275,25476041,530.0,461.0544129002992,True,1706.5356677265709,205.0,4,4,4.320865486729011,0
257,9789823,530.0,588.3985537637335,False,2375.0924072596017,115.0,0,5,3.120533112363802,0
241,194250,175.0,273.64155002610454,False,722.618137637049,0.0,1,0,0.0,0
69,107800,530.0,581.0684330306143,False,2336.6092734107256,120.0,5,2,3.0087867070213266,0
242,972535469,535.0,572.8440864667939,False,2293.431453950668,130.0,7,10,7.268714130637638,0
48,25524240,540.0,562.796968599055,False,2240.6840851450393,145.0,2,11,11.53090332243332,0
292,771982865,145.0,242.9827462365931,False,561.6594177421138,0.0,0,0,0.0,0
265,10983187054,375.0,446.32140173781613,False,1629.1873591235335,60.0,3,0,0.7650354609929079,0
51,21665912,540.0,604.5250094458983,False,2459.7562995909666,115.0,6,9,5.3816973146314,0
271,21590630,540.0,579.2974770354987,False,2327.311754436367,130.0,2,11,8.44068889423269,0
173,25532341,540.0,567.5142553600416,False,2265.449840640219,140.0,6,5,8.0819757854424,0
229,9791487,545.0,579.2481071911557,False,2327.0525627535667,135.0,4,5,2.116945189037918,0
290,25501325,550.0,543.2283199271168,True,2137.9486796173633,190.0,4,6,11.512530253708325,0
97,25473285,550.0,581.5135202197738,False,2338.9459811538118,140.0,1,2,1.6212187317368367,0
151,4356591932,555.0,597.4790838370897,False,2422.7651901447234,135.0,6,2,1.050014180082234,0
77,14728072,555.0,579.0379193277956,False,2325.9490764709267,145.0,4,3,4.600544047774488,0
209,25475740,300.0,375.1866337675484,False,1255.729827279629,35.0,0,1,0.36749999999999994,0
219,25473373,560.0,559.3897690694575,False,2222.796287614653,185.0,7,7,7.851613041858903,0
54,1684410105,560.0,592.7686772017863,False,2398.0355553093777,145.0,3,9,6.666074193616856,0
103,821428,560.0,609.2917723189321,False,2484.7818046743932,130.0,4,7,11.782264824845216,0
92,2493654751,565.0,492.39867359507207,True,1871.0930363741281,365.0,2,20,20.518821319104408,0
138,25470679,355.0,441.7366637683279,False,1605.1174847837206,45.0,1,4,1.4826307763777022,0
239,25503799,570.0,601.3292996253455,False,2442.9788230330632,145.0,8,5,4.051527884435743,0
152,25472669,570.0,611.5832067863834,False,2496.8118356285104,140.0,5,8,5.989924703628103,0
245,5244680779,570.0,601.6319918199727,False,2444.5679570548564,145.0,6,2,4.13817997373962,0
220,107812,165.0,263.86746810948307,False,671.3042075747858,0.0,0,0,0.0,0
3,823745,575.0,600.3147657539039,False,2437.652520207995,150.0,1,11,14.09884890145539,0
59,1309470395,220.0,314.2300727453055,False,935.7078819128535,0.0,1,0,0.0,0
204,109838,580.0,612.9394955370316,False,2503.9323515694173,150.0,4,7,4.220331256476,0
105,268272727,580.0,623.4837567746417,False,2559.2897230668677,140.0,5,7,3.2974393965026043,0
176,5932856691,585.0,536.6204737034717,True,2103.257486943228,385.0,7,16,13.866827234539823,0
142,9791495,590.0,624.6324246074366,False,2565.320229189042,150.0,4,4,6.977461345654621,0
197,1667203491,590.0,631.0564008246034,False,2599.046104329168,145.0,7,7,6.0851336862770875,0
263,108059,590.0,584.4720424143644,True,2354.478222675412,180.0,1,2,2.6555068532872586,0
191,25472291,595.0,597.8205925555378,False,2424.5581109165732,175.0,5,10,10.031502370325901,0
195,3567188470,595.0,658.7289619364201,False,2744.327050166204,130.0,2,5,4.417731909355461,0
268,4360406511,600.0,623.0092866129764,False,2556.798754718126,160.0,5,10,10.176127635119284,0
260,25503802,260.0,330.3611093140885,False,1020.3958238989642,25.0,0,1,1.6029793200480549,0
55,9512924,255.0,320.3499225557522,False,967.8370934176987,30.0,3,2,1.3323794506780167,0
252,1317156147,195.0,281.084137918348,False,761.6917240713271,0.0,2,0,0.0,0
62,12959447,85.0,198.95866103464584,False,330.53297043189065,0.0,0,0,0.0,0
20,21533909,430.0,494.36502475324943,False,1881.4163799545586,80.0,2,6,4.201293585009914,0
38,11052055761,615.0,649.78546851492,False,2697.3737097033277,160.0,7,5,3.236507294575863,0
148,13919763200,615.0,581.2635565379744,True,2337.633671824366,300.0,9,14,13.722586952443795,0
267,21665909,615.0,635.8033303124653,False,2623.967484140444,165.0,6,3,2.9897834250368676,0
24,489796745,615.0,649.0657373164493,False,2693.595120911358,160.0,4,18,20.021512728199156,2
81,25533578,615.0,508.9403778701215,True,1957.936983818138,350.0,5,24,23.095676017860157,0
129,107786,620.0,658.056311272027,False,2740.795634178139,155.0,12,8,6.764996548312002,0
12,25497446,620.0,633.0250516684099,False,2609.3815212591526,175.0,3,4,7.684416861271071,0
232,1025502817,620.0,640.7267313960942,False,2649.8153398294917,170.0,5,13,7.911039837022247,0
143,21665248,225.0,321.12820850620034,False,971.9230946575516,0.0,1,0,0.0,0
277,25471089,620.0,669.5009994637093,False,2800.8802471844724,150.0,5,2,2.2112132581102144,0
154,25507041,620.0,651.9171806237368,False,2708.56519827462,160.0,6,21,17.306759922069215,0
98,26699549,245.0,326.5046613451147,False,1000.1494720618522,15.0,3,0,0.0,0
144,742854915,625.0,588.9013692008015,True,2377.7321883042096,290.0,1,21,24.299623310720076,0
136,3439409106,630.0,635.4495295391489,False,2622.1100300805324,240.0,4,7,6.955764070125955,0
18,8972731452,630.0,637.6305262751832,False,2633.5602629447126,180.0,5,7,8.606156632215132,0
261,2833445980,630.0,619.2724138070745,True,2537.1801724871425,195.0,4,2,1.984175325203358,0
166,14017207475,640.0,668.8360619789158,False,2797.389325389308,170.0,5,10,9.439213114099337,0
31,1587616047,640.0,686.5419685233776,False,2890.3453347477307,155.0,6,6,7.246308274474876,0
66,25476041,640.0,651.3750277753053,False,2705.7188958203537,180.0,9,14,16.66894336853109,0
84,12547908624,210.0,295.1375658990208,False,835.4722209698592,0.0,3,0,0.0,0
230,25476041,390.0,462.77705248620845,False,1715.5795255525945,65.0,2,1,0.9082659581828723,0
64,108258,645.0,643.3457887731759,False,2663.565391059173,190.0,3,18,20.146149057653687,0
281,25501320,645.0,629.4779665715718,True,2590.7593245007524,225.0,3,8,7.801431149042869,0
192,108258,645.0,660.3872103125996,False,2753.032854141148,180.0,8,3,4.472839755214642,0
215,7737133469,650.0,680.0551303792334,False,2856.2894344909755,170.0,6,12,12.125642525019016,0
254,6266808745,655.0,697.397076445141,False,2947.334651336989,165.0,7,6,5.421422003257285,0
288,282686499,655.0,670.0483313653154,False,2803.7537396679063,185.0,3,34,44.77092099224575,0
250,107830,655.0,653.5947560257126,False,2717.3724691349917,195.0,4,8,10.151619067093673,0
155,21665248,340.0,416.6953537549228,False,1473.6506072133448,45.0,3,5,4.982413610573824,0
262,25532841,665.0,681.1487276529662,False,2862.0308201780736,185.0,4,2,6.166673879438036,0
193,9849094224,665.0,686.4547189508494,False,2889.8872744919595,180.0,4,6,8.158409809325462,0
96,454368529,670.0,639.0587597793518,True,2641.058488841596,235.0,4,7,9.421292394409486,0
144,25544135,45.0,166.7189951920045,False,161.27472475802358,0.0,0,0,0.0,0
86,25474676,675.0,673.5385978559875,False,2822.0776387439355,200.0,5,0,1.1747435897435896,0
48,108060,130.0,237.62464151439627,False,533.5293679505803,0.0,2,0,0.0,0
88,4702603702,685.0,689.8544617772109,False,2907.735924330357,225.0,3,7,6.206608477581103,0
36,5244680779,685.0,730.4125768587688,False,3120.666028508535,170.0,9,2,5.09780191307053,0
128,4784457202,685.0,603.3813203167723,True,2453.751931663055,355.0,6,17,16.95135536866153,0
6,25476020,685.0,660.9406115915468,True,2755.938210855621,235.0,3,2,5.468073052726298,0
207,25544119,690.0,631.4436148140488,True,2601.0789777737555,245.0,6,13,16.232673987501293,2
285,4216272817,690.0,720.5503774639795,False,3068.889481685892,185.0,6,8,6.816570268886267,0
201,9512926,485.0,524.5165419034759,False,2039.7118449932489,115.0,2,2,2.154713327312406,0
227,25471086,695.0,702.4166468817543,False,2973.6873961292117,200.0,9,5,7.256884143861241,0
60,9521035,410.0,451.40642704624315,False,1655.8837419927765,90.0,3,9,8.42915279077466,0
44,21665911,460.0,521.3512760062096,False,2023.0941990326007,460.0,2,36,36.83307176261174,0
273,25257044,705.0,688.088486341048,True,2898.464553290502,220.0,8,6,6.8043457892936186,0
271,2271434264,160.0,262.42234194839676,False,663.7172952290829,0.0,0,0,0.0,0
75,9789821,710.0,716.5343660404859,False,3047.8054217125537,265.0,13,4,4.918927179272816,0
67,1614926320,390.0,464.7792612678478,False,1726.0911216562006,60.0,4,1,2.4822556834133302,0
89,102025,715.0,765.7714608110011,False,3306.300169257756,175.0,5,3,3.0392978312287435,0
25,317930344,715.0,600.0622291961565,True,2436.3267032798226,375.0,1,12,10.960251314115217,0
237,26699545,720.0,752.0683979114369,False,3234.359089035046,190.0,4,3,3.899358630334429,0
94,109618,725.0,744.3144980414788,False,3193.6511147177657,215.0,9,5,5.237029965065214,0
225,2215490963,730.0,732.7655808941403,False,3133.0192996942365,215.0,6,5,3.2793659285350136,0
236,25257043,340.0,411.0064699870368,False,1443.7839674319432,50.0,3,1,2.333572461424504,0
83,9295694734,215.0,296.58958455874483,False,843.0953189334101,5.0,1,0,0.12249999999999998,0
163,26652357,735.0,639.7654628302807,True,2644.768679858973,485.0,2,20,16.641424084151158,0
1,21665582,735.0,587.3900423779348,True,2369.7977224841593,735.0,2,24,29.40485880559694,0
131,25472873,735.0,647.1612734124728,True,2683.596685415482,395.0,4,5,8.391886068849447,0
264,26699549,490.0,524.5710076794638,False,2039.997790317185,120.0,4,6,5.726063389682532,0
66,108045,95.0,206.4056713059808,False,369.6297743563991,0.0,1,0,0.0,0
174,12026767,400.0,461.7944382001166,False,1710.420800550612,75.0,3,3,3.209123737238115,0
259,5932883505,405.0,478.2241041850781,False,1796.6765469716597,70.0,4,2,2.094878949434295,0
76,8998120937,440.0,444.88590513777575,False,1621.651001973322,130.0,0,12,13.263478278499743,0
11,1106056866,415.0,466.2435581477652,False,1733.7786802757682,85.0,3,16,19.73751209566888,2
141,454368529,755.0,696.8601803749704,True,2944.5159469685927,290.0,4,25,16.219485110020926,0
99,6424675168,760.0,739.1418564379912,True,3166.494746299453,240.0,9,13,17.45047093115932,0
283,12346819547,305.0,388.3959690060947,False,1325.078837281997,30.0,2,4,2.7554559828481953,0
133,7684091166,760.0,790.8083257698204,False,3437.7437102915583,205.0,4,6,8.735396924610209,0
224,311153342,550.0,500.17370448569676,True,1911.911948549908,335.0,5,6,8.400160646448624,0
143,21665582,135.0,244.35516244741325,False,568.8646028489194,135.0,1,21,24.625431089523335,0
47,8772951805,270.0,348.40437456732815,False,1115.1229664784726,25.0,1,0,1.0651677499514514,0
9,9791156,285.0,359.1401554436609,False,1171.4858160792194,30.0,4,5,8.416806178816547,2
26,5339077114,760.0,670.9607877728549,True,2808.5441358074895,295.0,4,27,21.670747116165575,0
108,5339077114,765.0,669.9879077580741,True,2803.436515729891,300.0,4,15,12.617362808660149,0
64,9512933,115.0,214.86637283956503,False,414.04845740771634,0.0,1,0,0.0,0
158,26591531,525.0,575.2277920152494,False,2305.94590808006,120.0,4,6,5.018754406787969,0
111,9791489,495.0,556.9832346420662,False,2210.1619818708486,105.0,2,5,5.954782463684497,0
19,108040,495.0,559.247887628281,False,2222.051410048476,100.0,4,2,2.2051372380415084,0
156,1317156147,770.0,800.8262091054075,False,3490.3375978033882,205.0,5,14,9.162315514742314,0
100,1106056866,775.0,810.2052273218413,False,3539.577443439666,205.0,4,7,4.383741986823624,0
212,1616122178,545.0,597.7063820597556,False,2423.9585058137172,125.0,4,9,5.700949158477584,0
118,1619464655,560.0,552.7409935126884,True,2187.8902159416134,170.0,3,4,9.220659196587162,0
124,9512915,460.0,483.1159688147889,False,1822.3588362776427,175.0,2,5,3.8149256462548164,0
116,1691133712,785.0,784.1927795793937,False,3403.012092791816,235.0,4,12,7.051260144302778,0
107,292252720,785.0,769.3131051146102,True,3324.8938018517033,245.0,8,10,13.345053925647168,0
164,108045,785.0,749.5474492562994,True,3221.1241085955708,260.0,11,7,3.56808567941789,0
34,454368529,785.0,720.9801041452084,True,3071.1455467623437,295.0,12,9,9.80961371271113,0
37,9521033,425.0,498.50442970774657,False,1903.14825596567,75.0,3,6,5.962171589694763,0
85,26591528,785.0,782.1874865972999,False,3392.4843046358237,275.0,8,7,6.091046610246336,0
243,292252720,790.0,791.7442506997475,False,3442.6573161736737,235.0,3,17,32.605315420117265,5
278,1938580083,495.0,547.9573545535357,False,2162.7761114060627,110.0,4,3,2.951864637610153,0
159,25256330,790.0,721.4623309697564,True,3073.677237591221,280.0,7,11,9.547729874432179,0
287,25534084,790.0,763.6609826201253,True,3295.220158755659,255.0,6,19,19.87358297910954,0
181,25377990,795.0,805.9751004204195,False,3517.369277207204,265.0,5,11,9.063725026241347,0
203,6169637661,800.0,784.9485972858112,True,3406.980135750509,250.0,7,22,14.100259329177256,0
13,14069254029,800.0,794.4145462782838,True,3456.6763679609885,240.0,5,9,10.984590494978187,0
30,1137916914,805.0,769.6453645557572,True,3326.6381639177257,265.0,7,10,14.183968684073974,0
252,1614978560,195.0,277.552755497942,False,743.1519663641952,0.0,1,0,0.0,0
270,108209,545.0,573.9246946156493,False,2299.104646732159,140.0,7,1,2.3687006294028254,0
150,104315,810.0,687.9603289692436,True,2897.7917270885278,440.0,5,9,9.488191314023814,0
58,25377989,810.0,824.418282797805,False,3614.1959846884756,230.0,4,9,13.522091023299716,0
196,25375812,285.0,364.3178933573563,False,1198.6689401261203,25.0,2,1,2.06743265954379,0
210,271945198,370.0,427.08295415901944,False,1528.1855093348524,70.0,3,3,3.3318272407508998,0
125,108059,820.0,632.9688643474201,True,2609.0865378239573,580.0,1,19,16.038920855706582,0
78,25256620,820.0,751.6813085134672,True,3232.326869695702,325.0,11,16,14.428593535568265,0
172,2191480791,820.0,712.0703995455265,True,3024.3695976140148,435.0,6,32,53.30929424741039,19
115,107800,825.0,617.3823481068505,True,2527.257327560964,580.0,5,15,14.684603293490749,0
228,5387300688,435.0,481.94075784634543,False,1816.188978693314,105.0,1,9,12.695778169249452,0
79,14728072,825.0,697.8413787195991,True,2949.6672382778956,485.0,5,11,9.96881432296083,0
269,5568839679,385.0,460.5453862866811,False,1703.8632780050755,60.0,4,2,0.8295627934138088,0
162,4457798822,825.0,755.9242944336006,True,3254.6025457764026,315.0,6,21,20.518335905571167,0
177,8421658424,345.0,393.75534884850777,False,1353.215581454665,65.0,0,3,2.927645324740463,0
200,9512908,370.0,443.227198718806,False,1612.9427932737306,55.0,2,2,1.6642518799002104,0
275,1614846678,295.0,374.6376585751585,False,1252.847707519582,30.0,2,0,1.555066916720177,0
50,25473556,830.0,621.2816027749465,True,2547.728414568471,600.0,5,16,12.95505750430381,0
248,21665590,420.0,464.0650728603888,False,1722.3416325170413,115.0,2,5,6.379155506678212,0
121,108045,830.0,788.7154228069572,True,3426.7559697365236,275.0,4,5,3.729800499173249,0
187,14727249,420.0,481.4475377887294,False,1813.5995733908294,80.0,2,1,2.198826195385177,0
42,8972731452,830.0,815.9489854988669,True,3569.7321738690525,255.0,8,18,13.487178689553502,0
209,25532341,275.0,354.6535375134376,False,1147.9310719455473,25.0,2,3,2.2693357486954016,0
109,21533908,835.0,832.2009030591615,False,3655.0547410605996,250.0,5,2,3.9702704448931736,0
214,1106056866,835.0,807.0212895944647,True,3522.8617703709374,280.0,6,3,9.621944928506199,0
199,25483785,840.0,769.2793534090838,True,3324.7166053976907,335.0,6,12,14.656854259301229,0
289,26699544,840.0,750.6408770433576,True,3226.864604477627,480.0,7,18,16.733060287183353,0
10,25375812,840.0,700.7144485716325,True,2964.7508550010707,485.0,12,11,9.607118078912137,0
65,108059,590.0,557.5098301271545,True,2212.9266081675614,245.0,7,11,12.584927114860362,0
216,8145826357,545.0,467.7776535678981,True,1741.8326812314644,405.0,4,11,10.143608627018777,0
97,26652351,295.0,377.53520062416317,False,1268.0598032768562,30.0,1,1,1.3797771771481122,0
258,6410407480,850.0,849.9659460907241,False,3748.3212169762996,255.0,3,4,7.414121045999222,0
113,108216,855.0,712.4214394501352,True,3026.212557113213,405.0,8,20,20.76114017441754,0
280,25500758,855.0,762.8324040419124,True,3290.870121220041,335.0,4,6,11.810109712871078,2
55,1684410086,245.0,334.89350019232467,False,1044.1908760097047,10.0,1,2,0.6356390004682515,0
231,12031865281,430.0,499.44128321765334,False,1908.0667368926795,80.0,4,1,2.2812277967945804,0
120,21665755,510.0,521.9562464693121,False,2026.2702939638882,185.0,2,2,4.6416748653734,0
53,333719185,860.0,776.0926757816765,True,3360.4865478538013,330.0,10,5,11.637577707725033,2
22,289996665,445.0,499.3501208853751,False,1907.5881346482183,95.0,6,6,6.858447225702544,0
101,1696027870,860.0,864.789347629948,False,3826.144075057226,250.0,9,13,11.078040317655246,0
198,25533321,420.0,483.6620950237206,False,1825.225998874534,80.0,1,1,2.2112918180827665,0
253,452396959,435.0,470.3272605015084,False,1755.21811763292,105.0,1,3,4.345078936843482,0
35,25256289,870.0,856.7008133922845,True,3783.679270309494,270.0,9,11,10.246078860515743,0
182,1678452778,875.0,787.0692227563,True,3418.1134194705737,360.0,6,12,12.619778414378976,0
240,107349,875.0,772.9411936247332,True,3343.9412665298496,415.0,11,27,19.39775395291556,0
71,452396959,880.0,889.0684112385942,False,3953.609159002617,255.0,9,8,9.88614695929678,0
272,5404151677,885.0,847.6331686631231,True,3736.0741354813986,290.0,7,9,10.738289970248601,0
18,9512935,250.0,332.03319381015655,False,1029.174267503322,15.0,1,1,0.5544966986834037,0
147,108103,885.0,875.7446310526279,True,3883.6593130262977,270.0,5,7,10.132531906799,0
57,21666007,885.0,708.4459532055577,True,3005.341254329175,385.0,5,14,16.973686660332085,0
230,25531990,240.0,329.0808600001112,False,1013.6745150005836,5.0,0,1,0.3946863083615271,0
284,11863145,890.0,757.0323766302398,True,3260.4199773087603,430.0,6,8,8.88003879128796,0
23,25533613,365.0,439.92348531465086,False,1595.598297901917,55.0,2,6,5.640213378063101,0
267,25472672,270.0,348.1198647634196,False,1113.6292900079534,25.0,2,2,0.9076993209213274,0
110,1614846678,890.0,798.735056558571,True,3479.359046932497,370.0,8,13,11.75792890568138,0
20,5739837614,280.0,331.2532758146636,False,1025.0796980269834,90.0,1,2,4.915955757515563,0
235,1614978560,550.0,549.0493666267581,False,2168.50917479048,165.0,3,11,11.674424886939853,0
56,108895,425.0,483.08021222843473,False,1822.1711141992823,85.0,2,1,2.1614122302650483,0
68,5393414954,445.0,499.81065655741827,False,1910.0059469264454,445.0,3,26,33.01072636841068,4
194,10983187054,585.0,634.3245451678022,False,2616.2038621309616,140.0,3,2,3.5299373221092054,0
47,383974165,130.0,234.61575284615594,False,517.7327024423187,5.0,1,1,0.554296719037647,0
234,295908497,490.0,537.6402219236641,False,2108.6111650992366,110.0,3,4,2.17819220476956,0
80,1089089322,895.0,767.2430675630922,True,3314.0261047062336,445.0,4,20,19.650582639251787,0
14,289996665,550.0,583.4833203626288,False,2349.287431903802,140.0,4,9,9.053675908710376,0
187,25544130,65.0,183.77749056443847,False,250.8318254633018,0.0,0,0,0.0,0
4,452236138,905.0,867.0617336588757,True,3838.0741017090963,310.0,6,6,5.428286994266524,0
5,2191588310,620.0,678.2939922293618,False,2847.0434592041493,145.0,4,5,5.942643760542477,0
122,4347844156,910.0,708.8206873504794,True,3007.3086085900154,635.0,5,14,15.1996715381128,0
292,4216272817,365.0,440.45670555791406,False,1598.3977041790488,55.0,2,10,9.468212056150136,0
222,21665911,910.0,695.025131966767,True,2934.881942825528,910.0,7,51,48.4130323926231,0
246,7013554275,910.0,919.3619317103338,False,4112.650141479256,265.0,8,12,14.144943494476706,0
127,21665582,910.0,718.8908969496961,True,3060.1772089859023,910.0,9,33,36.00246274834852,0
236,4784457212,175.0,274.3764062933196,False,726.4761330399278,0.0,1,0,0.0,0
226,25533613,690.0,575.135773403022,True,2305.4628103658633,550.0,3,7,11.6400920680373,0
93,108258,690.0,623.9827897127088,True,2561.909645991721,315.0,5,22,17.830567202254816,0
123,8784101792,405.0,443.7574322570463,False,1615.7265193494927,90.0,2,7,7.66216602222881,0
134,27503587,695.0,664.0912589025135,True,2772.4791092381956,230.0,4,15,15.57313414222401,0
260,1616713423,310.0,388.764059620972,False,1327.011313010103,35.0,3,0,0.8525876644727212,0
15,1684410076,535.0,574.8298969084574,False,2303.8569587694024,130.0,2,5,5.159410888371931,0
173,1667118111,375.0,444.19838713480385,False,1618.0415324577195,60.0,3,0,2.018752161261509,0
12,4222962219,295.0,381.25381254227153,False,1287.5825158469258,25.0,5,1,0.1875422266834493,0
28,1691197882,920.0,902.2701220884621,True,4022.9181409644275,285.0,8,2,3.9443345112616606,0
262,108895,255.0,334.8187031698433,False,1043.798191641677,20.0,1,3,1.7589391087795507,0
256,107800,440.0,483.86896320521447,False,1826.312056827376,115.0,4,1,2.655467826515932,0
112,108901,510.0,553.5360836877002,False,2192.064439360425,135.0,5,8,9.082076655492896,0
72,25476041,600.0,599.0636200129675,False,2431.084005068079,185.0,3,28,28.42430847465241,0
255,21665583,930.0,707.6913217574926,True,3001.3794392268364,930.0,10,55,60.27124800266876,3
103,25532841,365.0,395.9665757123248,False,1364.8245224897048,85.0,1,14,16.92442335571439,0
129,14077667431,310.0,382.306731732416,False,1293.1103415951839,40.0,2,2,2.2287410348870127,0
21,311153342,500.0,533.7353980569466,False,2088.110839798969,125.0,6,10,7.326306948463671,0
17,3561398893,780.0,810.9353011596314,False,3543.410331088065,210.0,9,5,5.832817817762125,0
52,26817585,630.0,662.9369722675442,False,2766.419104404609,165.0,6,13,13.50952030141337,0
170,255576,425.0,415.44928829928034,True,1467.1087635712208,270.0,2,17,11.597666171336096,0
54,1230855633,380.0,449.4473139343719,False,1645.598398155452,65.0,4,4,4.781644761322899,0
157,2564873531,740.0,774.7931352010683,False,3353.6639598056086,195.0,3,5,4.06149487173425,0
184,25471089,950.0,813.5063969645499,True,3556.9085840638872,460.0,4,17,19.557599122920887,0
18,110095,65.0,181.796759002302,False,240.43298476208554,0.0,0,0,0.0,0
217,313181126,955.0,913.0804905962164,True,4079.6725756301353,315.0,5,7,10.616286832447361,0
154,10845640242,330.0,405.94601265610436,False,1417.2165664445467,45.0,3,2,1.3529273065577259,0
146,25474676,625.0,662.7401407478391,False,2765.3857389261548,160.0,5,9,7.61615745973114,0
266,25533613,955.0,746.1007940045629,True,3203.029168523952,615.0,5,13,17.176217105981593,0
276,1938580083,960.0,751.1207239015719,True,3229.3838004832523,630.0,5,14,17.02309250476374,0
197,1630526800,365.0,436.16622218377125,False,1575.8726664647984,55.0,0,2,2.9625742744091115,0
178,25498869,965.0,920.1062884278285,True,4116.5580142460985,325.0,10,15,11.116998680265096,0
23,26699545,75.0,190.87166643967282,False,288.0762488082823,0.0,0,0,0.0,0
224,9512925,205.0,287.0522801853361,False,793.0244709730146,0.0,0,0,0.0,0
132,313181126,685.0,654.1310689926501,True,2720.188112211413,265.0,5,16,13.205898850983235,0
145,1620855375,970.0,921.4990202720646,True,4123.869856428342,320.0,3,5,5.2048686358079035,0
75,9791495,255.0,341.61819822530674,False,1079.4955406828603,15.0,3,1,1.0462430418984305,0
2,2456267967,935.0,751.6653284331014,True,3232.2429742737804,630.0,2,22,16.232942639372443,0
32,4969460352,975.0,974.1818167368422,False,4400.454537868422,290.0,10,13,14.034651354228679,0
39,350621322,985.0,839.5595904178205,True,3693.6878496935583,445.0,7,13,21.954043482478948,0
31,1666324140,340.0,404.8598085171377,False,1411.5139947149735,65.0,2,9,3.8282094949706655,0
203,1230855633,180.0,278.56661362840305,False,748.474721549116,0.0,0,0,0.0,0
168,25496892,520.0,531.2179774481334,False,2074.8943816026995,145.0,4,2,1.8161268123037413,0
287,3887905014,190.0,281.31397983243187,False,762.8983941202674,0.0,0,0,0.0,0
188,25476014,985.0,973.9379114452219,True,4399.174035087417,300.0,6,7,8.279953928404082,0
263,26559655,395.0,446.4187364281551,False,1629.6983662478137,95.0,5,3,1.500309656949984,0
11,25544136,230.0,312.71730246502364,False,927.765837941374,10.0,4,0,0.3164184558484913,0
229,21666007,440.0,462.3290765810993,False,1713.2276520507723,130.0,1,22,41.98313157411331,12
90,25533578,990.0,766.5247786746081,True,3310.255088041693,640.0,5,19,17.79697478318884,0
272,26591534,100.0,208.96558532665068,False,383.06932296491595,0.0,0,0,0.0,0
135,25473616,995.0,828.7905105168616,True,3637.1501802135235,410.0,3,11,10.400089198385512,0
119,9966771334,460.0,421.07962507734305,True,1496.6680316560505,375.0,2,7,10.678917811939971,0
16,1938580083,485.0,492.6196930384082,False,1872.2533884516433,195.0,2,15,13.55797869968998,0
219,25471089,430.0,498.614688878208,False,1903.7271166105913,80.0,5,5,4.103442190080453,0
202,1614926342,995.0,849.6992503883241,True,3746.9210645387034,495.0,11,25,20.479665965784097,0
248,1685938727,160.0,259.509206346687,False,648.4233333201071,0.0,1,0,0.0,0
215,500486430,345.0,401.63047601655614,False,1394.5599990869193,60.0,2,3,4.665652859873161,0
240,194250,120.0,223.33424645449242,False,458.50479388608505,0.0,0,0,0.0,0
29,21554368,535.0,554.9267151613733,False,2199.3652545972104,205.0,7,14,16.05508752128572,0
225,823745,270.0,341.4479593126017,False,1078.6017863911588,30.0,1,1,1.1751441752717435,0
9,6219635602,245.0,325.4182024609602,False,994.4455629200409,15.0,0,3,4.911646117533943,0
175,881887811,645.0,658.9738865009883,False,2745.612904130189,190.0,8,10,13.66856452819043,0
249,9512937,880.0,680.2286886973393,True,2857.2006156610305,605.0,7,18,17.163489438366472,0
139,1316072261,965.0,804.7035502873499,True,3510.6936390085843,400.0,7,20,15.961447131681346,0
60,499122580,305.0,357.82518642767866,False,1164.5822287453125,50.0,0,6,4.2514344791413405,0
40,6219635602,545.0,569.1945414490353,False,2274.2713426074347,180.0,2,15,10.999918641975732,0
27,26651413,810.0,671.2322578329587,True,2809.9693536230334,400.0,5,12,9.320481849267864,0
116,12978761148,230.0,305.2898818443882,False,888.7718796830383,15.0,4,1,2.292574152909088,0
70,6273263209,620.0,631.1592608330639,False,2599.5861193735855,175.0,6,3,5.586662685585988,0
7,862398887,610.0,624.6575514322385,False,2565.4521450192506,170.0,7,2,3.1353591294244354,0
69,9521022,490.0,495.7847857588152,False,1888.8701252337812,210.0,5,12,7.92089393642906,0
24,25502545,410.0,467.2150747137184,False,1738.8791422470213,80.0,2,4,4.735823295133292,0
245,9791491,455.0,517.6973815984144,False,2003.9112533916748,90.0,3,0,1.2912578190345667,0
165,3552338823,605.0,575.3597756500667,True,2306.6388221628495,255.0,2,5,6.379130321948625,0
20,9521022,135.0,223.68509902120178,False,460.3467698613092,5.0,1,1,0.6140728245264253,0
244,4956890429,1035.0,772.8562027785101,True,3343.495064587172,635.0,5,4,3.489966059790915,0
149,25524243,1035.0,996.9802114430995,True,4520.146110076275,375.0,7,16,15.328553809010685,0
281,9791491,385.0,442.09530045341455,False,1607.000327380426,75.0,3,1,1.9777072967274618,0
185,5568839679,640.0,673.112313211947,False,2819.8396443627216,165.0,6,7,6.627877335501651,0
84,5838132444,390.0,462.459854171935,False,1713.9142344026582,65.0,7,13,28.377838717033868,7
167,9791489,1040.0,894.9641646732088,True,3984.5618645343475,420.0,3,8,10.436646680255073,0
25,25532839,325.0,392.93958085460866,False,1348.932799486695,45.0,3,4,2.2153154070774437,0
30,12689154,235.0,312.5586450948694,False,926.9328867480642,45.0,2,0,2.6627400848265617,0
134,6183125373,125.0,235.40067200543686,False,521.8535280285436,0.0,1,0,0.0,0
41,107799,630.0,672.0284535976003,False,2814.149381387403,155.0,7,4,3.0800253046283124,0
173,25505558,125.0,230.03034764703935,False,493.6593251469564,0.0,1,0,0.0,0
58,6521883874,235.0,323.1245922548377,False,982.4041093378977,5.0,4,0,0.2772889392245138,0
59,1684410094,470.0,500.9305300371916,False,1915.8852826952555,115.0,3,1,3.1017412004086586,0
184,108216,100.0,211.598262333889,False,396.89087725291716,0.0,0,0,0.0,0
266,383974166,105.0,212.5252935919193,False,401.7577913575764,0.0,0,0,0.0,0
290,333725798,515.0,558.4389224851201,False,2217.8043430468797,120.0,5,5,5.66696236053218,0
61,2337311458,670.0,703.3243486546761,False,2978.452830437049,175.0,12,6,4.172408358448776,0
74,452589682,550.0,560.778738513659,False,2230.088377196711,195.0,4,7,10.873179219903522,0
130,25544136,740.0,773.3702907517245,False,3346.1940264465525,195.0,6,5,7.867405609613379,0
187,107790,165.0,265.90743986773816,False,682.0140593056251,0.0,1,0,0.0,0
191,14791188,480.0,508.86498027555956,False,1957.541146446688,120.0,3,2,1.645115005138443,0
223,2934851447,590.0,563.0219953736525,True,2241.8654757116756,365.0,7,20,15.444733905391487,0
102,1619464560,620.0,592.4948497985018,True,2396.5979614421353,205.0,2,12,12.421993453679057,0
76,107793,330.0,362.3147755003006,False,1188.1525713765782,95.0,3,5,2.959968290303872,0
233,4712556876,635.0,581.5318607783496,True,2339.0422690863356,350.0,5,11,14.902759908008711,0
275,26699537,255.0,325.0606763946014,False,992.5685510716571,255.0,2,38,42.50087939191025,0
137,452417806,1090.0,889.8981596420381,True,3957.9653381206963,465.0,5,6,3.6680085503198705,0
205,5932883505,650.0,650.7737312878052,False,2702.562089260975,250.0,5,8,5.98986789596726,0
3,3733175891,515.0,563.4349141412308,False,2244.033299241463,515.0,2,36,41.32195776322622,0
95,5560599869,1095.0,995.6211778339905,True,4513.011183628449,395.0,10,4,6.048227726748147,0
98,26699544,470.0,501.1872972157082,False,1917.233310382468,155.0,2,14,9.738009640851136,0
180,435144778,1105.0,945.8425819238252,True,4251.673555100078,545.0,9,22,22.597926957479178,2
198,25496592,235.0,316.44169347263033,False,947.3188907313094,10.0,0,2,4.458089965430532,2
285,9791153,410.0,442.91158316211005,False,1611.285811601077,110.0,4,9,6.217983503788254,0
62,10544188928,490.0,493.00974700441196,False,1874.3011717731622,220.0,3,24,25.59078600135744,0
241,9512930,575.0,600.7695562941154,False,2440.040170544105,150.0,4,3,4.260312428042734,0
63,107830,1050.0,873.4457749923367,True,3871.5903187097665,510.0,10,14,13.068974076890244,0
140,25533613,680.0,559.8244013249752,True,2225.0781069561212,545.0,4,9,10.602552994989168,0
66,25502544,365.0,402.651559368924,False,1399.9206866868512,115.0,1,13,14.919289599943422,0
254,25495441,450.0,501.28818915357516,False,1917.7629930562696,95.0,1,3,3.157267956118425,0
189,107349,1110.0,843.2257342857542,True,3712.935105000202,600.0,5,37,38.81572529435364,0
160,25476041,820.0,838.5023476313593,False,3688.1373250646348,230.0,4,8,8.541831123242323,0
87,107860,1115.0,978.0065800807029,True,4420.534545423692,440.0,10,11,10.734258681093184,0
141,25505558,355.0,423.77865361516115,False,1510.8379314795964,55.0,3,1,0.8136002331170039,0
257,6943750647,580.0,578.4726100027385,False,2322.981202514378,200.0,5,8,12.774476635660385,0
274,104310,750.0,690.0798996226382,True,2908.9194730188497,360.0,7,34,30.12731597178459,0
92,9789811,545.0,592.9955555256308,False,2399.226666509563,125.0,4,0,2.2036434173232027,0
291,25306041,1120.0,1037.2561086113203,True,4731.594570209431,390.0,10,12,17.22692104262659,0
151,25502540,565.0,586.429969726062,False,2364.7573410618247,215.0,1,5,5.807973747684345,0
206,25474676,620.0,641.3810185463145,False,2653.2503473681522,235.0,7,12,8.186988908723801,0
83,4211515634,395.0,461.3929973216093,False,1708.313235938448,70.0,1,0,2.213162174686764,0
104,281454959,1135.0,940.2666527374586,True,4222.399926871657,545.0,8,17,13.855012172941494,0
158,1667118171,365.0,441.15664923808475,False,1602.0724084999447,55.0,3,1,0.669644686772629,0
265,12978761148,595.0,611.3293983840638,False,2495.4793415163354,195.0,5,7,5.947959063339257,0
139,9398043798,125.0,233.05091758322092,False,509.51731731190995,0.0,0,0,0.0,0
128,25257319,450.0,501.22578345942793,False,1917.4353631619972,95.0,0,4,5.0885100202449225,0
36,107797,455.0,512.8162868459034,False,1978.2855059409926,95.0,1,5,1.3643517813852315,0
46,1616122178,670.0,546.208914303267,True,2153.5968000921516,450.0,3,10,9.806658708927753,0
181,601141518,345.0,425.6357279792692,False,1520.5875718911634,45.0,1,0,0.9059157254845469,0
43,108304,665.0,637.6608550078067,True,2633.719488790984,265.0,9,2,4.273806922274174,0
71,2271434264,260.0,353.16132786050235,False,1140.0969712676376,10.0,1,0,0.24499999999999997,0
245,1678452766,110.0,219.10066919996777,False,436.2785132998307,0.0,0,0,0.0,0
106,5393414954,685.0,680.133936523432,False,2856.7031667480173,685.0,8,44,43.01702714072554,0
89,25375812,425.0,472.40325509083686,False,1766.1170892268944,90.0,3,3,1.3261601613991032,0
251,108322,1055.0,988.1344416402343,True,4473.705818611225,360.0,12,11,14.393756581092944,0
183,1316072261,740.0,751.1784960298907,False,3229.687104156926,210.0,11,5,3.1346814781978467,0
153,14069254029,810.0,652.0084539965846,True,2709.044383482066,355.0,4,10,8.58481367774114,0
286,435144778,815.0,817.154072083729,False,3576.058878439578,240.0,3,0,1.9172836151070707,0
155,11170906155,500.0,548.3401990383433,False,2164.786044951301,115.0,1,7,5.736886778342294,0
264,351788581,420.0,474.5618187367181,False,1777.44954836777,85.0,5,6,6.107811895373001,0
114,107812,705.0,701.9459384879392,False,2971.2161770616804,290.0,3,7,7.448494560938224,0
103,25257657,235.0,329.189730564058,False,1014.2460854613043,0.0,1,0,0.0,0
239,9512908,590.0,640.7609138647458,False,2649.9947977899164,140.0,7,7,6.609073631020062,0
105,26848680,585.0,612.20338439066,False,2500.067768050965,155.0,2,1,4.184905626324266,0
273,6319748554,460.0,521.0094569704723,False,2021.2996490949797,95.0,2,4,4.013415693916457,0
176,25473373,590.0,636.1650589090988,False,2625.866559272769,140.0,6,7,6.624996441573063,0
221,1612319349,1185.0,1045.741153498126,True,4776.141055865158,475.0,8,13,8.717562278604737,0
8,25500809,820.0,771.088037424562,True,3334.212196478953,315.0,6,16,19.437416545106988,0
288,10544188928,530.0,558.7273726110369,False,2219.318706207944,150.0,2,8,4.0984221075260825,0
73,3733175891,670.0,662.6361465440984,True,2764.839769356517,670.0,1,29,35.097475431029096,0
169,2441107350,765.0,743.8233305472312,True,3191.072485372964,240.0,7,13,13.310303060172606,0
118,26559368,415.0,457.37789383833115,False,1687.2339426512385,130.0,3,3,3.4945408274823575,0
243,9791487,400.0,471.50058918588724,False,1761.3780932259076,65.0,4,1,1.1735261507958505,0
6,21666007,505.0,552.2500868951811,False,2185.3129561997002,115.0,2,2,3.334478306010959,0
4,107320,290.0,376.9714824884674,False,1265.100283064454,25.0,2,0,0.400378787878788,0
45,2191480791,1205.0,1008.1658944847161,True,4578.87094604476,610.0,9,26,47.988473975045764,19
133,26848680,440.0,429.32935356798754,True,1539.9791062319352,135.0,4,3,4.571334587342577,0
188,1667203543,220.0,317.9024586258636,False,954.9879077857838,0.0,1,0,0.0,0
91,1614846675,795.0,542.7313871011629,True,2135.339782281107,640.0,4,15,13.116941796768716,0
33,5518619474,810.0,733.5342171491028,True,3137.054640032788,295.0,5,5,3.5943501767407384,0
279,255562,705.0,716.2605398253772,False,3046.36783408323,200.0,7,2,2.828935874333467,0
230,4457798822,330.0,413.69869392296044,False,1457.918143095541,40.0,2,1,1.7277609547637536,0
276,26652117,260.0,341.0261931209797,False,1076.3875138851433,20.0,3,0,0.8705442374707125,0
217,25496892,265.0,324.0427166354288,False,987.224262336001,70.0,2,5,5.769384684583668,0
6,101995,25.0,152.66247603706918,False,87.47799919461323,0.0,0,0,0.0,0
190,21665590,805.0,667.226278991575,True,2788.9379647057704,475.0,5,10,9.976842961656128,0
135,25472057,225.0,323.44573637481676,False,984.0901159677877,0.0,3,0,0.0,0
64,25531002,460.0,520.2207457761233,False,2017.1589153246482,95.0,2,9,5.229585780362417,0
144,13906740170,550.0,587.4475248384437,False,2370.0995054018294,135.0,5,7,3.786558625881643,0
211,1620855375,940.0,866.6042761737198,True,3835.6724499120314,330.0,3,10,12.458389481270954,0
59,21665360,170.0,267.97383999835074,False,692.8626599913415,0.0,0,0,0.0,0
281,30939233,190.0,283.3821646205836,False,773.7563642580642,0.0,2,0,0.0,0
282,107812,785.0,717.443661385988,True,3052.579222276439,345.0,3,4,3.962885123396448,0
145,10574749,260.0,340.7302434861361,False,1074.8337783022143,20.0,4,0,0.7727389437125914,0
193,6089552096,565.0,602.4899619539243,False,2449.072300258102,140.0,5,3,2.035279041140119,0
262,812004134,310.0,393.734666841966,False,1353.1070009203206,30.0,0,1,2.7876317919184084,0
7,2951109677,220.0,311.974446233373,False,923.865842725208,0.0,3,0,0.0,0
44,21665583,535.0,543.2641509943836,False,2138.1367927205138,535.0,2,27,47.14802031055106,3
218,1691197882,730.0,744.3662657794303,False,3193.9228953420093,205.0,10,2,3.9803349964686636,0
292,1685938740,335.0,410.75101365604917,False,1442.4428216942579,45.0,3,1,1.875871219519995,0
69,806821396,220.0,316.7808182675275,False,949.0992959045193,0.0,0,0,0.0,0
1,107349,510.0,561.8567039487533,False,2235.7476957309545,115.0,1,5,3.6047247483705256,0
177,2833445980,425.0,460.9753660398384,False,1706.1206717091507,100.0,3,2,3.998105497196275,0
171,25256620,720.0,762.2987103059638,False,3288.0682291063085,185.0,5,8,7.5706741327426625,0
204,107793,670.0,643.2494824465249,True,2663.0597828442524,295.0,5,1,4.453794474542243,0
116,1230855633,225.0,313.1651444909535,False,930.1170085775063,5.0,1,0,0.27138059673852327,0
47,2191588310,355.0,415.7141382728209,False,1468.4992259323092,60.0,1,6,6.10546047486209,0
37,3887905014,470.0,528.1976842905411,False,2059.037842525341,100.0,6,2,3.2318394482030857,0
213,107320,840.0,804.4189404474889,True,3509.199437349316,275.0,9,3,4.235173686266366,0
208,1137916914,830.0,787.7503053356738,True,3421.689103012289,335.0,7,10,10.803307067354297,0
14,25256260,355.0,426.3292688389973,False,1524.2286614047364,55.0,2,4,3.7115648636496346,0
57,25532843,375.0,426.92225864876036,False,1527.3418579059917,75.0,1,14,17.598316540558574,0
94,9521022,535.0,542.0948058997701,False,2131.9977309737933,195.0,2,4,5.471423115427269,0
119,456363903,265.0,348.6437459071704,False,1116.3796660126443,20.0,1,3,5.048848453408702,0
258,10996228332,410.0,453.2685385106472,False,1665.659827180897,100.0,5,8,5.97547361003151,0
19,9791494,500.0,548.7432471357366,False,2166.9020474626172,115.0,5,4,3.7000901224130205,0
67,4347844156,555.0,610.8573708418514,False,2493.00119691972,125.0,6,2,1.8497457315555963,0
88,3764054180,585.0,630.1186905575396,False,2594.1231254270824,140.0,6,1,3.1403770200257046,0
49,108260,1040.0,959.9299536292046,True,4325.632256553328,365.0,9,9,4.759186333292304,0
109,292252720,435.0,499.52653280993775,False,1908.5142972521737,85.0,4,1,2.5374441528861107,0
117,25473288,785.0,637.9285948734681,True,2635.125123085705,345.0,5,8,7.865811938847975,0
86,9178184336,600.0,463.1500298128156,True,1717.5376565172821,470.0,1,22,25.240453358924853,0
244,9512924,245.0,324.6596849360344,False,990.4633459141806,15.0,1,0,0.5929726443829526,0
35,109619,410.0,475.1029912298836,False,1780.2907039568888,75.0,3,6,5.607963610736485,0
99,295907939,520.0,586.8640376297308,False,2367.0361975560872,105.0,2,2,2.1368772384053947,0
287,5925666943,295.0,370.7546441889024,False,1232.4618819917366,35.0,1,4,3.3495491288253807,0
237,881888313,560.0,566.2227704587573,False,2258.6695449084746,205.0,5,10,11.621433947005379,0
192,25544130,640.0,658.2766072797565,False,2741.952188218721,180.0,6,12,11.512865027215826,1
216,9521033,445.0,480.8258336166715,False,1810.3356264875254,105.0,1,1,3.7341334724772155,0
203,2833448424,305.0,386.23656033693567,False,1313.7419417689127,30.0,2,3,5.523071373681527,0
12,1607738730,365.0,422.01670862420474,False,1501.5877202770748,70.0,2,6,3.9008566394687403,0
166,25522907,650.0,694.4188930383402,False,2931.6991884512877,160.0,5,4,5.420763812760827,0
126,1685938740,845.0,842.3255384220982,False,3708.2090767160166,255.0,6,3,3.4989724757537193,0
172,108060,475.0,496.47084405448004,False,1892.471931286021,145.0,5,5,4.87038156341952,0
136,3892184068,665.0,645.7185871326801,True,2676.0225824465697,315.0,6,4,5.494480257738471,0
261,107801,665.0,697.0096886777359,False,2945.3008655581116,175.0,4,6,4.164313147234706,0
96,21665360,630.0,654.2560998220929,False,2720.8445240659876,185.0,7,6,7.3451283397781815,0
170,25501065,360.0,373.2623403587797,False,1245.6272868835931,215.0,4,18,18.51091121268569,0
21,4397152730,365.0,443.50076508975127,False,1614.379016721195,50.0,6,7,4.4502667560093485,0
266,26651413,245.0,336.18216468773346,False,1050.956364610601,5.0,1,1,1.5693654580719154,0
196,4784457213,505.0,477.8602202724719,True,1794.7661564304774,220.0,4,12,8.464801597705506,0
15,9791487,395.0,466.6905267149705,False,1736.1252652535957,65.0,4,4,4.605243389915998,0
159,5925666943,525.0,556.7929239541376,False,2209.1628507592222,135.0,2,5,2.8382725241286195,0
277,25473291,705.0,700.1032751318315,False,2961.5421944421178,225.0,7,3,3.209602729973192,0
13,21665910,520.0,567.1423975622378,False,2263.497587201749,520.0,4,56,65.4583525765938,0
132,12978761148,360.0,429.57979478327064,False,1541.2939226121703,55.0,1,3,3.482413541702828,0
173,14017207475,280.0,365.26550557286356,False,1203.6439042575341,20.0,1,1,1.8882726946078268,0
198,25532328,230.0,316.7609053475255,False,948.994753074509,5.0,0,1,0.37262624329859606,0
117,13355224,60.0,175.4980964681106,False,207.36500645758065,0.0,0,0,0.0,0
56,9791495,445.0,494.9062740181489,False,1884.2579385952813,95.0,2,1,1.4949981837686155,0
38,1666324140,730.0,736.1836149676958,False,3150.9639785804025,210.0,5,4,8.405831776585904,0
152,108253,775.0,751.2605681861982,True,3230.117982977541,245.0,6,10,10.484798430543632,0
138,338504649,785.0,780.8808389968173,False,3385.624404733292,255.0,6,8,8.815854560076648,0
80,25497435,455.0,512.0398514214465,False,1974.2092199625927,95.0,4,4,1.9820411907063522,0
104,6262789333,220.0,302.04088885802685,False,871.7146665046408,5.0,0,0,0.05513851359853564,0
163,351771449,620.0,503.91034533986914,True,1931.529313034313,550.0,5,11,10.841097140400029,0
179,25476020,960.0,962.9665969437937,False,4341.574633954917,285.0,9,6,7.671861043239453,0
51,26607518,815.0,834.9211245356964,False,3669.3359038124067,230.0,6,8,8.43131798593978,0
111,25473300,585.0,636.7346418907005,False,2628.856869926176,135.0,7,2,2.6294314052976864,0
100,25257309,585.0,621.9566250173852,False,2551.272281341271,145.0,3,2,4.316094113835342,0
225,3733175891,355.0,423.08325376512187,False,1507.1870822668902,355.0,2,31,35.259122042965785,0
253,1614926348,495.0,530.4265692411849,False,2070.739488516222,120.0,2,14,23.17595089703261,2
280,25257304,505.0,567.8017572964214,False,2266.9592258062125,105.0,4,15,18.838859296830247,1
187,11331184983,290.0,360.45672171692377,False,1178.3977890138506,35.0,0,5,4.441383155409817,0
249,102000,355.0,409.95139891972144,False,1438.2448443285382,65.0,3,1,1.949239118262742,0
222,273194,455.0,512.5710048298934,False,1976.9977753569392,95.0,6,3,2.1153787878787877,0
238,3147915643,1195.0,895.0395578058386,True,3984.957678480653,565.0,7,7,9.027873927729187,0
250,4457798822,710.0,577.4170374620138,True,2317.4394466755734,545.0,0,17,12.65247662965663,0
115,107801,545.0,594.482492514701,False,2407.0330857021786,125.0,4,2,2.941601653127593,0
32,6940295978,400.0,465.08686508195956,False,1727.7060416802874,70.0,3,2,2.121989264678092,0
228,9295694734,550.0,494.50365102691194,True,1882.1441678912877,425.0,2,8,7.632121319889406,0
150,21665716,570.0,588.9529672868182,False,2378.003078255794,210.0,2,8,5.9640790041207845,0
40,5568839679,370.0,437.5093680748003,False,1582.9241823927011,60.0,0,5,7.788855258352511,0
168,14017207475,405.0,481.5232459941257,False,1813.99704146916,65.0,2,3,1.9659354471254968,0
232,1667203543,780.0,676.4284603481252,True,2837.2494168276594,380.0,8,20,18.772479457816836,0
247,108258,935.0,874.6379195710148,True,3877.8490777478287,350.0,8,12,16.886278713516457,0
283,21665006,640.0,639.0306534207807,False,2640.910930459097,205.0,5,6,10.937277408999268,3
285,634568069,300.0,373.96118976621915,False,1249.2962462726505,35.0,2,1,1.8312431362851505,0
73,25626680,215.0,309.67289540570437,False,911.7827008799479,0.0,2,0,0.0,0
259,3442281746,660.0,694.982574510754,False,2934.6585161814587,170.0,9,1,3.7561395120557868,0
84,452514378,370.0,443.12070847976685,False,1612.3837195187755,55.0,2,1,1.3187745292217732,0
194,109618,515.0,555.0030763247523,False,2199.7661507049506,125.0,3,6,7.262331096976117,0
161,8784101792,895.0,882.9018289672379,True,3921.2346020779996,275.0,5,10,12.4696541562932,0
148,1619500438,805.0,703.94054337974,True,2981.687852743634,390.0,5,21,20.173765215795587,0
122,13329450969,510.0,544.8709923640906,False,2146.5727099114747,125.0,1,2,1.7213864742965592,0
68,21666019,525.0,585.434637242375,False,2359.5318455224683,115.0,2,4,5.519118978537432,0
164,25257026,640.0,590.3539023495678,True,2385.357987335231,340.0,4,19,17.798869097372535,0
25,107319,385.0,457.4891600287539,False,1687.8180901509575,60.0,2,0,1.4241528909918415,0
242,8972731452,895.0,838.5133257804279,True,3688.1949603472467,330.0,8,10,14.887439653379829,0
268,25500758,830.0,788.8140998926128,True,3427.274024436217,300.0,9,14,17.44054724612945,3
186,107349,1080.0,880.2034932751117,True,3907.068339694332,465.0,11,23,21.64049258331511,0
63,25502544,325.0,400.6229715316751,False,1389.2706005412945,40.0,0,3,3.8733957641971917,0
227,3561398893,745.0,774.785830910003,False,3353.6256122775158,200.0,7,6,5.354814346851013,0
90,1694551549,450.0,463.69970700739196,False,1720.423461788807,125.0,2,9,9.028717196095984,0
10,14767049,605.0,592.8045553868302,True,2398.223915780858,235.0,3,22,29.526969826734796,3
182,9512930,570.0,549.2202344705132,True,2169.406230970195,295.0,7,4,12.117498579418402,0
218,25472904,195.0,294.8889119212155,False,834.1667875863811,0.0,1,0,0.0,0
99,275424,165.0,268.5026411574099,False,695.638866076402,0.0,3,0,0.0,0
231,21665585,595.0,578.6021384231295,True,2323.66122672143,275.0,3,14,11.888675665589354,0
178,1685938739,490.0,540.1396146796191,False,2121.7329770680003,110.0,6,10,5.280499517560116,0
50,25502552,625.0,653.4637728492551,False,2716.6848074585887,170.0,3,1,3.7208547166909174,0
59,6762589361,225.0,320.51836973206,False,968.721441093315,0.0,1,0,0.0,0
272,25256256,465.0,524.6405351623224,False,2040.3628096021914,95.0,2,9,14.1244431031153,2
6,9512924,230.0,302.7442726068017,False,875.407431185709,30.0,1,1,1.467060121243521,0
185,108059,425.0,400.81260407598944,True,1390.2661713989448,300.0,2,6,9.305935702740975,0
55,9512915,605.0,637.659447459158,False,2633.7120991605807,155.0,4,5,4.149185459472103,0
83,14017207475,325.0,401.0327117973859,False,1391.4217369362757,40.0,3,1,0.9227389518709492,0
289,5244680779,620.0,630.8674053788181,False,2598.0538782387944,235.0,4,3,3.03462795912753,0
42,1614846692,635.0,651.4463625745307,False,2706.093403516286,175.0,2,1,4.085913360394109,0
133,21533912,265.0,345.21883233326963,False,1098.398869749666,20.0,3,0,1.5637005092846266,0
29,108040,465.0,521.939311891307,False,2026.1813874293628,95.0,5,10,9.924456613956016,0
66,21665965,365.0,352.40573260860737,True,1136.1300961951883,200.0,0,12,9.736083674796548,0
252,1832666009,675.0,691.2399599604031,False,2915.009789792116,195.0,3,12,16.658260796411444,0
37,2586614735,220.0,311.7758332626979,False,922.8231246291641,0.0,3,0,0.0,0
276,4222962185,260.0,342.4469039232936,False,1083.8462455972915,20.0,1,4,5.3232583113753105,0
128,26699537,345.0,362.93062037791185,False,1191.3857569840368,345.0,2,43,52.45663666910693,0
137,21554368,395.0,454.9411998102482,False,1674.4412990038027,75.0,2,1,1.4052741046422326,0
70,2129184285,470.0,529.9364871107119,False,2068.166557331238,95.0,4,9,9.307666841663226,0
175,452219937,480.0,436.35414383858426,True,1576.859255152568,180.0,1,2,4.409999999999999,0
120,12292980260,635.0,636.0192799502321,False,2625.1012197387176,230.0,4,6,8.645673624234,0
48,9791495,820.0,788.6590001802338,True,3426.459750946226,265.0,4,3,4.1812800865986635,0
32,4347844156,115.0,222.4624092249502,False,453.9276484309885,0.0,1,0,0.0,0
157,1678452766,545.0,578.9501842999885,False,2325.4884675749413,140.0,2,7,6.923377888307891,0
193,311422343,255.0,340.565335657047,False,1073.9680121994968,15.0,0,1,0.6590355304169011,0
124,311153342,720.0,746.5341834444005,False,3205.304463083104,195.0,8,6,7.642655614399553,0
36,25257402,360.0,445.57309148099506,False,1625.2587302752238,45.0,2,3,3.3785890369825307,0
143,2453162764,750.0,789.9559760228337,False,3433.2688741198767,195.0,5,4,11.209878870009792,0
95,5411324111,415.0,461.8837751482275,False,1710.8898195281947,90.0,1,12,15.065862891893145,2
211,25473300,280.0,360.74520649585503,False,1179.912334103239,35.0,2,1,1.2141451483878951,0
287,5568839679,225.0,302.62845006432246,False,874.7993628376933,10.0,1,1,0.5165272891172765,0
191,1614846692,435.0,497.8470759753636,False,1899.6971488706608,85.0,7,1,1.5053048184147426,0
118,2191480791,320.0,394.63771750588035,False,1357.8480169058719,40.0,2,2,1.6388872623223598,0
108,25532839,755.0,690.7262995763679,True,2912.3130727759326,270.0,3,5,3.092535460992907,0
64,26699549,290.0,344.28222656488754,False,1093.4816894656592,85.0,3,9,9.528337424925185,0
275,107860,440.0,481.83199446899926,False,1815.6179709622452,115.0,3,9,12.469204677059938,0
167,14958918,490.0,517.5172940190754,False,2002.9657936001472,125.0,0,5,5.692798874772524,0
240,659653204,530.0,554.8589427582533,False,2199.0094494808295,140.0,3,2,4.364584398161503,0
20,5838132444,495.0,549.0511529074206,False,2168.5185527639596,110.0,3,5,6.017774335573931,0
2,821341516,555.0,573.7160362835058,False,2298.009190488404,205.0,1,4,6.399477123772031,0
22,3552338823,675.0,675.677759745689,False,2833.3082386648675,200.0,5,4,5.186640433725922,0
256,25471098,610.0,662.4559894929283,False,2763.893944837872,145.0,1,1,2.565225998894247,0
290,21590631,470.0,460.82563419160056,True,1705.334579505902,235.0,1,12,12.10770624001349,0
199,9512925,700.0,651.7099876357462,True,2707.4774350876683,275.0,7,8,8.646562348172756,0
53,25377990,680.0,674.8978098343398,True,2829.2135016302855,205.0,5,24,33.9181733438376,0
269,21665716,715.0,566.1639683919069,True,2258.3608340575106,470.0,4,11,10.0156776854957,0
260,2129184256,630.0,667.8962797121895,False,2792.455468488994,160.0,7,6,7.401961839734253,0
121,26559368,715.0,741.5693327959298,False,3179.2389971786324,195.0,4,1,5.479703124204834,0
162,1927220454,720.0,691.8373916811254,True,2918.1463063259093,255.0,11,3,5.642454666756544,0
202,812264838,550.0,584.2777263922784,False,2353.4580635594616,140.0,4,0,1.4497289491544567,0
155,6378017135,380.0,429.4367132694941,False,1540.5427446648441,75.0,3,1,1.9571675279245995,0
220,2440630566,980.0,779.0673785519185,True,3376.1037373975746,470.0,4,7,9.831433878791954,0
61,1614846702,490.0,531.106386732745,False,2074.308530346912,115.0,4,5,2.9304504657649617,0
234,25532341,665.0,666.9695143394185,False,2787.5899502819484,195.0,3,1,3.987961136230667,0
217,21590630,335.0,414.5120226469125,False,1462.1881188962911,40.0,7,0,0.4160283687943264,0
270,21665716,750.0,727.6879723834022,True,3106.3618550128613,240.0,1,2,6.024308230644477,0
97,311153342,710.0,709.2230404042904,False,3009.4209621225245,210.0,8,4,6.542870420317501,0
147,10544188928,675.0,559.8553642400908,True,2225.2406622604763,385.0,3,8,9.075120978435029,0
195,25476020,970.0,943.612306615585,True,4239.964609731822,305.0,4,7,9.003020500429262,0
248,25306041,570.0,589.1118212200703,False,2378.837061405369,210.0,3,2,2.3411334135606108,0
65,5387300688,725.0,723.9004555121198,False,3086.477391438628,215.0,7,8,8.168941873615546,0
79,5922202130,740.0,745.3017351233613,False,3198.834109397646,215.0,3,4,2.7391325824796064,0
206,11267145959,435.0,482.99839941547054,False,1821.7415969312199,95.0,3,2,1.2544386872335593,0
77,107349,1015.0,943.6092615909138,True,4239.948623352297,350.0,4,7,4.501813717233496,0
149,25533613,535.0,577.2225487201979,False,2316.4183807810396,130.0,3,10,10.813621990724004,0
8,26559618,380.0,427.9630630150072,False,1532.8060808287878,80.0,3,7,6.104666453380296,0
264,11747638084,405.0,444.4316150345178,False,1619.265978931218,90.0,3,1,1.3942238795355952,0
197,368279307,615.0,565.4629462064994,True,2254.680467584122,275.0,9,10,15.413224865146727,0
113,1697772135,720.0,698.2674478550484,True,2951.904101239005,295.0,8,6,13.67814811380715,0
267,1938580083,690.0,704.2825839059734,False,2983.4835655063594,195.0,6,4,5.354169855206071,0
26,4956890447,820.0,655.0478645505943,True,2725.0012888906253,455.0,3,0,0.24621764315937986,0
246,109661,675.0,643.5405046070332,True,2664.5876491869262,280.0,6,11,11.520379842933766,0
148,25503802,165.0,264.0473531284989,False,672.2486039246191,0.0,1,0,0.0,0
207,26699551,900.0,810.8355041102172,True,3542.886396578639,380.0,5,16,14.7299443710745,0
249,25534084,225.0,309.9927148960453,False,913.4617532042374,5.0,1,0,0.17253866449103364,0
3,14958918,505.0,550.8369342320634,False,2177.893904718332,115.0,3,10,15.575103840876421,2
57,21665582,335.0,403.75211462724496,False,1405.6986017930362,335.0,4,43,45.802459263369244,0
114,881887811,430.0,488.222641689375,False,1849.1688688692186,85.0,6,4,3.158563636027092,0
251,1614846683,450.0,498.81817178016394,False,1904.7954018458613,100.0,3,3,4.811739576307995,0
229,5560616877,615.0,630.3276848370333,False,2595.220345394423,170.0,1,9,9.923503562270877,0
85,108258,820.0,732.0613127633446,True,3129.321892007558,305.0,6,6,9.211397794840408,0
92,771982972,495.0,446.6383695986226,True,1630.8514403927688,305.0,3,21,21.513722898306064,0
43,9522438168,470.0,511.92010465654886,False,1973.5805494468818,110.0,5,3,4.335568367826523,0
45,9512922,415.0,455.9686047327245,False,1679.835174846803,100.0,4,5,6.178768203092475,0
72,25533613,700.0,730.7318720415396,False,3122.3423282180865,185.0,3,3,5.910079346131827,0
112,9512937,700.0,535.2031210053309,True,2095.816385277987,485.0,2,11,12.086659356561748,0
160,7684091166,520.0,564.9269728681588,False,2251.8666075578326,120.0,4,16,15.937701676836307,0
101,4074522300,770.0,746.6751400844722,True,3206.044485443481,245.0,2,9,6.753932359362141,0
24,25476039,605.0,603.4776431922064,False,2454.257626759084,210.0,8,33,47.763664249072576,0
81,1309470395,1020.0,980.623554847881,True,4434.273662951374,330.0,12,3,5.48534839859271,0
130,506328368,565.0,612.053380594492,False,2499.280248121085,135.0,5,9,10.24814165103151,0
277,107831,305.0,338.0811352446583,False,1060.9259600344553,90.0,2,7,7.395848502910472,0
172,11582793599,340.0,397.9817180320136,False,1375.404019668072,60.0,2,12,15.707459626705287,0
86,25503707,360.0,438.6554230622358,False,1588.9409710767377,50.0,4,1,1.0684646832532705,0
28,25524243,725.0,734.7479508670936,False,3143.426742052241,210.0,3,8,11.3457235348983,0
76,25532841,555.0,601.6870724211693,False,2444.8571302111377,130.0,3,3,3.2114740374243698,0
212,21533909,870.0,715.1725365750341,True,3040.6558170189264,390.0,5,9,10.546695924229446,0
123,9515370,735.0,745.3699067882969,False,3199.192010638557,210.0,5,5,7.313127799081502,0
189,10041422362,540.0,572.1145522489854,False,2289.601399307174,135.0,5,16,23.913029740106285,3
265,265124953,515.0,525.3948772732133,False,2044.3231056843695,145.0,2,8,8.42134595706909,0
102,26699545,570.0,581.9563121761975,False,2341.2706389250357,160.0,7,5,2.350227280641058,0
103,25473300,490.0,519.3375539724403,False,2012.5221583553118,145.0,4,12,9.82446559146383,0
203,21665911,365.0,426.5897102743109,False,1525.5959789401313,365.0,4,52,57.89798155201331,0
9,7223638134,655.0,522.7575898795448,True,2030.47734686761,405.0,2,9,9.32770892414527,0
200,25507343,840.0,847.3982649390812,False,3734.840890930179,245.0,5,11,11.532897172032431,0
82,9295694734,1165.0,1106.0175502484685,True,5092.592138804463,390.0,9,12,13.926091237239902,0
116,26699551,410.0,432.41850993942245,False,1556.1971771819678,105.0,4,4,3.5481871379362824,0
262,435144778,430.0,495.59542462170276,False,1887.87597926394,80.0,5,4,4.247972385167626,0
44,5387300688,425.0,457.10906821569483,False,1685.8226081323985,160.0,5,5,3.4553367983413255,0
169,26652357,480.0,537.7582969352401,False,2109.2310589100107,100.0,3,2,3.3015105097172865,0
153,21665911,520.0,555.4838458054056,False,2202.290190478379,520.0,3,34,33.756461462672775,0
268,6262789333,240.0,329.84762201226306,False,1017.7000155643808,5.0,1,1,0.03777175351335168,0
58,11618689213,625.0,639.6973389022864,False,2644.4110292370024,200.0,5,4,4.663387438804924,0
175,12953571769,185.0,279.4280307156652,False,752.9971612572426,0.0,3,0,0.0,0
204,25500629,430.0,485.24190055045403,False,1833.5199778898839,90.0,5,5,4.912037846595103,0
99,21590631,235.0,311.92683356525777,False,923.6158762176028,15.0,0,0,0.4713639279716981,0
135,102020,465.0,504.0741402231359,False,1932.3892361714634,110.0,1,6,4.9180614839598435,0
62,1678452807,585.0,602.0120036252739,False,2446.5630190326883,200.0,9,10,7.005008843087826,0
11,311422343,700.0,720.3062799343653,False,3067.6079696554198,195.0,4,3,3.9720373952288854,0
131,25503802,955.0,761.9148621878376,True,3286.053026486147,430.0,4,18,12.041098921528281,0
201,25472136,995.0,964.6246316309164,True,4350.27931606231,315.0,10,7,6.541483163269345,0
14,9791495,435.0,500.70943105494666,False,1914.72451303847,80.0,2,3,2.59323043065305,0
235,9791495,805.0,764.9885866088613,True,3302.190079696523,350.0,9,10,9.309687326029339,0
107,12026767,915.0,759.88474933475,True,3275.394934007437,475.0,8,15,10.211224663695331,0
174,1215418493,960.0,933.9792001505143,True,4189.3908007902,305.0,8,10,9.836945619274069,0
154,603756849,755.0,763.4700823063763,False,3294.217932108474,220.0,3,5,2.8827838401297186,0
223,107797,630.0,664.5474696991151,False,2774.874215920355,160.0,4,7,6.9048877627537175,0
224,9791495,740.0,742.6438912209816,False,3184.8804289101536,220.0,3,5,5.42016176962486,0
6,108258,250.0,339.3713679505508,False,1067.6996817403915,10.0,3,0,0.19039563902390869,0
254,25472666,605.0,627.5390965063103,False,2580.58025665813,165.0,3,3,3.403949102721348,0
284,25504263,830.0,845.0683655418311,False,3722.6089190946127,235.0,12,6,5.351326579290873,0
196,26699545,405.0,430.88165485609363,False,1548.1286879944917,100.0,2,3,2.3134184770818402,0
124,273194,225.0,314.81507274941623,False,938.7791319344351,0.0,0,0,0.0,0
117,107319,380.0,443.7086553378975,False,1615.4704405239609,65.0,1,3,1.3430149243696616,0
13,21665367,395.0,420.61168987642435,False,1494.211371851228,120.0,1,12,9.866423520371239,0
52,25531990,785.0,756.7693711330023,True,3259.0391984482626,255.0,9,1,3.4732110900083732,0
81,9791495,90.0,204.50687000230343,False,359.6610675120929,0.0,1,0,0.0,0
184,25503707,675.0,676.9916992124034,False,2840.206420865117,200.0,7,4,7.729402404158003,0
257,1667203491,620.0,585.8132167847715,True,2361.519388120051,235.0,3,4,4.986212849859243,0
219,26699549,740.0,731.6128173836611,True,3126.9672912642213,225.0,5,6,3.226142320122919,0
230,1678452758,515.0,513.6660932279767,False,1982.7469894468763,190.0,4,18,16.02889371356781,0
46,1684410086,590.0,626.6131025972403,False,2575.718788635512,150.0,12,2,6.110794220852646,0
106,21651908,595.0,597.1009957221421,False,2420.7802275412455,180.0,3,10,13.052758729745591,0
263,282686499,755.0,642.1379898078026,True,2657.224446490964,595.0,2,21,18.692214396695316,0
168,1317156147,350.0,375.1083769455875,False,1255.318978964335,155.0,3,3,4.054809884805329,0
221,21665132,560.0,561.5297466602657,False,2234.0311699663944,165.0,7,6,4.396990995835618,0
86,14791188,100.0,211.78634614480544,False,397.8783172602284,0.0,0,0,0.0,0
142,25524240,1155.0,1103.131541381648,True,5077.44059225365,400.0,11,8,12.110612327730037,0
34,821341516,965.0,776.26148981761,True,3361.3728215424517,575.0,4,8,14.949371424620463,0
23,108258,780.0,718.9245175441174,True,3060.3537171066178,370.0,10,23,17.56891178824598,0
7,292252720,505.0,568.5349209957773,False,2270.8083352278304,105.0,3,1,3.0702601326824737,0
271,972535469,1045.0,994.1663259668467,True,4505.373211325945,345.0,5,3,4.92480287552612,0
146,282686499,800.0,646.6776810478405,True,2681.0578255011615,630.0,5,17,20.115074033147405,0
183,4216272817,600.0,490.5889076753005,True,1861.5917652953278,300.0,0,11,7.387156320579521,0
73,108045,345.0,388.43527103286533,False,1325.2851729225424,90.0,2,4,3.9053381707099795,0
286,105511,600.0,553.9597264226296,True,2194.288563718806,305.0,6,8,9.887059942558833,0
292,5932875003,510.0,534.6658409353261,False,2092.9956649104624,170.0,6,9,8.451443569763883,0
256,21665000,220.0,293.8451183475345,False,828.6868713245561,40.0,0,5,5.516716207155158,0
194,12725097483,350.0,434.558938983983,False,1567.4344296659112,45.0,1,2,1.8467999427638002,0
33,1938580083,550.0,593.6227978506612,False,2402.5196887159714,130.0,2,5,3.737463840242344,0
75,292252720,800.0,773.3018154247864,True,3345.834530980129,255.0,5,30,38.62245666706743,0
285,107801,360.0,386.77356023377183,False,1316.5611912273025,85.0,4,8,8.166924131102745,0
225,108025,405.0,460.7103951334757,False,1704.729574450747,80.0,2,13,14.499453206989536,0
138,21666019,415.0,456.44060107676535,False,1682.3131556530177,95.0,2,5,4.271834396231705,0
186,11582793599,335.0,405.4750145502732,False,1414.7438263889344,50.0,2,2,2.065073835513978,0
54,2934851453,835.0,839.9050888585316,False,3695.501716507289,245.0,3,4,6.050290493976192,0
97,4311813204,215.0,302.6695332455527,False,875.015049539152,0.0,0,0,0.0,0
125,255576,965.0,805.1430998192343,True,3513.0012740509796,485.0,6,19,17.02288319701908,0
108,4702603699,260.0,342.7774325145199,False,1085.5815207012295,20.0,3,0,0.0,0
275,1611442272,250.0,336.3035515592801,False,1051.5936456862198,10.0,2,0,0.24901400106826913,0
207,3887905014,195.0,288.22639489767073,False,799.1885732127715,0.0,2,0,0.0,0
215,8098784582,790.0,726.7270833851746,True,3101.317187772167,410.0,3,20,20.82759963350856,0
50,12437380988,330.0,396.014864878517,False,1365.0780406122146,55.0,1,1,2.238650672027734,0
151,26652119,665.0,690.7709839476896,False,2912.547665725371,180.0,2,8,7.72799361513357,0
21,5247841988,480.0,546.003699381987,False,2152.5194217554317,95.0,3,6,4.606086957588728,0
241,25472873,685.0,639.459525344721,True,2643.162508059784,270.0,5,12,12.399436952475137,0
239,25474676,625.0,629.8878609668776,False,2592.911270076106,180.0,3,3,2.7693942748275715,0
218,25472874,345.0,426.78169514739494,False,1526.6038995238243,45.0,4,0,1.3740658850331742,0
272,26559371,335.0,418.4221343751246,False,1482.7162054694045,40.0,2,4,1.9277940091536006,0
30,25533613,755.0,699.4975634416642,True,2958.3622080687387,365.0,8,15,20.813648528196893,1
244,5386341216,515.0,563.5767090617231,False,2244.777722574046,120.0,7,7,4.693458349269901,0
214,1667203548,965.0,826.0904789866058,True,3622.9750146796828,495.0,6,31,22.04790151883008,0
156,1115431319,1030.0,841.2062701998835,True,3702.3329185493913,620.0,8,18,17.020529760429426,0
171,812264838,545.0,558.7918926944029,False,2219.657436645614,150.0,3,16,21.98659618769461,4
255,6219635602,875.0,711.2866296606898,True,3020.254805718622,545.0,4,13,11.51512233581143,0
109,295907948,530.0,567.7327714474685,False,2266.59705009921,130.0,3,20,23.632165721499188,0
139,1694551549,670.0,696.4116984402162,False,2942.1614168111346,180.0,8,3,3.997675180354585,0
281,110011,585.0,605.0299397042658,False,2462.4071834473957,175.0,3,7,6.625759623053575,0
245,21590631,670.0,668.9218233206556,False,2797.839572433441,200.0,7,12,10.798948807070419,0
247,3077397235,420.0,487.8787521880199,False,1847.3634489871042,75.0,3,4,2.605583922003861,0
66,691084080,345.0,390.85885240977666,False,1338.0089751513276,105.0,3,10,6.02601350160861,0
81,9512915,90.0,203.65601812327176,False,355.1940951471767,0.0,0,0,0.0,0
100,108293,465.0,536.380378924908,False,2101.9969893557663,85.0,2,4,2.095524948024948,0
145,1614846683,600.0,584.923984351909,True,2356.850917847522,220.0,4,18,17.315319840205095,0
74,8421658424,770.0,682.5722034226525,True,2869.504067968924,435.0,5,5,12.935858298375662,0
28,742854915,190.0,285.16521502416435,False,783.1173788768629,0.0,1,0,0.0,0
259,1317156147,430.0,491.9394645070474,False,1868.6821886619985,85.0,1,3,5.314758977340295,0
35,3764054180,560.0,553.9749870388574,True,2194.3686819540017,170.0,8,10,7.150475549923113,0
56,108045,500.0,560.0190356152009,False,2226.099936979804,105.0,5,4,2.9137528701970674,0
37,25473284,360.0,416.9914076991117,False,1475.2048904203361,65.0,4,7,7.4753976880571695,0
226,109608,935.0,860.9631035135507,True,3806.0562934461414,415.0,9,17,14.191007948934875,0
148,333722489,250.0,328.1389174507294,False,1008.7293166163295,20.0,3,3,4.359673839508897,2
258,107786,585.0,626.7683928949604,False,2576.53406269854,145.0,5,3,4.340896736048734,0
16,101995,855.0,808.1668624698432,True,3528.876027966675,285.0,9,6,5.32811944231811,0
187,108045,485.0,545.0414752727535,False,2147.4677451819557,100.0,4,5,5.310559709386873,0
5,25498827,940.0,903.5680521612226,True,4029.7322738464177,320.0,7,14,11.27371842640896,0
1,107797,600.0,584.5643537839532,True,2354.962857365753,245.0,5,8,7.389598738823679,0
279,1278032912,635.0,634.266173596317,False,2615.8974113806653,240.0,7,7,6.062941557273495,0
110,1678452766,965.0,796.6913843112244,True,3468.6297676339286,540.0,8,12,14.244337918272905,0
27,25306041,835.0,851.9419482353892,False,3758.695228235796,235.0,4,5,6.889540653423067,0
269,2934851453,310.0,388.39900358515115,False,1325.0947688220429,35.0,5,4,3.7160075312746277,0
104,742854915,495.0,560.3900658290884,False,2228.047845602713,100.0,4,5,5.457386514822255,0
182,9512935,405.0,417.7354779696811,False,1479.1112593408254,160.0,2,14,13.063605930729874,0
105,4356591932,690.0,656.3838144813658,True,2732.0150260271703,265.0,7,7,5.795810788688393,0
274,25256616,745.0,738.8555692753952,True,3164.9917386958223,235.0,7,14,10.620149366084556,0
192,21665912,575.0,551.2347391957661,True,2179.9823807777725,245.0,8,15,16.073959845527828,0
250,26699551,495.0,541.1616144784741,False,2127.098476011989,150.0,6,6,8.16554544512987,0
190,25476020,645.0,534.76541803602,True,2093.518444689105,440.0,5,11,10.042403683101082,0
126,25472680,575.0,620.277760514713,False,2542.458242702243,140.0,5,13,14.019527972239429,0
161,1678452758,460.0,501.98531201022365,False,1921.4228880536732,105.0,1,7,9.886394023366964,0
163,6477034137,520.0,563.9990240524187,False,2246.9948762751974,125.0,2,9,6.420742818535184,0
198,9512933,540.0,574.0847618435856,False,2299.944999678824,135.0,4,9,9.162548376793838,0
166,25533438,590.0,631.7010805149814,False,2602.4306727036533,145.0,6,1,2.4691432739837,0
288,25532839,695.0,676.2381535164402,True,2836.2503059613114,285.0,4,5,8.703946596961234,0
80,26652351,535.0,553.7936381166277,False,2193.416600112296,185.0,5,2,4.212539738558388,0
212,701608618,240.0,333.86946409052143,False,1038.8146864752375,5.0,0,0,0.4769155722488375,0
153,108045,215.0,301.0625053078026,False,866.5781528659633,0.0,1,0,0.0,0
39,108895,910.0,822.564337413558,True,3604.4627714211797,385.0,4,17,16.98266494589397,0
103,21665911,230.0,319.2255366566649,False,961.9340674474902,230.0,1,29,28.815701490324933,0
96,25533578,590.0,610.3164584873225,False,2490.161407058444,160.0,5,1,1.9241881087672847,0
168,25522907,150.0,251.26833624349493,False,605.1587652783483,0.0,1,0,0.0,0
195,1684410094,330.0,405.44219109682126,False,1414.571503258312,45.0,3,6,5.565262402363532,0
78,1607738730,1080.0,924.7113333122336,True,4140.734499889226,430.0,8,11,11.942380133760926,0
177,21665583,645.0,666.9422383817557,False,2787.4467515042174,645.0,4,41,42.62254037140179,4
176,298205891,720.0,721.0049544511745,False,3071.276010868665,215.0,5,19,15.96479262630657,0
137,107793,410.0,458.85649186213345,False,1694.9965822762008,85.0,3,3,3.575799761769416,0
52,21665585,170.0,266.92558835709326,False,687.3593388747396,0.0,0,0,0.0,0
129,21665589,970.0,776.675962154136,True,3363.5488013092113,600.0,10,17,15.42406319866575,0
47,9791487,655.0,666.8940999998385,False,2787.194024999153,190.0,5,12,13.380758852125387,0
291,1666324140,790.0,811.7286504124118,False,3547.575414665163,220.0,3,5,4.908075876966664,0
170,25473616,600.0,640.8808537209433,False,2650.6244820349507,150.0,0,5,4.659666641285456,0
173,1685938741,580.0,587.7989495032153,False,2371.94448489188,165.0,5,10,10.75634711954955,0
263,5932875004,165.0,245.35838796729013,False,574.1315368282732,0.0,1,0,0.0,0
280,1094124402,550.0,599.3101680222866,False,2432.3783821170045,130.0,4,7,6.290227162879567,0
41,25472904,870.0,796.3029821422832,True,3466.5906562469836,370.0,8,15,14.74115696485189,0
48,25714232,420.0,486.29841155133226,False,1839.0666606444938,75.0,4,4,6.435582348841045,0
139,1317141252,105.0,202.59319699618584,False,349.6142842299756,0.0,0,0,0.0,0
71,9966771334,775.0,753.4520707660663,True,3241.6233715218477,305.0,11,10,7.248417793226859,0
143,8098784582,405.0,473.2104203838248,False,1770.354707015081,70.0,3,3,2.5499357038283605,0
70,5266874223,425.0,481.10305743032535,False,1811.7910515092078,85.0,4,2,1.8033083287870522,0
32,26651413,420.0,488.72759373234385,False,1851.8198670948057,75.0,1,9,6.152186163357795,0
165,25502544,890.0,741.1076192021754,True,3176.8150008114217,435.0,5,11,12.034801134026972,0
75,6173783039,150.0,243.56038289462495,False,564.6920101967806,0.0,0,0,0.0,0
235,8146829426,220.0,303.2656818654526,False,878.1448297936261,5.0,2,0,0.5819714682673345,0
26,25378119,340.0,414.57164280118315,False,1462.5011247062112,45.0,2,3,4.060255253693124,0
40,6313625295,540.0,487.4185003010258,True,1844.9471265803859,260.0,2,14,10.411074348989894,0
95,25471086,420.0,474.5384804572266,False,1777.3270224004395,85.0,5,4,3.9635565537585595,0
228,25504421,560.0,577.800969007828,False,2319.455087291097,205.0,4,9,6.669737741526955,0
180,108258,835.0,794.2127691875335,True,3455.6170382345535,310.0,8,8,8.903476277113826,0
62,3733175891,250.0,330.4504668552191,False,1020.8649509899005,250.0,2,36,38.292804880565235,0
1,21651908,95.0,206.2875792693153,False,369.00979116390533,0.0,0,0,0.0,0
213,110009,685.0,675.2798671244553,True,2831.2193024033904,230.0,7,17,21.03933188890144,2
79,194250,380.0,453.4043026460788,False,1666.3725888919141,60.0,2,10,6.506450655272133,0
289,14023072777,485.0,473.62545735031335,True,1772.5336510891461,245.0,4,4,6.1015943882774994,0
207,1685938727,160.0,259.509206346687,False,648.4233333201068,0.0,0,0,0.0,0
38,21665582,605.0,592.3899281690598,True,2396.0471228875645,605.0,13,38,41.295166154338695,0
87,9791492,840.0,683.1416073666926,True,2872.4934386751365,475.0,6,19,12.38522356582141,0
122,25532341,530.0,587.6911773242831,False,2371.3786809524845,115.0,4,2,1.8346743360905948,0
206,107319,390.0,459.95753308886816,False,1700.7770487165571,65.0,3,2,2.810325035905141,0
268,1678452820,280.0,341.65968204216114,False,1079.7133307213458,60.0,2,4,5.359929231856407,0
89,4301399715,815.0,741.5818360473037,True,3179.304639248344,340.0,5,7,6.529258184148152,0
120,21665582,470.0,496.02412625962756,False,1890.1266628630447,470.0,6,25,24.54140837568307,0
135,102025,270.0,368.39297691274555,False,1220.0631287919139,10.0,1,0,0.24499999999999997,0
115,10572785,590.0,596.3206557647668,False,2416.683442765025,170.0,2,9,9.862824764878336,0
128,5387300688,475.0,507.99325590699266,False,1952.964593511711,115.0,5,8,6.980445374192498,0
273,313181126,795.0,771.0431210673727,True,3333.9763856037052,320.0,4,8,8.025936313583399,0
144,26591531,740.0,729.2996165266763,True,3114.82298676505,270.0,8,9,6.729215839572286,0
124,5838132444,240.0,324.93910866999806,False,991.9303205174897,10.0,1,0,0.28207710303280803,0
236,25533613,1060.0,852.2278033105291,True,3760.1959673802785,565.0,7,21,14.26334500698728,0
12,21665582,675.0,694.8990830460359,False,2934.220185991686,675.0,5,50,58.92857483077839,0
101,11618689213,340.0,398.8418618049746,False,1379.9197744761166,85.0,2,9,7.95733657788535,0
209,10845640242,1140.0,899.0103422692512,True,4005.8042969135704,600.0,3,17,14.934207847434495,0
164,1630526800,545.0,597.981491504608,False,2425.4028303991927,125.0,2,2,2.1032326605126332,0
233,25620550,885.0,870.4174982064975,True,3855.691865584111,275.0,6,10,9.056385421288532,0
51,4784457202,615.0,493.8050386807199,True,1878.476453073779,395.0,3,12,9.327565442911537,0
260,10264011826,425.0,465.70599988529466,False,1730.9564993977963,95.0,3,6,5.627085828576853,0
55,534993866,515.0,540.6180551698252,False,2124.244789641583,155.0,8,2,3.7139950744742722,0
17,25495441,1040.0,830.977583268676,True,3648.6323121605496,545.0,6,14,13.412034186782764,0
208,1678452758,720.0,673.4268881858366,True,2821.4911629756425,290.0,5,20,22.032876614313015,0
191,8772951805,465.0,532.2799222532942,False,2080.4695918297944,90.0,4,3,3.7073447714687946,0
125,1493458889,195.0,292.57822022791004,False,822.0356561965277,0.0,1,0,0.0,0
181,108252,840.0,851.5367880944677,False,3756.5681374959536,240.0,13,10,7.732277738676284,0
14,4211515634,290.0,378.2565571882626,False,1271.8469252383788,25.0,1,0,0.8323717948717948,0
159,25257319,670.0,675.2631191279493,False,2831.1313754217354,240.0,3,3,5.39261517803724,0
60,11200374910,985.0,848.4245110142001,True,3740.22868282455,625.0,6,24,22.61828325243887,0
265,3140855387,335.0,390.1696792213763,False,1334.390815912226,60.0,1,2,2.2527081749795106,0
131,25473287,300.0,378.29786008264176,False,1272.0637654338686,35.0,2,2,1.9629194722287207,0
275,4956890447,205.0,302.0897531737652,False,871.971204162267,0.0,1,0,0.0,0
119,108300,735.0,773.0991516398707,False,3344.7705461093187,190.0,8,11,10.06700280025698,0
18,282686499,1045.0,825.1413116587124,True,3617.991886208242,770.0,10,49,48.072363140506376,0
91,4956890447,795.0,761.153908830974,True,3282.0580213626117,260.0,7,10,16.242708261939505,0
282,4962063593,775.0,740.6362042558901,True,3174.3400723434243,265.0,6,8,8.050792690327837,0
185,25257463,545.0,576.3690882608723,False,2311.9377133695807,140.0,3,5,4.458796588308086,0
58,822403,330.0,403.4735385977736,False,1404.2360776383116,45.0,2,2,2.4268553955427397,0
65,21665031,440.0,395.58095029517335,True,1362.7999890496596,265.0,2,9,10.414858500262195,0
113,9789808,430.0,412.1974539375619,True,1450.0366331721998,285.0,1,11,9.257087807017623,0
283,107799,615.0,559.308930610009,True,2222.371885702546,265.0,4,3,3.3618558786374817,0
36,292252720,510.0,577.514676315794,False,2317.952050657917,105.0,2,14,18.29742143912638,2
167,12026764,485.0,528.5211485347188,False,2060.7360298072736,115.0,6,4,5.5549211031093995,0
90,9295694734,580.0,629.4225368616203,False,2590.4683185235053,135.0,6,14,15.201372518416393,0
23,21665583,270.0,355.96960662991114,False,1154.840434807033,270.0,0,43,61.136041592445125,12
140,102030,915.0,653.6462351809682,True,2717.6427347000827,685.0,1,3,4.165,0
85,1612319349,415.0,493.89809356254705,False,1878.964991203371,65.0,2,0,1.630927000214252,0
46,9512933,290.0,354.2818781401751,False,1145.9798602359192,75.0,2,5,8.395777574695895,0
274,21665910,165.0,258.28740764093965,False,642.0088901149329,165.0,3,28,25.2512063319111,0
249,9398043798,435.0,502.93450957090613,False,1926.4061752472571,80.0,3,1,1.8688275178872336,0
179,2440634919,675.0,681.7116059263831,False,2864.98593111351,195.0,5,10,6.78951449097574,0
188,255578,825.0,724.2884864000182,True,3088.5145536000955,360.0,6,1,5.187290053550529,0
147,9806677456,475.0,521.9162379695898,False,2026.060249340347,105.0,2,6,5.863611003618885,0
4,25532341,840.0,769.6916618861599,True,3326.8812249023395,310.0,7,11,11.502313552352264,0
287,25378119,535.0,591.0442519642894,False,2388.9823228125197,120.0,2,3,4.235709339220804,0
277,1317156147,415.0,481.7750184756487,False,1815.3188469971565,75.0,6,2,2.199461803994748,0
88,5393414954,785.0,749.4102957904962,True,3220.404052900105,785.0,9,48,47.30973487966938,0
279,25502545,200.0,288.85440213739275,False,802.485611221312,0.0,1,0,0.0,0
118,1614846678,540.0,484.0399759893892,True,1827.2098739442938,260.0,2,14,13.516203942586387,0
68,1493424643,635.0,598.244560321438,True,2426.78394168755,315.0,9,5,6.207214656324915,0
24,25483808,425.0,502.0795155530643,False,1921.9174566535876,70.0,2,1,2.290420901705005,0
157,107809,565.0,565.955060828054,False,2257.264069347283,230.0,3,7,7.781904357457705,0
227,5453319326,630.0,615.3660516052055,True,2516.67177092733,245.0,6,19,16.74377924112174,0
64,255576,550.0,549.9292886204538,False,2173.128765257383,205.0,7,4,6.5256471894035375,0
1,742854915,120.0,223.04110991032786,False,456.9658270292212,0.0,1,0,0.0,0
253,2440630566,715.0,736.3647429398613,False,3151.9149004342726,195.0,8,14,12.662024791378458,0
290,108895,540.0,440.4659810881906,True,1598.4464007130005,485.0,6,13,10.560266146936788,0
98,4969460352,990.0,982.7264007365447,True,4445.31360386686,300.0,4,10,8.776218391169195,0
278,1696027870,1300.0,1066.7920077470956,True,4886.6580406722505,910.0,13,63,48.7398661885644,1
142,25503707,340.0,424.27535281844524,False,1513.4456022968368,40.0,4,2,1.0564151364475782,0
246,25257319,500.0,507.9666953560818,False,1952.8251506194306,195.0,1,4,4.214900778487437,0
261,108901,795.0,662.4676136334994,True,2763.954971575872,545.0,6,15,11.29968037502989,0
234,25505558,530.0,534.171358990963,False,2090.399634702556,190.0,1,22,22.446432045297076,0
21,2919558521,300.0,383.2607300451041,False,1298.1188327367956,30.0,0,1,0.3855767801205213,0
202,21665911,545.0,588.5703887033271,False,2375.9945406924667,545.0,4,45,45.953323385786966,0
94,489796745,835.0,823.2390733105226,True,3608.00513488024,255.0,9,6,6.655650231420735,0
220,25473300,540.0,508.44322632740017,True,1955.3269382188505,265.0,6,22,18.930381574050333,0
116,435144778,425.0,501.86228882874,False,1920.777016350885,70.0,3,2,2.211687213211371,0
266,108214,785.0,804.9293662709814,False,3511.8791729226546,220.0,4,6,7.354368611752012,0
26,14017207475,175.0,278.2639419311919,False,746.885695138757,0.0,0,0,0.0,0
43,107809,485.0,512.4012483094832,False,1976.1065536247877,140.0,3,3,4.049544126925815,0
288,25544130,215.0,295.3270055082911,False,836.4667789185281,5.0,0,0,0.0681681464457747,0
17,25257043,125.0,218.03997731181553,False,430.7098808870316,5.0,0,0,0.0,0
155,26559655,560.0,575.4846742984349,False,2307.2945400667836,180.0,7,6,4.484393827959706,0
20,3933844368,575.0,595.8947575184637,False,2414.4474769719345,155.0,8,5,5.505018486052143,0
127,109832,1200.0,1049.8885671321057,True,4797.914977443556,485.0,7,6,13.764144783161687,0
286,21665911,350.0,414.0857171138068,False,1459.950014847486,350.0,6,57,66.88649458634147,2
158,1025502817,980.0,824.279663350068,True,3613.468232587854,400.0,2,12,10.132114698511852,0
241,25476020,325.0,393.76464342709977,False,1353.2643779922732,45.0,2,6,6.132904483339477,0
240,25476041,585.0,607.0271122587336,False,2472.89233935835,160.0,4,17,9.936557133182934,0
49,1611442272,850.0,855.6328127073702,False,3778.0722667136934,250.0,14,9,8.20917874899516,0
237,1614846692,845.0,727.0884980710447,True,3103.214614872984,450.0,5,12,12.469443633374185,0
45,371564817,505.0,518.7248752533442,False,2009.3055950800567,165.0,2,17,16.679528586838657,0
84,1166056970,725.0,765.0545208834527,False,3302.5362346381257,185.0,8,8,6.187458042615495,0
10,5011388934,685.0,567.0420833022547,True,2262.970937336839,475.0,3,7,9.941059674277275,0
264,25378078,560.0,620.3152950368808,False,2542.655298943625,125.0,4,15,16.93642579743558,0
63,109634,695.0,730.4487986051042,False,3120.856192676796,180.0,6,2,2.5953904651821897,0
199,21665360,590.0,619.5459556378079,False,2538.6162670984927,155.0,5,4,3.068586732883715,0
130,1317156147,500.0,553.3508710691037,False,2191.0920731127935,110.0,9,10,8.18150297047219,0
242,25626680,710.0,747.4724108107143,False,3210.2301567562504,185.0,5,31,46.57178309778448,9
91,1666324140,135.0,239.01192859987188,False,540.8126251493273,0.0,0,0,0.0,0
254,8146829426,430.0,493.099289432672,False,1874.771269521528,80.0,1,0,2.058808581250545,0
284,14069254029,430.0,477.9429072216451,False,1795.2002629136375,110.0,2,6,5.442075911417916,0
30,25533613,350.0,422.7967587429696,False,1505.68298340059,50.0,3,2,4.000011059672945,0
146,107319,395.0,435.061224216697,False,1570.0714271376585,90.0,1,5,3.292949097736281,0
99,21665000,460.0,521.7048993092378,False,2024.9507213734983,90.0,4,5,4.332897857994804,0
197,1685938741,580.0,625.4379272039031,False,2569.54911782049,140.0,5,9,5.900640096354177,0
135,4222962185,190.0,290.6497618453056,False,811.9112496878543,0.0,0,0,0.0,0
224,5112906885,445.0,505.2271958482743,False,1938.4427782034397,90.0,3,15,14.086181234664478,0
184,12398519156,425.0,468.3478009632939,False,1744.8259550572934,95.0,1,10,9.89033132737457,0
134,294651404,1120.0,1011.8481560519135,True,4598.202819272544,415.0,9,11,10.369189908255036,0
216,25257810,875.0,859.3425791858834,True,3797.548540725885,275.0,8,12,10.737578873074053,0
283,9512937,150.0,223.4764652286821,False,459.25144245058095,60.0,0,12,19.566137539453077,0
31,1667203550,1195.0,971.1877229187412,True,4384.735545323387,545.0,11,13,8.811987544230487,0
160,21665585,545.0,572.9216693047113,False,2293.838763849733,165.0,4,1,2.2871948691560737,0
281,255562,360.0,437.51529702064994,False,1582.9553093584116,50.0,2,1,1.6984549180781339,0
132,21651908,850.0,846.9567248145567,False,3732.5228052764214,255.0,3,3,5.734865757175315,0
81,4969460352,355.0,319.69384833733056,True,964.3927037709857,295.0,1,0,0.30334010808165,0
186,1936062451,415.0,488.4065456095613,False,1850.1343644501976,70.0,3,3,2.5482312765878725,0
222,2271434264,830.0,775.3711009123223,True,3356.6982797896944,345.0,6,5,6.471086289776502,0
169,107319,525.0,559.1685911528182,False,2221.6351035522957,130.0,3,4,3.2222331431174642,0
83,5387300688,735.0,709.667313331564,True,3011.753394990711,260.0,6,13,12.685700997081977,0
9,25257324,525.0,570.6220982170233,False,2281.7660156393727,125.0,5,7,8.459935209699626,0
211,25507341,685.0,655.1120944759804,True,2725.338495998897,275.0,8,5,3.208469242667742,0
183,9515370,440.0,473.6271616145225,False,1772.5425984762414,105.0,3,8,6.298627378164523,0
205,104310,1115.0,987.7373017044449,True,4471.620833948334,525.0,8,21,19.947931809243734,0
196,9512926,475.0,538.3488075233678,False,2112.3312394976815,95.0,2,0,1.7840990471187568,0
105,4397152731,340.0,411.03760824913917,False,1443.9474433079804,50.0,3,10,19.319370009607066,3
29,5932875003,730.0,583.7818101714454,True,2350.8545034000867,390.0,0,12,9.02051762383872,0
18,4252666506,200.0,290.6564976716668,False,811.9466127762503,0.0,1,0,0.0,0
210,820634109,1385.0,1126.6442128810236,True,5200.882117625365,625.0,5,10,12.150908771404575,0
271,14728072,455.0,502.083237705114,False,1921.9369979518478,100.0,2,4,5.343226396593167,0
57,2941537158,605.0,591.131025026582,True,2389.4378813895573,270.0,4,26,22.837220420983666,0
185,452486137,200.0,291.89730348957295,False,818.4608433202583,0.0,2,0,0.0,0
107,1678452766,510.0,546.914688848934,False,2157.3021164569045,145.0,4,14,22.721072903165457,4
15,8787730925,895.0,903.7379198346467,False,4030.6240791318965,260.0,6,10,13.320417945720164,0
82,454368529,540.0,574.6369284451297,False,2302.8438743369306,135.0,3,0,2.14969233562316,0
260,822403,235.0,316.887063140226,False,949.6570814861868,15.0,2,0,0.3878221383541848,0
249,2947858564,180.0,267.11948327301917,False,688.3772871833507,0.0,2,0,0.0,0
239,294651409,420.0,474.33315550144846,False,1776.2490663826047,85.0,3,4,5.067199388366587,0
52,3077397235,310.0,369.29967338511324,False,1224.8232852718443,50.0,1,4,3.4062845654176486,0
265,9791492,220.0,298.20320441816625,False,851.5668231953731,10.0,2,0,0.6925917164529215,0
194,26591525,450.0,478.6749529047897,False,1799.0435027501467,110.0,2,0,1.4107443702874478,0
257,7737133469,480.0,481.9311178797316,False,1816.138368868591,175.0,7,35,48.8041626049403,0
145,13250138,385.0,454.20039062403475,False,1670.5520507761823,65.0,2,0,1.6581649727147045,0
209,13919763200,250.0,335.79255298790554,False,1048.910903186504,10.0,0,1,0.5261568207427395,0
272,822403,430.0,468.2117688572873,False,1744.1117865007582,100.0,6,3,2.8743636582631575,0
189,25544136,575.0,616.734053713119,False,2523.8537819938742,145.0,5,6,4.972498638539314,0
25,108901,800.0,800.0704435793396,False,3486.369828791534,235.0,6,9,9.66057977180445,0
133,1115431333,760.0,605.6798344590383,True,2465.8191309099507,505.0,2,11,10.448270706724534,0
111,3764054180,875.0,832.5972943846326,True,3657.1357955193216,315.0,5,20,16.32948437327835,0
39,34709162,340.0,416.1628858041017,False,1470.8551504715333,45.0,0,4,2.340570033509938,0
95,9294989287,300.0,378.9714666714985,False,1275.6002000253668,30.0,2,4,2.074293328710811,0
252,21665360,755.0,599.9796039222728,True,2435.8929205919335,410.0,4,14,9.467784787514724,0
124,107878,270.0,356.55729082498306,False,1157.9257768311616,20.0,2,1,0.6149024278997008,0
176,8752950708,345.0,415.1436164111132,False,1465.5039861583443,50.0,1,3,3.9905355889546428,0
61,21665911,680.0,614.3818557562707,True,2511.5047427204227,680.0,5,21,17.81139362494312,0
243,4956890447,1055.0,993.5221611055626,True,4501.991345804204,355.0,12,14,12.677238099162665,0
143,21665585,330.0,404.4053344876412,False,1409.128006060116,45.0,1,3,1.574567509503039,0
232,12026767,850.0,840.1266387005198,True,3696.6648531777264,260.0,3,11,13.554565148631525,0
154,107786,545.0,572.9357275716908,False,2293.9125697513773,140.0,9,11,10.189172010322409,0
174,108293,550.0,567.9078960709764,False,2267.516454372626,150.0,5,11,11.789596900580229,0
93,435144778,1350.0,1184.590433057191,True,5505.099773550252,580.0,4,7,10.200339538415461,0
248,5932883505,700.0,692.6280850403526,True,2922.2974464618515,280.0,9,6,4.5462963690744775,0
94,9791495,165.0,263.8709011978984,False,671.3222312889665,0.0,0,0,0.0,0
43,8145826353,160.0,263.2256573994957,False,667.9347013473526,0.0,1,0,0.0,0
112,25473373,640.0,597.9506186624208,True,2425.2407479777107,340.0,5,17,13.968586195159421,0
71,4709189403,345.0,420.5443970568162,False,1493.858084548285,50.0,2,3,1.8326616653602275,0
13,1614926348,545.0,587.374764987464,False,2369.7175161841856,130.0,5,2,2.558139414374698,0
276,107818,790.0,631.8700886048257,True,2603.3179651753376,425.0,3,7,10.651972345961767,0
50,6266808745,480.0,514.9951027667151,False,1989.724289525255,170.0,6,3,3.509760456643678,0
7,5932856688,530.0,569.9679601987864,False,2278.331791043629,130.0,6,2,4.960358480388855,0
22,7223704403,745.0,778.8536720578367,False,3374.9817783036406,195.0,6,6,7.559462989640362,0
238,109838,915.0,831.6752591892997,True,3652.2951107438216,445.0,10,10,5.747270825413571,0
152,2271434264,935.0,675.5411755705377,True,2832.591171745325,635.0,2,4,3.4781623931623926,0
108,9791152,505.0,535.1781534353757,False,2095.6853055357224,130.0,5,10,13.122249367568244,0
262,4784457210,620.0,487.0760822989514,True,1843.1494320694944,420.0,5,11,9.828245957817218,0
76,107863,645.0,516.1869315749412,True,1995.9813907684427,335.0,4,11,7.846887862002119,0
42,1612319349,830.0,839.938564970237,False,3695.677466093743,240.0,13,7,7.95021305813358,0
146,10544188931,140.0,243.08211382504115,False,562.1810975814661,140.0,2,18,23.58075565610153,3
256,9789821,535.0,568.0658480269827,False,2268.3457021416584,135.0,8,8,8.807874388325713,0
190,1607738730,430.0,492.24756956076493,False,1870.2997401940158,85.0,7,8,11.557533648016182,1
212,25473300,410.0,444.3340179630534,False,1618.75359430603,150.0,1,3,3.4911648038735965,0
155,25472873,190.0,284.55168428184805,False,779.8963424797024,0.0,0,0,0.0,0
149,21665911,735.0,560.3296631724376,True,2227.730731655298,735.0,1,36,42.33265893558116,0
44,4956890447,635.0,641.4947622912919,False,2653.847502029284,185.0,4,10,11.660810848642573,0
8,1614926340,740.0,619.2198260482323,True,2536.9040867532212,410.0,3,17,16.887561214333413,0
200,102041,645.0,693.166833414286,False,2925.125875425001,155.0,6,7,5.467408424925038,0
208,25256620,335.0,397.85418446973824,False,1374.7344684661257,55.0,5,4,2.8741351040062533,0
60,4956890429,320.0,408.47928527343225,False,1430.5162476855187,30.0,1,0,0.31916122706435357,0
168,25532839,420.0,485.95765306884124,False,1837.2776786114168,75.0,3,0,1.9885601815620408,0
142,1667203550,230.0,323.3323314659532,False,983.4947401962538,0.0,1,0,0.0,0
67,1309470394,1055.0,944.7887442100623,True,4246.140907102824,405.0,5,8,10.623839225137308,0
201,14069254029,635.0,647.7438226285035,False,2686.65506879964,210.0,8,12,14.903472810435238,0
162,12741759953,775.0,769.9845703122751,True,3328.418994139444,235.0,4,11,12.52183129131967,0
74,9522438168,485.0,527.150806091512,False,2053.5417319804383,135.0,7,8,5.6556860777391975,0
187,1317156147,480.0,539.8834639167954,False,2120.388185563177,100.0,3,1,2.4277832691312535,0
174,25475478,70.0,186.52174851754083,False,265.2391797170893,0.0,1,0,0.0,0
284,25256840,175.0,266.68856792047285,False,686.1149815824824,0.0,2,0,0.0,0
151,25531001,540.0,567.618578290488,False,2265.997536025063,140.0,4,5,4.330161146246091,0
102,11747638084,680.0,616.6077504232551,True,2523.190689722088,325.0,4,18,16.71915858861779,0
244,21665584,535.0,548.5846134497552,False,2166.069220611215,150.0,3,0,1.6737347827264943,0
267,25533578,755.0,767.2257285571642,False,3313.93507492511,215.0,7,4,4.340372651177992,0
175,25473260,660.0,662.1621089483311,False,2762.3510719787373,195.0,7,4,4.236834714657053,0
72,21665000,715.0,688.2427195405313,True,2899.274277587788,290.0,5,13,11.661808390854082,0
59,21651765,885.0,696.5485304163135,True,2942.879784685648,495.0,3,2,1.8375000000000001,0
277,1616122178,290.0,356.29415123324446,False,1156.5442939745328,40.0,6,2,2.2083043084412486,0
166,10019788231,460.0,506.4447705263669,False,1944.8350452634263,105.0,1,2,3.302064146745205,0
270,104315,790.0,813.206893571499,False,3555.3361912503706,220.0,3,12,10.411843806908124,0
280,21665583,440.0,488.42335631484315,False,1850.2226206529263,440.0,1,52,73.61591326237271,3
251,108209,760.0,772.7043032549227,False,3342.6975920883433,240.0,13,11,10.771769537882246,0
2,2919558521,840.0,713.4574694924677,True,3031.651714835454,375.0,5,11,12.788489163281072,0
203,351788581,715.0,574.8210901682216,True,2303.810723383166,540.0,8,15,10.572197371914015,0
29,26699543,170.0,264.6824034073408,False,675.5826178885394,0.0,0,0,0.0,0
28,1678452820,535.0,570.2935833805316,False,2280.0413127477923,155.0,3,10,7.073904587721139,0
137,25533321,485.0,532.3170183784554,False,2080.6643464868916,110.0,5,2,1.5384465424844023,0
112,5413338306,115.0,222.554746874814,False,454.4124210927734,0.0,2,0,0.0,0
156,9791491,590.0,628.911857397919,False,2587.787251339073,145.0,6,7,4.273097705887463,0
211,21544863,190.0,284.35508293965785,False,778.864185433204,0.0,1,0,0.0,0
6,452486137,680.0,541.6294670780986,True,2129.554702160017,525.0,4,8,10.513477616874262,0
85,8772951805,365.0,426.33434651317907,False,1524.2553191941902,65.0,4,1,1.1443397678753855,0
266,25502829,295.0,375.7913428119045,False,1258.9045497624977,30.0,1,2,1.39292564057831,0
110,107320,540.0,589.3104213873332,False,2379.879712283499,125.0,5,6,2.851010638297873,0
38,294651409,445.0,499.65576355360446,False,1909.1927586564236,95.0,2,3,4.004726780977053,0
12,21665580,430.0,338.81175650212714,True,1064.7617216361684,325.0,1,31,45.13654197382115,0
218,1667118171,605.0,615.56189859198,False,2517.6999676078945,170.0,5,7,7.601248864615514,0
53,110009,860.0,832.8463973292579,True,3658.443585978605,275.0,1,18,17.551074003672266,0
101,9512935,425.0,486.1014306943716,False,1838.0325111454504,80.0,1,5,3.8991219881494876,0
172,25257046,765.0,705.7831340721978,True,2991.3614538790384,270.0,9,1,3.9485467468598405,0
233,4216272819,430.0,486.78853724410294,False,1841.6398205315404,85.0,2,16,23.153285688418077,5
281,603756849,230.0,305.62494915246634,False,890.5309830504484,15.0,2,0,0.43814496351074855,0
106,7066266061,675.0,682.5298614121084,False,2869.2817724135707,195.0,5,23,17.590392370560078,0
121,1611442272,870.0,861.0132892769743,True,3806.3197687041165,265.0,7,10,9.310809398279542,0
214,25471086,615.0,479.0066156618672,True,1800.7847322248035,515.0,3,10,10.369715833993245,0
20,109579,305.0,389.99722118125214,False,1333.4854112015737,30.0,4,1,0.866280439107984,0
245,25533613,600.0,618.5715094809457,False,2533.500424774964,165.0,5,6,4.328809579748895,0
58,25473260,405.0,470.3563776723288,False,1755.3709827797252,75.0,4,12,16.10782733803376,2
161,26699549,540.0,589.7093659448987,False,2381.9741712107175,125.0,4,1,2.9397105977723412,0
227,1619354251,340.0,408.64666882890003,False,1431.3950113517242,50.0,1,1,1.6630120130168309,0
250,9791152,555.0,551.7886222369859,False,2182.890266744176,165.0,2,4,3.7956679732697975,0
69,298206178,1175.0,1023.1445851584069,True,4657.509072081634,510.0,8,10,8.584091184995385,0
198,1852698146,540.0,577.4724755005038,False,2317.7304963776455,135.0,8,8,6.065426790318847,0
107,10019788231,215.0,292.75907013675953,False,822.9851182179877,10.0,0,1,0.8059436770672197,0
159,1678452758,440.0,506.5294553231503,False,1945.2796404465396,85.0,4,5,5.1333441229596195,0
207,3531897238,475.0,510.731941523318,False,1967.3426929974182,115.0,8,6,5.758341282261652,0
129,9522532106,530.0,564.6416673694866,False,2250.368753689805,130.0,4,6,7.701589018294747,0
55,2191480791,455.0,517.7034720995546,False,2003.943228522661,90.0,3,7,3.7096342512421425,0
77,9521022,870.0,734.7583263535648,True,3143.481213356217,410.0,2,7,12.114631669860609,0
274,12453538825,405.0,464.83731445547676,False,1726.3959008912523,75.0,2,0,1.3455923611739256,0
32,12292980260,520.0,572.7387718884006,False,2292.878552414102,115.0,6,7,5.981833219373663,0
153,311422343,545.0,577.9214640310737,False,2320.0876861631377,140.0,5,22,34.09843602952224,7
249,972535576,220.0,317.68827343509,False,953.8634355342228,0.0,0,0,0.0,0
136,7279228683,1150.0,922.8956287405359,True,4131.20205088781,620.0,5,18,17.924338382512815,0
259,12437379708,605.0,651.9386860395625,False,2708.6781017077024,145.0,7,6,4.0821959441091344,0
9,380494808,245.0,316.254369657416,False,946.3354407014344,20.0,0,3,6.730753275312446,2
73,9791495,690.0,713.040051737048,False,3029.4602716195013,190.0,6,1,3.5180621902400375,0
139,108258,525.0,563.7250707541765,False,2245.5566214594255,130.0,5,17,18.76457148802311,0
178,1614926348,995.0,757.4095039287774,True,3262.399895626077,650.0,7,16,19.11498011612747,0
14,26699543,460.0,522.3576879284063,False,2028.3778616241325,90.0,1,0,1.1473077685097735,0
173,102031,535.0,548.1137199323355,False,2163.5970296447617,150.0,2,7,6.572993439769597,0
37,1667118111,610.0,644.7422837254071,False,2670.896989558387,155.0,1,7,5.326887929014022,0
5,25533613,605.0,644.6993407765713,False,2670.6715390769964,150.0,5,4,2.5211468200829907,0
202,10041422362,365.0,435.30779258732395,False,1571.365911083451,60.0,6,10,13.811186942291805,2
88,1607738730,405.0,429.7531603280839,False,1542.20409172244,155.0,1,6,4.710761312676264,0
157,21533909,405.0,466.82221632455014,False,1736.8166357038876,75.0,5,2,1.6591653612213342,0
75,4784457202,550.0,573.7280584394508,False,2298.0723068071165,145.0,3,7,7.1735552925666655,0
292,108258,720.0,723.838219629441,False,3086.150653054569,210.0,4,7,5.443996514830671,0
260,110009,265.0,355.6483518876194,False,1153.153847410002,15.0,3,3,3.0864539800823483,0
46,107863,455.0,509.738752816759,False,1962.1284522879853,95.0,3,9,7.581051389401483,0
177,14017207475,585.0,620.2103551576838,False,2542.104364577841,150.0,8,5,6.056150942990877,0
204,25500807,800.0,805.3598251074096,False,3514.1390818139,240.0,7,6,8.096446463265764,0
47,2784682616,580.0,614.375836979829,False,2511.4731441441004,165.0,5,5,4.215670087029604,0
273,25472873,525.0,569.4045901410329,False,2275.374098240423,125.0,7,3,6.236809698110647,0
78,101995,595.0,605.7338691759921,False,2466.1028131739567,170.0,3,10,10.595768794494374,0
268,452486137,530.0,543.4719233757834,False,2139.227597722863,170.0,6,15,17.64200582733966,0
19,107878,1225.0,996.8594313527149,True,4519.5120146017525,595.0,8,13,16.83123310253771,0
288,25544119,395.0,458.20657139187665,False,1691.5844998073524,70.0,5,6,4.881470392765325,0
122,5393414954,545.0,593.2748961327866,False,2400.6932046971297,545.0,3,33,34.00080960480064,4
99,7787603288,345.0,420.8450928574914,False,1495.4367375018296,50.0,2,1,2.126833770174329,0
85,25501330,110.0,220.5888500012713,False,444.0914625066745,0.0,1,0,0.0,0
165,292252720,580.0,580.1535402196344,False,2331.8060861530803,240.0,5,3,4.915590649312698,0
255,10983187054,700.0,698.2724945183008,False,2951.930596221078,210.0,5,9,8.029570684994578,0
34,25626680,760.0,739.5774554397959,True,3168.7816410589294,240.0,5,8,8.863825882385196,0
18,108209,305.0,358.934422172101,False,1170.4057164035305,100.0,4,4,3.4191312386528905,0
228,25483808,575.0,573.9871013069703,False,2299.4322818615933,170.0,2,5,4.055655078012096,0
24,1678452820,450.0,516.8600753088945,False,1999.5153953716956,85.0,1,7,4.488210112439405,0
80,6914171275,620.0,668.1420985364416,False,2793.7460173163167,150.0,5,15,14.976662973684679,0
115,12437379708,550.0,576.9691923147426,False,2315.0882596523975,145.0,3,2,3.3060405732401033,0
141,25507040,1405.0,747.4350357880887,True,3210.033937887447,1265.0,4,0,0.24499999999999997,0
219,9921844608,785.0,660.8781678808808,True,2755.6103813746254,405.0,4,3,3.14101987356453,0
254,454212847,370.0,441.7680752803582,False,1605.2823952218805,60.0,5,2,1.6834168949551485,0
125,25476020,535.0,532.6796557404267,False,2082.5681926372404,160.0,4,2,1.4649381435112132,0
265,102031,300.0,382.20177202642014,False,1292.5593031387057,30.0,1,1,1.2022957072852976,0
278,25256620,430.0,490.04886283866017,False,1858.7565299029657,85.0,4,5,6.625768787716691,0
291,9791487,615.0,537.6491605342337,True,2108.6580928047265,240.0,1,14,10.963302788215985,0
48,110031,605.0,642.6268759369166,False,2659.7910986688125,155.0,6,7,7.666629882609276,0
23,25471089,500.0,533.4877167198091,False,2086.8105127789972,125.0,2,15,23.660044832579068,5
282,109836,520.0,549.8183748023828,False,2172.546467712509,135.0,2,10,8.134875161495813,0
148,1684410086,685.0,693.9753336919555,False,2929.3705018827663,195.0,2,6,3.6025663330625135,0
247,107799,705.0,566.8636687615157,True,2262.034260997957,405.0,3,7,9.166411999150473,0
169,380494808,335.0,401.97227337351853,False,1396.3544352109725,50.0,5,2,1.5698359007856821,0
28,25522558,150.0,246.6928336781874,False,581.1373768104839,0.0,1,0,0.0,0
275,2191480791,540.0,572.8300649846154,False,2293.35784116923,135.0,10,7,4.920339676315542,0
45,12391355483,410.0,458.9043387130048,False,1695.2477782432748,85.0,2,10,7.413792918629653,0
49,9512937,415.0,452.7409685323532,False,1662.8900847948541,120.0,1,12,14.152816420147305,0
193,1685938740,1050.0,841.3927434645146,True,3703.3119031886968,460.0,9,12,12.563781985511355,0
180,108073,605.0,610.7505214397456,False,2492.440237558664,175.0,0,9,4.850767106261314,0
109,12957095286,745.0,750.9697228524365,False,3228.5910449752905,215.0,4,28,46.04568682085093,10
221,1508437746,805.0,816.6524126422601,False,3573.425166371867,230.0,7,5,4.8913512270389825,0
8,21665585,235.0,328.6299193305417,False,1011.3070764853439,0.0,1,0,0.0,0
212,1667203511,250.0,338.5608237145187,False,1063.4443245012228,10.0,2,0,0.5695657427442604,0
39,9521031,320.0,401.2661711406422,False,1392.6473984883708,35.0,2,0,0.23145722876399236,0
199,25500900,425.0,453.86062333516895,False,1668.7682725096367,145.0,1,11,7.490998305295051,0
114,1607738730,960.0,774.1276810761217,True,3350.170325649641,480.0,2,11,9.665947235419141,0
269,6183125372,710.0,707.119886014539,False,2998.379401576331,215.0,0,15,9.452452691983765,0
163,14017207475,685.0,699.9827723818242,False,2960.909555004578,195.0,4,4,6.45315262734337,0
37,25473293,105.0,215.28688767065174,False,416.2561602709217,0.0,0,0,0.0,0
232,25475739,310.0,385.4026122795548,False,1309.3637144676622,40.0,1,1,0.8418110429533069,0
71,295907939,295.0,360.48087224133,False,1178.5245792669823,40.0,0,3,2.2931750400897952,0
140,9512935,545.0,584.3180219912524,False,2353.6696154540764,170.0,9,6,8.537105193312463,0
179,1616122178,535.0,584.3874863132954,False,2354.0343031447997,125.0,6,1,3.2809906374490754,0
89,9512908,610.0,620.0323058937909,False,2541.169605942401,175.0,2,8,10.378674211685757,0
244,9778345904,235.0,320.09941992297195,False,966.5219545956029,10.0,2,1,0.49202662472945713,0
138,9791487,805.0,802.4353905496523,False,3498.7858003856736,240.0,5,1,2.9384688604458242,0
130,82710879,435.0,490.4733848389129,False,1860.9852704042926,90.0,4,5,6.380424701693405,0
3,25476020,980.0,844.2853352063547,True,3718.4980098333613,455.0,5,6,5.508363223079388,0
256,21590630,280.0,364.0420195104493,False,1197.2206024298587,25.0,2,5,12.451842045548872,3
7,25472806,300.0,370.41018572053895,False,1230.6534750328296,40.0,0,8,12.45418205442204,0
120,25500807,620.0,652.4689588090775,False,2711.462033747655,160.0,5,7,7.361327407716009,0
4,1607738730,545.0,590.2937713472623,False,2385.0422995731265,130.0,4,10,6.026025437338995,0
261,25497435,495.0,549.495926346154,False,2170.853613317309,110.0,3,6,5.681283714490352,0
170,25544126,685.0,705.7174038736579,False,2991.0163703367048,190.0,6,6,3.6467212496290924,0
64,21665135,520.0,545.3991201600674,False,2149.3453808403533,135.0,2,9,7.898650051068685,0
190,10676305902,290.0,354.32411553558575,False,1146.201606561825,40.0,1,4,2.9458435530095164,0
14,1215418697,135.0,239.20008514106686,False,541.8004469906008,0.0,1,0,0.0,0
277,4215728338,245.0,332.955189952389,False,1034.014747250042,10.0,1,0,0.3887202225198851,0
246,1678452758,505.0,570.9425539473929,False,2283.4484082238127,105.0,3,2,3.5193846739702814,0
168,25472904,270.0,349.54167923450683,False,1121.0938159811612,25.0,4,5,6.974423587506324,0
86,108903,855.0,884.7557109165541,False,3930.9674823119094,235.0,4,9,9.397513557325164,0
263,25501330,685.0,699.2116190217369,False,2956.8609998641177,195.0,10,8,6.931257980646472,0
98,7959924383,515.0,552.6946168749528,False,2187.646738593503,125.0,1,6,3.452589655703635,0
143,108258,350.0,421.1365034331544,False,1496.9666430240607,55.0,1,9,14.922427047890128,0
102,11751472416,265.0,345.01633827324963,False,1097.3357759345606,20.0,2,0,0.628279813636789,0
77,109391,160.0,264.1564581073156,False,672.8214050634069,0.0,1,0,0.0,0
66,107786,780.0,788.9015204860399,False,3427.7329825517104,235.0,6,12,10.397088128235149,0
6,102035,220.0,314.96888425256657,False,939.5866423259745,0.0,1,0,0.0,0
206,1614926333,660.0,681.5937409647037,False,2864.367140064695,185.0,5,11,11.426640650695411,0
251,255576,260.0,328.6473808868455,False,1011.3987496559389,70.0,2,6,7.207034800612445,0
38,1684410086,220.0,308.6013976925554,False,906.1573378859157,0.0,0,0,0.0,0
200,5932875003,310.0,385.0152315380767,False,1307.329965574903,40.0,3,2,2.905334250634902,0
54,677445939,845.0,864.1970204893116,False,3823.0343575688876,260.0,7,6,10.189835435332771,0
56,108895,785.0,760.672866210906,True,3279.532547607258,250.0,5,18,16.58091407326234,0
16,14069254031,780.0,693.7326173675282,True,2928.096241179522,290.0,3,15,18.32092125006082,0
183,109619,430.0,494.858596829632,False,1884.007633355568,80.0,4,0,2.3563541884203554,0
135,380494808,470.0,518.8303074985181,False,2009.8591143672202,105.0,5,3,2.7911987276798196,0
63,25473375,500.0,539.1887831556395,False,2116.7411115671075,120.0,10,4,5.819003907285579,0
11,25544143,945.0,753.5214930285895,True,3241.987838400092,615.0,5,19,17.466408132996957,0
258,12346819547,790.0,767.5686362499296,True,3315.7353403121274,370.0,2,3,5.989713220550998,0
237,1598214606,510.0,568.6944397416709,False,2271.645808643773,110.0,1,7,4.491802667414459,0
127,1938580083,530.0,582.7300263170786,False,2345.332638164663,120.0,6,5,6.3369485227561775,0
92,108902,1030.0,872.29660364713,True,3865.557169147431,605.0,7,12,17.34609695573892,0
234,1616713423,545.0,565.3113050941805,False,2253.884351744449,145.0,6,14,8.103508571525612,0
112,1685938739,250.0,330.80559668428174,False,1022.7293825924792,15.0,3,0,0.26099024891092765,0
126,435144778,765.0,729.25480225829,True,3114.5877118560234,250.0,8,32,56.73732795840546,11
257,25257319,420.0,485.27553352125665,False,1833.6965509865977,80.0,2,6,4.399560769310203,0
250,108258,220.0,312.6355664625699,False,927.3367239284916,0.0,1,0,0.0,0
35,25531001,800.0,787.63996775913,True,3421.109830735433,250.0,4,4,4.147277833495002,0
192,25544136,780.0,778.9789406788476,False,3375.6394385639505,230.0,7,12,9.998617720263573,0
253,109838,565.0,608.9997880717249,False,2483.248887376554,135.0,5,5,5.489683103214267,0
224,25505558,490.0,540.1542737712558,False,2121.809937299092,110.0,0,10,6.17948688900296,0
30,25473291,495.0,541.4869979275567,False,2128.8067391196737,115.0,5,2,2.7717704522875857,0
116,8772951805,550.0,604.5045862682231,False,2459.6490779081714,125.0,9,7,6.540452391334867,0
245,21590614,230.0,321.48828908005373,False,973.8135176702821,0.0,1,0,0.0,0
134,9512922,490.0,443.8410642321438,True,1616.1655872187553,340.0,2,15,15.735263052374263,0
72,21665000,315.0,375.30214642023645,False,1256.336268706241,50.0,2,0,1.0758758689859802,0
217,14958918,1100.0,899.9797692097575,True,4010.893788351229,510.0,6,12,10.580250114281437,0
10,14728072,535.0,566.7365303862051,False,2261.3667845275786,135.0,2,8,8.264397236587177,0
286,107349,550.0,578.6536286524318,False,2323.931550425268,140.0,5,15,14.817538102907477,0
223,291924683,960.0,958.6276019333436,False,4318.794910150059,285.0,9,14,14.183150679743633,0
242,108895,535.0,586.8879756083055,False,2367.1618719436037,120.0,5,1,1.823590370032093,0
229,25498827,1075.0,1052.7518610416587,True,4812.947270468705,335.0,6,8,7.584149222586332,0
272,255562,450.0,517.3295718136527,False,2001.9802520216763,85.0,4,3,2.798055036065345,0
66,21665911,75.0,192.57556140996778,False,297.0216974023307,75.0,1,4,6.752239613594283,0
285,1614949613,915.0,788.1050433200926,True,3423.551477430487,560.0,5,14,16.695873473160795,0
266,25256330,290.0,372.0237035127268,False,1239.1244434418156,25.0,1,0,0.5192038980879385,0
209,26559368,465.0,486.3787209695964,False,1839.4882850903803,150.0,1,7,6.553028878449336,0
144,294651409,730.0,756.2779209286709,False,3256.459084875524,200.0,4,3,3.490103738047641,0
215,2440630566,915.0,829.6528543519797,True,3641.6774853478955,350.0,6,18,18.45236945467945,0
243,10019788231,460.0,472.5006916487396,False,1766.6286311558829,125.0,5,8,7.6339986255147965,0
276,333650017,435.0,506.2146498882023,False,1943.626911913061,80.0,1,1,2.199883516589127,0
233,9512924,305.0,362.4084793027677,False,1188.64451633953,50.0,3,3,3.3329913338522763,0
67,10845640242,385.0,442.66983599129026,False,1610.0166389542744,75.0,3,2,1.9004880152579835,0
123,108211,1065.0,1016.2723554850204,True,4621.429866296354,350.0,14,5,5.550980932220809,0
214,1230374510,300.0,376.82346047332913,False,1264.323167484978,35.0,5,0,0.36749999999999994,0
236,109838,755.0,794.6339268130482,False,3457.8281157685064,195.0,4,3,3.3277491676730104,0
95,14077667431,485.0,538.2900687263535,False,2112.0228608133566,105.0,13,1,1.7262342618175632,0
235,21665247,805.0,656.9370881309901,True,2734.919712687698,495.0,5,12,10.251727255029989,0
252,107806,490.0,550.1400844708987,False,2174.235443472218,100.0,6,5,4.843925953157925,0
162,26591525,400.0,470.6005248483258,False,1756.65275545371,70.0,3,3,2.231161821561531,0
142,9791495,410.0,482.2782219042713,False,1817.9606649974237,70.0,2,3,2.7281589670022406,0
291,4969460352,205.0,296.8540996758381,False,844.4840232981499,0.0,5,0,0.0,0
62,6312042614,790.0,799.7494148847076,False,3484.6844281447175,230.0,7,9,7.225447360284497,0
236,9521022,10.0,142.31275897431746,False,33.14198461516658,0.0,0,0,0.0,0
146,25375812,440.0,452.760733814547,False,1662.993852526372,155.0,3,5,5.546449173039759,0
240,25498869,620.0,677.3621905220401,False,2842.1515002407095,145.0,7,2,4.329061334126837,0
93,21665585,480.0,524.333291141128,False,2038.749778490922,125.0,5,3,2.6365029364217647,0
3,25473300,160.0,260.0891051874075,False,651.4678022338892,0.0,1,0,0.0,0
170,11747638084,145.0,230.16517654466782,False,494.36717685950595,0.0,1,0,0.0,0
219,108045,220.0,319.9322072606845,False,965.6440881185933,0.0,2,0,0.0,0
210,25257044,550.0,584.0438784320374,False,2352.2303617681955,140.0,4,5,5.016432425487485,0
25,317930380,520.0,569.7989299563184,False,2277.444382270672,120.0,5,16,20.783442994292457,0
119,5323721998,760.0,773.9868184233086,False,3349.4307967223695,215.0,4,1,3.0662446726234363,0
32,3557235449,320.0,405.0201011578517,False,1412.3555310787217,35.0,3,3,2.0422048625617215,0
69,1694551549,340.0,421.24483286907,False,1497.5353725626178,45.0,5,1,0.866115502732486,0
158,1230855633,650.0,609.1266872741783,True,2483.9151081894356,220.0,4,3,3.219619341602417,0
90,7223638134,745.0,639.4007713458847,True,2642.854049565896,455.0,4,14,15.203070582316013,0
49,107324,235.0,311.9729406897869,False,923.8579386213809,15.0,2,0,0.4524364225136225,0
100,25498869,955.0,954.133509201513,False,4295.2009233079425,285.0,8,12,14.727205125293413,0
188,11170906155,750.0,703.5047094614906,True,2979.399724672825,340.0,2,6,9.7972790048413,0
80,25257810,265.0,342.8056780005413,False,1085.7298095028416,25.0,1,0,1.078111781986677,0
26,5560616877,685.0,715.9290938933575,False,3044.627742940126,180.0,13,7,6.472320201788475,0
76,2191480791,495.0,521.4996999609797,False,2023.8734247951443,125.0,2,7,7.035791065768084,0
96,1678452778,895.0,793.0283970740875,True,3449.399084638959,530.0,7,14,15.104487902318388,0
34,452514378,275.0,340.7931288472655,False,1075.1639264481437,35.0,3,7,6.327129200771884,0
104,21533912,940.0,876.7165013293279,True,3888.761631978971,325.0,12,8,4.3921876213979285,0
220,25474664,695.0,698.1686947168389,False,2951.3856472634047,205.0,5,10,12.594296075152112,0
50,11329900032,520.0,558.3300966591304,False,2217.2330074604333,125.0,5,5,4.8599764049415315,0
227,25505558,380.0,452.85835337718294,False,1663.5063552302104,60.0,1,5,4.920507074304006,0
82,881888313,590.0,603.33916567227,False,2453.5306197794184,205.0,6,8,8.998084657151733,0
151,25471086,475.0,504.6983034140436,False,1935.666092923729,130.0,7,8,7.007519470860506,0
138,1685938741,230.0,324.31591661345493,False,988.6585622206385,0.0,2,0,0.0,0
106,534993859,390.0,454.73622399973266,False,1673.3651759985971,70.0,3,5,4.675407602997428,0
55,4347844156,370.0,432.9378861730433,False,1558.9239024084773,70.0,3,5,4.008769876275867,0
57,25544131,600.0,482.6422442112151,True,1819.8717821088794,395.0,3,12,8.953603027519092,0
16,489796745,175.0,273.9448104548223,False,724.2102548878172,0.0,1,0,0.0,0
15,21533908,600.0,625.142387840976,False,2567.9975361651245,160.0,1,25,41.75772922212499,8
81,109838,630.0,494.52429521517934,True,1882.2525498796913,385.0,2,7,8.940771170958978,0
269,25473423,250.0,326.07722704780804,False,997.9054420009927,35.0,1,0,0.32768317462141305,0
40,25306041,890.0,747.0334198937827,True,3207.925454442358,555.0,9,18,22.839220225582984,0
292,25417428,340.0,402.2792960577972,False,1397.9663043034352,55.0,0,3,2.5444914679665467,0
216,21665911,655.0,685.6404574502319,False,2885.612401613716,655.0,5,43,35.801865116290585,0
173,107812,375.0,423.9574926501131,False,1511.7768364130943,75.0,0,5,4.49868180943016,0
5,26559655,370.0,427.3271585028666,False,1529.46758214005,70.0,3,2,3.81128636240459,0
262,1630526800,540.0,576.4020656952933,False,2312.1108449002886,135.0,3,3,6.229452015737998,0
287,9789819,785.0,778.0073056485239,True,3370.538354654748,240.0,5,5,7.4788466219651095,0
64,4222962185,235.0,316.97927630539994,False,950.1412006033498,15.0,1,0,0.43994343085041004,0
161,21665583,415.0,456.47686410804846,False,1682.5035365672536,415.0,4,51,71.09714888633366,3
263,25531001,235.0,328.28535368421893,False,1009.4981068421497,5.0,4,1,0.15123757545825126,0
271,11329900032,630.0,647.3842743204744,False,2684.7674401824916,175.0,10,11,8.505197240702012,0
248,9167793401,570.0,619.5835669293618,False,2538.8137263791496,135.0,5,9,6.749624655862871,0
185,1936062451,625.0,677.362805505343,False,2842.1547289030514,150.0,6,8,7.357936043771537,0
279,281454988,780.0,638.1643490454169,True,2636.362832488438,525.0,4,12,10.637399806473168,0
133,5393414955,610.0,618.2498276773734,False,2531.811595306211,610.0,6,27,38.34663885199062,0
231,669891670,1395.0,1172.022611933428,True,5439.118712650499,695.0,12,32,36.8291101991401,0
242,12026767,165.0,264.70318750450525,False,675.6917343986527,0.0,0,0,0.0,0
180,9512937,305.0,381.3605704406811,False,1288.1429948135756,35.0,3,3,2.238459766306775,0
284,2450775063,520.0,566.1945113157483,False,2258.52118440768,120.0,8,6,6.164987813818949,0
249,2214957485,415.0,478.0854479418758,False,1795.9486016948479,80.0,2,10,6.139742778265274,0
160,25533613,680.0,700.8682172823073,False,2965.558140732116,185.0,4,5,6.897191895663957,0
103,1188884060,965.0,941.8819112042752,True,4230.880033822443,335.0,7,8,7.509022465253876,0
154,14727249,600.0,473.66212581289915,True,1772.7261605177214,270.0,0,7,6.945247505838937,0
4,7013554275,275.0,344.6967505784402,False,1095.6579405368109,30.0,2,0,0.5124433222563528,0
137,26699551,475.0,519.6109787195494,False,2013.9576382776343,110.0,5,5,6.21620252412579,0
189,1316072261,635.0,665.2121305964685,False,2778.3636856314615,165.0,6,9,9.119639678237185,0
178,25500629,410.0,473.9790231535974,False,1774.3898715563869,75.0,2,4,3.8298807261923167,0
41,8972731452,950.0,942.6300448372499,True,4234.8077353955605,290.0,6,4,5.5020484286951765,0
172,1694551549,465.0,513.7595254542902,False,1983.237508635023,105.0,2,2,2.25701119431113,0
234,108252,235.0,322.8674459247542,False,981.0540911049592,5.0,0,0,0.19579059829059825,0
45,6940295978,335.0,412.5621722099939,False,1451.9514041024684,45.0,1,2,1.9918648782318638,0
85,338504646,375.0,443.904690482737,False,1616.4996250343695,60.0,4,2,4.090020269160371,0
127,506328368,240.0,328.8292916345265,False,1012.3537810812643,5.0,1,0,0.17353816146722356,0
84,25532839,750.0,743.1494018717895,True,3187.5343598268937,225.0,3,6,9.32376554434772,0
182,7198096092,1030.0,850.5271515404928,True,3751.267545587584,430.0,6,23,21.74134465517366,0
129,500486430,445.0,509.44453793762045,False,1960.5838241725075,85.0,6,0,1.20888985786853,0
156,12159581182,495.0,563.2096268529148,False,2242.8505409778027,100.0,3,4,4.225715724389978,0
83,4397152731,690.0,717.1156817514843,False,3050.8573291952926,185.0,3,3,2.859630241124045,0
186,25476020,690.0,688.7241405051491,False,2901.8017376520343,205.0,4,4,4.204086299615704,0
63,10983187054,250.0,294.11409190097186,False,830.0989824801022,80.0,1,1,2.8233962715677317,0
153,102031,450.0,512.4315706361657,False,1976.265745839869,90.0,7,4,5.44418676850003,0
97,25524240,1115.0,830.462022055623,True,3645.9256157920217,755.0,7,6,5.661253223130288,0
213,6943750647,945.0,790.9991911880228,True,3438.745753737116,515.0,9,19,10.368365137112672,0
1,452417806,825.0,793.9591924383769,True,3454.2857603014777,280.0,3,11,14.655621402996463,0
11,25532843,260.0,347.56318103049034,False,1110.706700410074,15.0,2,1,0.5459483779584621,0
168,8752950708,300.0,385.0839059211761,False,1307.6905060861739,30.0,1,1,1.6670504216439639,0
274,5458472046,460.0,515.1262317244,False,1990.412716553099,95.0,4,2,2.1326622176867223,0
78,3887905014,405.0,462.09524993284924,False,1712.0000621474585,80.0,3,6,3.7522703699143154,0
105,534993866,700.0,699.9395335876131,False,2960.682551334969,210.0,5,2,4.864805717853656,0
198,268272727,485.0,403.17835578467054,True,1402.68636786952,355.0,1,9,8.101620106567493,0
150,452396959,1535.0,1005.0785177293785,True,4562.662218079237,1370.0,4,4,6.623643612803792,0
147,500486430,875.0,637.8609271727485,True,2634.7698676569303,680.0,6,31,29.664145206213615,0
136,10365737,465.0,524.0309756447162,False,2037.1626221347603,95.0,4,7,5.7363483762166725,0
164,11456439398,945.0,782.3340987109649,True,3393.2540182325683,750.0,6,46,49.16904624070858,0
177,102035,430.0,491.37359937595556,False,1865.7113967237665,85.0,2,3,6.782504577780166,0
115,25544131,400.0,470.4076579176265,False,1755.6402040675393,70.0,4,6,5.311140408892097,0
140,6273263209,350.0,419.7052462749649,False,1489.4525429435657,55.0,5,2,2.099223500007289,0
181,5932883505,940.0,634.4639944885347,True,2616.93597106481,845.0,3,46,59.291258925492826,0
261,1316072128,330.0,412.93002516702546,False,1453.882632126884,40.0,2,1,0.8263635919580029,0
143,11751472416,320.0,391.1317898820175,False,1339.4418968805917,45.0,2,1,1.4227852269607382,0
91,21665000,785.0,582.8576225072799,True,2346.002518163221,570.0,3,14,16.109733121133427,0
118,25496815,870.0,812.8331560478847,True,3553.3740692513957,300.0,6,12,12.656849645847663,0
87,6521923987,980.0,734.4668346388171,True,3141.9508818537893,670.0,2,23,30.180621571147018,0
70,27503587,1015.0,972.07568119899,True,4389.3973262946965,330.0,8,10,8.013099874531743,0
194,25257284,710.0,742.2128982634372,False,3182.6177158830465,190.0,9,7,5.894964950163783,0
131,4956890447,940.0,813.1134713806086,True,3554.845724748194,535.0,8,22,26.787347690642022,0
244,3810553686,360.0,403.60995684273416,False,1404.9522734243546,75.0,4,2,4.45643207091123,0
205,24973086,735.0,741.4358616527222,False,3178.538273676791,215.0,4,14,11.994002209621643,0
238,25476020,655.0,590.8355186614507,True,2387.886472972618,260.0,4,1,3.435144515423367,0
108,25504263,645.0,691.1372620311134,False,2914.4706256633453,160.0,6,2,2.5526508115254583,0
159,6250501803,505.0,546.5401236836868,False,2155.335649339356,125.0,5,4,6.41568239626802,0
47,669891670,450.0,514.0868675725944,False,1984.95605475612,90.0,4,11,17.84678075763962,4
23,1938580083,415.0,474.0745815216655,False,1774.8915529887433,80.0,10,9,4.3440339472239735,0
232,5932875003,375.0,424.034962944516,False,1512.1835554587094,75.0,3,1,2.108958786748882,0
74,25533578,615.0,638.7091062673746,False,2639.222807903716,175.0,1,7,2.980966760099554,0
65,21651908,935.0,887.9796959870699,True,3947.8934039321166,310.0,8,6,10.009740387099807,0
187,9512925,615.0,624.6765668734056,False,2565.5519760853795,175.0,2,3,4.539295211104342,0
224,9515379,295.0,375.8181425474414,False,1259.0452483740673,30.0,0,1,2.8027580743123357,0
202,25473293,490.0,525.864189264123,False,2046.7869936366458,120.0,6,6,5.371968920206722,0
122,12725097483,450.0,517.2728499054389,False,2001.6824620035543,85.0,3,3,3.7193913384847406,0
42,1684410086,655.0,667.6469464073023,False,2791.146468638337,200.0,7,7,8.750128296705933,0
171,317930344,1160.0,877.2559863825977,True,3891.5939285086342,705.0,10,29,32.431030545261024,0
14,1667203511,360.0,429.8533115245062,False,1542.7298855036581,55.0,6,1,1.6399469062466734,0
56,293812285,325.0,387.6601207366807,False,1321.2156338675732,50.0,3,6,4.906517688037141,0
21,26652351,870.0,710.5256148693472,True,3016.2594780640725,475.0,6,7,10.005965193273903,0
204,12652780908,475.0,539.2025979286029,False,2116.8136391251664,95.0,4,2,5.203112956634047,0
282,7066266061,435.0,499.9411645495729,False,1910.6911138852572,85.0,4,6,4.377136393220526,0
13,1607738730,695.0,694.4502251831877,False,2931.8636822117355,205.0,5,6,5.66157279451735,0
267,21665367,630.0,648.1242595014155,False,2688.652362382429,175.0,4,9,12.754601814291672,0
85,1666324140,85.0,197.93499150539316,False,325.15870540331406,0.0,1,0,0.0,0
86,3557235449,365.0,442.9461594988006,False,1611.467337368703,50.0,1,5,4.762282244208874,0
43,294651409,705.0,720.5178632249546,False,3068.718781931013,200.0,4,8,11.103218249243879,0
71,11582793599,405.0,474.0332491078784,False,1774.6745578163623,70.0,4,2,3.8441661666838227,0
94,109634,710.0,736.0334876637596,False,3150.1758102347367,190.0,2,17,10.590006543179552,0
8,6273263209,425.0,465.32036814188916,False,1728.9319327449186,95.0,2,4,3.000453856766933,0
170,3552338823,235.0,325.2313201167601,False,993.4644306129906,5.0,1,0,0.5974006555234497,0
226,109391,1140.0,973.1135644998739,True,4394.84621362434,455.0,10,9,10.893435335073555,0
221,2441998875,430.0,475.9522597845666,False,1784.7493638689741,95.0,4,2,1.306316590095968,0
52,13565582698,770.0,733.1321932680736,True,3134.9440146573884,255.0,5,13,10.47596558132737,0
121,2586635284,570.0,452.3368222829388,True,1660.768316985429,390.0,3,10,9.063677349454,0
31,4431563564,815.0,799.3600170236092,True,3482.6400893739496,255.0,4,18,11.569349352525352,0
99,26699549,490.0,525.0988560259245,False,2042.768994136103,160.0,1,11,10.666088901178428,0
215,2129184256,290.0,362.08700054365136,False,1186.9567528541695,35.0,5,2,2.368320401875776,0
89,9770373583,425.0,498.35304748808596,False,1902.3534993124508,75.0,2,1,1.5260170795155124,0
192,25475478,350.0,420.65019034331584,False,1494.4134993024081,55.0,5,1,1.0158409372472763,0
251,26651413,375.0,395.38364334931754,False,1361.764127583917,130.0,0,1,1.9793938863340261,0
250,1612319349,355.0,396.7757066426552,False,1369.0724598739394,75.0,1,4,3.7134219054897084,0
161,383974166,170.0,256.6650032889419,False,633.4912672669448,0.0,0,0,0.0,0
257,1612472593,365.0,440.8106377116476,False,1600.2558479861495,55.0,2,1,2.6696489530104417,0
268,12959453,515.0,555.6387296132305,False,2203.103330469461,125.0,2,9,5.5673242772674,0
163,823745,445.0,502.65331379915835,False,1924.9298974455808,90.0,3,6,3.3267539755393702,0
277,9789814,415.0,478.784131644986,False,1799.6166911361765,75.0,5,9,4.841534836506967,0
290,1612472593,930.0,873.0445689800996,True,3869.4839871455206,400.0,8,11,13.96065645917769,0
107,14727249,585.0,610.8875283004443,False,2493.1595235773325,155.0,2,7,4.731377860775933,0
101,454368529,615.0,648.4854246239311,False,2690.5484792756374,160.0,9,0,3.261278375355406,0
255,14069254029,510.0,566.1973687250966,False,2258.5361858067563,110.0,5,4,2.498454967340772,0
225,108209,1250.0,1014.0930122179976,True,4609.988314144485,540.0,9,34,36.61201272863672,0
237,4784457210,380.0,427.94365508056893,False,1532.7041891729868,80.0,2,2,3.646499700893279,0
283,9522438146,850.0,671.9453140186106,True,2813.712898597702,545.0,5,15,15.674069394445459,0
239,12650816262,805.0,672.3832198684498,True,2816.011904309361,555.0,11,13,10.805179740369804,0
211,9791495,630.0,559.2788064982852,True,2222.2137341159982,240.0,4,4,4.6549999999999985,0
176,26559581,775.0,764.3653992229818,True,3298.9183459206547,265.0,10,4,6.1254650110554385,0
196,25473375,825.0,753.3319718711546,True,3240.992852323561,295.0,9,7,4.716989599167696,0
18,1938580083,520.0,558.5611984627675,False,2218.4462919295297,125.0,3,7,6.0357057592320045,0
17,1667203543,925.0,862.9854479648789,True,3816.6736018156116,345.0,6,14,13.408185230363605,0
191,1678452758,1050.0,796.995849409452,True,3470.2282093996228,690.0,4,24,19.379040444038047,0
125,5323722004,510.0,487.29142867573483,True,1844.2800005476079,255.0,5,2,3.352937327774126,0
20,1611442272,615.0,663.7382176289632,False,2770.6256425520555,150.0,5,7,4.097830205343053,0
130,1230374510,455.0,493.5367685956353,False,1877.0680351270848,110.0,3,7,4.547235256581104,0
148,25472904,500.0,550.6992257508949,False,2177.1709351921977,110.0,2,10,5.067073541366798,0
235,1685938727,305.0,380.5406322485299,False,1283.8383193047819,35.0,1,1,1.370534188034188,0
259,4457798822,590.0,641.1228578331853,False,2651.8950036242227,140.0,4,2,3.289968378954278,0
33,14017207476,1275.0,952.0692544478785,True,4284.363585851359,910.0,8,40,48.67020296833604,0
202,9521034,85.0,197.62336699822345,False,323.5226767406729,0.0,0,0,0.0,0
254,25471098,520.0,554.576887079822,False,2197.5286571690663,130.0,1,2,2.4504713912848963,0
37,25500758,475.0,541.725480911784,False,2130.0587747868653,95.0,8,1,1.508317214700193,0
135,26652119,410.0,484.383487307085,False,1829.0133083621963,70.0,3,5,4.944586320606118,0
88,26652119,580.0,613.9532542175625,False,2509.2545846422054,180.0,4,3,5.165982709071372,0
11,25503725,145.0,237.62109188008654,False,533.5107323704547,0.0,1,0,0.0,0
79,4993728408,1105.0,942.6206734792072,True,4234.758535765836,645.0,10,27,27.966833819617314,0
165,526994269,545.0,596.4793141714636,False,2417.5163994001837,125.0,2,6,4.3230612090242095,0
92,10983187054,410.0,433.9819483206429,False,1564.4052286833758,105.0,3,6,2.470962433023028,0
152,11747638084,770.0,727.9701772696906,True,3107.843430665877,265.0,4,22,22.3652847782767,0
117,1843348265,1330.0,1021.680347047403,True,4649.82182199886,820.0,12,23,25.023927124429786,0
155,25507334,755.0,719.4261661303,True,3062.987372184077,265.0,5,2,3.033908108973432,0
260,25472904,575.0,601.0049806665401,False,2441.2761484993357,150.0,5,11,6.7957882372939,0
132,6521923987,875.0,724.8786247331901,True,3091.61277984925,530.0,3,20,18.507540183510226,0
169,25544136,520.0,573.4485322177951,False,2296.604794143424,115.0,5,6,5.31122436814269,0
284,12031865281,200.0,291.06829075787397,False,814.1085264788383,0.0,3,0,0.0,0
51,25503707,1090.0,881.2401566886874,True,3912.5108226156062,640.0,7,25,22.761129060066473,0
222,3085005064,865.0,706.2261195043443,True,2993.6871273978068,520.0,8,10,11.150358264741445,0
27,1409010786,1210.0,992.4811092881766,True,4496.525823762925,515.0,11,30,26.928064738457245,0
289,4956890447,1115.0,970.2860785657646,True,4380.001912470266,635.0,11,27,29.195557137982885,0
41,5932875004,190.0,284.36545821678345,False,778.9186556381133,0.0,1,0,0.0,0
46,107863,580.0,582.71846952752,False,2345.2719650194804,245.0,3,13,13.861673414689685,0
36,1620855375,1050.0,963.860586613745,True,4346.268079722163,375.0,9,10,5.53272200007413,0
24,21665719,550.0,546.7371898430453,False,2156.3702466759864,215.0,2,5,6.6869384987051745,0
203,26699551,690.0,662.414436216462,True,2763.6757901364263,270.0,1,11,12.267250161121956,0
230,11456439398,1335.0,1054.4345505468134,True,4821.781390370772,975.0,8,46,53.76854548358757,0
200,26699551,440.0,478.9732994693861,False,1800.6098222142764,135.0,3,10,9.37081824471351,0
124,21665000,830.0,648.5936588822802,True,2691.1167091319703,570.0,5,19,17.917506606507896,0
157,10996228332,600.0,474.56437015975575,True,1777.4629433387183,480.0,3,8,10.379018623514371,0
138,9789814,260.0,331.23950657218205,False,1025.0074095039558,25.0,1,0,0.9789529914529913,0
120,4328124794,485.0,526.859314305247,False,2052.011400102547,115.0,5,22,25.301506400943957,0
73,10572785,625.0,662.6275760375908,False,2764.794774197352,160.0,4,10,5.577966437580943,0
29,26699545,700.0,575.3291933046651,True,2306.4782648494943,355.0,2,3,8.123043327953122,0
64,273194,240.0,328.77158751872753,False,1012.0508344733192,5.0,0,1,0.5638708829379914,0
285,6270734170,390.0,467.6313924682858,False,1741.0648104585014,60.0,1,1,1.5281224153061064,0
109,820634109,530.0,571.6519869124247,False,2287.1729312902303,125.0,2,16,20.474153905715077,0
128,490253680,1120.0,902.4256968150175,True,4023.7349082788432,605.0,8,6,6.368128960182139,0
69,289996665,315.0,394.92257578224167,False,1359.3435228567685,35.0,1,1,1.2062181354116863,0
225,8421658424,65.0,183.95771463672642,False,251.77800184281367,0.0,0,0,0.0,0
201,26699545,770.0,714.380253037506,True,3036.496328446907,330.0,7,3,4.233568214678895,0
53,14958918,695.0,713.5645864104969,False,3032.214078655108,195.0,0,8,5.509611898849457,0
265,6173783039,575.0,626.7533573624743,False,2576.455126152989,135.0,3,1,2.326968826601021,0
224,25503707,155.0,248.161072772843,False,588.8456320574255,0.0,0,0,0.0,0
90,108236,340.0,421.3208062080412,False,1497.9342325922157,45.0,1,3,1.3832745648667097,0
288,25502545,610.0,616.6335509162803,False,2523.3261423104695,175.0,5,7,2.4132155484467996,0
216,25533578,290.0,374.00381347283746,False,1249.520020732397,25.0,2,2,1.5701040373341577,0
212,21665911,560.0,582.7456928939472,False,2345.4148876932236,560.0,7,18,13.85149815390572,0
175,25476020,780.0,643.2636990573651,True,2663.1344200511667,570.0,6,19,12.10933156690146,0
111,25257039,895.0,826.5759251585122,True,3625.5236070821898,360.0,11,10,12.22966854063704,0
137,1667203491,260.0,342.9702519779614,False,1086.5938228842972,15.0,1,2,0.6464246112454631,0
273,2191480791,630.0,603.8503002491794,True,2456.2140763081934,220.0,6,28,50.873205198537526,9
206,1684410094,510.0,494.7498124133394,True,1883.4365151700315,225.0,3,32,46.42558521755914,14
145,12198505,910.0,884.7158739028652,True,3930.75833799004,330.0,13,19,11.091965241855851,0
68,1614846678,1075.0,866.8247370982558,True,3836.829869765839,665.0,7,11,16.56139093969832,0
35,1616122178,485.0,527.3212572156408,False,2054.4366003821146,115.0,2,4,6.166970310213109,0
208,25714232,820.0,815.096379400742,False,3565.2559918538955,245.0,8,3,5.139989439493442,0
98,25472669,530.0,558.2956495748306,False,2217.0521602678605,135.0,4,2,3.6148992388242274,0
245,4784457202,485.0,548.6788059380075,False,2166.56373117454,100.0,4,6,5.104007585895326,0
61,14069254029,895.0,830.8295010864722,True,3647.85488070398,405.0,7,14,19.683350888802035,0
281,4222962219,735.0,740.4806667593996,False,3173.5235004868478,215.0,9,5,5.509936581442224,0
143,452236138,215.0,309.64204353265916,False,911.6207285464604,0.0,1,0,0.0,0
270,26699545,795.0,657.4733325854313,True,2737.7349960735137,435.0,2,13,9.386988627888497,0
97,107800,255.0,346.80408797931443,False,1106.7214618914006,10.0,1,1,0.6525859064898942,0
197,2453162764,995.0,965.2603788684345,True,4353.616989059282,315.0,8,8,7.202062065587581,0
9,26652117,705.0,687.1311241264015,True,2893.4384016636054,280.0,9,3,6.298701950697096,0
209,3764054180,455.0,517.8446359261405,False,2004.684338612238,90.0,4,5,5.266837568611867,0
219,6342450111,405.0,471.8012118616478,False,1762.9563622736512,70.0,4,3,4.751624846559309,0
228,3892184068,640.0,684.7863191336853,False,2881.128175451847,160.0,4,25,31.671093599814277,0
144,338501923,455.0,522.4380123181966,False,2028.7995646705324,85.0,2,7,5.803130209083134,0
258,25532844,515.0,555.3841004718997,False,2201.7665274774736,125.0,5,5,1.6531374687293772,0
75,25530312,680.0,693.1914083562724,False,2925.2548938704304,190.0,4,2,5.371301393338334,0
76,102035,370.0,453.5281715640624,False,1667.022900711328,50.0,3,4,4.020392520105224,0
4,823745,295.0,355.5821432077405,False,1152.806251840638,75.0,1,0,0.7273429154344417,0
264,3455988435,1030.0,894.8793959603098,True,3984.116828791626,525.0,5,20,18.52663635744935,0
133,110095,320.0,399.83585269519745,False,1385.1382266497865,40.0,2,1,0.7427061095902573,0
291,811961032,430.0,485.82019377724976,False,1836.5560173305616,85.0,2,7,7.707832355800927,0
167,109348,1150.0,982.0527759489111,True,4441.77707373178,510.0,2,16,14.091453706641659,0
253,4249404271,525.0,578.2178787884301,False,2321.643863639259,120.0,1,10,8.80264024587558,0
110,282686499,775.0,764.1158077154234,True,3297.6079905059737,240.0,5,14,15.867856335004376,0
146,1667203550,430.0,491.2980637496113,False,1865.3148346854598,85.0,4,2,1.5354847247755006,0
104,1493424644,380.0,449.8982430571295,False,1647.9657760499304,65.0,4,7,5.176616027294331,0
23,25495441,230.0,318.3561914195166,False,957.370004952462,5.0,2,0,0.12460016068223474,0
155,108903,115.0,221.58008399653673,False,449.2954409818179,0.0,1,0,0.0,0
195,1231977683,1280.0,1152.3064792469333,True,5335.609016046398,610.0,13,23,20.011614591854848,0
214,25501773,460.0,482.49404212855944,False,1819.093721174937,120.0,2,9,8.296725770851827,0
84,1230855633,300.0,379.62282745986585,False,1279.0198441642963,30.0,3,0,0.46585856379428486,0
127,25417431,300.0,387.49497345545524,False,1320.3486106411394,25.0,3,0,0.19702617591103083,0
232,8752950708,245.0,329.07404884185115,False,1013.6387564197182,10.0,2,0,0.8125090582659996,0
168,26559369,285.0,372.00237940887166,False,1239.0124918965766,20.0,2,1,0.36208782094025643,0
276,11618689213,480.0,522.1653605279461,False,2027.3681427717172,110.0,7,1,1.5198189386792627,0
16,108329,390.0,471.8955233135825,False,1763.4514973963082,55.0,4,0,1.3941422942178725,0
60,9295694734,885.0,868.2582044859512,True,3844.355573551245,275.0,10,22,18.88897681034762,0
166,7223638134,860.0,823.7837035453508,True,3610.864443613094,280.0,7,5,7.59989069567978,0
123,8843558776,490.0,532.8956277659883,False,2083.7020457714384,115.0,0,1,2.118835767443444,0
278,9371260474,690.0,656.9934856156511,True,2735.2157994821687,315.0,3,10,14.433981671534333,0
109,9512926,125.0,229.24128886484738,False,489.5167665404488,0.0,2,0,0.0,0
170,21665584,225.0,313.1435164249207,False,930.0034612308335,5.0,2,1,1.694022658839687,1
227,11052055761,405.0,479.1061307188952,False,1801.3071862741992,65.0,2,0,0.6124999999999999,0
235,2129184285,175.0,270.8889344651997,False,708.1669059422983,0.0,1,0,0.0,0
280,1619354251,860.0,768.1512926820446,True,3318.794286580735,385.0,4,51,80.46897506527056,16
126,108258,575.0,598.3527645292346,False,2427.352013778482,155.0,6,6,4.114299057413037,0
177,21651908,295.0,382.0256835952576,False,1291.6348388751026,25.0,1,0,0.8375735927957252,0
67,26699549,505.0,543.5126909297347,False,2139.441627381106,160.0,7,12,11.481615406556584,0
149,26607518,920.0,936.8907832013788,False,4204.676611807237,260.0,3,15,13.943477919225916,0
183,10019788231,595.0,618.8474982499589,False,2534.949365812286,160.0,2,3,4.728019692690395,0
42,26699544,270.0,336.4996549963077,False,1052.6231887306155,65.0,3,11,13.619534499043109,0
190,6762589361,635.0,675.5789405312108,False,2832.7894377888592,160.0,3,5,5.52608486747058,0
194,194250,295.0,357.09634157447636,False,1160.7557932660009,45.0,0,9,10.073439382123192,0
181,5932856688,305.0,376.1420368980573,False,1260.7456937148008,40.0,1,1,0.9441900701181253,0
212,25533613,110.0,219.41418441748453,False,437.9244681917939,0.0,0,0,0.0,0
44,102041,930.0,920.1536473573448,True,4116.8066486260595,285.0,10,9,6.396764867202448,0
234,333670399,355.0,413.5934315761304,False,1457.3655157746846,70.0,1,7,7.050804116350945,0
252,317930344,505.0,533.7065188187809,False,2087.9592237986003,130.0,4,6,8.823933279792447,0
221,454373621,255.0,340.941687376587,False,1075.943858727082,15.0,2,0,1.5482084170801471,0
83,4307559861,350.0,392.97324056041833,False,1349.1095129421965,70.0,4,13,31.390151252287236,10
2,5393414954,875.0,710.1313856128913,True,3014.18977446768,875.0,5,36,41.94692499691751,0
160,5932875003,385.0,438.03584624584647,False,1585.6881927906943,90.0,5,7,4.905584960505378,0
161,2191588310,235.0,319.7022358538768,False,964.4367382328534,10.0,3,0,0.0,0
246,2946815216,650.0,672.8221251281561,False,2818.316156922819,175.0,4,3,4.284960282812213,0
287,812264838,415.0,468.734295219653,False,1746.8550499031799,85.0,1,11,14.177683202606229,1
173,107818,420.0,488.5532266927014,False,1850.904440136683,75.0,4,1,2.399708493993868,0
277,107801,240.0,313.18322510269803,False,930.2119317891645,20.0,1,2,2.4344895987783017,0
50,107318,455.0,466.13395067382163,False,1733.203241037564,160.0,6,8,6.557805934488048,0
14,6943750676,295.0,387.37514312210953,False,1319.7195013910755,20.0,5,0,0.48999999999999994,0
223,12398519156,580.0,605.242256435377,False,2463.521846285731,160.0,7,3,3.4139593825999057,0
13,25533438,285.0,365.57038907234863,False,1205.24454262983,25.0,1,1,0.9706349092296094,0
103,4917827758,400.0,475.07760362902945,False,1780.1574190524038,65.0,4,3,3.8190178469821237,0
272,276502336,580.0,611.5533155131344,False,2496.6549064439537,150.0,5,9,5.345925363059317,0
218,109836,865.0,859.0068280446058,True,3795.7858472341823,260.0,9,16,11.440993737357966,0
262,25476020,430.0,497.85026454071794,False,1899.7138888387697,80.0,5,11,13.133463735350652,0
154,25501320,405.0,473.31994687253757,False,1770.9297210808224,70.0,4,1,1.5926797977902631,0
178,26652357,405.0,438.0884655324395,False,1585.9644440453076,110.0,2,2,1.7226681064168416,0
112,25471098,630.0,514.4510071399482,True,1986.8677874847283,575.0,4,9,11.102524676026873,0
217,1938580083,610.0,624.8936692368893,False,2566.6917634936685,170.0,7,1,2.5819643119337927,0
51,194250,210.0,276.678898760083,False,738.5642184904357,15.0,0,1,0.6221533734593705,0
77,25257402,670.0,719.953604349796,False,3065.756422836428,165.0,4,14,9.964963375164755,0
210,452169196,520.0,578.7461912106006,False,2324.4175038556536,110.0,3,8,7.294262720130587,0
106,14017207475,470.0,524.3530943366677,False,2038.8537452675046,100.0,2,17,16.5403673327037,0
48,21651765,755.0,776.8598058469107,False,3364.51398069628,210.0,4,5,5.0304682096406435,0
30,4239164192,630.0,600.3471562193794,True,2437.82257015174,255.0,2,4,7.401105785705911,0
114,5932883504,720.0,575.3730695776343,True,2306.7086152825796,355.0,5,7,8.205301617644084,0
80,6173783039,495.0,552.5073631247558,False,2186.6636564049663,105.0,5,3,2.902364845273935,0
186,1678452766,390.0,417.8220374363395,False,1479.565696540782,115.0,1,1,2.6424018943846077,0
153,21665006,385.0,451.86524898714197,False,1658.2925571824962,65.0,2,2,1.5293380144609103,0
140,701608618,355.0,416.41101072972765,False,1472.15780633107,60.0,3,0,1.7005726326731645,0
115,4311813204,365.0,431.8008413765356,False,1552.954417226813,60.0,3,6,6.661754109266676,0
72,25531990,625.0,602.7623271020251,True,2450.5022172856325,235.0,6,11,12.7941625962127,0
58,25632144,870.0,848.8510814662034,True,3742.4681776975685,280.0,7,12,9.88130989997827,0
20,21665367,250.0,327.59389692293985,False,1005.8679588454344,20.0,1,0,0.9390485848038255,0
54,351771449,665.0,677.6384209994593,False,2843.601710247158,195.0,8,13,11.158149799442674,0
241,12292980260,1170.0,1014.8985983826406,True,4614.217641508863,455.0,9,9,11.366185133627425,0
99,25473293,295.0,357.0339391587413,False,1160.4281805833914,45.0,5,3,1.8031562492188455,0
91,306499809,360.0,433.7081981816727,False,1562.9680404537812,55.0,2,1,1.869436403964031,0
238,25256253,355.0,425.94778447850604,False,1522.2258685121574,55.0,3,3,4.520284470670706,0
10,9791156,625.0,560.7332042482648,True,2229.849322303392,345.0,2,19,30.4099701907408,3
141,1502785422,785.0,807.1065856827589,False,3523.309574834483,220.0,7,5,5.578901468518169,0
275,12689154,765.0,790.5660850553181,False,3436.4719465404187,210.0,10,6,4.316082701377247,0
40,2784682596,480.0,529.2574410385986,False,2064.6015654526423,110.0,3,8,8.55453795381047,0
286,21665582,635.0,625.4550079818872,True,2569.638791904907,635.0,3,67,68.5994300967295,0
39,25473616,750.0,735.3820654268454,True,3146.7558434909365,235.0,5,7,7.686645992904546,0
273,25257053,185.0,279.3183623534058,False,752.4214023553801,0.0,2,0,0.0,0
118,107786,385.0,378.8179293627038,True,1274.7941291541945,185.0,0,5,6.5154888870607195,0
62,107797,585.0,613.6589742506446,False,2507.709614815885,170.0,3,8,4.434068235386731,0
215,26817585,325.0,416.73419318200945,False,1473.8545142055493,30.0,1,1,0.8570601497548176,0
105,862398887,415.0,453.3794217695925,False,1666.241964290361,125.0,1,1,1.0081060606060606,0
81,333650017,515.0,551.2662289817806,False,2180.147702154348,125.0,2,4,3.55393085721429,0
157,881888313,255.0,335.7710451272774,False,1048.7979869182063,15.0,2,2,1.2130847420231394,0
263,25522907,500.0,547.8606276499689,False,2162.2682951623383,115.0,4,12,10.478632287126727,0
283,194250,315.0,395.7246447679794,False,1363.5543850318918,35.0,2,2,0.9886348606996065,0
224,101999,230.0,325.8847114880844,False,996.8947353124433,0.0,1,0,0.0,0
28,26652351,810.0,784.5283185611316,True,3404.773672445939,340.0,4,4,5.947239228455298,0
138,25532841,270.0,355.24558169158075,False,1151.0393038807993,20.0,2,1,1.1120262548927828,0
243,821559,640.0,660.9443092405794,False,2755.9576235130403,175.0,4,5,7.6688561927071435,0
96,26559655,560.0,601.6938854307698,False,2444.8928985115417,150.0,7,8,7.482744562016194,0
74,881888313,405.0,453.52063576744877,False,1666.9833377791056,85.0,3,4,5.062911404400094,0
57,821428,540.0,572.2704521618346,False,2290.419873849631,135.0,3,1,4.291004002380259,0
184,25524248,1200.0,1094.3277074983514,True,5031.220464366347,480.0,7,14,18.29170847910545,0
247,500486430,825.0,750.196145908963,True,3224.5297660220526,395.0,2,12,12.699511842292901,0
169,289996665,295.0,378.99278214089685,False,1275.7121062397086,25.0,3,1,1.8372221671440248,0
12,110009,960.0,899.5932650757912,True,4008.8646416479055,365.0,9,15,16.232000164365733,0
253,14069254031,185.0,281.3530179529537,False,763.103344253007,0.0,3,0,0.0,0
153,3476508187,75.0,192.0612370822555,False,294.3214946818414,0.0,1,0,0.0,0
113,1953627794,1355.0,1084.7164679875536,True,4980.761456934647,680.0,7,35,40.8631518824803,0
188,11052055761,575.0,621.4825162654905,False,2548.783210393825,135.0,5,3,4.943567048288811,0
139,25257304,920.0,825.243196888227,True,3618.526783663192,340.0,5,1,2.934863540385628,0
248,25472162,525.0,575.9794299347083,False,2309.8920071572184,120.0,7,3,3.6629859263641764,0
227,255576,150.0,227.40275254731324,False,479.86445087339445,55.0,1,7,7.503125654957099,0
274,25503799,470.0,530.8471233539667,False,2072.947397608325,95.0,1,5,5.401398454807486,0
110,1666324140,210.0,306.45170437282997,False,894.8714479573573,0.0,1,0,0.0,0
234,3456413131,145.0,247.97364181871026,False,587.8616195482289,0.0,0,0,0.0,0
245,26652351,245.0,322.39813174056286,False,978.5901916379548,15.0,1,1,1.6628901571129409,0
59,255562,1045.0,810.304411961817,True,3540.0981627995366,520.0,8,22,17.658017565610418,0
268,21665582,375.0,423.94668486782587,False,1511.7200955560852,375.0,5,27,31.600416050844387,0
22,1685938740,1110.0,939.7972398462488,True,4219.935509192805,465.0,8,11,10.532882564223343,0
220,26652117,595.0,641.7151076243701,False,2655.0043150279407,145.0,3,1,2.334178637301948,0
267,333725798,410.0,479.2034322000713,False,1801.818019050375,70.0,2,4,3.658018535282454,0
172,108258,520.0,564.4819236795731,False,2249.530099317758,120.0,4,9,6.586411454495517,0
271,351788581,555.0,589.7910033845386,False,2382.4027677688246,140.0,2,10,8.480759955767532,0
15,25502834,585.0,609.7999589348738,False,2487.449784408088,155.0,2,4,3.931743168404555,0
32,1115431333,635.0,668.6314194983485,False,2796.3149523663296,165.0,6,3,3.4071878212835665,0
43,25257026,430.0,489.2780665568422,False,1854.709849423421,85.0,4,6,5.04627411477616,0
125,25504259,375.0,438.57359530806144,False,1588.5113753673224,65.0,4,4,2.96168406979809,0
49,9791152,630.0,650.2899933191635,False,2700.0224649256083,170.0,7,3,2.476650218136475,0
102,9791491,805.0,697.8151178839378,True,2949.5293688906704,315.0,7,3,2.093782395195042,0
122,21533912,460.0,515.6650661917862,False,1993.2415975068784,95.0,4,3,3.153455550714767,0
179,25476020,845.0,856.0990699243089,False,3780.520117102622,245.0,11,7,7.275387241254792,0
24,25532839,350.0,420.16501350108433,False,1491.8663208806922,55.0,1,2,2.6103679631204835,0
263,25522907,75.0,190.14253966644705,False,284.2483332488469,0.0,0,0,0.0,0
101,26699537,400.0,444.94214245642655,False,1621.9462478962391,400.0,6,17,21.742280935233804,0
198,9791152,515.0,555.5476924213493,False,2202.6253852120835,125.0,3,3,3.172737746887179,0
29,25417431,345.0,428.31706268102135,False,1534.6645790753626,45.0,5,4,2.3734993236623367,0
201,26559369,325.0,377.69830471561636,False,1268.9160997569852,60.0,2,7,4.936618555339009,0
242,107349,575.0,580.5658417121509,False,2333.9706689887917,205.0,9,5,6.426649909195884,0
249,4956890431,575.0,626.3476448954566,False,2574.3251357011472,135.0,4,14,12.988571491713692,0
132,21665360,375.0,434.46066430295207,False,1566.9184875904982,70.0,1,2,2.363542174092959,0
37,2271422636,390.0,462.62049028584875,False,1714.7575740007055,65.0,1,3,3.999948076533182,0
71,109838,460.0,528.5888817250395,False,2061.091629056458,85.0,4,7,4.544114458131592,0
151,25473512,630.0,649.8782713980305,False,2697.860924839659,175.0,7,9,3.633157721724942,0
9,8094426714,285.0,371.0049190033653,False,1233.7758247676675,25.0,1,5,3.592312273384088,0
22,25495442,45.0,166.46567006363034,False,159.94476783405923,0.0,0,0,0.0,0
119,9512940,680.0,708.9012671299465,False,3007.7316524322205,180.0,10,8,6.4261282495267436,0
229,21665000,760.0,671.6594571953577,True,2812.212150275628,360.0,8,8,8.600763275228445,0
17,25544136,410.0,444.8953473199914,False,1621.7005734299541,150.0,3,9,4.990434494126272,0
82,9522438146,640.0,600.2629367632392,True,2437.3804180070047,330.0,2,16,16.899434739721258,0
199,25378129,885.0,883.8306131337126,False,3926.110718951991,265.0,8,6,7.472110136984907,0
130,21665583,405.0,469.1613237243937,False,1749.096949553067,405.0,4,51,71.27351800770172,12
250,1684410076,445.0,475.30633201251925,False,1781.3582430657254,110.0,4,6,3.322506054288089,0
248,9178184328,80.0,194.07610576304657,False,304.8995552559946,0.0,0,0,0.0,0
174,25524243,1120.0,920.1627781603917,True,4116.854585342058,695.0,4,5,8.508334057140596,0
222,3764054180,390.0,467.9186843988782,False,1742.57309309411,60.0,4,3,2.5912582577745567,0
163,1694551549,440.0,487.95763566614414,False,1847.7775872472566,95.0,5,8,5.314821628809514,0
112,1317156147,180.0,278.29919843360716,False,747.0707917764375,0.0,1,0,0.0,0
95,25507343,735.0,736.0842995155504,False,3150.442572456641,215.0,3,23,20.293259563669714,0
291,12959447,295.0,375.61821239217375,False,1257.9956150589114,30.0,0,4,2.0751794280347604,0
171,25257319,505.0,535.1498173087106,False,2095.53654087073,130.0,4,8,6.387530090029327,0
238,1667203543,165.0,260.71383800405954,False,654.7476495213123,0.0,0,0,0.0,0
52,25495441,475.0,539.3070459594474,False,2117.3619912870995,95.0,3,2,4.224884478054268,0
5,25473293,635.0,681.3643820855963,False,2863.163005949379,155.0,6,5,6.863302098749213,0
204,107807,500.0,554.1219654457831,False,2195.1403185903596,110.0,7,9,6.221825699222936,0
213,108901,570.0,594.5527145163481,False,2407.401751210827,150.0,5,4,7.521785160446644,0
70,107812,535.0,567.3840216038509,False,2264.7661134202176,185.0,10,6,4.520338258696333,0
69,2941537163,390.0,448.0330607841712,False,1638.1735691168985,75.0,1,7,9.748707161806898,3
261,21665360,550.0,593.6313646520351,False,2402.5646644231842,130.0,3,9,10.172324510353842,0
156,1678452766,595.0,613.2143367101851,False,2505.375267728472,165.0,5,13,8.251343020752786,0
35,1684410105,350.0,431.948621484921,False,1553.7302627958345,45.0,1,5,4.542638473138907,0
207,21544863,1060.0,869.2821539627683,True,3849.7313083045337,450.0,5,26,20.399942097669975,0
202,289996665,445.0,503.1109653791618,False,1927.332568240599,90.0,2,3,5.518668482617618,0
111,452589682,370.0,430.53496809372194,False,1546.3085824920406,65.0,3,6,6.2471473471609755,0
211,107801,475.0,494.17729178836345,False,1880.4307818889083,135.0,4,4,4.943433029915398,0
208,1616122178,365.0,427.5494553320894,False,1530.63464049347,65.0,4,13,23.16859214448285,6
236,1685751707,765.0,728.0233490792752,True,3108.1225826661957,290.0,3,14,17.772618826334437,3
100,1616122237,720.0,711.983811055031,True,3023.9150080389118,220.0,2,12,6.100163852997336,0
264,5630569619,345.0,418.1647056545687,False,1481.3647046864858,50.0,4,1,0.8743247545238637,0
53,26699544,410.0,439.15140785824855,False,1591.5448912558038,160.0,6,4,5.32898024542719,0
75,25505558,355.0,435.5074593318771,False,1572.4141614923547,50.0,2,2,1.445710671155618,0
282,5932856688,545.0,576.614425124572,False,2313.2257319040027,140.0,4,5,5.9323656035009025,0
137,1163913429,385.0,447.4116919288681,False,1634.911382626558,70.0,3,1,2.213868798159517,0
41,1843345666,455.0,511.37700214936126,False,1970.7292612841466,95.0,2,1,2.3275,0
256,10661209574,940.0,756.7238237130841,True,3258.8000744936876,440.0,4,12,12.850054636037358,0
289,9791156,455.0,523.0640616130867,False,2032.0863234687047,85.0,7,3,4.016766450541781,0
196,5487714091,495.0,529.8082124520114,False,2067.49311537306,145.0,3,4,3.9611347042173124,0
8,21665911,545.0,573.0380703046562,False,2294.449869099446,545.0,6,32,34.655028460998665,0
34,26845543,750.0,563.1444541499338,True,2242.508384287152,500.0,3,9,14.020931578687554,0
165,21665361,485.0,540.6814330297602,False,2124.577523406241,105.0,6,2,2.43945422938444,0
191,12957095286,505.0,519.196385729951,False,2011.7810250822426,205.0,3,9,10.052233664842689,0
292,3561398893,715.0,704.4668475637782,True,2984.450949709834,230.0,8,7,8.73627884027063,0
270,1607738730,390.0,455.3659714106516,False,1676.6713499059201,70.0,3,4,3.7007999343002873,0
183,9512908,315.0,392.6276934421425,False,1347.2953905712482,40.0,4,0,1.1373416749892313,0
266,107987,860.0,858.4322889031982,False,3792.7695167417914,255.0,6,3,3.7868494665609993,0
45,102031,670.0,632.1260632965849,True,2604.661832307072,270.0,2,10,10.439904722315214,0
66,25498869,865.0,837.8323594487697,True,3684.6198871060424,275.0,9,29,28.299962782106476,0
104,12725097483,375.0,437.1989812947561,False,1581.2946517974694,65.0,3,2,4.645800529537333,0
193,25500885,1010.0,868.6440193278595,True,3846.381101471264,445.0,5,14,13.929812904648557,0
133,25256273,385.0,445.31970645401384,False,1623.9284588835721,70.0,2,3,3.7784238716776626,0
180,101995,700.0,726.6910537330639,False,3101.1280320985848,190.0,5,5,4.406923822814262,0
3,14069254029,810.0,752.3977907562293,True,3236.0884014702046,280.0,3,9,12.166610363769346,0
10,6173783039,260.0,339.62539312814374,False,1069.033313922755,20.0,0,0,0.6015155898912119,0
78,2191480791,655.0,689.8547488748422,False,2907.7374315929214,170.0,7,8,5.832321893866286,0
102,25503802,145.0,252.25388247104456,False,610.3328829729837,0.0,1,0,0.0,0
61,6270734170,415.0,480.0038262955048,False,1806.0200880513999,75.0,6,1,1.7976246123358903,0
218,21533908,295.0,378.4777206218678,False,1273.0080332648054,30.0,1,3,2.7335186985727566,0
195,25497446,385.0,454.8550121435981,False,1673.9888137538915,65.0,2,1,2.214185448899269,0
55,1678452807,760.0,596.1728860622037,True,2415.9076518265697,480.0,5,7,12.810923461431603,0
94,3764054180,595.0,595.5488818951399,False,2412.6316299494847,195.0,5,9,9.405446706527973,0
54,9778345904,280.0,367.3823702160128,False,1214.7574436340676,20.0,1,1,0.5024667291829616,0
105,2833445980,245.0,310.28522214014407,False,914.9974162357565,30.0,0,1,1.2614105495593637,0
47,7066266060,635.0,679.6396069354544,False,2854.1079364111347,155.0,4,21,14.426639765259196,0
31,9512924,585.0,630.7278794620811,False,2597.3213671759268,140.0,6,5,2.1583721626309216,0
237,25257304,560.0,601.9674127517571,False,2446.3289169467253,135.0,4,18,16.116167467783637,0
223,1614846702,330.0,392.9015310322957,False,1348.7330379195525,50.0,3,2,2.654864311186031,0
265,25533129,490.0,549.2749855167709,False,2169.693673963047,105.0,2,5,6.830900177341896,0
60,6173754807,385.0,438.08189215772813,False,1585.929933828073,75.0,3,1,0.9683080300360138,0
222,10559192943,130.0,236.54654522013362,False,527.8693624057016,0.0,1,0,0.0,0
244,26699549,655.0,652.529247264853,False,2711.778548140478,195.0,4,4,2.510186378437887,0
240,102031,850.0,863.4451425588106,False,3819.0869984337564,245.0,7,11,7.934657551730294,0
20,108258,305.0,386.26334647761814,False,1313.882569007495,30.0,3,2,1.509981055798514,0
259,26845543,555.0,550.6310232972745,False,2176.812872310693,225.0,3,5,7.61582274192171,0
117,25472180,545.0,599.9236352667431,False,2435.5990851504016,125.0,2,4,2.1222957283280777,0
131,104315,665.0,691.3914511833664,False,2915.8051187126734,180.0,5,5,6.725208320076342,0
176,4171766884,580.0,624.224630849651,False,2563.179311960668,140.0,6,7,7.386815384158533,0
19,1317156147,1115.0,928.1567053021245,True,4158.822702836156,515.0,3,21,15.980494806991878,0
79,21665582,550.0,596.6906842239607,False,2418.626092175792,550.0,4,30,25.94057960870927,0
165,21665360,65.0,183.8347567285419,False,251.1324728248449,0.0,1,0,0.0,0
263,25496773,185.0,285.23523244527166,False,783.4849703376763,0.0,0,0,0.0,0
141,12957883928,305.0,372.69905410084095,False,1242.6700340294149,40.0,2,0,1.0902121119239019,0
23,4702603699,435.0,495.1961455975452,False,1885.779764387112,85.0,5,3,3.664139453852459,0
63,107807,725.0,585.3554428054725,True,2359.1160747287304,390.0,1,11,9.124330380144432,0
167,108045,450.0,503.9936190860641,False,1931.9665002018369,95.0,4,4,5.119842656243603,0
108,2337311458,680.0,711.3866638721579,False,3020.779985328829,180.0,9,6,8.11635230914371,0
268,25417428,225.0,317.1706401791242,False,951.1458609404017,0.0,1,0,0.0,0
56,21665000,665.0,667.840020969662,False,2792.160110090727,265.0,6,7,12.838832122664106,3
204,21665582,155.0,250.9007077588616,False,603.2287157340237,155.0,0,22,27.051620176412115,0
267,25532842,230.0,315.4510760398839,False,942.1181492093906,5.0,1,0,0.0,0
50,14077667431,365.0,430.0704752839624,False,1543.8699952408037,60.0,4,11,26.501086745144303,8
239,25502540,605.0,635.6877243488852,False,2623.360552831649,160.0,3,4,3.861070679265177,0
148,25544130,595.0,474.86525121006775,True,1779.0425688528546,400.0,3,7,9.932146190439015,0
30,2441998875,350.0,421.691879130676,False,1499.8823654360492,50.0,5,3,2.4473541445363605,0
173,21665911,380.0,445.1400088596067,False,1622.985046512935,380.0,8,9,11.31323069279848,0
16,3561398893,435.0,503.6262781212765,False,1930.0379601367003,80.0,2,2,4.362118866406705,0
232,812264838,445.0,510.3582682347623,False,1965.3809082325026,85.0,0,6,7.498709435592654,0
164,2784682616,720.0,666.1095088292814,True,2783.0749213537265,430.0,4,16,13.07725211926497,0
254,281454988,595.0,638.4763189464691,False,2638.0006744689636,145.0,7,4,5.7771635163420525,0
162,9791495,915.0,738.3468278316835,True,3162.32084611634,475.0,9,17,15.818733428756765,0
233,25306041,930.0,907.9395067359479,True,4052.6824103637273,290.0,8,9,10.093891981808435,0
93,25505558,905.0,789.5124555256288,True,3430.9403915095527,360.0,9,7,5.391554330646778,0
279,108073,815.0,723.0224135983101,True,3081.8676713911286,315.0,4,4,4.93836171774369,0
221,881887811,410.0,475.97721638636614,False,1784.880386028422,75.0,2,3,3.6241419630224923,0
116,25471086,1005.0,832.4281698131268,True,3656.2478915189176,515.0,6,17,13.296118324473872,0
159,21665590,720.0,596.5613141898983,True,2417.946899496967,400.0,3,6,9.099048547873945,0
161,2833448424,410.0,469.23215987170147,False,1749.4688393264323,80.0,5,4,3.196299867880586,0
226,295907939,675.0,715.492367092717,False,3042.334927236766,170.0,5,3,5.054316625653427,0
158,25529871,895.0,736.8839386529895,True,3154.640677928194,495.0,6,11,14.766305288595799,0
278,5932899700,455.0,522.6800056173455,False,2030.0700294910641,85.0,6,2,2.179169748759522,0
43,1694551549,260.0,342.0135268175411,False,1081.5710157920905,20.0,2,2,1.266517974906819,0
234,6273263209,280.0,357.3938897367505,False,1162.3179211179402,25.0,3,3,2.2327561663802364,0
275,21665031,370.0,422.03566509438406,False,1501.6872417455154,80.0,3,9,7.729145794202298,0
185,25472350,835.0,756.7697486564506,True,3259.041180446365,530.0,6,6,7.794271121475936,0
38,14077667431,1050.0,853.3538093474868,True,3766.1074990743055,485.0,8,21,16.728647514177343,0
121,12346819547,690.0,705.9932521940432,False,2992.464574018726,195.0,6,11,11.635953113024543,0
203,26559655,610.0,657.2142525982563,False,2736.374826140846,145.0,3,5,4.149095849859525,0
184,12978761148,320.0,392.3017010891373,False,1345.5839307179706,45.0,1,1,1.7492636027566033,0
25,25257039,925.0,863.3288559971879,True,3818.4764939852384,320.0,7,7,5.9470758995667685,0
246,25472874,435.0,477.90250352868725,False,1794.9881435256088,100.0,4,9,9.97283802843178,3
11,350621322,635.0,669.8345123448898,False,2802.631189810672,165.0,4,14,20.326345450914463,1
177,108258,465.0,507.9823172177021,False,1952.9071653929361,105.0,5,11,9.749886385067196,0
40,107343,380.0,429.04300571438,False,1538.475780000494,75.0,3,6,3.53821515563955,0
145,109836,555.0,602.413749476606,False,2448.672184752181,130.0,4,1,1.9345567375886532,0
277,9791495,430.0,503.253193892868,False,1928.0792679375566,75.0,6,3,1.8345780141074985,0
81,5112906885,355.0,410.5403333652239,False,1441.3367501674265,65.0,2,2,4.4841655016850455,1
87,25375955,755.0,722.1092485455265,True,3077.0735548640123,340.0,3,9,9.310053231888276,0
67,1938580083,465.0,496.89462574897783,False,1894.6967851821335,165.0,8,1,2.9733242546749867,0
7,1685938740,1110.0,926.3606756247646,True,4149.393547030013,480.0,13,7,9.910897641682816,0
258,107786,535.0,575.257931144196,False,2306.104138507031,160.0,2,6,4.132337172802565,0
85,7223638134,720.0,745.0415384812641,False,3197.468077026637,195.0,7,14,13.644026212301517,0
217,25375955,420.0,486.24799946913754,False,1838.8019972129728,75.0,2,2,1.3654920902092496,0
65,4347844132,755.0,757.7481364990658,False,3264.177716620096,255.0,8,3,4.912228119973539,0
129,25502540,815.0,722.7008675370622,True,3080.1795545695754,305.0,4,2,4.33349436670279,0
24,289996665,280.0,364.1248456407939,False,1197.6554396141682,25.0,3,1,0.7139990575359709,0
147,311153342,795.0,654.3196371226405,True,2721.1780948938595,365.0,4,5,8.573858730616262,0
237,282686499,125.0,225.93380342823872,False,472.1524679982531,0.0,2,0,0.0,0
256,9512922,190.0,285.14172175037737,False,782.9940391894811,0.0,0,0,0.0,0
273,25544127,395.0,452.9159379901452,False,1663.8086744482628,75.0,4,4,4.825782336574677,0
152,1188884060,660.0,690.5103808304717,False,2911.1794993599756,175.0,4,26,32.68383495440552,0
18,25714232,685.0,710.1590496568431,False,3014.3350106984262,185.0,9,5,5.089444610941832,0
62,1619500438,395.0,465.18609666913164,False,1728.2270075129418,65.0,4,1,1.2470267440672094,0
235,255576,500.0,501.8193704543614,False,1920.5516948853976,205.0,2,15,14.06223257740214,0
197,102025,570.0,617.9003526011599,False,2529.9768511560874,135.0,4,6,4.021406305849546,0
290,4956890447,710.0,666.2153624962725,True,2783.6306531054315,305.0,3,8,5.577407043992018,0
266,9475528,170.0,268.55494796421215,False,695.9134768121137,0.0,0,0,0.0,0
20,11200374910,130.0,231.565597126996,False,501.7193849167289,0.0,1,0,0.0,0
269,21665719,910.0,726.9400002691036,True,3102.4350014127967,550.0,8,18,15.246019720358087,0
57,3531897238,375.0,443.323124635823,False,1613.446404338071,60.0,2,1,0.9451545625770722,0
282,9512926,210.0,307.00064489070394,False,897.7533856761955,0.0,0,0,0.0,0
181,26699544,495.0,518.8650213508433,False,2010.0413620919262,170.0,1,16,11.129722065794008,0
98,26845543,595.0,600.9890812355915,False,2441.192676486854,170.0,4,3,4.877963732203063,0
74,25417428,380.0,425.0030536405785,False,1517.2660316130364,80.0,0,3,1.738350282815796,0
120,25375955,660.0,645.918770028139,True,2677.0735426477295,205.0,6,4,2.8333737723880805,0
106,358992920,450.0,444.07467696201803,True,1617.3920540505947,135.0,1,0,0.0175,0
86,10572785,765.0,779.0769158273715,False,3376.1538080937003,215.0,4,3,2.7738021561415485,0
133,108901,180.0,277.73841785050735,False,744.1266937151636,0.0,0,0,0.0,0
76,12159581182,575.0,610.9054175132578,False,2493.2534419446038,145.0,6,3,2.622083285377328,0
192,108059,740.0,581.344780815349,True,2338.06009928058,330.0,4,9,8.207634071322865,0
47,362474930,160.0,259.2705574598502,False,647.1704266642134,0.0,1,0,0.0,0
84,9521033,555.0,572.384788171855,False,2291.0201379022383,150.0,8,7,4.377995085876388,0
151,5932856691,305.0,386.6153692093467,False,1315.73068834907,30.0,1,3,1.6060120756463299,0
144,255562,590.0,602.6834297503414,False,2450.0880061892904,165.0,6,4,5.551272290152577,0
257,25476020,740.0,606.393524607938,True,2469.566004191676,520.0,2,8,11.578297354671168,0
110,2784682616,365.0,423.9774646540434,False,1511.8816894337278,65.0,4,3,2.9910763399779996,0
225,110004,665.0,706.8801893032048,False,2997.120993841826,170.0,7,7,7.926698624621723,0
170,3552338823,550.0,593.1837521693785,False,2400.2146988892387,130.0,3,5,4.992149661944624,0
42,108045,535.0,567.2362488618262,False,2263.9903065245876,135.0,3,3,3.6568569144174154,0
100,2191480791,255.0,342.9382280139001,False,1086.4256970729757,10.0,2,0,0.0,0
2,25473424,520.0,535.6105010940591,False,2097.95513074381,155.0,4,3,6.690223821032073,0
4,452168032,605.0,628.1589428452723,False,2583.8344499376813,165.0,1,14,8.99694329578423,0
1,108267,870.0,863.6340997625002,True,3820.0790237531282,265.0,6,7,6.018216772498382,0
291,25476041,300.0,384.9124108307436,False,1306.7901568614045,30.0,1,2,1.4006293932390261,0
169,1666324108,410.0,468.3733357121848,False,1744.960012488971,80.0,2,3,5.414242310458351,0
213,5393414954,305.0,381.28116578751576,False,1287.7261203844582,305.0,2,39,49.15685198056846,0
187,292252720,830.0,839.3464465335273,False,3692.5688443010176,240.0,2,5,8.788878557606846,0
39,25544130,465.0,419.7349729751008,True,1489.6086081192798,215.0,1,11,8.356260985006303,0
3,11751472416,220.0,312.69320565565613,False,927.6393296921947,0.0,5,0,0.0,0
69,21533907,300.0,384.4355564245136,False,1304.2866712286966,30.0,4,0,1.8691085313793498,0
284,9512940,725.0,723.5662541868882,False,3084.722834481161,240.0,2,10,7.782188410391971,0
288,25534084,670.0,706.9832054101424,False,2997.661828403246,175.0,8,14,13.114258995138492,0
73,25471098,710.0,636.9794141387624,True,2630.1419242285024,355.0,5,19,19.156143062713948,0
276,25498827,585.0,546.4131230166587,True,2154.6688958374584,355.0,5,5,4.517942468992965,0
168,25473371,590.0,626.6897036138897,False,2576.1209439729223,150.0,4,2,2.679169350821689,0
264,25256620,275.0,363.47762999589474,False,1194.2575574784476,20.0,3,0,0.3099703293683314,0
27,499122580,725.0,576.2010064697528,True,2311.0552839662028,385.0,3,9,8.998386629743852,0
206,1953627794,655.0,669.3290808262113,False,2799.9776743376106,185.0,8,2,3.367756142789864,0
229,21554368,345.0,411.4228921541795,False,1445.9701838094425,55.0,1,4,3.0548737657916734,0
6,12292980260,1175.0,969.6048151695928,True,4376.42527964036,570.0,10,22,15.824855447891384,0
150,333719185,880.0,759.7017138237053,True,3274.4339975744515,345.0,10,8,8.339986593943259,0
68,1938580083,660.0,533.0310307335743,True,2084.412911351265,360.0,6,7,8.31303964032308,0
52,6173754807,325.0,378.0241774580403,False,1270.626931654712,60.0,1,0,0.8940035417843616,0
109,109838,585.0,637.9479332646791,False,2635.226649639565,135.0,6,8,10.974355593093224,0
262,25500807,535.0,568.260500664724,False,2269.367628489802,135.0,3,4,5.987910859101433,0
170,25472873,35.0,156.16937696271978,False,105.88922905427879,0.0,0,0,0.0,0
77,107809,525.0,570.6937436956595,False,2282.142154402212,125.0,2,1,2.236081710877707,0
219,26652351,655.0,586.7757405441038,True,2366.5726378565446,435.0,4,12,14.12743733607512,0
272,8752950708,545.0,589.7848962218535,False,2382.3707051647307,130.0,7,5,3.318641402356294,0
188,21665361,445.0,413.7172824375701,True,1458.0157327972431,340.0,4,19,16.97109149421567,0
21,9791495,850.0,822.0839973081992,True,3601.940985868047,270.0,4,7,4.382143687267175,0
80,9791152,530.0,544.8975101315629,False,2146.7119281907044,155.0,4,7,7.336473344067803,0
186,6827965363,535.0,550.9682434385858,False,2178.5832780525757,145.0,5,1,2.1788719604878275,0
155,12391355483,640.0,602.6353162188283,True,2449.835410148848,325.0,2,7,6.508975514267312,0
292,2482696992,275.0,336.34043220702455,False,1051.787269086879,275.0,4,22,24.626028996141,3
152,3552338823,105.0,211.52257846975078,False,396.4935369661917,0.0,0,0,0.0,0
64,9806677456,745.0,717.7794328024107,True,3054.342022212657,240.0,4,10,12.126377619724261,0
137,5932856690,305.0,353.4219148378423,False,1141.465052898672,95.0,2,3,1.6917762877922145,0
33,25476041,785.0,806.7793812674626,False,3521.5917516541763,220.0,5,2,4.756963008996888,0
226,294651409,165.0,268.1597175311128,False,693.8385170383422,0.0,0,0,0.0,0
216,14728072,710.0,704.8848341505592,True,2986.6453792904367,215.0,3,4,2.536747486428471,0
78,21590631,265.0,351.248426456512,False,1130.0542388966878,15.0,0,0,0.24499999999999997,0
90,452486137,715.0,716.1314804750319,False,3045.6902724939187,240.0,7,18,15.71368635506434,0
212,1684410094,600.0,624.7761548020769,False,2566.074812710903,160.0,4,6,5.017485521874095,0
26,311422343,1045.0,835.5221022961687,True,3672.491037054885,460.0,9,10,12.201981794691196,0
123,107797,625.0,645.9915077225361,False,2677.455415543315,210.0,9,10,7.283142541813596,0
10,452219937,280.0,360.6166179384981,False,1179.237244177115,25.0,0,0,0.5676031736713583,0
205,21665031,905.0,734.6392907222913,True,3142.8562762920296,570.0,9,14,14.443250060556156,0
126,26699543,625.0,593.6535301396751,True,2402.6810332332952,335.0,4,8,8.867556043279174,0
44,1678452758,610.0,636.0610146372642,False,2625.3203268456373,200.0,3,5,4.5106173790135236,0
278,333719185,175.0,270.26238923394845,False,704.8775434782294,0.0,0,0,0.0,0
242,25256256,420.0,491.4221720315287,False,1865.9664031655257,75.0,7,2,4.096358085029377,0
194,1694551549,615.0,646.7330372046094,False,2681.3484453241995,160.0,5,4,3.3909618304804905,0
253,25532840,485.0,519.4207724050992,False,2012.9590551267715,120.0,3,6,5.248292270063233,0
200,1637789617,785.0,763.8051856750549,True,3295.9772247940373,250.0,5,6,6.389086691154008,0
105,1614926339,275.0,356.449827480457,False,1157.361594272399,25.0,4,4,3.68772265420441,0
5,691084080,385.0,468.26157537982283,False,1744.3732707440695,55.0,0,2,3.4726250427245713,0
231,9931305335,1010.0,1001.959644394591,True,4546.288133071603,305.0,9,9,8.178995340936282,0
138,21665911,505.0,467.7108932670586,True,1741.4821896520582,505.0,1,44,43.96617213147132,0
274,294651409,475.0,540.2539118272401,False,2122.3330370930107,95.0,7,16,27.798161636782428,5
37,21665361,425.0,452.1859050700316,False,1659.9760016176656,105.0,2,1,1.3569517474455064,0
134,12026767,1210.0,1016.1441077120483,True,4620.756565488246,585.0,6,13,11.814744401662553,0
283,25256620,520.0,559.2836926383196,False,2222.2393863511775,125.0,4,10,14.932629528955287,5
135,102025,825.0,814.4688194334669,True,3561.9613020257,250.0,6,7,3.623548573299152,0
252,435144778,630.0,650.1972826060633,False,2699.5357336818324,170.0,1,3,4.046643682846576,0
114,21665114,590.0,584.8696638300597,True,2356.5657351078135,180.0,4,6,2.3606854697156083,0
223,21533913,280.0,364.5135025188015,False,1199.695888223708,20.0,3,2,1.737171793178805,0
70,14767049,405.0,468.1606665187669,False,1743.8434992235254,75.0,5,0,1.7083801814915862,0
191,25472162,335.0,416.62246655590826,False,1473.267949418519,40.0,1,2,1.6682489291768705,0
97,12026767,725.0,646.0241138303546,True,2677.6265976093605,270.0,2,20,21.951175746967632,0
132,2441107350,440.0,500.01307189025204,False,1911.0686274238221,85.0,2,2,2.6610464622804404,0
140,107349,600.0,600.5775741862217,False,2439.0322644776634,175.0,6,14,9.106466725608422,0
128,2191480791,800.0,793.2548988827534,True,3450.5882191344544,240.0,4,13,6.504438454594734,0
51,25472045,605.0,620.2791035706438,False,2542.465293745881,170.0,5,9,10.646942233959454,0
189,12398519156,1020.0,809.1295177923804,True,3533.9299684099988,475.0,4,8,9.622536522588266,0
247,107863,530.0,565.8680076680139,False,2256.807040257073,130.0,3,6,4.685748269807458,0
92,9512930,835.0,694.9939561956749,True,2934.718270027292,365.0,5,11,7.814408860203654,0
209,26845543,740.0,664.6992349264964,True,2775.670983364107,470.0,4,11,16.02360910438355,0
116,3442281746,245.0,330.6887447466696,False,1022.1159099200156,10.0,3,1,0.2508034324445968,0
71,1215418493,465.0,530.7820676695156,False,2072.6058552649574,90.0,3,2,3.6053564780197775,0
153,12546153248,545.0,566.7610147984182,False,2261.4953276916954,145.0,4,13,17.097931817620424,0
75,1666324140,390.0,428.8460226084377,False,1537.4416186942972,85.0,1,7,6.930329835497895,0
89,311422338,910.0,811.0501977646572,True,3544.0135382644503,380.0,9,9,9.05514213865249,0
172,1614846683,510.0,552.4848808338186,False,2186.545624377548,125.0,5,5,5.176322322250565,0
14,7527076899,650.0,644.8185835094683,True,2671.2975634247086,195.0,5,6,10.438427977217266,0
88,1678452766,865.0,883.985929285725,False,3926.9261287500553,245.0,10,13,12.148204287254444,0
174,11751472416,460.0,518.1216389398085,False,2006.1386044339947,95.0,3,0,1.2931821497542748,0
285,25530312,840.0,690.3725565001889,True,2910.455921625994,525.0,7,18,10.26255625821456,0
151,6762589361,170.0,277.0867119104484,False,740.7052375298541,0.0,2,0,0.0,0
271,1694551549,525.0,584.1958753327868,False,2353.0283454971313,115.0,4,7,9.079128721998263,0
260,333650017,880.0,721.122372270257,True,3071.892454418849,430.0,6,19,15.519777320600706,0
162,1619316041,290.0,367.0573861789312,False,1213.0512774393894,30.0,1,0,0.8635323025307748,0
125,1667203543,525.0,586.109531488645,False,2363.075040315384,110.0,5,5,4.138100259135072,0
273,25532841,225.0,316.70587594668234,False,948.7058487200821,0.0,2,0,0.0,0
168,21665911,155.0,259.5532324165359,False,648.6544701868133,155.0,0,19,29.253148328150697,7
230,11456439398,875.0,663.7391021432013,True,2770.6302862518073,760.0,6,25,21.61708408914646,0
101,452417806,520.0,510.6198194047731,True,1966.7540518750588,160.0,1,2,2.45,0
182,9791487,1065.0,822.9975671737226,True,3606.7372276620404,600.0,5,9,16.051022174855877,0
82,26699549,500.0,550.7493547924081,False,2177.4341126601407,110.0,3,5,5.3541117065864245,0
157,25533613,620.0,666.9869538448443,False,2787.681507685433,150.0,1,8,5.008726129284768,0
238,4709189403,490.0,547.3867730327734,False,2159.7805584220596,105.0,8,1,1.845921772073526,0
258,5568839679,260.0,344.1975346292794,False,1093.0370568037167,20.0,0,1,0.8401115779757755,0
244,452514276,360.0,405.7875972504787,False,1416.3848855650128,75.0,0,1,1.1151833967364777,0
136,108045,1050.0,847.0909986599411,True,3733.227742964691,570.0,6,14,15.383694893091706,0
103,14791188,705.0,702.468778512239,False,2973.9610871892532,210.0,8,4,3.0318439583931833,0
129,5339077114,270.0,359.93276559398646,False,1175.6470193684281,15.0,0,1,0.8568289145932572,0
56,25502834,345.0,419.85268357723675,False,1490.2265887804933,50.0,3,0,0.5785715360285436,0
102,383974166,415.0,476.45833435199097,False,1787.4062553479528,80.0,5,4,2.379161420988613,0
233,13329450969,330.0,407.02821993132693,False,1422.8981546394657,45.0,4,2,1.0329472612851365,0
32,4303455913,575.0,616.8773948390198,False,2524.606322904852,140.0,6,2,4.314411875758944,0
122,26699544,560.0,596.458797899092,False,2417.4086889702326,175.0,5,16,14.918437827196698,0
154,26591530,715.0,696.4501425919998,True,2942.3632486079973,305.0,9,6,4.958150237020419,0
118,1611082164,670.0,706.6418681277519,False,2995.869807670697,180.0,9,4,3.1336413448188862,0
22,9512915,545.0,575.5181054008286,False,2307.4700533543505,170.0,3,2,4.239098207279427,0
48,25531001,710.0,600.6433506885767,True,2439.3775911150274,400.0,8,16,13.189955328387407,0
130,435144778,545.0,601.5052914872203,False,2443.9027803079075,120.0,2,12,16.38273593974604,0
202,25472904,500.0,526.5197258758709,False,2050.228560848322,130.0,7,1,2.043834842848957,0
143,691084080,850.0,704.7280688713748,True,2985.8223615747143,410.0,2,17,13.360798097768965,0
17,25522907,550.0,587.3631133021916,False,2369.6563448365055,135.0,3,2,3.2894610360068675,0
29,292252720,570.0,626.3996126271095,False,2574.5979662923246,130.0,8,1,3.5309862907629905,0
26,26699537,165.0,267.4112971699746,False,689.909310142367,165.0,2,17,24.374507491704517,0
59,107801,615.0,656.4310998625205,False,2732.263274278233,155.0,1,4,4.045611414999739,0
221,25473284,345.0,329.25562985319755,True,1014.5920567292873,245.0,2,9,9.85578995983532,0
210,1607738730,730.0,655.6965189213769,True,2728.4067243372265,270.0,6,22,26.537366948468797,0
208,1678452820,505.0,539.6748210839644,False,2119.2928106908125,125.0,5,2,2.113809567802353,0
25,1667203543,335.0,412.246102050522,False,1450.2920357652401,45.0,2,2,1.1024999999999998,0
13,7066266061,760.0,766.7545164897913,False,3311.4612115714012,225.0,7,5,6.641118858403131,0
49,60728181,610.0,622.6495615361046,False,2554.9101980645487,170.0,9,3,3.1269266749653206,0
85,25495441,325.0,414.1024308220229,False,1460.03776181562,35.0,3,2,0.7501507039919815,0
110,9791487,265.0,358.23047569827133,False,1166.7099974159241,10.0,1,0,0.5703888749227872,0
12,311422343,660.0,645.7602421413322,True,2676.2412712419946,220.0,6,11,9.620317156197375,0
215,1094124402,700.0,577.2160545874912,True,2316.38428658433,415.0,4,8,8.900310178051178,0
271,603751942,100.0,210.40739700814402,False,390.638834292756,0.0,0,0,0.0,0
106,25417431,290.0,375.846922562484,False,1259.1963434530403,25.0,1,1,1.1150205768719534,0
286,9791156,720.0,733.9516840694454,False,3139.246341364587,205.0,10,5,4.748118563492868,0
95,26591531,575.0,617.567397063235,False,2528.2288345819843,140.0,3,13,16.42242518992126,3
201,26559371,610.0,641.1359557153781,False,2651.963767505736,170.0,5,3,4.4399106475670775,0
261,9294989287,560.0,607.7298462415207,False,2476.5816927679844,130.0,4,15,17.45954631102653,0
28,6266808745,695.0,671.2360662335386,True,2809.989347726078,290.0,6,7,7.241715531876997,0
187,1614846683,260.0,341.2889068605779,False,1077.7667610180338,20.0,0,2,0.964324737785011,0
58,21554368,760.0,766.5817767274508,False,3310.554327819117,220.0,6,3,6.048075023138909,0
160,5518619474,800.0,625.0144121387312,True,2567.3256637283403,565.0,4,14,16.168847247417812,0
253,691084080,195.0,293.6357348180015,False,827.587607794508,0.0,0,0,0.0,0
204,3552338823,425.0,456.1076869221197,False,1680.5653563411292,155.0,3,6,3.494698627865671,0
267,6521839582,425.0,487.72344068152984,False,1846.5480635780318,80.0,5,3,1.203031914893617,0
195,108329,485.0,511.77973111695684,False,1972.8435883640245,125.0,2,8,5.073970285411106,0
251,526994269,1050.0,918.9272677957297,True,4110.368155927582,405.0,5,6,10.092987084771297,0
69,25473295,275.0,350.4845923640384,False,1126.0441099112013,25.0,0,5,10.90683801168312,4
161,25544143,395.0,461.97580683480646,False,1711.3729858827335,70.0,2,9,4.805494410530255,0
287,102031,805.0,813.2904284161642,False,3555.774749184862,235.0,7,13,13.044099984399738,0
1,25473288,285.0,348.7558586713208,False,1116.9682580244344,45.0,2,7,7.379992794191798,0
281,503556078,915.0,923.5381288210991,False,4134.5751763107655,265.0,12,9,8.836521895521386,0
19,452589682,450.0,501.3361926105907,False,1918.0150112056006,95.0,1,3,5.4952171129546326,0
34,1685938740,525.0,559.3640081787424,False,2222.661042938398,130.0,4,15,22.036551445759873,0
291,5387300688,300.0,383.74663314289256,False,1300.669824000186,30.0,2,2,2.398440704549251,0
141,294651404,460.0,507.4890537934882,False,1950.3175324158135,100.0,5,1,1.9298223522387856,0
46,1614846692,1005.0,809.5812370368899,True,3536.3014944436727,630.0,3,18,17.029937174480803,0
190,1616713423,845.0,811.5193086269205,True,3546.476370291334,275.0,4,6,4.202739835296793,0
113,7944696976,715.0,744.3970744258633,False,3194.084640735783,190.0,10,13,13.641238875865264,0
8,9791482,555.0,601.5173933218279,False,2443.966314939596,130.0,4,7,3.868858212738445,0
184,25473300,400.0,370.61554112685724,True,1231.7315909160006,230.0,2,8,8.360242189673329,0
255,10559192943,1075.0,1061.018089301384,True,4856.344968832263,330.0,10,8,7.503264333181113,0
236,25500629,585.0,605.5242257952426,False,2465.002185425024,160.0,0,14,23.049679121560423,3
138,108895,235.0,319.1087826750414,False,961.3211090439676,10.0,1,2,0.7031204541683339,0
142,11456439398,1360.0,1004.9643199315632,True,4562.062679640706,1210.0,4,64,68.13641719400945,0
109,108322,295.0,380.9636107485679,False,1286.058956429982,25.0,2,0,0.3253992301560337,0
265,3077397235,505.0,566.3081390083875,False,2259.117729794032,105.0,5,2,1.8431684547262686,0
121,4784457202,425.0,484.4818658492167,False,1829.5297957083876,90.0,5,6,3.983499822486846,0
84,26652351,360.0,431.230813084645,False,1549.9617686943855,60.0,5,1,2.1582731623571076,0
9,9512924,670.0,696.592842187336,False,2943.1124214835145,180.0,3,12,10.092244401990705,0
117,107793,515.0,548.1356461294039,False,2163.712142179369,170.0,7,5,4.361534772143208,0
99,351771449,830.0,823.86381968163,True,3611.2850533285573,250.0,4,4,5.6975740788195965,0
57,21665912,390.0,417.3682426989028,False,1477.1832741692385,145.0,1,1,4.191099321159374,0
225,2919558521,365.0,425.591059144228,False,1520.3530605071965,65.0,2,7,7.039801967837288,0
199,25544115,680.0,701.7536686791886,False,2970.206760565742,185.0,7,2,3.3216565354199297,0
149,109836,905.0,724.7244832118025,True,3090.803536861962,575.0,3,20,16.89007515328253,0
104,1685751696,580.0,633.2470182990951,False,2610.5468460702505,135.0,7,2,3.122111074623292,0
134,11707733695,270.0,356.2825613715876,False,1156.4834472008345,20.0,1,2,2.83331844166642,0
220,25530312,750.0,611.2078673831334,True,2494.841303761451,425.0,4,12,9.677369768535646,0
100,26699544,375.0,386.53759313295274,False,1315.322363948002,135.0,2,14,12.434618914321,0
228,21544863,985.0,919.4512929876614,True,4113.119288185223,340.0,12,5,4.691794212456633,0
91,109619,850.0,808.3056289771221,True,3529.604552129892,345.0,10,13,10.769725357125441,0
66,2191480791,590.0,628.8971495990495,False,2587.71003539501,145.0,5,6,4.558569148538401,0
122,8622639982,160.0,265.0123565887725,False,677.3148720910557,0.0,1,0,0.0,0
67,25375812,455.0,512.0705394805021,False,1974.3703322726374,95.0,3,1,1.270053191489362,0
2,1616122237,375.0,433.1653649176908,False,1560.118165817877,70.0,2,7,7.009647939863783,0
75,25473295,235.0,327.73805080407357,False,1006.624766721386,5.0,1,0,0.2288260035186958,0
197,823745,420.0,490.18860673719087,False,1859.4901853702518,75.0,5,12,14.321119578563241,0
127,9512926,965.0,773.4472688247553,True,3346.5981613299655,625.0,1,17,17.739534861635146,0
224,489796745,810.0,830.4058128833266,False,3645.630517637466,225.0,8,4,6.87148489339372,0
24,25257045,445.0,472.4296421918094,False,1766.2556215069992,115.0,2,10,10.912435694413656,0
163,25257044,700.0,733.8638679200441,False,3138.78530658023,185.0,4,6,6.961701114499349,0
200,25375955,305.0,381.351734432154,False,1288.096605768809,35.0,1,2,1.7137892632824883,0
36,669891670,1095.0,918.6707164588101,True,4109.021261408756,490.0,8,8,10.08658440057181,0
250,9295694734,710.0,626.769614643727,True,2576.540476879569,415.0,9,36,38.12972747948897,0
137,9046520718,340.0,421.1663129354005,False,1497.1231429108527,45.0,1,1,1.1734288268685662,0
11,26848675,480.0,513.7796045737589,False,1983.3429240122339,135.0,5,2,2.9742974204376775,0
128,102025,280.0,358.35650929611256,False,1167.3716738045903,25.0,4,1,2.5844338992092264,0
18,25502544,445.0,505.88632297812666,False,1941.9031956351646,90.0,6,1,2.3176021164473686,0
289,26591530,650.0,645.6703553301966,False,2675.7693654835325,250.0,6,10,10.676195744917345,0
178,12292980260,900.0,777.84331789791,True,3369.677418964029,365.0,5,10,16.329733700089715,0
120,107318,440.0,509.7697652953459,False,1962.2912678005655,80.0,3,2,1.9735563430612084,0
111,5411324111,675.0,689.0194887066217,False,2903.3523157097648,190.0,1,8,8.62038456794409,0
156,7066266061,695.0,709.2911173310512,False,3009.778365988018,195.0,5,18,15.450194669416907,0
60,107791,590.0,569.6735379241533,True,2276.786074101805,210.0,7,1,2.9386686324090836,0
248,25473300,735.0,585.0053138579286,True,2357.277897754127,520.0,6,16,14.796667937537425,0
112,6173783039,730.0,751.9788687896823,False,3233.88906114583,220.0,4,8,4.512758415387135,0
74,4249404271,450.0,486.13895383193505,False,1838.2295076176592,105.0,4,4,4.6160534617644435,0
77,1614949613,380.0,442.0765799956804,False,1606.902044977323,70.0,2,7,3.1877115984064552,0
88,333650017,275.0,358.2769309078207,False,1166.9538872660587,20.0,5,2,1.5317112362669374,0
234,11329900032,525.0,475.8525355482211,True,1784.2258116281614,390.0,1,20,20.09260416791285,0
249,25524248,760.0,757.6277894936101,False,3263.54589484145,225.0,3,30,36.67970027587852,0
55,3479117427,625.0,660.430270436263,False,2753.2589197903812,160.0,6,13,12.424801081534454,0
171,4171766884,735.0,768.9683801105394,False,3323.083995580332,195.0,9,13,15.51337888508047,0
54,1685938741,625.0,647.2552537392876,False,2684.09008213126,170.0,6,7,8.770046091766654,0
203,12398519156,520.0,559.0668095711161,False,2221.1007502483612,125.0,7,3,3.572864503305479,0
97,21665000,325.0,403.0743107839815,False,1402.1401316159029,40.0,0,3,2.0227824234703577,0
264,21665912,415.0,478.8483705826494,False,1799.953945558909,75.0,2,8,5.903103313895868,0
83,25476020,965.0,984.951642933967,False,4456.996125403329,275.0,4,5,6.0578082867896885,0
227,4580163090,840.0,665.1406862450513,True,2777.988602786519,635.0,4,15,18.221399043989294,0
257,25473295,460.0,493.4049691136257,False,1876.3760878465341,110.0,3,11,10.831670061551636,0
183,108208,670.0,702.3988269769952,False,2973.5938416292247,175.0,6,14,12.799403555802076,0
246,10559192943,530.0,571.6536773010952,False,2287.1818058307504,125.0,4,13,7.894702932542291,0
223,5932875003,340.0,402.0873239422912,False,1396.9584506970295,55.0,1,5,4.4817838394286325,0
279,9791489,565.0,606.2684216547717,False,2468.909213687551,140.0,6,2,2.603205803539888,0
198,11200374910,795.0,690.446108953683,True,2910.842072006834,450.0,7,17,14.751102868852096,0
86,25495442,480.0,508.20906649035834,False,1954.097599074381,120.0,2,3,5.389362130412546,0
166,4784457202,1015.0,820.5230152856919,True,3593.7458302498826,630.0,6,18,16.80511482521366,0
81,5932856691,530.0,571.8721583348015,False,2288.3288312577083,125.0,4,5,5.249804124913067,0
26,25544136,210.0,296.8349428241367,False,844.3834498267177,0.0,0,0,0.0,0
16,25503707,585.0,615.1407473083732,False,2515.4889233689587,160.0,6,5,7.841351935469942,0
116,21665713,325.0,391.8850919372024,False,1343.3967326703125,50.0,2,3,4.008811904697938,0
232,11309776203,590.0,615.5632641933643,False,2517.7071370151634,205.0,3,4,4.435831239487136,0
290,102031,510.0,552.5946693781827,False,2187.122014235458,120.0,3,12,23.178837975621978,5
13,108258,215.0,312.67718209224233,False,927.5552059842719,0.0,0,0,0.0,0
259,1852698146,645.0,675.6013784601822,False,2832.9072369159558,170.0,7,3,3.9841131880955984,0
211,109833,745.0,749.7052224276505,False,3221.9524177451653,220.0,6,5,5.9305523167557626,0
7,9521022,555.0,586.5362056497569,False,2365.3150796612235,140.0,2,2,2.146788728718864,0
177,7787603288,565.0,601.8786991643269,False,2445.8631706127167,140.0,3,18,23.098848565028305,0
191,109838,370.0,440.3940669820928,False,1598.0688516559865,60.0,5,2,2.0595200398417246,0
230,2441998875,305.0,371.3563565263458,False,1235.620871763315,45.0,1,8,9.684675392276915,0
141,9512935,170.0,266.8864035354455,False,687.1536185610887,0.0,0,0,0.0,0
214,2191480791,1075.0,982.8982870886884,True,4446.216007215611,395.0,13,5,5.642726283324435,0
270,26559368,710.0,737.9552088525413,False,3160.264846475841,205.0,8,6,4.269363220445178,0
190,25375955,175.0,276.0633277247013,False,735.3324705546818,0.0,0,0,0.0,0
31,109836,675.0,553.6036775000242,True,2192.4193068751274,585.0,3,15,12.380204150242138,0
160,9512924,210.0,301.77304303370414,False,870.3084759269466,0.0,1,0,0.0,0
119,102003,820.0,789.4955740384127,True,3430.851763701667,265.0,7,4,9.652764914844838,0
135,1611442272,395.0,456.2585654714086,False,1681.3574687248952,75.0,0,4,5.5452588284259186,0
195,844784016,210.0,304.0777346267861,False,882.4081067906269,0.0,1,0,0.0,0
241,109348,980.0,818.158124252051,True,3581.3301523232694,500.0,7,8,10.239468129153854,0
99,25470903,145.0,244.75851671003971,False,570.9822127277085,0.0,1,0,0.0,0
147,25471098,560.0,563.2963744085029,False,2243.30596564464,175.0,4,12,9.954233784213587,0
15,7527076899,870.0,705.9860006677918,True,2992.426503505909,530.0,8,13,10.715594416455353,0
94,27503587,700.0,728.4119453705262,False,3110.1627131952646,190.0,5,18,14.26786750439477,0
131,21665581,675.0,657.6163382273002,True,2738.485775693325,225.0,8,3,3.9111076082224745,0
179,1691133712,865.0,839.6208494637609,True,3694.0094596847443,320.0,7,14,9.824605886388975,0
218,26591531,715.0,730.199164872384,False,3119.5456155800152,200.0,3,5,6.485385898181664,0
43,311422343,615.0,625.599067227565,False,2570.395102944717,175.0,5,5,5.20426674929235,0
107,298205891,1270.0,1133.3410025370592,True,5236.040263319561,495.0,12,6,7.93470827721344,0
89,25532842,375.0,454.9679031593207,False,1674.5814915864341,55.0,2,1,1.6445590642818932,0
219,1616122145,475.0,474.23017208979263,False,1775.7084034714117,150.0,2,14,10.968140573051077,0
146,21651908,1115.0,976.5411541547843,True,4412.841059312614,450.0,10,9,7.859402230975252,0
165,25257028,675.0,674.3154482314737,False,2826.1561032152376,200.0,11,5,5.48657450194551,0
98,2564873531,555.0,590.3101858271315,False,2385.128475592441,140.0,4,5,5.423150984550656,0
30,107793,655.0,702.9559557031729,False,2976.518767441657,160.0,4,5,4.271771958261186,0
273,26699549,345.0,384.8952941980915,False,1306.7002945399802,115.0,1,9,11.295981869017872,0
117,25533438,175.0,269.6991363842656,False,701.9204660173943,0.0,1,0,0.0,0
124,102025,1225.0,1027.472641074438,True,4680.231365640791,505.0,4,29,30.706058556447683,0
266,25714232,570.0,625.041599681593,False,2567.468398328362,130.0,3,3,3.572746604143439,0
73,109579,515.0,570.3163841372206,False,2280.1610167204076,115.0,7,6,6.993866228008033,0
34,26559655,230.0,313.7764756476639,False,933.3264971502356,15.0,2,1,1.0360716352903794,0
193,21665361,745.0,615.8355526900058,True,2519.1366516225303,415.0,6,13,11.054045706655739,0
150,25472873,510.0,555.3641226934093,False,2201.6616441403985,120.0,4,10,6.809167936151233,0
280,9295694734,1090.0,1040.44517483311,True,4748.337167873826,360.0,8,27,25.25937423823309,0
61,108306,750.0,726.1735870859193,True,3098.411332201075,240.0,9,23,20.89547581453052,0
47,25544131,565.0,564.7282293235925,False,2250.8232039488607,175.0,6,10,8.541006387971535,0
233,25496592,330.0,408.5942637630332,False,1431.119884755924,40.0,5,0,0.6952074616569057,0
105,1684410090,455.0,522.6894917037922,False,2030.1198314449098,85.0,5,5,4.638891938166257,0
263,4784457202,705.0,745.5290696041802,False,3200.0276154219455,180.0,9,4,4.585309229002627,0
127,1616122145,160.0,232.55408238340348,False,506.9089325128681,25.0,0,4,3.765019338179778,0
245,6270734170,935.0,918.9442055837252,True,4110.457079314559,290.0,8,4,4.050869530886149,0
113,107800,240.0,328.29531206107214,False,1009.5503883206286,10.0,3,1,1.5259157167529758,0
153,1666324249,410.0,467.75303126127113,False,1741.7034141216723,80.0,2,9,3.958399307060382,0
205,12453538825,485.0,548.8057130679744,False,2167.2299936068657,100.0,2,3,2.542284712336611,0
76,107833,590.0,560.5030376087519,True,2228.6409474459483,265.0,4,26,22.021829037126526,0
115,25377989,1045.0,977.1467202233913,True,4416.020281172801,415.0,12,12,10.349809691118896,0
275,109631,660.0,687.6868438448982,False,2896.355930185715,175.0,3,6,5.297862346497106,0
33,5932856688,510.0,551.1843214855081,False,2179.7176877989186,120.0,5,4,2.8446462539473765,0
256,25417428,620.0,642.6794685703586,False,2660.0672099943827,170.0,6,2,3.9660380700238926,0
175,5728908660,1215.0,1088.2882545829882,True,4999.513336560685,560.0,11,18,19.138692660675854,0
287,11188424157,280.0,361.28465393798757,False,1182.744433174435,25.0,3,2,1.2113599490517342,0
29,21665585,335.0,400.89323220498227,False,1390.6894690761574,50.0,4,2,2.530129074045059,0
145,5932883505,650.0,635.2119292782634,True,2620.8626287108827,230.0,6,2,6.959020517096934,0
102,333650017,365.0,438.28590941398556,False,1587.0010244234234,55.0,1,2,2.2445885122890106,0
71,3561398893,440.0,502.10725197109673,False,1922.063072848258,85.0,3,4,4.551401051396135,0
272,234290,535.0,596.8017916677626,False,2419.2094062557535,115.0,11,13,11.63452327680324,0
4,6273263209,575.0,622.6932697705449,False,2555.139666295361,135.0,6,2,3.9503085085061893,0
248,108258,155.0,258.59188163482384,False,643.6073785828249,0.0,1,0,0.0,0
210,25257028,335.0,402.1550763652906,False,1397.314150917776,50.0,1,0,0.0,0
286,1685938740,320.0,395.7465326991167,False,1363.6692966703622,40.0,4,1,1.0539241689343752,0
207,25472904,860.0,789.0384950925877,True,3428.452099236084,305.0,6,10,12.736257265727817,0
271,383974166,325.0,400.7238282358642,False,1389.8000982382864,40.0,2,1,0.7690320130484714,0
208,107863,340.0,407.09706213186286,False,1423.2595761922798,55.0,1,5,2.7452432034623886,0
6,6089552096,570.0,621.5678581312931,False,2549.231255189289,130.0,4,2,2.3897485493230173,0
95,317930325,320.0,397.53609951943696,False,1373.0645224770435,40.0,2,1,1.6076787134968342,0
178,9791482,190.0,282.5163128353185,False,769.2106423854219,0.0,1,0,0.0,0
196,11170906155,840.0,772.9657562161004,True,3344.070220134523,365.0,7,26,23.33923014343875,0
164,108903,735.0,689.9404386585036,True,2908.187302957146,325.0,2,13,12.606601840938652,0
169,25473286,600.0,626.2520496612644,False,2573.8232607216387,190.0,9,4,4.477789895043658,0
214,25472873,120.0,227.64835124346735,False,481.15384402820337,0.0,1,0,0.0,0
243,4956890431,1030.0,774.8893152534038,True,3354.168905080367,675.0,6,7,4.978619836426072,0
44,26652351,530.0,562.7005179057563,False,2240.17771900522,135.0,5,9,10.087515904628747,0
222,25257309,790.0,808.6367747151726,False,3531.3430672546547,220.0,11,4,6.768252959519906,0
278,107349,530.0,573.6549449512493,False,2297.688460994058,125.0,4,5,3.1513940583823885,0
197,25504261,235.0,314.8547511500425,False,938.9874435377226,10.0,1,1,1.295591674943785,0
72,25507343,1100.0,1006.7144879460166,True,4571.251061716584,425.0,12,18,18.379411128495864,0
194,14728072,540.0,537.3867711486446,False,2107.280548530384,160.0,3,9,4.8077479724973085,0
28,25257028,345.0,420.84307500172895,False,1495.4261437590762,50.0,1,8,19.32824267306854,5
128,3531897238,225.0,308.06883478824557,False,903.3613826382892,5.0,4,1,0.9127296521711507,0
138,1316072261,300.0,377.8899452710464,False,1269.9222126729937,35.0,3,3,0.9898648924861028,0
185,26652119,725.0,741.2842377433698,False,3177.7422481526914,205.0,6,4,4.254922560711911,0
237,21665926,685.0,678.0904906714444,True,2845.975076025084,210.0,3,6,10.42855379006772,0
174,25257046,480.0,536.5675272016773,False,2102.9795178088057,100.0,5,8,4.109878203952258,0
146,82710879,115.0,222.2836173772771,False,452.98899123070476,0.0,0,0,0.0,0
96,25524243,1055.0,1000.5377053820259,True,4538.822953255636,360.0,3,19,18.65983299527091,0
244,1691133703,445.0,422.27239908114757,True,1502.9300951760242,350.0,3,9,8.188067993231295,0
139,25533437,1040.0,839.1445164127631,True,3691.5087111670036,645.0,7,21,16.3368800610312,0
221,1691133712,400.0,471.3333557229745,False,1760.5001175456166,70.0,6,1,1.0791872385826196,0
53,1678452766,895.0,719.4956011776301,True,3063.3519061825536,575.0,6,15,16.69223767784761,0
52,8972731452,610.0,609.0207102677691,False,2483.358728905789,180.0,2,17,23.748021803955645,3
106,4784457202,380.0,413.27549455940425,False,1455.6963464368723,95.0,3,4,3.654444896163205,0
144,109661,660.0,657.6931195436418,False,2738.8888776041194,195.0,5,14,10.736194644482934,0
175,5339077113,65.0,183.02518109720245,False,246.8822007603129,0.0,0,0,0.0,0
24,7737133469,260.0,327.8806013067507,False,1007.3731568604412,30.0,3,2,1.0390629583278281,0
60,10544188931,230.0,322.89804264822436,False,981.2147239031776,230.0,1,36,52.9480881152182,11
213,14077667431,640.0,662.2195042883791,False,2762.652397513989,175.0,9,2,4.587690789449009,0
152,8146829426,590.0,628.1564568218932,False,2583.821398314941,150.0,4,4,6.2672049844953595,0
180,25524240,860.0,829.0476436967446,True,3638.500129407907,275.0,6,11,11.647520584190634,0
75,1230997557,270.0,356.2966796090309,False,1156.5575679474123,20.0,1,0,0.7056223069290645,0
238,5453319326,460.0,497.09203422931955,False,1895.7331797039276,110.0,7,3,4.110737684254227,0
274,9295694734,565.0,589.3164128056262,False,2379.9111672295376,150.0,7,23,22.934852207863543,0
57,10574746,305.0,376.1071724151788,False,1260.562655179688,40.0,0,4,2.7133187663129146,0
5,9512924,580.0,593.5733295815768,False,2402.259980303278,205.0,8,4,5.816744546515974,0
182,526994269,485.0,552.8265868623877,False,2188.3395810275356,95.0,0,6,6.160876749111625,0
149,1697813681,305.0,378.80550621237126,False,1274.7289076149486,35.0,4,6,4.781262747161309,1
114,4211515634,570.0,599.2938570443403,False,2432.2927494827873,150.0,4,10,11.896970555956267,0
227,21665006,240.0,328.2976430063145,False,1009.5626257831508,10.0,3,2,1.5412729614729566,0
45,1646306203,900.0,804.8250370801605,True,3511.3314446708428,450.0,4,13,13.039242454022043,0
120,4356591932,270.0,354.67836245893324,False,1148.0614029093997,20.0,4,2,0.3721715497980763,0
154,21665911,465.0,493.72427373615494,False,1878.0524371148126,465.0,4,54,57.14999450659866,0
192,107797,710.0,690.1286231942308,True,2909.175271769713,260.0,5,7,8.134089130947537,0
288,9789819,670.0,685.8057584323569,False,2886.4802317698745,210.0,4,1,4.197367542695087,0
140,6943750656,570.0,595.9691773567392,False,2414.8381811228796,150.0,2,6,4.531496795349355,0
240,8972710892,865.0,806.0271155463279,True,3517.642356618221,395.0,3,17,20.279382582286104,0
25,812264903,440.0,501.17141059313326,False,1917.1499056139492,85.0,2,12,13.287779355390873,3
253,6169637661,415.0,488.60490484096783,False,1851.1757504150814,70.0,3,1,1.715,0
20,25256949,735.0,646.7984298522301,True,2681.691756724207,380.0,1,10,8.64330494967552,0
8,10019788231,390.0,450.20163540697416,False,1649.5585858866145,70.0,5,4,1.82109274991816,0
64,9475518,650.0,672.8994125631453,False,2818.721915956514,175.0,1,14,12.729624394020025,0
81,25473300,250.0,339.1707228400844,False,1066.646294910443,10.0,1,1,1.4334002841983942,0
260,1947324461,535.0,604.74452462847,False,2460.9087542994675,110.0,2,4,4.989588722524185,0
63,4174200026,865.0,875.4013849229777,False,3881.8572708456336,250.0,12,8,5.6730010714213295,0
133,1953627794,740.0,735.846137297181,False,3149.1922208102014,220.0,5,8,10.745897719110669,0
176,12689154,875.0,824.1538162377507,True,3612.8075352481924,365.0,3,10,14.38584577133775,0
68,25502540,685.0,671.8099183350135,True,2813.002071258821,215.0,8,12,9.246319695229705,0
12,108070,455.0,505.35703557739475,False,1939.1244367813217,100.0,2,6,7.16424120848408,0
43,25532341,190.0,271.69782033216353,False,712.4135567438589,0.0,1,0,0.0,0
108,6312042614,865.0,874.4891139734505,False,3877.0678483606134,250.0,5,6,6.792549245361873,0
186,4684520630,665.0,685.7931747743461,False,2886.414167565317,185.0,4,5,3.546208442468091,0
239,4239164192,855.0,751.1885346734684,True,3229.739807035708,515.0,6,21,18.522815675073833,0
277,9521031,795.0,721.3669930385848,True,3073.1767134525717,355.0,3,5,9.258214077448583,0
155,1678452820,665.0,505.9769344017245,True,1942.378905609055,380.0,4,13,9.077244558956927,0
82,9167793401,540.0,592.9436919210793,False,2398.9543825856667,120.0,8,2,3.2784575937326417,0
37,21590614,625.0,643.1888767870356,False,2662.7416031319376,170.0,2,11,9.323950896332738,0
50,107800,865.0,689.9683840694802,True,2908.3340163647713,610.0,8,17,16.97656274101754,0
69,276502336,435.0,395.23528778878585,True,1360.985260891126,270.0,1,3,5.389999999999996,0
248,6273263209,145.0,240.96636765955975,False,551.0734302126887,0.0,2,0,0.0,0
132,3567188665,610.0,624.0020043513053,False,2562.010522844354,170.0,2,6,3.464007092198582,0
284,3326326775,715.0,727.597867093538,False,3105.8888022410742,205.0,8,9,6.946573175172705,0
48,1614926340,505.0,553.9690283366094,False,2194.3373987672,115.0,3,5,7.979189385266104,0
21,11582793599,685.0,719.192351466354,False,3061.7598451983586,180.0,4,5,2.681203110179019,0
129,1666324108,525.0,534.2731875685016,False,2090.9342347346346,160.0,5,12,10.658330907078723,0
226,9371260474,675.0,683.6533537121209,False,2875.1801069886337,195.0,2,4,2.925176159977771,0
201,25502540,465.0,483.39661795462825,False,1823.8322442617987,125.0,0,1,3.266735387078143,0
209,5266874223,620.0,562.1502714748398,True,2237.2889252429077,305.0,7,9,10.896626608260089,0
92,25378129,625.0,672.6509347863403,False,2817.417407628286,150.0,3,9,6.189818587044881,0
119,26699549,250.0,325.4165303532022,False,994.436784354311,20.0,0,2,2.552234477496123,0
282,108901,790.0,710.4725731390804,True,3015.9810089801717,365.0,6,12,13.909143071897596,0
27,25472904,735.0,694.9687668433162,True,2934.58602592741,300.0,4,8,10.122183569549017,0
59,21665584,520.0,551.5682800858964,False,2181.7334704509562,155.0,6,5,3.599416241408511,0
259,4777953678,285.0,370.38402145446764,False,1230.5161126359544,25.0,2,0,0.3305141843971632,0
250,9791491,360.0,430.02686879573304,False,1543.6410611775982,55.0,3,2,3.200618719413437,0
183,21665360,310.0,385.23553838759113,False,1308.4865765348527,40.0,1,1,0.6446390967683655,0
212,1667118111,700.0,720.6270780838331,False,3069.292159940123,195.0,7,6,7.42108996440413,0
28,12031865281,145.0,238.06810896670086,False,535.8575720751794,0.0,0,0,0.0,0
279,25500758,315.0,389.4711296425291,False,1330.7234306232774,40.0,1,3,2.0919939621967627,0
215,2191588310,510.0,570.3146436623616,False,2280.1518792273987,110.0,8,1,1.7069589212167429,0
292,25476020,725.0,746.0381564228728,False,3202.700321220082,200.0,5,11,12.15538007784214,0
268,25500900,920.0,723.4777577652559,True,3084.2582282675903,410.0,5,6,9.699933534778008,0
38,9791482,870.0,703.110350578831,True,2977.329340538862,480.0,5,7,10.266599695559703,0
281,108901,485.0,531.9883091294458,False,2078.938622929591,110.0,2,6,6.391302059008514,0
156,5393414954,370.0,374.13834692170116,False,1250.2263213389313,370.0,2,40,35.460086332963776,0
65,7787603288,860.0,866.10758785934,False,3833.064836261536,250.0,11,8,7.137588738155272,0
148,11767208,935.0,766.5644490162331,True,3310.463357335224,500.0,3,18,10.345788176383785,0
102,26699545,215.0,298.8871916199661,False,855.157756004822,5.0,0,1,1.0239151852605928,0
261,25470785,530.0,568.9045204763182,False,2272.7487325006705,130.0,1,3,5.8383610200760465,0
130,5560616885,580.0,622.2152997722379,False,2552.6303238042483,140.0,5,24,48.21041248972923,10
273,9371260474,280.0,343.5618649020784,False,1089.6997907359116,35.0,1,4,4.1313352885085095,0
55,107319,380.0,454.9874919075005,False,1674.6843325143775,60.0,5,2,1.5239993282446889,0
85,351771449,555.0,447.0829892487528,True,1633.1856935559529,485.0,5,11,10.526543666036762,0
83,294651404,370.0,426.48068351141575,False,1525.0235884349324,70.0,1,3,2.4128360878325488,0
23,3887905014,965.0,763.1597361041692,True,3292.5886145468903,620.0,8,16,17.193099459566163,0
198,1137916914,360.0,434.80080746252975,False,1568.70423917828,55.0,1,3,1.6571632173406088,0
80,25476020,775.0,652.2067397014727,True,2710.0853834327327,565.0,6,12,11.263013249260116,0
14,25257284,680.0,703.8014757182835,False,2980.957747520988,185.0,3,13,11.62149785928039,0
158,105511,925.0,864.9159108427059,True,3826.8085319242077,315.0,6,4,4.2409850162278175,0
150,362474930,280.0,362.9942986438509,False,1191.7200678802171,25.0,3,2,0.9797540213948319,0
265,334688530,490.0,525.540748189275,False,2045.0889279936937,120.0,3,6,7.00580510863184,0
210,9521034,245.0,338.0060910457332,False,1060.5319779900994,5.0,5,1,1.3752852059067504,0
216,5932899700,765.0,586.0972063299232,True,2363.010333232098,475.0,4,9,11.98869688674268,0
56,26559368,620.0,625.0309630874724,False,2567.412556209231,180.0,5,2,3.143171402932411,0
32,9789814,620.0,599.7950258858976,True,2434.9238859009624,200.0,3,4,2.4024549597297766,0
243,26699543,215.0,308.3868310255696,False,905.0308628842405,0.0,4,0,0.0,0
78,4702603654,775.0,693.5400812159635,True,2927.0854263838078,385.0,3,4,8.084999999999988,0
257,21665911,390.0,445.3556088053583,False,1624.1169462281314,390.0,2,54,61.24876829016925,0
143,21651908,605.0,659.599635277307,False,2748.8980852058608,140.0,5,2,2.299167033714757,0
112,25533578,420.0,470.86293246331593,False,1758.0303954324079,90.0,3,7,7.371323170700944,0
184,101995,525.0,573.1623113693038,False,2295.102134688846,120.0,5,4,8.117028861828762,0
204,9371260474,555.0,615.1534050487354,False,2515.5553765058607,120.0,4,6,5.872627282649936,0
151,12437379708,690.0,573.73114766196,True,2298.0885252252906,465.0,1,12,10.012080887826475,0
159,6521923987,955.0,728.0477940450611,True,3108.250918736567,615.0,7,25,17.13296781817461,0
172,275424,705.0,697.8255609387006,True,2949.584194928177,215.0,5,6,11.27758308049052,0
111,25257618,435.0,492.0156361442345,False,1869.0820897572305,90.0,3,12,8.747335825030953,0
193,4739043743,310.0,358.1256212437921,False,1166.1595115299085,90.0,1,4,3.9223098820472835,0
224,107812,465.0,509.6700597069519,False,1961.7678134614969,105.0,5,0,1.5672983468715034,0
17,351771449,620.0,603.8563427012566,True,2456.2457991815977,200.0,2,15,10.430128807977812,0
266,13567811111,320.0,390.58695180055815,False,1336.5814969529301,45.0,4,2,2.1036035853033113,0
42,1678452758,860.0,829.6273694516844,True,3641.5436896213437,280.0,5,6,7.963723949039311,0
188,109619,815.0,779.8770091242924,True,3380.3542979025356,265.0,5,4,4.567028632662738,0
125,1678452766,690.0,706.7798426217981,False,2996.5941737644403,195.0,6,3,3.0383397853739065,0
41,4211515634,1110.0,891.873074027968,True,3968.333638646829,590.0,12,11,16.48885648612568,0
219,9371260474,340.0,399.2569780063948,False,1382.099134533573,60.0,1,4,2.0443346348410936,0
67,108045,480.0,532.1148467819547,False,2079.6029456052615,105.0,7,4,5.077340155979484,0
173,21665247,1000.0,773.9982946888938,True,3349.4910471166922,645.0,6,23,17.65043687490639,0
109,25501016,535.0,558.1956439342296,False,2216.527130654704,180.0,4,5,7.323471669432395,0
10,108901,795.0,649.1107748688105,True,2693.8315680612554,535.0,6,17,12.484068067313652,0
206,603756849,855.0,842.1771745210965,True,3707.4301662357593,265.0,7,9,10.971369032518062,0
267,6089552096,590.0,621.9859637676765,False,2551.426309780301,150.0,3,1,2.9687379110251455,0
249,25531001,445.0,484.1395385390733,False,1827.732577330135,105.0,5,3,2.185695764759803,0
170,25472904,840.0,837.9318336831617,False,3685.142126836597,250.0,5,11,6.747309674225243,0
242,820634109,800.0,811.7408957224438,False,3547.6397025428296,230.0,2,6,5.92708287596904,0
97,108045,440.0,503.233352296245,False,1927.975099555287,85.0,1,2,4.4632328666326115,0
251,26699543,600.0,579.0010278129837,True,2325.755396018165,190.0,2,4,3.3730214138186825,0
93,435144778,1005.0,978.016670862743,True,4420.587522029399,320.0,10,9,7.843976683233812,0
79,25532341,1045.0,962.8359150780427,True,4340.888554159725,370.0,4,8,7.079007927646622,0
276,6179954005,875.0,869.2497501029998,True,3849.5611880407496,265.0,6,9,8.445895459982275,0
69,108260,165.0,265.4869239162782,False,679.8063505604605,0.0,0,0,0.0,0
252,9295694734,800.0,804.2233950540503,False,3508.172824033765,235.0,5,33,36.66931320023285,0
181,265124953,940.0,934.3811112757572,True,4191.500834197723,285.0,8,4,8.527131732911668,0
237,9475518,265.0,336.6670593194974,False,1053.5020614273615,25.0,2,1,2.2163137287855847,0
191,9512937,420.0,414.5414452606151,True,1462.3425876182293,225.0,2,22,28.369122430041294,4
235,25496892,955.0,719.232707342631,True,3061.971713548811,655.0,7,19,16.63044691076583,0
157,6179954005,720.0,714.6926677730639,True,3038.1365058085867,215.0,5,7,6.589549606911412,0
195,1614846692,410.0,469.1266208172922,False,1748.9147592907843,80.0,2,10,8.04998915138493,0
18,5838132444,515.0,575.6140682030731,False,2307.973858066133,110.0,6,8,8.86516251125071,0
189,26652351,800.0,658.0691521167981,True,2740.86304861319,410.0,3,8,10.528819588031446,0
108,333650017,190.0,294.1458911167321,False,830.2659283628439,0.0,0,0,0.0,0
86,25544130,460.0,512.9920646819281,False,1979.2083395801228,110.0,5,7,5.1246950654092425,0
1,1232048712,625.0,599.2139479122825,True,2431.8732265394838,205.0,7,11,10.181103013348125,0
62,12198369,970.0,923.3626471827055,True,4133.653897709203,325.0,7,13,9.166590713244476,0
167,21651765,1070.0,1021.0923104773995,True,4646.734630006345,355.0,9,4,5.328931691397726,0
270,108903,430.0,485.97283019291757,False,1837.3573585128172,85.0,2,7,8.852110113750893,0
19,1614846692,625.0,640.7980910076984,False,2650.1899777904155,175.0,7,11,10.905551931213783,0
142,109618,600.0,640.291084329752,False,2647.5281927312003,150.0,4,11,7.584545667743633,0
211,691084080,450.0,507.5150305679947,False,1950.4539104819714,90.0,3,2,2.4520223703021435,0
26,107793,475.0,516.9126751469463,False,1999.7915445214687,110.0,5,14,9.605440755671877,0
247,25524240,810.0,796.8364368531189,True,3469.391293478874,265.0,6,18,16.108633560295196,0
171,12120966382,495.0,534.7295933015887,False,2093.33036483334,140.0,4,1,3.1148511667883017,0
82,1691133712,205.0,290.36198602055003,False,810.4004266078875,0.0,0,0,0.0,0
162,25524240,765.0,700.4706258274598,True,2963.470785594164,370.0,5,36,42.64423478552606,0
179,9521035,425.0,494.10413227134654,False,1880.046694424569,75.0,2,5,4.4386343357907245,0
29,12650816262,370.0,444.67008343325256,False,1620.5179380245759,55.0,4,3,0.723562095989678,0
180,3733175891,295.0,369.2478796324273,False,1224.5513680702434,295.0,3,35,36.72588315229037,0
155,12437379708,230.0,321.0736258872313,False,971.6365359079646,5.0,3,1,0.052003546099290796,0
223,332040899,500.0,561.1234202697445,False,2231.8979564161573,105.0,4,0,1.9061290689251131,0
241,21554368,445.0,514.5771455825078,False,1987.5300143081658,80.0,2,4,1.7478787878787878,0
231,25496815,865.0,842.0630711491448,True,3706.8311235330093,275.0,6,8,9.843521550687628,0
140,109838,260.0,340.48748707409055,False,1073.559307138975,20.0,1,0,0.0,0
187,21665583,675.0,669.1067020374088,True,2798.810185696396,675.0,2,54,77.04037190920097,3
136,21590631,760.0,626.3460309560733,True,2574.3166625193876,535.0,4,9,12.735229069528414,0
76,333650017,390.0,463.2048322714809,False,1717.8253694252742,65.0,6,1,2.5055900747686883,0
287,108253,380.0,442.0544500166443,False,1606.7858625873832,70.0,2,11,15.51615837560567,0
245,25495442,400.0,467.7414519636712,False,1741.6426228092728,70.0,3,1,1.9825431179782977,0
121,26559616,620.0,660.8719401352707,False,2755.5776857101678,155.0,10,1,4.59552727189249,0
229,26699537,940.0,713.6210490103759,True,3032.51050730447,940.0,6,29,35.27860439255593,0
35,25472904,1245.0,959.6039967607999,True,4323.920982994197,735.0,8,20,20.048717362935736,0
88,452168032,535.0,591.9728466672702,False,2393.8574450031683,120.0,6,1,2.030610607595859,0
217,25498827,1040.0,1026.1601930770582,True,4673.341013654554,320.0,5,6,7.107849752397354,0
14,25495769,140.0,245.51181187913477,False,574.9370123654576,0.0,0,0,0.0,0
117,9521033,435.0,513.0385974827947,False,1979.4526367846722,75.0,2,4,3.738390938764592,0
232,1106056863,500.0,533.6085813103786,False,2087.4450518794874,125.0,4,17,15.765969143122472,0
11,25473260,575.0,619.5866265228022,False,2538.829789244713,140.0,7,5,5.7835454031367854,0
43,26699545,265.0,352.85123567660526,False,1138.4689873021778,15.0,0,0,0.689888588574056,0
168,25498827,805.0,762.7634803959021,True,3290.508272078485,315.0,5,16,14.726697079682598,0
255,266481798,655.0,675.3764887681073,False,2831.7265660325634,180.0,6,1,4.1104622459276685,0
207,2833445980,400.0,424.1077878231538,False,1512.5658860715566,135.0,3,6,8.823497566371614,0
3,4222962219,980.0,862.9678986085733,True,3816.581467695015,375.0,6,11,9.380160646448623,0
289,266481785,580.0,503.63757371786727,True,1930.0972620188038,225.0,2,4,5.202989355969834,0
263,107319,445.0,517.3704382406727,False,2002.1948007635312,80.0,3,3,2.4093480100212576,0
51,1782020193,885.0,835.2703936583745,True,3671.169566706463,300.0,7,10,8.20138534423354,0
139,2191480791,360.0,439.4419461260995,False,1593.0702171620221,50.0,0,3,3.1068147233737395,0
281,102035,220.0,317.1964724278325,False,951.2814802461207,0.0,1,0,0.0,0
218,4784457213,490.0,503.0093168992484,False,1926.7989137210552,135.0,3,5,4.096992613417335,0
192,110009,320.0,377.44829694354274,False,1267.603558953599,100.0,1,6,5.134996896452296,0
47,456363903,460.0,520.3805037919591,False,2017.9976449077853,95.0,3,5,3.6436273936970176,0
73,21665361,480.0,525.6637211911908,False,2045.7345362537515,110.0,5,1,2.4597114375173064,0
84,25471089,680.0,542.0220974259217,True,2131.616011486089,555.0,9,7,11.61285777934562,0
203,25495450,580.0,584.7084673931137,False,2355.7194538138474,170.0,3,11,10.370036665379104,0
101,3810553686,845.0,825.6015155953639,True,3620.4079568756597,265.0,8,4,7.70837651658715,0
123,108209,950.0,905.4305277073756,True,4039.510270463723,315.0,9,6,7.850285797239346,0
104,2191480791,655.0,653.592147251363,False,2717.3587730696568,195.0,4,13,11.400304619097383,0
6,4709189403,430.0,428.83688070779766,False,1537.393623715937,225.0,1,21,20.307879016825304,0
94,108214,515.0,544.7033461273435,False,2145.6925671685526,130.0,1,5,5.787835997533522,0
225,9512908,670.0,696.2852302570423,False,2941.497458849473,180.0,1,6,5.7601684462973,0
269,7198096092,1065.0,887.9280819468528,True,3947.6224302209766,440.0,11,18,15.523111719900669,0
5,1106056846,355.0,434.2813597928613,False,1565.9771389125206,50.0,1,2,2.425705498776248,0
228,25472291,650.0,687.5542396443118,False,2895.6597581326364,165.0,8,15,7.37395854607214,0
40,2089584869,1115.0,957.975531325342,True,4315.371539458045,525.0,4,36,31.328957446488005,0
130,9791152,225.0,312.65380925398813,False,927.432498583438,5.0,3,1,0.645364047532288,0
89,10983187054,515.0,559.8919442083701,False,2225.4327070939426,120.0,4,2,2.1397998458354337,0
163,1684410086,645.0,652.4873394506009,False,2711.5585321156555,185.0,5,5,4.917332954626595,0
126,12689154,960.0,780.0163997490863,True,3381.0860986827024,525.0,4,10,10.90988976965156,0
205,25257290,475.0,545.0934695219568,False,2147.740714990274,90.0,4,1,1.3249368364935947,0
199,734769756,680.0,689.6777550789803,False,2906.808214164648,205.0,7,15,11.40775053453782,0
221,14064596841,400.0,457.0635189229995,False,1685.583474345747,80.0,4,7,6.420273194594492,0
107,4368839072,520.0,575.6737808112088,False,2308.2873492588465,115.0,4,7,3.0339489282878787,0
70,9210633866,935.0,833.9191807979553,True,3664.075699189266,460.0,8,29,29.990477982450244,0
182,108045,380.0,451.3415724603667,False,1655.5432554169245,60.0,1,5,3.43084332822353,0
53,1630526800,420.0,488.04481265588186,False,1848.2352664433788,75.0,4,0,2.0793734767613783,0
118,435144778,845.0,849.2843578372748,False,3744.7428786456917,250.0,5,9,8.023054404119907,0
217,12398519156,95.0,206.90867747825018,False,372.27055676081363,0.0,0,0,0.0,0
152,362575111,415.0,437.9956473949031,False,1585.477148823241,105.0,2,2,2.8567412004086585,0
276,107812,170.0,269.04993565995875,False,698.5121622147834,0.0,0,0,0.0,0
131,812264903,555.0,590.5179207182996,False,2386.219083771074,140.0,5,14,11.001777289632766,0
77,9521025,645.0,585.7585207378731,True,2361.2322338738336,230.0,1,7,6.362679456069491,0
185,25472589,435.0,477.0713562885748,False,1790.6246205150176,110.0,6,2,3.1254040096465183,0
122,25471371,695.0,560.7485701373391,True,2229.9299932210306,540.0,3,12,11.34501872343945,0
100,1611022413,705.0,710.5534800286624,False,3016.4057701504767,205.0,5,11,13.821523661870872,0
215,21666007,305.0,374.9282629905853,False,1254.3733807005735,40.0,1,1,2.043270065436234,0
57,1684410086,420.0,491.37756842650833,False,1865.7322342391692,75.0,3,3,2.065471848304233,0
264,21665926,645.0,600.729773806551,True,2439.831312484392,220.0,2,2,5.983615750777629,0
33,8752950708,515.0,537.330457377665,False,2106.9849012327413,135.0,3,7,7.915287594201294,0
39,4956890447,1075.0,984.8949136374661,True,4456.698296596694,385.0,12,12,15.090403633226677,0
22,9020945997,870.0,811.577394685994,True,3546.7813221014694,345.0,4,15,14.129240610994689,0
234,25375812,670.0,694.5837111915042,False,2932.564483755398,180.0,10,4,7.534951104781932,0
50,5568839679,375.0,449.40086552390187,False,1645.3545440004855,60.0,3,3,3.883161952241752,0
87,21392084,1180.0,960.499146966212,True,4328.620521572611,660.0,7,24,29.441859798521314,0
19,108257,175.0,270.7029657486832,False,707.1905701805871,0.0,1,0,0.0,0
230,21665719,620.0,499.28202086754777,True,1907.230609554625,400.0,4,8,9.26553833463498,0
261,26559371,305.0,364.8783905599849,False,1201.6115504399213,45.0,1,2,0.5332011315478609,0
114,351788581,430.0,479.3180844914365,False,1802.4199435800415,90.0,2,1,2.2768147807934858,0
115,107319,545.0,585.2740833991035,False,2358.688937845293,135.0,5,8,3.158608119828447,0
74,25483808,690.0,722.0125955051029,False,3076.5661264017917,180.0,7,7,5.129238178472703,0
58,25529933,830.0,697.5468539162822,True,2948.120983060482,370.0,4,6,9.592567443520075,0
286,1694551549,525.0,558.058693409614,False,2215.808140400474,130.0,3,10,8.849837869347382,0
169,107818,505.0,565.1373666014136,False,2252.971174657421,105.0,5,5,5.313594593539254,0
110,2453947049,865.0,792.4316799088954,True,3446.2663195217006,350.0,3,16,18.000886982467495,0
256,452486137,550.0,576.4434208110148,False,2312.3279592578283,145.0,4,2,3.456811972005313,0
238,25544136,465.0,518.1227252584661,False,2006.144307606946,100.0,4,5,3.8477787341861593,0
258,12765774269,935.0,784.5596962453094,True,3404.938405287875,390.0,7,9,9.701646680255068,0
4,10544188931,550.0,567.6644526412259,False,2266.238376366437,550.0,4,33,39.025830873834096,3
196,107780,530.0,513.0106486174549,True,1979.3059052416386,255.0,2,4,3.7155087680784806,0
141,12453538825,650.0,685.421622949755,False,2884.4635204862147,170.0,5,3,4.219866736312078,0
227,25544130,450.0,510.52642505212873,False,1966.2637315236768,90.0,1,4,2.9186279793373973,0
166,1678452742,680.0,680.4903847070404,False,2858.5745197119604,245.0,5,6,4.925788100704527,0
153,9791152,575.0,601.1232263517767,False,2441.89693834683,150.0,3,4,4.499056860658721,0
16,6219635602,680.0,629.4434960808853,True,2590.5783544246474,355.0,5,16,18.225842123089837,0
236,2129184285,815.0,791.9858451391591,True,3443.9256869805836,260.0,8,7,5.813570680072358,0
250,1684410129,375.0,450.49426330314236,False,1651.0948823414976,55.0,5,1,0.9255050865848924,0
82,9791495,205.0,298.4311095466748,False,852.7633251200429,0.0,2,0,0.0,0
2,12354833,765.0,714.0053894300667,True,3034.528294507849,320.0,2,16,10.24695282015168,0
35,1684410086,180.0,278.55368731904935,False,748.4068584250093,0.0,1,0,0.0,0
24,108040,500.0,548.4197200357396,False,2165.2035301876317,115.0,5,2,6.4467420274252305,0
240,255576,455.0,493.15931985106295,False,1875.0864292180797,105.0,4,10,8.511081475857049,0
184,1317156147,305.0,382.325682734427,False,1293.2098343557425,35.0,2,1,0.9307905982905982,0
98,1612472593,625.0,635.7831746355782,False,2623.8616668367868,175.0,5,14,13.037010300590872,0
15,2131643980,650.0,568.8911707054962,True,2272.6786462038544,355.0,3,14,8.460979904282327,0
169,821341516,40.0,160.97127972161752,False,131.09921853849195,0.0,1,0,0.0,0
61,1614846678,610.0,554.2797451521948,True,2195.9686620490224,295.0,2,17,16.32395557612199,0
154,9512925,480.0,526.9768498332427,False,2052.628461624525,110.0,3,0,1.0603241032613306,0
90,108329,1105.0,1024.6480820405106,True,4665.402430712677,385.0,8,8,9.16214597238242,0
10,11052055761,295.0,351.1225164654395,False,1129.3932114435574,45.0,0,1,2.5346573382639757,0
202,25524248,950.0,870.6022766093158,True,3856.6619521989096,340.0,10,24,26.688396828292888,0
147,2833445980,670.0,633.2215839642977,True,2610.4133158125605,300.0,6,10,10.759484381895575,0
73,4684520653,155.0,254.46299119722423,False,621.9307037854271,0.0,2,0,0.0,0
142,4174200043,250.0,327.9366826986047,False,1007.667584167675,20.0,0,0,0.16192927072485863,0
148,282686499,380.0,442.9369917346245,False,1611.4192066067792,65.0,0,0,0.6634874325793491,0
92,1614926348,435.0,495.5579917220541,False,1887.6794565407843,85.0,2,0,0.9551492065217795,0
32,21665580,350.0,405.7059933261728,False,1415.956464962408,65.0,2,7,4.890195998580735,0
268,4174200043,405.0,465.4360096187424,False,1729.539050498398,75.0,5,13,19.762691874638314,4
128,14728072,555.0,575.9327470188831,False,2309.6469218491357,150.0,4,8,8.544267943150011,0
13,292252720,715.0,702.6312247927611,True,2974.8139301619967,220.0,6,37,48.22083576096406,3
216,9521006,360.0,433.1345867925682,False,1559.9565806609821,55.0,2,5,5.883545974520159,0
271,107693,600.0,468.3155920931907,True,1744.6568584892518,375.0,1,7,8.475352004930308,0
70,1230855633,140.0,243.51689854075522,False,564.463717338965,0.0,3,0,0.0,0
12,25257810,475.0,525.3235137544509,False,2043.9484472108666,105.0,3,8,8.509739843757275,0
7,7066266061,705.0,730.7824853368472,False,3122.608048018449,190.0,1,5,4.596273696181418,0
9,13924531990,840.0,694.0724852947938,True,2929.8805477976666,420.0,10,16,9.533866398325028,0
156,6355365939,405.0,484.5686646173656,False,1829.9854892411693,65.0,3,1,1.2824606452243634,0
66,14727254,830.0,686.0721569472498,True,2887.8788239730648,480.0,8,12,9.908109600877708,0
220,107790,830.0,767.4842917609092,True,3315.2925317447716,295.0,5,11,8.62871905555433,0
260,1115431333,495.0,539.8630069098957,False,2120.2807862769528,115.0,7,5,3.0509010468324025,0
235,4702603699,295.0,368.85788495490704,False,1222.5038960132617,35.0,3,1,2.2783667549529723,0
138,9906585155,575.0,605.2269867600328,False,2463.441680490171,150.0,5,23,24.384341289246706,0
194,13250138,585.0,634.7358929332456,False,2618.3634378995393,140.0,4,5,3.352902097902098,0
99,2934851453,705.0,714.6367023453228,False,3037.842687312945,235.0,4,9,10.018340870029604,0
48,9475528,480.0,521.4606999502215,False,2023.6686747386627,110.0,3,14,12.458357278313343,0
246,25473423,770.0,613.9031441556566,True,2508.9915068171986,415.0,6,13,9.277526908668335,0
265,102025,400.0,456.4940804751983,False,1682.5939224947913,80.0,6,5,4.258358377690797,0
8,5387300688,515.0,562.6577946047147,False,2239.953421674752,120.0,2,5,5.207274822918231,0
52,25417431,590.0,583.568344174559,True,2349.7338069164352,190.0,4,7,4.52438337832607,0
103,333725798,1030.0,912.3616701813055,True,4075.8987684518543,390.0,7,8,8.881355149922497,0
76,2476787985,265.0,339.78898488161167,False,1069.8921706284607,45.0,0,1,0.5749328886052273,0
30,26591528,705.0,717.8694974469868,False,3054.81486159668,255.0,11,2,5.304889872983627,0
120,25473373,545.0,590.3378486812318,False,2385.2737055764683,130.0,5,5,4.703021920262035,0
134,1678452758,860.0,773.5831146440056,True,3347.311351881032,370.0,6,7,9.141843712640735,0
274,25533613,570.0,597.9421046624656,False,2425.196049477945,160.0,5,11,11.736188014732015,0
91,21665140,860.0,771.9879576295336,True,3338.936777555052,415.0,7,12,10.325150730753467,0
282,25473291,480.0,505.7612948008009,False,1941.246797704205,195.0,6,5,4.256269065052591,0
129,25533613,500.0,543.9638215169758,False,2141.810062964124,115.0,7,7,4.114275558700914,0
102,1230855633,435.0,495.383243239024,False,1886.7620270048762,85.0,2,3,2.0919385258500474,0
46,1685938740,940.0,839.9012328184804,True,3695.481472297019,350.0,7,3,5.199680850284819,0
63,1614846683,530.0,577.4937022594794,False,2317.8419368622663,125.0,1,6,7.517858566334838,0
15,26001541,85.0,199.84620943330503,False,335.1925995248514,0.0,0,0,0.0,0
44,3764054180,635.0,680.2980325097874,False,2857.5646706763823,155.0,3,4,2.5660372068918402,0
85,311153342,435.0,480.3318160584776,False,1807.7420343070069,95.0,2,11,13.382279731584408,0
178,1317141252,655.0,687.0508944850036,False,2893.017196046268,170.0,7,13,11.289240442926815,0
75,6460816408,600.0,615.0843486830867,False,2515.192830586204,165.0,2,8,8.702053780977524,0
233,25473293,715.0,616.816390826361,True,2524.2860518383955,345.0,2,14,9.576444240084998,0
34,12921761055,725.0,743.5757073532122,False,3189.772463604365,200.0,4,10,11.399232026377312,0
116,25507343,800.0,713.6193132058156,True,3032.5013943305316,385.0,4,21,22.408816937358022,0
64,11783244661,555.0,599.3680175577455,False,2432.682092178163,135.0,5,26,33.46609288553642,0
65,5393414954,470.0,442.0316605081984,True,1606.6662176680418,470.0,3,36,40.27219684607589,0
237,4347844156,360.0,398.5209937659995,False,1378.2352172714973,90.0,2,4,4.829113676745765,1
205,26699549,220.0,279.3274033862691,False,752.4688677779129,65.0,1,9,7.244446191042533,0
278,1678452766,650.0,598.2439662103908,True,2426.7808226045536,300.0,5,4,4.350878535827993,0
83,4702603702,450.0,488.94425656280976,False,1852.95734695475,105.0,3,6,4.950128248585276,0
283,1607738730,1175.0,1017.4785983809494,True,4627.762641499984,515.0,8,13,13.615831952391472,0
155,1232048350,315.0,402.27366708833233,False,1397.936752213745,30.0,3,1,0.9443825680763871,0
210,108258,440.0,475.5847466391939,False,1782.8199198557686,105.0,3,10,13.158911593132503,0
262,1619464655,1235.0,983.4233548788688,True,4448.97261311405,545.0,9,38,34.59663582167917,0
190,108070,785.0,698.8299458067909,True,2954.8572154856533,295.0,3,1,4.467587941263465,0
157,10574746,370.0,440.5231224018184,False,1598.7463926095459,60.0,3,1,3.086765396751838,0
48,383974165,60.0,178.83894550676752,False,224.9044639105294,0.0,0,0,0.0,0
266,9512928,425.0,444.88679697775916,False,1621.6556841332351,120.0,4,8,6.744954177954418,0
109,2941537158,415.0,469.26427569913585,False,1749.6374474204636,85.0,2,2,2.720671220340768,0
284,26699544,555.0,571.6048526700325,False,2286.92547651767,185.0,3,9,7.613538621647724,0
175,1620855375,650.0,658.9291439182625,False,2745.3780055708785,205.0,5,5,7.247631745426511,0
253,1614846702,595.0,457.5039110723203,True,1687.8955331296822,515.0,0,8,10.956935546939757,0
86,25522907,380.0,436.52997747614046,False,1577.7823817497372,70.0,4,1,1.0054917836899373,0
208,21665360,715.0,636.3015314096867,True,2626.5830399008532,265.0,7,3,3.6228431458382047,0
49,10574746,1050.0,937.6113059400759,True,4208.4593561854035,510.0,14,31,32.03001140836256,0
60,2440630566,655.0,656.3438934941399,False,2731.805440844232,225.0,5,4,6.182779119378182,0
167,2441998875,380.0,427.21335005373476,False,1528.8700877821077,80.0,3,5,4.780213493641211,0
113,742854915,755.0,620.1126024778108,True,2541.591163008507,425.0,2,12,12.49273281447429,0
58,9791495,200.0,295.0708220882754,False,835.1218159634457,0.0,0,0,0.0,0
106,21533908,670.0,712.8572760799818,False,3028.5006994199052,170.0,4,4,3.647743350030584,0
21,2214957485,580.0,633.6980832530799,False,2612.91493707867,135.0,6,3,2.315097222327687,0
36,26845543,920.0,751.7622361059653,True,3232.7517395563164,415.0,6,7,8.437850945940177,0
200,107319,920.0,730.3661970859162,True,3120.4225347010574,435.0,5,12,13.556590538987713,0
224,454368529,460.0,520.0689204347399,False,2016.3618322823834,95.0,4,6,6.1732690620825705,0
248,294651409,590.0,643.8846569736024,False,2666.3944491114144,135.0,5,1,3.4425233100233097,0
42,1667203550,460.0,522.1430467217641,False,2027.2509952892615,90.0,3,1,1.6857241226339732,0
126,1637789617,285.0,360.55522371964054,False,1178.9149245281128,35.0,4,1,1.742789940806604,0
29,110004,375.0,359.97065739547776,True,1175.8459513262583,205.0,1,7,5.599761913448062,0
135,9512915,825.0,744.1946047425104,True,3193.0216748981775,300.0,5,8,8.209684311911,0
149,5393414954,650.0,544.4095353688047,True,2144.150060686225,650.0,2,37,42.00460976691255,0
166,255564,190.0,280.14405315709695,False,756.756279074759,0.0,1,0,0.0,0
137,265124953,930.0,955.0319056695619,False,4299.917504765199,260.0,9,9,7.340692455524273,0
214,108304,715.0,655.8739697201274,True,2729.3383410306683,315.0,4,4,4.49059081930388,0
161,8421658424,1040.0,817.6327907970325,True,3578.572151684417,510.0,8,19,17.80229321483903,0
183,351771449,570.0,617.0063772298953,False,2525.2834804569493,135.0,5,4,2.488684636876126,0
219,255562,470.0,542.2638274946088,False,2132.885094346696,90.0,5,4,4.682488029418817,0
68,25476020,620.0,661.1095508536923,False,2756.825141981885,155.0,5,14,11.030478920243144,0
184,5112906885,180.0,278.7632618923963,False,749.5071249350807,0.0,2,0,0.0,0
26,9521029,400.0,450.2786275605358,False,1649.9627946928126,80.0,0,3,3.2397055402406822,0
212,26559371,565.0,600.0921855801802,False,2436.483974295946,140.0,9,4,6.532313584715436,0
158,102025,515.0,537.2159524014688,False,2106.3837501077105,135.0,5,12,18.4503468807733,0
288,26559369,655.0,592.1404943273282,True,2394.7375952184752,275.0,7,4,3.218537123184392,0
33,4252666506,255.0,338.9104954553329,False,1065.280101140498,15.0,1,1,1.9531335551749676,1
254,9178184328,1480.0,1146.6882714056228,True,5306.113424879508,905.0,5,46,42.76007538358576,0
164,25532839,745.0,742.9993019740522,False,3186.7463353637745,220.0,5,10,6.940912735412514,0
17,26652117,500.0,535.548809269776,False,2097.6312486663237,145.0,6,5,5.736861005586404,0
27,21665911,595.0,613.9803889192566,False,2509.3970418260974,595.0,6,32,30.767449263937507,0
242,1678452758,470.0,485.5853200983877,False,1835.3229305165353,140.0,4,12,10.042396113346877,0
192,107318,345.0,413.26741758910504,False,1455.6539423428017,55.0,7,6,6.867166586236026,0
88,5932856690,395.0,466.60650824443223,False,1735.6841682832678,65.0,2,3,4.660396649309688,0
232,25533578,390.0,462.79694442826025,False,1715.6839582483663,65.0,4,3,4.75272486699733,0
279,26699537,590.0,596.959817191158,False,2420.039040253579,590.0,9,55,56.875927954662146,0
112,25505558,520.0,578.109788027479,False,2321.0763871442646,115.0,7,3,4.903118107113344,0
179,25500807,415.0,479.9020851589423,False,1805.485947084447,75.0,1,1,3.020069370541078,0
45,2191480791,685.0,718.9822656686839,False,3060.6568947605924,180.0,7,8,5.096718176445375,0
177,9698077954,885.0,898.0459777775854,False,4000.741383332322,255.0,11,10,7.347585211224439,0
19,2191480791,260.0,341.9998462254164,False,1081.4991926834352,20.0,1,2,0.9747615429181484,0
57,14069254029,285.0,367.69053629020823,False,1216.375315523593,25.0,1,0,0.47150709219858156,0
173,9576731320,505.0,512.0841932073357,False,1974.442014338513,155.0,4,9,9.241658495952407,0
160,1678452778,885.0,725.6464630524888,True,3095.6439310255664,500.0,4,16,12.946741868086812,0
270,1685751696,455.0,515.1284395266539,False,1990.4243075149325,90.0,4,7,3.2876192360669583,0
133,2191480791,665.0,689.836754973764,False,2907.642963612261,180.0,8,10,10.934996696262226,0
222,107793,765.0,657.1668794950964,True,2736.126117349258,440.0,2,4,12.211108697899002,0
207,603756849,395.0,462.53669384926525,False,1714.317642708642,70.0,5,1,1.6115765765765766,0
94,25257402,360.0,421.60008783560255,False,1499.4004611369128,60.0,4,5,4.424806134160386,0
144,2271422636,745.0,735.9515236283577,True,3149.7454990488804,225.0,2,6,8.186594040727917,0
155,3557235449,115.0,222.05731593419884,False,451.80090865454383,0.0,0,0,0.0,0
197,10996228332,775.0,766.1909689305494,True,3308.5025868853836,235.0,4,10,15.18254402670556,2
66,107806,185.0,278.9899603609095,False,750.6972918947748,0.0,2,0,0.0,0
280,1667203548,855.0,784.9194475579183,True,3406.8270996790707,305.0,3,7,7.178859103715311,0
247,1684410129,460.0,508.5854332807183,False,1956.0735247237717,100.0,1,6,7.138213434830657,0
249,4702603699,520.0,529.0312905125955,False,2063.4142751911263,145.0,6,23,21.07581093725516,0
151,108045,550.0,550.5741765081057,False,2176.514426667556,160.0,5,4,4.383309413932738,0
38,9512937,620.0,601.6381570208654,True,2444.6003243595437,205.0,3,6,8.192585326483133,0
95,235235,810.0,723.9062395017921,True,3086.50775738441,300.0,4,9,8.238247316492888,0
290,292252720,935.0,892.8999472386477,True,3973.7247230029025,305.0,10,14,12.181510571268253,0
55,9046520718,595.0,634.3668687916246,False,2616.4260611560285,150.0,2,5,4.692012894403984,0
72,21665585,790.0,763.6264748631424,True,3295.0389930314964,255.0,6,11,7.305392760768507,0
244,25501325,770.0,728.6539273765425,True,3111.433118726847,255.0,5,1,3.853997996783917,0
213,6273263209,765.0,633.344375008061,True,2611.05796879232,485.0,4,14,22.042565520871836,0
193,108040,565.0,530.4750633922524,True,2070.9940828093245,235.0,1,6,6.5237211568091285,0
189,9512924,490.0,550.5435573283584,False,2176.353675973881,100.0,3,6,5.382246423981531,0
203,9512935,390.0,445.37097516012494,False,1624.197619590656,115.0,2,7,8.128312274838276,0
136,25473260,455.0,520.8676971788979,False,2020.555410189213,90.0,5,1,0.8363966588966589,0
198,6319748554,600.0,634.1509623922769,False,2615.292552559453,155.0,7,6,3.746664958998865,0
191,107320,510.0,563.1674315559658,False,2242.6290156688196,115.0,1,8,6.269055983180289,0
279,9791487,55.0,176.64594113194096,False,213.39119094268992,0.0,0,0,0.0,0
172,2784682616,580.0,632.765236723122,False,2608.01749279639,135.0,7,1,3.456502320393604,0
289,102025,435.0,512.7931901478145,False,1978.1642482760274,75.0,6,3,1.3494767970883432,0
174,107821,795.0,738.701476472473,True,3164.1827514804827,325.0,8,7,5.49098148639986,0
9,9791491,240.0,318.81997340735643,False,959.8048603886214,15.0,1,1,1.3500776712002955,0
139,25502544,435.0,480.58125740540385,False,1809.0516013783702,95.0,1,4,2.38036002923992,0
178,11582793599,180.0,279.2633351085894,False,752.1325093200941,0.0,3,0,0.0,0
292,311153342,660.0,701.1791642384502,False,2967.1906122518644,165.0,10,16,16.488014540718382,0
130,26559371,400.0,439.9429032573166,False,1595.7002421009122,100.0,3,1,2.835998215736795,0
269,25375955,415.0,453.4968108786172,False,1666.8582571127401,95.0,1,3,2.216841247270849,0
125,1685938741,580.0,636.2289605855605,False,2626.202043074194,130.0,11,6,3.846801360008268,0
215,3531897238,360.0,430.3963515756765,False,1545.5808457723006,55.0,3,0,2.081516300512419,0
185,2191480791,375.0,446.2460490408355,False,1628.7917574643868,60.0,2,3,1.629987599631565,0
110,25544119,325.0,379.721965009124,False,1279.5403162979017,55.0,2,4,5.106341063677149,0
118,9295694734,380.0,450.91487027245785,False,1653.3030689304037,60.0,3,1,1.7516083858309222,0
140,109838,495.0,529.1986474773685,False,2064.292899256185,120.0,3,1,1.2988892288795235,0
285,5411324111,1300.0,1076.7480882162058,True,4938.927463135081,600.0,9,15,17.214508722691978,0
206,5006063180,575.0,614.6855547343309,False,2513.0991623552363,140.0,6,4,1.9212875029304313,0
277,6460816408,735.0,729.4584782427341,True,3115.6570107743555,220.0,5,10,8.654513361430757,0
162,9039467687,515.0,535.2025830156265,False,2095.813560832039,140.0,2,1,2.2148385199328438,0
23,2441998875,645.0,521.0993384149785,True,2021.7715266786383,370.0,3,11,8.862223902609555,0
14,528126781,490.0,528.5709960679051,False,2060.9977293565016,130.0,3,21,32.7131159481429,1
137,25473373,130.0,238.53471955636397,False,538.3072776709109,0.0,3,0,0.0,0
239,108300,750.0,728.2147131651827,True,3109.127244117208,240.0,8,20,18.529635365403724,0
83,25470694,205.0,298.3535785242758,False,852.356287252448,0.0,1,0,0.0,0
291,1667118111,1175.0,976.0160523839248,True,4410.084275015604,490.0,7,28,27.181638751185588,0
182,21665911,425.0,437.80488432322875,False,1584.4756426969518,425.0,5,35,32.89034591946549,0
80,8421658424,655.0,667.6740544606341,False,2791.288785918329,185.0,0,5,4.280385531275112,0
112,1630526800,110.0,218.12997202931052,False,431.18235315388006,0.0,1,0,0.0,0
16,25544143,335.0,383.5160171297142,False,1299.4590899309999,120.0,5,0,1.890221034427506,0
171,1678452820,545.0,536.6065599680096,True,2103.1844398320504,255.0,3,19,15.34222638683281,0
105,110009,940.0,882.1379759144355,True,3917.224373550787,340.0,8,11,9.504946139894232,0
94,25257808,90.0,201.2833431956945,False,342.73755177739605,0.0,0,0,0.0,0
163,14003329325,450.0,457.23449744899835,False,1686.4811116072415,125.0,1,10,8.00697360934645,0
97,4784457202,605.0,640.4213351611445,False,2648.212009596011,155.0,6,11,7.014977528628405,0
127,108895,945.0,896.1781979366763,True,3990.9355391675485,315.0,8,10,10.226748984013808,0
108,4222962185,575.0,619.0353272305282,False,2535.935467960273,140.0,6,9,8.09955134184611,0
56,108306,670.0,680.4573181432678,False,2858.4009202521547,215.0,5,3,4.155722524662964,0
132,110031,770.0,751.6354635850327,True,3232.086183821419,240.0,3,13,12.004670142856744,0
76,25529933,270.0,331.13797941025143,False,1024.4743919038199,85.0,1,3,0.547034296638945,0
67,9371260474,640.0,669.9865074934469,False,2803.429164340595,170.0,5,5,8.916054779182504,0
145,3892184068,935.0,687.3433087112535,True,2894.5523707340753,550.0,1,1,0.6931305669630987,0
81,2441107350,800.0,787.9620443554309,True,3422.8007328660124,245.0,5,9,11.062976502531804,0
128,108258,320.0,399.4192581418113,False,1382.9511052445096,40.0,2,1,1.146872832394415,0
43,25473423,525.0,514.9635647507217,True,1989.5587149412881,250.0,5,14,14.951801582405164,0
136,1678452758,90.0,203.77801568353308,False,355.8345823385486,0.0,0,0,0.0,0
117,14727249,540.0,584.0008353964776,False,2352.004385831507,130.0,4,5,3.0010237276205003,0
69,11329900032,615.0,653.673245711729,False,2717.7845399865755,155.0,6,1,4.69182542523739,0
236,11188424157,375.0,429.64058507674093,False,1541.6130716528899,70.0,5,5,4.484790546276996,0
188,11707733696,660.0,704.8049071548378,False,2986.225762562897,165.0,9,14,14.240962166488229,0
259,25257319,760.0,778.5517760261333,False,3373.3968241371995,215.0,12,14,7.8402812418213035,0
96,21665135,885.0,736.2476191150304,True,3151.3000003539114,530.0,2,17,14.70348520093436,0
37,108329,805.0,811.8771441825157,False,3548.3550069582066,235.0,4,10,8.45239381307129,0
147,108045,350.0,424.7436559116213,False,1515.9041935360121,50.0,3,4,5.6269218252489495,0
53,7639001106,465.0,506.7140539725899,False,1946.248783356097,110.0,4,2,1.965776798799448,0
62,862398887,605.0,646.99199132326,False,2682.707954447114,150.0,2,16,17.983565731746815,0
138,25500900,325.0,392.36483021094705,False,1345.915358607472,50.0,1,4,3.120081029894385,0
245,9295694734,575.0,594.9047757693343,False,2409.250072789004,155.0,1,6,4.880106879251535,0
266,108216,255.0,345.64845941910016,False,1100.654411950276,10.0,2,0,0.7003178469102199,0
244,82710879,125.0,231.69523420019488,False,502.3999795510229,0.0,0,0,0.0,0
4,108040,405.0,463.90773138967415,False,1721.5155897957898,80.0,4,12,12.784335333282955,0
241,1106056866,585.0,465.9171134484801,True,1732.0648456045208,480.0,1,7,10.424652528288776,0
157,4222962219,255.0,330.0294094531132,False,1018.6543996288441,20.0,1,1,0.6565831676377037,0
180,26559369,595.0,609.6758096843554,False,2486.7980008428644,165.0,5,1,2.716432812236506,0
150,8916243,720.0,694.5941047767684,True,2932.619050078035,290.0,11,2,3.8503283979850473,0
246,104315,325.0,404.94941435442456,False,1411.9844253607287,40.0,3,0,0.6830303030303031,0
181,1614846692,645.0,665.6795100351308,False,2780.8174276844393,175.0,7,5,5.478534904181938,0
1,1835289526,630.0,664.4909864426422,False,2774.577678823871,160.0,1,4,3.539043782902012,0
231,2586614735,595.0,607.9718407223226,False,2477.852163792193,165.0,5,12,11.70876450674327,0
52,25470694,320.0,391.53161045004794,False,1341.5409548627515,45.0,2,2,0.8413908642358289,0
204,9791491,710.0,642.2472018842611,True,2657.7978098923722,335.0,4,11,8.729681132657523,0
251,12725097483,665.0,712.4799312552011,False,3026.519639089805,165.0,6,3,4.556049488238071,0
234,1230855633,455.0,509.48549036061917,False,1960.7988243932502,95.0,3,0,1.7772485493230175,0
17,11679091624,200.0,292.9367674281104,False,823.9180289975799,0.0,1,0,0.0,0
85,255564,310.0,339.0144733942861,False,1065.8259853200018,130.0,1,6,8.690491601331543,0
165,11866625772,1050.0,869.187316673057,True,3849.23341253355,520.0,10,10,10.819838923470009,0
276,26652119,500.0,533.4394910675086,False,2086.557328104421,125.0,7,2,1.9608322622251495,0
64,21665583,300.0,379.34512777299,False,1277.561920808197,300.0,1,32,46.00890849211977,8
54,12120966382,1140.0,954.6909162943439,True,4298.127310545304,500.0,8,8,11.133924851866567,0
218,25530312,565.0,587.3205615346983,False,2369.4329480571664,150.0,3,2,3.009495584986728,0
275,2441107350,1005.0,823.4741031533651,True,3609.239041555167,425.0,11,9,12.241183314776082,0
175,107863,275.0,358.144632170184,False,1166.259318893466,20.0,3,0,0.2877651525065632,0
283,27503587,305.0,394.0637693030449,False,1354.8347888409855,25.0,1,2,0.8191377479243707,0
115,109618,465.0,506.38940735346296,False,1944.5443886056812,110.0,3,8,7.6964572459847505,0
253,11767208,285.0,346.7579870994043,False,1106.4794322718726,40.0,1,2,0.6141776296655674,0
101,1616122178,560.0,583.5334710560694,False,2349.550723044364,150.0,9,5,5.010364224255497,0
84,370712148,560.0,572.8703371199341,False,2293.5692698796543,210.0,5,6,4.067756488917871,0
135,25544127,260.0,339.24599117732765,False,1067.0414536809703,20.0,2,0,0.6916536803541626,0
22,1612319349,495.0,554.8328295506769,False,2198.872355141053,105.0,3,3,2.9381307367816163,0
199,734769756,545.0,551.1249097704555,False,2179.4057762948905,155.0,2,8,10.098974654800603,0
219,25256253,255.0,346.6188768295112,False,1105.7491033549336,10.0,2,0,0.3655909408265602,0
238,3552338823,475.0,515.5479145338898,False,1992.6265513029207,155.0,3,7,5.637775785748733,0
146,820271,960.0,790.8706383212316,True,3438.070851186463,405.0,8,13,8.863715988057715,0
111,2482696992,750.0,757.9184064420175,False,3265.0716338205916,750.0,4,61,77.30248201339506,3
188,333650017,80.0,195.17276009453408,False,310.6569904963039,0.0,1,0,0.0,0
88,25544126,240.0,321.16335056357457,False,972.1075904587667,15.0,4,2,0.9180916938383993,0
160,289996665,220.0,308.80924978958654,False,907.2485613953289,0.0,0,0,0.0,0
124,1630526800,1075.0,894.866698090314,True,3984.0501649741477,620.0,10,18,17.854000089302392,0
107,108267,560.0,605.125494492195,False,2462.9088460840226,135.0,5,5,7.506462159459474,0
28,25476020,835.0,841.2398438216832,False,3702.509180063835,245.0,4,9,10.302202207306676,0
233,21665589,345.0,392.2981415208313,False,1345.5652429843644,110.0,1,10,8.073853236661408,0
68,3455988435,270.0,358.9017068836316,False,1170.2339611390657,15.0,4,0,0.16176004579234535,0
131,9512930,545.0,588.2655001549431,False,2374.39387581345,130.0,7,1,4.8140103002423,0
226,289996665,875.0,869.9764186839301,True,3853.376198090633,265.0,11,12,11.1452753621121,0
71,1283446717,1035.0,885.7926900115449,True,3936.411622560612,605.0,10,26,29.58237095962187,0
257,812264838,775.0,761.7473593016997,True,3285.1736363339232,290.0,3,8,9.289440528949003,0
20,14017207475,915.0,884.3273364134425,True,3928.718516170572,295.0,7,3,8.26746911263171,0
273,2215490967,810.0,785.1230824424998,True,3407.8961828231263,310.0,4,8,7.2775657397010844,0
281,2441998875,610.0,595.2086921991805,True,2410.8456340456983,220.0,6,6,7.755968432224459,0
35,5387300688,480.0,522.4223402513738,False,2028.7172863197127,110.0,5,5,3.2629213259404675,0
34,25507334,360.0,439.5846293068972,False,1593.8193038612096,50.0,1,1,1.1774005423054832,0
151,25375955,230.0,306.3244965098782,False,894.2036066768608,15.0,2,2,1.2237822913791543,0
164,2191480791,275.0,361.0542492264149,False,1181.534808438678,20.0,2,0,1.8641503674536068,0
86,25522907,330.0,409.0252303078689,False,1433.3824591163122,40.0,4,1,1.6784726348665047,0
133,21544863,250.0,338.1498998161555,False,1061.2869740348158,10.0,3,0,0.45737100088985605,0
228,9512930,605.0,644.825417460058,False,2671.3334416653042,150.0,2,8,5.829079614236428,0
65,12422012434,370.0,439.3555395192309,False,1592.6165824759616,60.0,2,2,1.4898077535385772,0
122,1667203485,565.0,593.4659004435496,False,2401.6959773286353,165.0,4,2,5.6109258621299505,0
267,4702603654,765.0,700.1467294382496,True,2961.770329550811,360.0,2,4,8.935447215957023,0
289,9512908,210.0,307.37942990577443,False,899.742007005315,0.0,2,0,0.0,0
185,25522558,190.0,272.774374435966,False,718.0654657888215,0.0,0,0,0.0,0
225,25632144,615.0,490.2552727414268,True,1859.8401818924904,480.0,2,3,4.507296610541122,0
121,2482696992,685.0,649.0998474321362,True,2693.774199018714,685.0,7,77,92.33258872343654,3
77,25375812,585.0,617.4160344697966,False,2527.434180966433,150.0,6,3,3.380419012059114,0
223,3733175891,705.0,571.3239509592225,True,2285.4507425359175,705.0,1,36,46.77200031649475,3
8,351771449,430.0,494.4715697658245,False,1881.9757412705783,80.0,3,2,3.374231982015427,0
99,11329900032,450.0,499.4674102072106,False,1908.2039035878543,100.0,3,6,6.06462028193257,0
30,21665006,435.0,472.0338158042098,False,1764.1775329721017,140.0,4,3,5.311580421202245,0
31,282686499,1185.0,900.4376015076236,True,4013.2974079150285,795.0,7,16,8.271256397817147,0
152,26559655,610.0,635.8862789629104,False,2624.4029645552805,175.0,5,1,1.8939181232092157,0
255,9702441401,695.0,695.2373706072395,False,2935.996195688007,205.0,0,15,14.568368527948794,0
235,6089552096,470.0,531.1899429122244,False,2074.7472002891795,95.0,1,1,1.6171046868172099,0
243,25475387,845.0,822.5126286592442,True,3604.191300461033,265.0,9,13,14.116292695084688,0
114,2833445980,565.0,614.2817310901349,False,2510.97908822321,135.0,5,6,5.933947726662842,0
48,333670399,400.0,456.60395568871894,False,1683.1707673657743,80.0,6,5,4.80328326558293,0
252,9521029,780.0,735.9499763640979,True,3149.7373759115135,260.0,6,1,3.9445936286408694,0
186,108309,965.0,953.9005419774454,True,4293.97784538159,295.0,6,7,11.818971041007359,0
2,14069254029,535.0,582.0492755703871,False,2341.758696744532,125.0,4,4,3.459376688294607,0
119,108306,940.0,836.1753188762161,True,3675.920424100133,455.0,5,33,29.09071262755171,0
183,25375812,350.0,417.9062757598946,False,1480.0079477394465,55.0,0,7,7.129231675743468,0
278,9789817,420.0,453.98788669132614,False,1669.436405129462,125.0,2,19,19.955401030040687,0
59,4993728406,930.0,933.5726308209153,False,4187.256311809806,275.0,7,12,10.618193532165755,0
149,25476020,365.0,443.35662386872303,False,1613.6222753107963,50.0,3,0,1.4257355909214664,0
39,5568839679,605.0,614.0370716763246,False,2509.6946263007026,175.0,7,7,4.862296024750416,0
123,2214957485,670.0,607.5281407434708,True,2475.5227389032216,240.0,3,4,3.210625501072011,0
258,9791487,565.0,549.8267627139497,True,2172.5905042482364,180.0,3,7,7.075814581255002,0
198,25501016,270.0,333.1723438593121,False,1035.1548052613887,35.0,2,1,2.2158249817813425,0
22,4684520668,100.0,212.14314875525707,False,399.7515309650995,0.0,2,0,0.0,0
63,6378017135,450.0,509.24231156819843,False,1959.5221357330418,90.0,5,2,1.9286024731769416,0
271,7737133469,505.0,537.0036491486061,False,2105.2691580301816,125.0,6,14,20.795433103997862,2
87,25256620,595.0,635.5022743038339,False,2622.3869400951266,150.0,6,1,2.753611529634223,0
170,3764054180,825.0,787.5626171154904,True,3420.703739856324,310.0,10,13,13.601326909486698,0
187,21665911,750.0,742.9072942664433,True,3186.2632948988266,750.0,3,73,79.94091705546087,0
154,25472057,535.0,563.0084181379467,False,2241.7941952242204,140.0,4,4,2.8622869552410974,0
61,107793,540.0,573.0741480064297,False,2294.6392770337557,135.0,3,2,2.4897152711811783,0
146,25501773,105.0,216.0074818488464,False,420.0392797064435,0.0,0,0,0.0,0
79,25257795,820.0,732.3170471631809,True,3130.664497606698,305.0,4,1,2.672466303196956,0
166,1317156147,380.0,450.6394509341959,False,1651.8571174045287,60.0,6,2,3.3568146266185868,0
73,1215418697,535.0,583.3965614475396,False,2348.831947599583,125.0,1,4,6.299455257602164,0
18,109836,795.0,766.7214692427195,True,3311.287713524278,255.0,7,6,9.502160212190626,0
100,109838,635.0,654.2239988889964,False,2720.6759941672303,175.0,7,5,6.088397812588462,0
205,1620855390,450.0,517.7256131303369,False,2004.0594689342677,85.0,5,1,2.647481742490182,0
134,25501325,490.0,506.97165968750653,False,1947.6012133594102,135.0,5,3,3.5340226586947425,0
158,107793,380.0,442.23981862684735,False,1607.7590477909487,70.0,3,2,1.0041195234300762,0
222,25502545,340.0,403.6599283063358,False,1405.214623608263,55.0,3,7,6.56988052715915,0
169,25473300,565.0,568.3284964985495,False,2269.7246066173857,165.0,8,7,6.978017269085173,0
4,108214,185.0,283.40269645829216,False,773.8641564060337,0.0,0,0,0.0,0
24,1493424643,575.0,587.0550662000538,False,2368.039097550283,195.0,5,7,4.8833006015133416,0
189,21665965,310.0,384.7289464930941,False,1305.8269690887437,40.0,2,0,1.6663810748298178,0
32,5932883504,545.0,566.368951039953,False,2259.436992959753,175.0,4,12,8.136927540818863,0
229,1493458889,770.0,688.4274105294251,True,2900.2439052794807,285.0,11,3,4.4615554302521225,0
3,21665926,745.0,667.2783454464944,True,2789.2113135940967,370.0,5,13,9.330526612019293,0
40,102035,695.0,736.5121739706335,False,3152.688913345825,175.0,2,8,7.349532958364445,0
78,4457798822,910.0,891.9111373340826,True,3968.5334710039333,285.0,4,8,8.13740484558747,0
44,25256949,500.0,556.311102097511,False,2206.6332860119323,110.0,4,0,1.2767909660497248,0
156,691084080,555.0,592.1623361896164,False,2394.8522649954857,140.0,1,3,2.424058219925799,0
230,25476020,645.0,690.362381679628,False,2910.402503818045,160.0,4,4,4.527922110191363,0
172,3552338823,320.0,376.4229371178926,False,1262.220419868936,85.0,2,6,6.134417491276904,0
102,107812,515.0,551.2320583609603,False,2179.968306395041,125.0,5,1,2.6541057326775848,0
98,1685938740,600.0,643.3267942268269,False,2663.46566969084,145.0,8,2,2.2481840692248696,0
168,26405445,770.0,743.0650192831458,True,3187.0913512365155,245.0,3,26,31.935215246526056,2
259,294651409,225.0,322.87971373883374,False,981.1184971288775,0.0,3,0,0.0,0
143,4174200043,920.0,871.5539486996921,True,3861.6582306733826,305.0,8,10,9.101595941707833,0
191,9791487,345.0,405.895643766726,False,1416.9521297753115,60.0,3,12,14.561129832934245,0
240,8972710892,615.0,626.9253696193229,False,2577.3581905014457,175.0,3,12,10.394647518766003,0
227,5393414954,630.0,617.977491158927,True,2530.3818285843668,630.0,7,19,18.46256811338849,0
81,1630526800,255.0,344.971629736914,False,1097.1010561187984,10.0,2,0,1.4561336818124968,0
93,2129184285,880.0,727.2433349739463,True,3104.027508613217,370.0,3,5,8.392982955840461,0
49,107319,460.0,462.84608736660033,False,1715.9419586746508,185.0,2,11,9.280716087612367,0
5,6521839582,740.0,693.6479604537667,True,2927.6517923822744,255.0,3,12,6.830848546979706,0
220,311153342,560.0,615.4018470773531,False,2516.8596971561046,125.0,3,5,4.390231464252757,0
109,14069254029,485.0,535.2054938372038,False,2095.82884264532,110.0,2,2,3.2430733209600544,0
130,14958918,335.0,413.0766263587011,False,1454.6522883831806,45.0,2,1,2.0565896758620448,0
56,109619,275.0,362.235927010582,False,1187.7386168055552,20.0,1,4,4.430056333388637,0
57,4239164192,400.0,448.00780961592704,False,1638.0410004836172,85.0,6,8,6.2953657920438815,0
161,454212847,445.0,502.5997445406078,False,1924.648658838191,90.0,3,0,1.6409835333451488,0
36,102018,460.0,510.7231250952101,False,1967.2964067498528,100.0,1,13,17.247495306563096,0
10,25524248,610.0,640.6308595822507,False,2649.3120128068163,160.0,1,15,12.499737698082834,0
264,25522907,695.0,694.5137214902239,False,2932.197037823673,245.0,6,16,14.841344040909311,0
92,21665367,595.0,617.001399758275,False,2525.2573487309437,160.0,7,5,4.6842894947566025,0
263,1619316041,785.0,812.5816194453685,False,3552.053502088181,215.0,6,4,5.529965970093929,0
116,14003329325,520.0,550.1350194475325,False,2174.2088520995458,130.0,0,9,4.839976620269083,0
176,25495461,1080.0,877.4056442660666,True,3892.379632396848,465.0,7,22,19.745404446441842,0
249,292252720,400.0,479.40764367301165,False,1802.8901292833111,60.0,1,1,1.7712820505037068,0
280,14791188,410.0,483.17007336654734,False,1822.6428851743742,70.0,7,2,1.2625296235317163,0
6,26559369,780.0,645.9434053835437,True,2677.2028782636044,505.0,3,13,13.499279179403255,0
12,25256275,615.0,643.9711196139125,False,2666.848377973042,160.0,6,12,9.644987570134678,0
159,7737133469,960.0,905.1717597164827,True,4038.151738511532,325.0,8,13,18.14026352520283,0
282,108258,575.0,620.6214967759556,False,2544.2628580737664,140.0,4,3,4.2205906400841275,0
106,12437824276,495.0,548.5540108100616,False,2165.908556752823,110.0,2,8,7.9707030897293745,0
287,107831,855.0,706.3738262637696,True,2994.4625878847914,565.0,4,7,11.418705197724927,0
224,25544136,495.0,542.7321626063322,False,2135.3438536832437,120.0,3,4,4.290887088052819,0
247,3552338823,415.0,434.29052015330075,False,1566.0252308048287,120.0,0,11,13.45004522541376,0
268,9791495,625.0,611.9171905751497,True,2498.5652505195358,260.0,8,12,9.209504952572225,0
283,108224,230.0,326.9614814652684,False,1002.5477776926588,0.0,1,0,0.0,0
11,25533613,840.0,833.2851319999533,True,3660.746942999753,255.0,9,16,10.958983892114437,0
62,9512937,285.0,339.4957097498384,False,1068.3524761866515,80.0,1,2,2.282517665723587,0
262,9262072924,550.0,598.8014154118281,False,2429.7074309120962,130.0,8,6,2.6322141968617214,0
51,4784457202,820.0,756.5529718910984,True,3257.9031024282663,295.0,3,15,14.183713753159678,0
192,7198096092,465.0,499.04780902219466,False,1906.0009973665221,115.0,2,6,7.843904645004067,0
211,1614926342,890.0,844.4429380890496,True,3719.325424967511,295.0,11,10,9.226789260611591,0
250,25530312,685.0,560.452652083497,True,2228.3764234383607,370.0,1,4,8.402745211812904,0
256,12959453,705.0,696.9209328392492,True,2944.834897406059,215.0,4,5,8.20691869866072,0
1,2480891600,280.0,360.5362967381359,False,1178.8155578752132,25.0,3,5,5.025894932893125,0
162,26652117,380.0,432.6218381523781,False,1557.264650299985,75.0,2,0,1.1139149771604002,0
89,1174754892,800.0,787.930721368795,True,3422.6362871861725,250.0,8,6,5.0780815091101195,0
77,25257039,180.0,274.4694867164694,False,726.9648052614644,0.0,0,0,0.0,0
125,1607738730,390.0,460.8703556812545,False,1705.569367326585,65.0,3,5,3.374604611726631,0
214,25532839,505.0,522.0236471670962,False,2026.624147627255,135.0,2,10,10.026902804951458,0
265,1678452766,610.0,662.8139754700505,False,2765.7733712177646,145.0,7,4,4.283998467831828,0
254,1607738730,490.0,547.5653408625551,False,2160.7180395284145,105.0,3,11,6.346285338920552,0
118,107349,390.0,460.9104145227253,False,1705.7796762443081,65.0,8,5,3.6894452271440588,0
237,9789814,580.0,614.2807939230443,False,2510.9741680959814,150.0,4,3,2.664893238407596,0
267,12978761148,200.0,299.36291832714784,False,857.6553212175261,0.0,2,0,0.0,0
236,25378119,325.0,403.9028088582401,False,1406.48974650576,40.0,4,2,1.5800917113762767,0
7,14728072,655.0,679.6084412850761,False,2853.9443167466475,175.0,1,18,16.74086100235065,0
25,108329,1160.0,1081.3582024096627,True,4963.130562650725,430.0,8,20,13.043098106782441,0
97,691084080,365.0,439.9004841709541,False,1595.4775418975087,55.0,0,3,5.169987352512175,0
269,4684520630,415.0,478.3947300566559,False,1797.5723327974436,80.0,3,5,4.073917741586335,0
53,25473300,335.0,397.67467397021596,False,1373.7920383436335,65.0,3,3,5.513886251084312,0
60,21665582,565.0,590.2253679944115,False,2384.683181970661,565.0,11,38,44.984679366852795,0
195,13300220281,960.0,906.1228357008612,True,4043.144887429518,380.0,9,12,12.450273899076375,0
91,7261577394,640.0,587.2650587863377,True,2369.1415586282733,285.0,7,7,11.961775049546226,0
292,107821,440.0,476.9983890243766,False,1790.2415423779778,145.0,6,9,6.739669647846447,0
90,21563009,715.0,593.8967415468786,True,2403.9578931211126,490.0,2,12,9.815084496972311,0
274,1619500281,655.0,691.5894155736296,False,2916.844431761555,170.0,8,10,4.801925772622814,0
54,9020945997,315.0,388.854995294902,False,1327.4887252982355,40.0,2,1,0.48119758544857005,0
104,25507343,865.0,859.3275775638322,True,3797.4697822101184,265.0,7,29,33.914897981306964,2
50,26591528,790.0,787.8647803317964,False,3422.290096741932,255.0,6,8,6.757614606310753,0
74,2975783588,785.0,796.388460649152,False,3467.03941840805,225.0,9,4,9.38554553994724,0
103,5811245211,670.0,609.3418902554848,True,2485.044923841296,365.0,7,9,12.22762651158286,0
82,25257028,760.0,657.7804047783671,True,2739.347125086428,420.0,4,13,11.304882618134817,0
45,5932959891,535.0,582.2485549960328,False,2342.804913729173,125.0,3,13,11.323415611742476,0
221,12120966382,875.0,887.0292260462692,False,3942.903436742916,250.0,5,15,17.951734726690272,0
212,2833448424,580.0,603.513900083819,False,2454.4479754400504,155.0,7,15,14.008429804050014,0
83,5393414954,445.0,485.66945903488795,False,1835.7646599331615,445.0,4,52,60.29042817990616,0
256,25472904,90.0,205.11324385886024,False,362.8445302590164,0.0,0,0,0.0,0
229,9791152,190.0,267.8465681022918,False,692.1944825370318,0.0,4,0,0.0,0
169,25495442,195.0,285.28594615490573,False,783.7512173132553,0.0,0,0,0.0,0
64,11863161,355.0,424.58631216907173,False,1515.078138887627,55.0,2,1,0.9245212765957446,0
153,10264011826,795.0,764.864364922162,True,3301.5379158413516,265.0,5,12,12.372497530558988,0
189,10574749,205.0,294.650630123289,False,832.915808147267,0.0,0,0,0.0,0
207,9512924,550.0,550.0884480869273,False,2173.964352456368,170.0,2,8,7.0914691499395905,0
285,107793,485.0,544.6490554092044,False,2145.407540898324,100.0,8,9,4.282773371204547,0
80,107812,455.0,412.3653872227431,True,1450.9182829194006,350.0,3,11,15.210045967184781,0
21,26699549,620.0,636.0763226548944,False,2625.4006939381975,210.0,6,10,16.653411910145884,0
27,500486430,585.0,536.388597454394,True,2102.040136635569,380.0,3,14,12.616437448021639,0
260,2215490967,735.0,672.7486940946643,True,2817.9306439969873,350.0,7,10,14.813854781654072,0
209,4956890447,1195.0,1060.3690269974877,True,4852.9373917368075,540.0,10,16,18.022360457431642,0
244,25496815,405.0,481.84903115914494,False,1815.7074135855107,65.0,0,12,11.395708783218078,0
279,5393414954,520.0,533.4219070315397,False,2086.465011915584,520.0,1,39,36.27983904373162,0
41,1215418493,1085.0,952.5820185839377,True,4287.055597565673,415.0,10,11,9.172556253255964,0
99,25473300,280.0,352.4931226872152,False,1136.58889410788,45.0,3,3,2.9569238538254004,0
37,25257793,415.0,486.83142666725325,False,1841.8649900030803,70.0,3,1,2.2323887878625563,0
65,1678452778,310.0,356.64239857245263,False,1158.3725925053766,70.0,2,13,13.310641217751781,0
148,1938580083,770.0,705.0995003366273,True,2987.7723767672933,370.0,4,17,15.40833644827082,0
141,25471098,815.0,696.6232898500961,True,2943.2722717130046,420.0,3,19,23.23187567010929,0
202,5932856688,775.0,667.6879127470229,True,2791.3615419218713,370.0,5,14,9.710521655951942,0
200,5244680780,640.0,665.828688491069,False,2781.6006145781107,170.0,4,7,3.512238691718498,0
261,4969460352,845.0,554.9724247767649,True,2199.605230078019,700.0,3,1,1.7352738927738929,0
114,25473300,275.0,354.686742512101,False,1148.1053981885298,25.0,3,1,1.3600774060953207,0
33,1684410143,610.0,651.7160895379512,False,2707.5094700742434,150.0,4,6,2.741969373580255,0
201,1230374510,1220.0,1039.7894684593277,True,4744.894709411461,490.0,6,8,12.23407916881471,0
216,8145826357,770.0,706.4488552611363,True,2994.856490120966,370.0,6,16,15.25757136952429,0
179,12026767,595.0,612.0041590219448,False,2499.02183486521,165.0,5,13,13.48073755380685,0
126,25257284,635.0,681.7966230720776,False,2865.4322711284076,155.0,4,5,5.253783294763726,0
287,5922202130,145.0,251.86100875677505,False,608.2702959730688,0.0,1,0,0.0,0
193,21665716,550.0,600.2837303213195,False,2437.489584186928,125.0,4,5,5.693351221475954,0
13,1115431319,780.0,747.8808106500196,True,3212.374255912599,265.0,6,13,11.388069874788414,0
245,332040899,430.0,501.49366829863084,False,1918.8417585678121,75.0,4,2,1.3081665800204452,0
2,25714232,285.0,372.16233060696527,False,1239.852235686567,20.0,1,1,1.7525056147999463,0
163,25505558,480.0,548.1305711012737,False,2163.6854982816863,95.0,3,2,3.737505389079825,0
61,25505558,265.0,345.13328419720057,False,1097.949742035303,20.0,1,4,4.171042707200632,0
182,9512926,495.0,530.3887167580835,False,2070.540762979938,120.0,3,8,6.855376788714026,0
258,317930325,280.0,369.6333303340607,False,1226.5749842538185,20.0,3,0,0.2787982001112911,0
137,10996228332,510.0,570.2609799505796,False,2279.8701447405433,110.0,6,3,2.7360562788283653,0
188,603751942,375.0,443.3059932786368,False,1613.3564647128426,60.0,4,3,1.7215536759251586,0
113,107812,670.0,682.9310732656991,False,2871.3881346449193,190.0,10,7,8.08815803273729,0
147,25473287,450.0,481.27274219733937,False,1812.681896536032,110.0,3,8,8.020411391060897,0
142,1666324146,805.0,827.8088313989238,False,3631.996364844348,225.0,4,3,4.7147879779794675,0
78,12689154,235.0,327.80813983678206,False,1006.9927341431058,5.0,3,0,0.11161364086411515,0
59,1700140657,295.0,377.5651638587879,False,1268.217110258636,30.0,1,0,0.8209123272874332,0
145,6521839582,480.0,528.4686394136903,False,2060.460356921875,110.0,3,5,5.555513063327195,0
49,3733175891,220.0,272.6498883547883,False,717.4119138626385,220.0,3,43,51.82084692981235,1
70,1684410086,805.0,760.0286527341316,True,3276.1504268541894,335.0,10,9,9.028176267850153,0
138,25533613,460.0,523.0515077707676,False,2032.0204157965297,90.0,4,2,1.4282723930542296,0
291,25417428,530.0,583.8600447590252,False,2351.2652349848827,120.0,4,4,1.8825531914893623,0
66,7066266060,615.0,664.4277145973475,False,2774.2455016360727,145.0,5,10,12.118317633203269,0
67,10996228332,510.0,404.57579410991383,True,1410.0229190770483,405.0,1,9,9.159247310693344,0
225,9778345904,375.0,443.89610403806205,False,1616.4545461998262,60.0,4,0,1.1903026507657724,0
72,1612319349,610.0,627.9758375707017,False,2582.8731472461845,170.0,4,19,27.841272153938977,7
88,21665367,415.0,471.46683193344,False,1761.2008676505593,80.0,2,2,3.2883150731408106,0
174,2919558521,600.0,635.4985870175863,False,2622.367581842326,190.0,1,9,8.813810999594036,0
71,108306,420.0,494.9380921459504,False,1884.4249837662403,70.0,4,3,2.0900332373403625,0
52,2919558521,480.0,524.8618386525444,False,2041.5246529258588,110.0,3,8,6.6313618639153615,0
187,60728181,330.0,406.419090303739,False,1419.7002240946297,45.0,3,7,5.135927431486969,0
37,107799,85.0,196.19037147333907,False,315.9994502350303,0.0,1,0,0.0,0
68,383974166,430.0,494.90395656491114,False,1884.2457719657834,80.0,1,1,1.1159450237018027,0
264,9167793401,255.0,314.87341040929107,False,939.0854046487781,50.0,4,6,4.406401611333977,0
111,6521839583,440.0,488.1207930816138,False,1848.6341636784719,95.0,3,2,2.9535524813529825,0
159,1666324108,230.0,316.59520970079006,False,948.1248509291477,5.0,2,0,0.0,0
74,25501328,145.0,244.08423476648284,False,567.4422325240347,0.0,2,0,0.0,0
210,25533438,775.0,771.0137258920288,False,3333.8220609331515,235.0,4,16,15.381561187843078,0
13,8421658424,75.0,189.64651818408075,False,281.644220466424,0.0,1,0,0.0,0
47,21533908,1040.0,857.0148453344217,True,3785.3279380057097,440.0,9,19,19.020395454133403,0
215,14023072777,605.0,618.9150420834881,False,2535.303970938312,220.0,7,2,3.548919400102905,0
26,276502336,715.0,706.2932666969523,True,2994.039650158999,220.0,7,5,3.852208101420693,0
242,25544136,695.0,572.2545616081001,True,2290.3364484425274,495.0,2,14,9.9626095394947,0
122,25496815,415.0,483.00690720655587,False,1821.7862628344178,75.0,3,12,12.687736212680292,0
38,25533613,655.0,594.1720152642421,True,2405.4030801372696,355.0,8,19,19.00187242201178,0
139,9167793401,620.0,614.8037675112062,True,2513.7197794338326,200.0,4,5,4.407016964968626,0
16,6940326497,580.0,621.9430356289581,False,2551.200937052031,140.0,7,3,2.4558808524827285,0
270,9789817,680.0,673.9740637123842,True,2824.3638344900187,260.0,4,8,6.871527961339479,0
199,25498827,475.0,503.64246955666306,False,1930.1229651724807,145.0,2,9,6.996334647774401,0
85,452514378,495.0,550.4663248520732,False,2175.948205473385,105.0,4,2,3.1941840373142485,0
84,2946815216,480.0,524.3804883247548,False,2038.9975637049627,115.0,5,19,29.575220069147257,8
18,677445936,350.0,431.1875682404718,False,1549.734733262477,45.0,1,4,3.7687543987441483,0
151,108902,430.0,489.83603519530266,False,1857.6391847753391,85.0,7,6,5.803629607813473,0
25,1215418697,210.0,305.71352196418314,False,890.9959903119612,0.0,1,0,0.0,0
214,9512926,225.0,304.2246977823589,False,883.1796633573841,10.0,2,0,0.3720055438701091,0
197,108322,670.0,685.4688246623905,False,2884.7113294775495,190.0,6,29,32.99644444746919,0
195,2919558521,190.0,258.5382967771015,False,643.3260580797827,50.0,0,6,6.21320589911181,0
191,9789817,300.0,384.5043267120559,False,1304.6477152382931,30.0,1,1,1.3426472931182598,0
206,1115431319,615.0,629.4301544369449,False,2590.50831079396,170.0,5,3,4.516100216309449,0
143,5728908660,310.0,396.9704536782649,False,1370.0948818108907,30.0,2,0,0.798367788218497,0
173,2934851447,700.0,710.9500288045238,False,3018.4876512237497,200.0,4,3,2.796409354567401,0
224,11767208,260.0,337.979490042072,False,1060.3923227208777,20.0,3,2,1.4708922993863625,0
101,1614846702,495.0,550.4638096665416,False,2175.9350007493435,105.0,3,1,1.9245331713396412,0
286,12159581182,970.0,802.0273584825708,True,3496.6436320334965,420.0,6,10,10.441533880380485,0
128,25544130,570.0,466.6298985938733,True,1735.8069676178352,385.0,4,7,8.566640978431293,0
167,1691133703,780.0,787.752356739366,False,3421.699872881671,225.0,7,4,5.691824423356267,0
178,10188265464,650.0,640.3938937957297,True,2648.0679424275813,210.0,4,27,26.132618776713862,0
11,383974165,275.0,358.56490623326147,False,1168.4657577246223,20.0,3,3,1.7135398033737017,0
257,107860,480.0,537.021669909212,False,2105.3637670233634,100.0,6,15,23.813020046537993,5
99,2441998875,145.0,243.0310994733137,False,561.913272234897,0.0,1,0,0.0,0
161,107821,320.0,395.85501027011327,False,1364.2388039180948,40.0,3,3,1.6991651120582059,0
170,701608631,395.0,421.6075078437459,False,1499.4394161796654,155.0,3,15,13.944109433226844,0
269,2191588310,235.0,297.0674939183191,False,845.6043430711751,25.0,1,0,0.0,0
119,2337311458,415.0,480.69605449686463,False,1809.6542861085388,75.0,5,11,15.914952575641635,0
121,109618,455.0,508.1340455711082,False,1953.7037392483178,95.0,2,4,2.069927681650985,0
231,9512935,555.0,502.0825749783137,True,1921.933518636147,390.0,4,19,19.688692371743997,0
248,5387300688,785.0,789.3818557114754,False,3430.2547424852473,230.0,4,5,6.113705864192565,0
105,25417428,625.0,605.4760558545112,True,2464.7492932361843,200.0,1,6,4.9004205641094645,0
73,1493424643,400.0,426.71803966149423,False,1526.2697082228447,160.0,4,1,3.7383336000940948,0
150,282686499,575.0,549.5643748852004,True,2171.212968147302,255.0,6,4,7.294777396200137,0
124,9760819194,515.0,565.7562315460116,False,2256.220215616561,115.0,4,3,2.612795210432964,0
6,268272727,315.0,394.36310497816373,False,1356.4063011353596,35.0,4,0,0.0,0
36,9512924,350.0,425.13161095464034,False,1517.940957511862,50.0,4,2,2.393772640936906,0
266,25498827,590.0,627.8202634192493,False,2582.0563829510575,150.0,4,7,10.303274554069715,0
30,21665585,465.0,519.9792796359482,False,2015.8912180887273,100.0,2,6,4.053608952646229,0
177,25531002,765.0,739.3083072781567,True,3167.368613210322,245.0,8,8,9.264284571305057,0
204,1089089322,580.0,615.4462855042261,False,2517.092998897185,145.0,3,11,12.258433543916329,0
252,9512933,450.0,479.5835155281041,False,1803.813456522547,155.0,2,15,13.681452274656214,0
55,5932875003,730.0,613.3481132578206,True,2506.0775946035587,495.0,2,14,14.147827338799795,0
236,13329450969,290.0,372.8115014326247,False,1243.2603825212796,25.0,2,1,0.8660126494227587,0
117,701608618,630.0,639.0046679310756,False,2640.7745066381462,180.0,4,6,7.404842050772649,0
192,108060,320.0,371.2587814298622,False,1235.1086025067764,90.0,3,8,6.196446079995553,0
194,25522907,935.0,775.4044176854907,True,3356.8731928488255,470.0,4,11,13.025732437450747,0
140,25498869,695.0,707.5000427391543,False,3000.3752243805607,195.0,3,13,14.6976680899191,0
107,1938580083,550.0,599.3760125951653,False,2432.724066124618,130.0,4,3,4.80697590010086,0
276,2214979329,585.0,600.8265407621772,False,2440.339339001427,160.0,4,1,1.7165817411898896,0
91,2191480791,275.0,363.4306882011147,False,1194.0111130558528,20.0,1,1,1.3231977833151387,0
79,8998120937,445.0,507.853466028688,False,1952.2306966506126,85.0,6,0,1.3172231969276753,0
278,21533907,470.0,502.03565636818934,False,1921.6871959329942,125.0,3,16,21.953933043307284,0
76,25544119,655.0,649.6334771851742,True,2696.5757552221658,260.0,9,5,5.0052481694346485,0
129,6460816408,925.0,909.1038161521188,True,4058.795034798624,290.0,9,8,11.589287885705943,0
5,25502834,395.0,458.28467790336254,False,1691.9945589926529,70.0,4,2,2.1792951166484644,0
14,25507343,705.0,723.7650161380889,False,3085.766334724966,195.0,5,5,4.1445627377347165,0
144,21665930,775.0,690.8086655313805,True,2912.745494039745,375.0,5,13,9.711727916905076,0
136,6424675168,660.0,690.0517044393821,False,2908.7714483067552,175.0,2,7,7.99320094715814,0
127,25472806,675.0,706.848456279885,False,2996.9543954693963,180.0,3,13,8.144896378751314,0
119,26699543,60.0,178.570922493933,False,223.4973430931482,0.0,0,0,0.0,0
267,734536096,320.0,388.6548724447692,False,1326.438080335038,45.0,0,3,3.903615341344561,0
239,2314788166,700.0,714.6612911255172,False,3037.971778408965,195.0,8,28,35.9575175539117,0
104,107831,285.0,362.910630743866,False,1191.2808114052964,30.0,0,0,0.5895780294670712,0
115,107800,600.0,631.2671129406143,False,2600.1523429382255,155.0,2,3,1.6784834818185628,0
15,823745,935.0,879.8420226863982,True,3905.170619103588,315.0,1,10,8.986422317973137,0
213,5387300688,765.0,756.6733120354597,True,3258.5348881861637,235.0,4,4,6.381329234902439,0
272,1646306203,1605.0,993.1651017514046,True,4500.116784194854,1315.0,6,0,0.36749999999999994,0
8,9512924,520.0,576.7736310651534,False,2314.061563092056,115.0,8,4,5.230443146775938,0
132,9521034,685.0,723.091697204871,False,3082.231410325574,175.0,6,7,4.239106159797649,0
186,1614926342,505.0,564.1753099972631,False,2247.92037748563,110.0,5,2,3.3497438232092325,0
29,771982972,865.0,756.1941286944189,True,3256.0191756457,415.0,4,7,9.260974511719484,0
154,1637789617,485.0,497.813637820379,False,1899.52159855699,160.0,2,12,11.997652293745576,0
232,276502336,830.0,805.4349123191463,True,3514.533289675518,315.0,5,3,6.426135355991273,0
120,108209,960.0,936.8564323373332,True,4204.496269770999,300.0,5,13,8.963267484489291,0
203,25473300,775.0,665.9495885797301,True,2782.2353400435845,505.0,7,11,16.868799411034512,0
247,107793,380.0,414.2971387709133,False,1461.0599785472948,110.0,1,13,10.9293616580269,0
63,255576,495.0,550.7974826433723,False,2177.686783877705,105.0,2,1,2.766909553239359,0
106,1835289526,380.0,419.73940686667834,False,1489.631886050061,110.0,2,8,12.71291537810068,1
43,25533613,690.0,697.9605994656878,False,2950.293147194862,200.0,5,3,5.262222890128283,0
171,11544697,720.0,722.0015356247243,False,3076.5080620298017,230.0,6,13,9.231180099686142,0
112,5244680779,725.0,690.9405365898137,True,2913.4378170965215,240.0,7,8,6.706149998983893,0
92,1678452820,425.0,409.8444175909932,True,1437.6831923527152,180.0,2,12,12.867137400134284,0
258,526994269,230.0,321.93839936565394,False,976.176596669683,0.0,1,0,0.0,0
23,107791,750.0,730.192534718522,True,3119.5108072722387,235.0,5,10,10.044844095600288,0
169,25502541,285.0,339.5026547001619,False,1068.3889371758496,45.0,3,4,3.763526348338936,0
217,9178184325,1150.0,810.4635528103382,True,3540.9336522542785,845.0,3,2,1.8573833154049204,0
53,107806,350.0,322.16255270989353,True,977.3534017269412,235.0,3,12,8.726699168945762,0
196,25378129,1090.0,1041.0450980756948,True,4751.4867648974,360.0,8,16,18.47811866229125,0
131,4222962219,610.0,610.6300455875747,False,2491.8077393347667,180.0,5,7,7.564109357034829,0
228,108895,590.0,481.3657043949621,True,1813.1699480735508,530.0,4,12,10.632676777507843,0
184,5266874223,890.0,866.8185032366342,True,3836.7971419923306,300.0,8,24,18.390568311211002,0
3,6424675168,490.0,550.2704710526765,False,2174.919973026552,100.0,3,4,2.926061798004856,0
224,2482696992,150.0,251.53867475394347,False,606.5780424582028,150.0,2,19,27.362703493468583,5
46,107349,985.0,915.0431640886382,True,4089.9766114653517,340.0,7,6,4.659311407506225,0
255,4784457212,550.0,584.2654164433641,False,2353.3934363276603,140.0,6,5,2.1951129028690075,0
9,1666324140,800.0,759.4757895128231,True,3273.247894942321,265.0,5,10,7.794742024065019,0
58,25505558,920.0,737.8276914107339,True,3159.5953799063486,435.0,7,19,10.312476980051343,0
168,107318,485.0,485.4219563381431,False,1834.4652707752512,165.0,6,12,14.714178529402325,0
264,26559618,195.0,291.138071608582,False,814.4748759450549,0.0,3,0,0.0,0
93,3552338823,470.0,494.4557655448285,False,1881.892769110349,175.0,4,5,4.502970734256541,0
222,10574746,515.0,545.3858247598133,False,2149.2755799890197,155.0,5,11,9.116393002701013,0
37,14077667431,205.0,291.7799327170529,False,817.844646764527,0.0,0,0,0.0,0
229,21665912,315.0,359.5091132926065,False,1173.4228447861844,60.0,3,2,0.9297723314947224,0
241,5453319326,710.0,559.4764666047715,True,2223.2514496750478,480.0,5,13,14.057721483795193,0
17,1684410094,690.0,728.484579327853,False,3110.5440414712302,180.0,10,3,3.6989651837524185,0
248,21665582,145.0,242.49601623887148,False,559.1040852540752,145.0,0,28,35.73096219888869,0
233,499122580,645.0,650.2020447841961,False,2699.560735117029,185.0,7,2,3.525561524871756,0
41,108899,305.0,388.3131004381867,False,1324.6437773004802,30.0,4,1,1.2305479436614717,0
152,317930344,575.0,631.1486226101788,False,2599.5302687034396,130.0,4,7,6.129733986049747,0
160,12437379708,655.0,692.120941334216,False,2919.634942004631,170.0,5,4,4.056459317597036,0
268,1230855633,445.0,490.74926397046585,False,1862.433635844946,100.0,2,0,1.6745390070921988,0
275,108059,685.0,643.9104542554306,True,2666.5298848410102,230.0,8,4,3.568304678991582,0
290,489796745,855.0,773.5628548048076,True,3347.2049877252393,310.0,5,2,4.3894371393982725,0
234,9791495,700.0,670.0159112348421,True,2803.5835339829205,305.0,5,15,11.687526355846266,0
292,25473288,375.0,444.28671485770815,False,1618.5052530029677,60.0,2,0,1.561036252743959,0
155,8772951805,870.0,839.6248221572201,True,3694.0303163254084,280.0,5,9,10.357503571968474,0
22,25496892,570.0,569.829101611057,False,2277.60278345805,230.0,4,7,5.762335970270606,0
156,107786,515.0,458.2946169924004,True,1692.0467392101027,305.0,1,17,12.41951400166244,0
219,12978761148,675.0,699.5142848857458,False,2958.449995650167,185.0,6,8,4.8266158985280905,0
165,742854915,705.0,576.9965931761604,True,2315.232114174841,385.0,5,11,8.983910185777999,0
102,25544136,515.0,546.6381980688072,False,2155.850539861238,130.0,5,4,3.309455485260492,0
201,1667118119,315.0,396.1087777847555,False,1365.571083369967,35.0,2,4,1.852541239078499,0
238,1696027870,680.0,647.3694117759072,True,2684.6894118235114,290.0,2,9,10.851118528379736,0
82,1667203491,375.0,450.2238199695739,False,1649.6750548402617,55.0,3,3,1.7555816204785868,0
96,26699545,755.0,619.8895293921365,True,2540.4200293087174,395.0,6,10,9.242626430624156,0
218,25544119,710.0,715.8384084255754,False,3044.1516442342704,205.0,2,1,4.277616847282932,0
42,9295694734,965.0,895.4148143254545,True,3986.927775208636,365.0,12,21,24.92614580054058,0
34,102020,655.0,709.9447975879632,False,3013.2101873368074,155.0,6,5,6.536613214410805,0
56,3142670557,505.0,553.7492482087899,False,2193.183553096148,115.0,11,6,6.596187811684256,0
39,3733175891,590.0,608.6132037483177,False,2481.219319678669,590.0,7,46,48.754432938868284,0
284,12198144,1000.0,997.5379584654207,False,4523.074281943462,300.0,15,8,6.776502380185927,0
242,2624195128,235.0,328.38721888896504,False,1010.0328991670668,5.0,2,0,0.052003546099290796,0
153,14023072777,360.0,405.9932240010608,False,1417.4644260055695,140.0,3,2,3.2908574433491387,0
157,4431563564,760.0,770.8569406393173,False,3332.9989383564157,220.0,4,8,10.441356941119041,0
214,5393414954,235.0,330.52926819118653,False,1021.2786580037291,235.0,1,28,32.02838079858341,0
133,5339077114,670.0,670.2551070758318,False,2804.8393121481163,200.0,3,4,5.893135810092255,0
71,333650017,265.0,356.46593710363805,False,1157.4461697940994,15.0,0,0,0.4407905982905982,0
113,317930344,325.0,387.7340926387513,False,1321.6039863534443,50.0,2,2,3.019693269354568,0
87,3439409106,610.0,604.409210881488,True,2459.1483571278145,220.0,5,1,2.6136896315874014,0
249,2441998875,510.0,522.7612228127163,False,2030.4964197667591,140.0,3,1,1.9656400295457575,0
175,25257309,740.0,755.9410276059314,False,3254.6903949311413,210.0,4,3,5.457924768721657,0
77,25502552,480.0,505.57577412556867,False,1940.272814159236,175.0,5,16,14.397699104223499,0
181,2441998875,770.0,759.7200166782857,True,3274.5300875609996,235.0,1,8,6.505257067824952,0
288,9294989287,980.0,843.504851930212,True,3714.4004726336125,440.0,8,11,17.439707452563127,0
19,107320,960.0,782.1783950719778,True,3392.436574127884,600.0,6,19,17.611896735493822,0
44,10019788231,575.0,609.9414150723627,False,2488.192429129904,145.0,6,11,13.797817549840095,0
95,25532842,925.0,868.7368391630895,True,3846.8684056062198,315.0,5,7,5.023443069640588,0
146,21665140,620.0,626.6654149465674,False,2575.9934284694796,180.0,1,4,4.37259630767923,0
48,25533613,650.0,536.3610737443607,True,2101.8956371578947,520.0,5,12,11.012652048563401,0
263,26699545,550.0,568.2228141488615,False,2269.169774281522,155.0,4,4,5.853441143992016,0
47,2587253639,285.0,273.28771877919644,True,720.7605235907813,185.0,0,9,6.6862235113400885,0
251,107812,780.0,687.4300965875681,True,2895.008007084732,510.0,5,15,15.141666768768989,0
279,25257284,390.0,455.4314321697123,False,1677.0150188909886,70.0,3,0,1.0929883945841394,0
185,1843345666,705.0,591.3278385673227,True,2390.4711524784457,345.0,1,11,8.101385148713721,0
18,9791495,285.0,366.5590649718815,False,1210.4350911023773,25.0,1,2,1.9209792587974794,0
147,823745,370.0,433.3225445178536,False,1560.9433587187314,65.0,2,3,5.556500904919948,0
81,1938953360,580.0,631.3520128102085,False,2600.598067253595,135.0,4,0,2.2357011605415864,0
240,255562,585.0,568.1378060273572,True,2268.7234816436257,230.0,9,8,8.181432946020443,0
203,108209,160.0,259.48709197086845,False,648.3072328470598,0.0,0,0,0.0,0
291,7567469020,345.0,424.5397444572571,False,1514.8336584006008,45.0,5,3,2.2287281487976345,0
98,9791495,605.0,589.8509580975993,True,2382.7175300123977,235.0,3,2,7.541330421976275,0
159,5393414954,315.0,393.2471813178997,False,1350.5477019189734,315.0,4,25,29.523140504158818,0
89,1685751707,520.0,574.8489976121476,False,2303.957237463774,115.0,4,1,2.9173008714398936,0
235,1612472593,685.0,726.4411948477164,False,3099.8162729505107,175.0,3,6,4.854269272458659,0
259,4702603699,620.0,639.2287483314682,False,2641.950928740206,170.0,6,4,2.0678109919268453,0
134,25529933,650.0,647.5814075037687,False,2685.802389394785,260.0,9,1,3.955549581007207,0
190,3892184068,1100.0,852.0533093833592,True,3759.279874262636,690.0,6,5,6.396973824845179,0
70,14791188,375.0,439.38157595858684,False,1592.7532737825807,65.0,1,2,2.6690084590832863,0
273,368279307,760.0,746.3647117394303,True,3204.4147366320103,255.0,8,5,6.812966012534402,0
83,25473373,455.0,446.4800559582278,True,1630.0202937806964,235.0,4,18,21.359099846972228,0
211,25256949,560.0,587.6182170457199,False,2370.9956394900296,145.0,6,5,4.670025288610719,0
149,11866625772,690.0,705.8427220356944,False,2991.6742906873965,195.0,4,15,14.363370942768736,0
97,21554368,525.0,576.8802268635428,False,2314.621191033601,120.0,6,3,3.5810090508186856,0
105,5453319326,270.0,339.0862650781071,False,1066.2028916600625,35.0,1,2,2.4885872749936704,0
261,25501773,430.0,499.12660881514006,False,1906.4146962794855,80.0,5,3,3.250351338173625,0
24,11618689213,660.0,489.0298213446814,True,1853.4065620595784,510.0,2,16,14.821213734354924,0
227,25257043,620.0,663.1890486265465,False,2767.74250528937,155.0,7,6,6.916470197670985,0
90,26817585,505.0,560.8410556467015,False,2230.415542145183,110.0,4,4,4.97460814345173,0
281,1614926320,775.0,796.1394325839738,False,3465.732021065861,215.0,6,4,5.51567016882356,0
248,9512937,140.0,240.52586936706436,False,548.7608141770878,0.0,1,0,0.0,0
27,9371260474,455.0,508.53028812573905,False,1955.7840126601297,95.0,5,4,4.38771606418344,0
228,1685938740,170.0,267.6419804031153,False,691.1203971163554,0.0,5,0,0.0,0
257,9791489,300.0,387.5381109372256,False,1320.5750824204342,25.0,3,1,1.045917832095286,0
221,3887905014,485.0,510.15428561576664,False,1964.3099994827735,125.0,4,3,4.466827733704014,0
180,25475478,860.0,684.5704519098014,True,2879.9948725264576,585.0,7,19,16.534718718853846,0
236,107793,265.0,351.4327563392038,False,1131.0219707808196,15.0,0,2,1.9411634519645293,0
182,1667203491,430.0,475.6093740268716,False,1782.949213641076,95.0,1,1,4.262776020938021,0
127,21533907,235.0,326.1223908462891,False,998.1425519430178,5.0,4,0,0.10024011793531487,0
176,4171766884,620.0,622.3416985502972,False,2553.2939173890604,210.0,8,2,4.333561410619196,0
287,10983187054,455.0,511.3421088794774,False,1970.546071617256,95.0,2,3,3.5304685415786583,0
208,12292980260,1115.0,845.9495550954982,True,3727.2351642513613,545.0,5,22,18.34623473345314,0
86,333719185,785.0,783.7736436506165,False,3400.8116291657366,235.0,4,1,3.1952975483272295,0
254,21665965,575.0,567.2644570621746,True,2264.138399576416,200.0,3,3,6.381664600178359,0
212,603751942,505.0,558.9228080089424,False,2220.3447420469474,110.0,8,8,6.17334406234562,0
161,9702441401,320.0,399.84023037212114,False,1385.161209453636,40.0,2,0,0.7563644731721112,0
198,21665580,730.0,606.3240294196112,True,2469.2011544529596,450.0,1,6,9.340947149199497,0
7,21665140,580.0,611.297632890051,False,2495.312572672768,170.0,3,3,4.9579710471647465,0
206,21554368,360.0,424.56612954394825,False,1514.9721801057276,60.0,1,3,4.629459289773091,0
32,1684410143,700.0,717.0224345478679,False,3050.3677813763056,195.0,3,1,3.2274449863760037,0
4,14077667431,710.0,690.3190685999152,True,2910.1751101495543,245.0,3,11,8.984679140089158,0
35,107812,815.0,640.606664003682,True,2649.1849860193315,570.0,6,11,16.571090329659157,0
239,452169196,270.0,348.05342362489085,False,1113.2804740306774,25.0,0,0,0.6351534232752172,0
144,281454988,275.0,360.66737197381195,False,1179.503702862513,20.0,6,1,0.8956757972891569,0
40,1611442272,710.0,738.0640174408833,False,3160.8360915646376,190.0,3,5,5.323732235038023,0
82,25257319,165.0,267.7483446911447,False,691.6788096285097,0.0,0,0,0.0,0
243,5266874223,775.0,743.3979960620301,True,3188.83947932566,280.0,6,38,38.06005349815887,0
150,295908497,330.0,412.38834341409165,False,1451.0388029239805,40.0,4,0,1.2240084206230348,0
117,9791490,315.0,393.326929573848,False,1350.9663802627024,35.0,4,3,1.7213978059966066,0
46,9789820,225.0,320.68283735011175,False,969.5848960880865,0.0,0,0,0.0,0
252,107797,320.0,390.31557429358827,False,1335.156765041338,45.0,1,2,2.500861876702092,0
148,25522907,505.0,553.588862854429,False,2192.341529985752,115.0,1,2,2.0257999151737693,0
109,1843345666,690.0,609.8410160061135,True,2487.6653340320954,260.0,2,6,8.93501563012728,0
49,109391,480.0,543.0344359861931,False,2136.9307889275137,95.0,2,3,2.3275,0
20,25378078,865.0,832.6804342376362,True,3657.5722797475873,320.0,11,7,8.447719778851235,0
62,26652117,660.0,680.0762605384348,False,2856.400367826782,180.0,4,5,3.775449305308201,0
118,25472291,635.0,645.5990521792605,False,2675.395023941119,180.0,9,14,9.721543955514983,0
147,12957883928,125.0,225.4330588688664,False,469.5235590615482,0.0,0,0,0.0,0
69,435144778,970.0,924.0448515378059,True,4137.235470573484,330.0,7,8,9.19561769144056,0
57,8094426714,705.0,732.5047570468212,False,3131.649974495813,190.0,5,10,8.45357702728803,0
60,9512908,610.0,636.2948181045613,False,2626.5477950489453,160.0,4,12,11.12151857847045,0
94,1502785422,1000.0,987.4490458501003,True,4470.107490713029,325.0,9,12,13.592499715449046,0
167,6173783039,395.0,454.3542148548088,False,1671.3596279877459,75.0,0,2,2.5017235776470126,0
72,9791489,465.0,527.4085492973626,False,2054.8948838111537,95.0,3,2,3.75504374987363,0
226,107349,875.0,874.2456778657765,False,3875.789808795327,260.0,3,4,4.237097955945696,0
7,371564817,55.0,169.81792846462733,False,177.54412443929345,5.0,0,1,1.4485770102695816,0
160,21666007,235.0,314.07167379259283,False,934.8762874111121,15.0,0,0,0.7172485615581002,0
142,25500758,510.0,554.3929456657751,False,2196.5629647453197,120.0,2,4,6.003979549002189,0
250,1619500464,670.0,715.9581791891273,False,3044.780440742918,165.0,13,6,5.531117749642362,0
151,351788581,435.0,497.6570339241824,False,1898.6994281019577,85.0,2,5,1.5317021106577808,0
277,25503725,1050.0,856.9323064019569,True,3784.8946086102765,635.0,6,11,17.610164916244635,0
253,25257284,920.0,776.8491736054598,True,3364.458161428664,375.0,6,11,8.804000757425348,0
256,1614926342,580.0,615.6602378420039,False,2518.216248670521,145.0,8,2,7.349069954203424,0
136,25496592,335.0,416.3716672248456,False,1471.95125293044,40.0,5,3,2.423432112532378,0
289,13556857162,870.0,857.7723691745138,True,3789.3049381662013,275.0,6,16,11.546205605720944,0
103,4171766884,610.0,548.8485291779593,True,2167.454778184287,405.0,3,9,10.483617074001739,0
128,2564873531,425.0,489.98233614574406,False,1858.4072647651562,80.0,1,3,2.4723782839701545,0
131,25522907,285.0,351.2906018146955,False,1130.2756595271514,35.0,5,0,1.6150329127570893,0
283,14017207475,705.0,579.0802084814253,True,2326.171094527484,525.0,3,12,12.40291180930352,0
75,102025,1265.0,1008.9078862057585,True,4582.766402580221,600.0,11,26,37.465751394353,0
79,8097790920,355.0,433.21337314651674,False,1560.3702090192128,50.0,4,3,3.4527473686362375,0
11,9020945997,420.0,465.6195357783887,False,1730.50256283654,90.0,3,2,1.8135930483735678,0
31,9522438169,845.0,804.4435571655162,True,3509.328675118956,315.0,4,14,18.079212655548375,0
230,108040,775.0,779.4930116251113,False,3378.3383110318346,225.0,7,5,3.522697620939002,0
156,25502834,255.0,337.6345432868587,False,1058.5813522560077,15.0,6,1,1.2865857978937434,0
146,1684410094,200.0,291.3343740961106,False,815.5054640045806,0.0,0,0,0.0,0
129,1667203485,370.0,447.5459474521271,False,1635.616224123667,55.0,1,4,3.1300168222893094,0
209,26699545,590.0,580.983401066289,True,2336.162855598018,275.0,4,18,13.959964150110059,0
89,5453319326,170.0,261.0363568234554,False,656.4408733231409,0.0,3,0,0.0,0
189,9024001777,600.0,614.9159566537418,False,2514.308772432145,165.0,2,4,6.709726601269668,0
121,4174200043,430.0,478.4740380631798,False,1797.9886998316933,95.0,7,10,13.787407357403538,0
274,25417431,650.0,677.6168664094538,False,2843.4885486496332,175.0,5,9,7.881612275298108,0
134,107800,160.0,262.38213745999514,False,663.5062216649745,0.0,1,0,0.0,0
101,9521031,460.0,471.2361681300784,False,1759.9898826829121,200.0,4,10,8.104039131487076,0
220,108214,775.0,801.3834016269547,False,3493.262858541512,210.0,13,9,6.938361201441909,0
183,25502545,855.0,758.6587413796133,True,3268.958392242967,385.0,3,10,9.637551680329189,0
246,9295694734,995.0,961.1571504564296,True,4332.075039896258,350.0,6,12,10.763664157727579,0
204,26652351,410.0,468.4623196218065,False,1745.427178014484,85.0,1,7,4.978723017170887,0
231,1678452742,440.0,466.2743118488468,False,1733.9401372064463,165.0,8,3,1.568981599408058,0
266,4116205016,420.0,485.12001850254666,False,1832.8800971383703,80.0,5,3,1.4655126065141513,0
30,742854915,415.0,479.02093087908565,False,1800.8598871152,75.0,4,1,1.7410936285936285,0
111,333650017,515.0,538.113080986913,False,2111.093675181293,135.0,1,5,4.368577099489109,0
12,6313634646,750.0,783.4959685135464,False,3399.3538346961163,200.0,8,5,6.6394453906259585,0
126,4702603699,595.0,601.5062675602998,False,2443.9079046915735,230.0,4,11,12.060599278634271,0
265,25476041,725.0,743.3418694933758,False,3188.5448148402243,200.0,9,7,5.226782976429027,0
123,7787603288,870.0,845.8835042724154,True,3726.8883974301784,275.0,8,14,13.97431102429526,0
85,25522907,495.0,529.7016667023842,False,2066.9337501875166,120.0,8,5,2.93877314763541,0
87,25473399,255.0,333.0765444002464,False,1034.6518581012936,35.0,4,4,11.576948456382059,4
162,11707733694,730.0,754.0437459965768,False,3244.7296664820287,200.0,10,2,2.3362048538649662,0
262,821559,745.0,734.4876469256628,True,3142.060146359731,230.0,7,10,6.665589790269948,0
5,500486430,400.0,406.22485966583247,False,1418.6805132456204,165.0,4,4,2.9989492313444974,0
175,11582793599,260.0,327.89385732041205,False,1007.442750932163,30.0,0,2,0.8090452583960612,0
166,21665713,865.0,656.8604346251371,True,2734.51728178197,630.0,3,15,19.517823068547113,0
16,25524248,515.0,577.1366257075904,False,2315.9672849648505,110.0,6,4,1.5573423423423423,0
172,2191480791,825.0,827.2486906874922,False,3629.0556261093334,245.0,7,7,6.95060933930386,0
3,25501016,350.0,409.4068891934557,False,1435.3861682656425,100.0,1,8,6.783079228427884,0
27,107348,185.0,273.5750829321525,False,722.2691853938006,0.0,2,0,0.0,0
163,2833448424,615.0,626.2284268656726,False,2573.6992410447815,200.0,5,7,6.210621050372541,0
122,454212847,530.0,479.3166555710859,True,1802.412441748201,400.0,0,5,10.455170103689102,0
116,107807,805.0,620.7618885059875,True,2544.9999146564355,595.0,4,19,19.46835485860716,0
213,25473373,410.0,472.7781330387183,False,1768.0851984532703,75.0,0,1,2.6917291763339533,0
184,108058,365.0,423.72794047637984,False,1510.5716875009934,65.0,3,9,15.34389118843412,3
56,9054849009,310.0,369.8176157938843,False,1227.5424829178926,50.0,2,0,0.520035460992908,0
164,25471089,965.0,738.0025102230525,True,3160.5131786710226,625.0,5,10,18.485749674346287,0
28,7066266060,995.0,1002.6208722386418,False,4549.75957925287,290.0,6,8,7.825103882969898,0
249,25532839,295.0,362.85319167328015,False,1190.9792562847206,40.0,0,1,2.0404709649227284,0
228,9791492,210.0,306.00794307508176,False,892.5417011441796,0.0,1,0,0.0,0
215,1230855633,565.0,611.3643235324698,False,2495.6626985454686,135.0,6,5,3.938879026375025,0
248,1137916914,215.0,309.06099547187455,False,908.5702262273409,0.0,0,0,0.0,0
17,25544136,365.0,416.422567199832,False,1472.2184777991179,70.0,3,3,3.321667025377702,0
67,4784457202,600.0,482.8509964422757,True,1820.9677313219465,390.0,4,12,9.62602870853984,0
104,12437380988,440.0,470.70277192851864,False,1757.1895526247229,140.0,2,11,8.886588018160415,0
178,1607738730,530.0,583.1674808325972,False,2347.6292743711356,120.0,5,5,3.5118740607814596,0
4,102020,180.0,274.85909526400883,False,729.0102501360465,0.0,3,0,0.0,0
159,25472873,260.0,322.2092752735964,False,977.5986951863808,50.0,2,3,3.677853146952875,0
180,25532841,215.0,308.0000776823834,False,903.0004078325126,0.0,2,0,0.0,0
26,107797,575.0,579.9507904550926,False,2330.7416498892367,215.0,1,3,5.216977627827767,0
245,9791491,660.0,622.8818066586224,True,2556.1294849577666,315.0,5,11,12.180189575566478,0
191,25544115,560.0,537.0845598710775,True,2105.69393932316,250.0,6,8,5.618174531081557,0
36,9521034,505.0,546.7275345553953,False,2156.319556415825,120.0,5,5,8.43841450854262,0
285,102025,700.0,720.4798509798488,False,3068.519217644206,195.0,3,13,11.531579095430473,0
244,1616122145,695.0,710.3306021143868,False,3015.235661100532,195.0,4,13,13.09392102948502,0
216,108300,680.0,690.8496328552709,False,2912.960572490171,195.0,5,29,36.957844632044555,0
110,6943750647,1195.0,959.8609797371439,True,4325.270143620002,635.0,9,19,18.218405721673662,0
1,25257284,810.0,814.0230412754845,False,3559.620966696295,240.0,4,6,7.9483348296566545,0
132,21665367,460.0,467.5671863692652,False,1740.7277284386423,190.0,3,3,3.8137876521922016,0
83,107349,270.0,356.67372603036364,False,1158.5370616594087,20.0,1,1,0.4945603502167962,0
53,294651404,430.0,494.81829373992787,False,1883.796042134622,80.0,2,1,2.524444566666742,0
196,294651404,430.0,483.4505929953555,False,1824.1156132256156,90.0,3,6,7.001658526816666,0
269,21554368,555.0,553.2641128298814,False,2190.6365923568765,245.0,5,13,12.682908139450795,0
264,1619500320,415.0,468.019892165192,False,1743.104433867257,85.0,4,9,7.983635418087601,0
10,2441998875,880.0,698.7883640239378,True,2954.638911125672,555.0,3,19,14.825030357794889,0
284,1678452742,370.0,407.8135973265423,False,1427.0213859643463,135.0,3,5,4.59647275555921,0
19,11863161,330.0,399.4364230822823,False,1383.041221181983,50.0,1,0,0.4725013589387306,0
74,1611442272,620.0,633.9268587752425,False,2614.116008570023,190.0,0,11,12.211511568173332,0
223,25498869,1010.0,808.8468951142946,True,3532.446199350046,465.0,3,3,2.823181437248407,0
242,6521839583,375.0,438.7578625873741,False,1589.4787785837138,65.0,2,9,8.272304043143917,0
169,104310,450.0,474.16941275442406,False,1775.3894169607263,135.0,6,13,17.690237842978487,0
226,1231977683,185.0,287.4176351444266,False,794.9425845082399,0.0,2,0,0.0,0
79,821428,155.0,244.36368521937203,False,568.9093474017031,0.0,2,0,0.0,0
9,104315,440.0,479.01024511007074,False,1800.803786827871,115.0,2,7,6.615597239003967,0
135,10574746,1095.0,838.7782900280222,True,3689.5860226471123,700.0,7,24,20.202535126301324,0
13,9512935,635.0,627.8806993559824,True,2582.3736716189087,195.0,11,3,2.4752822307701505,0
88,311422343,665.0,656.6872361299179,True,2733.6079896820693,220.0,8,6,6.209346671358473,0
22,1843345666,420.0,489.4714322648639,False,1855.7250193905356,75.0,2,3,1.8375000000000001,0
207,5932856690,750.0,584.7227524500731,True,2355.7944503628837,520.0,4,16,14.764299756714516,0
138,677445939,690.0,722.9100010825481,False,3081.2775056833757,180.0,9,7,7.58191034086466,0
220,1938580083,140.0,240.52888586051387,False,548.7766507676977,0.0,1,0,0.0,0
274,102025,150.0,258.37436169617644,False,642.4653989049261,0.0,1,0,0.0,0
64,1106056863,765.0,683.5138382945256,True,2874.447651046261,415.0,7,9,13.60316769232149,0
120,9512924,505.0,471.7320298132214,True,1762.5931565194123,360.0,4,14,17.731036364672956,0
165,3077397235,420.0,495.58313317238054,False,1887.8114491549984,70.0,6,2,1.6169014622625992,0
37,255578,450.0,514.2839648105173,False,1985.990815255216,90.0,3,2,2.5444933805336483,0
33,289996665,740.0,768.7699191667322,False,3322.0420756253448,200.0,4,5,6.16470969490445,0
2,5387300688,730.0,748.7446095837084,False,3216.9092003144715,205.0,5,5,8.020390135437612,0
158,107349,980.0,943.1689658078749,True,4237.6370704913425,315.0,11,3,4.244639813648664,0
71,7198096092,395.0,378.24910965196955,True,1271.8078256728402,280.0,3,8,11.785370549327183,0
259,4301399719,330.0,406.74487093990706,False,1421.410572434512,45.0,2,6,2.78290708785525,0
205,25533132,990.0,959.1578208163672,True,4321.578559285928,315.0,2,0,1.8375000000000001,0
193,2440630566,745.0,754.1220297141426,False,3245.1406559992483,215.0,3,16,12.593313909510993,0
38,25714232,655.0,680.1539502118104,False,2856.808238612007,175.0,2,6,4.999132640072132,0
170,281454988,615.0,650.2550737474481,False,2699.8391371741013,155.0,9,4,5.781491914003948,0
290,2441998875,460.0,507.48228400684184,False,1950.2819910359194,100.0,5,1,1.92211279065645,0
227,25532843,335.0,404.9706597866817,False,1412.0959638800791,50.0,1,9,13.38367873788295,0
21,4360406511,790.0,800.7513535758758,False,3489.9446062733487,225.0,9,6,6.233842264260576,0
266,9020945997,170.0,270.30068958465387,False,705.0786203194328,0.0,2,0,0.0,0
11,27503587,205.0,303.3660179930508,False,878.6715944635165,0.0,0,0,0.0,0
92,21665719,520.0,561.5687522011193,False,2234.2359490558747,125.0,2,2,2.7345506535910205,0
52,108258,695.0,699.0751180581597,False,2956.144369805338,205.0,7,6,6.380932422552903,0
47,108040,395.0,464.6945505173712,False,1725.6463902161986,65.0,2,13,13.852020836661461,0
80,1607738730,800.0,797.3946996828263,False,3472.3221733348396,240.0,10,5,3.860631894155054,0
217,8145826353,520.0,574.8338773023623,False,2303.877855837403,115.0,4,11,9.501709917059634,0
23,1607738730,525.0,525.2035981992016,False,2043.3188905458082,165.0,1,8,6.8278159401629965,0
256,14003329325,230.0,285.5142973146742,False,784.9500609020399,95.0,2,0,0.6030590821964777,0
113,108260,425.0,453.35682531204486,False,1666.123332888235,105.0,2,8,10.699377293063858,0
219,25533321,470.0,458.7538470558033,True,1694.457697042968,220.0,3,11,9.206056601937535,0
112,9512926,535.0,561.2859044437279,False,2232.75099832957,140.0,8,2,1.8791749371449888,0
109,1684410087,275.0,353.80557368718195,False,1143.4792618577053,25.0,3,2,1.688220647418657,0
86,1614978560,320.0,389.95637726557584,False,1333.270980644273,50.0,4,10,6.011875297479666,0
42,9475518,455.0,488.596135869676,False,1851.1297133158007,110.0,3,2,1.3460815743293084,0
291,102025,385.0,454.7799711054975,False,1673.594848303861,65.0,0,3,2.1668684799171203,0
157,25473260,445.0,486.57013090108325,False,1840.4931872306877,100.0,2,10,9.882213813285446,0
183,10544188928,200.0,299.13404061118786,False,856.4537132087363,0.0,0,0,0.0,0
131,14003329325,235.0,319.561414768118,False,963.6974275326194,10.0,0,1,1.7579985465106935,0
168,881888313,510.0,553.1845490895791,False,2190.218882720289,120.0,3,5,3.709075167246516,0
225,13349587,735.0,764.6147073134939,False,3300.2272133958436,195.0,2,5,3.8450282508378946,0
121,25473371,215.0,306.9014975773934,False,897.2328622813154,0.0,0,0,0.0,0
81,10264011826,400.0,396.3800921684626,False,1366.9954838844287,170.0,4,8,7.392193955957946,0
127,107860,345.0,405.9971948188626,False,1417.4852727990287,60.0,3,2,0.9464888780270863,0
270,5742573759,695.0,711.2829251286939,False,3020.2353569256416,195.0,11,2,3.729306746963357,0
136,881887811,245.0,335.63098990612366,False,1048.062697007149,10.0,3,1,0.7505379854339447,0
20,109836,280.0,341.1609574136646,False,1077.0950264217392,40.0,2,8,23.87311356165165,7
106,6762589361,565.0,609.7257672778397,False,2487.0602782086567,135.0,2,11,13.118620509938724,0
184,311422343,165.0,253.04041718459067,False,614.4621902191009,0.0,0,0,0.0,0
108,30514517,1275.0,1043.7075555361375,True,4765.464666564715,540.0,6,36,38.630768102336425,0
35,2946815216,320.0,377.3983784381719,False,1267.341486800403,55.0,1,2,4.349558056427928,0
24,25533613,375.0,438.1856729869991,False,1586.4747831817447,65.0,3,1,0.7249590601556405,0
232,11783244661,575.0,602.56125206895,False,2449.4465733619872,200.0,7,28,17.580092645924967,0
179,2441998875,805.0,723.4168254190007,True,3083.9383334497543,490.0,8,21,16.862123571138934,0
264,1684410087,110.0,218.8979743383726,False,435.2143652764561,0.0,1,0,0.0,0
268,12652780908,510.0,494.6923476834572,True,1883.1348253381507,250.0,3,8,13.080505694316818,0
32,4347844132,335.0,381.2885229820639,False,1287.7647456558357,90.0,1,9,8.542492739528225,0
155,5339077113,515.0,559.6119439064029,False,2223.962705508615,120.0,2,11,13.155997316667184,0
233,2919558521,520.0,530.2003241330791,False,2069.5517016986655,145.0,9,3,3.5416103444009472,0
33,25503804,75.0,187.5318595928532,False,270.5422628624794,0.0,0,0,0.0,0
39,5838132444,490.0,542.6262124676407,False,2134.787615455113,110.0,9,3,4.138686519169492,0
137,105511,810.0,721.5960297169968,True,3074.3791560142326,300.0,3,6,8.121388363538324,0
40,9512925,335.0,380.37389676602044,False,1282.9629580216074,90.0,1,6,5.966426664545611,0
41,1094124402,525.0,561.4061377539189,False,2233.3822232080734,130.0,2,4,3.712776129688369,0
6,4784457212,660.0,682.2643150453143,False,2867.8876539878984,180.0,7,6,6.55196252515748,0
141,12346819547,830.0,562.9422785773833,True,2241.446962531261,695.0,2,2,3.7975000000000008,0
25,281454988,720.0,721.7572189025001,False,3075.225399238127,230.0,9,4,7.085009704663586,0
100,1612319349,1075.0,783.7142397065727,True,3400.499758459506,700.0,5,5,3.4045567375886514,0
54,1685751707,900.0,870.5293449760466,True,3856.2790611242444,290.0,10,4,3.8722935670472602,0
240,25473293,435.0,492.5481676107078,False,1871.8778799562158,105.0,2,3,5.963147520568553,0
60,30939233,305.0,394.3816619303216,False,1356.503725134188,25.0,2,3,0.9855215880979942,0
84,1614926339,725.0,749.5363662034255,False,3221.0659225679838,200.0,4,7,8.473340364495252,0
271,6342450111,1100.0,1078.947988185655,True,4950.47693797469,340.0,8,10,4.365012991302617,0
237,9521006,950.0,735.8815087164968,True,3149.377920761605,495.0,2,16,14.461797753970565,0
140,25502540,650.0,660.9218635013631,False,2755.8397833821555,185.0,5,8,8.128092967130097,0
173,21665367,720.0,698.8575516642579,True,2955.002146237355,290.0,11,2,5.076121901199858,0
73,2564873531,680.0,710.8500070577514,False,3017.9625370531944,180.0,5,6,4.729114268041378,0
201,25544135,525.0,508.2995456118093,True,1954.5726144619991,245.0,3,12,13.240052023576487,0
130,12283867782,1025.0,827.6333417453752,True,3631.0750441632217,610.0,5,21,16.91006675998655,0
149,11767208,425.0,467.39351512868245,False,1739.8159544255823,95.0,3,12,10.408834669710474,0
90,25544136,425.0,474.96155862324696,False,1779.5481827720473,90.0,4,5,6.718134629110193,0
102,21665716,540.0,566.786403340799,False,2261.628617539195,150.0,7,5,4.0825314964875945,0
8,4955757618,630.0,602.0616373722246,True,2446.823596204181,205.0,5,11,7.218382396467839,0
176,4171766884,400.0,471.1409934798443,False,1759.490215769183,70.0,2,1,1.8744312894985793,0
286,14728072,735.0,751.7866261964327,False,3232.879787531272,205.0,3,9,9.421408089204865,0
59,107806,830.0,637.6915983808124,True,2633.8808914992687,525.0,2,7,11.031851618360871,0
229,1953627794,570.0,485.25592144334644,True,1833.5935875775695,285.0,2,12,13.020644585828048,0
280,21392084,1010.0,842.218724251721,True,3707.648302321534,725.0,10,18,19.470701086296625,0
231,280412704,270.0,356.0513732459424,False,1155.2697095411977,20.0,1,0,0.8740273927040153,0
236,21665932,410.0,455.2896388074952,False,1676.270603739349,110.0,7,9,10.576538297253814,0
125,1614926339,985.0,771.3115133290466,True,3335.3854449774904,580.0,7,16,16.5590181016214,0
261,5393414954,435.0,449.73191366436345,False,1647.0925467379086,435.0,3,48,60.14558338184727,0
239,9521033,385.0,469.18156948982653,False,1749.2032398215895,55.0,2,3,2.9818724835342154,0
196,11052055761,175.0,269.66254280538277,False,701.7283497282594,0.0,0,0,0.0,0
15,25496815,650.0,613.9219628928679,True,2509.0903051875557,290.0,5,17,16.76915353539261,0
51,10845640242,1010.0,789.9171220482724,True,3433.064890753427,615.0,5,21,17.723762510074785,0
66,24973086,825.0,760.3515990870769,True,3277.845895207152,310.0,2,19,19.666778484896838,0
251,25533438,505.0,482.5137354016106,True,1819.1971108584555,260.0,1,12,14.89762874758909,0
292,350621322,580.0,601.5860245495209,False,2444.3266288849845,155.0,6,21,27.710040429607016,0
9,26559618,165.0,259.45241054078605,False,648.1251553391269,0.0,0,0,0.0,0
177,4347844156,710.0,739.8110809107266,False,3170.008174781315,190.0,5,8,6.5339069019149925,0
238,108060,570.0,578.4411623505074,False,2322.8161023401653,225.0,9,6,6.01782666304741,0
98,7787603288,490.0,541.062103649052,False,2126.5760441575226,110.0,5,6,3.165530064601881,0
202,2191480791,900.0,643.2677187698138,True,2663.1555235415217,600.0,4,1,2.45,0
26,4243601512,220.0,314.68846435853095,False,938.1144378822875,0.0,3,0,0.0,0
255,4347844132,620.0,634.9357407152415,False,2619.412638755019,240.0,6,6,4.866659834916728,0
189,25505558,310.0,389.9300781499869,False,1333.1329102874315,35.0,2,0,0.8574999999999998,0
188,26652119,875.0,818.1766615313288,True,3581.4274730394764,380.0,4,7,9.905692350612306,0
145,26559369,865.0,685.845661479771,True,2886.6897227687987,535.0,3,9,11.307998737630282,0
258,25256330,650.0,660.1434563606186,False,2751.753145893247,205.0,6,10,12.976002535830135,0
49,11309776203,385.0,434.4250758176797,False,1566.7316480428187,85.0,4,6,7.087825297882927,0
27,1598214606,275.0,354.8191429964936,False,1148.800500731591,25.0,4,1,2.943570712115838,0
278,1678452814,705.0,533.4487403689994,True,2086.605886937249,450.0,5,18,15.918494094859756,0
44,25473373,540.0,574.1834592810108,False,2300.463161225307,135.0,1,10,12.492583647599805,0
154,11618689213,685.0,659.4014684728002,True,2747.8577094822017,335.0,5,10,10.357136122303684,0
226,3560950179,195.0,293.269927326298,False,825.6671184630641,0.0,2,0,0.0,0
289,9791487,360.0,437.1586743273569,False,1581.0830402186236,50.0,8,2,2.8976389006841607,0
186,5404151677,690.0,678.7473037170646,True,2849.42334451459,255.0,4,14,12.994422583662233,0
218,9789814,595.0,640.2632880349264,False,2647.3822621833624,145.0,4,3,1.5907747444419675,0
246,107987,335.0,401.797765976698,False,1395.4382713776645,50.0,2,5,4.627508926362946,0
185,1696027870,530.0,404.78235066170555,True,1411.1073409739545,365.0,4,0,0.16617674167176247,0
243,25496892,430.0,444.86811035986705,False,1621.5575793893015,115.0,2,0,0.5413971614226607,0
241,108060,635.0,632.796086384442,False,2608.1794535183208,255.0,5,8,8.184055709231496,0
223,1694551549,215.0,297.2658006468902,False,846.6454533961737,5.0,2,0,0.33686214180535773,0
167,25496892,400.0,421.8477092649106,False,1500.7004736407807,160.0,1,15,9.036756725423963,0
115,26559369,705.0,729.3471008091778,False,3115.0722792481833,190.0,4,4,6.594987759639697,0
76,25475739,730.0,724.0065116318808,True,3087.034186067376,220.0,7,4,6.192783848438575,0
119,10188265464,725.0,743.3008896582002,False,3188.329670705549,200.0,6,15,9.103315769525842,0
254,1678452742,475.0,528.8145514170394,False,2062.276394939458,100.0,4,1,1.5447226300338015,0
101,9791495,355.0,422.4460451056716,False,1503.8417368047758,55.0,3,1,1.479421683813957,0
86,4074522300,155.0,256.96095906538375,False,635.0450350932647,0.0,0,0,0.0,0
272,26591530,720.0,679.5140585086616,True,2853.4488071704723,300.0,8,4,8.629019513688325,0
247,25472045,715.0,728.511770561578,False,3110.6867954482846,205.0,6,4,3.914707200084204,0
124,1619500281,790.0,790.3004802500693,False,3435.0775213128627,250.0,3,5,7.973945766673481,0
283,452396959,395.0,468.7033789355278,False,1746.6927394115207,65.0,2,4,6.271302103531939,0
22,25533578,225.0,311.47557170382044,False,921.2467514450574,5.0,0,0,0.21105394023940516,0
91,14003329325,770.0,597.2041229130745,True,2421.3216452936404,505.0,5,23,16.498418230272463,0
290,25503707,200.0,296.8999867045678,False,844.7249301989807,0.0,1,0,0.0,0
62,452486137,440.0,462.9353732368854,False,1716.4107094936473,135.0,4,2,3.7955442776769592,0
233,1685938656,145.0,250.8756597733376,False,603.0972138100223,0.0,0,0,0.0,0
181,4457798822,610.0,627.118773091654,False,2578.373558731184,175.0,3,10,10.457098576659858,0
5,435144778,360.0,445.5506618691041,False,1625.1409748127955,45.0,4,1,0.9079461063141171,0
194,26699537,785.0,600.1324743831357,True,2436.695490511461,785.0,5,28,31.958867995523192,0
227,9512937,205.0,297.9884598414482,False,850.4394141676033,0.0,1,0,0.0,0
144,1614846702,490.0,535.5897455407165,False,2097.846164088761,115.0,5,11,8.751262842906453,0
108,108902,165.0,267.74364876043944,False,691.6541559923071,0.0,0,0,0.0,0
105,6313625295,550.0,487.4185003010258,True,1844.9471265803852,265.0,4,10,10.581598923890942,0
29,500486430,745.0,742.2039309155625,False,3182.5706373067037,225.0,8,9,9.53589384273681,0
14,8124381023,775.0,725.4234238718919,True,3094.4729753274332,320.0,6,9,8.041226390853732,0
260,25500885,1000.0,874.4956384138255,True,3877.1021016725845,385.0,8,6,9.528340987338709,0
208,107349,520.0,561.9621837761374,False,2236.3014648247217,125.0,3,22,43.534929872408526,14
146,13567811111,405.0,440.11950305001795,False,1596.6273910125942,95.0,5,5,3.11043468700301,0
43,11456439398,745.0,552.4217013617607,True,2186.213932149245,695.0,1,31,22.454930398640787,0
224,3456413131,720.0,649.7900684408991,True,2697.3978593147185,465.0,1,7,9.997738980387156,0
158,21590631,245.0,331.89404482281543,False,1028.4437353197811,10.0,4,0,0.5794696229538978,0
82,333650017,500.0,535.1758169296071,False,2095.6730388804376,125.0,3,4,3.1771215788315827,0
180,4580163090,325.0,391.3094502790031,False,1340.374613964766,50.0,2,6,4.378799021163855,0
8,25471086,135.0,239.1348433303926,False,541.4579274845613,0.0,0,0,0.0,0
46,6940295978,495.0,480.74534941829756,True,1809.9130844460617,245.0,1,21,12.388430759213174,0
253,1685938739,455.0,499.81422359825433,False,1910.0246738908356,105.0,2,11,10.017244061669532,0
125,25473288,140.0,245.77298772967208,False,576.3081855807783,0.0,3,0,0.0,0
87,970857026,400.0,410.71086025440695,False,1442.232016335636,150.0,6,9,9.073112383264215,0
277,1678452742,465.0,496.34688006592296,False,1891.821120346095,165.0,6,4,5.364413582823069,0
93,9789817,730.0,732.9786496849081,False,3134.137910845767,235.0,10,10,6.410723067934863,0
198,1106056866,550.0,593.7737682352188,False,2403.3122832348986,130.0,6,6,6.426382064789814,0
200,108260,1020.0,900.7343891978213,True,4014.855543288563,420.0,8,7,6.448789454802676,0
143,1667203543,910.0,723.4619708165843,True,3084.175346787069,600.0,6,3,3.464007092198582,0
48,109631,645.0,663.1529321363746,False,2767.552893715967,190.0,8,4,4.871447352791478,0
142,25473300,480.0,534.4345907489361,False,2091.7816014319155,105.0,3,5,3.9681983118091146,0
291,8972731452,235.0,326.04439539968246,False,997.7330758483328,5.0,1,0,0.07078828828828831,0
128,25473288,470.0,530.7602716684787,False,2072.4914262595144,95.0,1,2,2.8092936634035746,0
135,5393414954,300.0,369.65914341958023,False,1226.710502952796,300.0,2,45,52.17811590650658,0
53,1612472593,330.0,408.01895319856544,False,1428.0995042924685,40.0,1,1,0.7482055611078092,0
83,25501007,335.0,422.61545429381886,False,1504.7311350425487,35.0,2,7,9.446998761430885,0
10,1678452758,325.0,362.72817650300794,False,1190.3229266407918,90.0,1,6,5.458630925101348,0
231,25473616,165.0,266.78740336471867,False,686.633867664773,0.0,1,0,0.0,0
69,4347844156,510.0,542.3246116759399,False,2133.204211298684,135.0,7,4,4.562137652555358,0
65,351771449,1045.0,853.2711806915308,True,3765.6736986305377,610.0,8,22,16.651729893988815,0
249,25533613,380.0,425.86479790638344,False,1521.7901890085122,90.0,5,15,16.977995824469204,0
171,109619,805.0,723.2177031981887,True,3082.8929417904915,315.0,4,7,4.806608389605652,0
34,12437824276,725.0,647.1527618006311,True,2683.551999453313,275.0,6,3,4.179678918025784,0
75,10574746,490.0,525.8152003068811,False,2046.5298016111265,120.0,3,5,6.818256055528818,0
85,4956890429,445.0,518.7212297745177,False,2009.2864563162177,80.0,1,0,1.982687235404947,0
259,107786,300.0,388.0561945760499,False,1323.295021524262,25.0,3,0,1.686175980660308,0
256,21665911,275.0,357.0403193836355,False,1160.4616767640862,275.0,3,6,10.0347596421357,0
90,1684410105,195.0,295.7716856113765,False,838.8013494597263,0.0,0,0,0.0,0
38,4222962185,305.0,387.053828138049,False,1318.0325977247574,30.0,2,5,5.24876815328693,0
112,14023072775,275.0,357.81013182318407,False,1164.5031920717156,20.0,1,1,0.6704380525457116,0
56,14017207475,425.0,467.21531345296444,False,1738.880395628063,95.0,3,5,4.949204046785073,0
221,25473284,620.0,547.2144097352211,True,2158.87565110991,235.0,7,4,3.402144929942972,0
111,108903,465.0,524.2976405358426,False,2038.5626128131737,95.0,6,2,4.241392425410961,0
187,5838132444,990.0,932.2802116306661,True,4180.471111060996,340.0,11,3,4.438474790134023,0
55,812004134,885.0,840.3544118805935,True,3697.8606623731166,315.0,6,13,12.507967786443816,0
96,21665583,745.0,611.7591645282768,True,2497.7356137734528,745.0,2,58,80.96557852135543,15
261,11156548927,200.0,294.76773435508153,False,833.5306053641782,0.0,2,0,0.0,0
202,823745,175.0,271.7270134811504,False,712.5668207760398,0.0,0,0,0.0,0
46,6521883874,70.0,185.52486844835008,False,260.00555935383795,0.0,3,0,0.0,0
22,107793,115.0,221.48017614713868,False,448.77092477247817,0.0,0,0,0.0,0
19,317930325,375.0,441.2085958648455,False,1602.3451282904387,65.0,3,10,9.342106509937391,0
18,21665585,685.0,676.1019214955301,True,2835.5350878515337,265.0,1,4,4.405224675346645,0
33,9512930,260.0,334.4269805920942,False,1041.741648108494,25.0,2,0,0.9851403893888315,0
31,9791489,520.0,560.4338133475605,False,2228.277520074694,135.0,4,6,7.582412577070964,0
80,5487714091,305.0,343.63666602933034,False,1090.0924966539844,130.0,1,8,7.753501726486285,0
208,1106056866,100.0,213.92168484710612,False,409.0888454473071,0.0,0,0,0.0,0
44,25532341,170.0,271.64966890305516,False,712.1607617410396,0.0,2,0,0.0,0
154,21665581,165.0,263.6078195597398,False,669.941052688634,0.0,3,0,0.0,0
289,25471098,165.0,268.6803558097512,False,696.5718680011936,0.0,1,0,0.0,0
142,1684410105,60.0,179.64499109996302,False,229.1362032748058,0.0,2,0,0.0,0
193,25470679,335.0,410.57465018445794,False,1441.5169134684047,45.0,3,5,4.133632482951143,0
172,25473371,470.0,510.7254296133872,False,1967.3085054702829,110.0,0,3,3.380634964124773,0
195,108306,985.0,911.9746924874728,True,4073.867135559232,365.0,9,12,15.217631258789604,0
284,812004134,390.0,460.76543040095135,False,1705.0185096049947,65.0,2,3,3.8292130172650323,0
252,107823,595.0,554.2065028246847,True,2195.5841398295947,300.0,5,16,17.95252523210819,0
70,26699549,680.0,692.7915623391482,False,2923.155702280526,235.0,2,14,12.988706859667262,0
206,12437379708,625.0,504.84326033699455,True,1936.4271167692211,395.0,1,9,9.184001737191037,0
118,109838,575.0,609.9246488424268,False,2488.1044064227412,145.0,6,3,4.968459245770073,0
267,27503587,895.0,876.1394546679662,True,3885.732137006823,280.0,10,13,10.091627020508296,0
269,14003329325,405.0,425.9560663767879,False,1522.2693484781364,160.0,3,11,6.305460688624342,0
77,9515387,745.0,758.508099013958,False,3268.1675198232783,210.0,8,2,3.621855517469393,0
153,435144778,775.0,775.4267911889074,False,3356.9906537417633,230.0,5,10,13.203950214994778,0
156,9791152,540.0,552.9733115078772,False,2189.109885416356,175.0,5,3,5.228471705249544,0
137,9921844608,280.0,274.9412443706189,True,729.4415329457496,260.0,1,1,3.123086695187591,0
134,9512937,530.0,551.8470304441435,False,2183.1969098317536,160.0,4,5,3.2514963732760407,0
263,4347844156,735.0,640.4904789960442,True,2648.57501472923,285.0,6,12,7.947533291817937,0
210,3485458226,1025.0,834.3167084192123,True,3666.162719200864,575.0,1,6,5.30588343749841,0
81,108045,310.0,376.0235172820803,False,1260.123465730922,45.0,2,3,1.1305764733733028,0
2,25504259,370.0,433.2915561390038,False,1560.7806697297697,65.0,3,3,2.5504813388892162,0
197,14767049,1010.0,839.8666224949026,True,3695.299768098238,530.0,6,8,10.966957787497376,0
238,25257657,220.0,310.8485808456639,False,917.9550494397355,0.0,3,0,0.0,0
211,21665911,690.0,688.5149253846931,False,2900.703358269639,690.0,8,59,76.30487366948202,0
230,21665582,550.0,603.0714160415293,False,2452.124934218028,550.0,7,46,46.279890189107945,0
26,311422343,225.0,302.1348947958376,False,872.2081976781474,10.0,0,0,0.2524534944088399,0
141,21666011,290.0,365.85489588444295,False,1206.7382033933252,30.0,3,1,1.6102774584043105,0
176,25256616,260.0,348.58681300642843,False,1116.0807682837487,15.0,2,1,0.6759785720269526,0
45,12264307320,1180.0,998.695758232888,True,4529.152730722656,505.0,6,11,8.236202115871336,0
200,1678452758,105.0,210.26030689481186,False,389.86661119776227,0.0,0,0,0.0,0
179,972535469,320.0,393.97324187563356,False,1354.3595198470762,40.0,2,3,1.683265940725832,0
124,435144778,175.0,276.9596640202241,False,740.0382361061768,0.0,1,0,0.0,0
50,11156548930,1200.0,1019.6899399343358,True,4639.372184655265,530.0,13,10,10.954726398392234,0
132,25257795,445.0,438.6814697211257,True,1589.0777160359103,210.0,1,1,1.4441239316239316,0
79,25714232,420.0,492.3620767269251,False,1870.9009028163573,75.0,2,15,27.128400160909514,9
239,107797,265.0,348.00696991562495,False,1113.036592057031,20.0,2,1,1.2427609964671396,0
276,1667118171,945.0,927.9355536115322,True,4157.661656460542,295.0,10,14,10.391267944395551,0
88,34709162,410.0,466.39296393146014,False,1734.5630606401667,80.0,5,3,3.954044864336093,0
63,7527076899,905.0,738.6294452210878,True,3163.8045874107065,440.0,7,20,12.243897730431748,0
94,9931305335,620.0,638.1541910508969,False,2636.309503017209,245.0,5,4,3.1662759573020276,0
28,25533578,505.0,549.9137671853083,False,2173.0472777228683,120.0,5,4,5.320127828573783,0
207,255562,415.0,488.8884629862474,False,1852.6644306777996,70.0,2,3,2.7813997634024057,0
220,5404151677,425.0,457.71120009329593,False,1688.9838004898031,130.0,0,8,6.8796110445925995,0
203,3567188665,760.0,740.6134903328249,True,3174.2208242473284,240.0,4,8,10.592917778754614,0
199,25476020,1055.0,950.4074633601997,True,4275.639182641046,385.0,7,14,8.836919120678193,0
213,12198369,525.0,492.22484106769673,True,1870.1804156054075,290.0,6,2,4.099800988723828,0
287,26699549,700.0,692.7297139521206,True,2922.8309982486326,255.0,4,11,11.811259159362205,0
157,970857026,375.0,430.1624846025554,False,1544.3530441634155,70.0,7,1,2.261979166937133,0
288,4702603699,800.0,715.6170469341348,True,3042.989496404208,385.0,8,7,10.052575333732356,0
78,294651409,1140.0,1015.898001529978,True,4619.464508032385,425.0,7,9,10.410678573960032,0
113,2587253639,390.0,451.3006328963733,False,1655.3283227059594,70.0,4,2,1.2828723645991924,0
273,734769756,755.0,745.4705257695631,True,3199.7202602902066,240.0,7,11,13.033875538980528,0
147,9371260474,650.0,683.8437171211104,False,2876.1795148858314,170.0,8,4,5.052085956706733,0
133,383974165,840.0,763.4066495948991,True,3293.8849103732186,355.0,5,8,8.463659534640701,0
282,282686499,1340.0,1126.1463950983448,True,5198.268574266313,885.0,9,32,35.62604984938363,0
102,4739043743,330.0,398.5779372205945,False,1378.5341704081206,50.0,2,1,1.8076826401070893,0
4,4709189403,530.0,569.4223800642905,False,2275.467495337525,130.0,7,5,2.6359532468687177,0
106,3479117427,390.0,473.89121189404835,False,1773.9288624437536,55.0,6,4,4.2084758439465775,0
274,6940295978,460.0,521.133471009262,False,2021.950722798625,95.0,3,4,3.7408454421520334,0
216,21665585,515.0,549.6001221546269,False,2171.4006413117913,130.0,6,11,7.03526257730728,0
67,2833448424,540.0,536.5737634579903,False,2103.012258154449,180.0,3,6,10.481296161854987,0
9,293812285,315.0,379.45245095466737,False,1278.125367512003,45.0,3,4,4.359311412557974,0
160,107349,665.0,582.0847665778032,True,2341.9450245334665,285.0,1,7,7.576040841950245,0
277,25533437,190.0,282.19068754775844,False,767.501109625732,0.0,1,0,0.0,0
225,9295694734,410.0,351.3028327783453,True,1130.3398720863133,330.0,3,1,0.7410333485283747,0
250,5932875003,675.0,622.4745343322202,True,2553.9913052441543,235.0,2,3,3.653742774961273,0
139,7737133469,1115.0,977.4388738948255,True,4417.554087947835,430.0,10,14,12.808996932328855,0
7,1614926348,685.0,560.8330706675982,True,2230.3736210048914,515.0,4,12,10.39397660653251,0
95,60728181,845.0,686.1397213387947,True,2888.2335370286714,490.0,6,11,10.489517476595424,0
146,25533129,235.0,321.46149321435234,False,973.6728393753496,5.0,0,1,0.1946899585311105,0
237,25473373,380.0,455.23538673641036,False,1675.9857803661546,60.0,2,4,3.1564912617076497,0
119,1230374510,280.0,359.1728145631583,False,1171.6572764565813,25.0,1,0,0.3318513875679256,0
159,25473373,555.0,601.9161425736409,False,2446.0597485116127,130.0,5,9,8.033687729376732,0
17,266481798,560.0,616.9619724850518,False,2525.050355546521,125.0,5,7,6.0124235719807135,0
235,9791495,820.0,740.495291424971,True,3173.600279981098,300.0,8,9,4.140812140547574,0
284,5811245211,130.0,236.1854712187071,False,525.9737238982124,0.0,0,0,0.0,0
188,25473373,335.0,387.4841347256947,False,1320.2917073098974,60.0,2,4,4.4674448174670855,0
82,107807,240.0,292.98472200013066,False,824.1697905006861,35.0,0,1,1.3308530072659277,0
145,4712556962,330.0,385.97649785655585,False,1312.3766137469179,55.0,7,2,1.0201002879404835,0
214,200044,890.0,825.0265296380973,True,3617.3892806000094,455.0,8,33,33.42649809404679,0
114,12741759953,1240.0,966.913278640119,True,4362.29471286062,825.0,6,43,44.959082865831725,0
215,107793,580.0,604.9177072523618,False,2461.8179630749005,155.0,3,4,6.221554860047859,0
161,1619500438,775.0,771.3075567015178,False,3335.364672682967,235.0,4,11,10.073598459118799,0
174,1667203543,1170.0,977.5768271376645,True,4418.278342472737,490.0,5,6,7.448505579007814,0
23,26699537,460.0,516.0840473409264,False,1995.441248539864,460.0,4,28,37.1328996591979,0
107,4969460352,1050.0,948.4816499980991,True,4265.528662490019,475.0,11,23,22.68085708432996,0
244,25532841,560.0,588.0181387985411,False,2373.0952286923416,145.0,2,2,2.5825831478939207,0
152,292252720,950.0,840.0236029686408,True,3696.1239155853636,490.0,5,5,3.5275249679809266,0
25,14077667431,420.0,490.1751191051227,False,1859.419375301894,75.0,3,0,1.521690465178214,0
58,289996665,975.0,932.0201757327452,True,4179.105922596912,375.0,11,10,7.8260574527169755,0
268,273194,440.0,499.5175341855953,False,1908.4670544743756,90.0,3,2,3.007257154352941,0
42,255576,470.0,512.866229763578,False,1978.547706258784,110.0,4,6,2.7376659019743514,0
21,25502544,485.0,529.8467895692092,False,2067.695645238347,110.0,5,2,3.10812328843405,0
148,812004134,755.0,735.2663707580623,True,3146.148446479828,295.0,9,33,42.79499271427033,4
249,25505558,220.0,301.83709385482,False,870.6447427378052,5.0,0,1,0.46956640705847796,0
151,1678452758,720.0,707.7284456253878,True,3001.574339533286,275.0,10,9,5.504991017619488,0
90,1678452758,205.0,292.743980278041,False,822.905896459715,0.0,1,0,0.0,0
16,11707733696,650.0,686.371626732507,False,2889.4510403456616,165.0,1,4,3.1204128232684196,0
57,9849094224,745.0,701.7373772027996,True,2970.1212303146986,300.0,9,24,21.794160704921964,0
68,25532843,1195.0,988.6070633572461,True,4476.187082625541,505.0,5,6,7.219382660065499,0
149,108252,420.0,450.7355595678064,False,1652.3616877309826,100.0,3,16,21.6492704430328,4
173,25472045,435.0,502.6767197723939,False,1925.0527788050683,80.0,3,0,1.4360544774369997,0
209,282686499,700.0,659.5653153308713,True,2748.717905487075,315.0,5,12,9.651491796141748,0
245,21665582,605.0,596.4819966036204,True,2417.5304821690074,605.0,5,46,56.782196242683305,0
264,5568839679,460.0,504.35707509008876,False,1933.8746442229663,105.0,3,6,5.908832601202024,0
254,358992920,335.0,414.91067353908534,False,1464.2810360801973,40.0,5,2,1.7849941839219237,0
292,108059,400.0,474.27549584225346,False,1775.946353171831,65.0,2,1,1.3173451590448615,0
257,25503725,845.0,772.3159667845823,True,3340.6588256190594,350.0,3,13,11.93054758011699,0
226,6521883874,365.0,421.1452954303661,False,1497.0128010094213,70.0,5,0,1.9220965982282021,0
209,21665911,5.0,139.49621179985857,False,18.355111949257473,5.0,0,1,0.8499327529553063,0
175,26671733,670.0,695.2583148856265,False,2936.1061531495384,180.0,2,6,4.5020770061055835,0
178,3567188470,630.0,659.5186352160465,False,2748.4728348842445,165.0,3,23,46.92228733593348,9
61,21392084,1285.0,989.543815096698,True,4481.10502925766,895.0,18,35,35.77211228900389,0
43,6378017135,305.0,389.43218068380725,False,1330.5189485899878,30.0,2,4,3.2430454040629857,0
234,1607738730,1000.0,813.9829479759559,True,3559.4104768737693,510.0,10,8,10.613153027865913,0
59,108258,440.0,473.2159650501519,False,1770.3838165132975,105.0,3,8,9.457172125071196,0
39,1953627794,480.0,539.3079030181818,False,2117.366490845455,100.0,5,9,9.345683304017511,0
126,21704017,700.0,568.182854188022,True,2268.959984487116,525.0,6,6,10.974042670269247,0
36,2089584869,620.0,635.9514615735193,False,2624.745173260976,170.0,4,9,6.933174081147556,0
109,25502541,520.0,567.5663736923342,False,2265.7234618847538,120.0,4,2,1.6601035190305287,0
108,21533908,325.0,408.5874433039744,False,1431.0840773458654,35.0,4,1,1.322220966276373,0
110,108896,625.0,494.70308071418225,True,1883.191173749456,540.0,3,13,11.18709598378325,0
20,1678452814,505.0,532.5911071865457,False,2082.103312729365,175.0,6,10,12.228815736738417,0
168,25257789,520.0,565.8860721116183,False,2256.9018785859957,120.0,3,8,7.264515193306537,0
37,14727254,575.0,594.7833567437746,False,2408.612622904816,155.0,3,10,10.798497209430225,0
75,25375812,260.0,348.8645179411702,False,1117.5387191911436,15.0,4,2,0.5495753505264788,0
222,282686499,1040.0,919.2823072756008,True,4112.232113196902,485.0,7,14,19.41420826604516,0
279,1614926348,940.0,735.9900637290767,True,3149.9478345776515,610.0,3,11,17.955030970705803,0
248,452219937,660.0,698.9232571634565,False,2955.3471001081452,170.0,2,7,6.437401451180786,0
204,25257284,735.0,745.6887373494827,False,3200.8658710847844,210.0,7,17,14.203369292391244,0
170,25532341,565.0,586.1056053984768,False,2363.054428342004,150.0,2,5,5.689563515902775,0
196,9512937,455.0,510.42046804376105,False,1965.7074572297447,95.0,4,0,1.2227911166178662,0
280,21392084,475.0,456.0984300572877,True,1680.5167578007604,200.0,2,4,6.471491541107348,0
262,5932856688,725.0,597.1647699615645,True,2421.1150422982146,400.0,1,13,9.373889244718375,0
69,25257284,295.0,382.27276211691924,False,1292.9320011138257,25.0,3,0,0.48999999999999994,0
86,82710879,395.0,456.8672203884452,False,1684.5529070393368,75.0,3,4,3.0801115360355578,0
283,823745,390.0,464.54505473629797,False,1724.8615373655641,60.0,1,4,3.8411025140239508,0
104,1694551549,685.0,682.484822138736,False,2869.045316228365,215.0,3,8,8.813012639730772,0
105,25502541,375.0,431.48773222069525,False,1551.3105941586498,70.0,1,4,2.7365227667665586,0
32,9791152,540.0,597.2173798445236,False,2421.3912441837474,120.0,5,3,1.6758484159315978,0
26,9512926,230.0,314.4997298188712,False,937.1235815490734,5.0,3,1,0.38496865660208,0
183,7737133469,565.0,605.3198814815859,False,2463.929377778325,140.0,6,10,6.938338445981542,0
82,1678452820,115.0,208.4872050619708,False,380.55782657534667,0.0,0,0,0.0,0
115,107349,430.0,476.3307300881033,False,1786.7363329625425,95.0,4,12,26.386851158117558,6
272,25500807,420.0,489.36807415637253,False,1855.182389320956,75.0,3,6,6.514310869265105,0
242,25524248,655.0,688.2460835235432,False,2899.291938498601,170.0,6,10,7.431446970976893,0
171,25473373,320.0,399.0222847892867,False,1380.8669951437553,40.0,1,0,0.9626014722877249,0
116,9512933,735.0,653.6924306116498,True,2717.885260711163,310.0,4,8,10.277440325439029,0
275,1612472593,1070.0,912.3383386541705,True,4075.7762779343943,685.0,13,32,25.83958581807692,0
72,1089089322,840.0,683.4811825367216,True,2874.2762083177863,500.0,3,10,12.419361787435692,0
266,4222962219,600.0,644.2312730059527,False,2668.214183281252,145.0,5,1,3.5896404976704663,0
290,26652117,400.0,440.1121199906915,False,1596.5886299511299,90.0,4,3,2.6405509256717554,0
253,108014,370.0,426.4088102715234,False,1524.6462539254983,70.0,3,10,11.48591854136944,0
127,6893923114,575.0,564.0001151875175,True,2247.0006047344673,280.0,3,2,4.6804910375820254,0
129,25473373,800.0,704.3180420451755,True,2983.6697207371712,380.0,8,7,9.155507695175162,0
219,8145826357,595.0,614.7432102416204,False,2513.401853768505,180.0,4,10,10.206680541685905,0
30,1278032912,790.0,796.3080278226641,False,3466.6171460689884,230.0,6,1,4.4385363013846435,0
207,3887905014,225.0,310.19923042782403,False,914.5459597460765,5.0,4,0,0.0706078247806933,0
87,14017207476,370.0,432.67140890688853,False,1557.5248967611649,65.0,3,2,1.0181296762736953,0
163,7192163376,755.0,764.3116935705664,False,3298.6363912454717,215.0,7,13,13.558688811154315,0
243,4233926316,455.0,493.16140016156305,False,1875.0973508482066,105.0,2,3,2.9360549449638915,0
35,107797,580.0,603.2943414109435,False,2453.295292407454,155.0,6,11,7.423494201497992,0
100,25502541,555.0,543.5423674506554,True,2139.597429115941,170.0,5,2,3.0282013755717654,0
131,4239701265,595.0,608.7596073873309,False,2481.987938783488,165.0,2,5,4.110534584293048,0
117,25502834,890.0,833.6328923835474,True,3662.5726850136257,305.0,8,4,4.957825391393489,0
47,6065422037,620.0,629.2464591312637,False,2589.5439104391344,190.0,6,3,4.337136356199053,0
122,25507041,770.0,769.9279180192007,False,3328.1215696008026,230.0,9,9,9.831201488764501,0
132,9512933,260.0,331.8028370694203,False,1027.9648946144564,25.0,1,0,1.1934113308359435,0
236,1667203511,540.0,579.5018126176213,False,2328.3845162425114,130.0,7,0,4.959956047536873,0
99,110011,1270.0,1160.498007822641,True,5378.614541068875,455.0,14,10,7.5565381584200075,0
88,1612472593,260.0,344.2766765906805,False,1093.4525521010721,15.0,2,0,0.36749999999999994,0
54,9515379,570.0,472.11226097645925,True,1764.589370126411,445.0,4,10,9.548056031777481,0
262,21665585,70.0,186.7458380317122,False,266.41564966648895,0.0,0,0,0.0,0
78,101995,240.0,330.836858551084,False,1022.8935073931912,5.0,3,0,0.18097669994706853,0
278,1611082164,500.0,501.52692668225967,False,1919.0163650818633,170.0,4,7,5.777959413516245,0
45,107320,280.0,368.2772519759767,False,1219.4555728738776,20.0,0,1,0.34793719817954155,0
241,21665911,480.0,527.7891457161147,False,2056.893015009602,480.0,5,31,32.988940441332595,0
172,1678452778,320.0,386.2381734066403,False,1313.7504103848617,45.0,3,2,1.3387683644462343,0
281,9791495,980.0,787.8111881758119,True,3422.008737923009,445.0,6,20,18.04124284117345,0
41,4431563564,585.0,629.4875633613118,False,2590.809707646887,140.0,8,3,3.218510638297873,0
247,9512937,465.0,508.661444186416,False,1956.4725819786843,105.0,7,5,6.136185084418532,0
22,9522438169,340.0,412.0516628788564,False,1449.2712301139964,50.0,1,1,1.572147811841119,0
190,21544863,1005.0,890.0417925333161,True,3958.71941079991,425.0,6,6,10.48569551112584,0
192,1607738730,1235.0,1009.6513520875872,True,4586.669598459828,660.0,9,22,18.975354877123998,0
120,8972731452,685.0,713.9760483997995,False,3034.3742540989465,185.0,5,25,34.25288619383418,0
184,25544126,620.0,645.4722021870836,False,2674.7290614821886,165.0,3,8,6.575949045853986,0
73,25533578,590.0,630.9192081732969,False,2598.325842909808,145.0,6,5,5.218468063159189,0
13,21665006,705.0,706.0086974639211,False,2992.5456616855845,210.0,5,6,4.504747367009148,0
135,25495441,400.0,467.9937836093984,False,1742.9673639493406,70.0,7,1,1.6228197923332142,0
244,25473284,180.0,274.65119839035054,False,727.9187915493407,0.0,0,0,0.0,0
232,21665911,620.0,623.106074582521,False,2557.306891558234,620.0,7,12,14.524778080593364,0
166,25474664,815.0,819.0866210592983,False,3586.204760561317,240.0,5,5,3.8246726493908993,0
95,1666324108,215.0,298.59327772496243,False,853.6147080560528,5.0,0,0,0.27610063921138744,0
250,370712148,215.0,309.1227090770386,False,908.8942226544525,0.0,1,0,0.0,0
218,2502573430,510.0,569.9337228607749,False,2278.152045019067,110.0,2,8,4.116629794028418,0
224,7279228683,445.0,490.01439780398164,False,1858.5755884709033,100.0,5,1,2.7782696011508436,0
229,9849094224,580.0,609.3609039900965,False,2485.1447459480055,150.0,3,3,4.230779594466213,0
223,7279228683,515.0,563.404692938287,False,2243.8746379260083,120.0,4,19,22.501541397116544,0
181,25503725,475.0,530.1950721170933,False,2069.5241286147393,100.0,4,1,1.596559526785671,0
233,25472904,485.0,526.5868288812073,False,2050.580851626338,115.0,3,10,10.642170947830378,0
155,14003329325,640.0,659.760075004734,False,2749.740393774857,175.0,6,12,12.888788828756848,0
121,972535469,660.0,702.5500370522359,False,2974.387694524241,165.0,3,3,4.547791350611911,0
18,25257026,375.0,421.57070459397147,False,1499.2461991183493,75.0,0,1,2.7119438315192452,0
83,4784457207,425.0,455.1302413700571,False,1675.4337671927997,105.0,2,6,1.319509163095407,0
179,275424,330.0,404.86763276039215,False,1411.5550719920577,45.0,2,3,2.2922761558858924,0
161,9521031,225.0,304.166327754515,False,882.8732207112034,10.0,0,2,1.2724069858656282,0
164,109579,830.0,830.713774676143,False,3647.247317049751,245.0,6,11,6.532319078750729,0
153,452236138,355.0,430.3332558860336,False,1545.2495934016765,50.0,2,7,12.978623425356743,2
267,677445939,360.0,433.8679794891525,False,1563.8068923180508,55.0,2,7,6.018301564148292,0
97,25532843,1045.0,968.4347245809536,True,4370.282304050004,390.0,8,9,7.225365129602941,0
66,11052055754,590.0,590.839172915123,False,2387.9056578043947,175.0,5,12,9.26365522319467,0
53,21665911,450.0,499.2704228779203,False,1907.1697201090815,450.0,5,24,27.063822705354585,0
157,7066266061,310.0,383.7576191406172,False,1300.72750048824,40.0,1,2,0.837959439706237,0
89,109832,905.0,889.8874603930523,True,3957.909167063524,280.0,7,13,11.016472508224846,0
265,9512937,875.0,698.4122582382664,True,2952.664355750898,595.0,4,24,15.685334673100334,0
76,2833445980,545.0,557.816303103641,False,2214.535591294116,170.0,1,3,5.472880787192238,0
14,25533578,500.0,537.8579767233912,False,2109.754377797803,120.0,5,7,5.501285188681709,0
263,21665929,370.0,435.4535229099806,False,1572.1309952773981,65.0,5,4,3.6968646159349166,0
231,9512935,450.0,503.0623859722635,False,1927.0775263543833,130.0,4,10,8.170913055417085,0
127,7959928587,110.0,216.94000950946202,False,424.93504992467535,0.0,0,0,0.0,0
142,9849094224,400.0,405.5574060337803,False,1415.1763816773469,130.0,0,11,9.44236716192154,0
12,1607738730,890.0,739.0843068227923,True,3166.19261081966,395.0,1,6,9.202271795304744,0
227,25256330,515.0,576.3151312265439,False,2311.6544389393553,110.0,2,2,2.067609707971392,0
197,25507334,380.0,458.7932322275676,False,1694.6644691947308,55.0,2,3,2.0704987440342046,0
237,1685938741,275.0,364.42593679831873,False,1199.2361681911734,15.0,2,1,0.5911587347085752,0
40,4174200026,670.0,665.2576652436438,False,2778.60274252913,200.0,2,11,10.451432204089894,0
240,1685751707,665.0,679.7412659202732,False,2854.641646081433,185.0,4,0,3.0462177184607455,0
225,6313634646,285.0,371.5809516573442,False,1236.7999962010567,20.0,2,0,0.48999999999999994,0
246,107806,575.0,575.9772755364744,False,2309.8806965664908,170.0,4,5,5.9332337294804836,0
156,452589682,390.0,456.6129721720408,False,1683.2181039032155,70.0,2,3,3.4093363183710723,0
169,1611022413,795.0,826.4531043163496,False,3624.878797660831,215.0,5,3,4.970432334695575,0
102,25505558,310.0,392.92728468905125,False,1348.868244617519,30.0,2,0,0.3123791198344402,0
84,9515370,670.0,643.57696108894,True,2664.779045716936,300.0,4,19,16.608750287405762,0
48,25532843,485.0,518.3926170646264,False,2007.5612395892877,135.0,1,8,10.77629123899833,0
189,26559616,615.0,626.3200112126165,False,2574.180058866236,175.0,10,2,3.5582767987994486,0
62,9020945997,540.0,584.02428660163,False,2352.1275046585574,130.0,4,8,8.784595492875416,0
27,1619354114,605.0,634.3773005219564,False,2616.4808277402713,160.0,1,11,9.403509573343657,0
77,9789814,405.0,454.7526102906446,False,1673.4512040258835,85.0,1,6,5.634978766314214,0
31,108901,430.0,478.99584451293595,False,1800.728183692914,90.0,2,7,5.767697412381619,0
284,2214957485,280.0,362.6767071929768,False,1190.0527127631285,25.0,3,0,0.2653507813905276,0
253,294651409,140.0,245.16917928976878,False,573.1381912712861,0.0,0,0,0.0,0
60,8145826353,685.0,699.3815648474306,False,2957.7532154490113,205.0,3,7,5.0111392267927855,0
186,4431563564,600.0,622.3577776891005,False,2553.3783328677764,160.0,4,9,9.064612032575898,0
11,25503802,755.0,685.3222117388242,True,2883.9416116288285,275.0,6,5,3.898065618266091,0
264,25472769,245.0,332.49138901760665,False,1031.579792342435,10.0,1,2,4.476680485163822,0
285,26591531,850.0,817.9823240107794,True,3580.407201056593,275.0,11,7,11.03637397059452,0
212,25498932,1070.0,1035.8764938718402,True,4724.351592827165,340.0,9,7,7.847842813108959,0
251,1684410143,655.0,677.4635810972349,False,2842.683800760484,180.0,6,4,4.556942742543936,0
15,1678452820,670.0,519.2247586374863,True,2011.9299828468031,380.0,5,14,8.75107555642469,0
83,9521033,80.0,189.58945370651278,False,281.344631959192,0.0,0,0,0.0,0
221,25626801,475.0,547.2206131891824,False,2158.9082192432065,90.0,7,1,3.545977930104467,0
271,6410407480,710.0,707.6375439902293,False,3001.0971059487038,220.0,5,7,8.066384563502773,0
217,25532842,770.0,716.315962577638,True,3046.658803532597,265.0,7,13,9.4860770523642,0
4,102025,355.0,428.0252463677105,False,1533.1325434304808,55.0,4,3,1.135293489249916,0
177,25472045,665.0,694.6268915900462,False,2932.791180847744,175.0,3,9,4.79744878364462,0
167,5453319326,635.0,641.0680509142741,False,2651.6072672999403,220.0,2,16,17.807283332993016,0
144,25256289,585.0,630.4947522411213,False,2596.0974492658884,140.0,9,9,8.570239280877667,0
61,4239164192,265.0,336.3814253988655,False,1052.0024833440436,35.0,1,3,2.4944243713340635,0
44,281454988,475.0,522.4287968862718,False,2028.7511836529272,105.0,2,3,2.803079862877833,0
249,4709189403,300.0,370.8007250946348,False,1232.7038067468325,40.0,1,1,0.8184199030081203,0
92,1614926348,795.0,781.1551883266051,True,3387.0647387146787,245.0,3,8,7.0976895771619875,0
239,21533913,425.0,475.8368742681871,False,1784.143589907982,90.0,3,6,7.041038750288469,0
162,9498441980,965.0,918.6763663029866,True,4109.050923090681,320.0,11,11,8.056565614501675,0
138,107860,845.0,822.0440505472311,True,3601.731265372962,280.0,6,14,9.654374119235884,0
241,1684410105,160.0,251.0810778612357,False,604.1756587714874,0.0,1,0,0.0,0
194,25496815,605.0,587.2719719135519,True,2369.1778525461473,190.0,3,11,11.638066849150476,0
56,14728072,510.0,494.6263315891149,True,1882.7882408428532,170.0,5,5,7.83528327622289,0
276,102000,435.0,492.088252426963,False,1869.4633252415554,90.0,2,1,2.4935712323870325,0
123,1614926333,985.0,900.5100611359408,True,4013.67782096369,350.0,9,8,8.140995511694422,0
270,5393414954,795.0,717.9243474991858,True,3055.102824370724,795.0,5,28,38.74975899817048,0
65,380494808,555.0,591.810663362255,False,2393.005982651838,140.0,6,2,1.811981153139752,0
248,6219635602,275.0,356.6978956706514,False,1158.6639522709202,25.0,1,0,1.1746552889210677,0
238,6521883874,480.0,500.57718393970947,False,1914.0302156834753,125.0,3,7,6.348521285810491,0
191,1614846692,925.0,881.390744529477,True,3913.301408779752,365.0,7,13,14.638706971106632,0
282,25533613,405.0,469.8836752340098,False,1752.8892949785516,75.0,6,7,5.018432672625949,0
103,25472589,1045.0,942.5353627545596,True,4234.310654461438,385.0,3,3,5.603298940105879,0
112,5393414954,540.0,576.8501111071829,False,2314.4630833127108,540.0,8,62,66.87824097541568,1
157,5453319326,120.0,228.52835668992884,False,485.7738726221264,0.0,1,0,0.0,0
201,972535576,765.0,727.1708653042218,True,3103.6470428471666,255.0,2,6,7.473559574078542,0
69,5630569619,270.0,358.43944937940387,False,1167.8071092418706,15.0,5,1,1.8470482099103318,0
159,25501328,385.0,451.01637823486146,False,1653.8359857330227,65.0,3,2,1.5359742680487363,0
199,9791495,445.0,482.8336511444026,False,1820.8766685081132,105.0,2,1,2.8605209726428305,0
96,1678452758,545.0,531.0367945852,True,2073.943171572298,205.0,2,3,2.4038647613615867,0
98,21665585,720.0,680.0148805241474,True,2856.078122751773,240.0,9,5,5.5694507605527095,0
188,691084080,375.0,436.6883254403831,False,1578.613708562011,70.0,0,3,3.3380552432240886,0
178,6521883874,315.0,394.68128557213254,False,1358.0767492536957,35.0,1,3,3.9741075370643335,0
176,25257309,495.0,508.65045151547315,False,1956.4148704562335,200.0,2,8,8.289551199298554,0
170,21665590,295.0,362.499290289329,False,1189.121274018977,40.0,3,2,0.9186856373729438,0
152,4784457202,385.0,447.50886726351496,False,1635.421553133453,70.0,3,6,4.123735183778447,0
136,2191480791,835.0,813.99131698114,True,3559.4544141509855,265.0,4,11,7.13313945093964,0
111,25501320,565.0,596.8568226991451,False,2419.4983191705114,145.0,3,4,2.2628084910498663,0
29,1115431333,660.0,604.4073902781942,True,2459.138798960519,355.0,2,10,17.242211139425663,0
24,108025,830.0,681.4408172708244,True,2863.564290671828,390.0,8,8,9.414855831273176,0
159,25256840,30.0,154.58315718990022,False,97.561575246976,0.0,0,0,0.0,0
3,1936062451,1020.0,994.2014472192914,True,4505.557597901278,320.0,5,10,7.070890649611043,0
7,9791492,425.0,491.3245844480798,False,1865.4540683524192,80.0,2,2,1.9600000000000002,0
224,734769756,205.0,298.7888972842795,False,854.6417107424677,0.0,1,0,0.0,0
202,276502336,580.0,607.5586605659383,False,2475.682967971177,160.0,9,6,4.410908838690079,0
257,25533438,370.0,446.1750745742389,False,1628.4191415147538,55.0,3,1,0.8743800162352438,0
125,1278032912,650.0,687.9341714641432,False,2897.6544001867533,165.0,9,5,5.6090016782437555,0
288,2129184285,490.0,548.1457407699214,False,2163.7651390420874,105.0,5,2,1.2591417552899544,0
143,1115431319,635.0,646.5739615499359,False,2680.5132981371653,180.0,4,4,4.820742911994878,0
161,13808620797,185.0,272.48369121760277,False,716.5393788924146,0.0,1,0,0.0,0
215,102018,420.0,483.9463563046353,False,1826.7183705993348,80.0,1,3,3.8725467732445815,0
29,311422343,20.0,146.5539703651389,False,55.408344416979176,0.0,0,0,0.0,0
146,11156548927,440.0,486.0514796496513,False,1837.7702681606697,95.0,2,0,2.546625486399902,0
41,1614846678,245.0,334.51321754464925,False,1042.1943921094087,10.0,1,0,0.4155209815771653,0
71,25472350,920.0,776.9903097280318,True,3365.199126072167,400.0,5,26,30.92886513039868,0
85,1231977683,610.0,656.6025869709572,False,2733.1635815975255,150.0,1,3,2.862737430452912,0
94,14069294213,520.0,549.3015594783807,False,2169.8331872614986,145.0,2,5,2.9687379110251455,0
140,2441998875,835.0,658.8407911358713,True,2744.914153463325,505.0,6,10,9.896530852282199,0
211,10559192943,555.0,595.6790396314178,False,2413.3149580649433,135.0,2,24,55.578780703193885,13
120,6173783039,250.0,340.9456155243602,False,1075.9644815028912,10.0,3,0,0.41393242500592037,0
158,306499809,685.0,706.6306696469882,False,2995.811015646689,190.0,11,6,3.074858114698539,0
222,1614926339,355.0,429.5063047279482,False,1540.9080998217275,50.0,3,1,1.0333464659208105,0
150,311422338,1185.0,943.4499550644616,True,4239.112264088425,520.0,7,9,11.612188650826583,0
91,25502834,710.0,698.9982443328478,True,2955.7407827474517,220.0,7,4,5.3344051342211944,0
19,25496892,600.0,599.9883369745683,False,2435.9387691164843,240.0,2,3,5.406392170317568,0
183,25471086,330.0,398.615227334729,False,1378.729943507327,50.0,3,1,0.7650096248247499,0
151,9046520718,430.0,488.66766047858823,False,1851.505217512588,85.0,3,1,4.324658479656743,0
64,1684410076,965.0,843.6176524989165,True,3714.9926756193136,390.0,10,2,4.957223308168571,0
206,25533437,595.0,623.8305237277739,False,2561.110249570813,155.0,4,14,12.2369226337473,0
126,10019788231,400.0,465.2400684665958,False,1728.5103594496288,70.0,3,8,5.587840624155161,0
262,1938580083,290.0,350.1505992620532,False,1124.2906461257794,75.0,6,2,1.709536527518123,0
10,4397152730,670.0,686.1612778821573,False,2888.346708881323,185.0,11,8,5.1797232532717405,0
230,5393414954,580.0,589.508740618571,False,2380.9208882474973,580.0,3,37,36.113180840425734,0
6,108903,880.0,724.4949923923857,True,3089.598710060029,535.0,8,10,10.991538621468708,0
51,12437380988,845.0,854.2773893059898,False,3770.956293856447,245.0,10,11,7.711695978209775,0
232,771982865,285.0,366.3231431920928,False,1209.196501758487,25.0,2,3,1.2661902719107023,0
115,1630526800,355.0,427.3560370169216,False,1529.6191943388394,65.0,4,3,2.7318095088309904,0
70,276502336,625.0,667.7155497834532,False,2791.5066363631295,155.0,9,3,4.581348611292026,0
148,2946815216,465.0,521.1755510101733,False,2022.1716428034101,100.0,4,6,3.9469966931925846,0
174,9512937,480.0,519.5029827263696,False,2013.3906593134413,115.0,6,2,3.291266875637176,0
74,108258,1015.0,900.1242604127989,True,4011.652367167193,390.0,6,5,5.893039044315504,0
279,26001541,405.0,463.68907763867685,False,1720.3676576030537,80.0,2,11,11.66756201843599,0
266,25503701,360.0,434.2845753084017,False,1565.9940203691083,55.0,6,10,22.243671527003617,6
236,9167793401,325.0,374.42538631212255,False,1251.733278138643,60.0,2,9,13.68753171434867,2
165,25495450,1000.0,956.2161987905433,True,4306.1350436503535,330.0,11,4,5.015439587353495,0
38,1614949613,680.0,553.7430559293323,True,2193.151043628994,385.0,2,5,8.982921032174612,0
280,311422343,405.0,467.4931672044306,False,1740.3391278232607,75.0,2,5,5.691757100922338,0
255,255576,850.0,762.7838229668185,True,3290.615070575797,410.0,8,3,6.564159699252351,0
245,1694551549,470.0,429.8909656589611,True,1542.9275697095466,250.0,3,12,10.623565586940344,0
200,107348,625.0,666.0038907769768,False,2782.520426579129,155.0,5,8,11.677384592280525,0
58,25502834,500.0,553.6430567562319,False,2192.6260479702187,110.0,6,3,3.659027396992247,0
116,3531897238,380.0,441.86206327274795,False,1605.7758321819267,70.0,2,5,1.806810849667385,0
188,25500809,140.0,241.95268584546403,False,556.2516006886862,0.0,1,0,0.0,0
121,12765774269,295.0,377.77533433650115,False,1269.3205052666315,30.0,1,0,0.2968136505577185,0
101,9521035,815.0,800.3959341266768,True,3488.078654165052,250.0,4,6,5.04252341575213,0
17,25522907,535.0,559.5718522157775,False,2223.7522241328315,155.0,7,10,9.543866242329388,0
205,12198505,1015.0,983.3665058031453,True,4448.674155466511,360.0,12,15,10.366361252020068,0
128,10661209574,740.0,672.1726258626636,True,2814.906285778984,295.0,4,23,27.277786001738765,0
75,9512922,450.0,505.41598454839954,False,1939.4339188790968,95.0,1,6,7.578876193050198,0
50,25473373,640.0,627.0078896002033,True,2577.791420401066,300.0,6,14,11.76668354650894,0
93,5518619474,760.0,784.2210545297419,False,3403.160536281144,210.0,7,5,4.504734938149389,0
208,1936062451,685.0,693.8242405147922,False,2928.5772627026618,200.0,2,11,9.698544350243917,0
153,25472633,305.0,391.69399189835895,False,1342.3934574663838,30.0,1,0,0.12343224871454302,0
90,21665911,510.0,482.61115517912805,True,1819.7085646904222,510.0,3,16,13.551286282577731,0
216,5568839679,580.0,617.316911528852,False,2526.9137855264717,145.0,4,3,4.1409581059682585,0
269,1927220454,675.0,657.9183291062259,True,2740.0712278076867,210.0,5,8,6.611510074687676,0
132,9522438168,380.0,439.1182996947979,False,1591.371073397689,70.0,1,7,4.728769474790102,0
43,1115431333,485.0,544.8896932385242,False,2146.670889502252,100.0,6,2,5.645359390941256,0
214,1607738730,545.0,582.6644310095228,False,2344.988262799994,135.0,7,9,9.42803631605023,0
67,25500900,585.0,508.53035912262817,True,1955.7843853937984,225.0,3,12,8.679504475637337,0
86,21665912,445.0,483.5091233563797,False,1824.4228976209931,160.0,3,6,3.3003642703575937,0
149,108300,510.0,551.9937274498014,False,2183.967069111459,120.0,4,11,7.813269857696158,0
137,452236138,675.0,705.673439901231,False,2990.7855594814623,180.0,8,7,8.997201054402042,0
277,9515387,585.0,632.076394561649,False,2604.4010714486567,140.0,3,8,8.061530168690119,0
78,1166056970,380.0,442.0156460321535,False,1606.582141668806,100.0,3,8,8.460767623718429,0
264,21665584,265.0,329.1934329310652,False,1014.2655228880923,75.0,3,0,0.4385505824004461,0
285,21665367,260.0,310.9038071753316,False,918.2449876704911,45.0,1,5,4.624409458438237,0
181,2337311458,345.0,424.6100217697433,False,1515.2026142911513,45.0,3,1,0.6991080834378971,0
5,1938580083,825.0,747.2139978886836,True,3208.873488915587,410.0,5,15,9.997716512509282,0
62,4239701265,290.0,374.4418058171523,False,1251.819480540049,25.0,1,1,1.0631298252498556,0
52,435144778,1030.0,993.5945725102113,True,4502.371505678617,355.0,12,11,14.738400339257431,0
37,3456413131,485.0,526.1126933147776,False,2048.091639902583,115.0,4,4,7.734770585707847,0
112,12978761148,200.0,297.881420900521,False,849.8774597277348,0.0,2,0,0.0,0
260,1230855633,825.0,735.5297430131377,True,3147.5311508189734,495.0,6,11,16.51939723033703,0
175,9791491,515.0,561.6471085100412,False,2234.647319677717,120.0,3,2,1.551065353810787,0
209,820271,525.0,578.2985093056631,False,2322.067173854731,120.0,4,1,4.425214316498114,0
228,25257808,1165.0,809.493140545208,True,3535.8389878623416,825.0,11,7,3.758499868560704,0
113,25533578,640.0,650.4022729560215,False,2700.6119330191136,180.0,6,12,9.812721002873177,0
54,12921761055,415.0,471.9809307809825,False,1763.8998866001589,80.0,4,5,3.2222108488669856,0
197,368279307,320.0,376.95306412542703,False,1265.0035866584913,55.0,3,7,6.885809262352098,0
129,12422012434,445.0,511.6171557455184,False,1971.990067663971,85.0,1,1,1.7392211721744473,0
180,6312042614,835.0,825.3943618593365,True,3619.3203997615196,255.0,9,9,6.420415119094675,0
130,1607738730,985.0,822.8627776160082,True,3606.029582484043,495.0,6,9,9.71112517111072,0
291,6521839583,800.0,658.6329111284593,True,2743.822783424413,485.0,8,12,9.706811701198475,0
124,109836,700.0,615.3789994860925,True,2516.7397473019837,375.0,2,26,23.6783234544015,0
287,21590631,680.0,637.1754211210493,True,2631.17096088551,310.0,4,16,18.431634808123857,0
185,25475387,920.0,910.559402211315,True,4066.436861609406,280.0,8,7,6.4091223169860605,0
254,25472873,565.0,543.6833414756563,True,2140.3375427471956,185.0,2,14,14.056027112688582,0
49,108040,945.0,874.6692162878035,True,3878.0133855109702,425.0,5,11,18.227299872252694,0
131,5413338307,455.0,517.546248543263,False,2003.117804852131,90.0,2,2,1.218049645390071,0
215,3552338823,180.0,276.66060150608814,False,738.4681579069628,0.0,0,0,0.0,0
261,25474676,775.0,701.2520030917931,True,2967.5730162319137,365.0,3,19,15.54570967822683,0
46,200044,780.0,804.1283927521108,False,3507.674061948583,215.0,13,3,5.542484770722069,0
243,12292980260,465.0,525.2709397904182,False,2043.6724338996955,95.0,7,6,2.9322644678118173,0
207,4347844156,460.0,518.3918189786731,False,2007.5570496380349,95.0,1,2,2.155194794377468,0
154,21665114,765.0,684.7461906890725,True,2880.9175011176285,285.0,10,5,3.9876042325438825,0
273,25476039,680.0,707.9043969636407,False,3002.4980840591147,180.0,8,8,9.02279660704172,0
11,107812,330.0,407.44193725272845,False,1425.070170576825,40.0,2,2,2.5653251237940706,0
234,7162259986,555.0,591.8102358378817,False,2393.0037381488787,140.0,3,4,2.7103752657582167,0
168,9371260474,540.0,549.8443210445153,False,2172.682685483704,160.0,1,26,38.89769012724821,9
92,108260,290.0,345.05509748723216,False,1097.5392618079684,45.0,0,5,4.376256658933702,0
76,26699544,380.0,437.6753603520358,False,1583.7956418481876,105.0,2,12,10.285597727735508,0
186,2450775063,335.0,413.78711129770204,False,1458.382334312935,45.0,3,2,1.5253440992968026,0
182,1166056970,1420.0,1006.0343462303143,True,4567.680317709147,860.0,7,5,4.153743290616628,0
23,25544136,625.0,631.2129990014425,False,2599.8682447575734,180.0,1,7,3.6161133089589903,0
25,10574746,615.0,587.9363781990462,True,2372.6659855449934,240.0,0,11,12.77539836801322,0
171,526994269,495.0,560.858957395268,False,2230.509526325157,100.0,3,7,5.498678549215024,0
71,26699543,195.0,290.7283658837486,False,812.3239208896802,0.0,2,0,0.0,0
242,25501328,510.0,561.4852842734311,False,2233.797742435513,115.0,4,3,1.4028899639789663,0
22,107319,455.0,501.2361560698066,False,1917.4898193664835,100.0,1,4,1.8306984563664752,0
8,9512933,880.0,772.7756733719219,True,3343.0722852025906,380.0,6,11,13.661872179544071,0
286,21651908,1025.0,922.8853680166878,True,4131.14818208761,375.0,3,3,5.663524707032999,0
109,2271422636,575.0,624.5501819562165,False,2564.888455270137,135.0,3,4,3.7199355123169364,0
271,9789814,330.0,412.2614506348675,False,1450.3726158330542,40.0,1,0,0.736856311134516,0
114,4216274136,650.0,591.8781442033189,True,2393.3602570674243,365.0,5,16,17.490366840623157,0
163,25503802,500.0,552.8484148601354,False,2188.4541780157106,110.0,3,2,2.9629622719064694,0
105,4969460352,535.0,575.1610583460229,False,2305.5955563166203,130.0,2,20,20.031073795812542,0
16,25473260,625.0,640.066597721237,False,2646.349638036495,175.0,5,10,9.029704647324316,0
187,11309776203,830.0,685.1992128491008,True,2883.2958674577776,525.0,4,18,13.397498827731843,0
240,12398519156,400.0,438.91351032237617,False,1590.2959291924747,90.0,2,0,2.512931939534918,0
258,110004,1000.0,945.412145585271,True,4249.4137643226695,350.0,4,11,13.216736995394447,0
12,9791490,405.0,450.5911097478964,False,1651.6033261764564,85.0,1,16,22.84932633448124,0
1,6943750647,1230.0,1009.277628557845,True,4584.707549928683,680.0,7,23,19.436979615769143,0
138,25503707,340.0,421.4095732381686,False,1498.4002595003851,45.0,1,3,2.018069966006507,0
30,3733175891,530.0,486.5686725496587,True,1840.485530885708,530.0,3,28,31.13785766291939,0
203,26699544,755.0,660.3607168232147,True,2752.893763321875,290.0,8,4,3.98915071929629,0
87,25471089,530.0,524.6703068138553,True,2040.5191107727394,160.0,1,7,8.460084309913864,0
248,110004,315.0,403.06136117715533,False,1402.0721461800654,30.0,2,0,0.509534887387213,0
251,108305,380.0,446.75807326768904,False,1631.479884655368,65.0,1,2,2.4338401870212065,0
190,25501320,500.0,561.0552397947771,False,2231.54000892258,105.0,4,3,1.420350137955203,0
142,9020945997,425.0,481.8666345091011,False,1815.7998311727806,85.0,1,4,1.7433504905517154,0
275,3531897238,550.0,587.3259091275894,False,2369.4610229198447,135.0,2,9,6.283185645546805,0
117,3142670557,530.0,583.8640650009878,False,2351.2863412551865,120.0,2,5,3.9520373291962296,0
147,3552338823,750.0,720.5733421828031,True,3069.0100464597176,285.0,11,6,5.384218877281525,0
145,108903,690.0,600.2906651584294,True,2437.525992081754,265.0,1,20,13.103731001680975,0
20,5387300688,615.0,503.7499002644565,True,1930.6869763883974,495.0,7,11,10.005499207047956,0
160,21651765,720.0,735.098428184841,False,3145.2667479704155,205.0,8,1,2.45,0
223,9521031,480.0,532.8446285501714,False,2083.4342998884,105.0,6,5,2.3631650953430663,0
246,1666324249,425.0,482.74988590832385,False,1820.4369010187,85.0,3,5,4.74942861314024,0
213,3892184068,770.0,686.8256092602384,True,2891.8344486162505,345.0,3,0,0.0,0
80,25472904,845.0,784.2386188125857,True,3403.2527487660745,380.0,4,14,15.350906689277425,0
119,6777627310,710.0,722.2098064582867,False,3077.6014839060035,200.0,10,6,3.148045938387011,0
179,21665582,465.0,412.3832192804132,True,1451.011901222169,465.0,1,37,36.5845520967684,0
177,1694551549,375.0,426.43362570435477,False,1524.7765349478616,75.0,1,0,0.8635893023685277,0
165,1678452820,195.0,274.91221522952094,False,729.2891299549849,0.0,0,0,0.0,0
189,102025,425.0,486.0383971672545,False,1837.7015851280855,80.0,2,0,1.0770890408737253,0
204,21665719,615.0,561.9418091470931,True,2236.1944980222383,300.0,7,3,4.274304534823118,0
36,107715,640.0,663.8248549201464,False,2771.0804883307683,175.0,4,15,10.05660882131709,0
39,25522907,640.0,550.8536322441693,True,2177.9815692818884,375.0,5,23,20.429462813630224,0
259,25505558,890.0,796.8423310861382,True,3469.4222382022267,330.0,4,2,4.467191527309634,0
53,25257272,465.0,526.9023965338564,False,2052.237581802746,95.0,4,1,1.6231724041413238,0
157,25375955,340.0,416.73630284953873,False,1473.865589960078,45.0,2,4,2.922643884685137,0
231,25472136,465.0,523.9704464649118,False,2036.8448439407869,95.0,4,12,12.095496230402798,0
200,25502545,195.0,289.267540586519,False,804.6545880792245,0.0,0,0,0.0,0
239,7261577394,385.0,458.31927557550483,False,1692.176196771401,60.0,3,1,1.841680695267494,0
222,9521022,280.0,359.76793571814414,False,1174.7816625202565,25.0,0,1,1.3509054035747545,0
31,500486430,450.0,504.9143127633791,False,1936.8001420077394,105.0,5,2,2.3217311991714613,0
220,109836,815.0,702.8934466310548,True,2976.1905948130357,495.0,9,31,28.174183354466155,0
27,21665000,455.0,478.3450399931704,False,1797.3114599641453,175.0,3,4,4.115737942782118,0
176,9512928,350.0,409.01338571682055,False,1433.3202750133087,60.0,1,3,1.71014663751307,0
81,435144778,860.0,866.0250936837951,False,3832.631741839925,250.0,3,5,6.43997584865323,0
277,9512915,170.0,270.762100820707,False,707.5010293087118,0.0,1,0,0.0,0
238,26559618,385.0,436.37023435009127,False,1576.9437303379789,90.0,3,3,5.729037361371389,0
219,30939237,610.0,636.3684005336978,False,2626.9341028019135,160.0,5,2,3.4300000000000006,0
137,1614926342,195.0,288.9065730700901,False,802.7595086179728,0.0,2,0,0.0,0
65,26559368,395.0,463.6653604783129,False,1720.2431425111427,70.0,1,1,1.5474832509866552,0
9,1646306203,785.0,781.165719399407,False,3387.1200268468856,255.0,3,14,12.767151337275948,0
227,25532843,495.0,549.4893346855773,False,2170.8190070992814,110.0,4,2,2.965132165823193,0
68,1835289526,720.0,698.7037849798689,True,2954.1948711443106,230.0,3,10,7.287645562538255,0
288,2784682616,335.0,405.0865433348056,False,1412.704352507729,50.0,0,4,1.5741917757657764,0
2,12292980260,885.0,776.6445517503553,True,3363.383896689363,490.0,8,33,27.718180415767254,0
162,26699549,425.0,488.26176746741805,False,1849.3742792039448,80.0,2,3,2.464561755130903,0
134,5811245211,895.0,798.2464044730799,True,3476.7936234836684,385.0,5,7,10.784309514227493,0
218,2934851447,565.0,609.6708091758582,False,2486.771748173257,135.0,7,4,3.5615421155227467,0
225,7889967240,510.0,564.2818430851393,False,2248.4796761969806,115.0,4,4,2.7735976022138287,0
79,25473373,875.0,727.5907010456814,True,3105.8511804898267,395.0,5,10,8.53907169674745,0
199,701608618,405.0,474.56655944108763,False,1777.474437065709,70.0,4,3,5.2840135161156425,0
172,10996228332,605.0,589.8033850682549,True,2382.4677716083393,200.0,5,13,8.389998893259486,0
24,3764054180,380.0,450.21425423698423,False,1649.6248347441674,60.0,2,5,2.096868439670935,0
51,21665360,300.0,345.61470509106607,False,1100.4772017280966,55.0,1,2,4.090203465760118,0
26,9521033,665.0,671.3111044232095,False,2810.383298221851,195.0,4,2,5.057992679676537,0
164,358992920,550.0,608.4474501110002,False,2480.349113082748,120.0,2,5,7.296270063751347,0
56,1630526800,445.0,503.01596116223885,False,1926.8337961017546,90.0,4,1,1.4760638023235875,0
159,13808620797,385.0,446.60368598791376,False,1630.6693514365481,70.0,0,0,1.4335695041941456,0
144,1700140657,465.0,527.389947406623,False,2054.797223884771,95.0,5,0,1.279180613277867,0
127,25524248,540.0,584.3465908357032,False,2353.819601887443,130.0,3,1,3.5700986717886205,0
169,21651908,525.0,541.4764611920463,False,2128.7514212582428,145.0,2,2,0.6433663558663558,0
276,12953571769,455.0,499.2468153243535,False,1907.045780452856,105.0,2,2,1.9147823977756582,0
226,14791188,750.0,703.2331721088899,True,2977.9741535716707,255.0,2,4,3.0954614602229467,0
55,2441107350,970.0,844.5444659301506,True,3719.85844613329,375.0,4,7,5.102685516264139,0
63,26699549,895.0,775.1304285534443,True,3355.4347499055825,350.0,5,3,4.66167667842864,0
120,5932856691,355.0,419.0602098280437,False,1486.0661015972294,60.0,4,0,0.6892117698457332,0
235,21651908,815.0,794.5358161312935,True,3457.313034689289,255.0,9,10,7.482859966725808,0
263,107790,555.0,610.618764814221,False,2491.74851527466,125.0,0,1,3.1598926412623434,0
57,5932883504,775.0,643.9454736169096,True,2666.7137364887762,470.0,4,5,9.474188914447321,0
107,21665140,800.0,733.5617139988431,True,3137.1989984939287,375.0,5,9,10.255002560875468,0
175,2214957485,240.0,329.29227690616136,False,1014.7844537573474,5.0,0,1,0.6362034929328141,0
193,2440630566,960.0,807.1213139998154,True,3523.386898499031,475.0,6,17,15.432398648635191,0
52,11747638084,245.0,329.70983526091527,False,1016.9766351198048,10.0,3,0,0.48411515988035414,0
216,5244680779,270.0,347.79205076740186,False,1111.9082665288593,25.0,0,2,2.0454478504132374,0
13,333719185,630.0,642.1312657244707,False,2657.189145053469,180.0,4,1,4.922340729438093,0
272,881887812,695.0,683.8867232485666,True,2876.4052970549747,225.0,4,6,9.235853109288328,0
89,5387300688,580.0,630.7351600378938,False,2597.35959019894,135.0,4,4,3.0797459532924396,0
198,1843345666,1050.0,946.9660137451228,True,4257.571572161896,430.0,7,12,11.21248679938591,0
279,25533613,335.0,403.84194327579263,False,1406.1702021979108,50.0,4,3,2.969611311741776,0
283,25501320,720.0,688.0142135925007,True,2898.074621360629,235.0,6,3,2.9702683780608155,0
208,25532839,295.0,380.8060075863259,False,1285.2315398282103,25.0,1,2,0.69774154377651,0
21,5387300688,815.0,781.7724760801465,True,3390.305499420768,265.0,3,5,9.065264342313112,0
156,25473300,565.0,561.5158248915249,False,2233.9580806805066,180.0,6,10,8.806007074905327,0
284,9210633866,555.0,516.0168120509061,True,1995.088263267257,300.0,5,4,4.143149078166516,0
141,25495769,955.0,881.7930642737942,True,3915.413587437422,385.0,3,15,14.439862912863433,0
122,5387300688,680.0,645.438709425483,True,2674.5532244837855,290.0,2,14,11.761744122168873,0
192,25496773,665.0,677.3410251320435,False,2842.0403819432286,200.0,5,18,27.48244733931755,3
194,25501330,505.0,536.1191556874057,False,2100.6255673588794,125.0,5,8,11.478224840485474,0
261,4457798822,235.0,325.3508971801788,False,994.0922101959385,5.0,1,1,1.6253380292926038,1
4,25257028,535.0,587.8991062075334,False,2372.4703075895504,120.0,4,4,5.846159459096141,0
84,9512935,585.0,607.0260377705637,False,2472.8866982954614,160.0,11,8,4.150666658586346,0
223,26559620,160.0,260.72706034078436,False,654.817066789118,0.0,1,0,0.0,0
291,11156548927,265.0,347.9560084133034,False,1112.7690441698428,25.0,2,0,0.48999999999999994,0
12,25501773,190.0,271.85787343471804,False,713.2538355322697,0.0,1,0,0.0,0
135,26559655,670.0,662.2017233663698,True,2762.559047673442,265.0,10,3,4.963520463273366,0
109,108902,220.0,313.2270619464616,False,930.4420752189237,0.0,0,0,0.0,0
102,452589682,600.0,640.9051968461728,False,2650.7522834424053,150.0,7,7,5.222179347277436,0
35,9512935,715.0,657.4919701526138,True,2737.8328433012184,300.0,5,13,14.036375993354786,0
252,4216272817,1010.0,845.4719492611771,True,3724.727733621181,540.0,7,17,16.23524414102797,0
231,9295694734,155.0,260.98228049629455,False,656.1569726055463,0.0,3,0,0.0,0
106,489796745,915.0,790.3508703211525,True,3435.34206918605,360.0,2,6,5.293864581627645,0
61,9791497,545.0,576.6171045430671,False,2313.2397988511034,140.0,2,9,7.716121493653615,0
205,1614978621,345.0,406.0736389034967,False,1417.886604243359,60.0,1,12,19.642075008597683,0
95,25257044,675.0,673.3678389870255,False,2821.1811546818826,200.0,2,7,9.311918073941717,0
249,30939237,550.0,607.009153549251,False,2472.7980561335694,125.0,6,3,2.883524893968917,0
66,9770373583,645.0,672.9799889507366,False,2819.144941991367,170.0,7,14,16.836549452469022,5
174,3567188470,395.0,453.19333765958237,False,1665.2650227128079,75.0,3,3,3.9061903514393985,0
143,108901,460.0,488.1653715034843,False,1848.8682003932927,115.0,1,11,10.315223791055532,0
277,3567188665,145.0,254.52847792015396,False,622.2745090808083,0.0,2,0,0.0,0
274,2191480791,930.0,897.1296110978888,True,3995.9304582639147,300.0,4,11,12.379695988728985,0
155,25473287,670.0,536.0951384467446,True,2100.49947684541,490.0,5,13,13.62997536343393,0
290,4074522300,760.0,758.2818924832148,False,3266.9799355368773,225.0,6,9,9.004851324705314,0
256,24973086,1075.0,1044.4799813728407,True,4769.519902207412,340.0,11,13,14.764714187923559,0
25,1685751696,260.0,324.4770430148622,False,989.5044758280262,30.0,3,2,1.8306876730835762,0
30,107793,210.0,305.4965909559448,False,889.8571025187101,0.0,2,0,0.0,0
140,2624195128,460.0,523.5922172938648,False,2034.8591407927909,90.0,5,10,9.558173597459596,0
264,1684410040,345.0,407.6251511134501,False,1426.0320433456125,55.0,0,5,2.239400178763764,0
280,5339077115,390.0,455.26172298825406,False,1676.1240456883343,70.0,2,5,3.870053457643463,0
222,3552338823,175.0,265.74369047687617,False,681.1543750036001,0.0,0,0,0.0,0
202,21665912,485.0,518.483221078806,False,2008.0369106637313,120.0,5,6,4.312304781898172,0
157,26559368,195.0,244.6172777837511,False,570.2407083646931,80.0,0,5,3.0159316865332904,0
167,110095,580.0,594.8804401564594,False,2409.122310821412,160.0,4,3,4.379711732398645,0
72,25495441,780.0,639.4725899428141,True,2643.2310971997717,350.0,2,10,8.063154653533317,0
173,25533613,875.0,875.2390157117787,False,3881.004832486838,260.0,7,9,9.934377218823865,0
229,4243601512,715.0,683.6139696812038,True,2874.9733408263205,235.0,2,6,3.3324769005367716,0
151,2271434264,455.0,507.91615473728456,False,1952.5598123707439,95.0,5,2,3.0402838595692527,0
41,25472904,495.0,556.5762266663577,False,2208.0251899983773,105.0,3,0,2.160796446254592,0
162,13329450969,155.0,232.29892883446473,False,505.56937638093996,0.0,2,0,0.0,0
22,14727249,280.0,371.81604241764626,False,1238.034222692643,15.0,1,0,0.6987512326375702,0
278,677445939,750.0,742.016446493573,True,3181.586344091259,265.0,6,7,6.302598903974006,0
64,14017207475,465.0,529.0316759664393,False,2063.416298823806,90.0,7,2,2.2551748251748247,0
19,108073,480.0,516.8862935516357,False,1999.6530411460885,150.0,0,9,10.6712375015642,0
33,800232961,1085.0,1053.9031286610382,True,4818.991425470451,345.0,11,12,13.327946718079495,0
3,26559620,520.0,564.875390146166,False,2251.5957982673704,120.0,4,3,5.391592340485703,0
196,7527076899,835.0,801.4074311437391,True,3493.389013504629,320.0,3,9,13.600371175751862,0
108,25501320,865.0,701.9213816017831,True,2971.087253409359,380.0,4,4,8.738281903007445,0
164,1094124402,150.0,253.36803417029157,False,616.1821793940306,0.0,0,0,0.0,0
209,1215418493,360.0,436.97376679118634,False,1580.112275653727,50.0,3,3,3.47272094738437,0
292,108306,890.0,887.527954725927,False,3945.521762311118,265.0,12,13,10.955845077587634,0
170,25502540,550.0,589.2018030434083,False,2379.309465977895,135.0,4,4,3.9824072802459067,0
139,292252720,965.0,957.5398054235186,True,4313.0839784734735,290.0,10,18,14.234278143152569,0
50,8772951805,405.0,474.56052917570287,False,1777.44277817244,70.0,2,6,3.5052413838856102,0
221,1614846678,640.0,664.7478482462143,False,2775.926203292625,170.0,7,9,7.451135818691894,0
15,108293,640.0,664.15609716075,False,2772.8195100939406,175.0,5,12,11.391176327269104,0
81,333650017,210.0,309.2282425290718,False,909.4482732776268,0.0,1,0,0.0,0
268,25524240,935.0,934.9122058217235,False,4194.289080564049,280.0,6,7,10.308970078116515,0
82,1685751696,840.0,607.0635379917428,True,2473.0835744566443,525.0,3,20,16.745462820914042,0
282,652425475,595.0,607.4098945305708,False,2474.9019462854967,165.0,2,1,4.624771930006741,0
17,271949877,435.0,502.3889001145283,False,1923.541725601274,80.0,4,2,1.7144885799607794,0
93,9522438169,425.0,492.02444813310126,False,1869.1283526987804,80.0,3,2,2.0462284825958856,0
217,1694551549,650.0,523.1082511473021,True,2032.318318523336,425.0,6,12,9.932419584955763,0
77,2833448424,685.0,683.9419566016375,False,2876.695272158598,205.0,6,0,2.29919774797797,0
191,5247841988,600.0,639.5739652276766,False,2643.763317445302,150.0,4,5,6.395268122226224,0
210,1666324225,1095.0,1015.1361400670905,True,4615.464735352225,385.0,8,4,5.430447347863578,0
280,21533907,60.0,179.6850718890138,False,229.34662741732245,0.0,0,0,0.0,0
62,25544130,400.0,453.4372409683678,False,1666.5455150839307,90.0,1,3,3.1340945448643756,0
163,4739043743,315.0,383.473191725536,False,1299.2342565590645,45.0,0,5,5.576115020842215,0
196,25505558,40.0,164.2121977375588,False,148.11403812218362,0.0,0,0,0.0,0
257,333650017,550.0,579.8400849346444,False,2330.1604459068835,140.0,6,4,5.0732510703937255,0
11,25503707,350.0,394.08189533890027,False,1354.9299505292263,70.0,2,3,2.8100755222948948,0
115,4347844156,490.0,534.740390773923,False,2093.3870515630956,140.0,5,8,5.690077797020344,0
150,4239701265,530.0,581.873815468606,False,2340.837531210182,120.0,10,4,2.3427287077336088,0
49,26591526,365.0,430.25926596459215,False,1544.861146314109,60.0,2,2,2.9676312661103594,0
216,25256616,155.0,250.41146849536585,False,600.6602096006708,0.0,0,0,0.0,0
75,3567188470,450.0,516.9025518532466,False,1999.7383972295445,85.0,5,1,2.3570563250173318,0
250,25532844,785.0,767.1119405067449,True,3313.337687660412,245.0,4,4,9.574513175660012,0
40,4457798822,720.0,595.822534117884,True,2414.068304118891,555.0,7,15,11.707511217737848,0
246,12453538825,290.0,351.78023606591313,False,1132.846239346044,40.0,3,2,1.3545272007620266,0
29,25495441,555.0,594.7211668001074,False,2408.2861257005634,135.0,7,2,2.061782488425108,0
153,11618689213,440.0,505.802673502835,False,1941.4640358898844,85.0,3,4,3.6444766762098824,0
8,25501016,340.0,401.61976508993575,False,1394.5037667221634,95.0,2,16,14.14361380988742,0
182,821601,355.0,429.6207632062593,False,1541.5090068328618,50.0,3,3,3.3704548360282214,0
184,26651413,800.0,791.1968300449437,True,3439.7833577359543,260.0,9,4,6.596828635639767,0
47,2441998875,830.0,815.749973706937,True,3568.6873619614175,260.0,7,9,9.589302900378462,0
242,25473423,345.0,424.1499747117045,False,1512.7873672364483,45.0,3,5,3.7871887263707253,0
266,25532839,500.0,551.5059533380185,False,2181.4062550245976,110.0,2,1,1.8492205056319213,0
171,972535469,365.0,440.1536100907372,False,1596.8064529763703,55.0,2,8,3.9937816431397684,0
133,8972731452,1050.0,884.5667506808386,True,3929.9754410744026,510.0,9,17,11.957033739961647,0
42,2624195128,980.0,890.0075951836957,True,3958.539874714403,470.0,6,19,17.118349803340916,0
7,107797,595.0,625.3855567001749,False,2569.274172675921,155.0,2,5,4.937620320605541,0
267,820271,770.0,770.1540285737647,False,3329.308650012265,230.0,8,1,3.2131991872063637,0
244,11867694471,815.0,783.6801708896023,True,3400.320897170412,275.0,3,14,11.90973393767688,0
28,104315,1095.0,838.8665948119572,True,3690.0496227627705,575.0,11,23,18.021225682634103,0
32,9931305335,890.0,901.5227500571395,False,4018.9944377999827,255.0,7,9,10.067150988880245,0
118,27503587,1150.0,963.3788829961143,True,4343.7391357296,690.0,4,0,2.645336260431384,0
10,12346819547,545.0,601.7532669149103,False,2445.204651303279,120.0,2,7,7.573807715392945,0
190,21665580,325.0,411.67889069762754,False,1447.3141761625452,35.0,2,1,1.237322610260422,0
178,2271422636,640.0,650.3065193159466,False,2700.109226408721,180.0,8,11,8.246297653365323,0
107,1685938741,205.0,291.5736975815786,False,816.7619123032873,0.0,0,0,0.0,0
237,109833,755.0,755.2009178012731,False,3250.8048184566846,225.0,5,13,12.751440934820367,0
201,107801,650.0,658.6324590996144,False,2743.8204102729765,240.0,7,2,4.4784623975172,0
247,311422343,840.0,817.6490182011742,True,3578.657345556163,265.0,3,7,3.958139968176829,0
38,1163913429,515.0,567.4356618133935,False,2265.037224520316,120.0,2,18,23.28861557735347,2
110,25495461,955.0,896.0789565984559,True,3990.414522141895,325.0,10,13,8.494459566303005,0
273,1684410076,405.0,450.61008728375674,False,1651.7029582397222,85.0,2,0,1.2613710750280676,0
265,25476041,785.0,810.6465398081681,False,3541.8943339928833,215.0,8,7,8.703763423526958,0
262,21665719,560.0,510.82167924667897,True,1967.813816045064,370.0,4,21,18.320144757603416,0
59,3142670557,965.0,755.3638938755176,True,3251.6604428464625,545.0,1,13,14.612645585721136,0
101,358992920,505.0,535.3000883352364,False,2096.325463759991,130.0,2,3,1.8375000000000001,0
67,351771449,480.0,378.210183657178,True,1271.6034642001844,415.0,5,12,9.703028093559153,0
287,2047806084,425.0,472.3067749348262,False,1765.6105684078382,90.0,4,0,1.1937833637338005,0
243,295907939,415.0,475.9259466920807,False,1784.6112201334238,80.0,2,0,2.2432358224379265,0
136,5386341216,640.0,686.5945297827162,False,2890.6212813592583,155.0,5,4,3.7896937023361112,0
152,21533907,640.0,678.0187512857774,False,2845.598444250329,165.0,8,6,4.873356875816771,0
31,9371329938,305.0,363.0677283893319,False,1192.105574043992,50.0,0,0,0.7684631813439415,0
48,435144778,770.0,813.3849995831251,False,3556.2712478114086,200.0,8,5,4.29661310003598,0
212,9512915,750.0,723.9793979581627,True,3086.8918392803525,320.0,8,9,10.45067159018237,0
129,452417806,460.0,519.117307612533,False,2011.3658649657968,95.0,4,13,18.154725087629156,0
14,3552338823,805.0,737.3167105047129,True,3156.9127301497438,360.0,4,14,10.07573073191741,0
26,3733175891,265.0,351.5684175260182,False,1131.7341920115955,265.0,4,32,37.554081620099126,4
230,25532839,590.0,638.8009041809947,False,2639.7047469502213,140.0,6,2,2.797558933126235,0
88,820271,890.0,750.5302648392651,True,3226.2838904061405,360.0,4,3,9.03505247363316,0
161,7944696977,635.0,669.3875935371688,False,2800.284866070136,165.0,5,7,5.895339758209407,0
104,4222962185,950.0,749.2220317975962,True,3219.415666937374,560.0,8,12,14.612645585721136,0
260,292252720,490.0,547.2227597692621,False,2158.919488788626,105.0,4,1,1.0920744680851067,0
270,1614846678,710.0,733.6853868840952,False,3137.8482811414997,195.0,7,6,3.685955931416615,0
74,2191588310,585.0,627.5416316524419,False,2580.59356617532,150.0,7,7,6.070298967016381,0
58,108059,560.0,579.6703905356457,False,2329.2695503121386,150.0,2,7,8.24114362644189,0
1,13250138,400.0,472.44588157662304,False,1766.340878277271,65.0,4,1,2.285786991748939,0
82,14791188,115.0,224.87678466640352,False,466.6031194986184,0.0,0,0,0.0,0
148,820271,595.0,634.1418502269738,False,2615.244713691612,150.0,5,2,3.4336097058969397,0
198,21665031,250.0,312.203741466295,False,925.0696426980489,30.0,3,2,2.0800742293921526,0
103,383974166,720.0,726.2166905301971,False,3098.637625283535,210.0,5,4,4.700414948894,0
180,10019788231,490.0,433.18046326178893,True,1560.1974321243913,275.0,2,6,7.4536429678710086,0
289,11456439398,1240.0,988.4426446714333,True,4475.32388452502,915.0,10,56,62.12125157102314,0
263,5453319326,280.0,325.44653551075135,False,994.5943114314446,85.0,4,11,10.518700129330668,0
34,14069254029,1275.0,1036.4232918582552,True,4727.22228225584,690.0,11,21,19.17871066567694,0
169,823745,290.0,371.84862742784776,False,1238.2052939962007,25.0,0,1,2.264897722418676,0
54,2482696992,500.0,531.4936950657118,False,2076.341899094987,500.0,7,42,45.029083267064614,3
123,1493424644,740.0,597.1286609779165,True,2420.9254701340633,360.0,5,10,8.081716452498592,0
44,108260,765.0,755.639130703501,True,3253.1054361933793,235.0,7,11,8.366363301795902,0
100,25626680,940.0,933.9726663712831,True,4189.356498449234,285.0,4,9,7.556336961425032,0
130,25473285,500.0,528.4890821092522,False,2060.5676810735736,140.0,2,7,5.323239312221673,0
235,107860,290.0,371.36674145477247,False,1235.6753926375554,30.0,2,2,1.1516633425244052,0
6,1619500281,620.0,642.9021931780621,False,2661.236514184827,165.0,8,8,8.39929219109786,0
107,1619500464,75.0,186.23318053875926,False,263.724197828486,0.0,0,0,0.0,0
18,255576,875.0,769.3184592722487,True,3324.9219111793013,435.0,9,21,18.083572067406234,0
81,21590630,145.0,245.62581463429444,False,575.5355268300456,0.0,1,0,0.0,0
176,1694551549,360.0,407.33368481316415,False,1424.5018452691118,70.0,2,3,4.299160032958204,0
233,9295694734,885.0,850.2352062300939,True,3749.734832707993,285.0,7,31,35.02409118984185,0
45,2586635284,930.0,817.6156343283129,True,3578.4820802236427,435.0,7,20,14.55616639697205,0
112,3140855379,530.0,580.4379902567679,False,2333.299448848032,120.0,6,4,2.6836545395554117,0
117,8998120937,415.0,471.7144237766219,False,1762.5007248272648,80.0,7,1,2.5642588885568256,0
98,21665000,725.0,687.4902484530298,True,2895.323804378408,335.0,3,18,15.033701935373687,0
226,9513010,305.0,390.49998372675583,False,1336.1249145654674,30.0,2,4,1.7978271003144743,0
207,3175297197,490.0,559.921352404376,False,2225.5871001229743,95.0,2,3,2.7283374622749945,0
232,499122580,625.0,521.4198224050459,True,2023.454067626492,295.0,1,7,7.3135048514560905,0
204,21665031,405.0,456.43433264374227,False,1682.2802463796465,110.0,4,2,1.917493509582093,0
60,2354994932,830.0,855.4741042371036,False,3777.23904724479,230.0,6,10,9.30713319482394,0
2,107349,350.0,416.096967181869,False,1470.5090777048122,55.0,3,5,3.6923897523458296,0
241,9512933,775.0,677.4908655825012,True,2842.827044308132,470.0,2,22,16.590767630067617,0
122,25472904,275.0,357.2805776635378,False,1161.7230327335733,20.0,0,0,0.20801418439716318,0
92,5932959891,495.0,537.1955181976244,False,2106.2764705375284,140.0,3,10,6.858238221509495,2
125,454368529,705.0,720.8682473708864,False,3070.558298697154,205.0,8,20,27.38247902318267,0
37,25257657,565.0,565.3187934912504,False,2253.923665829065,165.0,5,4,2.2673264041875925,0
160,25257028,440.0,493.8126269052665,False,1878.5162912526487,90.0,1,3,1.2719683107647481,0
166,276502336,930.0,909.2710577295289,True,4059.673053080028,330.0,9,9,8.996260801741734,0
29,9515379,150.0,254.22981133417395,False,620.7065095044129,0.0,2,0,0.0,0
228,108045,555.0,614.9256042120907,False,2514.359422113475,120.0,5,1,5.118203491758476,0
140,1612472593,235.0,325.21422583976187,False,993.3746856587496,5.0,1,0,0.13717913584405883,0
69,25496783,770.0,771.8982211094011,False,3338.465660824357,225.0,8,13,7.517463100673025,0
9,380496980,385.0,457.62238275514284,False,1688.517509464499,60.0,2,2,1.8660456659929348,0
77,21665360,175.0,269.93592587567014,False,703.1636108472682,0.0,2,0,0.0,0
146,368279307,720.0,712.5010231079075,True,3026.630371316516,220.0,6,8,8.702045085920037,0
173,1666324146,235.0,327.3710692176501,False,1004.6981133926625,5.0,4,0,0.22414485278302454,0
128,1666324140,620.0,662.4277153561114,False,2763.7455056195854,155.0,6,6,3.3792592871952896,0
206,107809,690.0,685.6280891450238,False,2885.547468011375,210.0,9,3,4.05869346556475,0
188,12391355483,630.0,667.432393550508,False,2790.020066140167,160.0,7,13,13.753650867529695,0
51,9512908,370.0,425.6106231830449,False,1520.4557717109867,70.0,1,0,0.0,0
185,3887905014,550.0,596.9210038929475,False,2419.835270437975,130.0,2,5,4.451507187915441,0
177,9512935,465.0,483.7039359503073,False,1825.4456637391138,165.0,2,16,17.49067347188052,0
181,25501320,600.0,620.8076108179902,False,2545.2399567944467,170.0,6,2,4.990319774460287,0
254,21665361,560.0,591.8723883390401,False,2393.330038779959,155.0,4,2,3.286244804629453,0
142,823745,480.0,519.4265029708533,False,2012.9891405969802,115.0,6,11,17.609665095472764,0
113,1614949613,585.0,615.0733006072716,False,2515.134828188177,150.0,5,2,3.3506916222873673,0
251,5453319326,480.0,485.673336851366,False,1835.785018469671,185.0,1,7,7.742362631964876,0
214,9446997076,620.0,655.9300997721934,False,2729.6330238040164,160.0,4,8,10.181816041180983,0
109,9789814,295.0,364.21742675065343,False,1198.1414904409305,40.0,4,4,1.7968410754153779,0
220,2271422636,435.0,468.98199057277947,False,1748.155450507092,105.0,8,8,8.670986802098737,0
153,25531001,185.0,281.42188674705403,False,763.4649054220337,0.0,1,0,0.0,0
167,1667203491,265.0,359.2520970509148,False,1172.0735095173027,10.0,1,2,0.914889604585524,0
258,3456413131,515.0,563.1069391410691,False,2242.311430490613,120.0,1,6,4.280157552452663,0
245,14023072775,670.0,655.3075781180247,True,2726.3647851196297,245.0,2,5,7.8996888874817115,0
27,9791487,445.0,513.9046359335156,False,1983.9993386509568,85.0,3,4,4.250713629478228,0
25,1684410113,285.0,362.99320123308274,False,1191.7143064736842,30.0,0,0,0.45995434758146364,0
16,273194,525.0,522.9578260912043,False,2031.5285869788231,235.0,6,5,7.738111610873772,0
52,9620045688,370.0,436.1800253308286,False,1575.9451329868502,60.0,5,2,1.2606583308038166,0
277,4684520653,305.0,382.0537122306471,False,1291.781989210897,35.0,3,1,1.0549530886833627,0
46,107793,575.0,581.2517737853984,False,2337.571812373342,165.0,3,0,1.9119526086736072,0
195,12120966378,1335.0,1147.2187841898487,True,5308.898616996701,530.0,10,23,16.744946171787046,0
168,2587253639,570.0,621.2631971211234,False,2547.6317848858985,135.0,4,2,2.284232176038644,0
290,2191480791,300.0,389.55055050631364,False,1331.1403901581461,25.0,1,2,1.9549431069928045,0
261,1684410105,345.0,420.8211530211092,False,1495.3110533608226,50.0,2,4,3.117067298285014,0
94,21665911,765.0,766.8852999640415,False,3312.147824811219,765.0,2,57,66.22546141596115,0
7,351788581,195.0,286.8728074185575,False,792.0822389474271,0.0,1,0,0.0,0
186,691084080,575.0,612.9065417018667,False,2503.759343934799,145.0,3,8,8.183724897790562,0
138,2191480791,520.0,574.0236558472225,False,2299.624193197919,115.0,3,1,3.151249061285735,0
292,21665926,265.0,345.5766119805708,False,1100.2772128979966,20.0,3,3,2.3279054616722155,0
127,1927220454,410.0,451.88729302599063,False,1658.4082883864507,90.0,2,5,3.4729168328393047,0
83,14727249,900.0,746.3710152205272,True,3204.4478299077687,580.0,4,14,12.014228502391425,0
72,108895,295.0,375.47706098795203,False,1257.2545701867482,30.0,1,1,3.1844327312633984,0
281,1619500281,1035.0,978.7096058594691,True,4424.2254307622115,345.0,10,9,4.7745203469473205,0
238,25501330,460.0,508.93476453491826,False,1957.9075138083208,100.0,2,0,0.1064322024308004,0
96,351771449,835.0,789.3690388501593,True,3430.187453963336,280.0,4,11,10.036905376535888,0
57,6270734170,405.0,434.88773601531386,False,1569.160614080398,100.0,0,5,2.896266471085212,0
229,9698077954,295.0,376.04077915538335,False,1260.2140905657623,30.0,1,1,0.4804545454545456,0
114,295907948,565.0,612.0017682178513,False,2499.00928314372,135.0,4,3,2.0055141865872264,0
71,2129184285,585.0,584.6812215677124,False,2355.5764132304907,175.0,2,6,4.832993926552475,0
266,10845640242,220.0,306.92546077903256,False,897.3586690899209,5.0,0,0,0.14964364744421,0
42,25626680,220.0,319.6698824683664,False,964.2668829589235,0.0,1,0,0.0,0
66,452219937,340.0,407.6545726545736,False,1426.1865064365109,50.0,2,7,6.779418848057863,0
141,2214957485,380.0,448.28360993016634,False,1639.4889521333725,65.0,2,2,2.294772991859848,0
201,6270734170,200.0,294.4167910427286,False,831.6881529743252,0.0,5,0,0.0,0
73,107693,1035.0,952.3910176892207,True,4286.052842868407,365.0,11,33,28.42889439641406,0
70,25473375,745.0,742.312857419497,False,3183.1425014523584,225.0,5,9,7.266409232594551,0
203,109838,555.0,601.4514659048715,False,2443.6201960005747,130.0,1,1,2.084627554195248,0
80,108258,545.0,600.1594411759095,False,2436.837066173525,120.0,4,2,3.2843474710313854,0
253,25472806,960.0,804.1988727505795,True,3508.0440819405403,395.0,4,12,11.504097995627674,0
36,1938580083,540.0,571.8704878972961,False,2288.320061460805,160.0,6,1,3.17589841110556,0
160,107786,110.0,214.11250539392242,False,410.0906533180927,0.0,0,0,0.0,0
191,9512925,285.0,350.05165218609034,False,1123.7711739769743,35.0,2,3,2.4612891970537363,0
126,107799,785.0,620.729238177768,True,2544.8285004332815,550.0,7,15,15.906508827202002,0
246,9512937,270.0,340.93427614313714,False,1075.9049497514698,30.0,2,6,9.272248871985685,2
291,9521029,395.0,444.97054099945876,False,1622.095340247158,80.0,2,5,2.2106674430324578,0
213,25257284,560.0,620.3572843324712,False,2542.8757427454752,125.0,4,1,2.851691122755491,0
137,25501328,500.0,545.7270973940043,False,2151.067261318523,115.0,3,3,4.116032665822795,0
145,3552338823,570.0,578.9101125153908,False,2325.278090705802,195.0,3,10,10.764128873869806,0
48,1666324146,225.0,320.1787249409428,False,966.9383059399496,0.0,0,0,0.0,0
236,30514517,775.0,771.6374721757253,False,3337.0967289225564,230.0,1,4,9.620154245173739,0
269,25532839,725.0,727.6889949932439,False,3106.3672237145306,215.0,9,4,3.5792902118822276,0
99,8972731452,1110.0,1035.2097196432344,True,4720.851028126982,400.0,10,11,15.011866682737935,0
52,12265050664,90.0,202.3267738829198,False,348.21556288532895,0.0,0,0,0.0,0
270,9295694734,210.0,307.4187760441515,False,899.948574231795,0.0,2,0,0.0,0
286,13565582698,635.0,535.2799490744916,True,2096.2197326410806,440.0,2,7,9.138679985523495,0
78,603751942,725.0,749.3627496067518,False,3220.154435435446,200.0,5,1,2.953585745949447,0
68,26699545,520.0,545.3066793242605,False,2148.860066452367,190.0,4,6,4.063472228927042,0
116,25531990,770.0,781.0697362700138,False,3386.6161154175716,220.0,5,8,9.413450814485904,0
284,107801,455.0,479.71713152932847,False,1804.5149405289742,160.0,0,10,8.360335669161856,0
76,1927220454,665.0,658.9474331613397,True,2745.474024097033,225.0,3,12,15.641497424902797,0
259,108014,590.0,628.4090765223863,False,2585.1476517425276,150.0,7,7,7.784237478463549,0
86,2214979329,750.0,749.8140443756141,False,3222.523732971972,225.0,2,4,6.188691367493197,0
169,9515370,210.0,303.2533063022559,False,878.0798580868433,0.0,2,0,0.0,0
97,25495769,1070.0,913.5769724115335,True,4082.2791051605473,440.0,7,10,12.36597369565925,0
11,108902,330.0,394.07458537468415,False,1354.8915732170924,50.0,2,1,1.9179469958726285,0
158,25503804,865.0,774.5147969964314,True,3352.2026842312644,360.0,9,6,9.37827280364555,0
240,25473293,640.0,673.348552631383,False,2821.0799013147603,165.0,10,1,2.030026400034132,0
282,102020,350.0,424.0577136264499,False,1512.3029965388619,50.0,4,2,2.963777540545769,0
223,14017207475,455.0,494.95641873257705,False,1884.5211983460292,105.0,1,11,7.661063142112578,0
224,4784457207,905.0,871.3616481032965,True,3860.648652542307,295.0,1,2,8.188648798343358,0
279,500486430,485.0,515.9113664262316,False,1994.5346737377165,130.0,5,4,4.278546043144062,0
276,5453319326,515.0,543.6463168266991,False,2140.1431633401717,165.0,6,13,11.04148529009627,0
121,1230374510,805.0,745.3705505935072,True,3199.195390615912,280.0,9,17,13.978223225152105,0
53,25472904,615.0,638.1745146616172,False,2636.41620197349,165.0,6,7,7.456772288733256,0
256,1678452766,430.0,476.84456877267024,False,1789.4339860565187,95.0,3,2,3.4047097980520644,0
255,102000,830.0,831.4798005405406,False,3651.2689528378382,245.0,6,4,3.896819152511779,0
13,1614846678,510.0,423.43224669418134,True,1509.019295144452,370.0,4,7,8.631536235754542,0
113,9789814,170.0,266.0721672725157,False,682.8788781807071,0.0,1,0,0.0,0
197,25533578,765.0,763.2350426763011,False,3292.983974050581,245.0,2,8,9.249451826042053,0
80,9512925,110.0,215.42565676010855,False,416.9846979905698,0.0,1,0,0.0,0
63,107809,560.0,583.4053070135368,False,2348.8778618210686,165.0,10,6,6.287660366345885,0
193,311422338,545.0,521.604216597693,True,2024.4221371378883,235.0,3,19,18.65486368844307,0
135,25532840,500.0,541.582384150974,False,2129.307516792613,120.0,3,2,5.334307231812794,0
147,108300,675.0,707.9949610341032,False,3002.9735454290408,175.0,4,14,11.292021730028047,0
171,4784457202,365.0,427.3620835083541,False,1529.6509384188594,65.0,7,13,12.72597430563533,1
105,25472873,710.0,697.2584849520481,True,2946.6070459982534,270.0,9,9,9.13310825864026,0
221,3933844368,415.0,488.79411180711026,False,1852.1690869873285,70.0,0,6,3.268461309857976,0
272,601141518,545.0,521.7082296744155,True,2024.9682057906812,270.0,1,13,14.039657453841233,0
183,25472136,920.0,914.8002543332722,True,4088.7013352496765,275.0,7,9,8.587082178274395,0
64,14003329325,440.0,486.01976769084126,False,1837.6037803769154,145.0,3,2,2.1175949451772715,0
120,1115431333,570.0,606.0887331663404,False,2467.965849123288,145.0,4,13,8.06177828777404,0
111,5811245211,975.0,776.6548931751569,True,3363.438189169572,580.0,6,10,14.823873305878012,0
10,21665006,360.0,421.4164541120201,False,1498.4363840881053,65.0,4,4,4.200818803552124,0
23,25473287,750.0,769.0141437130378,False,3323.3242544934487,220.0,6,4,5.031884999259433,0
162,1947324461,455.0,521.7704977269758,False,2025.295113066623,85.0,7,4,2.5751745004383952,0
237,333650017,360.0,424.2841067256046,False,1513.4915603094246,60.0,2,0,2.006327517085395,0
219,9257019321,630.0,669.332348965681,False,2799.994832069825,160.0,12,9,12.48477831355433,0
208,25532841,550.0,582.4281589803848,False,2343.7478346470207,140.0,4,3,4.7393581561558005,0
249,292252720,505.0,570.0194079964743,False,2278.601891981491,105.0,3,13,11.48252228033703,0
290,11309776203,190.0,283.71456714914365,False,775.5014775330047,0.0,3,0,0.0,0
90,282686499,850.0,725.2791574841415,True,3093.7155767917434,565.0,3,3,3.3185935099616004,0
34,26652119,305.0,359.9757457137029,False,1175.87266499694,50.0,3,4,2.8631198576028796,0
278,5387300688,470.0,493.35657282447687,False,1876.1220073285044,120.0,1,8,7.883210634983173,0
50,26699549,455.0,496.15757084039745,False,1890.8272469120864,145.0,4,8,8.024955797388726,0
119,370712148,700.0,686.3929443358521,True,2889.562957763222,235.0,8,23,23.883875028077714,0
257,25544130,430.0,462.6554174361155,False,1714.940941539606,105.0,1,7,7.680750506314096,0
178,9398043798,385.0,432.3677386330749,False,1555.9306278236427,80.0,3,6,4.7564043730021766,0
61,9789808,530.0,543.9935049248163,False,2141.965900855285,210.0,3,7,6.642387030336063,0
144,4171766884,615.0,647.9719648739283,False,2687.852815588123,160.0,7,8,10.00586576693102,0
165,102018,710.0,750.276089034427,False,3224.949467430741,180.0,6,7,8.19603133939098,0
230,1508437746,355.0,428.35944299565546,False,1534.8870757271918,55.0,3,4,2.3715840966801416,0
139,4301399719,470.0,484.4443423651643,False,1829.3327974171127,130.0,3,15,11.860943546154191,0
200,500486430,700.0,726.3690169533992,False,3099.437339005347,190.0,4,4,8.032886206518997,0
118,108059,400.0,449.9264038715026,False,1648.1136203253893,85.0,2,15,12.387631128773124,0
254,6355365939,250.0,336.6632506249307,False,1053.482065780886,10.0,1,2,0.38872357970516014,0
67,1611082164,390.0,466.1172130589861,False,1733.1153685596778,60.0,1,1,1.544057650099406,0
189,1614978560,735.0,614.2348409418926,True,2510.7329149449365,495.0,6,7,10.20174974689654,0
210,6173783039,465.0,531.6220047813264,False,2077.0155251019637,90.0,4,3,4.779764789387716,0
179,25544136,740.0,722.4366857953705,True,3078.792600425696,230.0,7,11,19.114679986869852,0
43,14069254029,895.0,895.1237754941711,False,3985.3998213443992,265.0,10,10,11.04904973716942,0
283,9295694734,605.0,546.1517777985677,True,2153.2968334424795,445.0,8,3,5.986633213591413,0
178,1678452778,30.0,156.34377850493792,False,106.80483715092399,0.0,0,0,0.0,0
112,25500758,335.0,421.37677677625726,False,1498.228078075351,40.0,5,4,5.617912250066478,0
91,108305,1000.0,964.3700440090332,True,4348.942731047424,320.0,11,14,12.11637313289718,0
102,14791188,575.0,577.7254356059872,False,2319.058536931432,170.0,3,12,15.094463895120098,0
132,25544131,900.0,897.7485318240768,False,3999.1797920764047,270.0,7,11,7.412333289179484,0
242,1684410086,455.0,509.2149167694025,False,1959.378313039363,95.0,3,1,2.636195013192689,0
107,25496783,345.0,426.63349397890966,False,1525.825843389275,45.0,3,2,0.8205141843971632,0
227,21590631,690.0,720.037660449028,False,3066.1977173573982,185.0,6,11,6.518076867645989,0
172,108258,660.0,628.9542430925555,True,2588.0097762359155,265.0,6,12,6.944024440029543,0
50,823745,40.0,163.86370883263754,False,146.2844713713471,0.0,1,0,0.0,0
192,11052055761,600.0,605.2532379890898,False,2463.5794994427215,175.0,4,11,8.841985832428513,0
20,25507334,760.0,792.7904097276531,False,3448.149651070181,205.0,6,20,20.009754525274204,0
101,659653204,425.0,487.85852948870263,False,1847.2572798156891,85.0,4,5,4.921173048960947,0
134,102031,685.0,740.8786048677398,False,3175.612675555633,165.0,7,6,4.627531716167336,0
39,4233926316,755.0,683.4045061896572,True,2873.8736574957,395.0,5,10,10.343060422240992,0
12,4397152730,605.0,593.4403893941509,True,2401.5620443192925,245.0,3,6,4.145145057075036,0
288,1691133712,710.0,743.4308674379181,False,3189.0120540490693,185.0,6,1,2.488154439584528,0
42,701608618,245.0,331.06692782743147,False,1024.101371094015,15.0,3,1,0.37846739505165006,0
59,25532341,440.0,502.82357118305737,False,1925.8237487110498,85.0,3,7,9.564637503969625,2
202,109619,565.0,502.2862842743238,True,1923.0029924402008,420.0,4,11,10.906834433719586,0
174,5932856688,590.0,630.2486103069959,False,2594.805204111728,145.0,4,5,2.257235279078114,0
56,8145826353,685.0,685.6963263172241,False,2885.9057131654267,260.0,6,5,7.01451762246946,0
275,1614846692,790.0,554.721279717869,True,2198.2867185188106,675.0,5,10,16.32243102355983,0
77,1678452820,335.0,395.85026328858925,False,1364.213882265093,55.0,2,1,0.6478685118869816,0
260,14077667431,415.0,488.37590853812037,False,1849.973519825132,70.0,3,5,7.332117898713174,0
268,25472758,525.0,553.2900488193651,False,2190.772756301667,135.0,6,2,1.820085562232296,0
3,4360514492,555.0,577.0309539476308,False,2315.4125082250616,150.0,4,18,19.71947156843364,1
274,1684410076,595.0,615.9109110532737,False,2519.5322830296855,160.0,4,3,4.844930306064653,0
150,844784034,510.0,559.5074929775654,False,2223.4143381322183,115.0,3,8,7.49124924697844,0
215,4702603699,880.0,725.367641290723,True,3094.1801167762956,375.0,5,5,8.979937612911515,0
171,25472680,120.0,227.0776663196844,False,478.15774817834307,0.0,1,0,0.0,0
244,14791188,485.0,551.2188933401579,False,2179.8991900358287,95.0,7,3,4.931283432956545,0
236,26699543,220.0,312.24703827145004,False,925.2969509251125,0.0,1,0,0.0,0
62,526994269,525.0,581.438439994494,False,2338.551809971095,115.0,4,4,6.5770987489474635,0
196,7162259986,520.0,568.082415263276,False,2268.432680132199,120.0,3,1,1.6132029568025654,0
271,4222962185,855.0,726.6036154890845,True,3100.668981317693,440.0,10,8,9.549427319822605,0
85,1612472593,1070.0,1055.9061072251764,True,4829.507062932177,330.0,11,2,4.902255277558379,0
180,8972731452,415.0,478.5622099822813,False,1798.4516024069765,80.0,6,9,7.949364521379401,0
12,298207179,30.0,155.97852104447247,False,104.88723548348048,0.0,0,0,0.0,0
32,25532840,495.0,542.8403942491166,False,2135.9120698078623,115.0,2,11,14.52105019624314,5
205,9760819194,630.0,559.833108349521,True,2225.1238188349853,360.0,5,18,19.06379923329649,0
195,350621322,310.0,374.82191495919807,False,1253.81505353579,45.0,1,2,2.16373293293451,0
61,25475387,100.0,208.7501297174678,False,381.9381810167058,0.0,0,0,0.0,0
5,108258,950.0,924.7571982667246,True,4140.975290900306,300.0,8,3,3.91123854431648,0
160,2191480791,265.0,354.06303460855406,False,1144.830931694909,15.0,2,1,0.5873717948717947,0
185,2215490966,355.0,409.446328611792,False,1435.593225211908,70.0,3,5,3.653891935642211,0
84,4784457202,660.0,672.0372560127645,False,2814.195594067013,185.0,5,12,13.875931043302513,0
287,9294989287,485.0,534.2560671320465,False,2090.8443524432437,110.0,6,13,14.112969065264124,0
239,25500900,805.0,703.7514108716783,True,2980.694907076312,310.0,2,3,7.568792507256453,0
211,9295694734,1090.0,1046.7639080136958,True,4781.510517071898,355.0,7,19,15.031631027171603,0
183,4239701265,155.0,255.22936811765777,False,625.9541826177033,0.0,2,0,0.0,0
41,12292980260,605.0,635.3642596617216,False,2621.6623632240394,160.0,6,18,22.13011838751215,0
125,25495461,400.0,460.98889996989385,False,1706.1917248419436,75.0,1,4,2.323053214363209,0
102,14728072,80.0,196.4987213229354,False,317.61828694541094,0.0,0,0,0.0,0
17,2941537158,570.0,621.1766853610866,False,2547.177598145706,135.0,7,4,2.3755088311952677,0
11,9791152,220.0,274.0216246601209,False,724.6135294656344,60.0,2,1,4.574614328890594,0
220,812264838,360.0,431.36859145246865,False,1550.6851051254598,55.0,1,0,0.6478685118869816,0
159,5266874223,740.0,686.2630794208976,True,2888.881166959712,350.0,5,28,23.662048569179486,0
182,25505558,545.0,597.5413714368833,False,2423.092200043638,125.0,4,3,4.492647177440029,0
163,6378017135,565.0,616.2681144802555,False,2521.407601021341,130.0,5,1,3.643067622865853,0
166,383974165,410.0,477.1080196217834,False,1790.8171030143642,75.0,3,1,1.2857295299966287,0
209,25524240,605.0,618.011949321447,False,2530.562733937596,210.0,4,19,33.970223260315564,5
24,4174200043,760.0,757.2492223454378,False,3261.5584173135494,225.0,8,6,10.29112170487084,0
143,5393414954,660.0,654.1549113283515,True,2720.313284473846,660.0,2,58,70.49453932145744,0
131,25472873,940.0,852.9525430313157,True,3764.0008509144072,420.0,9,16,15.246479023641829,0
154,25500807,935.0,852.125560219109,True,3759.6591911503224,450.0,3,6,6.378114772400404,0
218,12453538825,785.0,730.1077629100427,True,3119.0657552777234,310.0,8,9,6.308413759019271,0
57,5393414954,340.0,373.1062888504526,False,1244.808016464876,340.0,2,58,57.21960749922738,0
40,25502834,575.0,618.6365259636505,False,2533.8417613091647,140.0,4,4,3.4650558989322966,0
44,25473373,465.0,495.4739617997632,False,1887.2382994487557,115.0,1,4,2.273041169473821,0
126,9300541907,315.0,393.5800467310274,False,1352.2952453378937,35.0,2,3,2.3761919710884385,0
275,21665589,90.0,200.13791140510773,False,336.72403487681567,0.0,0,0,0.0,0
214,1835298197,400.0,447.4483514682054,False,1635.1038452080786,85.0,2,8,5.180088325194925,0
206,25533613,415.0,478.06070653938133,False,1795.8187093317524,80.0,4,2,3.360681443507906,0
108,4347844132,640.0,609.7639869117206,True,2487.2609312865325,290.0,6,8,6.602913663613195,0
194,25505558,730.0,733.0232238370061,False,3134.371925144282,215.0,8,6,3.576942792865522,0
133,26699537,580.0,602.2536555308583,False,2447.831691537006,580.0,5,27,36.807615461392864,0
233,9791495,480.0,529.7961504451927,False,2067.429789837262,105.0,5,14,26.654782807314227,7
207,9512908,475.0,529.0987555088808,False,2063.768466421623,100.0,2,4,4.253478199924424,0
156,108300,750.0,720.1852711624235,True,3066.9726736027237,295.0,5,12,15.140822584596211,0
245,25544135,400.0,458.7349678369807,False,1694.3585811441474,75.0,2,2,4.404478523343891,0
130,276071560,495.0,565.5619821932784,False,2255.20040651471,95.0,3,4,2.8080951394488203,0
180,1938580083,85.0,199.6829148364261,False,334.3353028912371,0.0,1,0,0.0,0
49,8142633526,610.0,655.0535197963331,False,2725.030978930749,150.0,5,1,4.519096819425971,0
92,9522438169,460.0,501.2325918953402,False,1917.4711074505356,105.0,1,13,10.758485877515346,0
280,351788581,620.0,624.6099036760922,False,2565.2019942994834,180.0,5,12,10.79565148324411,0
95,1278032912,720.0,710.1979728337973,True,3014.5393573774368,275.0,7,6,5.427556257267872,0
63,9791492,230.0,310.0996340472313,False,914.0230787479644,10.0,0,1,1.0486177139853776,0
273,8145826357,570.0,590.2044490472625,False,2384.573357498129,155.0,5,2,1.2557032162851525,0
45,13808848004,495.0,520.9389764185081,False,2020.9296261971672,130.0,4,6,5.303523657591062,0
190,26652351,590.0,601.6901210930769,False,2444.8731357386537,165.0,7,4,3.1891246583357753,0
94,25257319,410.0,467.0085740960518,False,1737.7950140042713,80.0,3,9,8.544552716296279,0
265,108045,580.0,626.3395631049947,False,2574.2827063012232,140.0,4,0,1.7769900608267732,0
31,1685938741,570.0,614.4349537116145,False,2511.783506985976,135.0,6,5,3.6736117383214784,0
54,26652351,530.0,579.5076625511715,False,2328.415228393651,120.0,4,3,2.3022641187384796,0
117,2453162764,515.0,498.5404322225279,True,1903.337269168271,270.0,3,15,14.996835843780657,0
184,25473293,635.0,625.8655560290426,True,2571.7941691524734,200.0,5,12,8.803669806933947,0
155,1684410105,730.0,599.0474424098182,True,2430.9990726515466,385.0,4,12,12.295746945819436,0
142,14023072777,460.0,508.3914592006754,False,1955.0551608035466,140.0,6,4,4.042788188272565,0
21,25495769,795.0,817.7758953806934,False,3579.323450748639,220.0,8,4,4.740654767981917,0
264,25532341,725.0,741.0767916399177,False,3176.6531561095667,205.0,1,6,4.009347418924848,0
204,26699545,520.0,543.7338345367276,False,2140.6026313178204,180.0,4,6,3.975425191367041,0
270,266481785,355.0,407.5676371682604,False,1425.7300951333668,70.0,5,10,8.895920715187927,1
19,26591531,710.0,686.6939551974797,True,2891.1432647867687,280.0,10,6,7.6020139117145735,0
222,21590631,740.0,695.361880696939,True,2936.6498736589288,280.0,9,18,15.754734633217423,0
15,306499809,695.0,690.219652448865,False,2909.6531753565396,220.0,6,5,7.031087500243104,0
26,107818,595.0,629.6121549426347,False,2591.463813448832,150.0,4,8,6.944855501933632,0
124,30514517,1055.0,1017.8259309900168,True,4629.586137697587,340.0,6,11,10.072106070003562,0
79,25504263,875.0,842.5324957471717,True,3709.2956026726506,285.0,4,8,8.718550968770419,0
249,26699551,265.0,338.82161270315487,False,1064.813466691563,60.0,0,11,11.026867082610059,0
115,21665965,685.0,554.9588131916984,True,2199.5337692564176,390.0,1,17,12.41106151481655,0
40,9791491,95.0,201.21974150277276,False,342.403642889557,0.0,0,0,0.0,0
65,3887905014,910.0,789.8708700807593,True,3432.822067923988,370.0,11,5,8.988035825299125,0
252,8972731452,795.0,758.2592433359,True,3266.8610275134743,335.0,8,24,14.173290260369159,0
241,107793,545.0,516.0764980120503,True,1995.4016145632638,245.0,4,3,5.1726465080500486,0
46,25530236,475.0,520.7759877151638,False,2020.0739355046103,110.0,6,4,1.9471156869172586,0
225,5728908659,895.0,932.3636956693192,False,4180.909402263926,240.0,4,14,9.912012459016495,0
75,9512937,685.0,658.8136116554907,True,2744.771461191327,275.0,5,5,5.707480948479982,0
262,21533909,640.0,677.7359267805558,False,2844.1136155979175,165.0,8,2,3.5676675924548262,0
53,25503802,345.0,425.9951684523627,False,1522.4746343749043,45.0,1,4,1.5127918241340583,0
98,5728908660,570.0,608.105922802607,False,2478.5560947136864,140.0,1,4,3.5765811965811967,0
251,677445939,505.0,550.2995649321305,False,2175.0727158936857,115.0,3,6,6.169810480824055,0
138,25714232,470.0,530.7314197832072,False,2072.3399538618373,95.0,1,18,30.437770341814925,7
51,1230855633,515.0,564.5219354726154,False,2249.7401612312324,115.0,6,3,1.7635283687943266,0
157,281454959,770.0,779.0595735906992,False,3376.0627613511683,220.0,5,12,7.207063468123547,0
129,1614846683,630.0,631.4998446857837,False,2601.3741846003645,185.0,4,11,13.739916017924257,0
149,1619354114,1130.0,1087.3096721047652,True,4994.375778550021,365.0,11,5,4.934426098225177,0
4,1694551549,825.0,814.2415390545485,True,3560.768080036379,255.0,5,8,7.432148489012368,0
216,107807,705.0,679.8942647157555,True,2855.444889757716,280.0,9,4,5.264293417134329,0
200,12652780908,265.0,335.547502882313,False,1047.624390132143,30.0,2,3,1.952724202820422,0
74,9521031,610.0,605.9845162169536,False,2467.418710139006,185.0,5,6,5.588850081058226,0
55,26607518,885.0,870.8313703513494,True,3857.8646943445847,275.0,9,14,11.232009418309632,0
136,5487714091,650.0,631.3526432129458,True,2600.601376867965,225.0,5,5,7.826349566681214,0
277,25256256,495.0,536.9561422942238,False,2105.019747044675,115.0,5,6,6.466063297086187,0
250,25504261,710.0,709.9923114942226,False,3013.4596353446673,210.0,1,6,3.8861146872987318,0
91,4784457213,255.0,331.99755808600713,False,1028.9871799515372,20.0,3,0,1.0639561708122773,0
27,10574746,515.0,568.8626952184826,False,2272.5291498970346,115.0,6,5,6.29238850581339,0
25,108258,515.0,566.2527087130624,False,2258.826720743576,115.0,7,4,5.865761114650006,0
187,2089584869,1045.0,1017.7421269706482,True,4629.146166595903,335.0,12,19,14.790800597013192,0
134,5932883505,255.0,333.58932341264216,False,1037.3439479163706,20.0,2,0,0.7112772428990537,0
140,26699537,575.0,559.6237749605598,True,2224.02481854294,575.0,3,43,43.45132047669414,0
267,5398463417,715.0,588.1659008260837,True,2373.870979336938,470.0,6,11,10.134987066321496,0
231,2480891600,845.0,781.6841876506288,True,3389.8419851658027,345.0,4,8,5.195957313796949,0
22,21665367,800.0,663.3369346279432,True,2768.5189067967012,455.0,1,15,11.769731988896865,0
275,6859207542,150.0,244.15829602243335,False,567.831054117775,15.0,2,1,0.48900892064705365,0
272,14791174,350.0,424.9707705519219,False,1517.0965453975898,50.0,1,1,1.8051067763505664,0
263,4347844156,635.0,623.9728351601002,True,2561.857384590527,230.0,4,13,14.29679822314853,0
269,1611442272,450.0,502.21145018147473,False,1922.610113452743,95.0,3,11,12.385594868410239,0
228,9295694734,585.0,525.4636527795049,True,2044.684177092402,440.0,5,4,5.704186439946087,0
96,1614846702,515.0,552.278734870029,False,2185.4633580676514,125.0,5,9,10.803891145619886,0
188,21665006,575.0,614.2107297513311,False,2510.6063311944877,145.0,4,0,2.277810183067803,0
237,8421658424,345.0,410.84333556258844,False,1442.9275117035895,55.0,2,7,9.568701558196183,6
181,333670399,565.0,574.7486777242293,False,2303.4305580522037,200.0,1,13,16.24144918661751,0
162,6410407480,355.0,387.5334342805156,False,1320.5505299727065,125.0,4,2,5.875807374509636,0
167,1611442272,560.0,573.5513601523519,False,2297.144640799846,155.0,6,14,7.312390261411354,0
88,1614926348,680.0,561.1404010323997,True,2231.9871054200985,505.0,6,12,10.340977625385003,0
270,1317156147,95.0,207.85650601725,False,377.2466565905625,0.0,0,0,0.0,0
92,701608631,150.0,253.23394711398691,False,615.4782223484315,0.0,2,0,0.0,0
35,435144778,875.0,847.3446627609006,True,3734.5594794947265,350.0,6,21,14.176442255823336,0
78,1678452758,460.0,490.1601425300448,False,1859.3407482827356,165.0,3,2,2.687972643907224,0
69,25473344,600.0,617.4913842806758,False,2527.829767473547,165.0,4,6,10.27654395652899,0
87,1667203511,1070.0,861.1408786067952,True,3806.98961268567,465.0,12,22,20.918675235613673,0
276,1614978560,435.0,485.38568174344914,False,1834.2748291531077,95.0,3,8,5.981745293158136,0
101,333719185,295.0,381.49359816051526,False,1288.8413903427054,25.0,3,0,0.7683187661479427,0
8,9791491,770.0,749.4464418550929,True,3220.593819739238,245.0,7,4,3.220969372312733,0
197,10574746,400.0,474.1157561742164,False,1775.1077199146366,65.0,8,2,0.931395124893784,0
76,108216,460.0,500.7318641242953,False,1914.84228665255,105.0,4,8,7.796723327606013,0
170,25472904,820.0,684.957940706463,True,2882.0291887089306,500.0,4,17,10.714219541307061,0
115,5244680779,100.0,210.2493832640838,False,389.80926213643977,0.0,0,0,0.0,0
121,9966771320,435.0,497.69604861118523,False,1898.9042552087233,85.0,1,1,1.9441602312323152,0
2,25498932,645.0,670.5211997563565,False,2806.236298720872,175.0,4,10,9.341784745011335,0
179,21665590,325.0,405.1345524630298,False,1412.956400430906,40.0,3,2,2.8417566833004395,0
58,21665361,690.0,662.4283231935084,True,2763.74869676592,225.0,5,1,2.6304294411551874,0
9,25471098,635.0,637.6501548796105,False,2633.6633131179547,185.0,6,4,3.8111811342688355,0
33,110095,850.0,852.3612649664487,False,3760.896641073855,250.0,6,6,4.929333706506012,0
13,10676305902,440.0,501.68629984395693,False,1919.8530741807735,85.0,5,3,3.88808201074575,0
137,25257284,520.0,527.6092235921429,False,2055.94842385875,150.0,4,8,8.53963094979944,0
14,21665006,725.0,562.0236224316758,True,2236.6240177662985,515.0,4,11,14.98474206411218,0
118,338501923,360.0,430.9552432621591,False,1548.515027126335,55.0,7,4,2.884437223012501,0
81,102025,685.0,723.1528174865493,False,3082.5522918043844,175.0,7,9,10.559552940938097,0
209,298205891,235.0,322.11195159160434,False,977.0877458559225,5.0,2,1,0.5856949669959579,0
261,108329,585.0,619.8418202320494,False,2540.169556218261,150.0,10,25,41.226199665472514,7
20,1646306203,330.0,409.8538011996088,False,1437.7324562979452,40.0,3,0,0.9335847426804873,0
285,8784101792,1230.0,1008.643173937634,True,4581.376663172582,650.0,6,19,18.686299217524574,0
229,311153342,565.0,583.9420820467557,False,2351.6959307454667,155.0,4,3,2.2835970363629925,0
116,21665367,500.0,541.3423341616439,False,2128.0472543486303,120.0,3,3,1.3770892933946548,0
161,21665965,730.0,623.2550129875603,True,2558.088818184691,315.0,4,4,7.580669302663661,0
130,5932875003,200.0,295.91369545507524,False,839.5469011391451,0.0,1,0,0.0,0
73,5932875003,565.0,605.7286295220298,False,2466.0753049906575,140.0,1,1,5.4343255722969745,0
68,21665135,510.0,526.4926167014661,False,2050.0862376826976,175.0,7,1,3.0418416706011806,0
127,9789808,585.0,600.5479040503004,False,2438.8764962640776,165.0,2,2,4.384549131386564,0
235,25473285,695.0,718.6727525743931,False,3059.031951015564,190.0,1,6,7.466108575988601,0
191,2476787985,545.0,492.9271746836443,True,1873.8676670891327,335.0,4,19,18.902691789510246,0
210,25473293,360.0,408.50696556601343,False,1430.6615692215705,70.0,2,2,4.550739455938234,0
52,25476020,515.0,565.7731411856811,False,2256.308991224825,115.0,1,5,2.34024087024087,0
84,14767049,285.0,372.1661762489133,False,1239.872425306795,20.0,2,1,0.48999999999999994,0
194,108253,220.0,298.0732159227474,False,850.8843835944238,10.0,0,0,0.23427155787890153,0
103,1694551549,720.0,707.4898754135719,True,3000.321845921252,225.0,4,7,7.6386078667797435,0
83,456363903,595.0,595.5551669871613,False,2412.6646266825965,180.0,7,3,3.950328945489195,0
248,11170906155,1125.0,988.0725997428732,True,4473.381148650084,525.0,1,18,18.5653141455474,0
234,25524240,1190.0,924.5989915181559,True,4140.144705470321,830.0,8,17,13.294129477803848,0
174,26671733,330.0,421.37634346984254,False,1498.2258032166728,35.0,2,0,1.0033653310344899,0
175,25502834,995.0,812.5791091474933,True,3552.0403230243396,445.0,5,4,9.472593067093793,0
152,2476787985,775.0,762.4682296122918,True,3288.9582054645302,240.0,6,9,6.61136361948656,0
122,3567188470,690.0,717.8948681111583,False,3054.948057583581,185.0,3,8,5.742525754404815,0
258,25472873,630.0,665.7660989243876,False,2781.2720193530363,160.0,4,5,6.807243647145342,0
135,1115431319,450.0,524.9470871758418,False,2041.9722076731691,80.0,2,4,1.1122635219246344,0
225,14728072,145.0,255.57324131566176,False,627.759516907224,0.0,1,0,0.0,0
184,11582793599,190.0,279.0310505942722,False,750.9130156199288,0.0,2,0,0.0,0
77,6762589361,340.0,422.0063919856215,False,1501.5335579245127,40.0,0,3,2.2436406009601106,0
57,107793,260.0,348.8556984876237,False,1117.4924170600243,15.0,2,1,1.05356747879744,0
172,362474930,375.0,443.4356539814745,False,1614.0371834027414,60.0,7,2,2.892845677409759,0
93,25256620,865.0,840.0017320533927,True,3696.0090932803128,275.0,7,6,3.772804089184418,0
41,109838,295.0,375.74757310767814,False,1258.6747588153105,30.0,2,0,0.8944433901438347,0
151,4222962185,910.0,760.7303552527553,True,3279.834365076967,485.0,5,8,10.049139495000116,0
183,25473556,300.0,376.495778397504,False,1262.6028365868963,40.0,1,7,8.702518571842424,0
198,14791188,750.0,625.3139444231866,True,2568.8982082217312,445.0,5,12,13.187249242770562,0
148,4397152731,750.0,702.6187799606331,True,2974.7485947933233,350.0,4,6,6.55782625361377,0
110,25375955,805.0,636.217459380716,True,2626.1416617487575,540.0,5,19,14.280325769480314,0
36,108214,585.0,605.8391354326325,False,2466.6554610213207,160.0,2,15,15.581081428668305,5
219,1115431319,450.0,504.2158334750315,False,1933.1331257439138,95.0,2,5,4.801845404259323,0
176,2271434264,745.0,765.7436881769586,False,3306.154362929031,205.0,5,4,4.991148797703494,0
3,1611442272,360.0,439.27803837504365,False,1592.2097014689791,50.0,3,6,5.460167621596637,0
48,9791487,575.0,616.4360098327415,False,2522.2890516218927,140.0,4,5,6.320330327108175,0
89,1691197961,1025.0,842.3862389396759,True,3708.527754433299,435.0,8,14,14.81618873831371,0
260,9046520718,365.0,424.35019445074727,False,1513.8385208664226,75.0,4,7,10.555680845978273,0
50,5932883504,405.0,448.4002403332723,False,1640.1012617496797,125.0,2,1,1.2853085537215443,0
164,4301399715,915.0,763.8289499549137,True,3296.1019872632983,440.0,3,14,9.475959924918667,0
212,25498827,805.0,792.3103945002955,True,3445.6295711265516,250.0,6,5,10.826968937534605,0
153,4211515634,685.0,565.7404025184705,True,2256.1371132219697,310.0,4,8,7.5705141362857065,0
7,14023072775,660.0,606.0714789064494,True,2467.875264258859,250.0,3,9,10.03756222841589,0
217,603751942,900.0,752.5729155362443,True,3237.007806565281,370.0,6,11,10.546002904183712,0
27,25533578,165.0,262.84604049370057,False,665.9417125919282,0.0,1,0,0.0,0
113,1685751707,525.0,581.2577121758129,False,2337.602988923018,115.0,2,7,6.337209401516613,0
124,25257402,220.0,315.28143784571097,False,941.2275486899823,0.0,1,0,0.0,0
224,12026764,555.0,575.6217075866886,False,2308.013964830116,150.0,7,22,27.39081891278912,0
203,1614949613,635.0,577.2314366251563,True,2316.4650422820705,350.0,1,18,18.645997628405638,0
268,14791188,390.0,457.7363654400096,False,1689.1159185600493,65.0,5,4,1.7428676887416936,0
270,1666324140,135.0,242.55055933590043,False,559.3904365134772,0.0,1,0,0.0,0
70,25306041,650.0,673.9350011179941,False,2824.1587558694687,175.0,7,9,8.07639796638101,0
109,1678452758,715.0,650.8283790263354,True,2702.8489898882617,255.0,4,14,16.25865431971711,2
263,21665582,160.0,257.1983433122104,False,636.2913023891047,160.0,0,29,39.29785462750937,5
257,9512908,480.0,528.8732624831817,False,2062.584628036704,105.0,4,2,3.6089037355135796,0
247,3552338823,865.0,680.2891637878956,True,2857.518109886453,580.0,3,24,15.254049716006564,0
254,333725797,465.0,524.4014775853905,False,2039.1077573232992,95.0,1,1,1.608865247549997,0
26,1316072261,235.0,326.3463751439631,False,999.3184695058061,5.0,1,0,0.12460016068223474,0
5,108045,375.0,410.94636177086727,False,1443.4683992970536,85.0,3,0,2.793193546090155,0
112,12398519156,450.0,514.608047473809,False,1987.6922492374983,85.0,3,3,2.159252990596362,0
262,634568069,220.0,306.60837357979545,False,895.6939612939261,5.0,6,0,0.23165282251580818,0
75,9521029,225.0,313.757745257054,False,933.2281625995333,5.0,2,0,0.22240992029539727,0
88,1188884060,160.0,259.26857171011216,False,647.1600014780889,0.0,0,0,0.0,0
145,25473293,640.0,665.7868035811194,False,2781.3807188008786,170.0,6,4,5.0753294424358755,0
72,5393414954,695.0,625.6414660070753,True,2570.617696537145,695.0,5,67,78.24790555201984,0
59,334688530,435.0,488.9046039775929,False,1852.7491708823627,90.0,1,5,4.0004221410933205,0
12,21665000,405.0,471.41823342704595,False,1760.9457254919907,75.0,3,1,1.945089176584824,0
105,5560616877,545.0,599.0149523794961,False,2430.8284999923526,125.0,2,19,26.314268250237493,0
119,26699549,510.0,543.683049436449,False,2140.336009541358,125.0,5,10,4.938889582705534,0
30,25507343,1025.0,967.1168908937964,True,4363.363677192429,350.0,7,12,13.020868132431353,0
173,3892184068,765.0,779.8841079742722,False,3380.3915668649315,215.0,4,17,13.502743785590358,0
133,2191480791,335.0,414.8595665462474,False,1464.0127243677991,40.0,0,2,1.4363762635079702,0
67,108211,490.0,549.5384251010165,False,2171.076731780336,105.0,3,1,3.157513907158999,0
156,109619,335.0,406.35093719231827,False,1419.3424202596716,50.0,4,10,10.51261289902096,0
10,1607738730,545.0,600.2247161485332,False,2437.1797597797968,120.0,4,7,4.739531220424295,0
238,107351,715.0,723.1365146570439,False,3082.4667019494805,205.0,7,9,8.47126036192636,0
125,11751472416,400.0,460.75446255774716,False,1704.9609284281728,75.0,1,7,5.026475536713124,0
142,2191480791,305.0,385.29634017547335,False,1308.8057859212345,35.0,2,1,0.937648078839245,0
108,26699545,360.0,430.1990188801519,False,1544.5448491207974,55.0,4,2,2.8546437537777134,0
71,107319,720.0,712.4000483305219,True,3026.100253735238,250.0,7,8,6.899678523175103,0
171,102000,450.0,504.23219263260785,False,1933.219011321192,95.0,4,8,9.241159099943378,0
199,292252720,1165.0,1050.1022835705462,True,4799.036988745363,520.0,9,18,19.64396144848737,0
226,7162259986,835.0,742.7242147725146,True,3185.302127555703,315.0,8,14,18.620262233943937,2
186,25470694,745.0,662.245409261167,True,2762.788398621125,325.0,5,24,20.49323124750115,0
253,26591531,705.0,728.5993937855967,False,3111.14681737438,190.0,6,6,4.038880171672839,0
232,25378119,840.0,753.5891148973436,True,3242.342853211052,375.0,8,17,19.336990012287906,0
169,3733175891,640.0,575.0522330883722,True,2305.024223713953,640.0,2,59,60.9010248517749,0
123,107821,860.0,676.731272480612,True,2838.83918052321,590.0,5,14,15.65790271422408,0
8,634568069,200.0,291.36622731141307,False,815.672693384919,0.0,2,0,0.0,0
154,109391,405.0,458.4840989119276,False,1693.0415192876203,80.0,5,4,1.9683809657410365,0
129,25470679,275.0,360.8590141906715,False,1180.5098245010256,20.0,2,0,0.2512880360567718,0
196,734320209,460.0,477.22513809310243,False,1791.4319749887875,170.0,2,25,27.223809042282422,0
82,1232048712,880.0,876.2894181659576,False,3886.5194453712766,265.0,4,7,9.623370551204648,0
177,107818,800.0,626.928185339352,True,2577.3729730315977,645.0,6,9,17.590406136187873,0
273,25544130,360.0,415.48833254773774,False,1467.3137458756228,65.0,4,0,1.266123211581429,0
192,2946815216,510.0,558.9945995901354,False,2220.72164784821,115.0,6,2,2.8175000000000003,0
147,108260,595.0,637.1849412485577,False,2631.2209415549282,145.0,3,1,2.6216691629448605,0
18,9521034,870.0,710.5613030231037,True,3016.446840871292,370.0,6,11,9.566266630229416,0
168,25377990,775.0,797.4727694358635,False,3472.732039538283,215.0,7,9,10.95254884981684,0
44,25501773,405.0,465.35089270700496,False,1729.0921867117756,75.0,2,1,2.4303032176360966,0
150,9512915,480.0,539.7715682074833,False,2119.800733089288,100.0,4,3,2.936812790281409,0
155,109838,340.0,417.9539471745808,False,1480.2582226665488,45.0,4,6,12.238764456079487,2
16,1666324135,785.0,789.8704835301438,False,3432.820038533255,230.0,8,11,9.398135122188316,0
141,2191480791,750.0,773.629439445964,False,3347.554557091311,205.0,4,3,4.360219765383597,0
55,4347844156,285.0,365.9646422155347,False,1207.3143716315576,25.0,1,0,0.5135398246776375,0
271,25472904,475.0,523.8770874853799,False,2036.3547092982442,105.0,6,3,6.556861072026329,0
42,10983187054,505.0,535.6989108012293,False,2098.4192817064536,175.0,3,10,12.628823968593338,0
186,25495442,30.0,154.8555736928857,False,98.99176188764989,0.0,0,0,0.0,0
288,25475739,510.0,531.9813772088655,False,2078.902230346544,135.0,2,18,25.249332878157716,0
218,9789808,425.0,470.00071450127047,False,1753.5037511316698,95.0,3,8,5.4708850451064714,0
160,185620586,470.0,525.9976140551452,False,2047.4874737895111,100.0,4,1,1.6854714519187115,0
289,358992920,905.0,895.111777133389,True,3985.336829950295,285.0,10,9,13.290037051387605,0
54,1678452814,370.0,411.5390861763681,False,1446.5802024259322,80.0,2,4,2.8431625988294575,0
85,25501320,490.0,434.53565690370147,True,1567.3121987444317,300.0,4,15,10.680994867351423,0
120,4397152731,625.0,642.4355184657938,False,2658.7864719454174,175.0,5,5,6.6813011690254624,0
228,110004,270.0,363.5643560634437,False,1194.7128693330797,15.0,2,1,0.8132075781082944,0
264,11863145,365.0,441.9987033462471,False,1606.493192567798,55.0,1,0,1.3450713171077515,0
46,10983187054,325.0,405.7631702281347,False,1416.2566436977077,40.0,2,2,1.59632091684005,0
131,1278032912,445.0,463.8618711397903,False,1721.2748234838998,180.0,4,2,2.109655181098067,0
132,11582793599,555.0,591.2766887936504,False,2390.2026161666645,140.0,6,6,6.157142555292879,0
23,1667203491,620.0,655.1217261554627,False,2725.3890623161788,160.0,8,6,6.303349353950771,0
79,25501320,350.0,426.1792380340825,False,1523.440999678933,50.0,2,1,0.7343534597653139,0
47,4249404271,1020.0,851.278814963883,True,3755.213778560387,610.0,7,15,16.53554852760596,0
96,1619500320,280.0,351.1550074499557,False,1129.5637891122674,30.0,0,0,1.7320889452540904,0
240,107812,705.0,691.4570747416569,True,2916.1496423937,220.0,5,2,2.4753441473091424,0
159,3442281746,480.0,529.2557822991722,False,2064.5928570706546,105.0,5,20,23.63036402336423,0
258,9625392102,200.0,297.833566940888,False,849.6262264396619,0.0,0,0,0.0,0
43,2191480791,575.0,616.1960705714001,False,2521.029370499851,140.0,4,23,45.80217015591526,11
291,9521031,765.0,715.7227672982375,True,3043.5445283157464,280.0,6,7,7.158080107317165,0
208,9789814,635.0,642.0411386350897,False,2656.7159778342198,190.0,6,9,8.34253972954416,0
90,9849094224,635.0,632.3125585770719,False,2605.6409325296268,195.0,5,3,5.066015556859695,0
188,25607361,295.0,382.2520031473525,False,1292.8230165235998,25.0,0,2,1.4548873760104528,0
53,25502540,350.0,423.20968773136195,False,1507.8508605896502,55.0,4,8,11.830849468603603,0
272,1309470395,300.0,376.62235671346957,False,1263.2673727457152,35.0,2,2,1.6678119646583394,0
4,108059,350.0,425.3591354621842,False,1519.1354611764668,50.0,2,0,0.5909310037801269,0
241,1614926339,365.0,437.2922829973155,False,1581.784485735906,55.0,2,4,1.4094966057619256,0
100,26699549,940.0,767.7761967282958,True,3316.8250328235517,590.0,5,14,20.826236054112783,0
179,60728181,265.0,351.11375940723144,False,1129.347236887965,15.0,1,1,0.5873717948717947,0
37,26699551,900.0,754.8104723863908,True,3248.754980028552,555.0,5,19,19.145197133568598,0
64,26559618,660.0,629.8765260358309,True,2592.851761688113,280.0,1,7,6.317351036753587,0
193,282686499,675.0,651.3282478455559,True,2705.4733011891685,215.0,3,4,8.064938230086597,0
239,107812,510.0,566.9518164420338,False,2262.497036320678,110.0,6,0,1.653301115946279,0
128,24973086,885.0,884.154322954725,False,3927.8101955123057,265.0,6,15,14.165393244288076,0
175,6250501803,230.0,311.5678430838175,False,921.7311761900419,10.0,1,2,2.086008045130954,0
84,11863161,235.0,325.3754100493233,False,994.2209027589469,5.0,1,1,0.2926033911299024,0
265,25471089,435.0,481.8833575829821,False,1815.8876273106573,95.0,3,3,4.30258273568592,0
281,6313624586,835.0,778.749150652667,True,3374.4330409265026,285.0,5,3,5.735220562232708,0
210,1666324135,245.0,323.4054604350677,False,983.8786672841056,15.0,0,0,0.5826572983549645,0
94,107319,435.0,506.96159781379197,False,1947.5483885224075,80.0,3,1,2.0187305477858004,0
237,2271422636,315.0,398.8620251354717,False,1380.025631961226,35.0,3,2,1.9351990700268218,0
86,4969460352,745.0,691.4081034888617,True,2915.8925433165246,260.0,3,24,25.588088188197837,0
164,25495441,190.0,281.92477084932943,False,766.1050469589796,0.0,2,0,0.0,0
14,9791487,270.0,354.05196285848666,False,1144.7728050070548,20.0,2,0,0.9407990705205207,0
220,25473373,520.0,507.5294246225196,True,1950.5294792682273,230.0,2,5,6.1405851341353195,0
185,25544136,540.0,529.50665342784,True,2065.909930496159,205.0,4,13,15.689842721764078,0
1,25544131,980.0,845.6845897661162,True,3725.844096272113,575.0,8,16,16.046335507268864,0
78,295908497,310.0,389.3847754285434,False,1330.2700709998524,35.0,8,0,0.8108649091759492,0
132,3892184068,55.0,172.77789253447008,False,193.0839358059679,0.0,0,0,0.0,0
60,108045,955.0,791.8837841635758,True,3443.3898668587703,470.0,7,13,10.005180079274092,0
111,7889967240,695.0,724.0503445177887,False,3087.264308718391,185.0,8,4,4.67090289268586,0
57,333725797,245.0,334.86833507472534,False,1044.0587591423077,10.0,1,0,0.6242297420917002,0
204,12959447,435.0,482.5777367768551,False,1819.5331180784885,95.0,4,5,6.946532892158551,0
245,25257028,485.0,536.0319124713166,False,2100.1675404744115,105.0,1,3,2.825840302118742,0
99,21665585,800.0,702.8470500217595,True,2975.947012614237,400.0,3,24,18.676364219627647,0
69,1667203491,330.0,397.8587066800303,False,1374.7582100701584,50.0,3,10,9.492670029898855,0
221,3552338823,710.0,685.8456752775135,True,2886.689795206947,290.0,7,7,5.775662249570423,0
276,21665009,325.0,385.9374615187528,False,1312.1716729734528,60.0,2,1,2.4517491399040487,0
287,3887905014,560.0,585.8563926038923,False,2361.746061170435,145.0,1,8,4.975792899812759,0
217,9512924,215.0,299.94857176080717,False,860.7300017442375,5.0,0,0,0.6329196200565403,0
205,21665031,575.0,590.4596692777623,False,2385.9132637082516,160.0,5,7,3.9049248979908655,0
187,8421658424,370.0,439.823196645132,False,1595.071782386942,60.0,4,1,1.9324337752255119,0
198,25522907,245.0,333.42182813319744,False,1036.4645976992867,10.0,1,0,0.050462660349913466,0
196,108059,130.0,231.74664918191434,False,502.66990820505043,0.0,1,0,0.0,0
290,25257319,700.0,683.0227017604049,True,2871.8691842421263,235.0,5,11,9.574405189151744,0
213,21590631,840.0,708.3395171908259,True,3004.782465251838,475.0,6,15,15.329527675692576,0
243,12198144,1065.0,981.2202486848901,True,4437.4063055956685,405.0,6,17,16.999760341058845,0
106,14958918,1225.0,1028.7314720516422,True,4686.840228271124,540.0,9,15,15.726908736020572,0
28,6378017135,1095.0,926.5131647189721,True,4150.194114774604,510.0,9,9,9.79285605751461,0
71,21665135,160.0,257.3127014902704,False,636.8916828239197,0.0,0,0,0.0,0
61,25504263,590.0,470.504629036294,True,1756.1493024405447,310.0,0,10,7.515772015132094,0
167,25472136,360.0,436.4969674478076,False,1577.6090791009892,50.0,2,4,2.8394832881671253,0
158,9295694734,800.0,759.0599366155487,True,3271.0646672316293,265.0,6,29,38.63244421744542,4
162,1938580083,370.0,428.988722734136,False,1538.1907943542128,65.0,2,5,3.948104790656319,0
292,108293,905.0,898.5449802136606,True,4003.3611461217206,275.0,7,14,13.782837009348142,0
278,2214957485,715.0,740.4265697012711,False,3173.239490931675,195.0,4,9,8.189253750935102,0
56,9294989287,635.0,670.6225562064396,False,2806.768420083809,165.0,4,11,8.704179624177561,0
105,659653204,200.0,297.95344561027235,False,850.2555894539298,0.0,4,0,0.0,0
206,603751942,545.0,600.6328258676269,False,2439.322335805042,120.0,6,10,8.759182842943167,0
224,21665367,245.0,333.48154115713305,False,1036.7780910749489,10.0,3,1,0.5692175598112297,0
113,1938580083,250.0,333.04994009656724,False,1034.5121855069776,15.0,3,3,6.208224160318969,1
107,1684410129,680.0,692.6221803421654,False,2922.2664467963687,195.0,3,3,3.4865874817118248,0
154,25496892,165.0,261.1968436270931,False,657.2834290422386,0.0,0,0,0.0,0
168,2587253639,155.0,253.11058008951625,False,614.8305454699604,0.0,0,0,0.0,0
214,21665719,570.0,618.560134684019,False,2533.4407070911,135.0,5,7,5.782229536936386,0
160,25500900,150.0,258.8502446589568,False,644.9637844595229,0.0,1,0,0.0,0
284,26699544,850.0,693.3843759154861,True,2926.2679735563006,380.0,4,6,8.915947521915854,0
230,9760819194,730.0,588.2080239013721,True,2374.092125482203,500.0,2,13,10.60230781098359,0
104,11817103992,1090.0,1012.1620072228466,True,4599.8505379199405,380.0,6,8,10.065842467948702,0
3,14077667431,300.0,380.85401464383546,False,1285.4835768801365,30.0,3,0,0.7621680136244003,0
58,500486430,380.0,393.32921146458085,False,1350.9783601890495,110.0,1,5,7.9173213101571,0
131,9167793401,155.0,254.58631036540174,False,622.5781294183594,0.0,3,0,0.0,0
11,282569797,625.0,644.6116204805111,False,2670.211007522683,170.0,3,10,8.639801152644035,0
190,4431563564,550.0,441.1445937995579,True,1602.009117447678,415.0,3,7,10.449107927706113,0
244,9167793401,665.0,688.7409092742108,False,2901.8897736896065,180.0,12,1,1.9850032086869525,0
180,109836,575.0,622.6668947809243,False,2555.001197599852,135.0,6,1,5.685000645137606,0
32,9512926,665.0,647.8279794207649,True,2687.096891959017,225.0,4,6,7.506879684817482,0
34,4962063593,775.0,613.5041827442963,True,2506.896959407555,390.0,3,8,9.118620864086882,0
274,9791495,690.0,703.1439252320772,False,2977.505607468406,195.0,4,7,4.02868745020297,0
143,9178184325,630.0,585.2189350883511,True,2358.3994092138432,330.0,5,15,9.756619734170606,0
233,6273263209,590.0,635.9845542693607,False,2624.9189099141436,140.0,7,4,3.9667797355545202,0
95,489796745,585.0,625.1931494105866,False,2568.2640344055794,145.0,1,14,17.496508506348935,2
15,456363903,535.0,548.2544225688465,False,2164.335718486444,190.0,1,13,13.387024009592857,0
229,5393414954,400.0,468.5711377512496,False,1745.9984731940604,400.0,3,48,60.818478059990454,0
24,311153342,640.0,672.3638233427545,False,2815.9100725494623,165.0,3,4,3.4488068401042913,0
263,10983187054,300.0,371.43925159098,False,1236.0560708526448,35.0,1,0,1.4747763572285861,0
36,25473373,360.0,440.91794077643766,False,1600.8191890762982,50.0,4,2,1.2166961369581677,0
38,9295694734,1175.0,1097.1111730275604,True,5045.83365839469,415.0,10,12,17.035799837565595,0
258,333670399,175.0,276.44322654558437,False,737.3269393643184,0.0,1,0,0.0,0
165,108901,790.0,666.2178922028352,True,2783.6439340648876,540.0,2,17,10.918000937140715,0
234,25476020,390.0,461.8298408147623,False,1710.606664277501,65.0,5,12,26.62036201260603,6
139,25532843,785.0,811.7374511096084,False,3547.6216183254433,215.0,8,6,6.1437646670007435,0
283,1106056846,760.0,784.2629708030863,False,3403.3805967162057,210.0,7,5,6.12036213739764,0
118,11747638084,425.0,457.67613040525396,False,1688.7996846275832,120.0,4,10,8.343455930926226,0
163,1188983785,670.0,470.33468556587496,True,1755.2570992208452,555.0,1,13,15.251140987465376,0
178,12391355483,765.0,747.8841034526454,True,3212.3915431263868,240.0,5,10,9.485753405602209,0
97,2934851453,910.0,882.1799486599153,True,3917.444730464555,305.0,7,6,9.647960347574502,0
83,108060,405.0,469.9860484022789,False,1753.4267541119648,75.0,3,2,1.6332583027863816,0
267,25530236,490.0,524.0968363588976,False,2037.508390884212,135.0,3,10,5.373670722068827,0
250,4360406511,515.0,552.4095154461236,False,2186.149956092149,125.0,4,3,1.6240267918820304,0
5,4702603699,320.0,346.85916720940577,False,1107.0106278493802,145.0,0,19,23.498725768373948,3
20,21533909,425.0,483.7294902128013,False,1825.579823617208,85.0,5,4,3.433933358977264,0
149,25473423,535.0,587.4143944471625,False,2369.925570847604,120.0,5,11,6.126077477085874,0
45,1637789617,615.0,615.5407382996023,False,2517.588876072912,210.0,2,7,5.455316478546946,0
21,2624195128,585.0,603.1182537270373,False,2452.3708320669457,175.0,1,14,16.830805881716508,0
179,25500758,185.0,278.4718990667061,False,747.9774701002076,0.0,1,0,0.0,0
112,1630526800,325.0,393.0009397518527,False,1349.2549336972265,45.0,1,0,1.4592056550847137,0
266,25533129,1000.0,965.2797801607445,True,4353.718845843904,320.0,4,14,9.311313491447645,0
7,3552338823,360.0,398.8288635160784,False,1379.8515334594117,135.0,0,5,2.3063018085229845,0
202,21665580,760.0,614.6804690517256,True,2513.0724625215585,470.0,3,8,10.189951291750639,0
223,298205891,920.0,892.0774072685567,True,3969.4063881599236,295.0,6,7,6.217148394121355,0
187,14069254030,150.0,253.43323663646697,False,616.5244923414517,0.0,2,0,0.0,0
279,25498827,920.0,904.3142100658147,True,4033.6496028455267,285.0,6,8,8.346268718920925,0
72,1832666009,325.0,402.2507331246807,False,1397.8163489045742,40.0,3,3,2.1523474789904324,0
249,21666011,585.0,619.3935865952382,False,2537.816329625,165.0,5,11,7.252169195439886,0
260,603751942,390.0,450.66657311732126,False,1651.9995088659361,70.0,2,12,16.79599386970606,0
212,26699537,390.0,410.08473989794476,False,1438.94488446421,390.0,5,53,62.68614629874731,2
74,9522438169,560.0,619.1646056560024,False,2536.6141796940133,125.0,7,14,11.040769470413606,0
211,107860,725.0,704.6958616963802,True,2985.6532739059967,260.0,6,19,15.706887512211514,0
195,2441107350,745.0,728.8607107068151,True,3112.518731210781,230.0,5,9,5.821135791291526,0
114,25507343,1035.0,978.3746170218776,True,4422.466739364852,350.0,6,12,12.021200826088979,0
193,9046526383,210.0,302.55950778341247,False,874.4374158629157,0.0,1,0,0.0,0
200,7192163376,565.0,608.1597480106082,False,2478.8386770556917,135.0,5,23,27.60516521467451,0
94,1667203491,200.0,299.7891169986985,False,859.892864243167,0.0,0,0,0.0,0
287,1678452758,170.0,266.0056938052839,False,682.5298924777403,0.0,1,0,0.0,0
63,25257284,660.0,695.7941023982294,False,2938.9190375907037,170.0,4,8,5.421065219411775,0
216,11200374910,575.0,569.3023903737534,True,2274.8375494622064,175.0,3,0,0.052003546099290796,0
98,1106056866,585.0,625.5713848742857,False,2570.2497705899987,145.0,5,9,10.55532748063614,0
76,25257463,505.0,531.1939921142829,False,2074.768458599984,130.0,4,4,3.232406485144916,0
246,4962063593,1005.0,761.9994824028865,True,3286.4972826151507,650.0,3,21,18.42504350639657,0
136,1607738730,575.0,595.0776049601734,False,2410.157426040911,155.0,3,14,13.362710034402175,0
29,25256260,1135.0,849.4848300151197,True,3745.7953575793767,720.0,4,5,3.7466398040524562,0
27,10264011826,400.0,463.91818327272307,False,1721.5704621817968,75.0,4,15,20.754975537408278,0
35,25522907,530.0,571.5278058244832,False,2286.5209805785366,140.0,7,4,3.764679348515984,0
242,25498827,830.0,809.0452519790783,True,3533.48757289016,260.0,11,7,7.548229919090296,0
282,1274928889,965.0,966.4364025967739,False,4359.79111363306,285.0,7,12,9.43833535258978,0
68,25524243,485.0,513.8732328356004,False,1983.834472386903,125.0,4,3,2.2690108192040754,0
77,25496592,455.0,502.1897953745542,False,1922.49642571641,100.0,1,3,3.0546517787278535,0
192,9287396538,315.0,392.67869896609193,False,1347.5631695719821,40.0,0,1,2.964344324761143,0
65,7013554275,615.0,630.0262415723629,False,2593.6377682549028,170.0,6,3,5.9076737236354235,0
243,1115431319,185.0,286.9400730458357,False,792.4353834906373,0.0,3,0,0.0,0
259,276071560,990.0,953.9918079310308,True,4294.456991637909,320.0,10,7,9.435426547726045,0
39,108293,825.0,825.1925681623961,False,3618.260982852583,245.0,8,20,29.968224097399954,5
157,452514276,610.0,652.7237079080762,False,2712.7994665174015,150.0,2,2,3.5708070903843256,0
115,601141518,525.0,548.9720881760992,False,2168.10346292452,140.0,2,6,6.063242123128267,0
219,1508437746,455.0,508.2868743008821,False,1954.506090079631,95.0,5,4,2.6198775477353538,0
183,1278032912,460.0,494.9794631687726,False,1884.6421816360564,115.0,2,13,11.843245976799862,0
17,1231977683,765.0,738.1888928725276,True,3161.4916875807703,245.0,5,18,21.097379600090072,2
232,25257284,350.0,424.7582822539129,False,1515.9809818330423,50.0,4,3,2.3640934136815663,0
64,11582793599,270.0,362.9875496228761,False,1191.6846355200994,15.0,1,0,0.15601063829787237,0
86,14077667431,255.0,340.18336039608806,False,1071.962642079462,15.0,2,0,0.5757411235639716,0
182,282686499,775.0,702.2476140825225,True,2972.799973933243,390.0,7,22,26.806221470319283,0
126,107800,745.0,742.917310887794,False,3186.315882160919,220.0,2,5,6.178031625018143,0
170,107809,555.0,568.3767965656591,False,2269.97818196971,155.0,2,3,4.003776995903013,0
87,26652119,565.0,615.7249435318578,False,2518.555953542253,130.0,3,6,3.720010960048854,0
203,4174200043,440.0,501.61512257247455,False,1919.4793935054913,85.0,1,0,2.530300879464267,0
269,21533908,590.0,604.4730512687928,False,2459.4835191611623,165.0,8,16,19.13894856684251,0
215,3531897238,825.0,803.0308019433978,True,3501.9117102028385,260.0,4,6,7.550774876975608,0
2,380494808,550.0,566.6360083136109,False,2260.8390436464574,190.0,4,10,5.897873886501458,0
173,21665932,395.0,463.95911030172977,False,1721.7853290840824,70.0,3,2,2.2424097468292694,0
148,26559655,480.0,540.1348890226936,False,2121.708167369142,100.0,5,4,3.3721965387511212,0
104,9521035,165.0,260.4962910967626,False,653.6055282580036,0.0,0,0,0.0,0
146,519998333,1175.0,933.9737629401743,True,4189.362255435917,570.0,6,2,2.4131253579393777,0
62,12957883928,825.0,837.4538895571212,False,3682.6329201748854,235.0,5,4,8.789713773117573,0
102,7223638134,795.0,631.5492643749246,True,2601.633637968354,535.0,7,15,11.028221781698582,0
201,820271,1100.0,918.8052336056622,True,4109.72747642973,525.0,12,7,12.333804449736942,0
134,107812,610.0,604.1489985367167,True,2457.7822423177636,240.0,4,9,7.914375050376025,0
144,10544188931,915.0,682.8678259064903,True,2871.0560860090727,915.0,4,54,47.11040143280779,0
100,107863,295.0,386.2913710752823,False,1314.029698145232,20.0,3,1,0.6368607158646802,0
247,500486430,440.0,495.1401691918067,False,1885.4858882569847,90.0,3,3,2.2832822815038574,0
54,1616122237,330.0,391.11655952181985,False,1339.3619374895543,55.0,0,2,3.4328325466024565,0
227,21665932,885.0,711.5977679430792,True,3021.8882817011618,395.0,4,20,15.195829540353811,0
257,2440630566,445.0,509.21794540480846,False,1959.394213375245,85.0,7,3,3.424263705735533,0
65,9521022,50.0,171.0954920345079,False,184.25133318116653,0.0,0,0,0.0,0
281,454368529,285.0,373.70026674812493,False,1247.9264004276556,20.0,1,0,0.35762299370923745,0
18,108214,370.0,422.9259057948252,False,1506.3610054228325,80.0,3,5,5.6518486042956,0
235,3552338823,550.0,583.0238827061438,False,2346.8753842072556,165.0,3,9,6.401153009177143,0
6,1696027870,1250.0,891.897696618284,True,3968.46290724599,950.0,5,9,8.060437899027491,0
93,1493458889,520.0,578.2028478575961,False,2321.5649512523796,115.0,1,2,3.6054028787813674,0
142,11783244661,410.0,445.414657091693,False,1624.426949731389,135.0,3,8,5.734378398937834,0
119,9521035,435.0,503.28546213390587,False,1928.2486762030062,80.0,4,3,1.2502533191168148,0
138,108060,680.0,684.8154785339308,False,2881.2812623031373,200.0,8,6,2.2332889151507156,0
111,21665006,285.0,356.24722665788113,False,1156.2979399538763,35.0,1,2,3.298236899250859,0
175,1607738730,310.0,390.77326494235973,False,1337.559640947388,35.0,1,1,1.9608932973089976,0
225,9791487,540.0,606.6729729180963,False,2471.0331078200065,115.0,7,0,2.617744311878908,0
51,108258,685.0,689.9229268249751,False,2908.0953658311187,200.0,4,4,5.289869577559266,0
273,9791484,395.0,463.4511193576804,False,1719.1183766278214,70.0,2,2,2.012707283173884,0
189,25501325,930.0,746.0718914878939,True,3202.877430311442,455.0,8,18,19.35752254944389,0
210,1835298184,315.0,391.19757160969687,False,1339.7872509509084,315.0,2,9,10.923833546034256,0
116,25473300,580.0,612.6593873442438,False,2502.46178355728,150.0,4,3,2.81710634662854,0
46,2191588310,370.0,447.89460828696485,False,1637.446693506565,55.0,5,1,1.5997895084176312,0
80,25522907,1015.0,768.0554081902936,True,3318.29089299904,660.0,4,17,18.062650091175385,0
155,8145826353,400.0,465.0729896107345,False,1727.6331954563557,70.0,6,13,18.98621889407083,1
164,107809,325.0,376.15479597484966,False,1260.81267886796,65.0,2,5,5.647241201296961,0
89,102018,525.0,551.6911042326719,False,2182.3782972215286,135.0,2,7,7.690382355898213,0
101,26845543,625.0,657.5181782802651,False,2737.9704359713924,160.0,6,2,2.3595088909150435,0
264,25533437,380.0,441.6315030072558,False,1604.5653907880928,70.0,1,5,2.7583102724473454,0
22,452417806,655.0,667.7344701019553,False,2791.6059680352682,185.0,3,18,11.952412760199127,0
222,21665582,735.0,600.8984750077212,True,2440.7169937905364,735.0,1,60,83.40734942099786,9
133,25257618,465.0,534.5699575067866,False,2092.4922769106297,90.0,0,1,1.6067064030576752,0
236,271242424,890.0,869.7046690008112,True,3851.9495122542608,280.0,4,14,11.929986681477674,0
151,4222962185,555.0,577.0883309611609,False,2315.7137375460943,150.0,5,11,15.494985608363576,0
207,11751472416,800.0,804.9998213563839,False,3512.2490621210177,235.0,6,1,2.782415573925083,0
108,2214957485,450.0,510.0897978687341,False,1963.9714388108528,90.0,0,6,5.978270070697226,0
253,9512933,440.0,500.97648273131637,False,1916.1265343394114,85.0,3,5,5.718662776024846,0
287,268272727,130.0,238.0884995344751,False,535.9646225559941,0.0,1,0,0.0,0
139,9791156,185.0,283.52876423902484,False,774.5260122548804,0.0,0,0,0.0,0
279,14017207475,155.0,256.4629139849395,False,632.4302984209324,0.0,2,0,0.0,0
254,25472806,505.0,537.9871759017052,False,2110.4326734839537,125.0,3,11,10.91144730627237,0
23,9512935,395.0,434.6087613118739,False,1567.6959968873387,135.0,1,10,10.40131202765431,0
110,25473408,570.0,602.0854847321626,False,2446.9487948438527,145.0,3,8,7.770904350365679,0
3,9775351268,255.0,345.5938645337578,False,1100.3677888022285,10.0,0,1,0.33728586071759403,0
276,9789814,325.0,367.1403183139337,False,1213.4866711481516,65.0,1,3,1.0321872571872572,0
185,1619500438,350.0,426.9051187759514,False,1527.2518735737451,50.0,2,2,1.2249999999999999,0
255,11747638084,1080.0,884.9384072726658,True,3931.926638181499,590.0,5,16,15.138142551738397,0
50,25502544,560.0,577.0324754705243,False,2315.4204962202534,155.0,5,7,4.632046661147554,0
26,5922202130,530.0,570.7250797566771,False,2282.306668722555,130.0,7,18,20.737456123892883,0
239,1666324140,380.0,453.09382201717347,False,1664.7425655901611,60.0,3,10,7.836966017986874,0
80,25375812,50.0,172.67778973946625,False,192.55839613219777,0.0,0,0,0.0,0
31,108901,815.0,781.7445648484298,True,3390.1589654542554,330.0,9,9,10.553375442973628,0
11,1598214606,275.0,354.71310285684154,False,1148.2437899984182,25.0,1,0,0.663487432579349,0
127,1232048350,640.0,681.4716772814227,False,2863.726305727469,160.0,5,8,10.212820536539718,0
209,3552338823,650.0,669.1578226834129,False,2799.0785690879165,180.0,3,2,2.0451800624150196,0
268,5568839679,565.0,585.6755269553968,False,2360.796516515834,155.0,2,7,4.54490346395905,0
91,6943758097,740.0,772.8819416622654,False,3343.6301937268922,195.0,6,9,10.677593016320722,0
281,101999,100.0,210.42621044619818,False,390.7376048425406,0.0,2,0,0.0,0
260,333650017,195.0,293.8445013906081,False,828.6836323006925,0.0,2,0,0.0,0
251,9475528,765.0,778.2613324977276,False,3371.871995613072,220.0,3,10,9.70800030294032,0
7,742854915,210.0,303.70412246827846,False,880.4466429584618,0.0,4,0,0.0,0
286,12026767,1160.0,971.9696483657149,True,4388.840653920004,490.0,8,15,17.196155520198758,0
277,1697772135,755.0,791.9217392864781,False,3443.589131254014,200.0,11,11,8.08927085304898,0
102,333725797,115.0,217.47817071630072,False,427.7603962605785,0.0,1,0,0.0,0
49,9702441401,860.0,814.2886682935408,True,3561.015508541088,290.0,2,9,9.162606264004886,0
172,5811245211,625.0,657.0834784377543,False,2735.6882617982124,180.0,7,4,5.667443014719475,0
30,333650017,530.0,560.7600418652642,False,2229.990219792637,135.0,2,4,3.172967886634007,0
270,1230855633,570.0,591.5251509452291,False,2391.507042462455,170.0,9,9,5.022751705400859,0
238,21665911,525.0,538.1716328837623,False,2111.401072639753,525.0,5,60,69.74324207572647,0
114,1685751707,200.0,296.5266846896522,False,842.7650946206743,0.0,1,0,0.0,0
171,10559192943,515.0,578.0033548023521,False,2320.5176127123486,110.0,5,2,2.1202442018476337,0
120,820634109,465.0,518.5401595730333,False,2008.335837758425,100.0,7,0,3.088068826532897,0
280,12725097483,875.0,847.6372635029683,True,3736.095633390583,350.0,5,9,10.831500036410404,0
66,2314788166,1245.0,1141.285452516109,True,5277.748625709571,495.0,4,14,15.310714691024947,0
259,25472291,180.0,277.88193675386674,False,744.8801679578006,0.0,1,0,0.0,0
22,1684410105,85.0,200.209090268758,False,337.0977239109795,0.0,0,0,0.0,0
121,108103,705.0,732.406317739626,False,3131.133168133038,190.0,5,15,11.042048628475333,0
41,1678452758,645.0,535.3170184348827,True,2096.4143467831336,420.0,3,14,11.827992460989748,0
77,9791482,190.0,282.1295094698081,False,767.1799247164926,0.0,1,0,0.0,0
158,306499809,365.0,430.41689534476046,False,1545.6887005599933,60.0,3,9,11.393085276737512,0
9,1667203523,695.0,717.049995310453,False,3050.512475379878,190.0,6,5,5.8468241151920095,0
267,1317141252,260.0,337.48148018374224,False,1057.7777709646466,20.0,2,2,0.6533029011339275,0
25,3764054180,775.0,795.4838288561033,False,3462.290101494541,215.0,4,6,7.558994180766075,0
197,25474664,720.0,741.396761443383,False,3178.3329975777615,200.0,10,7,8.45126427035181,0
50,526994269,65.0,181.76832906024936,False,240.28372756630898,0.0,0,0,0.0,0
208,333670399,460.0,524.2450137602794,False,2038.2863222414667,90.0,10,1,1.9453859869618082,0
29,5932875003,210.0,277.48240831491484,False,742.7826436533028,45.0,0,5,5.696823908984418,0
165,4702603699,280.0,357.09446296112253,False,1160.7459305458935,30.0,2,4,2.984885064351581,0
275,108253,770.0,778.4839303707688,False,3373.0406344465387,225.0,3,5,7.304572402225748,0
181,1607738730,765.0,783.8867418539102,False,3401.405394733029,215.0,5,10,10.969417364045105,0
36,104302,295.0,379.1974869757055,False,1276.7868066224535,25.0,5,3,1.476860161565625,0
159,25472904,480.0,543.0192016397692,False,2136.850808608788,95.0,6,8,17.291822360780966,5
246,25472589,235.0,310.54109923729584,False,916.340770995803,15.0,0,1,0.6988873053911207,0
166,108329,960.0,942.8237107431651,True,4235.824481401616,305.0,6,10,12.964302241445425,0
118,25620550,295.0,377.9046874378007,False,1269.999609048454,30.0,3,4,4.444154689957353,0
199,4777953678,560.0,591.4616125760864,False,2391.1734660244542,145.0,5,25,35.59010492779888,5
37,9020945997,470.0,528.3177587290078,False,2059.668233327291,100.0,7,6,6.881067596570986,0
90,452169167,475.0,525.7451734915771,False,2046.1621608307796,105.0,4,7,6.991807753214595,0
180,25522907,335.0,415.8873616760435,False,1469.4086487992288,40.0,2,0,1.6565114110159334,0
111,25471089,150.0,255.68648660667887,False,628.3540546850639,0.0,1,0,0.0,0
278,26699545,395.0,452.1839794001124,False,1659.9658918505888,75.0,2,4,4.577110924064143,0
283,25504261,305.0,384.785714610082,False,1306.1250017029304,35.0,0,5,5.332320664443505,0
153,25500809,650.0,691.1845831702487,False,2914.719061643805,165.0,5,7,6.729252082259687,0
220,2564873531,455.0,479.2500092492206,False,1802.0625485584078,115.0,2,9,8.523036328194776,0
224,2624195128,390.0,447.13198321968906,False,1633.442911903367,75.0,5,8,4.774787270319242,0
191,107863,720.0,716.2140881764274,False,3046.123962926245,215.0,3,3,6.089167419064133,0
206,8098784582,400.0,470.4921203426852,False,1756.0836317990975,70.0,5,1,1.8758799448353272,0
201,4249404271,195.0,294.2610132748611,False,830.8703196930207,0.0,0,0,0.0,0
117,1612472593,905.0,845.9934311107456,True,3727.4655133314154,380.0,6,17,14.895282002235543,0
71,25507040,430.0,491.352270162629,False,1865.5994183538028,85.0,5,4,5.2733928853698036,0
123,26652351,580.0,598.7146932031732,False,2429.2521393166585,195.0,4,14,15.638975156464213,0
149,4216272817,315.0,396.4499089589556,False,1367.3620220345165,35.0,1,1,1.007315798540437,0
249,108209,290.0,373.39904112785746,False,1246.3449659212513,25.0,2,0,0.6376511264426297,0
135,26699545,720.0,735.6809260820203,False,3148.3248619306046,205.0,5,5,5.658627524080245,0
244,1614926320,375.0,444.9179770625796,False,1621.8193795785432,60.0,2,1,1.1003071177727368,0
103,1614846675,735.0,756.7630159076912,False,3259.005833515377,205.0,6,3,4.372023444626491,0
223,25502834,305.0,366.12381144062084,False,1208.150010063259,70.0,0,3,2.4821296943055366,0
52,25497446,745.0,720.3575073927677,True,3067.87691381203,240.0,8,9,7.953150795771191,0
265,294651409,495.0,545.8814647885705,False,2151.877690139995,110.0,4,3,2.483510638297872,0
233,5393414954,365.0,409.5879495533545,False,1436.3367351551108,365.0,4,56,62.6484488738448,0
187,280412704,305.0,389.5923038030495,False,1331.35959496601,30.0,0,0,0.3120212765957448,0
40,2215490966,890.0,851.728814826857,True,3757.576277840999,330.0,17,11,9.198028974558472,0
19,1230374510,910.0,793.6334236791496,True,3452.575474315533,375.0,7,15,15.091046971387227,0
204,2129184256,480.0,535.4662440337275,False,2097.1977811770685,105.0,3,1,1.9781670499959736,0
256,12689154,1230.0,1053.9446698978415,True,4819.209516963673,505.0,12,15,14.754091709946417,0
33,13349587,785.0,717.6736867023556,True,3053.7868551873676,285.0,5,12,11.958940665320204,0
48,534993866,715.0,730.9912541036143,False,3123.704084043975,200.0,5,11,14.10269800387445,0
106,25533129,465.0,521.5810178538674,False,2024.3003437328032,95.0,4,3,1.9861424481481114,0
252,452236138,900.0,874.7384108821636,True,3878.376657131357,285.0,3,4,3.8672921140956436,0
161,25472806,775.0,755.7245785106298,True,3253.5540371808074,245.0,7,3,3.4155950822063192,0
263,11747638084,370.0,442.3230484154081,False,1608.196004180893,60.0,2,2,2.1705026256303905,0
194,10574746,765.0,755.1160129103882,True,3250.359067779537,235.0,2,7,5.933880684413004,0
158,25507040,90.0,204.74725376155698,False,360.9230822481741,0.0,1,0,0.0,0
124,1231977962,700.0,734.6445279912148,False,3142.883771953877,185.0,6,14,10.013937589542214,0
147,1678452820,610.0,552.7575705738224,True,2187.9772455125662,395.0,0,20,18.886964019131952,0
281,102020,135.0,240.3637563976615,False,547.9097210877228,0.0,0,0,0.0,0
290,5932883505,485.0,519.6602143604416,False,2014.2161253923186,120.0,3,4,7.274176440082064,0
43,25474676,560.0,597.206780035547,False,2421.335595186623,140.0,4,2,3.0506009965540875,0
178,2191480791,375.0,439.03623810555257,False,1590.9402500541505,65.0,4,7,11.394414046538751,0
79,1614926339,575.0,619.1299644095661,False,2536.4323131502224,140.0,2,4,3.061477493355655,0
176,9167793401,740.0,653.9484643076164,True,2719.229437614986,415.0,6,7,8.8315764279104,0
214,21665912,440.0,516.4389793976709,False,1997.3046418377717,75.0,4,10,8.187081461774264,0
96,25473373,570.0,602.9154936718631,False,2451.3063417772823,145.0,3,6,7.583511275613975,0
13,291924683,805.0,823.6026346186691,False,3609.91383174801,225.0,7,12,11.78937561893215,0
108,107319,190.0,283.48525350190937,False,774.2975808850241,0.0,0,0,0.0,0
162,10544188931,475.0,530.2204651852425,False,2069.657442222522,475.0,0,31,35.05949216674506,3
150,25532841,620.0,645.3159911325636,False,2673.9089534459586,165.0,5,4,6.987252532114684,0
85,3567188665,595.0,634.6498089926498,False,2617.9114972114094,150.0,1,27,32.48693774508277,0
213,25471086,495.0,537.3546395045686,False,2107.1118573989847,115.0,4,3,2.135511805346462,0
160,14728072,450.0,503.8505956326471,False,1931.2156270713967,95.0,3,13,19.564326460759382,2
129,25476041,640.0,681.5196988803953,False,2863.9784191220756,160.0,5,11,10.734323204108431,0
266,294651409,375.0,441.515657098175,False,1603.9571997654184,65.0,3,1,3.0741760692246456,0
60,6460816408,530.0,563.730576968946,False,2245.5855290869654,165.0,4,13,14.371344255011117,0
115,5568839679,310.0,392.5747150677753,False,1347.0172541058191,35.0,1,3,1.9202937479763498,0
42,109391,625.0,672.300493912013,False,2815.5775930380673,150.0,11,4,3.9683934806421655,0
173,25256620,285.0,373.6177073920669,False,1247.492963808351,20.0,3,0,0.03410436585870571,0
188,25256620,580.0,630.1109754704836,False,2594.0826212200386,135.0,4,5,6.245804695809134,0
195,273194,355.0,410.3488020679806,False,1440.3312108568973,65.0,3,2,1.6415033480298755,0
174,4956890447,800.0,766.9691241536807,True,3312.587901806822,260.0,5,17,20.11572123976213,0
67,5932959891,690.0,602.5638280349435,True,2449.4600971834525,395.0,4,5,10.964456308944284,0
73,2946815216,820.0,808.3972750676658,True,3530.0856941052457,250.0,6,6,3.867515255664688,0
132,292252720,550.0,600.1756864324416,False,2436.9223537703174,125.0,6,3,2.4600479933525565,0
273,4360514492,250.0,327.8746126188044,False,1007.3417162487228,20.0,1,3,0.9113458374674277,0
205,107801,530.0,554.8207250485104,False,2198.8088065046795,140.0,7,3,4.198323368085225,0
271,21665911,635.0,659.4880500575291,False,2748.3122628020287,635.0,5,33,35.98017250508747,0
200,1612472593,365.0,435.9296324532965,False,1574.6305703798075,55.0,2,1,2.7280355784427126,0
39,108045,330.0,382.4885111992475,False,1294.0646837960494,60.0,3,3,3.708940585426075,1
190,21666011,460.0,508.57501531801574,False,1956.0188304195826,100.0,4,3,2.721687890875803,0
55,5932899700,650.0,678.7321939052216,False,2849.344018002413,170.0,4,5,3.5677287077336093,0
221,255576,545.0,563.9393380693278,False,2246.6815248639714,205.0,7,15,14.990847179376033,0
88,2337311458,725.0,734.8664690638516,False,3144.048962585219,210.0,3,16,14.51034244744115,0
211,25257793,375.0,441.05622411434564,False,1601.5451766003137,65.0,3,4,2.615813794588854,0
262,7889967240,735.0,743.740697670894,False,3190.638662772191,215.0,4,10,10.929024571119516,0
247,292252720,300.0,386.4665724817089,False,1314.9495055289722,25.0,3,0,0.4428030303030304,0
137,9512926,855.0,781.9579401689803,True,3391.279185887146,395.0,4,10,9.365030684021262,0
14,1317156147,585.0,618.4138589184689,False,2532.6727593219603,150.0,1,2,3.5071553780290623,0
169,21533908,690.0,693.0759544068551,False,2924.648760635989,200.0,6,7,5.324467013519304,0
140,25257810,930.0,906.2707828826711,True,4043.9216101340253,295.0,8,13,9.52044939744711,0
152,7787603288,835.0,818.529379952573,True,3583.2792447510083,260.0,2,9,7.491876319735813,0
192,107793,365.0,421.8935645876902,False,1500.9412140853733,65.0,4,6,6.986448857206665,0
134,26651413,325.0,402.41853960980984,False,1398.697332951502,40.0,0,5,4.658682233317456,0
128,9521022,615.0,653.6711033480875,False,2717.7732925774603,155.0,6,4,4.3765488990647015,0
105,9295694734,535.0,482.42997034566054,True,1818.757344314718,415.0,8,6,7.11435885053567,0
12,25532841,755.0,727.8253838198074,True,3107.0832650539874,245.0,5,6,6.411856113461935,0
283,6943750647,150.0,256.62784121815474,False,633.2961663953128,0.0,3,0,0.0,0
35,454368529,390.0,447.253043588805,False,1634.0784788412257,75.0,2,14,34.26376892040533,9
289,6270734170,675.0,699.4659337090526,False,2958.1961519725264,185.0,4,11,8.566486991665425,0
153,1215418697,145.0,247.09933727426306,False,583.2715206898811,0.0,0,0,0.0,0
274,1025502817,490.0,533.2551330977125,False,2085.5894487629903,115.0,3,8,3.391996085284889,0
62,11747638084,345.0,416.3943149749619,False,1472.0701536185495,50.0,0,1,0.9519406580559342,0
45,2191480791,460.0,501.3443828118274,False,1918.0580097620937,105.0,0,11,16.248907515031107,0
125,21645238,745.0,668.0817833086504,True,2793.4293623704157,395.0,5,10,11.241210502112141,0
230,9849094224,530.0,563.5444480603649,False,2244.6083523169173,135.0,5,3,2.7466086002608776,0
222,13565582698,295.0,380.45675173809605,False,1283.397946625004,25.0,1,0,0.7612509238129801,0
40,1619464560,125.0,234.52028155577574,False,517.2314781678226,0.0,1,0,0.0,0
90,108060,170.0,247.50628138890244,False,585.4079772917377,0.0,0,0,0.0,0
184,806821384,865.0,847.22797766741,True,3733.9468827538976,270.0,10,5,8.69528326497975,0
57,25257810,615.0,663.5968002068153,False,2769.883201085779,150.0,4,6,5.2322830676361995,0
288,25533578,705.0,733.9962065483342,False,3139.4800843787543,190.0,6,11,8.321765165604498,0
232,1025502817,390.0,464.8219222532992,False,1726.3150918298206,60.0,1,6,5.580300532251241,0
7,25256620,250.0,324.96718382785406,False,992.0777150962338,20.0,1,0,0.3505704398010384,0
58,25472654,545.0,547.0698497951173,False,2158.1167114243663,185.0,1,13,7.920483949942606,0
189,11751472416,330.0,399.4208584716274,False,1382.9595069760444,50.0,1,2,1.5156802258798878,0
131,13349587,540.0,589.5147192299386,False,2380.952275957177,125.0,4,3,3.4408405652678096,0
68,4222962219,420.0,490.9122711504398,False,1863.2894235398094,75.0,4,2,1.2625296235317163,0
38,8787730925,505.0,556.3403491855511,False,2206.7868332241437,115.0,2,13,8.8048857394928,0
203,2441107350,390.0,446.25379088377144,False,1628.8324021398003,75.0,4,4,4.529704979889958,0
261,108045,930.0,736.9336901404183,True,3154.901873237191,555.0,4,11,15.745034122432537,0
119,2450775063,360.0,437.4737327639718,False,1582.7370970108514,50.0,3,1,1.0228202500805867,0
98,25474562,455.0,510.3695200874606,False,1965.439980459168,95.0,4,2,2.5184008970289717,0
72,6356649633,480.0,552.6396728199234,False,2187.358282304597,90.0,4,3,2.918265080640474,0
59,109838,810.0,782.3254983742395,True,3393.208866464759,260.0,4,12,10.399803302163741,0
26,25503725,295.0,379.89477782869625,False,1280.4475836006552,25.0,2,1,0.9035991436674768,0
102,1166056970,270.0,363.42259347513,False,1193.968615744432,15.0,2,0,0.6499772150737677,0
259,6173783039,250.0,338.1231084977829,False,1061.1463196133602,10.0,0,0,0.3429326576198496,0
15,1700140657,540.0,553.7499233050028,False,2193.187097351264,175.0,7,18,18.778768097123592,0
82,21665140,765.0,672.620313388664,True,2817.256645290489,465.0,3,19,15.836894561249377,0
285,1646306203,945.0,844.8456137320633,True,3721.4394720933324,585.0,5,10,8.199829314500407,0
260,25503707,290.0,378.7876451790653,False,1274.6351371900928,20.0,5,0,0.49558828877977806,0
228,5568839679,735.0,643.9524005954772,True,2666.750103126256,480.0,4,17,15.377629518638834,0
107,1667203523,610.0,599.8072108225366,True,2434.9878568183162,195.0,4,28,50.55923103386155,13
124,2191480791,165.0,265.70826472595684,False,680.9683898112733,0.0,1,0,0.0,0
238,1667203556,290.0,373.6475575312066,False,1247.6496770388342,25.0,1,1,1.6974268286479277,0
73,1316072128,135.0,242.98342811773838,False,561.6629976181265,0.0,1,0,0.0,0
21,456363903,535.0,591.9606027028824,False,2393.7931641901323,120.0,3,3,5.1994513984615764,0
11,1667118171,310.0,378.53641342740644,False,1273.3161704938832,45.0,4,4,3.750153120288931,0
133,10845640242,370.0,427.3920747811639,False,1529.80839260111,70.0,1,0,1.2327117493326776,0
75,25498827,860.0,846.1275703829747,True,3728.1697445106156,265.0,5,6,5.146047356439102,0
89,9521033,385.0,452.73070587560653,False,1662.8362058469343,65.0,6,3,2.0729592315227476,0
161,8146829426,200.0,300.2032052523304,False,862.0668275747345,0.0,2,0,0.0,0
231,2191480791,1050.0,993.6683790581249,True,4502.758990055156,350.0,8,9,5.406923234062679,0
219,6521923987,470.0,524.75239018118,False,2040.9500484511937,100.0,5,7,4.652632077462011,0
172,25501065,315.0,376.1792297016841,False,1260.940955933841,70.0,3,1,1.577438560346943,0
215,10983187054,455.0,482.3901963802486,False,1818.5485309963046,135.0,3,4,6.240914023152542,0
74,12391355483,525.0,565.1918532275891,False,2253.257229444842,125.0,4,5,1.9845114387654375,0
78,109717,715.0,725.2019630712693,False,3093.3103061241636,205.0,5,3,2.32940138952792,0
196,1493458889,685.0,703.3971728739424,False,2978.835157588198,190.0,5,3,3.567632035531246,0
191,168272,255.0,315.3644486634749,False,941.663355483243,30.0,2,2,1.467505292497558,0
113,1616122178,655.0,701.3692571229172,False,2968.1885998953153,160.0,8,2,3.511138771078433,0
63,25476020,520.0,571.8862919767926,False,2288.403032878159,115.0,5,3,3.8334247252198557,0
245,9513010,710.0,609.4648353970218,True,2485.690385834365,525.0,4,15,10.809974789463467,0
257,10544188931,445.0,493.6153622115892,False,1877.4806516108424,445.0,2,52,63.19240301434526,0
79,1667118171,195.0,287.3122345033219,False,794.3892311424402,0.0,0,0,0.0,0
135,25496892,240.0,318.02131219372313,False,955.6118890170466,15.0,1,1,1.851824166640973,0
84,9512925,740.0,731.7320981499389,True,3127.5935152871793,250.0,4,14,11.366321545704988,0
226,5387300688,840.0,799.4379414757586,True,3483.049192747733,280.0,8,14,12.75303376869655,0
235,107806,440.0,480.35647892826637,False,1807.8715143733984,135.0,4,3,4.900806704878354,0
277,107715,340.0,427.40640129969955,False,1529.8836068234234,40.0,1,0,1.5707474077716082,0
284,9512915,645.0,638.9582092227952,True,2640.5305984196743,195.0,3,3,2.134936299880659,0
240,25501016,775.0,630.8488811596359,True,2597.9566260880865,380.0,0,11,13.24714841537373,0
1,823745,735.0,745.9545534648973,False,3202.2614056907114,210.0,6,3,2.871568906474189,0
156,25533613,870.0,882.3483881384742,False,3918.3290377269896,250.0,8,8,9.890556482890984,0
150,4215728338,200.0,293.29817798037686,False,825.815434396978,0.0,3,0,0.0,0
81,2191480791,1010.0,975.5173080394682,True,4407.465867207204,325.0,8,1,4.239700833218803,0
144,12398519156,470.0,531.9320435706549,False,2078.6432287459384,95.0,7,0,1.9062266242143984,0
213,25472904,200.0,297.0359893608998,False,845.438944144724,0.0,5,0,0.0,0
145,271242424,895.0,894.9855666855191,False,3984.674225098976,265.0,15,8,10.18436247317638,0
177,351771449,835.0,809.2627505897808,True,3534.629440596348,290.0,6,17,12.95292981124976,0
254,6313625295,400.0,457.2521712812555,False,1686.573899226592,110.0,2,11,9.199980814892662,0
50,4702603702,315.0,378.5908750847477,False,1273.602094194925,45.0,4,0,1.3195967613265547,0
39,200043,180.0,281.2828239800322,False,762.7348258951694,0.0,1,0,0.0,0
46,4784457213,435.0,468.912390557785,False,1747.790050428371,105.0,5,6,6.383053044187611,0
44,1684410105,840.0,686.252086614446,True,2888.823454725841,450.0,7,21,17.670284967180997,0
157,2587253639,515.0,570.241325795502,False,2279.7669604263856,115.0,5,7,7.647994381103704,0
66,14069294213,340.0,411.7089617806098,False,1447.472049348201,50.0,3,2,1.396848787133364,0
179,9791495,585.0,624.3383918544168,False,2563.77655723569,145.0,4,3,4.506742823726807,0
94,25471086,555.0,580.2321883581121,False,2332.2189888800876,145.0,5,12,8.618234581889178,0
253,1607738730,420.0,483.68663803956656,False,1825.354849707725,80.0,1,0,1.832727272727273,0
175,30939233,455.0,482.9672947519457,False,1821.5782974477156,115.0,2,10,9.312868733523072,0
181,2441107350,315.0,391.932630617079,False,1343.6463107396637,40.0,4,0,0.0,0
287,108059,420.0,473.0153163426096,False,1769.3304107987008,85.0,3,4,4.658782834996842,0
95,292252720,630.0,669.0533629455576,False,2798.5301554641774,160.0,9,26,33.21073199821241,0
56,9521022,700.0,599.356548439205,True,2432.621879305826,280.0,5,9,6.531344686897786,0
193,25496892,565.0,613.7587464232031,False,2508.233418721816,135.0,1,3,5.040590673596716,0
49,26559620,365.0,440.14590429340024,False,1596.7659975403515,55.0,2,2,2.1367635881303033,0
32,1684410113,645.0,646.0586892704355,False,2677.808118669788,190.0,6,3,2.9380766070203364,0
272,7787603288,795.0,811.9703096766084,False,3548.8441258021962,225.0,6,6,6.034582047948539,0
256,25502544,265.0,341.51011668011176,False,1078.9281125705866,25.0,1,3,2.5502321965651493,0
163,9176400299,620.0,618.4063508618569,False,2532.6333420247483,185.0,2,9,4.579649350216722,0
69,4709189403,750.0,759.9693442177062,False,3275.839057142957,215.0,4,2,3.2692235431152206,0
101,3531897238,445.0,517.8861060008912,False,2004.9020565046792,80.0,2,3,2.489376332356925,0
292,25496892,715.0,709.295284137734,True,3009.8002417231037,240.0,5,10,7.252949005397283,0
249,534993866,300.0,370.24713958935433,False,1229.7974828441108,40.0,4,0,0.8424826561723168,0
242,1684410086,560.0,578.9291299037463,False,2325.377931994669,155.0,12,3,5.506044741493455,0
67,21651765,225.0,315.53243939450863,False,942.5453068211702,0.0,3,0,0.0,0
178,9791482,250.0,319.1892878396087,False,961.7437611579455,45.0,2,3,1.6416775354953985,0
239,1685938727,420.0,473.61089213332883,False,1772.4571836999773,85.0,2,15,31.615903890553927,9
55,9791487,220.0,319.1718083609739,False,961.6519938951128,0.0,2,0,0.0,0
121,9512940,375.0,448.40241346416974,False,1640.1126706868906,60.0,3,7,5.016271687165026,0
8,102025,890.0,849.2189833696525,True,3744.399662690676,300.0,5,14,14.141267891653458,0
251,25472666,410.0,488.57452545666865,False,1851.0162586475114,65.0,4,8,4.286059638804334,0
99,6173783039,780.0,766.3008819717784,True,3309.0796303518364,240.0,8,21,19.951011314120983,0
281,13346540423,275.0,351.15263035861176,False,1129.5513093827112,25.0,1,0,0.5764127695071386,0
22,1685938740,385.0,446.8281860801271,False,1631.8479769206674,70.0,2,3,3.9079374334067776,0
115,2476787985,255.0,343.6515242228476,False,1090.1705021699502,10.0,3,1,0.7597461243134429,0
41,317930325,385.0,447.2264830469143,False,1633.9390359962995,70.0,1,6,3.8189444053463535,0
112,1614949613,640.0,676.8047209685209,False,2839.2247850847334,165.0,1,8,7.45179372530605,0
164,5387300688,480.0,540.7868478150439,False,2125.1309510289802,100.0,3,1,2.399645754958975,0
267,2047806108,385.0,453.0208042208073,False,1664.3592221592378,65.0,4,12,13.530585168338007,0
218,2784682596,880.0,695.816793870592,True,2939.0381678206104,555.0,6,19,14.973349288245597,0
167,25533578,765.0,752.400116346887,True,3236.1006108211586,235.0,6,7,4.989611230441458,0
126,2441998875,550.0,593.737353915064,False,2403.121108054085,130.0,1,4,3.416646100300687,0
4,13906740170,840.0,851.3546104389036,False,3755.611704804244,240.0,6,6,5.604393591086247,0
248,108299,1070.0,1040.4943930145955,True,4748.595563326626,375.0,15,13,11.116594271814346,0
5,1667203511,665.0,677.0472194589669,False,2840.4979021595755,195.0,7,6,5.20755151976711,0
279,8421658424,480.0,535.7374284709329,False,2098.6214994723978,100.0,4,2,2.529779062734483,0
207,255562,495.0,515.2978724851695,False,1991.3138305471396,145.0,3,12,11.269736811447913,0
54,534993866,550.0,597.5925079497205,False,2423.3606667360323,130.0,4,6,6.943198203253935,0
221,21665031,255.0,332.43334400234244,False,1031.2750560122972,20.0,2,2,1.4448092039151046,0
136,1666324140,615.0,647.2671266357356,False,2684.1524148376116,160.0,8,10,4.388231934022609,0
216,25544136,625.0,662.1831450329086,False,2762.4615114227695,160.0,2,3,4.692234996938162,0
147,6065422037,310.0,340.325769076253,False,1072.7102876503282,100.0,3,6,5.108643268420832,1
42,107349,280.0,365.0870528312538,False,1202.7070273640825,20.0,6,0,0.5631452136891084,0
202,21665911,660.0,684.1132257637817,False,2877.5944352598526,660.0,7,39,38.57900951541094,0
96,1685938740,305.0,383.43313577230947,False,1299.0239628046245,35.0,2,0,0.5657650501730059,0
141,110004,925.0,837.7286054355181,True,3684.0751785364696,475.0,3,18,16.417740339880254,0
70,1614846711,1020.0,840.1834952058512,True,3696.963349830719,550.0,6,13,14.908148975784346,0
86,4347844132,595.0,630.333316574588,False,2595.2499120165885,150.0,6,2,1.676819338302522,0
263,4170421482,335.0,408.06444392814956,False,1428.3383306227854,45.0,3,1,1.244825156024154,0
244,1678452766,360.0,424.7659546159197,False,1516.0212617335783,60.0,2,1,0.7922731625767672,0
255,25472162,485.0,533.5797640372004,False,2087.2937611953025,110.0,3,7,7.591915696310348,0
237,5398463417,860.0,846.2611692494324,True,3728.87113855952,265.0,8,8,7.370250226029825,0
10,25472669,990.0,934.7938413996498,True,4193.66766734816,335.0,5,5,5.73233606822398,0
259,1667203543,185.0,278.5574928851631,False,748.4268376471063,0.0,1,0,0.0,0
130,435144778,1125.0,1079.698740628002,True,4954.418388297009,375.0,10,7,6.843328335947435,0
109,11175085829,1035.0,865.9667543014616,True,3832.325460082672,460.0,6,15,9.766305357225917,0
185,2441998875,515.0,564.6480631077173,False,2250.4023313155158,115.0,4,9,5.158665412798614,0
58,9046520718,225.0,313.58503647192765,False,932.3214414776198,5.0,2,1,0.2021896102458479,0
47,25498869,925.0,834.6615043247532,True,3667.9728977049535,340.0,5,5,3.055656863328396,0
79,107324,145.0,250.15681313847665,False,599.3232689770022,0.0,0,0,0.0,0
268,2586635284,490.0,556.53872030728,False,2207.828281613219,100.0,5,1,2.271596057954316,0
14,1685938740,290.0,373.94287869340945,False,1249.2001131403995,25.0,3,1,2.072874790919959,0
230,25470679,250.0,338.6582295518954,False,1063.9557051474503,10.0,1,0,0.25658289216431124,0
16,6777627310,960.0,806.4232450822425,True,3519.722036681772,395.0,6,15,9.773613667350904,0
139,1607738730,545.0,584.8648761242788,False,2356.5405996524637,135.0,5,5,6.490933045359783,0
83,358992920,725.0,606.8626974653222,True,2472.029161692941,370.0,2,3,3.5525000000000007,0
97,1607738730,730.0,754.868627720917,False,3249.060295534816,200.0,6,14,12.392180451339827,0
31,25473373,515.0,578.0788690237238,False,2320.9140623745493,110.0,5,3,1.661711186789524,0
174,534993866,330.0,396.3401732593373,False,1366.785909611521,50.0,1,3,3.1109410928657204,0
46,25498869,135.0,242.4708547237915,False,558.9719872999053,0.0,2,0,0.0,0
71,5932875003,405.0,466.45593421193047,False,1734.893654612635,75.0,3,1,2.126251459153079,0
291,6312042614,925.0,902.6586310255503,True,4024.9578128841385,310.0,7,9,9.542071269547261,0
186,11747638084,965.0,824.0719786371516,True,3612.377887845046,410.0,5,9,10.393556874217659,0
60,1678452820,350.0,401.93326481955825,False,1396.1496403026815,65.0,5,8,5.335564229903366,0
261,25502834,235.0,322.648920895891,False,979.9068347034279,5.0,0,0,0.4312036367559772,0
243,5922202129,665.0,680.0645736245117,False,2856.339011528685,210.0,6,8,7.878103898170455,0
68,1938580083,255.0,340.98214019497345,False,1076.1562360236103,15.0,1,3,3.0860016147365523,0
109,2314788166,40.0,162.8974588088629,False,141.21165874653008,0.0,0,0,0.0,0
87,25544136,645.0,687.0402042889682,False,2892.9610725170833,160.0,4,6,5.26041684528138,0
104,25472806,640.0,670.2072043071395,False,2804.587822612482,170.0,12,5,2.719989071382693,0
172,9512924,190.0,278.37916481709715,False,747.49061528976,0.0,2,0,0.0,0
53,1309470394,945.0,787.5240456892841,True,3420.50123986874,450.0,7,12,16.40854490684434,0
158,7944696977,405.0,471.6671437889185,False,1762.2525048918217,70.0,4,4,3.0712189644650736,0
34,10544188928,800.0,667.2580272637953,True,2789.1046431349246,440.0,5,12,11.616140246175446,0
91,2214957485,540.0,594.0490853437724,False,2404.7576980548056,120.0,8,2,2.310098174417394,0
64,1614846678,675.0,691.5618203029491,False,2916.699556590482,190.0,6,14,12.876201030978535,0
121,1685938656,130.0,238.4129972052282,False,537.6682353274479,0.0,0,0,0.0,0
24,107987,800.0,813.8014530004393,False,3558.4576282523067,230.0,7,8,7.82803788953015,0
289,9791156,320.0,386.89990864734386,False,1317.2245203985551,45.0,4,0,0.0,0
274,25524243,320.0,405.16966163578587,False,1413.1407235878762,35.0,0,0,1.0234123602185738,0
65,9522438169,655.0,684.9173156755355,False,2881.8159072965595,175.0,3,5,3.5691360914793258,0
27,25472873,715.0,584.3417254944455,True,2353.7940588458387,390.0,3,12,9.124330380144432,0
61,823745,890.0,856.8976098618158,True,3784.7124517745333,300.0,4,1,4.357579213311042,0
143,8787730925,820.0,836.8725897885679,False,3679.5810963899826,230.0,10,19,19.112402055772115,0
148,1700140657,685.0,706.2134765362617,False,2993.6207518153733,190.0,7,7,4.96915193292782,0
92,27503587,1260.0,1026.8490463545274,True,4676.9574933612685,775.0,9,8,4.008189072957434,0
290,5393414954,425.0,468.6955654678152,False,1746.6517187060294,425.0,1,33,33.892174856588035,0
118,534993866,500.0,562.8438549643383,False,2240.930238562776,105.0,1,2,2.053114905189373,0
3,3456413131,595.0,592.0270368761938,False,2394.1419436000187,180.0,4,1,2.290538444477212,0
213,1667203491,205.0,290.54150421913533,False,811.3428971504602,0.0,0,0,0.0,0
266,454373621,410.0,484.35725565465555,False,1828.875592186942,70.0,4,2,1.2445628796553903,0
132,13329450969,395.0,472.550920924916,False,1766.8923348558087,60.0,6,0,0.6726554482318646,0
265,3561398893,465.0,529.0943848879789,False,2063.74552066189,90.0,1,6,6.515696598797139,2
9,1611442272,525.0,562.3918902410227,False,2238.557423765367,130.0,6,8,6.1341236983339815,0
182,21392084,700.0,631.8918729962315,True,2603.432333230216,480.0,4,4,6.544438968452283,0
217,108329,930.0,904.9039321595967,True,4036.7456438378845,310.0,13,12,11.293350516514423,0
108,500486430,425.0,481.64514012624534,False,1814.6369856627887,85.0,6,9,4.6115245009998445,0
282,25473616,740.0,732.2499059496765,True,3130.312006235801,225.0,6,6,7.787654079703849,0
199,2482696992,515.0,541.3865121614366,False,2128.2791888475426,515.0,7,28,36.155182871818724,3
203,108899,310.0,396.0784048135522,False,1365.4116252711488,30.0,5,1,0.43982422034639046,0
188,21666007,415.0,467.943522271747,False,1742.703491926672,85.0,1,5,4.697207688183085,0
146,25306041,710.0,689.1756918909763,True,2904.1723824276255,225.0,4,25,30.98777077859982,0
232,10544188931,335.0,395.05043143560306,False,1360.0147650369163,335.0,3,47,55.68616832569825,0
37,1614926339,530.0,578.1530555617007,False,2321.30354169893,125.0,6,1,2.527031921391935,0
138,25472162,680.0,713.8986142678459,False,3033.9677249061924,180.0,10,10,5.386177635374421,0
149,6521883874,505.0,566.2987158194898,False,2259.0682580523217,105.0,8,3,1.885925173340969,0
12,6355365939,375.0,435.5443823097562,False,1572.6080071262197,70.0,3,14,19.18908709459982,0
209,2441998875,605.0,616.9103665154006,False,2524.779424205853,170.0,4,3,5.137010101762295,0
201,1614846692,520.0,566.2655533355008,False,2258.8941550113796,120.0,2,3,3.23345762662794,0
286,4956890447,605.0,649.5282212737748,False,2696.0231616873184,150.0,1,4,2.8363266589627187,0
205,1938580083,430.0,451.13726110245625,False,1654.4706207878953,110.0,5,4,1.6081062975582554,0
198,25257810,970.0,822.1607003991205,True,3602.3436770953804,410.0,5,6,8.75045273896949,0
252,351771449,485.0,510.4700251284481,False,1965.9676319243526,160.0,3,0,2.41151328622273,0
236,25473375,665.0,665.6848325140987,False,2780.845370699019,195.0,6,3,2.8748697819080093,0
126,489796745,185.0,284.2032084042957,False,778.0668441225521,0.0,1,0,0.0,0
210,1278032912,690.0,665.7038174189126,True,2780.945041449292,280.0,4,6,5.657922216875456,0
31,26699545,115.0,226.582153946385,False,475.5563082185213,0.0,1,0,0.0,0
18,3552338823,720.0,731.2166893600174,False,3124.8876191400923,205.0,5,8,5.220252169778084,0
55,25505558,215.0,303.6318080687692,False,880.0669923610382,0.0,2,0,0.0,0
57,2476787985,375.0,410.4889470425924,False,1441.0669719736097,95.0,3,2,1.3964050153346486,0
235,25470694,280.0,360.85814227892615,False,1180.505246964362,25.0,1,1,0.7919263843068796,0
122,3567188665,1260.0,1062.8734600276048,True,4866.08566514492,745.0,4,4,4.502335725986862,0
184,1666324140,385.0,460.19492404510584,False,1702.0233512368054,60.0,1,1,1.47,0
135,1667203491,290.0,364.61686573736506,False,1200.238545121167,30.0,2,3,2.966580274377377,0
230,12725097483,140.0,232.32320934136348,False,505.6968490421582,0.0,1,0,0.0,0
269,5838132444,760.0,726.2399463261949,True,3098.7597182125214,250.0,7,6,3.2769228586981485,0
117,1619500281,555.0,572.3831624184726,False,2291.0116026969827,150.0,5,7,8.09446905943368,0
45,4301399715,400.0,453.0934228495337,False,1664.7404699600515,80.0,3,3,2.0885606123915563,0
250,108299,870.0,893.7900263849175,False,3978.397638520816,240.0,4,10,10.571361535672326,0
152,6273263209,430.0,505.08804020001736,False,1937.7122110500916,75.0,6,1,2.1306136155688327,0
180,2215490967,575.0,585.0847197019162,False,2357.694778435062,220.0,7,8,8.562227759213913,0
211,109836,455.0,485.8526417346329,False,1836.726369106824,110.0,0,4,4.987172441182803,0
128,25471089,435.0,474.6475925678229,False,1777.8998609810699,105.0,1,0,0.8416984030212666,0
28,108216,990.0,937.6105970069377,True,4208.455634286422,330.0,7,4,5.328172932655157,0
264,26845543,710.0,669.9325016306129,True,2803.145633560717,285.0,3,7,8.549240708508973,0
15,26573672,370.0,447.75775640649135,False,1636.72822113408,55.0,4,4,2.7885670578674713,0
134,603751942,440.0,501.9909501117502,False,1921.452488086689,85.0,3,12,9.217554508466515,0
207,1619527484,215.0,311.88764460826746,False,923.410134193404,0.0,2,0,0.0,0
101,9778345904,270.0,349.3048891819585,False,1119.8506682052828,25.0,3,2,1.439692884003664,0
223,1685938740,560.0,615.0970796021714,False,2515.2596679113994,125.0,2,2,2.79542871944026,0
7,107809,405.0,443.53989134132775,False,1614.584429541971,90.0,3,4,4.266356120448574,0
33,25533437,540.0,591.4158409306777,False,2390.933164886057,125.0,4,5,4.2923618244998964,0
241,25495450,1075.0,878.4731381940694,True,3897.983975518859,460.0,4,14,22.458392508277488,0
155,383974166,735.0,674.271501619653,True,2825.925383503178,260.0,7,2,3.3277214363647643,0
161,1115431319,335.0,412.3778302978137,False,1450.9836090635215,45.0,1,2,1.8509198900241897,0
4,107818,230.0,314.5397272789512,False,937.3335682144939,5.0,0,1,1.7657929394422918,1
283,25470679,445.0,476.93488291748673,False,1789.9081353168049,110.0,4,3,5.4763149854863835,0
35,11747638084,440.0,505.31364803845395,False,1938.8966522018839,85.0,4,7,6.019988936306577,0
73,9512935,360.0,424.94196928794474,False,1516.9453387617098,60.0,2,3,3.695818497090053,0
20,1215418697,910.0,764.9603867810498,True,3302.0420306005044,370.0,5,22,16.8600311382399,0
94,9512928,310.0,386.6160967023616,False,1315.7345076873978,35.0,3,1,1.231231715472509,0
215,21665585,350.0,425.0981998251775,False,1517.7655490821817,50.0,1,5,3.2834222765739147,0
127,2214957485,690.0,672.012567437772,True,2814.065979048303,270.0,4,10,5.302930288316757,0
2,25533321,810.0,815.4514719829683,False,3567.120227910582,255.0,4,9,8.735404955693577,0
173,7684091166,525.0,563.0326665019996,False,2241.921499135499,130.0,2,7,6.236498402816594,0
191,21665582,350.0,414.2122794932756,False,1460.614467339697,350.0,2,41,49.6945495145183,0
52,12264307320,585.0,633.0528464643542,False,2609.52744393786,140.0,5,10,8.374743790467235,0
277,6378017135,340.0,408.57752779346447,False,1431.032020915688,50.0,2,2,2.029572716995647,0
272,9475528,310.0,388.5426337372497,False,1325.8488271205604,35.0,3,1,0.8077677976233202,0
168,11747638084,1015.0,883.6653611302686,True,3925.243145933913,410.0,6,11,10.612813617456958,0
226,1619354114,350.0,424.8464394797404,False,1516.443807268637,50.0,4,5,1.9937403891917267,0
162,110031,555.0,611.1915442376535,False,2494.755607247682,125.0,4,3,2.8819969290608625,0
267,21533908,280.0,370.63134841639817,False,1231.81457918609,20.0,2,0,0.32760297578419656,0
124,21533908,405.0,472.23128995487536,False,1765.2142722630963,70.0,6,2,4.189105648517724,0
6,298205891,810.0,797.9428688480069,True,3475.200061452037,250.0,7,11,14.303168766848332,0
103,25257657,615.0,549.2122412310092,True,2169.364266462798,250.0,2,4,3.6607904134107527,0
89,9791495,390.0,466.80306076048873,False,1736.7160689925656,60.0,1,2,0.7750937044086379,0
245,9522438146,375.0,433.6096590520514,False,1562.4507100232695,70.0,1,0,0.0,0
260,9521031,425.0,484.8462971236752,False,1831.4430598992938,85.0,3,1,1.3173075268163335,0
261,25502541,205.0,296.29603866482347,False,841.5542029903233,10.0,0,0,0.0,0
21,25472904,405.0,453.5773001209875,False,1667.2808256351836,85.0,4,10,11.95262855672534,0
120,351788581,700.0,719.5466787298751,False,3063.6200633318426,195.0,7,8,7.267500629765693,0
225,25500126,805.0,663.2983929942943,True,2768.3165632200457,400.0,6,5,8.900297270253496,0
29,9789819,680.0,678.1876993798,False,2846.485421743951,240.0,4,6,3.3568296769333057,0
110,1614846692,765.0,772.6220666245392,False,3342.2658497788316,220.0,4,7,4.99433330643821,0
129,21665912,570.0,588.1370244190717,False,2373.719378200128,155.0,4,7,4.673656200087959,0
137,12346819547,545.0,578.7237173249232,False,2324.2995159558463,135.0,2,11,14.148904374429902,0
280,7279228683,715.0,746.0895553834862,False,3202.970165763302,190.0,4,7,8.218910305530237,0
81,1694551549,385.0,443.6740203718657,False,1615.2886069522963,70.0,2,1,0.8210155730796365,0
145,1678452820,385.0,438.1389083355143,False,1586.2292687614504,75.0,1,4,6.594336402655005,0
169,12346819547,545.0,578.345795432005,False,2322.3154260180263,140.0,6,12,14.788807970169835,0
154,7684091168,1060.0,898.1305075868736,True,4001.185164831085,430.0,14,13,13.786261343783707,0
208,25256256,700.0,700.8944853689227,False,2965.696048186844,240.0,7,21,20.67074924311254,0
212,1614926333,945.0,901.2635909917092,True,4017.633852706473,310.0,5,17,10.567058734932324,0
279,456363903,310.0,365.1354096218952,False,1202.9609005149496,50.0,1,10,13.288942670684026,1
99,25470679,330.0,382.48933685045324,False,1294.0690184648795,60.0,5,6,6.7038077841652735,0
13,1678452820,605.0,564.6062070813222,True,2250.1825871769406,250.0,5,4,3.871683207412629,0
53,2271422636,220.0,313.2141223151622,False,930.3741421546016,0.0,1,0,0.0,0
176,2441998875,615.0,548.5034878700052,True,2165.6433113175267,365.0,5,19,18.966470004553567,0
23,25473293,800.0,658.3368591775779,True,2742.268510682281,350.0,4,11,7.813808392748684,0
85,1607738730,610.0,633.8974560619122,False,2613.961644325041,165.0,4,26,31.198191164653135,0
69,25500809,370.0,440.5694199190209,False,1598.9894545748596,60.0,2,3,1.916287205172759,0
278,108060,690.0,670.3865577656816,True,2805.529428269829,295.0,6,12,5.552005431074008,0
220,500486430,690.0,707.1732979283695,False,2998.659814123939,190.0,3,4,5.146625206675389,0
158,9791489,225.0,319.46849207334645,False,963.2095833850692,0.0,2,0,0.0,0
242,5932959891,365.0,437.2988123439569,False,1581.8187648057735,55.0,2,0,0.5871168926871868,0
50,25257028,400.0,444.3520324060812,False,1618.8481701319263,85.0,2,1,2.4231563092403556,0
142,9371260474,850.0,709.844937188246,True,3012.6859202382916,465.0,6,18,15.665880404892187,0
106,26699545,645.0,623.8958510885926,True,2561.4532182151115,285.0,4,7,8.435177373105146,0
276,1620855375,805.0,808.0876685902172,False,3528.4602600986404,235.0,9,5,6.449597933721819,0
140,21665360,575.0,498.79723934298903,True,1904.6855065506927,345.0,3,8,10.172946052075023,0
151,1667203491,835.0,744.1001939529399,True,3192.526018252935,385.0,3,5,4.2230882887797785,0
258,1685751707,1025.0,860.781212176084,True,3805.1013639244425,435.0,6,12,10.921480234739924,0
233,5838132444,675.0,709.3750445190816,False,3010.218983725177,175.0,5,3,4.645578086312566,0
178,108305,385.0,464.2291164625367,False,1723.2028614283167,60.0,3,1,1.7948930024665983,0
111,338501923,725.0,603.308623856077,True,2453.370275244404,410.0,2,6,9.539270348085894,0
10,25473260,320.0,397.54807916909454,False,1373.1274156377465,40.0,2,3,2.163571846985854,0
132,21665911,220.0,294.0374080205041,False,829.6963921076464,220.0,2,10,10.44072381726305,0
246,2314788166,740.0,710.7793107459901,True,3017.591381416446,240.0,8,14,18.465948485808585,0
136,21665912,360.0,426.4512482451612,False,1524.8690532870955,60.0,2,6,4.046368183323141,0
116,25473373,875.0,747.743389472089,True,3211.652794728468,440.0,5,10,12.736497880004055,0
115,1694551549,380.0,440.5756012853024,False,1599.0219067478376,70.0,3,7,6.56535223341884,0
257,25544138,460.0,521.8771419138257,False,2025.8549950475838,90.0,5,0,1.2593038820513134,0
33,21665584,145.0,242.0479429894485,False,556.7517006946046,0.0,1,0,0.0,0
229,11456439398,1070.0,874.3362189986146,True,3876.2651497427305,760.0,5,20,27.113722825486708,0
84,383974166,470.0,495.2128094699649,False,1885.8672497173152,155.0,2,8,11.474704514915492,0
30,2214979340,810.0,804.8621161960054,True,3511.52611002903,295.0,5,10,7.900689425707609,0
263,1616122178,355.0,421.7681533406603,False,1500.282805038467,55.0,2,1,1.9377854622115072,0
129,25472680,85.0,201.0679071167748,False,341.6065123630676,0.0,1,0,0.0,0
287,4684520668,450.0,523.7519890584067,False,2035.6979425566358,80.0,3,0,1.0894257171479866,0
264,5568839679,170.0,273.9554177153396,False,724.2659430055331,0.0,0,0,0.0,0
134,5034506700,165.0,262.8678908728232,False,666.0564270823219,0.0,1,0,0.0,0
200,7889967240,645.0,679.0559265172323,False,2851.0436142154695,165.0,6,13,15.171597008394516,0
73,11751472416,150.0,254.60657168935592,False,622.6845013691186,0.0,0,0,0.0,0
25,6943750656,800.0,788.4128122766974,True,3425.1672644526625,245.0,6,16,15.456197241184693,0
247,4955757618,640.0,621.7123682667533,True,2549.989933400456,200.0,8,7,7.293463227545457,0
281,25544136,420.0,461.65062686905713,False,1709.6657910625497,95.0,3,6,4.564686267777882,0
130,452589682,360.0,438.4968660644223,False,1588.1085468382166,50.0,2,6,9.873587849913198,2
227,972535469,950.0,962.5811047771703,False,4339.550800080144,275.0,11,9,5.623773137219466,0
189,25620550,580.0,606.8943495907544,False,2472.1953353514605,155.0,4,2,3.4679058837277146,0
266,1611082164,265.0,350.3964896011842,False,1125.581570406217,15.0,3,3,4.196897052042826,0
135,454212847,200.0,294.85494758229333,False,833.9884748070402,0.0,4,0,0.0,0
107,5398463417,545.0,587.1424288637583,False,2368.4977515347327,130.0,1,1,1.7328196117515697,0
133,107793,525.0,551.2953271091833,False,2180.300467323211,160.0,5,3,1.9117088772175541,0
95,6827965363,470.0,500.9304232183954,False,1915.884721896576,150.0,3,4,4.7410529672901385,0
106,2482696992,70.0,186.51321147935212,False,265.1943602665986,70.0,1,13,20.88281512826192,3
159,107823,790.0,704.9058811665664,True,2986.755876124472,395.0,2,13,10.318632821695061,0
76,25472589,1035.0,958.5075034872293,True,4318.164393307955,360.0,13,6,5.2972199099031805,0
209,26817585,250.0,342.08277268291323,False,1081.9345565852939,10.0,1,0,0.20454212509008798,0
97,9498441980,350.0,420.10936070230366,False,1491.5741436870942,55.0,3,1,1.7976127269600761,0
156,26699551,505.0,551.6952706107504,False,2182.4001707064394,155.0,6,9,9.711364847959196,0
100,3455988435,970.0,881.3315085831114,True,3912.9904200613364,350.0,10,15,13.480984451813937,0
131,107860,605.0,620.9573357125108,False,2546.0260124906804,170.0,9,5,4.2088899805201585,0
249,9512915,465.0,459.4103291530477,True,1697.904228053501,250.0,1,16,14.82624204100828,0
56,25256330,490.0,530.7136733955009,False,2072.2467853263793,115.0,0,3,2.685487173869176,0
217,25257284,290.0,376.0313316083539,False,1260.1644909438573,25.0,1,1,2.008659244113592,0
77,2191480791,835.0,799.7218881289014,True,3484.539912676732,310.0,6,8,12.125369469190987,0
267,25471089,165.0,257.45255194244373,False,637.6258976978296,0.0,1,0,0.0,0
17,25474664,1020.0,1008.929760190888,True,4582.881241002163,310.0,12,13,11.690468849733547,0
221,21665584,430.0,495.9137716695639,False,1889.5473012652105,80.0,3,0,0.9672546125139319,0
44,107809,505.0,536.5004419993927,False,2102.627320496812,175.0,6,2,3.6217810488323576,0
206,4712556962,800.0,634.7477541488576,True,2618.425709281499,390.0,4,14,12.845756107735632,0
19,108014,770.0,788.8936448359607,False,3427.6916353887955,215.0,8,5,9.47659458299932,0
51,25495442,965.0,867.7769672411571,True,3841.829078016077,370.0,14,6,5.988320893604982,0
72,107793,605.0,587.534066981117,True,2370.5538516508636,210.0,8,9,8.12658720959112,0
58,3531897238,395.0,461.938122885902,False,1711.1751451509854,70.0,2,0,3.2236323327602547,0
275,25473371,835.0,828.8651814116747,True,3637.5422024112922,250.0,8,12,7.839907914975584,0
143,107320,330.0,397.2228801863789,False,1371.4201209784894,50.0,1,0,1.2361765775595563,0
192,14077667431,680.0,711.1096846663293,False,3019.325844498228,180.0,7,7,4.1869527517399865,0
128,108252,235.0,329.21736029606063,False,1014.391141554318,0.0,0,0,0.0,0
225,25473373,165.0,262.1237374496087,False,662.1496216104455,0.0,1,0,0.0,0
102,10544188928,615.0,603.3123697288179,True,2453.389941076294,190.0,5,7,6.087897032638823,0
291,21665006,390.0,420.273028305315,False,1492.433398602904,120.0,4,10,17.232426254421863,4
126,108260,285.0,367.5290241234341,False,1215.527376648029,25.0,2,1,0.7161865248971071,0
32,108901,525.0,565.3531315607048,False,2254.103940693701,125.0,9,8,5.657409409694844,0
163,25500900,520.0,565.1737203014349,False,2253.162031582533,120.0,5,1,3.173922093396485,0
270,25632144,900.0,895.0677048067632,False,3985.1054502355055,270.0,11,11,9.603625552447703,0
228,2271434264,615.0,643.0209000110239,False,2661.859725057876,160.0,1,11,8.862335851273384,0
144,4712556962,550.0,546.1185767655239,False,2153.1225280190006,215.0,4,9,15.258070904819695,3
195,2622783492,745.0,744.1277852894649,False,3192.670872769691,255.0,6,6,7.122865917474678,0
183,108040,1065.0,900.5309121861292,True,4013.7872889771784,510.0,6,8,12.014174819849032,0
80,1666324140,935.0,912.365248010481,True,4075.9175520550257,295.0,5,3,4.307185704015375,0
98,1678452778,640.0,615.0790105273944,True,2515.1648052688215,215.0,5,7,7.217547784660461,0
170,292252720,1045.0,1025.7963241951363,True,4671.430702024468,325.0,10,13,11.280985651374932,0
93,490253699,1010.0,805.7007850332124,True,3515.929121424366,680.0,6,7,5.182175050810009,0
292,25257321,535.0,585.9000399317046,False,2361.9752096414486,120.0,7,3,4.062079057841407,0
175,25501065,550.0,562.1402895641252,False,2237.236520211658,170.0,8,6,10.51410225711427,3
235,110004,290.0,369.95962681569205,False,1228.2880407823827,30.0,1,6,7.559570056410934,0
34,5393414954,390.0,433.6116270888979,False,1562.4610422167134,390.0,2,18,16.142469542424205,0
233,26591531,145.0,252.22937125089095,False,610.2041990671773,0.0,0,0,0.0,0
64,11331184983,385.0,447.6468327444416,False,1636.1458719083175,70.0,1,2,1.9489114805871979,0
164,25474658,505.0,550.5102833108381,False,2176.1789873818993,115.0,1,3,2.9266279837483133,0
125,1611442272,685.0,639.9966760014652,True,2645.982549007691,325.0,5,13,13.106006790894313,0
71,9512933,425.0,477.5552799903264,False,1793.1652199492135,90.0,0,4,6.357285530517414,0
246,21665582,135.0,231.90283671259664,False,503.4898927411324,135.0,0,27,56.434853840972906,15
234,10900901931,1180.0,991.364952537949,True,4490.66600082423,485.0,7,33,29.30574274454781,0
39,14791188,575.0,590.2147049905574,False,2384.6272012004256,160.0,3,2,1.6996408601468833,0
74,25498827,605.0,645.6598413336144,False,2675.714167001475,150.0,4,7,7.629934893035102,0
273,25533613,770.0,748.6406566418104,True,3216.3634473695047,245.0,7,17,18.310343386161197,0
141,4211515634,485.0,548.9126575010176,False,2167.7914518803436,100.0,2,14,20.493114945002212,2
282,8146829426,365.0,442.3718605292256,False,1608.4522677784337,55.0,5,6,5.283641425054589,0
196,11747638084,615.0,650.4739590610362,False,2700.9882850704403,155.0,7,7,5.54733013784004,0
11,110095,640.0,664.9811207778235,False,2777.150884083574,170.0,5,11,10.451371141311519,0
181,11135307178,580.0,612.5488912483731,False,2501.881679053959,150.0,1,14,13.548109659452866,0
123,295907948,865.0,772.175147815878,True,3339.919526033358,355.0,4,16,15.22091084715417,0
172,4222962185,435.0,492.33822148307655,False,1870.7756627861515,90.0,3,4,5.044716384072749,0
121,4702603699,415.0,483.1098456516038,False,1822.3266896709197,75.0,4,5,5.770947608965935,0
68,5339077113,440.0,486.182877091582,False,1838.4601047308047,95.0,1,2,0.8888265467370825,0
186,21533908,455.0,520.4128463808862,False,2018.167443499653,90.0,1,5,3.976790437165577,0
1,25257044,610.0,576.4743461336274,True,2312.490317201546,260.0,2,10,6.951610048023852,0
41,107786,545.0,577.4770859275947,False,2317.7547011198712,160.0,9,3,3.3520968901579202,0
238,26591525,660.0,669.2099708273638,False,2799.3523468436597,190.0,9,8,9.431146111018927,0
166,276071560,905.0,895.9701438005218,True,3989.843254952738,275.0,3,8,7.444294245213099,0
86,21665912,505.0,531.5413743917399,False,2076.592215556635,175.0,0,4,3.9996702781194498,0
17,110004,90.0,205.6340741734,False,365.57888941035003,0.0,0,0,0.0,0
12,12959453,365.0,426.55665071265366,False,1525.4224162414316,65.0,3,0,1.3803787878787879,0
54,21665583,530.0,572.560692659308,False,2291.943636461366,530.0,2,59,76.9845938876814,3
23,9791487,210.0,291.5676047002575,False,816.7299246763519,5.0,2,0,0.4135399024163249,0
114,25476020,960.0,982.8465675973187,False,4445.944479885927,270.0,3,5,6.061686404187362,0
19,11052055761,95.0,209.35957915845404,False,385.1377905818838,0.0,0,0,0.0,0
83,358992920,480.0,529.4597681467721,False,2065.6637827705545,105.0,2,6,8.194061161526868,0
179,21665912,610.0,616.746755622959,False,2523.920467020534,210.0,8,8,7.822709199120655,0
88,7261577394,795.0,658.687169869486,True,2744.107641814801,445.0,5,9,9.136125484688666,0
211,13329450969,335.0,408.3741333628437,False,1429.9642001549296,45.0,4,2,0.8152216403107542,0
252,452486132,385.0,447.40654429311,False,1634.8843575388282,70.0,5,1,1.0692889467917688,0
149,1614846702,395.0,464.0611301475652,False,1722.3209332747176,70.0,2,0,3.6212994628726687,0
27,25496592,445.0,518.1154054058463,False,2006.1058783806934,80.0,7,2,1.3233328924192551,0
8,1667203548,595.0,644.1923357891654,False,2668.009762893119,140.0,3,7,7.248337805332186,0
79,12437824276,510.0,568.7439629592039,False,2271.905805535822,110.0,3,5,3.101337813417297,0
204,1678452758,890.0,672.8436483534674,True,2818.429153855701,605.0,1,25,17.443443512379844,0
65,14017207475,450.0,512.4359203113521,False,1976.2885816345993,90.0,4,3,2.579352637511409,0
161,1493424643,335.0,383.5898166237007,False,1299.846537274429,65.0,2,13,22.044165351526793,4
209,25473512,140.0,243.24167485218382,False,563.0187929739652,0.0,0,0,0.0,0
226,108060,305.0,383.8883199260501,False,1301.413679611763,35.0,3,1,0.7359201356183481,0
274,21590631,455.0,513.8742211544335,False,1983.8396610607774,95.0,7,8,6.929260559130844,0
255,500486430,545.0,587.4906185304025,False,2370.3257472846126,130.0,3,2,2.238582479370911,0
261,9791495,285.0,359.03406458520976,False,1170.9288390723516,30.0,1,5,2.5005534855005083,0
90,25306041,775.0,781.1625464966759,False,3387.103369107548,225.0,6,39,46.22429495363176,2
167,333722489,590.0,634.1743848645096,False,2615.415520538678,145.0,4,2,1.8683788728979216,0
259,1614846683,545.0,577.3177399719849,False,2316.9181348529232,140.0,7,6,6.536813481610677,0
187,25471089,920.0,862.5808866174874,True,3814.549654741809,315.0,6,3,9.248444170954656,0
218,1685938741,600.0,646.6000814438955,False,2680.6504275804514,145.0,5,5,3.096010638297873,0
70,3552338823,560.0,552.6280772678589,True,2187.2974056562575,220.0,3,19,13.189245657706504,0
202,2450775063,575.0,593.0383689724274,False,2399.4514371052423,155.0,5,3,3.4994739055944466,0
262,4956890431,840.0,852.3327218315661,False,3760.746789615722,240.0,7,15,15.295450114585485,0
174,3733175891,530.0,561.5312008590129,False,2234.0388045098175,530.0,7,50,50.14092646124105,0
36,1614926333,980.0,925.0564036685719,True,4142.54611926,330.0,7,12,11.029204099070158,0
183,275424,115.0,222.65176730688356,False,454.9217783611384,0.0,0,0,0.0,0
72,25501320,150.0,250.3243880725741,False,600.2030373810138,0.0,1,0,0.0,0
26,1607738730,765.0,731.6545998427191,True,3127.1866491742776,250.0,11,14,17.31518037342149,0
45,603751942,405.0,467.075738672817,False,1738.1476280322888,75.0,4,8,4.998291338163045,0
136,881888313,245.0,326.6547678786413,False,1000.9375313628664,15.0,1,3,5.031531440750368,1
62,107793,825.0,763.6527035434574,True,3295.1766936031518,380.0,5,6,8.492770326623534,0
288,14003329325,805.0,769.6084722954714,True,3326.4444795512263,265.0,9,10,8.03648386652325,0
180,10264011839,415.0,478.9926091454256,False,1800.7111980134841,80.0,3,7,6.801132223494595,0
75,25474562,740.0,751.4790826862906,False,3231.265184103026,220.0,6,24,29.24712298074079,0
177,21665000,700.0,589.673953380575,True,2381.788255248019,365.0,3,14,8.548853700410875,0
150,295907939,705.0,718.489454007301,False,3058.069633538328,200.0,5,3,4.480154475943596,0
28,26699537,410.0,464.8235880161972,False,1726.3238370850363,410.0,4,15,23.04118522646751,0
31,281454988,440.0,471.00117152590883,False,1758.7561505110211,110.0,2,20,27.185035622927796,1
124,7639001106,350.0,389.42376866679484,False,1330.4747855006724,85.0,2,0,0.5605303030303032,0
127,9849094224,380.0,417.1794284017158,False,1476.191999109008,85.0,4,6,5.875895611020159,0
16,1938953360,575.0,602.4420047139605,False,2448.8205247482942,150.0,6,2,3.368777603426592,0
241,25501065,405.0,441.5776244964309,False,1604.2825286062618,100.0,1,6,7.403612579974477,0
122,1667203485,445.0,497.00947127295825,False,1895.29972418303,95.0,3,6,6.984480758709941,0
40,3085005064,840.0,713.5333652486713,True,3032.0501675555247,520.0,4,11,9.993713416060226,0
119,21533907,805.0,806.4214811066049,False,3519.712775809676,250.0,8,6,4.567461891899924,0
224,3892184068,1005.0,996.4597066734468,True,4517.413460035597,305.0,9,5,7.192059719577778,0
189,109838,240.0,323.7728753654205,False,985.8075956684575,10.0,1,1,0.10400709219858159,0
251,1678452820,670.0,705.388723874033,False,2989.290800338673,175.0,8,3,5.067466668322317,0
137,26591531,350.0,369.4255618703803,False,1225.4841998194968,150.0,2,4,4.1627041685117065,0
60,25473288,585.0,597.885690440696,False,2424.8998748136532,225.0,4,9,7.152867457666643,0
176,6521839583,340.0,404.69748347845547,False,1410.6617882618914,55.0,2,2,0.8861366717029594,0
82,806821384,820.0,814.8670313236681,True,3564.0519144492578,245.0,9,12,8.48513174358171,0
289,3147915617,550.0,606.6673895680112,False,2471.0037952320586,125.0,3,15,20.934097752372505,0
93,109838,185.0,282.877496522802,False,771.1068567447104,0.0,0,0,0.0,0
279,5244680779,355.0,406.550629798596,False,1420.39080644263,70.0,3,1,3.3260088216103085,0
188,25497446,520.0,572.7107235108716,False,2292.731298432076,115.0,7,5,3.6436957661375593,0
229,25473285,290.0,360.1682859702826,False,1176.8835013439837,35.0,2,3,1.1323435606154122,0
52,275424,415.0,465.98099693315385,False,1732.400233899059,85.0,7,4,4.64068084012944,0
227,26699549,270.0,339.74632940270897,False,1069.6682293642223,70.0,0,10,12.711749813473281,0
240,25472904,765.0,791.1662380725925,False,3439.62274988111,210.0,9,4,5.7315877649420575,0
197,25498869,1080.0,852.0902465884107,True,3759.473794589157,625.0,6,7,3.6871658671757266,0
63,2564873531,775.0,646.8691058721882,True,2682.062805828986,370.0,6,15,9.346324238641559,0
275,82710879,220.0,312.7783906912655,False,928.0865511291435,0.0,1,0,0.0,0
254,25470785,755.0,678.9560173664509,True,2850.5190911738673,400.0,7,20,14.514716454853092,0
280,25256620,375.0,445.94218346215894,False,1627.1964631763342,60.0,6,2,2.877537625663107,0
139,3455988435,620.0,659.8133095714994,False,2750.0198752503693,155.0,3,15,16.790145336638773,0
143,25257284,230.0,321.4756419696114,False,973.74712034046,0.0,1,0,0.0,0
94,9702441401,440.0,486.32080666097056,False,1839.1842349700953,95.0,4,17,24.526110908867494,4
48,2971399444,1000.0,767.451701082387,True,3315.1214306825295,660.0,4,16,16.314305126831126,0
276,26652351,345.0,422.94821034470425,False,1506.4781043096978,50.0,1,2,0.9375089317628593,0
256,1134286819,740.0,735.299592384578,False,3146.3228600190346,225.0,6,9,8.48989190051105,0
203,21665719,540.0,553.2534274784188,False,2190.5804942616996,215.0,6,7,5.936425866022374,0
215,6355365939,440.0,509.4030379861295,False,1960.3659494271808,80.0,9,1,1.763425173340969,0
246,26699544,190.0,276.75700500981986,False,738.9742763015543,30.0,3,3,4.0926139936129635,0
160,7261577394,980.0,752.8208499479899,True,3238.309462226945,635.0,9,11,17.359416176814303,0
231,1666324249,810.0,784.9896396315239,True,3407.1956080655,260.0,3,10,15.84504140460911,0
239,4784457202,735.0,723.2351843469008,True,3082.98471782123,225.0,7,6,8.129890307668893,0
175,25473300,215.0,307.59612555938736,False,900.8796591867837,5.0,2,0,0.0,0
205,9791156,535.0,554.0925306081921,False,2194.985785693008,145.0,4,6,4.614730429567292,0
247,3567188470,310.0,397.6953838183885,False,1373.9007650465396,30.0,0,1,2.309663294614103,0
267,12391355483,270.0,355.9550660247281,False,1154.7640966298225,20.0,3,1,1.0552635518840128,0
249,21665360,285.0,349.83424676477466,False,1122.6297955150665,40.0,4,5,2.5737194598743405,0
9,1106056866,580.0,616.1171881531209,False,2520.615237803885,145.0,8,15,10.930800781762606,0
105,14023072777,940.0,732.624104339179,True,3132.2765477806925,585.0,7,12,15.93697999709136,0
198,25473300,540.0,595.0905676161559,False,2410.225479984818,120.0,8,4,2.0285297403704337,0
196,1938580083,200.0,295.0129889026177,False,834.8181917387428,0.0,2,0,0.0,0
147,11331184983,710.0,610.0769864394227,True,2488.9041788069676,365.0,6,15,10.247355929857132,0
49,107715,780.0,785.162985343987,False,3408.1056730559308,230.0,5,4,4.735233053805497,0
35,1614926348,485.0,523.7568556915024,False,2035.7234923803858,115.0,4,5,7.121719531244038,0
248,1607738730,730.0,756.5023725219335,False,3257.6374557401514,200.0,4,8,10.983866927158669,0
4,25473300,495.0,523.6365249299275,False,2035.09175588212,125.0,6,3,3.27466482412383,0
79,107860,155.0,255.836248001591,False,629.1403020083527,0.0,0,0,0.0,0
30,6342450111,345.0,423.04283772547353,False,1506.9748980587358,45.0,3,1,0.869443246254528,0
171,294651404,1150.0,985.2261034460998,True,4458.4370430920235,475.0,5,18,13.926389450562034,0
271,812264838,995.0,780.5144179132107,True,3383.7006940443557,560.0,5,9,11.666234857004548,0
17,12031865281,200.0,291.06829075787397,False,814.1085264788383,0.0,0,0,0.0,0
15,107708,515.0,573.5519172721043,False,2297.1475656785487,110.0,7,14,20.57094656901147,2
87,1115431333,650.0,651.1600812616335,False,2704.5904266235757,190.0,2,15,12.45564389264433,0
89,26699537,460.0,489.60394698630546,False,1856.4207216781033,460.0,7,27,38.73571864458885,0
193,1947328065,800.0,796.1257904699354,False,3465.6603999671593,245.0,7,3,8.57071870735674,0
247,60640992,30.0,157.73150522497238,False,114.09040243110493,0.0,0,0,0.0,0
101,4956890431,525.0,591.1634558392875,False,2389.6081431562593,110.0,1,3,1.4720188139044192,0
43,1667203543,1050.0,1002.2408618053316,True,4547.764524477988,355.0,9,4,6.339850318399764,0
158,1614926348,425.0,491.29279409327677,False,1865.287168989704,80.0,4,4,3.817461865976856,0
80,104315,270.0,360.5264757623813,False,1178.7639977525023,15.0,3,0,0.9462983812665711,0
85,7261577394,430.0,472.76143198869545,False,1767.9975179406513,95.0,1,4,3.2934633897793204,0
113,6893923114,855.0,804.9798301594014,True,3512.144108336858,290.0,6,11,14.283997983781259,0
34,1667203543,260.0,343.5372292256264,False,1089.5704534345384,15.0,1,1,0.525291538140782,0
44,333650017,315.0,399.80565305866037,False,1384.979678557967,35.0,0,1,1.6300027312693033,0
259,25472589,175.0,273.89922608176096,False,723.9709369292453,0.0,1,0,0.0,0
232,1684410105,605.0,615.4146260806683,False,2516.9267869235086,170.0,6,9,5.6541056045134,0
109,2441998875,675.0,664.1583310812243,True,2772.83123817643,210.0,4,5,6.860645251216864,0
243,21665367,690.0,569.2164237966684,True,2274.38622493251,380.0,3,12,8.516168837930483,0
138,109619,610.0,575.8607122496063,True,2309.2687393104334,230.0,4,4,9.087948117830344,0
190,1317156147,1030.0,853.9340298167016,True,3769.153656537682,430.0,9,22,20.78865582514927,0
11,2586635284,255.0,345.4506022384933,False,1099.61566175209,10.0,0,2,2.0449847992355465,0
250,333722500,570.0,579.5126108584718,False,2328.441207006976,165.0,2,4,4.040242907240452,0
99,108899,465.0,525.4073032893577,False,2044.3883422691288,95.0,5,13,21.21018099768374,3
47,9046520718,725.0,724.7709322579753,False,3091.0473943543707,215.0,4,3,3.071834744477174,0
210,26652351,600.0,596.6904800288737,False,2418.6250201515863,180.0,4,4,3.870156630197879,0
244,25472057,760.0,757.937400230896,False,3265.1713512122033,225.0,5,8,7.187239062620126,0
275,25257810,110.0,217.81932067970945,False,429.5514335684746,0.0,3,0,0.0,0
145,12422012434,480.0,449.7914238062635,True,1647.4049749828825,170.0,4,8,6.05254509976642,0
222,25472680,990.0,833.1818112142657,True,3660.2045088748932,405.0,4,5,8.722566249027038,0
110,9024001777,495.0,554.1651770687589,False,2195.3671796109834,105.0,5,12,16.53638833324018,0
64,107349,300.0,371.3714607097707,False,1235.700168726296,40.0,2,8,12.388805669364046,2
116,102025,425.0,489.8792682022464,False,1857.866158061794,80.0,3,2,3.6906366705124545,0
104,25257463,715.0,659.2904045734946,True,2747.274624010847,285.0,5,15,13.87103730114139,0
192,107319,345.0,422.28236883143063,False,1502.9824363650105,45.0,3,2,1.4000862079217695,0
96,25472873,785.0,774.4490010569416,True,3351.857255548943,240.0,5,5,7.554342212109444,0
77,2337311458,365.0,433.7233770162115,False,1563.0477293351098,60.0,3,6,6.270374404177212,0
248,108901,70.0,185.78887367353113,False,261.3915867860383,0.0,0,0,0.0,0
217,25472806,375.0,446.78683070454304,False,1631.630861198851,60.0,5,10,15.8524765495724,2
219,1685267218,925.0,798.4704176998516,True,3477.969692924216,365.0,7,12,9.259001416347509,0
61,25501328,705.0,707.8704783016374,False,3002.320011083595,205.0,7,7,6.34358852337376,0
14,25531002,765.0,711.5064860188261,True,3021.409051598835,345.0,7,12,10.582909570672355,0
182,9789814,685.0,692.321238452218,False,2920.686501874144,230.0,3,3,4.357721571548418,0
135,109833,415.0,480.04932428841926,False,1806.2589525142007,75.0,3,1,3.202807217273893,0
112,4684520653,840.0,722.6067443023971,True,3079.685407587587,420.0,7,13,12.066878310157106,0
173,534993866,570.0,620.3058567935078,False,2542.6057481659154,135.0,7,2,2.6025354609929083,0
111,10544188928,470.0,478.3096860948329,False,1797.1258519978724,200.0,6,5,5.005148211062504,0
6,1685751696,555.0,566.396247202583,False,2259.5802978135616,215.0,5,8,12.334846176992013,0
214,25472350,1130.0,1053.9003609864783,True,4818.976895179011,390.0,11,23,22.530953171327347,0
129,21665081,450.0,413.077036774554,True,1454.6544430664092,250.0,3,9,10.825202739097296,0
216,289996665,825.0,777.1251805434149,True,3365.9071978529287,315.0,7,15,11.62860475764379,0
56,107793,405.0,443.1838863189976,False,1612.7154031747373,145.0,5,0,2.248791762871879,0
237,108214,810.0,793.189164719292,True,3450.243114776282,250.0,9,12,10.685313193617008,0
18,2191480791,655.0,643.1167800678434,True,2662.363095356178,200.0,3,12,12.314171876742721,0
103,255576,560.0,571.8062701333004,False,2287.982918199826,215.0,4,11,12.039574192044222,0
284,25498827,930.0,864.2963029877236,True,3823.5555906855457,340.0,19,12,13.429164375153722,0
213,9167793401,715.0,711.8104003486093,False,3023.0046018302005,270.0,3,5,4.370531392557215,0
141,2946815216,335.0,411.74638592952306,False,1447.668526129996,45.0,4,2,3.1644515417943335,0
291,10365737,380.0,442.63829929855024,False,1609.8510713173876,70.0,3,8,5.059020631202879,0
166,108318,315.0,393.7386939638127,False,1353.128143310017,35.0,3,2,0.4345212765957448,0
33,1607738730,470.0,520.415955589534,False,2018.1837668450535,105.0,1,14,22.083995076351794,3
178,823745,505.0,557.4182721546447,False,2212.445928811884,110.0,3,2,4.163469592685033,0
153,25524248,1065.0,1007.2672936539963,True,4574.153291683473,380.0,10,11,9.95578761148835,0
168,13329450969,595.0,634.6751286408671,False,2618.04442536455,150.0,5,2,2.4463047369624435,0
59,14728072,1020.0,857.0314730804396,True,3785.415233672306,420.0,5,14,11.07876145803539,0
92,2214957485,740.0,735.4976454283795,False,3147.3626384989943,250.0,8,5,4.43398745538898,0
3,26845543,735.0,724.1159855817314,True,3087.6089243040906,245.0,5,3,5.10502015647652,0
57,25473295,675.0,620.8241567172797,True,2545.3268227657168,345.0,6,9,11.902708604876997,0
67,812004134,905.0,885.3384372138004,True,3934.026795372452,285.0,9,16,10.328824492491014,0
140,1685938727,520.0,582.4332969859962,False,2343.7748091764797,110.0,11,1,1.518715240785315,0
117,1938580083,660.0,538.1261197845669,True,2111.1621288689744,375.0,3,6,9.305195961041962,0
270,107806,390.0,389.17522860834845,False,1329.1699501938292,150.0,2,15,17.985431031065808,0
228,110095,395.0,458.0998112863508,False,1691.0240092533415,70.0,1,8,5.445634345027601,0
7,21651907,645.0,635.9768637884561,True,2624.878534889395,205.0,5,3,3.6982277450887464,0
20,25532842,625.0,590.3357454234896,True,2385.26266347332,210.0,1,2,4.158340657405755,0
53,822403,555.0,566.0443878767138,False,2257.7330363527462,170.0,4,11,9.171334139484003,0
152,2129184285,670.0,599.3365737923626,True,2432.5170124099036,370.0,4,11,9.608383264590348,0
224,25375812,230.0,319.59558795315365,False,963.8768367540564,5.0,2,1,0.6261803525872055,0
290,14017207475,750.0,750.9159131704135,False,3228.30854414467,220.0,6,9,8.343314863970509,0
257,9791152,510.0,557.4953712307502,False,2212.850698961439,115.0,5,9,4.977025254196445,0
46,107786,815.0,784.2176080975696,True,3403.1424425122395,265.0,6,9,6.9188195859962365,0
268,110011,830.0,765.5744738998278,True,3305.265987974094,340.0,8,10,13.738484227886508,0
115,194250,515.0,557.8873285281526,False,2214.9084747728016,120.0,1,3,3.2107144623681814,0
260,25476041,605.0,633.5948048780992,False,2612.372725610019,160.0,6,6,7.75695868526198,0
226,1508437746,315.0,394.50646726108084,False,1357.1589531206748,35.0,1,1,0.8239555217231601,0
16,454212847,255.0,346.67348662419136,False,1106.0358047770048,10.0,2,2,1.3954974467709005,0
1,2482696992,360.0,389.0007705349037,False,1328.2540453082452,360.0,4,56,77.3239122929669,3
223,9931305335,665.0,707.6165010001041,False,3000.9866302505457,165.0,5,7,7.82019628714657,0
10,109833,535.0,588.3176509014708,False,2374.6676672327217,120.0,4,9,16.137881158899038,2
156,25544119,470.0,478.81196259632964,False,1799.7628036307306,200.0,4,24,25.605539263100898,0
169,3455988435,585.0,624.3858221670563,False,2564.025566377045,145.0,4,5,4.498089993868945,0
65,109618,335.0,415.5156041523027,False,1467.4569217995884,40.0,4,8,26.434368781808672,8
164,21665755,410.0,479.6759758653543,False,1804.2988732931108,70.0,4,4,4.115690466160941,0
