sim_minutes,n_riders_active,mean_stress_level,mean_congestion_index,pct_on_pavement,n_conflicts_this_step,cumulative_conflicts,deliveries_completed,pct_overdue
0.0,296,0.0,0.0,0.0,0,0,0,0.0
0.08333333333333333,296,0.0,0.2592047456121233,0.02027027027027027,4,4,0,0.0
0.16666666666666666,295,0.01218527109316914,0.2589410453023463,0.020338983050847456,5,9,1,0.0
0.25,296,0.02428820927354659,0.26560843951581725,0.02027027027027027,6,15,1,0.0
0.3333333333333333,296,0.03643231391031989,0.2709039698113475,0.033783783783783786,7,22,1,0.0
0.4166666666666667,296,0.04861821459111682,0.2719581081499686,0.033783783783783786,11,33,1,0.0
0.5,296,0.060804115271913775,0.26747624429310474,0.04391891891891892,13,46,1,0.0
0.5833333333333334,296,0.07299001595271074,0.26439597377097374,0.033783783783783786,15,61,1,0.0
0.6666666666666666,296,0.08517591663350768,0.27321921696921697,0.0472972972972973,10,71,1,0.0
0.75,296,0.09736181731430463,0.27504359989825106,0.057432432432432436,17,88,1,0.0
0.8333333333333334,295,0.10877928687825494,0.28109755264662634,0.061016949152542375,19,107,2,0.0
0.9166666666666666,296,0.12047147566739679,0.2825686761733273,0.08783783783783784,25,132,2,0.0
1.0,296,0.13253116204734355,0.28120155471692015,0.06756756756756757,17,149,2,0.0
1.0833333333333333,296,0.14472460678229507,0.2751349612956756,0.06756756756756757,21,170,2,0.0
1.1666666666666667,295,0.15595238619054905,0.2694083962849096,0.06779661016949153,19,189,3,0.0
1.25,296,0.16750415464084095,0.27594906835978267,0.06418918918918919,25,214,3,0.0
1.3333333333333333,296,0.17958278926069554,0.2769185380792523,0.06418918918918919,13,227,3,0.0
1.4166666666666667,295,0.19167997787989985,0.2715646298818212,0.05423728813559322,19,246,4,0.0
1.5,296,0.20301706493344807,0.2734588234588235,0.04391891891891892,9,255,4,0.0
1.5833333333333333,296,0.21500171947983385,0.29229043291543294,0.06756756756756757,18,273,4,0.0
1.6666666666666667,296,0.22701195005350494,0.2957327676077676,0.0777027027027027,16,289,4,0.0
1.75,295,0.23779236667054907,0.30409419206029376,0.09491525423728814,30,319,5,0.0
1.8333333333333333,296,0.24889758632678044,0.3027751902751903,0.10472972972972973,28,347,5,0.0
1.9166666666666667,296,0.260806158573115,0.3062490624990625,0.09797297297297297,18,365,5,0.0
2.0,296,0.27274560155828426,0.28966806466806466,0.08108108108108109,24,389,5,0.0
2.0833333333333335,295,0.28332192505236103,0.28453449563619054,0.06440677966101695,21,410,6,0.0
2.1666666666666665,296,0.2942075206986124,0.28815926003426007,0.06418918918918919,21,431,6,0.0
2.25,294,0.30307953905813256,0.2859880293553763,0.03741496598639456,8,439,8,0.0
2.3333333333333335,295,0.31130208814287386,0.2797125943736113,0.04067796610169491,10,449,9,0.0
2.4166666666666665,296,0.3218550394354109,0.2790287602787603,0.04391891891891892,19,468,9,0.0
2.5,296,0.3335956762761311,0.3013314388314388,0.08445945945945946,24,492,9,0.0
2.5833333333333335,295,0.3439964480023975,0.2965441150186913,0.0847457627118644,26,518,10,0.0
2.6666666666666665,296,0.35456870555617337,0.3026995846667978,0.09121621621621621,22,540,10,0.0
2.75,296,0.36630311327211956,0.29467635789357105,0.0777027027027027,14,554,10,0.0
2.8333333333333335,296,0.3780873433577694,0.2889878084550216,0.10472972972972973,23,577,10,0.0
2.9166666666666665,295,0.3883864584441447,0.28699471902861734,0.1152542372881356,26,603,11,0.0
3.0,296,0.39877630060398667,0.2914707102207102,0.12837837837837837,23,626,11,0.0
3.0833333333333335,295,0.40901792699101236,0.2943970342275427,0.14576271186440679,24,650,12,0.0
3.1666666666666665,296,0.4192832523983876,0.29710595719817035,0.1554054054054054,32,682,12,0.0
3.25,295,0.4294075604419235,0.28501762277116544,0.13898305084745763,28,710,13,0.0
3.3333333333333335,296,0.4395814211612672,0.2821358766030897,0.1554054054054054,24,734,13,0.0
3.4166666666666665,294,0.4481347571096403,0.2806408482847091,0.1564625850340136,30,764,15,0.0
3.5,294,0.45353888439273143,0.2713844235345693,0.1598639455782313,35,799,17,0.0
3.5833333333333335,296,0.4618325214926959,0.26946869625441056,0.15878378378378377,28,827,17,0.0
3.6666666666666665,294,0.4702268119062271,0.2706782149930838,0.17006802721088435,32,859,19,0.0
3.75,294,0.47535332664182933,0.2889426117560228,0.1870748299319728,38,897,21,0.0
3.8333333333333335,295,0.4815901290494117,0.2950876027389344,0.21016949152542372,35,932,22,0.0033783783783783786
3.9166666666666665,296,0.4911700558308237,0.29260703635703633,0.21283783783783783,25,957,22,0.0
4.0,295,0.5007601429300064,0.3003651189661192,0.22372881355932203,24,981,23,0.0033783783783783786
4.083333333333333,294,0.5071162515758784,0.31199556720980104,0.23809523809523808,22,1003,25,0.006756756756756757
4.166666666666667,293,0.5098724503832552,0.2994988567345349,0.2627986348122867,44,1047,28,0.006756756756756757
4.25,296,0.5155878622895197,0.3072254147685182,0.25,33,1080,28,0.0033783783783783786
4.333333333333333,295,0.5249604122778696,0.30762827697661127,0.3016949152542373,47,1127,29,0.0033783783783783786
4.416666666666667,296,0.5342936646570383,0.3067873664856423,0.28378378378378377,37,1164,29,0.0
4.5,296,0.5453575227894648,0.3066152413135172,0.2972972972972973,34,1198,29,0.006756756756756757
4.583333333333333,295,0.554782673057567,0.30913030472352504,0.3152542372881356,40,1238,30,0.013513513513513514
4.666666666666667,294,0.5606725641834305,0.3159902093493272,0.3197278911564626,54,1292,32,0.02364864864864865
4.75,295,0.5660475509386171,0.3167465224162873,0.3423728813559322,39,1331,33,0.02027027027027027
4.833333333333333,296,0.5746781914994701,0.3040220372305626,0.34797297297297297,44,1375,33,0.02364864864864865
4.916666666666667,296,0.5851880116352709,0.3095174787139073,0.34459459459459457,41,1416,33,0.030405405405405407
5.0,294,0.5928988938390974,0.3188322704722122,0.36054421768707484,41,1457,35,0.037162162162162164
5.083333333333333,295,0.6011902968452304,0.31860449074734787,0.3728813559322034,33,1490,35,0.04391891891891892
5.166666666666667,294,0.606607245691941,0.33034234958433206,0.391156462585034,41,1531,37,0.060810810810810814
5.25,294,0.6098289963305114,0.32613430328444903,0.4217687074829932,47,1578,39,0.057432432432432436
5.333333333333333,296,0.615505624141464,0.3320589030907043,0.43243243243243246,58,1636,39,0.06756756756756757
5.416666666666667,295,0.6242008179097791,0.33125849852382155,0.44745762711864406,51,1687,40,0.0777027027027027
5.5,295,0.6304202758364507,0.33019560758658817,0.45084745762711864,51,1738,41,0.08108108108108109
5.583333333333333,292,0.6332430959114159,0.3228941939942176,0.4280821917808219,33,1771,45,0.08783783783783784
5.666666666666667,292,0.6289624949469405,0.31601288086290447,0.4349315068493151,47,1818,49,0.08445945945945946
5.75,294,0.6271503882763776,0.31104079509251925,0.43537414965986393,43,1861,51,0.08108108108108109
5.833333333333333,295,0.6308622235991154,0.33302239711064957,0.4576271186440678,54,1915,52,0.08108108108108109
5.916666666666667,294,0.635448281031424,0.3437996703038927,0.48299319727891155,45,1960,54,0.10135135135135136
6.0,295,0.6389111867489349,0.3371902819565005,0.4847457627118644,63,2023,55,0.10472972972972973
6.083333333333333,296,0.645683186424761,0.33340224256172535,0.5,60,2083,55,0.10810810810810811
6.166666666666667,294,0.65215456101421,0.327908205837481,0.5204081632653061,57,2140,57,0.11824324324324324
6.25,293,0.653063707818386,0.323711653442735,0.5051194539249146,56,2196,60,0.11824324324324324
6.333333333333333,296,0.6551456284918309,0.3272809679114472,0.5304054054054054,57,2253,60,0.11486486486486487
6.416666666666667,294,0.6614708729925415,0.33064707369446217,0.5374149659863946,47,2300,62,0.13175675675675674
6.5,293,0.6621902025669851,0.34198856666751615,0.552901023890785,50,2350,65,0.13513513513513514
6.583333333333333,294,0.6615911231828079,0.32192159564176165,0.5408163265306123,51,2401,67,0.14189189189189189
6.666666666666667,295,0.6643356247840606,0.3314319011130272,0.559322033898305,46,2447,68,0.14189189189189189
6.75,293,0.6670886759506703,0.3324283885066554,0.5733788395904437,54,2501,71,0.14189189189189189
6.833333333333333,294,0.6664373652012054,0.3189242821247318,0.5612244897959183,53,2554,73,0.14189189189189189
6.916666666666667,295,0.6691357742877896,0.3139509078492129,0.576271186440678,62,2616,74,0.14189189189189189
7.0,296,0.6752062572867058,0.32756177756177757,0.5912162162162162,65,2681,74,0.14864864864864866
7.083333333333333,295,0.6824490440333743,0.3283292319732998,0.5966101694915255,57,2738,75,0.1554054054054054
7.166666666666667,295,0.6873303065285438,0.32705928722877875,0.6067796610169491,67,2805,76,0.16554054054054054
7.25,295,0.6920734274466745,0.3335691145013179,0.6305084745762712,64,2869,77,0.16554054054054054
7.333333333333333,296,0.697847600075124,0.325474637974638,0.6486486486486487,58,2927,77,0.16891891891891891
7.416666666666667,291,0.7007075240978531,0.32688002146765033,0.6494845360824743,67,2994,82,0.19594594594594594
7.5,294,0.6945125036551903,0.32170882783127686,0.6462585034013606,61,3055,84,0.19256756756756757
7.583333333333333,295,0.6964271919636331,0.3139042206112424,0.6440677966101694,63,3118,85,0.1891891891891892
7.666666666666667,296,0.7018519744067624,0.3085283040640183,0.652027027027027,64,3182,85,0.19932432432432431
7.75,293,0.7064871554505531,0.313621559111564,0.658703071672355,61,3243,88,0.22297297297297297
7.833333333333333,295,0.7058709013841524,0.2995051074833157,0.6508474576271186,58,3301,89,0.21283783783783783
7.916666666666667,293,0.7080113723556745,0.2958623653284794,0.6484641638225256,65,3366,92,0.21621621621621623
8.0,294,0.7063649666511237,0.292892561223465,0.6564625850340136,70,3436,94,0.22297297297297297
8.083333333333334,294,0.7068207035416966,0.29513539856105453,0.6632653061224489,75,3511,96,0.2533783783783784
8.166666666666666,293,0.7061717514607897,0.292094289046995,0.6689419795221843,67,3578,99,0.25
8.25,295,0.7051027353408846,0.30524973041671716,0.6644067796610169,52,3630,100,0.25
8.333333333333334,293,0.7067123430777017,0.3080837335931571,0.6655290102389079,60,3690,103,0.28378378378378377
8.416666666666666,292,0.7022881563996235,0.3130305010294382,0.6575342465753424,54,3744,107,0.28716216216216217
8.5,294,0.7009626799277003,0.3065045407585872,0.6598639455782312,52,3796,108,0.28040540540540543
8.583333333333334,295,0.701960211475142,0.30981100852521076,0.6711864406779661,56,3852,109,0.28378378378378377
8.666666666666666,294,0.7043960563435813,0.3077402472810636,0.673469387755102,60,3912,111,0.28378378378378377
8.75,294,0.704466388396232,0.329526680802191,0.6802721088435374,66,3978,113,0.28716216216216217
8.833333333333334,295,0.7053608449444386,0.3258569487584138,0.6779661016949152,60,4038,114,0.2939189189189189
8.916666666666666,294,0.7076532428075183,0.3232488121497115,0.6870748299319728,70,4108,116,0.2972972972972973
9.0,294,0.7074915451173295,0.31664907213160415,0.6870748299319728,67,4175,118,0.30743243243243246
9.083333333333334,296,0.7092298028858818,0.3275155025155025,0.6858108108108109,53,4228,118,0.30405405405405406
9.166666666666666,294,0.7138261841165616,0.34210345620444144,0.6870748299319728,47,4275,120,0.32432432432432434
9.25,293,0.7128521012373921,0.32441035485639463,0.6860068259385665,49,4324,123,0.3277027027027027
9.333333333333334,294,0.7098559926491199,0.32504374909371386,0.6836734693877551,50,4374,125,0.3277027027027027
9.416666666666666,295,0.710302078103948,0.33143426286032945,0.6779661016949152,61,4435,126,0.3277027027027027
9.5,291,0.7092416252212876,0.33270310254846336,0.6838487972508591,52,4487,131,0.34797297297297297
9.583333333333334,296,0.7034579770225355,0.32720199282699286,0.6722972972972973,45,4532,131,0.33783783783783783
9.666666666666666,294,0.7076909628898815,0.33828936558528394,0.673469387755102,45,4577,133,0.34121621621621623
9.75,294,0.7107417729326981,0.33284502723278236,0.6666666666666666,57,4634,134,0.34121621621621623
9.833333333333334,295,0.7112608899424575,0.33610749890410907,0.6610169491525424,51,4685,135,0.3547297297297297
9.916666666666666,293,0.7135880791361368,0.32784437784437787,0.6621160409556314,51,4736,138,0.3716216216216216
10.0,296,0.7123697389309317,0.33717536217536215,0.6587837837837838,50,4786,138,0.3716216216216216
10.083333333333334,293,0.7154738407981449,0.32959229810765645,0.6552901023890785,57,4843,141,0.3783783783783784
10.166666666666666,291,0.7093596809290384,0.32168381446731964,0.6426116838487973,66,4909,146,0.3716216216216216
10.25,293,0.7003027603031586,0.32512975268947963,0.6348122866894198,50,4959,149,0.3716216216216216
10.333333333333334,294,0.6972466871576136,0.3229372951311727,0.6224489795918368,50,5009,151,0.375
10.416666666666666,294,0.6965520082490338,0.32263860478146195,0.6156462585034014,54,5063,153,0.38513513513513514
10.5,295,0.696825544260393,0.304062735757651,0.6101694915254238,55,5118,154,0.38513513513513514
10.583333333333334,295,0.6995161401777339,0.29741005698632816,0.6101694915254238,56,5174,155,0.3885135135135135
10.666666666666666,295,0.7021609139195005,0.3015906033702644,0.6271186440677966,52,5226,156,0.3952702702702703
10.75,292,0.701815174347784,0.3076759047649459,0.6198630136986302,50,5276,160,0.3918918918918919
10.833333333333334,295,0.6973879379067213,0.2997055580953886,0.6067796610169491,46,5322,161,0.3783783783783784
10.916666666666666,296,0.7010669038584088,0.29804463554463556,0.6148648648648649,54,5376,161,0.3885135135135135
11.0,294,0.7051435469906551,0.28545604999686636,0.6122448979591837,56,5432,163,0.39864864864864863
11.083333333333334,294,0.7043723611184991,0.28057519473775633,0.6122448979591837,44,5476,165,0.40540540540540543
11.166666666666666,294,0.703517209143155,0.2858090293083256,0.608843537414966,47,5523,167,0.40878378378378377
11.25,293,0.701652921846491,0.29372696595834175,0.6075085324232082,52,5575,170,0.40202702702702703
11.333333333333334,290,0.6976920400741107,0.28394611135990444,0.603448275862069,54,5629,175,0.4155405405405405
11.416666666666666,294,0.6872807819401564,0.27401654467981,0.5884353741496599,62,5691,177,0.41216216216216217
11.5,295,0.6873715673965324,0.2852239447396832,0.5898305084745763,47,5738,178,0.40540540540540543
11.583333333333334,294,0.6892585255979359,0.27754391839668807,0.5884353741496599,44,5782,180,0.4189189189189189
11.666666666666666,295,0.6894462114229543,0.2752939525753403,0.5898305084745763,42,5824,181,0.4155405405405405
11.75,296,0.6930033237544325,0.27321762304197905,0.5878378378378378,48,5872,181,0.4155405405405405
11.833333333333334,296,0.6988982912617999,0.2852351328273459,0.5878378378378378,57,5929,181,0.4189189189189189
11.916666666666666,293,0.7018787771303552,0.28694546690646155,0.590443686006826,51,5980,184,0.42567567567567566
12.0,295,0.6997270569182443,0.2826790898098404,0.5966101694915255,52,6032,185,0.4155405405405405
12.083333333333334,295,0.7023111200501473,0.28068880137887403,0.5966101694915255,53,6085,186,0.4155405405405405
12.166666666666666,292,0.7019332541994086,0.2742004937332726,0.5993150684931506,43,6128,190,0.42567567567567566
12.25,294,0.6990620525907096,0.2753681220517955,0.5952380952380952,50,6178,192,0.4189189189189189
12.333333333333334,291,0.6950205203246519,0.27713496888754624,0.5910652920962199,61,6239,197,0.4189189189189189
12.416666666666666,292,0.6849487774579361,0.2646256616290863,0.5616438356164384,50,6289,201,0.4155405405405405
12.5,293,0.6783447315284771,0.26753562137521186,0.5597269624573379,44,6333,204,0.40540540540540543
12.583333333333334,294,0.6757891188804589,0.278222929753542,0.5578231292517006,48,6381,206,0.40202702702702703
12.666666666666666,295,0.676225527148573,0.2688972703379483,0.5559322033898305,34,6415,207,0.41216216216216217
12.75,293,0.6767653128355046,0.2743629782675711,0.5665529010238908,48,6463,210,0.4189189189189189
12.833333333333334,292,0.67154745521026,0.27189354361972756,0.571917808219178,42,6505,214,0.4155405405405405
12.916666666666666,295,0.6674195047009519,0.2639744225135605,0.5661016949152542,48,6553,215,0.40202702702702703
13.0,293,0.6680034863794544,0.2794511775684337,0.5767918088737202,59,6612,218,0.40202702702702703
13.083333333333334,292,0.6630221315245798,0.2751189453096633,0.5684931506849316,40,6652,222,0.3918918918918919
13.166666666666666,294,0.658091181976765,0.27162347322445846,0.5612244897959183,45,6697,224,0.38175675675675674
13.25,294,0.6577235881798494,0.2839460803746518,0.564625850340136,45,6742,226,0.3783783783783784
13.333333333333334,294,0.6574821890228254,0.2819610189508149,0.5578231292517006,42,6784,228,0.3783783783783784
13.416666666666666,295,0.6588619568825878,0.2765403805234314,0.559322033898305,41,6825,229,0.3716216216216216
13.5,296,0.6632710491798096,0.2754950942450942,0.5608108108108109,54,6879,229,0.38175675675675674
13.583333333333334,295,0.6688013627396892,0.27218629705702385,0.576271186440678,63,6942,230,0.38175675675675674
13.666666666666666,295,0.6721982505992312,0.27690731050685086,0.5864406779661017,48,6990,231,0.38513513513513514
13.75,291,0.6726242705620422,0.27945618654163124,0.5876288659793815,49,7039,236,0.3918918918918919
13.833333333333334,292,0.663079637390642,0.2701520695077695,0.571917808219178,44,7083,240,0.38175675675675674
13.916666666666666,293,0.6570031889301965,0.2622615243327339,0.5631399317406144,44,7127,243,0.3716216216216216
14.0,290,0.6497929798000144,0.25661975681680116,0.5413793103448276,48,7175,249,0.36486486486486486
14.083333333333334,294,0.6408869966669954,0.2503531400032858,0.5306122448979592,37,7212,251,0.34459459459459457
14.166666666666666,293,0.6397023950740345,0.25760139151167916,0.5255972696245734,52,7264,254,0.34459459459459457
14.25,291,0.6361187381128742,0.26207299491541025,0.5189003436426117,40,7304,259,0.34121621621621623
14.333333333333334,295,0.630933234671753,0.26307862436191737,0.5322033898305085,44,7348,260,0.3310810810810811
14.416666666666666,292,0.6307063987074566,0.2631991377832865,0.5342465753424658,47,7395,264,0.3310810810810811
14.5,296,0.6291780769168006,0.2604184151837806,0.527027027027027,51,7446,264,0.3310810810810811
14.583333333333334,295,0.6348069016423443,0.265217528715755,0.5288135593220339,44,7490,265,0.34459459459459457
14.666666666666666,294,0.6370864150162746,0.267722146062203,0.5374149659863946,32,7522,267,0.3547297297297297
14.75,288,0.6295102645870786,0.27084897923347706,0.5277777777777778,37,7559,275,0.3614864864864865
14.833333333333334,295,0.6178664595590477,0.25708433848118245,0.5084745762711864,33,7592,276,0.34121621621621623
14.916666666666666,293,0.6185761671525606,0.2750770769512679,0.5017064846416383,44,7636,279,0.34459459459459457
15.0,291,0.6126518317486854,0.27135110153240266,0.4948453608247423,41,7677,284,0.34459459459459457
15.083333333333334,293,0.605150993993612,0.26405518199975064,0.4880546075085324,30,7707,287,0.3277027027027027
15.166666666666666,296,0.6059449808917459,0.2706840925129102,0.49324324324324326,40,7747,287,0.3277027027027027
15.25,296,0.6130936136410969,0.27440146088545103,0.5,41,7788,287,0.3277027027027027
15.333333333333334,294,0.6178626701546326,0.270947956589356,0.5034013605442177,52,7840,289,0.3310810810810811
15.416666666666666,294,0.6181549890220763,0.27334671051872217,0.5068027210884354,42,7882,291,0.33783783783783783
15.5,295,0.6196789131707524,0.26479485706838135,0.488135593220339,40,7922,292,0.3310810810810811
15.583333333333334,295,0.6233780323423159,0.26830286372408774,0.4847457627118644,38,7960,293,0.3344594594594595
15.666666666666666,295,0.6270834325832195,0.25527653035877135,0.49491525423728816,45,8005,294,0.3344594594594595
15.75,296,0.6320975740181741,0.2600056933646835,0.5,39,8044,294,0.33783783783783783
15.833333333333334,292,0.6343493324563503,0.2617113673472908,0.5034246575342466,48,8092,298,0.34121621621621623
15.916666666666666,293,0.6292313301302647,0.25305271141448615,0.48464163822525597,43,8135,301,0.3277027027027027
16.0,294,0.6275486598053227,0.25251349179920607,0.48299319727891155,38,8173,303,0.32094594594594594
16.083333333333332,295,0.6293054246444157,0.2678381787703822,0.488135593220339,50,8223,304,0.32094594594594594
16.166666666666668,294,0.6318881132195493,0.26284391156840137,0.4931972789115646,43,8266,306,0.3310810810810811
16.25,294,0.6323254528535805,0.2583310855541176,0.4931972789115646,41,8307,308,0.32432432432432434
16.333333333333332,295,0.6340566673149922,0.2584713389919201,0.49830508474576274,49,8356,309,0.32432432432432434
16.416666666666668,294,0.6366629050870769,0.2637692131861228,0.5204081632653061,53,8409,311,0.3310810810810811
16.5,293,0.6363770521709243,0.26825346493800906,0.5187713310580204,44,8453,314,0.32432432432432434
16.583333333333332,295,0.6359008673384775,0.2691909395420291,0.5186440677966102,40,8493,315,0.31756756756756754
16.666666666666668,295,0.641967752308909,0.2778965183323537,0.5186440677966102,46,8539,316,0.32432432432432434
16.75,293,0.6434354236242137,0.27323643364599,0.5085324232081911,45,8584,319,0.3310810810810811
16.833333333333332,293,0.6405101589430582,0.2636115148913784,0.5119453924914675,46,8630,322,0.32094594594594594
16.916666666666668,293,0.6376753083181054,0.2678039663534544,0.5085324232081911,46,8676,325,0.3108108108108108
17.0,291,0.635180510292511,0.2735285460371371,0.5085910652920962,42,8718,330,0.3108108108108108
17.083333333333332,292,0.6279064391461817,0.2656801278376621,0.5068493150684932,49,8767,334,0.30405405405405406
17.166666666666668,294,0.6241203148760424,0.2661669489287746,0.5102040816326531,48,8815,336,0.30405405405405406
17.25,294,0.624686046219523,0.26819841141942075,0.5272108843537415,54,8869,338,0.30405405405405406
17.333333333333332,292,0.6227353748191903,0.27964795843897466,0.5136986301369864,53,8922,342,0.30067567567567566
17.416666666666668,296,0.6217246436665184,0.2802784363830876,0.5236486486486487,41,8963,342,0.2939189189189189
17.5,293,0.6252839031689421,0.2775511083531561,0.5358361774744027,41,9004,345,0.30405405405405406
17.583333333333332,293,0.6226600366808451,0.27729637635780985,0.5290102389078498,47,9051,348,0.2939189189189189
17.666666666666668,293,0.6200271160305203,0.28016425175128246,0.5221843003412969,56,9107,351,0.28716216216216217
17.75,294,0.6187612123588176,0.28155270655270653,0.5204081632653061,54,9161,353,0.27702702702702703
17.833333333333332,292,0.6173224304653332,0.2876377142644266,0.5136986301369864,43,9204,357,0.27364864864864863
17.916666666666668,294,0.6142666840553266,0.2839045025269515,0.5170068027210885,42,9246,359,0.2635135135135135
18.0,288,0.6117619798945638,0.3031692555130055,0.5069444444444444,45,9291,367,0.25675675675675674
18.083333333333332,295,0.6016990556908594,0.29197399587230094,0.49830508474576274,48,9339,368,0.23986486486486486
18.166666666666668,296,0.6075172696915235,0.28830963454904135,0.5,44,9383,368,0.25
18.25,294,0.6129739155044651,0.28431952526124094,0.5,40,9423,370,0.25675675675675674
18.333333333333332,294,0.6142815592047419,0.2967155948001676,0.5034013605442177,41,9464,372,0.25
18.416666666666668,293,0.6142236217853769,0.2954473752660251,0.5051194539249146,44,9508,375,0.25
18.5,294,0.6134235103774818,0.2882471175838523,0.5068027210884354,48,9556,377,0.24662162162162163
18.583333333333332,294,0.6147083740338709,0.27722159602626073,0.5,45,9601,379,0.24324324324324326
18.666666666666668,295,0.6173027065578344,0.27913849669297613,0.49830508474576274,40,9641,380,0.24662162162162163
18.75,293,0.6193960238427141,0.289834657460206,0.49146757679180886,44,9685,383,0.2533783783783784
18.833333333333332,293,0.6174524329984648,0.2792475956786049,0.48464163822525597,42,9727,386,0.25
18.916666666666668,294,0.6164324831250928,0.2892184481105764,0.48639455782312924,39,9766,388,0.2635135135135135
19.0,295,0.6187741060696388,0.29193839520716036,0.488135593220339,35,9801,389,0.26013513513513514
19.083333333333332,291,0.6180577408768889,0.2847986574054321,0.4845360824742268,32,9833,394,0.2668918918918919
19.166666666666668,294,0.6128564120453862,0.2798484017871773,0.48639455782312924,54,9887,396,0.25
19.25,293,0.6134141592875841,0.28894335461157805,0.4812286689419795,45,9932,399,0.25
19.333333333333332,294,0.6124253640817585,0.2833969770731317,0.48639455782312924,38,9970,401,0.24662162162162163
19.416666666666668,294,0.613499891448103,0.29076875505446936,0.4931972789115646,45,10015,403,0.25
19.5,294,0.6145983108709276,0.2934810842974108,0.4931972789115646,55,10070,405,0.25
19.583333333333332,295,0.6170493325289717,0.2955183140776361,0.49491525423728816,38,10108,406,0.24324324324324326
19.666666666666668,293,0.6190427213308762,0.28687210589940965,0.4880546075085324,36,10144,409,0.25
19.75,292,0.6154629323809169,0.2832359706503542,0.476027397260274,35,10179,413,0.25675675675675674
19.833333333333332,295,0.6136007952975167,0.2809141517616094,0.47796610169491527,33,10212,414,0.26013513513513514
19.916666666666668,294,0.6167072657236572,0.269204161295998,0.48299319727891155,44,10256,416,0.2635135135135135
20.0,293,0.6165663673492411,0.27354976888074756,0.47440273037542663,39,10295,419,0.2635135135135135
20.083333333333332,295,0.6169054659997499,0.2890225745748083,0.488135593220339,40,10335,420,0.26013513513513514
20.166666666666668,293,0.6188253898162605,0.27912343266578404,0.4880546075085324,47,10382,423,0.26013513513513514
20.25,294,0.6179770691691674,0.27658869491491583,0.48639455782312924,42,10424,425,0.26013513513513514
20.333333333333332,293,0.6178605938383842,0.2834175870214512,0.4812286689419795,49,10473,428,0.25675675675675674
20.416666666666668,293,0.615673913641336,0.2775865961872788,0.4778156996587031,49,10522,431,0.2533783783783784
20.5,294,0.6148465834335866,0.2765584849768523,0.48639455782312924,50,10572,433,0.24662162162162163
20.583333333333332,292,0.6139355875477086,0.2786129775855803,0.476027397260274,29,10601,437,0.25
20.666666666666668,293,0.6101504209092482,0.27150782475014557,0.4709897610921502,50,10651,440,0.24662162162162163
20.75,294,0.6092199395586149,0.2694732597064958,0.4897959183673469,46,10697,442,0.25675675675675674
20.833333333333332,294,0.6138511822890211,0.27324706122082215,0.4965986394557823,47,10744,443,0.25675675675675674
20.916666666666668,296,0.6176992266784911,0.2748436127900414,0.4966216216216216,37,10781,443,0.26013513513513514
21.0,296,0.6256103932599071,0.2792797701620341,0.5,43,10824,443,0.2635135135135135
21.083333333333332,293,0.6301040777498842,0.2709438518107708,0.49829351535836175,48,10872,446,0.2668918918918919
21.166666666666668,292,0.6272749208633039,0.25547637020009534,0.4897260273972603,58,10930,450,0.2668918918918919
21.25,294,0.623904408531584,0.2590497732032613,0.48639455782312924,46,10976,452,0.2635135135135135
21.333333333333332,294,0.6249309468262716,0.2745234340850854,0.4931972789115646,66,11042,454,0.2668918918918919
21.416666666666668,291,0.6221990272577812,0.27076854036174264,0.4948453608247423,52,11094,459,0.2635135135135135
21.5,293,0.6156631321893146,0.2698617745601427,0.4812286689419795,41,11135,462,0.25675675675675674
21.583333333333332,293,0.6135508630930504,0.27218555051873095,0.48464163822525597,35,11170,465,0.25
21.666666666666668,292,0.6099396772879502,0.2735820879508881,0.4691780821917808,45,11215,469,0.25
21.75,291,0.6029480138322126,0.26532285998158733,0.46048109965635736,51,11266,474,0.23648648648648649
21.833333333333332,292,0.5965757333996332,0.2668341565011381,0.4520547945205479,37,11303,478,0.22635135135135134
21.916666666666668,292,0.5909701341559317,0.2813236640675233,0.4417808219178082,34,11337,482,0.22297297297297297
22.0,295,0.5897174190283545,0.2690440833924177,0.4406779661016949,37,11374,483,0.21283783783783783
22.083333333333332,295,0.5967881520586282,0.273102285077738,0.4576271186440678,35,11409,484,0.21283783783783783
22.166666666666668,296,0.6029523663721388,0.2669161547394306,0.46959459459459457,29,11438,484,0.2195945945945946
22.25,295,0.6096547741069637,0.26862342962576746,0.47796610169491527,31,11469,485,0.23986486486486486
22.333333333333332,292,0.6105683617255592,0.27013504950148787,0.4794520547945205,48,11517,489,0.23986486486486486
22.416666666666668,296,0.6101687810828966,0.2630025182365084,0.4797297297297297,41,11558,489,0.23648648648648649
22.5,293,0.6140812973026373,0.26841284323967285,0.4778156996587031,42,11600,492,0.24662162162162163
22.583333333333332,294,0.6131239534048073,0.2823861974347045,0.48639455782312924,42,11642,494,0.23986486486486486
22.666666666666668,294,0.6141775036516174,0.29436108983711273,0.4965986394557823,42,11684,496,0.23648648648648649
22.75,295,0.6166451735744695,0.2770799445375716,0.49830508474576274,34,11718,497,0.23310810810810811
22.833333333333332,295,0.6212056141186288,0.2768573597508222,0.5050847457627119,42,11760,498,0.23986486486486486
22.916666666666668,295,0.6258108748264094,0.2869600912942317,0.5152542372881356,48,11808,499,0.24324324324324326
23.0,296,0.6315662144205191,0.282299174709889,0.5236486486486487,44,11852,499,0.25
23.083333333333332,293,0.6364705452099592,0.2851960123413073,0.5187713310580204,44,11896,502,0.25675675675675674
23.166666666666668,295,0.6365669134701972,0.2780331250670234,0.5254237288135594,46,11942,503,0.26013513513513514
23.25,296,0.6420987846070104,0.2826961795711796,0.527027027027027,45,11987,503,0.25675675675675674
23.333333333333332,296,0.6498449199720884,0.2887579374186517,0.5337837837837838,44,12031,503,0.2668918918918919
23.416666666666668,293,0.6542405966059421,0.29589238839604515,0.5426621160409556,55,12086,506,0.28040540540540543
23.5,293,0.6516136487092339,0.30174659297038625,0.5358361774744027,50,12136,509,0.27364864864864863
23.583333333333332,293,0.6489397521317525,0.3062830405955711,0.5324232081911263,54,12190,512,0.27364864864864863
23.666666666666668,293,0.6462702357017683,0.30720892548050033,0.5324232081911263,38,12228,515,0.2702702702702703
23.75,295,0.645998691188663,0.3031405022204054,0.5389830508474577,37,12265,516,0.2702702702702703
23.833333333333332,295,0.6501781476924172,0.29613114757182557,0.5423728813559322,35,12300,517,0.2702702702702703
23.916666666666668,295,0.6544731396593243,0.2902095268196963,0.5423728813559322,50,12350,518,0.2702702702702703
24.0,293,0.6563388033882738,0.29490318176325,0.5358361774744027,39,12389,521,0.2905405405405405
24.083333333333332,294,0.6548235099799202,0.293734987938014,0.5408163265306123,45,12434,523,0.28378378378378377
24.166666666666668,295,0.656644794449011,0.31071282798635225,0.5559322033898305,41,12475,524,0.28716216216216217
24.25,293,0.6592575428126445,0.3169312302123883,0.552901023890785,51,12526,527,0.2972972972972973
24.333333333333332,294,0.6574517418439956,0.31164886765696054,0.5374149659863946,38,12564,529,0.30067567567567566
24.416666666666668,296,0.6601454923002865,0.29844035533690705,0.5506756756756757,49,12613,529,0.2972972972972973
24.5,293,0.6638772655948755,0.29837268144704826,0.5563139931740614,51,12664,532,0.3141891891891892
24.583333333333332,295,0.6630496858933382,0.2973039389988542,0.5661016949152542,55,12719,533,0.3141891891891892
24.666666666666668,293,0.6643813193322569,0.31238730931563696,0.5665529010238908,49,12768,536,0.3141891891891892
24.75,294,0.6624284213550798,0.30294487258772973,0.5612244897959183,53,12821,538,0.3141891891891892
24.833333333333332,294,0.6626817750335734,0.30487938931816483,0.5578231292517006,44,12865,540,0.30743243243243246
24.916666666666668,292,0.6608990210322176,0.3204457167642099,0.5445205479452054,59,12924,544,0.31756756756756754
25.0,294,0.6565252184324706,0.32229648523380305,0.5340136054421769,44,12968,546,0.32094594594594594
25.083333333333332,293,0.6554350564575928,0.3223565575223303,0.5324232081911263,53,13021,549,0.31756756756756754
25.166666666666668,295,0.6545969134381878,0.32009245766704625,0.5322033898305085,31,13052,550,0.3108108108108108
25.25,295,0.6592681882862055,0.3094540094862252,0.5322033898305085,36,13088,551,0.31756756756756754
25.333333333333332,295,0.6628568309224476,0.30810500202341623,0.5389830508474577,41,13129,552,0.32094594594594594
25.416666666666668,295,0.6664044432384111,0.2972245453802478,0.5389830508474577,48,13177,553,0.3277027027027027
25.5,296,0.6709635808879537,0.298150695025695,0.5506756756756757,46,13223,553,0.3344594594594595
25.583333333333332,294,0.6755725859115406,0.30523979044387206,0.5510204081632653,40,13263,555,0.33783783783783783
25.666666666666668,291,0.6722739094528253,0.31877109145150384,0.5463917525773195,41,13304,560,0.34459459459459457
25.75,294,0.6653101382163004,0.3101982956574793,0.5340136054421769,47,13351,562,0.3344594594594595
25.833333333333332,294,0.6651219187594959,0.3198409361911972,0.5476190476190477,44,13395,564,0.33783783783783783
25.916666666666668,290,0.6604394711197974,0.3133245743831149,0.5379310344827586,49,13444,570,0.34121621621621623
26.0,294,0.6513848573562692,0.3163458107572963,0.5306122448979592,46,13490,572,0.3277027027027027
26.083333333333332,293,0.6536052563180333,0.3182207217428267,0.5324232081911263,48,13538,574,0.3344594594594595
26.166666666666668,294,0.6517320659037957,0.32733585386646613,0.5306122448979592,48,13586,576,0.3344594594594595
26.25,295,0.6528975826210166,0.32846399363348516,0.5389830508474577,46,13632,577,0.3344594594594595
26.333333333333332,296,0.6574561923679015,0.32877736002736,0.5540540540540541,45,13677,577,0.33783783783783783
26.416666666666668,293,0.6608116098480197,0.3359123811342241,0.5733788395904437,48,13725,580,0.34121621621621623
26.5,294,0.6585935116234529,0.3464584829380748,0.5782312925170068,39,13764,582,0.3344594594594595
26.583333333333332,292,0.6562838992772488,0.3362985473430679,0.565068493150685,34,13798,586,0.3277027027027027
26.666666666666668,295,0.6530533740420723,0.3312892851028444,0.559322033898305,41,13839,587,0.3277027027027027
26.75,294,0.6558373563353588,0.3253400585570295,0.5612244897959183,35,13874,589,0.3277027027027027
26.833333333333332,296,0.6582212076392255,0.32968903281403283,0.5641891891891891,49,13923,589,0.3277027027027027
26.916666666666668,293,0.6616557101510577,0.32548703666451106,0.5665529010238908,50,13973,592,0.3344594594594595
27.0,294,0.6595419998353311,0.33040693244774877,0.5748299319727891,50,14023,594,0.3310810810810811
27.083333333333332,294,0.6594943863829746,0.3311138772144603,0.5714285714285714,39,14062,596,0.34797297297297297
27.166666666666668,291,0.6559221700796912,0.3302661051924675,0.5670103092783505,44,14106,601,0.34121621621621623
27.25,295,0.6504540659518138,0.31358841588865805,0.559322033898305,51,14157,602,0.3277027027027027
27.333333333333332,293,0.6516528424118602,0.3311335411992787,0.5699658703071673,45,14202,605,0.32432432432432434
27.416666666666668,295,0.6510017440376152,0.33510041645384386,0.5661016949152542,57,14259,606,0.31756756756756754
27.5,294,0.6536045495450838,0.335069294760659,0.564625850340136,47,14306,608,0.3141891891891892
27.583333333333332,294,0.6540447673698683,0.3336168825291046,0.564625850340136,42,14348,610,0.3141891891891892
27.666666666666668,290,0.6501106308894298,0.32665605331189224,0.5517241379310345,38,14386,616,0.32094594594594594
27.75,294,0.6415320680478153,0.3177912220631003,0.5374149659863946,33,14419,618,0.30743243243243246
27.833333333333332,294,0.6417981513009318,0.3326665300506532,0.54421768707483,39,14458,620,0.30743243243243246
27.916666666666668,294,0.6423612176443341,0.33648645383339265,0.5476190476190477,52,14510,622,0.30067567567567566
28.0,295,0.6439690540052753,0.33618978949487427,0.5525423728813559,43,14553,623,0.30405405405405406
28.083333333333332,294,0.6466149522583708,0.3326454144602833,0.5578231292517006,43,14596,625,0.30067567567567566
28.166666666666668,296,0.6495426394209535,0.33278238144309574,0.5641891891891891,48,14644,625,0.2939189189189189
28.25,292,0.6520335765286341,0.3382089819834438,0.5547945205479452,43,14687,629,0.30743243243243246
28.333333333333332,295,0.649837450974899,0.3243094650842835,0.5491525423728814,42,14729,630,0.2939189189189189
28.416666666666668,292,0.649996783773489,0.3250986439668071,0.5547945205479452,48,14777,634,0.30067567567567566
28.5,292,0.6436687779165869,0.32084857516194376,0.5547945205479452,50,14827,638,0.2939189189189189
28.583333333333332,294,0.6400870426709817,0.32802129676110503,0.5510204081632653,49,14876,640,0.28716216216216217
28.666666666666668,295,0.6418026634328822,0.3262544984779975,0.5627118644067797,36,14912,641,0.28716216216216217
28.75,294,0.6444886564047588,0.3071673791061546,0.5544217687074829,49,14961,643,0.30743243243243246
28.833333333333332,293,0.6470893274193794,0.3045085934164432,0.5665529010238908,44,15005,645,0.3141891891891892
28.916666666666668,295,0.6464780629284689,0.3090303669964687,0.5661016949152542,46,15051,646,0.31756756756756754
29.0,292,0.6465504777900676,0.316968552756224,0.5616438356164384,46,15097,650,0.32094594594594594
29.083333333333332,295,0.6446306230131831,0.3194977339045136,0.5559322033898305,48,15145,651,0.3141891891891892
29.166666666666668,293,0.6458359964948075,0.31224404767741537,0.5563139931740614,51,15196,654,0.32094594594594594
29.25,295,0.6451931674594725,0.30991205264756705,0.5525423728813559,46,15242,655,0.31756756756756754
29.333333333333332,293,0.646507998710705,0.29945740315015656,0.5460750853242321,40,15282,658,0.32094594594594594
29.416666666666668,296,0.6470476840733994,0.2998147090443602,0.5506756756756757,49,15331,658,0.32432432432432434
29.5,295,0.6529117346685135,0.31319536395807585,0.5559322033898305,44,15375,659,0.3277027027027027
29.583333333333332,294,0.6554956345938402,0.305789722371355,0.5544217687074829,44,15419,661,0.32432432432432434
29.666666666666668,293,0.6547290905999474,0.3120740276030378,0.552901023890785,56,15475,664,0.3310810810810811
29.75,295,0.653789825982813,0.31469721427348546,0.5525423728813559,49,15524,665,0.3310810810810811
29.833333333333332,293,0.6556191269784599,0.32622078338801885,0.5597269624573379,53,15577,668,0.3310810810810811
29.916666666666668,292,0.651251449891677,0.3237087113799443,0.5445205479452054,58,15635,672,0.32432432432432434
30.0,293,0.6456796269823142,0.32080399691321193,0.5392491467576792,46,15681,675,0.3141891891891892
30.083333333333332,293,0.6424949459154966,0.32738385933561504,0.5392491467576792,54,15735,678,0.3108108108108108
30.166666666666668,295,0.6418306748250436,0.3363616603001837,0.5389830508474577,56,15791,679,0.3141891891891892
30.25,292,0.6431377992800107,0.3337046888823067,0.541095890410959,37,15828,683,0.31756756756756754
30.333333333333332,295,0.640216907162061,0.3163732494643153,0.535593220338983,41,15869,684,0.3141891891891892
30.416666666666668,296,0.6450413884511174,0.3130155786405786,0.5337837837837838,52,15921,684,0.31756756756756754
30.5,293,0.6484507734484465,0.3175125026660863,0.5290102389078498,50,15971,687,0.3344594594594595
30.583333333333332,296,0.6487339944293917,0.31805143699816824,0.527027027027027,48,16019,687,0.3310810810810811
30.666666666666668,294,0.6532080519169986,0.3157986602160214,0.5340136054421769,48,16067,689,0.3344594594594595
30.75,294,0.6534009783245157,0.31296312920993646,0.5374149659863946,50,16117,691,0.3277027027027027
30.833333333333332,295,0.6546760598015338,0.3067612106648084,0.5322033898305085,56,16173,692,0.3310810810810811
30.916666666666668,294,0.6570540965180544,0.3204203822693044,0.5306122448979592,50,16223,694,0.3310810810810811
31.0,293,0.6562486724649544,0.30590872647971706,0.5255972696245734,48,16271,697,0.32432432432432434
31.083333333333332,295,0.6552830405562702,0.3155167042412087,0.5186440677966102,45,16316,698,0.3277027027027027
31.166666666666668,290,0.6528814980934416,0.31075153370281533,0.5137931034482759,50,16366,704,0.33783783783783783
31.25,294,0.6439261992987599,0.30489912216082105,0.5136054421768708,44,16410,706,0.33783783783783783
31.333333333333332,295,0.6450107656699586,0.3048566754741089,0.5186440677966102,52,16462,707,0.3310810810810811
31.416666666666668,295,0.648510257284417,0.2871721673537654,0.5186440677966102,53,16515,708,0.3344594594594595
31.5,295,0.6519746191390695,0.2943643631052832,0.5186440677966102,49,16564,709,0.34797297297297297
31.583333333333332,295,0.6553871969992606,0.2918277014887184,0.5220338983050847,53,16617,710,0.34797297297297297
31.666666666666668,292,0.6553169564866448,0.28188054335314605,0.523972602739726,51,16668,714,0.34797297297297297
31.75,290,0.6470785299377556,0.27989411038162526,0.5206896551724138,54,16722,720,0.34459459459459457
31.833333333333332,295,0.639334939772858,0.2801124588120497,0.5152542372881356,64,16786,721,0.3277027027027027
31.916666666666668,295,0.6427417930139622,0.2841160540868314,0.5186440677966102,39,16825,722,0.3310810810810811
32.0,292,0.6426961164975448,0.2841124743492481,0.5205479452054794,46,16871,726,0.3310810810810811
32.083333333333336,292,0.6359888803392144,0.2841255415712194,0.5068493150684932,55,16926,730,0.3310810810810811
32.166666666666664,295,0.6329738279403553,0.28923110982140793,0.5084745762711864,43,16969,731,0.32094594594594594
32.25,294,0.6353351952217113,0.3041156506849681,0.5204081632653061,56,17025,733,0.32432432432432434
32.333333333333336,294,0.6356214238185336,0.3011720428944215,0.5238095238095238,36,17061,735,0.32094594594594594
32.416666666666664,296,0.6384070659817177,0.2988650008662324,0.5304054054054054,52,17113,735,0.31756756756756754
32.5,293,0.641907910917446,0.30147068899948065,0.5324232081911263,42,17155,738,0.32432432432432434
32.583333333333336,293,0.6389391197024886,0.31160465005981913,0.5255972696245734,39,17194,741,0.3141891891891892
32.666666666666664,291,0.6334275231746114,0.2993217839803105,0.5223367697594502,52,17246,746,0.30743243243243246
32.75,295,0.6321344796571212,0.3004441231072798,0.5220338983050847,38,17284,746,0.2972972972972973
32.833333333333336,296,0.6373521494615193,0.3046030563160962,0.527027027027027,42,17326,746,0.2972972972972973
32.916666666666664,293,0.6418902173633514,0.3127576365871922,0.5221843003412969,56,17382,749,0.2972972972972973
33.0,293,0.6391091801033634,0.30696709606968925,0.515358361774744,44,17426,752,0.30405405405405406
33.083333333333336,294,0.6374674746018376,0.3060962594244512,0.5136054421768708,36,17462,754,0.2972972972972973
33.166666666666664,294,0.6381062860845307,0.311165768417955,0.5102040816326531,43,17505,756,0.2972972972972973
33.25,296,0.6409998389454707,0.29883050552693413,0.5168918918918919,53,17558,756,0.30743243243243246
33.333333333333336,295,0.6469717021314243,0.3054656459135878,0.5186440677966102,45,17603,757,0.3141891891891892
33.416666666666664,294,0.6495609551774489,0.30018446127532616,0.5238095238095238,51,17654,759,0.3141891891891892
33.5,293,0.6487001756119822,0.29909303862253644,0.5290102389078498,44,17698,762,0.3141891891891892
33.583333333333336,291,0.6431225227697773,0.29798612358749815,0.5223367697594502,40,17738,767,0.3108108108108108
33.666666666666664,294,0.6368414228627518,0.28691948955554397,0.5170068027210885,55,17793,769,0.2972972972972973
33.75,290,0.632812194740276,0.2980193401745126,0.5103448275862069,32,17825,775,0.2972972972972973
33.833333333333336,292,0.621976310345197,0.289482039396423,0.5034246575342466,47,17872,779,0.28716216216216217
33.916666666666664,295,0.6195144460884553,0.2877731026036111,0.5084745762711864,49,17921,780,0.27364864864864863
34.0,295,0.623668618127094,0.2942019092019092,0.511864406779661,45,17966,781,0.27364864864864863
34.083333333333336,295,0.6279301250450452,0.29918251240285143,0.511864406779661,40,18006,782,0.27702702702702703
34.166666666666664,294,0.630868301312109,0.2967193048825702,0.5068027210884354,41,18047,784,0.28040540540540543
34.25,295,0.6328786927041534,0.30521734386141164,0.5084745762711864,52,18099,785,0.27702702702702703
34.333333333333336,295,0.6369912859488644,0.2867024594990697,0.5186440677966102,43,18142,786,0.28378378378378377
34.416666666666664,296,0.6422416128506341,0.2942583126905161,0.5168918918918919,55,18197,786,0.2939189189189189
34.5,294,0.6472139240125695,0.28902665707404557,0.5170068027210885,43,18240,788,0.30405405405405406
34.583333333333336,294,0.6477874556602752,0.2911248989682058,0.5272108843537415,49,18289,790,0.30067567567567566
34.666666666666664,295,0.6494737760885401,0.2835762730677985,0.5220338983050847,50,18339,791,0.30067567567567566
34.75,292,0.6498210706657533,0.27728943430998226,0.5308219178082192,49,18388,795,0.30405405405405406
34.833333333333336,292,0.6435886968774743,0.2891804827592499,0.5205479452054794,41,18429,799,0.2972972972972973
34.916666666666664,295,0.640875610369019,0.2804885775546916,0.511864406779661,41,18470,800,0.2939189189189189
35.0,295,0.6448279338345179,0.28874342096441513,0.511864406779661,46,18516,801,0.2972972972972973
35.083333333333336,291,0.6446411218140091,0.30202764835133666,0.5257731958762887,43,18559,806,0.2972972972972973
35.166666666666664,294,0.638613366998302,0.3038878624939621,0.5272108843537415,47,18606,808,0.2905405405405405
35.25,295,0.6403178439444248,0.3168756294033909,0.5322033898305085,44,18650,809,0.2939189189189189
35.333333333333336,293,0.6418872042328128,0.3176752346812368,0.5392491467576792,46,18696,812,0.2972972972972973
35.416666666666664,295,0.6416359778357147,0.3033554389742663,0.5254237288135594,49,18745,813,0.2972972972972973
35.5,292,0.6419317441888208,0.308699595369301,0.5273972602739726,47,18792,817,0.2972972972972973
35.583333333333336,293,0.6374461389713231,0.293168945494143,0.5221843003412969,47,18839,820,0.2905405405405405
35.666666666666664,292,0.6379034852159767,0.29855141843594885,0.523972602739726,48,18887,823,0.2905405405405405
35.75,294,0.6341494692360106,0.3032017094452238,0.5136054421768708,40,18927,825,0.28040540540540543
35.833333333333336,294,0.6348392182345358,0.30926400504833573,0.5068027210884354,43,18970,827,0.27702702702702703
35.916666666666664,296,0.6381175677456976,0.32604645538967575,0.5236486486486487,38,19008,827,0.2702702702702703
36.0,292,0.6408421363271705,0.31814002143407766,0.5205479452054794,50,19058,831,0.28040540540540543
36.083333333333336,294,0.6372330613107057,0.308713452080799,0.5068027210884354,48,19106,833,0.28716216216216217
36.166666666666664,292,0.635367881591629,0.308222200174255,0.5034246575342466,40,19146,837,0.28378378378378377
36.25,295,0.6330063436722192,0.2954844402302029,0.49830508474576274,43,19189,838,0.27364864864864863
36.333333333333336,294,0.6358878262929725,0.302121791662608,0.5034013605442177,43,19232,840,0.27702702702702703
36.416666666666664,292,0.6349680133592887,0.3022904796877399,0.5034246575342466,42,19274,844,0.27702702702702703
36.5,294,0.6312814316728292,0.30777048947351554,0.5034013605442177,36,19310,846,0.28040540540540543
36.583333333333336,296,0.6344042349878193,0.29567573037400624,0.5101351351351351,27,19337,846,0.27364864864864863
36.666666666666664,294,0.639460782995687,0.302659566760552,0.5204081632653061,42,19379,848,0.28378378378378377
36.75,295,0.6414294857890372,0.30319639059557235,0.5288135593220339,50,19429,849,0.27702702702702703
36.833333333333336,294,0.6443350924951439,0.33266106824340463,0.5476190476190477,41,19470,851,0.27702702702702703
36.916666666666664,293,0.6439333912953162,0.3236476278549952,0.5392491467576792,34,19504,854,0.2702702702702703
37.0,296,0.6448594314538728,0.33020390962201307,0.543918918918919,43,19547,854,0.28040540540540543
37.083333333333336,292,0.6478411529056298,0.34378302574452785,0.541095890410959,51,19598,858,0.2905405405405405
37.166666666666664,295,0.6452575820635583,0.3472087517002771,0.535593220338983,55,19653,859,0.2972972972972973
37.25,293,0.6465956022930485,0.3379040849177368,0.5290102389078498,56,19709,862,0.30405405405405406
37.333333333333336,295,0.6460766452139315,0.32505734684883286,0.5288135593220339,42,19751,863,0.3108108108108108
37.416666666666664,296,0.6510027368772968,0.3288326100099356,0.527027027027027,37,19788,863,0.3141891891891892
37.5,295,0.6569524453645688,0.31577204646183754,0.535593220338983,43,19831,864,0.32432432432432434
37.583333333333336,293,0.6585601682601875,0.31129873468948,0.5426621160409556,52,19883,867,0.3344594594594595
37.666666666666664,295,0.6576084739900796,0.29623314844836324,0.5389830508474577,50,19933,868,0.3310810810810811
37.75,294,0.6599482959799294,0.30974992812914026,0.5408163265306123,45,19978,870,0.3344594594594595
37.833333333333336,295,0.6612544448929227,0.2969269807405401,0.535593220338983,38,20016,871,0.3344594594594595
37.916666666666664,293,0.6624886918795576,0.29384371790515135,0.5290102389078498,49,20065,874,0.34121621621621623
38.0,292,0.6579552469764381,0.28246664864815546,0.5205479452054794,44,20109,878,0.33783783783783783
38.083333333333336,294,0.6534919817491474,0.2829205091960194,0.5034013605442177,46,20155,880,0.3310810810810811
38.166666666666664,296,0.6558937900243894,0.2816918441918442,0.5067567567567568,41,20196,880,0.3344594594594595
38.25,291,0.6569320135368169,0.2908994213117924,0.5017182130584192,49,20245,885,0.34459459459459457
38.333333333333336,293,0.649068326611236,0.2765545792849547,0.4948805460750853,34,20279,888,0.3310810810810811
38.416666666666664,293,0.6474064194831025,0.2876970867585202,0.5051194539249146,43,20322,891,0.3344594594594595
38.5,292,0.6426848984918179,0.2972985538054031,0.4965753424657534,41,20363,895,0.3344594594594595
38.583333333333336,294,0.6383237427141828,0.28541491577205863,0.5034013605442177,51,20414,897,0.32094594594594594
38.666666666666664,295,0.6396577869592419,0.2864401323723358,0.49830508474576274,39,20453,898,0.32094594594594594
38.75,293,0.6409889254699117,0.2763576298559234,0.49146757679180886,48,20501,901,0.32432432432432434
38.833333333333336,293,0.6377631677462198,0.27786100891902943,0.48464163822525597,54,20555,904,0.31756756756756754
38.916666666666664,295,0.6375375637610543,0.28375390179013793,0.5050847457627119,33,20588,905,0.30743243243243246
39.0,294,0.6399636963370151,0.2920604436614289,0.5068027210884354,42,20630,907,0.3108108108108108
39.083333333333336,295,0.6415283828004448,0.2840939854353063,0.5084745762711864,41,20671,908,0.30743243243243246
39.166666666666664,293,0.6427693964755838,0.29090231000022687,0.5051194539249146,41,20712,911,0.3108108108108108
39.25,295,0.6420869008105742,0.28266771834568444,0.5084745762711864,31,20743,912,0.3108108108108108
39.333333333333336,294,0.6445189079921239,0.2792699175352237,0.5136054421768708,36,20779,914,0.3141891891891892
39.416666666666664,296,0.647218366560043,0.2833453149185908,0.5236486486486487,40,20819,914,0.3108108108108108
39.5,295,0.6531138956455936,0.28182528426830006,0.5220338983050847,44,20863,915,0.3141891891891892
39.583333333333336,296,0.658010245941714,0.27163542195869783,0.5405405405405406,43,20906,915,0.31756756756756754
39.666666666666664,293,0.6616272004896234,0.2757621411057918,0.5426621160409556,53,20959,918,0.32432432432432434
39.75,296,0.6619545825923678,0.27053666116166114,0.5506756756756757,49,21008,918,0.31756756756756754
39.833333333333336,291,0.6631614568605507,0.27282208055403934,0.5463917525773195,50,21058,923,0.32432432432432434
39.916666666666664,292,0.6576846141475079,0.262425787682637,0.5342465753424658,46,21104,926,0.31756756756756754
40.0,294,0.6533944757706992,0.25819958575060614,0.5374149659863946,41,21145,928,0.30405405405405406
40.083333333333336,294,0.6536948373259571,0.26726234838479734,0.5408163265306123,50,21195,930,0.30743243243243246
40.166666666666664,294,0.6540894054887204,0.2754967084670156,0.5476190476190477,45,21240,932,0.30067567567567566
40.25,294,0.6545353682202926,0.2753971104082339,0.5510204081632653,53,21293,934,0.2972972972972973
40.333333333333336,293,0.6538127143370625,0.262087731112513,0.5494880546075085,51,21344,937,0.2939189189189189
40.416666666666664,293,0.6508909838242452,0.26860169496436076,0.5460750853242321,47,21391,940,0.28716216216216217
40.5,291,0.6455588637070512,0.270598139881061,0.5395189003436426,50,21441,945,0.28378378378378377
40.583333333333336,295,0.6407680283507198,0.26389361007754597,0.535593220338983,39,21480,946,0.2702702702702703
40.666666666666664,291,0.6399254394731917,0.27628066032794085,0.5360824742268041,45,21525,951,0.28040540540540543
40.75,296,0.6364865163064118,0.27681296097244373,0.5405405405405406,50,21575,951,0.2702702702702703
40.833333333333336,293,0.640187694158233,0.2893193108592661,0.5392491467576792,49,21624,954,0.28378378378378377
40.916666666666664,293,0.6382515140002469,0.2756463496489388,0.5324232081911263,40,21664,957,0.27702702702702703
41.0,292,0.634180319598018,0.2780150893430299,0.5273972602739726,54,21718,961,0.27702702702702703
41.083333333333336,295,0.631664843069431,0.27234258644850845,0.5220338983050847,53,21771,962,0.28040540540540543
41.166666666666664,294,0.6351637791646803,0.27366389586963863,0.5306122448979592,43,21814,964,0.28378378378378377
41.25,296,0.6382097853136155,0.26285007527740084,0.5304054054054054,43,21857,964,0.28716216216216217
41.333333333333336,296,0.6455560046298165,0.2615620708643965,0.5337837837837838,47,21904,964,0.2905405405405405
41.416666666666664,293,0.6494119337044889,0.2718978906160496,0.5392491467576792,40,21944,967,0.2905405405405405
41.5,293,0.646613931761148,0.2839222099785364,0.5358361774744027,49,21993,970,0.28378378378378377
41.583333333333336,294,0.6449619474546172,0.28616124826840345,0.5408163265306123,60,22053,972,0.27702702702702703
41.666666666666664,295,0.6467540369197693,0.2894894075523616,0.5389830508474577,52,22105,973,0.28040540540540543
41.75,295,0.6507114304744026,0.2784523749051594,0.5457627118644067,56,22161,974,0.2905405405405405
41.833333333333336,294,0.6534519051447225,0.28328241917892066,0.5408163265306123,47,22208,976,0.2939189189189189
41.916666666666664,295,0.6550079179487267,0.2740321922379199,0.535593220338983,59,22267,977,0.30067567567567566
42.0,291,0.653998526016285,0.2764050004451711,0.5292096219931272,61,22328,982,0.30743243243243246
42.083333333333336,294,0.6476231509618554,0.2684662940468711,0.5238095238095238,60,22388,984,0.2972972972972973
42.166666666666664,294,0.6479312080709857,0.269810584676876,0.5272108843537415,52,22440,986,0.2972972972972973
42.25,294,0.6482929696136633,0.26684536039492307,0.5272108843537415,53,22493,988,0.30067567567567566
42.333333333333336,295,0.6498113552305372,0.2796890384299585,0.5220338983050847,54,22547,989,0.3141891891891892
42.416666666666664,292,0.6498705334815703,0.2799578832235388,0.5171232876712328,54,22601,993,0.32094594594594594
42.5,290,0.644543808132694,0.2678887382458811,0.5137931034482759,38,22639,998,0.32094594594594594
42.583333333333336,292,0.6366704027898833,0.26316970564769,0.5068493150684932,52,22691,1001,0.32094594594594594
42.666666666666664,294,0.6323862189802826,0.26725898817735555,0.5,45,22736,1003,0.3108108108108108
42.75,296,0.6350641995374325,0.27250714750714755,0.5101351351351351,38,22774,1003,0.30743243243243246
42.833333333333336,293,0.6384528653743607,0.2733033560531501,0.5051194539249146,50,22824,1006,0.3141891891891892
42.916666666666664,291,0.6327762319785631,0.27641939040801466,0.5017182130584192,37,22861,1011,0.31756756756756754
43.0,295,0.6277516019808794,0.2743979752308215,0.49491525423728816,50,22911,1012,0.30743243243243246
43.083333333333336,293,0.6287793275436598,0.28364576298258776,0.5017064846416383,43,22954,1015,0.3141891891891892
43.166666666666664,294,0.6269160669246738,0.276785034693198,0.4931972789115646,44,22998,1017,0.3141891891891892
43.25,294,0.6271902722646229,0.2753029094865829,0.48639455782312924,41,23039,1019,0.31756756756756754
43.333333333333336,296,0.6300035410063265,0.2742806839789598,0.48986486486486486,35,23074,1019,0.31756756756756754
43.416666666666664,295,0.6358782397267027,0.27314849965931204,0.5050847457627119,51,23125,1020,0.32432432432432434
43.5,292,0.636367159035206,0.2828323791361108,0.5068493150684932,45,23170,1024,0.32432432432432434
43.583333333333336,295,0.6369153603368782,0.26863631692679035,0.5050847457627119,35,23205,1024,0.31756756756756754
43.666666666666664,294,0.6393121418884421,0.26992077305237056,0.5034013605442177,44,23249,1026,0.32094594594594594
43.75,292,0.6377299480622026,0.27647379192538235,0.5068493150684932,54,23303,1030,0.31756756756756754
43.833333333333336,293,0.6324166855918026,0.27940209171456293,0.5085324232081911,37,23340,1033,0.30743243243243246
43.916666666666664,295,0.6317985450218668,0.2749316687708351,0.5152542372881356,36,23376,1034,0.30743243243243246
44.0,294,0.6343195614001208,0.280119662713384,0.5204081632653061,36,23412,1036,0.3108108108108108
44.083333333333336,290,0.6297328742369205,0.28544198107147783,0.5241379310344828,40,23452,1042,0.3108108108108108
44.166666666666664,294,0.6216130008312928,0.2844011713909673,0.5136054421768708,35,23487,1044,0.2939189189189189
44.25,294,0.6221419483343181,0.2939216018297651,0.5102040816326531,36,23523,1046,0.2905405405405405
44.333333333333336,296,0.6254036745228683,0.28999538374538375,0.5067567567567568,33,23556,1046,0.28716216216216217
44.416666666666664,295,0.6316726272643808,0.2881123866717087,0.5050847457627119,31,23587,1047,0.28716216216216217
44.5,292,0.6321044678920971,0.2949547218382835,0.5034246575342466,38,23625,1051,0.2939189189189189
44.583333333333336,293,0.6272298624985628,0.2947842638968919,0.49829351535836175,44,23669,1054,0.28378378378378377
44.666666666666664,293,0.6261479071891158,0.3011180419883492,0.4948805460750853,44,23713,1057,0.28378378378378377
44.75,295,0.625893125365975,0.30215042020126764,0.49830508474576274,41,23754,1058,0.28378378378378377
44.833333333333336,293,0.6273424281372613,0.2896602638923458,0.5017064846416383,55,23809,1061,0.30743243243243246
44.916666666666664,294,0.6257483191796591,0.2860475031393399,0.5,41,23850,1063,0.2972972972972973
45.0,296,0.6288212687722969,0.2869037495765606,0.5168918918918919,42,23892,1063,0.2939189189189189
45.083333333333336,295,0.6349418645557332,0.2949590900477412,0.5389830508474577,54,23946,1064,0.30405405405405406
45.166666666666664,294,0.6376967534333561,0.29970567998170744,0.5374149659863946,50,23996,1066,0.30067567567567566
45.25,292,0.6357401980351108,0.29928520734538344,0.5273972602739726,49,24045,1070,0.30405405405405406
45.333333333333336,295,0.6331600965053051,0.30141456337582245,0.5220338983050847,48,24093,1071,0.2939189189189189
45.416666666666664,296,0.6382998813162571,0.3076429717833372,0.527027027027027,60,24153,1071,0.2905405405405405
45.5,295,0.6445524977285061,0.3082656199841852,0.5322033898305085,43,24196,1072,0.2939189189189189
45.583333333333336,294,0.6474038661912784,0.3037881114649031,0.5408163265306123,52,24248,1074,0.2972972972972973
45.666666666666664,295,0.6492048610225435,0.294452982851852,0.5457627118644067,65,24313,1075,0.2972972972972973
45.75,293,0.6514452905192646,0.306600774984154,0.5392491467576792,54,24367,1078,0.2972972972972973
45.833333333333336,293,0.6484586609421948,0.31036897611920966,0.5460750853242321,51,24418,1081,0.30743243243243246
45.916666666666664,295,0.6478537211494414,0.2978748964844505,0.5457627118644067,49,24467,1082,0.2972972972972973
46.0,294,0.6505848295471973,0.3086097794935156,0.5476190476190477,49,24516,1084,0.2972972972972973
46.083333333333336,294,0.6511726291638766,0.30510116640789436,0.5408163265306123,53,24569,1086,0.2972972972972973
46.166666666666664,295,0.6529309068720399,0.2972936980682349,0.5457627118644067,37,24606,1087,0.2939189189189189
46.25,293,0.6545428297920386,0.2948158054079159,0.552901023890785,53,24659,1090,0.30067567567567566
46.333333333333336,294,0.6528718685199282,0.2825074710397444,0.5476190476190477,51,24710,1092,0.30067567567567566
46.416666666666664,295,0.6545237495796761,0.28757760936937693,0.5491525423728814,49,24759,1093,0.30067567567567566
46.5,293,0.6561599042072792,0.2856137970594333,0.5494880546075085,42,24801,1096,0.3108108108108108
46.583333333333336,296,0.6566826875761026,0.27899390265461693,0.5472972972972973,50,24851,1096,0.31756756756756754
46.666666666666664,293,0.6603319791954683,0.29068958967788805,0.5494880546075085,54,24905,1099,0.32094594594594594
46.75,294,0.6584957631332489,0.28174475481326794,0.5408163265306123,44,24949,1101,0.32432432432432434
46.833333333333336,296,0.6610220428956198,0.28141234569806,0.5371621621621622,52,25001,1101,0.32094594594594594
46.916666666666664,294,0.6658816339176715,0.28189596549654855,0.5408163265306123,41,25042,1103,0.32432432432432434
47.0,294,0.6662646688894301,0.28003626969444534,0.5340136054421769,51,25093,1105,0.32094594594594594
47.083333333333336,294,0.6665854649009935,0.2864257234111956,0.5374149659863946,52,25145,1107,0.32094594594594594
47.166666666666664,291,0.663549557078819,0.2823834800595241,0.5360824742268041,52,25197,1112,0.32432432432432434
47.25,295,0.6583127097396748,0.27927354062516374,0.5457627118644067,40,25237,1113,0.3141891891891892
47.333333333333336,295,0.6621114176569515,0.2775266998952721,0.5525423728813559,47,25284,1114,0.32094594594594594
47.416666666666664,291,0.6614855379873545,0.2737124654650428,0.5567010309278351,53,25337,1119,0.31756756756756754
47.5,294,0.6552154043693059,0.2773599416456559,0.5510204081632653,53,25390,1121,0.31756756756756754
47.583333333333336,295,0.6567955846708491,0.27841717604429467,0.5525423728813559,48,25438,1122,0.3108108108108108
47.666666666666664,293,0.6584279358789982,0.2756632067212272,0.5631399317406144,37,25475,1125,0.3108108108108108
47.75,292,0.6544589429802484,0.2696152306597512,0.5513698630136986,53,25528,1129,0.30743243243243246
47.833333333333336,292,0.6482115870688477,0.2777969937216513,0.5513698630136986,38,25566,1133,0.2972972972972973
47.916666666666664,295,0.645618084290371,0.272342469206876,0.5491525423728814,51,25617,1134,0.30067567567567566
48.0,294,0.648461185595346,0.2733337335378152,0.5578231292517006,56,25673,1136,0.2972972972972973
48.083333333333336,292,0.6468602069597106,0.2806588008642803,0.5582191780821918,58,25731,1140,0.2939189189189189
48.166666666666664,293,0.6420392984653436,0.2819142935183891,0.5426621160409556,47,25778,1143,0.28040540540540543
48.25,291,0.6373570089449024,0.28939283320726616,0.5498281786941581,57,25835,1148,0.27702702702702703
48.333333333333336,295,0.6328113200105974,0.2761216810605853,0.5491525423728814,56,25891,1149,0.27364864864864863
48.416666666666664,294,0.6357678902595184,0.27686523275631014,0.5374149659863946,51,25942,1151,0.27364864864864863
48.5,292,0.6341222289112796,0.27379973195718654,0.541095890410959,51,25993,1155,0.28040540540540543
48.583333333333336,295,0.6318747423831736,0.2687326294342455,0.5389830508474577,47,26040,1156,0.27364864864864863
48.666666666666664,291,0.6320489390461296,0.26236352421919434,0.5360824742268041,49,26089,1161,0.27702702702702703
48.75,294,0.6263667068942719,0.26685521583480765,0.5272108843537415,54,26143,1163,0.27702702702702703
48.833333333333336,293,0.6257583709248427,0.2590846014054205,0.5255972696245734,44,26187,1166,0.27364864864864863
48.916666666666664,293,0.6236481756674414,0.2602627555048449,0.5358361774744027,56,26243,1169,0.27364864864864863
49.0,295,0.6235900951582001,0.25845323194791736,0.5322033898305085,53,26296,1170,0.27364864864864863
49.083333333333336,295,0.6284034319470806,0.2573738217159648,0.5322033898305085,57,26353,1171,0.2702702702702703
49.166666666666664,292,0.6289594274472867,0.26631530569886736,0.5273972602739726,42,26395,1175,0.2905405405405405
49.25,295,0.6266019485688281,0.26794801243953786,0.5288135593220339,40,26435,1176,0.28378378378378377
49.333333333333336,293,0.6314948602434963,0.2600163393678752,0.5290102389078498,42,26477,1178,0.30067567567567566
49.416666666666664,292,0.6274095027405617,0.2497244764368052,0.5171232876712328,58,26535,1182,0.30067567567567566
49.5,293,0.622297475274483,0.24732631797478216,0.5051194539249146,43,26578,1185,0.2972972972972973
49.583333333333336,296,0.6232487200686979,0.2386456358439117,0.5033783783783784,48,26626,1185,0.28716216216216217
49.666666666666664,295,0.6293818469293831,0.2393670739287338,0.5050847457627119,48,26674,1186,0.28716216216216217
49.75,293,0.6310028755942982,0.24715722201692136,0.5017064846416383,43,26717,1189,0.2905405405405405
49.833333333333336,291,0.6256978288632499,0.24287767439207184,0.49828178694158076,43,26760,1194,0.28040540540540543
49.916666666666664,294,0.6200057710271074,0.23942219032824244,0.5,51,26811,1196,0.2635135135135135
50.0,293,0.6193304222881932,0.23437039795719727,0.49829351535836175,49,26860,1199,0.2905405405405405
50.083333333333336,290,0.6125229351333847,0.2317418784864723,0.4862068965517241,46,26906,1205,0.28716216216216217
50.166666666666664,293,0.6034229198443085,0.23408704460217158,0.4812286689419795,51,26957,1208,0.2702702702702703
50.25,296,0.6047359187300084,0.24052700270920607,0.49324324324324326,47,27004,1208,0.2668918918918919
50.333333333333336,292,0.6070107366277006,0.24641975581436978,0.4931506849315068,45,27049,1212,0.2702702702702703
50.416666666666664,294,0.6038125819153766,0.25452743033455644,0.5102040816326531,49,27098,1214,0.2635135135135135
50.5,295,0.6060529421508924,0.23877301991639308,0.4915254237288136,48,27146,1215,0.2635135135135135
50.583333333333336,295,0.6104472115309053,0.24178619873535132,0.49830508474576274,51,27197,1216,0.2635135135135135
50.666666666666664,294,0.6134814058193414,0.23987897967489805,0.4931972789115646,51,27248,1218,0.27702702702702703
50.75,294,0.6146538450969934,0.24451356466662588,0.4965986394557823,51,27299,1220,0.28378378378378377
50.833333333333336,292,0.6128557754307404,0.24098445314198738,0.4897260273972603,45,27344,1224,0.28716216216216217
50.916666666666664,295,0.6106089961680082,0.24770147796782183,0.4847457627118644,53,27397,1225,0.28716216216216217
51.0,295,0.6146222233391361,0.23986519936883133,0.49491525423728816,48,27445,1226,0.28716216216216217
51.083333333333336,293,0.6161426560421215,0.24743314949312026,0.4948805460750853,50,27495,1229,0.28378378378378377
51.166666666666664,296,0.6174120962627633,0.2598516710123853,0.5,51,27546,1229,0.27364864864864863
51.25,293,0.6211714802400367,0.2502978723968485,0.49146757679180886,41,27587,1232,0.28378378378378377
51.333333333333336,291,0.61592374041847,0.2482877565351792,0.4845360824742268,41,27628,1237,0.28716216216216217
51.416666666666664,291,0.6063253190916048,0.25414169640973766,0.48109965635738833,42,27670,1242,0.27364864864864863
51.5,294,0.6042827463527414,0.24816545823982697,0.48299319727891155,44,27714,1243,0.2668918918918919
51.583333333333336,294,0.6052994667937858,0.2568871503798864,0.48299319727891155,48,27762,1245,0.2635135135135135
51.666666666666664,296,0.6090750867640201,0.25236990798431475,0.48986486486486486,50,27812,1245,0.25675675675675674
51.75,293,0.6130903846802721,0.2555814486253544,0.48464163822525597,49,27861,1248,0.26013513513513514
51.833333333333336,294,0.6122310422909732,0.2566401940104811,0.48299319727891155,43,27904,1250,0.25
51.916666666666664,292,0.6131188621593956,0.2603500000760275,0.4931506849315068,48,27952,1254,0.24324324324324326
52.0,295,0.6114455589670836,0.273496070146458,0.49491525423728816,36,27988,1255,0.23310810810810811
52.083333333333336,295,0.6160598753550409,0.27565699773111435,0.5016949152542373,39,28027,1256,0.23648648648648649
52.166666666666664,294,0.6194324974474794,0.27838561601100514,0.5,51,28078,1258,0.24324324324324326
52.25,295,0.6252910499355449,0.2768067895588723,0.5016949152542373,37,28115,1258,0.25675675675675674
52.333333333333336,292,0.6259575183909362,0.27451771972319916,0.4965753424657534,59,28174,1262,0.26013513513513514
52.416666666666664,294,0.6237740062354786,0.2701248581350622,0.4931972789115646,46,28220,1264,0.2533783783783784
52.5,293,0.6233154032896058,0.2841149464869601,0.49829351535836175,41,28261,1267,0.2668918918918919
52.583333333333336,296,0.6245450944012086,0.28610730518058103,0.4864864864864865,51,28312,1267,0.2702702702702703
52.666666666666664,293,0.6284541048195631,0.2922348227661868,0.4948805460750853,55,28367,1270,0.2702702702702703
52.75,293,0.6275099883819024,0.2891365653163935,0.49829351535836175,38,28405,1273,0.28378378378378377
52.833333333333336,293,0.6245566434295167,0.28166361543730023,0.4948805460750853,51,28456,1276,0.2905405405405405
52.916666666666664,296,0.6255090880955357,0.2791107046494977,0.4966216216216216,46,28502,1276,0.28040540540540543
53.0,292,0.6278608508451218,0.28424785535673586,0.4897260273972603,57,28559,1280,0.28378378378378377
53.083333333333336,295,0.6255575346762218,0.29343224280103297,0.488135593220339,37,28596,1281,0.27364864864864863
53.166666666666664,294,0.6287893247503032,0.2916241071853317,0.4897959183673469,54,28650,1283,0.27702702702702703
53.25,295,0.630616145103243,0.28883577815781203,0.49830508474576274,48,28698,1284,0.28716216216216217
53.333333333333336,296,0.6357085816283661,0.29015367140367143,0.5067567567567568,53,28751,1284,0.2939189189189189
53.416666666666664,293,0.6392339794850675,0.2867036168230707,0.5221843003412969,50,28801,1287,0.30067567567567566
53.5,294,0.6408516242708151,0.28495818240716203,0.5306122448979592,62,28863,1288,0.30067567567567566
53.583333333333336,295,0.6424070520082168,0.2743707892860435,0.5389830508474577,48,28911,1289,0.2939189189189189
53.666666666666664,293,0.6437114122559737,0.28723094311831515,0.5392491467576792,57,28968,1292,0.30405405405405406
53.75,291,0.6381300260254604,0.29185266814132793,0.5292096219931272,56,29024,1297,0.30067567567567566
53.833333333333336,293,0.63745151383903,0.28810389458853625,0.5221843003412969,60,29084,1298,0.30067567567567566
53.916666666666664,294,0.6390329610310447,0.293383912006361,0.5238095238095238,52,29136,1299,0.2972972972972973
54.0,294,0.6394224732122997,0.300948879702524,0.5204081632653061,54,29190,1301,0.2972972972972973
54.083333333333336,295,0.6410734501195691,0.3186531251906554,0.5186440677966102,42,29232,1302,0.2972972972972973
54.166666666666664,293,0.6458225550662853,0.3082166492697941,0.515358361774744,49,29281,1304,0.30743243243243246
54.25,293,0.6428707667253333,0.31108972424184517,0.515358361774744,55,29336,1307,0.30743243243243246
54.333333333333336,292,0.638559282884158,0.3059926758409281,0.5034246575342466,53,29389,1311,0.3108108108108108
54.416666666666664,294,0.634543343076507,0.3015344541558475,0.4931972789115646,48,29437,1313,0.30067567567567566
54.5,294,0.6349768476217775,0.30893031792926234,0.4931972789115646,59,29496,1315,0.30067567567567566
54.583333333333336,291,0.6319472428626619,0.30667120236085754,0.4879725085910653,51,29547,1320,0.30067567567567566
54.666666666666664,294,0.6259720336438123,0.2977655470002409,0.48639455782312924,48,29595,1322,0.2905405405405405
54.75,294,0.6264351606262317,0.30187778963289164,0.48299319727891155,47,29642,1324,0.2939189189189189
54.833333333333336,296,0.6295986003934808,0.30390795390795394,0.4797297297297297,38,29680,1324,0.28716216216216217
54.916666666666664,292,0.6320941313366211,0.2992320940094913,0.4726027397260274,52,29732,1328,0.2972972972972973
55.0,293,0.6271948513106995,0.2953766559568607,0.4641638225255973,57,29789,1331,0.28378378378378377
55.083333333333336,291,0.6218718093394382,0.2956976871925326,0.46048109965635736,42,29831,1336,0.27364864864864863
55.166666666666664,295,0.6175884108510542,0.290461694614237,0.4745762711864407,41,29872,1337,0.27702702702702703
55.25,294,0.6204438368385045,0.3029976542731645,0.47278911564625853,39,29911,1339,0.28040540540540543
55.333333333333336,294,0.6214973202326264,0.2991105172227621,0.47278911564625853,42,29953,1341,0.28040540540540543
55.416666666666664,295,0.6237635956811397,0.2936458359540807,0.48135593220338985,40,29993,1342,0.28040540540540543
55.5,293,0.6255848996550973,0.29618022256565674,0.4880546075085324,41,30034,1345,0.28378378378378377
55.583333333333336,295,0.6263292052158181,0.2914000873523999,0.488135593220339,30,30064,1346,0.27364864864864863
55.666666666666664,294,0.6294209787674813,0.2997171762477885,0.5136054421768708,48,30112,1348,0.28378378378378377
55.75,295,0.6316720393257196,0.30153801941937536,0.5220338983050847,44,30156,1349,0.28378378378378377
55.833333333333336,293,0.6335309173786305,0.31150486790418536,0.5187713310580204,43,30199,1352,0.28716216216216217
55.916666666666664,295,0.6369864221200598,0.3061082326336564,0.5254237288135594,42,30241,1352,0.2939189189189189
56.0,296,0.6424410418907335,0.2982009263259263,0.527027027027027,45,30286,1352,0.2972972972972973
56.083333333333336,296,0.650099633321691,0.30692599442599444,0.5337837837837838,49,30335,1352,0.2972972972972973
56.166666666666664,294,0.655457768720069,0.30069495885822417,0.5374149659863946,52,30387,1354,0.30067567567567566
56.25,294,0.6563724090401007,0.2946860395839988,0.5374149659863946,43,30430,1356,0.2939189189189189
56.333333333333336,293,0.6561392029715886,0.2981764443368539,0.5426621160409556,38,30468,1359,0.2905405405405405
56.416666666666664,291,0.6530699552145195,0.29550132952194813,0.5429553264604811,47,30515,1364,0.28378378378378377
56.5,294,0.647278236651375,0.2971951329094186,0.5374149659863946,53,30568,1366,0.27702702702702703
56.583333333333336,292,0.6466698695739403,0.28693582662910005,0.541095890410959,54,30622,1370,0.2702702702702703
56.666666666666664,295,0.6444084486191684,0.2870261263157393,0.5254237288135594,40,30662,1371,0.2668918918918919
56.75,293,0.646271152391058,0.28277447608654377,0.5255972696245734,47,30709,1374,0.27702702702702703
56.833333333333336,293,0.6444421996012722,0.2804845115952141,0.5221843003412969,45,30754,1377,0.2668918918918919
56.916666666666664,290,0.6381960235597818,0.280331628351137,0.5310344827586206,51,30805,1383,0.2702702702702703
57.0,295,0.631709157563594,0.2676211800408177,0.5186440677966102,51,30856,1384,0.2533783783783784
57.083333333333336,294,0.6348759420196006,0.28080825721571673,0.5204081632653061,47,30903,1386,0.2533783783783784
57.166666666666664,292,0.6338871079338387,0.27329542603515206,0.5102739726027398,44,30947,1390,0.25
57.25,292,0.6281665350204789,0.26737934820126597,0.5068493150684932,43,30990,1394,0.25675675675675674
57.333333333333336,295,0.6267422667991979,0.2603182034537967,0.5186440677966102,47,31037,1395,0.24324324324324326
57.416666666666664,295,0.6311665481974249,0.2525301443799398,0.5220338983050847,53,31090,1396,0.25675675675675674
57.5,295,0.6390726857334582,0.27295886819849413,0.5322033898305085,47,31137,1396,0.25675675675675674
57.583333333333336,293,0.6426173729737084,0.26431232812014266,0.5426621160409556,47,31184,1399,0.2635135135135135
57.666666666666664,292,0.6387829017619362,0.26180611658587566,0.5342465753424658,43,31227,1403,0.2668918918918919
57.75,291,0.6320175461604772,0.2558422104813857,0.5189003436426117,52,31279,1408,0.2533783783783784
57.833333333333336,295,0.627588266735491,0.25645707399944684,0.5084745762711864,40,31319,1409,0.26013513513513514
57.916666666666664,293,0.6291745001554282,0.2533249552874126,0.5085324232081911,56,31375,1412,0.2702702702702703
58.0,295,0.6291293063560366,0.2578193651922466,0.511864406779661,42,31417,1413,0.2668918918918919
58.083333333333336,294,0.6320343991506432,0.2485320329708085,0.5170068027210885,36,31453,1415,0.28378378378378377
58.166666666666664,294,0.6327889344420415,0.26247564658643374,0.5136054421768708,40,31493,1417,0.28716216216216217
58.25,293,0.6324806753634203,0.25302056549009255,0.5119453924914675,43,31536,1420,0.2939189189189189
58.333333333333336,294,0.6308432931466017,0.26107183497854053,0.5102040816326531,46,31582,1422,0.28716216216216217
58.416666666666664,295,0.632604037950103,0.2550325085191913,0.511864406779661,49,31631,1423,0.2972972972972973
58.5,295,0.6365567222487415,0.26510719976821673,0.5152542372881356,39,31670,1424,0.2939189189189189
58.583333333333336,292,0.6402828474553621,0.2641294873315421,0.5171232876712328,42,31712,1427,0.30067567567567566
58.666666666666664,294,0.6364911527486438,0.2598957923641245,0.5204081632653061,39,31751,1429,0.2939189189189189
58.75,295,0.6382181095677475,0.2637409298280134,0.5288135593220339,36,31787,1430,0.2939189189189189
58.833333333333336,295,0.6423287763535667,0.2544895230751455,0.535593220338983,42,31829,1431,0.2939189189189189
58.916666666666664,295,0.6464093106346293,0.25453591735882797,0.5457627118644067,45,31874,1432,0.2939189189189189
59.0,296,0.6516958178311835,0.2661383008365767,0.5472972972972973,42,31916,1432,0.30067567567567566
59.083333333333336,294,0.6567462691816,0.2633968642325433,0.5476190476190477,50,31966,1434,0.3108108108108108
59.166666666666664,293,0.6596069266119284,0.26830912735349594,0.5460750853242321,52,32018,1436,0.3141891891891892
59.25,292,0.6560738509812837,0.26129248415207323,0.5376712328767124,53,32071,1440,0.3108108108108108
59.333333333333336,292,0.6495866427211131,0.2558734929454108,0.5342465753424658,43,32114,1444,0.3108108108108108
59.416666666666664,290,0.6475823164890119,0.25959787339097684,0.5413793103448276,46,32160,1448,0.30743243243243246
59.5,292,0.6402995746422836,0.2654937338156516,0.5308219178082192,43,32203,1451,0.2939189189189189
59.583333333333336,294,0.6365807692218849,0.2539513585431953,0.5238095238095238,42,32245,1453,0.28716216216216217
59.666666666666664,291,0.6336255874173109,0.2558437171839234,0.5223367697594502,46,32291,1458,0.28378378378378377
59.75,293,0.6267236683903804,0.2542319644708723,0.5119453924914675,48,32339,1461,0.2702702702702703
59.833333333333336,294,0.625424378387523,0.2596386417814989,0.5068027210884354,50,32389,1463,0.2702702702702703
59.916666666666664,292,0.6237428523694551,0.26164590095579265,0.5068493150684932,48,32437,1467,0.27702702702702703
60.0,294,0.6203851158267571,0.2605597947553335,0.5102040816326531,40,32477,1469,0.27364864864864863
60.083333333333336,296,0.6237644230295079,0.25178154545887105,0.5067567567567568,43,32520,1469,0.2702702702702703
60.166666666666664,294,0.6301566044327501,0.2607937067239393,0.5170068027210885,46,32566,1471,0.28040540540540543
60.25,295,0.6324374460565375,0.25912278235494635,0.5186440677966102,44,32610,1472,0.27702702702702703
60.333333333333336,295,0.6368058639874703,0.2696496911751149,0.5322033898305085,45,32655,1473,0.28040540540540543
60.416666666666664,294,0.6399859058550382,0.2682487202895366,0.5340136054421769,46,32701,1475,0.28378378378378377
60.5,295,0.6449180390898701,0.2639465807262417,0.5423728813559322,44,32745,1476,0.28378378378378377
60.583333333333336,293,0.6466401699105326,0.2599370481623042,0.5392491467576792,61,32806,1479,0.2939189189189189
60.666666666666664,295,0.6463991918989127,0.26236980566027907,0.5389830508474577,59,32865,1480,0.2905405405405405
60.75,291,0.6490914858226524,0.281770240885933,0.5498281786941581,51,32916,1484,0.2939189189189189
60.833333333333336,296,0.6456162208267694,0.27540343280118745,0.5371621621621622,53,32969,1484,0.28378378378378377
60.916666666666664,296,0.6530453072314021,0.2766783122010668,0.543918918918919,47,33016,1484,0.2905405405405405
61.0,292,0.656119397179389,0.2750929986023663,0.5376712328767124,44,33060,1488,0.2939189189189189
61.083333333333336,292,0.6511783745422638,0.2685994849374632,0.5342465753424658,33,33093,1492,0.30405405405405406
61.166666666666664,295,0.6483188250699893,0.26438744903385464,0.535593220338983,49,33142,1493,0.30405405405405406
61.25,293,0.6511233726445388,0.2771961068889397,0.5324232081911263,44,33186,1496,0.30405405405405406
61.333333333333336,295,0.6503832207983811,0.2777579012324775,0.5322033898305085,51,33237,1497,0.3141891891891892
61.416666666666664,292,0.6504818114083891,0.27907263968907803,0.523972602739726,53,33290,1501,0.3141891891891892
61.5,293,0.6451264392874136,0.28216591902598726,0.5187713310580204,41,33331,1504,0.3141891891891892
61.583333333333336,292,0.6441760668878046,0.2849343198658267,0.5,42,33373,1507,0.3141891891891892
61.666666666666664,293,0.6388740768837896,0.2854526304185007,0.49146757679180886,36,33409,1510,0.30743243243243246
61.75,294,0.637020008538881,0.2875646273605457,0.4965986394557823,39,33448,1512,0.30405405405405406
61.833333333333336,293,0.6362087751659787,0.29249245256071194,0.4948805460750853,43,33491,1515,0.30067567567567566
61.916666666666664,295,0.6361127572444327,0.2782846908270637,0.49830508474576274,49,33540,1516,0.30067567567567566
62.0,294,0.6387074863974521,0.2852124538349028,0.5068027210884354,42,33582,1518,0.30743243243243246
62.083333333333336,294,0.6391501716454868,0.28706581589234653,0.5,35,33617,1520,0.30743243243243246
62.166666666666664,293,0.6383554790513387,0.28734273879325073,0.49829351535836175,41,33658,1523,0.30405405405405406
62.25,294,0.6365828772771532,0.276689542505869,0.4965986394557823,49,33707,1525,0.30405405405405406
62.333333333333336,295,0.6382100814322118,0.2881054538681657,0.5084745762711864,39,33746,1526,0.3108108108108108
62.416666666666664,293,0.6395694166427074,0.2805831351053194,0.5085324232081911,46,33792,1529,0.3141891891891892
62.5,293,0.6365377668122618,0.2792660032421125,0.49829351535836175,45,33837,1532,0.3141891891891892
62.583333333333336,294,0.634719810740046,0.2816454331760454,0.4965986394557823,52,33889,1534,0.3108108108108108
62.666666666666664,293,0.633892699027984,0.2756643905961312,0.5017064846416383,46,33935,1537,0.30743243243243246
62.75,296,0.6347101760615944,0.2745726877192395,0.5,53,33988,1537,0.3108108108108108
62.833333333333336,293,0.6382373923243913,0.2780021464027584,0.49829351535836175,55,34043,1540,0.32094594594594594
62.916666666666664,292,0.6340469690862076,0.27731557072015267,0.4931506849315068,54,34097,1544,0.32094594594594594
63.0,294,0.6301165198255395,0.2848940006223609,0.4897959183673469,49,34146,1546,0.3141891891891892
63.083333333333336,295,0.6318175805073829,0.27819049318757094,0.4915254237288136,55,34201,1547,0.30743243243243246
63.166666666666664,293,0.6333066647743255,0.2850688201341373,0.4880546075085324,45,34246,1550,0.3108108108108108
63.25,293,0.6304850202724944,0.2806965192832005,0.49146757679180886,57,34303,1553,0.30405405405405406
63.333333333333336,292,0.6263263121112451,0.28996843836192326,0.4931506849315068,54,34357,1557,0.2972972972972973
63.416666666666664,295,0.6239923754715833,0.2881776496987643,0.4847457627118644,50,34407,1558,0.28378378378378377
63.5,292,0.6242649850685819,0.2908670559311957,0.4931506849315068,59,34466,1562,0.28716216216216217
63.583333333333336,294,0.6208742471661839,0.28889958239231844,0.48639455782312924,55,34521,1564,0.27702702702702703
63.666666666666664,294,0.6250849794592761,0.29828644522522074,0.4931972789115646,53,34574,1565,0.28716216216216217
63.75,295,0.6271617269929769,0.3024964489371269,0.5050847457627119,43,34617,1566,0.2905405405405405
63.833333333333336,296,0.6325647768727379,0.29446339133839133,0.5168918918918919,41,34658,1566,0.28716216216216217
63.916666666666664,294,0.6376825794409806,0.29326150984314253,0.5238095238095238,48,34706,1568,0.2972972972972973
64.0,294,0.6383717721057589,0.29192208148928767,0.5204081632653061,46,34752,1570,0.2972972972972973
64.08333333333333,294,0.6389138602987817,0.2955998002180268,0.5238095238095238,33,34785,1572,0.30067567567567566
64.16666666666667,293,0.6382085185040786,0.2991638825521373,0.515358361774744,41,34826,1575,0.30743243243243246
64.25,294,0.636583296036822,0.3034321309366549,0.5272108843537415,47,34873,1577,0.30067567567567566
64.33333333333333,292,0.6346291875894762,0.30060310558108994,0.5034246575342466,44,34917,1581,0.30067567567567566
64.41666666666667,294,0.630906868530285,0.2919508010615882,0.5068027210884354,37,34954,1583,0.2905405405405405
64.5,295,0.6327078954458236,0.29119273247602545,0.5050847457627119,39,34993,1584,0.2939189189189189
64.58333333333333,296,0.6379780836566267,0.2948171388904148,0.5067567567567568,48,35041,1584,0.2939189189189189
64.66666666666667,294,0.6430389068776068,0.28615101894482614,0.5068027210884354,36,35077,1586,0.2972972972972973
64.75,294,0.643689548216179,0.290391478032224,0.5136054421768708,49,35126,1588,0.2972972972972973
64.83333333333333,295,0.6455139863457362,0.28892912237447593,0.5084745762711864,37,35163,1589,0.30067567567567566
64.91666666666667,293,0.6477785351461544,0.293164003885435,0.5085324232081911,49,35212,1592,0.30405405405405406
65.0,291,0.6423682459802859,0.3066359089554966,0.5017182130584192,40,35252,1597,0.30067567567567566
65.08333333333333,294,0.6362161364893869,0.2980012334604171,0.5034013605442177,42,35294,1599,0.30405405405405406
65.16666666666667,295,0.6377213872623155,0.29592020973376904,0.5084745762711864,44,35338,1600,0.30067567567567566
65.25,294,0.6403246945816689,0.300183688844843,0.5102040816326531,38,35376,1602,0.2972972972972973
65.33333333333333,296,0.6433191607145483,0.2991064685030202,0.5236486486486487,46,35422,1602,0.2905405405405405
65.41666666666667,293,0.6470975284496886,0.2994824768421332,0.5290102389078498,57,35479,1605,0.2905405405405405
65.5,294,0.6455533187313564,0.29427284766506373,0.5272108843537415,40,35519,1607,0.28378378378378377
65.58333333333333,292,0.6437503454740015,0.29842518625844483,0.523972602739726,41,35560,1611,0.28378378378378377
65.66666666666667,295,0.6446045406573688,0.2893904021223757,0.5220338983050847,51,35611,1611,0.28040540540540543
65.75,292,0.6455508739962109,0.29090630640288173,0.5205479452054794,42,35653,1615,0.28378378378378377
65.83333333333333,290,0.6368289071889097,0.28385742609880543,0.506896551724138,37,35690,1621,0.27702702702702703
65.91666666666667,295,0.6300726283119675,0.28607557226201297,0.49830508474576274,36,35726,1622,0.25675675675675674
66.0,294,0.6330465218535293,0.28385243684077505,0.5,50,35776,1624,0.25675675675675674
66.08333333333333,292,0.6318541588542003,0.28168696654508785,0.4931506849315068,40,35816,1628,0.25675675675675674
66.16666666666667,295,0.6296493564095497,0.2635168960713755,0.488135593220339,49,35865,1629,0.2533783783783784
66.25,296,0.6351144986645569,0.27698818461707986,0.4864864864864865,39,35904,1629,0.2635135135135135
66.33333333333333,296,0.6427033576011331,0.28055830202648296,0.5033783783783784,43,35947,1629,0.2702702702702703
66.41666666666667,292,0.645458042171527,0.27157201691920635,0.5068493150684932,42,35989,1633,0.28040540540540543
66.5,295,0.6429976456320364,0.26516421496550074,0.511864406779661,52,36041,1634,0.2702702702702703
66.58333333333333,295,0.6470509162844312,0.2754512443203267,0.5254237288135594,61,36102,1635,0.27702702702702703
66.66666666666667,293,0.6488914979131255,0.27258956505161047,0.5187713310580204,52,36154,1638,0.27702702702702703
66.75,295,0.6486541197556593,0.26412483937907666,0.5254237288135594,51,36205,1639,0.28040540540540543
66.83333333333333,295,0.6527747594396676,0.26980903277513446,0.5322033898305085,53,36258,1640,0.28040540540540543
66.91666666666667,292,0.6535222925094676,0.27321169127675976,0.5205479452054794,46,36304,1644,0.2905405405405405
67.0,294,0.6498349995037073,0.28783475594700086,0.5204081632653061,41,36345,1646,0.2939189189189189
67.08333333333333,294,0.6510735765637465,0.2873400220338996,0.5204081632653061,54,36399,1648,0.30743243243243246
67.16666666666667,295,0.6527781391169675,0.28307158942752164,0.5152542372881356,49,36448,1649,0.3141891891891892
67.25,293,0.6543414429829317,0.2736419913041073,0.515358361774744,45,36493,1652,0.31756756756756754
67.33333333333333,294,0.6525953868343047,0.274465811965812,0.5238095238095238,52,36545,1654,0.32094594594594594
67.41666666666667,294,0.6530311707131344,0.28150620165926293,0.5340136054421769,50,36595,1656,0.32094594594594594
67.5,293,0.6523611993753567,0.283889887132208,0.5324232081911263,46,36641,1659,0.32432432432432434
67.58333333333333,294,0.6506019126056796,0.29612326481608675,0.5340136054421769,50,36691,1661,0.3277027027027027
67.66666666666667,292,0.6485984944662235,0.301248466473431,0.541095890410959,47,36738,1665,0.3277027027027027
67.75,292,0.645609305013175,0.2928780032228308,0.5445205479452054,52,36790,1668,0.32432432432432434
67.83333333333333,295,0.6428625126115415,0.28177733786442144,0.5525423728813559,58,36848,1669,0.31756756756756754
67.91666666666667,292,0.6449823695571383,0.2849087070808341,0.547945205479452,61,36909,1673,0.3277027027027027
68.0,295,0.6422146795123316,0.28448539891639163,0.5525423728813559,45,36954,1674,0.31756756756756754
68.08333333333333,292,0.6438770976536093,0.28647927143524016,0.5582191780821918,51,37005,1678,0.31756756756756754
68.16666666666667,295,0.6412225517987531,0.2785487098320028,0.5559322033898305,58,37063,1679,0.3141891891891892
68.25,294,0.6438450656633448,0.2817652855189298,0.5544217687074829,63,37126,1681,0.32094594594594594
68.33333333333333,296,0.6467363278608904,0.2748685904935905,0.5506756756756757,60,37186,1681,0.32432432432432434
68.41666666666667,296,0.6539590147222539,0.2732036825786826,0.5506756756756757,54,37240,1681,0.32432432432432434
68.5,293,0.6583460695063139,0.2782551915860182,0.552901023890785,55,37295,1684,0.3310810810810811
68.58333333333333,292,0.6540603032436928,0.28089574016263125,0.5445205479452054,54,37349,1688,0.33783783783783783
68.66666666666667,295,0.6510183101045239,0.2826619140379554,0.5457627118644067,58,37407,1689,0.3277027027027027
68.75,295,0.654697921005435,0.27796929027753503,0.5457627118644067,49,37456,1690,0.3277027027027027
68.83333333333333,292,0.6549807061848326,0.27148724563108123,0.5342465753424658,66,37522,1694,0.3277027027027027
68.91666666666667,291,0.6475687270180255,0.27523829894132523,0.5257731958762887,40,37562,1699,0.31756756756756754
69.0,295,0.6425129536202522,0.27702678828977356,0.5152542372881356,41,37603,1700,0.3108108108108108
69.08333333333333,295,0.648267017497659,0.27899266610310897,0.5152542372881356,41,37644,1701,0.3141891891891892
69.16666666666667,294,0.6507658075005185,0.2739401663574781,0.5272108843537415,50,37694,1703,0.32432432432432434
69.25,295,0.6522118547546716,0.2744489129936237,0.5288135593220339,50,37744,1704,0.31756756756756754
69.33333333333333,294,0.6547121626185994,0.2662900500338924,0.5102040816326531,36,37780,1706,0.31756756756756754
69.41666666666667,293,0.6571182590767916,0.2710309981493929,0.515358361774744,33,37813,1708,0.3344594594594595
69.5,289,0.648952525641084,0.27331941448097036,0.5121107266435986,49,37862,1715,0.3277027027027027
69.58333333333333,293,0.6367340720570813,0.26882917045033083,0.5017064846416383,43,37905,1718,0.30743243243243246
69.66666666666667,295,0.6358125411263752,0.26925359950783684,0.511864406779661,37,37942,1719,0.3141891891891892
69.75,294,0.6381597879324108,0.27064047064047064,0.5204081632653061,51,37993,1721,0.32094594594594594
69.83333333333333,293,0.637121933636449,0.27485469560873044,0.5119453924914675,45,38038,1724,0.3344594594594595
69.91666666666667,292,0.6324909598458325,0.2738617923752589,0.5068493150684932,54,38092,1728,0.3344594594594595
70.0,292,0.6290842345534,0.2764149308494709,0.5034246575342466,46,38138,1731,0.3277027027027027
70.08333333333333,296,0.6274478743196297,0.2784407082146657,0.5,52,38190,1731,0.3141891891891892
70.16666666666667,291,0.628135906987594,0.2862527173973614,0.4948453608247423,36,38226,1736,0.31756756756756754
70.25,290,0.6168015923872793,0.27231085494220464,0.49310344827586206,42,38268,1742,0.3108108108108108
70.33333333333333,294,0.6086223034136655,0.26495727305630257,0.4897959183673469,50,38318,1744,0.2905405405405405
70.41666666666667,289,0.6025115679158919,0.26151816471587386,0.47750865051903113,44,38362,1751,0.2905405405405405
70.5,295,0.594159236016625,0.26724466746968206,0.47796610169491527,47,38409,1752,0.27702702702702703
70.58333333333333,292,0.5939765014808885,0.2600094540163033,0.4589041095890411,44,38453,1756,0.27702702702702703
70.66666666666667,294,0.590742688789475,0.2558674790817648,0.4557823129251701,41,38494,1758,0.2668918918918919
70.75,295,0.5928658450952211,0.25334779156813053,0.4542372881355932,43,38537,1759,0.28040540540540543
70.83333333333333,293,0.594778598817533,0.25344329542281757,0.447098976109215,42,38579,1762,0.28040540540540543
70.91666666666667,293,0.5921980349650013,0.24595451003300833,0.46075085324232085,44,38623,1765,0.27702702702702703
71.0,294,0.5909822936121432,0.23643302087179635,0.46938775510204084,52,38675,1767,0.27364864864864863
71.08333333333333,295,0.5931480900099333,0.22922378939328092,0.4745762711864407,44,38719,1768,0.27364864864864863
71.16666666666667,295,0.5973831731236874,0.23453664038409802,0.4847457627118644,44,38763,1769,0.28040540540540543
71.25,295,0.6016270250677002,0.236091535583061,0.49491525423728816,48,38811,1770,0.28040540540540543
71.33333333333333,290,0.5990639944544087,0.2352517788724685,0.4862068965517241,47,38858,1776,0.27702702702702703
71.41666666666667,295,0.5931158128839326,0.22943960967923563,0.48135593220338985,41,38899,1777,0.2635135135135135
71.5,294,0.5959318470654003,0.2427355621936903,0.48299319727891155,50,38949,1779,0.2635135135135135
71.58333333333333,295,0.5982176209035492,0.25076561888660076,0.4915254237288136,50,38999,1780,0.2702702702702703
71.66666666666667,295,0.6024211328113328,0.25208045282855335,0.49491525423728816,49,39048,1781,0.2702702702702703
71.75,294,0.6053058620590652,0.23681529198770576,0.4897959183673469,38,39086,1783,0.27364864864864863
71.83333333333333,295,0.6073691598187805,0.23748712680916068,0.488135593220339,52,39138,1784,0.27364864864864863
71.91666666666667,294,0.6101747911043034,0.2442306835466424,0.48639455782312924,44,39182,1786,0.2702702702702703
72.0,291,0.6069258172148606,0.24378087581073718,0.47766323024054985,47,39229,1791,0.2702702702702703
72.08333333333333,294,0.6014988471675156,0.23839003999102523,0.47619047619047616,39,39268,1793,0.2533783783783784
72.16666666666667,294,0.6023299451643522,0.24828535065164198,0.47278911564625853,46,39314,1795,0.24662162162162163
72.25,295,0.6046932217819255,0.24942675157169603,0.47796610169491527,46,39360,1796,0.24662162162162163
72.33333333333333,293,0.6064222851021474,0.24363618731715037,0.48464163822525597,43,39403,1799,0.2533783783783784
72.41666666666667,293,0.6040509359225563,0.24343275025364502,0.47440273037542663,46,39449,1802,0.25
72.5,291,0.5988797937598989,0.23926111863748348,0.46048109965635736,54,39503,1807,0.24324324324324326
72.58333333333333,285,0.5851827532222154,0.24367596130235486,0.4421052631578947,43,39546,1817,0.23310810810810811
72.66666666666667,293,0.5667751034421864,0.22492058296543913,0.4334470989761092,38,39584,1820,0.20608108108108109
72.75,293,0.5656355283183387,0.23019149099824635,0.43686006825938567,46,39630,1823,0.19932432432432431
72.83333333333333,294,0.5659853364473911,0.23878204249421703,0.4421768707482993,39,39669,1825,0.20270270270270271
72.91666666666667,293,0.5658772131172917,0.2615432368815916,0.4334470989761092,31,39700,1828,0.21283783783783783
73.0,294,0.5653809210113082,0.24987031304765295,0.42857142857142855,38,39738,1830,0.20270270270270271
73.08333333333333,292,0.5638657797724843,0.24910799030686062,0.4212328767123288,45,39783,1834,0.20608108108108109
73.16666666666667,294,0.5616517786946617,0.26129364940613287,0.41836734693877553,37,39820,1836,0.20270270270270271
73.25,296,0.5659721929010344,0.2585534110537763,0.4155405405405405,34,39854,1836,0.21283783783783783
73.33333333333333,294,0.5712599325708048,0.24964040932996312,0.41496598639455784,33,39887,1838,0.21283783783783783
73.41666666666667,296,0.575594531408517,0.2558353430175464,0.42567567567567566,37,39924,1838,0.21283783783783783
73.5,295,0.5823390179957462,0.25613621783113305,0.43389830508474575,44,39968,1839,0.21621621621621623
73.58333333333333,291,0.5814442396858782,0.2573870383148734,0.42955326460481097,32,40000,1844,0.22297297297297297
73.66666666666667,295,0.5782605780737642,0.25991550822059295,0.43050847457627117,42,40042,1845,0.2195945945945946
73.75,293,0.5800212816527667,0.2506542847188997,0.4334470989761092,32,40074,1848,0.22297297297297297
73.83333333333333,294,0.5794027901208882,0.25828736517079653,0.4387755102040816,35,40109,1850,0.2195945945945946
73.91666666666667,296,0.5835481184638656,0.26052027799909155,0.44932432432432434,53,40162,1850,0.2195945945945946
74.0,295,0.590270115477109,0.24842579004375698,0.44745762711864406,40,40202,1851,0.22635135135135134
74.08333333333333,295,0.595094806548806,0.24576159924397295,0.44745762711864406,40,40242,1852,0.22635135135135134
74.16666666666667,294,0.598509795419829,0.25254941446632406,0.445578231292517,39,40281,1854,0.22972972972972974
74.25,295,0.6012262711796534,0.24987248963035888,0.4440677966101695,45,40326,1855,0.23310810810810811
74.33333333333333,296,0.6072289427656227,0.25030906593406593,0.44256756756756754,29,40355,1855,0.23648648648648649
74.41666666666667,294,0.6127945574914161,0.24824444263219772,0.4421768707482993,44,40399,1857,0.23986486486486486
74.5,293,0.6127232197241685,0.25056429160524724,0.4402730375426621,50,40449,1860,0.23986486486486486
74.58333333333333,294,0.6118645716386197,0.26276384235567907,0.445578231292517,35,40484,1862,0.22972972972972974
74.66666666666667,295,0.6145020489040105,0.26103050498433317,0.44745762711864406,44,40528,1863,0.22297297297297297
74.75,293,0.6166990126932169,0.26491776207264023,0.447098976109215,36,40564,1866,0.22635135135135134
74.83333333333333,294,0.6194151647485512,0.2662380234512536,0.45918367346938777,52,40616,1867,0.2195945945945946
74.91666666666667,294,0.6208624377162694,0.2605722983977734,0.45918367346938777,46,40662,1869,0.21283783783783783
75.0,294,0.6257685893232011,0.2640116311738409,0.46258503401360546,38,40700,1870,0.21283783783783783
75.08333333333333,295,0.6285924807303536,0.26750283614690396,0.4915254237288136,42,40742,1871,0.20945945945945946
75.16666666666667,295,0.6335357590113387,0.265730004458818,0.49491525423728816,39,40781,1872,0.2195945945945946
75.25,295,0.6384521917828321,0.26117963016268103,0.47796610169491527,41,40822,1873,0.2195945945945946
75.33333333333333,292,0.639579838066095,0.25662378907241923,0.476027397260274,46,40868,1877,0.23648648648648649
75.41666666666667,296,0.6390342156493934,0.24000844249784928,0.48986486486486486,43,40911,1877,0.22972972972972974
75.5,294,0.644644518705632,0.24694730753188035,0.4897959183673469,53,40964,1879,0.24324324324324326
75.58333333333333,295,0.6471779492872466,0.25579138376298327,0.5016949152542373,51,41015,1880,0.23986486486486486
75.66666666666667,294,0.650627693523243,0.23757257579941535,0.5068027210884354,46,41061,1882,0.25
75.75,291,0.6516463046991325,0.24506994631974297,0.5085910652920962,56,41117,1886,0.25675675675675674
75.83333333333333,296,0.6484741351903166,0.23669843799154144,0.5,49,41166,1886,0.2533783783783784
75.91666666666667,293,0.6531167026855815,0.23842440397989417,0.5051194539249146,56,41222,1889,0.26013513513513514
76.0,294,0.6519755165998462,0.24833730172400123,0.5306122448979592,61,41283,1891,0.2533783783783784
76.08333333333333,292,0.6506526713461455,0.24004009688941194,0.5308219178082192,69,41352,1895,0.2533783783783784
76.16666666666667,296,0.6497147627950792,0.23475247688957365,0.5337837837837838,55,41407,1895,0.25
76.25,296,0.6575472519926674,0.24006368156518515,0.5405405405405406,59,41466,1895,0.2533783783783784
76.33333333333333,294,0.6632849054115697,0.24043451912310776,0.5612244897959183,52,41518,1897,0.25675675675675674
76.41666666666667,293,0.6644633992198834,0.24299191453411387,0.5597269624573379,54,41572,1900,0.26013513513513514
76.5,292,0.6606779153712733,0.24563799910328818,0.5616438356164384,46,41618,1904,0.27702702702702703
76.58333333333333,295,0.657924962587756,0.2473446609887288,0.5627118644067797,50,41668,1905,0.27702702702702703
76.66666666666667,295,0.6619728163577301,0.2493146777892541,0.5661016949152542,54,41722,1906,0.27702702702702703
76.75,295,0.666206324354637,0.2606637618502025,0.5796610169491525,47,41769,1907,0.27702702702702703
76.83333333333333,295,0.6704571849072017,0.2558552464484668,0.5830508474576271,55,41824,1908,0.28040540540540543
76.91666666666667,293,0.6757986554660983,0.2594922047993721,0.5938566552901023,54,41878,1910,0.28378378378378377
77.0,296,0.6763518221787624,0.2446353758853759,0.597972972972973,52,41930,1910,0.2905405405405405
77.08333333333333,293,0.6804029823231824,0.24515027066221606,0.5972696245733788,47,41977,1913,0.30067567567567566
77.16666666666667,294,0.6786852956255293,0.2485410375716498,0.5918367346938775,43,42020,1915,0.30067567567567566
77.25,291,0.6758500951764912,0.250589607032906,0.5773195876288659,50,42070,1920,0.30067567567567566
77.33333333333333,294,0.6695599871818888,0.2520544361732532,0.5680272108843537,52,42122,1922,0.28716216216216217
77.41666666666667,293,0.6690618558475003,0.24659288315214734,0.5563139931740614,40,42162,1925,0.2939189189189189
77.5,292,0.6651447876641559,0.24018345554942955,0.547945205479452,40,42202,1929,0.2972972972972973
77.58333333333333,294,0.6612365520483398,0.24463757110884343,0.5510204081632653,39,42241,1931,0.2905405405405405
77.66666666666667,296,0.6641283200952515,0.2505476301460271,0.5540540540540541,54,42295,1931,0.2939189189189189
77.75,292,0.6670261593417988,0.24271838761556355,0.5582191780821918,45,42340,1935,0.30405405405405406
77.83333333333333,292,0.6609040429483088,0.23175524633197214,0.547945205479452,40,42380,1939,0.2939189189189189
77.91666666666667,288,0.6498774316538354,0.23526400710180473,0.5416666666666666,52,42432,1947,0.2905405405405405
78.0,294,0.6372658206324975,0.23951681150808987,0.5340136054421769,50,42482,1949,0.2702702702702703
78.08333333333333,294,0.6379168371239184,0.25845235577162246,0.5340136054421769,48,42530,1951,0.28378378378378377
78.16666666666667,295,0.6398907090608394,0.26198794550274007,0.5389830508474577,40,42570,1952,0.28378378378378377
78.25,296,0.6452984401809905,0.26392032029895224,0.5472972972972973,43,42613,1952,0.28378378378378377
78.33333333333333,293,0.6498500753207579,0.26868607988793264,0.5460750853242321,53,42666,1955,0.2905405405405405
78.41666666666667,292,0.6459336141415094,0.2773474962198054,0.5445205479452054,51,42717,1959,0.2939189189189189
78.5,290,0.6372557981278795,0.27823941247586564,0.5344827586206896,50,42767,1965,0.28040540540540543
78.58333333333333,295,0.630585341223096,0.26938883016364856,0.5322033898305085,42,42809,1966,0.2668918918918919
78.66666666666667,291,0.6297484836423535,0.2720177111929689,0.5223367697594502,49,42858,1971,0.27364864864864863
78.75,292,0.6250081654620376,0.27285677602458425,0.5171232876712328,40,42898,1974,0.27702702702702703
78.83333333333333,292,0.620158146813685,0.27656230755545824,0.5068493150684932,40,42938,1978,0.28040540540540543
78.91666666666667,295,0.6212576513045831,0.2778478019155985,0.5050847457627119,41,42979,1978,0.27364864864864863
79.0,294,0.6241907221681163,0.2697761676121986,0.5068027210884354,56,43035,1980,0.27702702702702703
79.08333333333333,290,0.6209321555072942,0.27170731201044634,0.506896551724138,46,43081,1986,0.2905405405405405
79.16666666666667,295,0.6142566644425366,0.2665243383477585,0.49830508474576274,33,43114,1987,0.28716216216216217
79.25,295,0.6181240337350569,0.27274796406290963,0.5016949152542373,38,43152,1988,0.28378378378378377
79.33333333333333,294,0.6213424236369176,0.2754576111718969,0.5034013605442177,35,43187,1990,0.28040540540540543
79.41666666666667,293,0.6207028168563746,0.28156081688504897,0.49829351535836175,39,43226,1993,0.28716216216216217
79.5,293,0.6184794803809825,0.28251604292559923,0.49829351535836175,44,43270,1996,0.28378378378378377
79.58333333333333,295,0.6182952666134913,0.2796275664072274,0.49491525423728816,48,43318,1997,0.28040540540540543
79.66666666666667,295,0.6224072257032353,0.2821076945653217,0.4915254237288136,40,43358,1998,0.28716216216216217
79.75,296,0.6277772818851359,0.2719891126141126,0.5033783783783784,30,43388,1998,0.28716216216216217
79.83333333333333,294,0.6327479964713982,0.2868603524215769,0.5170068027210885,53,43441,2000,0.2939189189189189
79.91666666666667,293,0.6321867798596209,0.28388374045370635,0.5119453924914675,52,43493,2003,0.2939189189189189
80.0,295,0.6319000678883564,0.2914183180284875,0.5050847457627119,44,43537,2004,0.28716216216216217
80.08333333333333,295,0.6359198438443687,0.3006605729487085,0.5186440677966102,36,43573,2005,0.2939189189189189
80.16666666666667,293,0.638115138384147,0.30366027601522483,0.5187713310580204,45,43618,2008,0.30405405405405406
80.25,296,0.6389043869197943,0.30521180273335446,0.5202702702702703,43,43661,2008,0.2972972972972973
80.33333333333333,291,0.640093331060846,0.30834109636989127,0.5189003436426117,42,43703,2013,0.30743243243243246
80.41666666666667,293,0.6328065103866423,0.31457631360832494,0.515358361774744,50,43753,2016,0.2972972972972973
80.5,294,0.6344814893696035,0.3122583300011168,0.5170068027210885,43,43796,2017,0.2972972972972973
80.58333333333333,291,0.6312903714096041,0.3070112501946842,0.5154639175257731,41,43837,2022,0.2972972972972973
80.66666666666667,295,0.6267219897738989,0.3122666222666223,0.5152542372881356,49,43886,2023,0.28378378378378377
80.75,295,0.6307237977303737,0.32318127258805224,0.5322033898305085,39,43925,2024,0.28378378378378377
80.83333333333333,295,0.6348709567006258,0.32871743134455,0.5322033898305085,48,43973,2025,0.28716216216216217
80.91666666666667,292,0.6352586968545498,0.323159718306152,0.5273972602739726,40,44013,2029,0.2905405405405405
81.0,294,0.6334721312981381,0.3107760921800331,0.5238095238095238,38,44051,2031,0.28378378378378377
81.08333333333333,295,0.6351146891211908,0.30896725814610093,0.5288135593220339,49,44100,2032,0.2972972972972973
81.16666666666667,294,0.6378045232717112,0.3031020390978167,0.5306122448979592,50,44150,2034,0.2939189189189189
81.25,294,0.6383760151537661,0.29715195145021955,0.5306122448979592,49,44199,2036,0.2972972972972973
81.33333333333333,290,0.6338993199714131,0.3085289241795822,0.5172413793103449,52,44251,2042,0.2972972972972973
81.41666666666667,292,0.6231920428817717,0.3126897940722969,0.5068493150684932,54,44305,2046,0.28378378378378377
81.5,295,0.620722233499829,0.30032370610652714,0.5050847457627119,51,44356,2047,0.27702702702702703
81.58333333333333,295,0.6247962985048338,0.3037214863248801,0.511864406779661,53,44409,2048,0.27364864864864863
81.66666666666667,294,0.6275761792296117,0.30494949150497286,0.5102040816326531,44,44453,2050,0.2905405405405405
81.75,294,0.6282924133630023,0.3041930955955157,0.5170068027210885,55,44508,2052,0.28378378378378377
81.83333333333333,292,0.6263573632669235,0.30271938900599743,0.5205479452054794,36,44544,2056,0.28716216216216217
81.91666666666667,296,0.6252231357847405,0.29582041489369076,0.5168918918918919,42,44586,2056,0.28378378378378377
82.0,295,0.6312228907148018,0.30275771309669613,0.5220338983050847,46,44632,2057,0.30067567567567566
82.08333333333333,294,0.6338527865018196,0.3066389581695704,0.5204081632653061,38,44670,2059,0.30405405405405406
82.16666666666667,295,0.6355220519428153,0.3001135587576266,0.5186440677966102,47,44717,2060,0.30405405405405406
82.25,292,0.635539175310159,0.3071838454543934,0.5136986301369864,44,44761,2064,0.3108108108108108
82.33333333333333,296,0.6339732643610735,0.3040748384498384,0.5202702702702703,36,44797,2064,0.30743243243243246
82.41666666666667,293,0.6373306148397052,0.30246708164796904,0.5255972696245734,57,44854,2067,0.3108108108108108
82.5,294,0.63558074036076,0.2960536912067524,0.5170068027210885,46,44900,2069,0.30405405405405406
82.58333333333333,295,0.637174023667721,0.29959719188532746,0.5186440677966102,37,44937,2070,0.30743243243243246
82.66666666666667,293,0.6384609761531984,0.3037493125579549,0.515358361774744,37,44974,2073,0.30743243243243246
82.75,296,0.6391190260573929,0.30023750616970957,0.5202702702702703,38,45012,2073,0.30067567567567566
82.83333333333333,293,0.6426240086219526,0.2978117432852205,0.5255972696245734,34,45046,2076,0.30405405405405406
82.91666666666667,294,0.6409720991586054,0.3053340741467687,0.5204081632653061,40,45086,2078,0.3108108108108108
83.0,296,0.6435924788787959,0.2992147488969523,0.5236486486486487,44,45130,2078,0.31756756756756754
83.08333333333333,294,0.6481756694815722,0.2984071672847183,0.5272108843537415,47,45177,2080,0.31756756756756754
83.16666666666667,296,0.6508100863095916,0.30582791832791834,0.527027027027027,43,45220,2080,0.3141891891891892
83.25,294,0.655472888012419,0.31217500375663637,0.5306122448979592,46,45266,2082,0.31756756756756754
83.33333333333333,293,0.6545170708176986,0.314537197728324,0.5324232081911263,44,45310,2085,0.31756756756756754
83.41666666666667,294,0.6523723333812438,0.30937918878629644,0.5306122448979592,34,45344,2087,0.32432432432432434
83.5,295,0.6535363340762488,0.30430182055019445,0.5389830508474577,43,45387,2088,0.3277027027027027
83.58333333333333,295,0.657016810446002,0.28858724322544765,0.5491525423728814,41,45428,2089,0.32432432432432434
83.66666666666667,293,0.6582583232178065,0.2984634364097514,0.5460750853242321,42,45470,2092,0.32094594594594594
83.75,294,0.6561746259809865,0.2942734986157498,0.5340136054421769,41,45511,2094,0.31756756756756754
83.83333333333333,295,0.6574871394523549,0.28708459117249696,0.535593220338983,47,45558,2095,0.31756756756756754
83.91666666666667,295,0.6609720047340455,0.29607136710842547,0.535593220338983,38,45596,2096,0.32094594594594594
84.0,295,0.6645172968941248,0.298998948002108,0.5288135593220339,39,45635,2097,0.3277027027027027
84.08333333333333,289,0.6610778011612473,0.29280532040047613,0.5294117647058824,42,45677,2104,0.3310810810810811
84.16666666666667,295,0.6544946926857962,0.28737401017062036,0.5254237288135594,45,45722,2104,0.3108108108108108
84.25,291,0.6532622058851982,0.29847315723604384,0.5189003436426117,35,45757,2109,0.3141891891891892
84.33333333333333,293,0.6456742633472914,0.2925068484795447,0.5085324232081911,49,45806,2112,0.30743243243243246
84.41666666666667,290,0.6388213100930177,0.30465381329495883,0.49310344827586206,40,45846,2118,0.2972972972972973
84.5,293,0.6292316290159335,0.29342511836004054,0.4812286689419795,35,45881,2121,0.28378378378378377
84.58333333333333,294,0.6274745080903962,0.3017028664576588,0.47278911564625853,33,45914,2123,0.28040540540540543
84.66666666666667,292,0.6255049614146728,0.31084998816746096,0.4794520547945205,43,45957,2127,0.27702702702702703
84.75,294,0.62186143906401,0.30256921216366744,0.47959183673469385,34,45991,2129,0.2702702702702703
84.83333333333333,292,0.6199082775892434,0.3036838413789672,0.4726027397260274,38,46029,2133,0.2668918918918919
84.91666666666667,293,0.6150399234605161,0.30660038671984063,0.46757679180887374,36,46065,2136,0.2668918918918919
85.0,296,0.616200653077935,0.30354238479238477,0.47297297297297297,38,46103,2136,0.27364864864864863
85.08333333333333,294,0.6210927610389351,0.3111142164713593,0.47619047619047616,36,46139,2138,0.27702702702702703
85.16666666666667,296,0.6245216926687429,0.29969510594510596,0.47297297297297297,53,46192,2138,0.27364864864864863
85.25,293,0.6283640042662892,0.2949902202461929,0.48464163822525597,41,46233,2141,0.27364864864864863
85.33333333333333,293,0.6258948679330802,0.28767242427651984,0.4812286689419795,40,46273,2144,0.2668918918918919
85.41666666666667,295,0.6258877367544876,0.28675351399858207,0.48135593220338985,45,46318,2145,0.2668918918918919
85.5,296,0.6313970804086355,0.29394053430938677,0.4864864864864865,40,46358,2145,0.27702702702702703
85.58333333333333,295,0.6378967566277446,0.2849705909847616,0.49491525423728816,45,46403,2146,0.28040540540540543
85.66666666666667,292,0.6395726769906815,0.28631284658401207,0.5068493150684932,49,46452,2150,0.2905405405405405
85.75,294,0.6359510902227528,0.2821345381691651,0.5136054421768708,41,46493,2152,0.28378378378378377
85.83333333333333,295,0.637997880501213,0.2785705391060806,0.5152542372881356,42,46535,2153,0.28040540540540543
85.91666666666667,294,0.641025265613231,0.2759852395760207,0.5204081632653061,58,46593,2155,0.28716216216216217
86.0,296,0.6442111868751997,0.2786163251790078,0.5236486486486487,45,46638,2155,0.30067567567567566
86.08333333333333,290,0.6453923131369009,0.28492826107499925,0.5241379310344828,48,46686,2161,0.30743243243243246
86.16666666666667,296,0.6395955669321699,0.2863035419179487,0.527027027027027,50,46736,2161,0.2972972972972973
86.25,296,0.6468667984422165,0.2936739117883186,0.5371621621621622,49,46785,2161,0.2972972972972973
86.33333333333333,295,0.6532103622445314,0.294352399013416,0.5389830508474577,53,46838,2162,0.30067567567567566
86.41666666666667,294,0.6578170020707159,0.28759041412102637,0.5374149659863946,51,46889,2164,0.30067567567567566
86.5,294,0.658413261223021,0.28595947735638094,0.5306122448979592,40,46929,2166,0.30743243243243246
86.58333333333333,296,0.6613122920035378,0.29470386065213655,0.5405405405405406,49,46978,2166,0.30405405405405406
86.66666666666667,294,0.6663953605718221,0.2962150664385006,0.54421768707483,43,47021,2168,0.31756756756756754
86.75,293,0.6658537920648958,0.2911744023371657,0.5392491467576792,48,47069,2171,0.31756756756756754
86.83333333333333,296,0.6663985031046067,0.2866912838895598,0.5371621621621622,45,47114,2171,0.3108108108108108
86.91666666666667,294,0.671573227583935,0.2990257286175654,0.5408163265306123,47,47161,2173,0.3141891891891892
87.0,293,0.6711201641851272,0.29709694931537933,0.5460750853242321,37,47198,2176,0.3141891891891892
87.08333333333333,294,0.6694186812715256,0.2967356906132416,0.54421768707483,50,47248,2178,0.3108108108108108
87.16666666666667,295,0.6710768498303188,0.3011338628524281,0.5423728813559322,44,47292,2179,0.31756756756756754
87.25,293,0.6726882268915155,0.2977345434774322,0.5426621160409556,46,47338,2182,0.32432432432432434
87.33333333333333,294,0.6708254835722793,0.29628013412933957,0.54421768707483,53,47391,2184,0.31756756756756754
87.41666666666667,289,0.6677023689577046,0.30550682195203444,0.5432525951557093,47,47438,2191,0.31756756756756754
87.5,295,0.6578598719962859,0.3068515292097992,0.535593220338983,41,47479,2192,0.3108108108108108
87.58333333333333,296,0.66278579728472,0.30490730307540653,0.5405405405405406,37,47516,2192,0.30743243243243246
87.66666666666667,296,0.6701816921747651,0.2977952043684802,0.5472972972972973,40,47556,2192,0.31756756756756754
87.75,294,0.6753095059576789,0.2953203933059669,0.5476190476190477,39,47595,2194,0.3310810810810811
87.83333333333333,296,0.6778554579574727,0.29417470958419234,0.5540540540540541,47,47642,2194,0.33783783783783783
87.91666666666667,296,0.6848939077250328,0.28872725726174,0.5641891891891891,39,47681,2194,0.34459459459459457
88.0,293,0.6887645760716778,0.2903512405686154,0.5597269624573379,52,47733,2197,0.35135135135135137
88.08333333333333,295,0.6884257754057392,0.2980241535907268,0.5559322033898305,54,47787,2198,0.34797297297297297
88.16666666666667,291,0.687618401172511,0.30109309461093253,0.5567010309278351,53,47840,2203,0.3547297297297297
88.25,292,0.6795857809419639,0.2928965536041627,0.5445205479452054,37,47877,2207,0.34121621621621623
88.33333333333333,296,0.677117321283011,0.2946824209755244,0.543918918918919,53,47930,2207,0.33783783783783783
88.41666666666667,295,0.6828902264108924,0.30245016883240144,0.5491525423728814,58,47988,2208,0.34121621621621623
88.5,290,0.6810495044324499,0.2860507886221323,0.5448275862068965,48,48036,2214,0.34121621621621623
88.58333333333333,296,0.6741255323106595,0.2949367733850492,0.5506756756756757,49,48085,2214,0.3310810810810811
88.66666666666667,294,0.6787378591546348,0.2991953247055288,0.5612244897959183,49,48134,2216,0.3547297297297297
88.75,291,0.6755577513934808,0.30264719053378847,0.5567010309278351,50,48184,2221,0.34797297297297297
88.83333333333333,294,0.6687821812423119,0.3065133656970392,0.564625850340136,48,48232,2223,0.3344594594594595
88.91666666666667,293,0.6678671868727206,0.29268430659215644,0.5631399317406144,42,48274,2226,0.3277027027027027
89.0,293,0.6649114556805537,0.29697386573693957,0.5631399317406144,49,48323,2229,0.32432432432432434
89.08333333333333,294,0.6631454031027112,0.2964208048309431,0.5578231292517006,41,48364,2231,0.32094594594594594
89.16666666666667,293,0.6659090833074237,0.2864888350300659,0.5631399317406144,42,48406,2233,0.32432432432432434
89.25,295,0.665298917512859,0.28991361643653535,0.5559322033898305,47,48453,2234,0.32094594594594594
89.33333333333333,294,0.6680561263125104,0.28764450272945297,0.5510204081632653,44,48497,2236,0.32432432432432434
89.41666666666667,294,0.6693683599216407,0.29406481414247576,0.5544217687074829,42,48539,2238,0.32094594594594594
89.5,295,0.670949577783207,0.28940332097466603,0.5525423728813559,62,48601,2239,0.32432432432432434
89.58333333333333,294,0.6747229585704987,0.29409491038248453,0.5578231292517006,35,48636,2241,0.3310810810810811
89.66666666666667,294,0.6756112192165434,0.2806244047497692,0.5544217687074829,42,48678,2243,0.33783783783783783
89.75,294,0.6759242725853877,0.2886055781325712,0.5612244897959183,50,48728,2245,0.34121621621621623
89.83333333333333,295,0.6772691537239595,0.2911191026186434,0.5559322033898305,47,48775,2246,0.34459459459459457
89.91666666666667,293,0.6787048994568949,0.2808177179930236,0.5597269624573379,50,48825,2249,0.34459459459459457
90.0,292,0.6744463680540463,0.2690972636300425,0.5513698630136986,46,48871,2253,0.33783783783783783
90.08333333333333,293,0.6689314429524261,0.26723410264365893,0.5460750853242321,37,48908,2256,0.3310810810810811
90.16666666666667,289,0.661133025131912,0.27274560310892493,0.5467128027681661,59,48967,2263,0.3277027027027027
90.25,296,0.6525174249650447,0.2746442465192465,0.543918918918919,47,49014,2263,0.3108108108108108
90.33333333333333,296,0.6595991881596809,0.2714503402003402,0.5608108108108109,55,49069,2263,0.32432432432432434
90.41666666666667,295,0.6656707853068339,0.26079897503626315,0.5627118644067797,54,49123,2264,0.3277027027027027
90.5,295,0.6694624090898338,0.2633905924583891,0.5661016949152542,42,49165,2265,0.3310810810810811
90.58333333333333,293,0.6743795804183632,0.27008475028952844,0.5699658703071673,45,49210,2267,0.33783783783783783
90.66666666666667,290,0.6678294932848541,0.2580551249516767,0.5655172413793104,57,49267,2273,0.33783783783783783
90.75,290,0.6542012805170563,0.25782446480722343,0.5482758620689655,55,49322,2279,0.32432432432432434
90.83333333333333,296,0.6479014589422131,0.265708671958672,0.5405405405405406,51,49373,2279,0.3141891891891892
90.91666666666667,292,0.6502988374640112,0.27595516165721645,0.5445205479452054,48,49421,2283,0.32094594594594594
91.0,296,0.648720794914465,0.27500579375579376,0.5574324324324325,52,49473,2283,0.31756756756756754
91.08333333333333,294,0.6534299994486484,0.2802024502906551,0.5612244897959183,56,49529,2285,0.33783783783783783
91.16666666666667,295,0.6550263594961634,0.27804955840865064,0.5694915254237288,46,49575,2286,0.3344594594594595
91.25,292,0.6552858834056186,0.27477874072371405,0.571917808219178,36,49611,2290,0.34121621621621623
91.33333333333333,293,0.6541735184689006,0.2755170584478735,0.5631399317406144,57,49668,2292,0.33783783783783783
91.41666666666667,292,0.6532892498945322,0.2825666814739835,0.5616438356164384,43,49711,2295,0.33783783783783783
91.5,294,0.6524263217808858,0.2886765910978986,0.5714285714285714,56,49767,2296,0.34121621621621623
91.58333333333333,295,0.6537646795586328,0.29320015137596295,0.576271186440678,58,49825,2297,0.34121621621621623
91.66666666666667,294,0.656230659914505,0.305933871495096,0.5850340136054422,50,49875,2299,0.34459459459459457
91.75,294,0.6565004334259428,0.30633425531384717,0.5816326530612245,45,49920,2301,0.34459459459459457
91.83333333333333,293,0.6554944203437063,0.3008507609190203,0.5767918088737202,61,49981,2304,0.3547297297297297
91.91666666666667,293,0.6521477264453088,0.29724850424509125,0.5597269624573379,49,50030,2307,0.34797297297297297
92.0,290,0.6452205564759463,0.2895033223481499,0.5551724137931034,41,50071,2313,0.34121621621621623
92.08333333333333,295,0.6377355093520398,0.28601799002469086,0.5491525423728814,57,50128,2314,0.3344594594594595
92.16666666666667,294,0.6399533991298701,0.30203750945919905,0.5476190476190477,48,50176,2316,0.34121621621621623
92.25,293,0.6393154093829012,0.3141454454832501,0.5494880546075085,50,50226,2319,0.33783783783783783
92.33333333333333,294,0.6372636558922483,0.3025648543742991,0.54421768707483,45,50271,2321,0.3344594594594595
92.41666666666667,294,0.6374103628903939,0.2963061409489981,0.54421768707483,49,50320,2323,0.34121621621621623
92.5,292,0.6351365730044597,0.2922339836723398,0.5376712328767124,51,50371,2327,0.34459459459459457
92.58333333333333,294,0.6309448202760605,0.27915539675743756,0.5306122448979592,52,50423,2329,0.34121621621621623
92.66666666666667,291,0.6272401004283125,0.27552394150332293,0.5257731958762887,50,50473,2334,0.34121621621621623
92.75,292,0.6184586182884994,0.27483735822776917,0.5205479452054794,45,50518,2338,0.32432432432432434
92.83333333333333,294,0.6145119825910115,0.27856467984019007,0.5102040816326531,49,50567,2340,0.3141891891891892
92.91666666666667,296,0.6175325058649354,0.29589813339813337,0.5168918918918919,48,50615,2340,0.3141891891891892
93.0,292,0.61964779754288,0.29303769860276707,0.5205479452054794,57,50672,2344,0.32432432432432434
93.08333333333333,293,0.615747337269661,0.296519881332168,0.515358361774744,49,50721,2347,0.3108108108108108
93.16666666666667,292,0.6148758979507521,0.29764366151352456,0.5136986301369864,52,50773,2350,0.30743243243243246
93.25,292,0.6085529854066679,0.285322459123829,0.5,50,50823,2354,0.30743243243243246
93.33333333333333,293,0.6035897522519138,0.2836524965364556,0.49829351535836175,51,50874,2357,0.30405405405405406
93.41666666666667,294,0.6057243493384136,0.28662206085675473,0.4931972789115646,48,50922,2358,0.3108108108108108
93.5,294,0.6063031186490722,0.28962604855462,0.4897959183673469,42,50964,2360,0.30743243243243246
93.58333333333333,295,0.6082645039460326,0.2882628952967936,0.49830508474576274,54,51018,2361,0.3108108108108108
93.66666666666667,294,0.6108087062501394,0.29125585299054685,0.4965986394557823,39,51057,2363,0.32094594594594594
93.75,294,0.6113146874521499,0.2999451040267367,0.4897959183673469,43,51100,2365,0.31756756756756754
93.83333333333333,292,0.6091555061560355,0.302583080922122,0.4897260273972603,45,51145,2369,0.3141891891891892
93.91666666666667,293,0.6042393460408699,0.2953769400868377,0.49829351535836175,45,51190,2372,0.30743243243243246
94.0,296,0.6054397474130239,0.30509525197025195,0.5,48,51238,2372,0.30067567567567566
94.08333333333333,292,0.6075366422765467,0.30065173601132505,0.4828767123287671,44,51282,2376,0.30743243243243246
94.16666666666667,295,0.605511660726087,0.29829008091719955,0.48135593220338985,48,51330,2377,0.2972972972972973
94.25,294,0.6082841392772103,0.296589993528769,0.48299319727891155,47,51377,2379,0.30067567567567566
94.33333333333333,289,0.6058956123362131,0.30289175453535316,0.4844290657439446,46,51423,2385,0.2972972972972973
94.41666666666667,292,0.5936268340731362,0.2811265598936832,0.476027397260274,52,51475,2389,0.28040540540540543
94.5,295,0.5928458141764207,0.28048491056965635,0.48135593220338985,51,51526,2390,0.27364864864864863
94.58333333333333,294,0.5956938896725846,0.28755246076674645,0.47619047619047616,39,51565,2392,0.28040540540540543
94.66666666666667,292,0.5938613986435592,0.29126122980085795,0.4657534246575342,44,51609,2396,0.27702702702702703
94.75,293,0.589331447736995,0.29843758125623826,0.45733788395904434,49,51658,2399,0.27364864864864863
94.83333333333333,293,0.5867976815516505,0.2985691997325667,0.447098976109215,50,51708,2402,0.2702702702702703
94.91666666666667,293,0.5843504519140055,0.3049437312126688,0.4402730375426621,48,51756,2405,0.2668918918918919
95.0,294,0.5833565697303749,0.29563847931264264,0.445578231292517,48,51804,2407,0.2668918918918919
95.08333333333333,294,0.5842829442966405,0.2986349215529792,0.4421768707482993,43,51847,2409,0.2702702702702703
95.16666666666667,295,0.586627468138826,0.296438529617882,0.45084745762711864,37,51884,2410,0.27364864864864863
95.25,294,0.5895620411717196,0.287170262519468,0.4523809523809524,28,51912,2412,0.27364864864864863
95.33333333333333,294,0.5905851055704489,0.30030171108636977,0.4523809523809524,36,51948,2414,0.2668918918918919
95.41666666666667,293,0.5906735861860528,0.3030269032681649,0.4402730375426621,36,51984,2417,0.26013513513513514
95.5,295,0.5911172159392204,0.2944202128801778,0.4440677966101695,40,52024,2418,0.25675675675675674
95.58333333333333,295,0.5990046311013051,0.29729271669949636,0.4576271186440678,41,52065,2418,0.26013513513513514
95.66666666666667,292,0.5995848590794601,0.2879141786676033,0.4657534246575342,41,52106,2422,0.25675675675675674
95.75,290,0.5911906969525165,0.2765221751428648,0.4586206896551724,41,52147,2428,0.24662162162162163
95.83333333333333,294,0.5844255536603273,0.2720269620779825,0.4489795918367347,37,52184,2430,0.22635135135135134
95.91666666666667,293,0.5845072204978862,0.28136571430086793,0.44368600682593856,32,52216,2433,0.22297297297297297
96.0,295,0.5856623281006595,0.2776132154098256,0.4440677966101695,39,52255,2434,0.21621621621621623
96.08333333333333,291,0.5858798292129572,0.27878149947115466,0.436426116838488,37,52292,2439,0.2195945945945946
96.16666666666667,295,0.5829087733942818,0.26954227537512165,0.4271186440677966,35,52327,2440,0.2195945945945946
96.25,294,0.5864186558946812,0.27756266819426567,0.43537414965986393,35,52362,2442,0.22635135135135134
96.33333333333333,293,0.5900830255911826,0.27421224049445775,0.44368600682593856,43,52405,2444,0.22972972972972974
96.41666666666667,294,0.589754016637268,0.27295912834266106,0.445578231292517,48,52453,2446,0.22297297297297297
96.5,293,0.5900584044504669,0.27844656324413886,0.447098976109215,54,52507,2449,0.2195945945945946
96.58333333333333,295,0.5912408671441792,0.27968250335287154,0.44745762711864406,42,52549,2450,0.21283783783783783
96.66666666666667,293,0.5937179357136142,0.27882597408606585,0.44368600682593856,40,52589,2453,0.21621621621621623
96.75,294,0.5936108073048216,0.28023990663856957,0.4523809523809524,42,52631,2455,0.20608108108108109
96.83333333333333,295,0.5968770054437199,0.2756324466030569,0.45084745762711864,42,52673,2456,0.21283783783783783
96.91666666666667,294,0.600947731478368,0.29030847400833326,0.4557823129251701,38,52711,2458,0.21621621621621623
97.0,291,0.5986237788094444,0.3020059363553853,0.4570446735395189,42,52753,2463,0.22297297297297297
97.08333333333333,292,0.5919790012617492,0.29797569249624045,0.4417808219178082,39,52792,2467,0.20945945945945946
97.16666666666667,293,0.5881798944866843,0.29897889368879127,0.43686006825938567,34,52826,2470,0.21621621621621623
97.25,294,0.5879428421658983,0.2834016987781942,0.4387755102040816,32,52858,2472,0.20945945945945946
97.33333333333333,295,0.5912106223105918,0.28610605998975375,0.4406779661016949,31,52889,2473,0.21621621621621623
97.41666666666667,295,0.5968403217308312,0.28056637368735554,0.44745762711864406,39,52928,2474,0.22297297297297297
97.5,293,0.5992524451323092,0.29030092796809226,0.45733788395904434,36,52964,2477,0.22635135135135134
97.58333333333333,293,0.597514440407438,0.28148417788584906,0.447098976109215,32,52996,2480,0.22297297297297297
97.66666666666667,295,0.5984788906566105,0.27502692223031205,0.45084745762711864,32,53028,2481,0.2195945945945946
97.75,294,0.6022417242284734,0.2740654092694909,0.4523809523809524,40,53068,2483,0.2195945945945946
97.83333333333333,293,0.602627161530283,0.28149329813152335,0.45733788395904434,33,53101,2486,0.2195945945945946
97.91666666666667,294,0.6021965155148505,0.27303205109327555,0.4557823129251701,41,53142,2488,0.22972972972972974
98.0,291,0.5999115969295713,0.28703695121220896,0.45017182130584193,38,53180,2493,0.23648648648648649
98.08333333333333,295,0.597564438176269,0.2883352429115141,0.45084745762711864,45,53225,2494,0.22635135135135134
98.16666666666667,293,0.5996920323348333,0.28277831383633434,0.4539249146757679,35,53260,2497,0.22635135135135134
98.25,292,0.5965825389112779,0.27498900452667574,0.4657534246575342,50,53310,2501,0.2195945945945946
98.33333333333333,293,0.5937440901097447,0.27856574597188927,0.4539249146757679,34,53344,2504,0.21283783783783783
98.41666666666667,296,0.5960607813940733,0.274367514992515,0.4560810810810811,37,53381,2504,0.20945945945945946
98.5,293,0.601158099708244,0.27900622320417545,0.46075085324232085,41,53422,2507,0.21283783783783783
98.58333333333333,294,0.6007990779772212,0.2688706890237503,0.46598639455782315,30,53452,2509,0.20945945945945946
98.66666666666667,293,0.601091775459868,0.26423962840345094,0.47440273037542663,37,53489,2512,0.20945945945945946
98.75,296,0.6034356759693333,0.2574300980550981,0.47635135135135137,41,53530,2512,0.20270270270270271
98.83333333333333,293,0.6079762013232726,0.2614136716525795,0.4778156996587031,41,53571,2515,0.20608108108108109
98.91666666666667,294,0.6112043196070259,0.268201970638635,0.47959183673469385,29,53600,2516,0.20608108108108109
99.0,296,0.6155552972108776,0.27579157988640746,0.49324324324324326,47,53647,2516,0.20608108108108109
99.08333333333333,293,0.6203697960170438,0.2801133176971708,0.49829351535836175,43,53690,2519,0.20945945945945946
99.16666666666667,294,0.6199732781504241,0.2786017752414656,0.4931972789115646,44,53734,2521,0.21283783783783783
99.25,293,0.6214329799659865,0.2757008265099356,0.5017064846416383,46,53780,2524,0.20608108108108109
99.33333333333333,292,0.6184088788279847,0.2852253271449067,0.4931506849315068,44,53824,2528,0.21283783783783783
99.41666666666667,294,0.6157300483279998,0.27974639646626176,0.4931972789115646,56,53880,2530,0.20945945945945946
99.5,292,0.6161748470328364,0.2762838090428515,0.4863013698630137,54,53934,2534,0.20608108108108109
99.58333333333333,295,0.6147742894075389,0.27993571363279973,0.4847457627118644,38,53972,2535,0.20945945945945946
99.66666666666667,294,0.6183160368736083,0.2822381315406851,0.48639455782312924,38,54010,2537,0.21621621621621623
99.75,296,0.6224279018095026,0.28839442276942273,0.48986486486486486,44,54054,2537,0.21621621621621623
99.83333333333333,295,0.6294424185513896,0.2845456458168323,0.4915254237288136,44,54098,2538,0.22635135135135134
99.91666666666667,295,0.6342532526868284,0.2881940219228355,0.511864406779661,36,54134,2539,0.23648648648648649
100.0,295,0.6389706486205142,0.28365544374018953,0.511864406779661,53,54187,2540,0.24324324324324326
100.08333333333333,295,0.6436149892589719,0.29162112212959673,0.5152542372881356,49,54236,2541,0.24324324324324326
100.16666666666667,294,0.6469567778668394,0.2891680629775868,0.5238095238095238,44,54280,2543,0.25675675675675674
100.25,294,0.6480654635208618,0.2946984075385436,0.54421768707483,39,54319,2545,0.2533783783783784
100.33333333333333,293,0.6479880517375957,0.29789436325272506,0.5392491467576792,52,54371,2548,0.2533783783783784
100.41666666666667,292,0.6480298785647997,0.29381961582304045,0.541095890410959,47,54418,2551,0.24662162162162163
100.5,294,0.6447838156743101,0.2926662277002413,0.54421768707483,50,54468,2553,0.24662162162162163
100.58333333333333,294,0.646695115005107,0.28303216058318104,0.5340136054421769,33,54501,2555,0.25
100.66666666666667,295,0.648924039971281,0.2854732837783685,0.5322033898305085,50,54551,2556,0.26013513513513514
100.75,292,0.6504025839701916,0.2857939153168251,0.5273972602739726,39,54590,2560,0.2635135135135135
100.83333333333333,292,0.6447045702382977,0.28484388551405554,0.5273972602739726,38,54628,2564,0.2668918918918919
100.91666666666667,295,0.6423216628631908,0.2784367330831387,0.5220338983050847,45,54673,2565,0.26013513513513514
101.0,296,0.647814954691148,0.27888338233165816,0.5202702702702703,39,54712,2565,0.2668918918918919
101.08333333333333,295,0.6543050837870567,0.2934863908793814,0.5288135593220339,46,54758,2566,0.27364864864864863
101.16666666666667,294,0.6607628594901657,0.284543177590566,0.5408163265306123,34,54792,2567,0.28378378378378377
101.25,294,0.6614543853414262,0.28838563143301993,0.5476190476190477,59,54851,2569,0.28716216216216217
101.33333333333333,293,0.6608566189402659,0.2839750595072513,0.5460750853242321,41,54892,2572,0.2905405405405405
101.41666666666667,293,0.6578852858614825,0.28540518883034727,0.552901023890785,47,54939,2575,0.2939189189189189
101.5,294,0.6560725436913206,0.28539299756500924,0.5476190476190477,35,54974,2577,0.2939189189189189
101.58333333333333,295,0.6575556018261327,0.28072486700816,0.5457627118644067,46,55020,2578,0.30067567567567566
101.66666666666667,296,0.6624565294418344,0.2787953854918141,0.5540540540540541,45,55065,2578,0.2972972972972973
101.75,296,0.6696155305772423,0.27560199479842334,0.5608108108108109,42,55107,2578,0.30743243243243246
101.83333333333333,296,0.6767304461853962,0.2703103845960989,0.581081081081081,45,55152,2578,0.3141891891891892
101.91666666666667,294,0.6815933507833422,0.2684323788186762,0.5850340136054422,54,55206,2580,0.32094594594594594
102.0,294,0.6817597961124036,0.27178564066319166,0.5782312925170068,50,55256,2582,0.32094594594594594
102.08333333333333,295,0.6829434223721672,0.2669606288250356,0.576271186440678,52,55308,2583,0.32432432432432434
102.16666666666667,292,0.6832114025141396,0.2598272921903059,0.5787671232876712,50,55358,2587,0.3310810810810811
102.25,295,0.6796664870466921,0.26422022422022423,0.5728813559322034,41,55399,2588,0.33783783783783783
102.33333333333333,293,0.6807430609852699,0.2799051441542909,0.5699658703071673,36,55435,2591,0.33783783783783783
102.41666666666667,296,0.680522674256493,0.27863606990762163,0.5641891891891891,52,55487,2591,0.3344594594594595
102.5,293,0.6839442239456752,0.2801784778453014,0.5631399317406144,49,55536,2594,0.34121621621621623
102.58333333333333,291,0.6784643364566741,0.2904396965097285,0.5670103092783505,47,55583,2599,0.33783783783783783
102.66666666666667,292,0.6699887374616919,0.29223633167598684,0.5684931506849316,37,55620,2603,0.3310810810810811
102.75,295,0.6662961951392333,0.2933407270695406,0.5627118644067797,43,55663,2604,0.32094594594594594
102.83333333333333,291,0.6650012994794566,0.2957010629691042,0.563573883161512,42,55705,2609,0.3277027027027027
102.91666666666667,293,0.6569490852802085,0.2894028705462152,0.5494880546075085,48,55753,2612,0.3277027027027027
103.0,295,0.6557274909575914,0.29071791381551754,0.5559322033898305,39,55792,2613,0.31756756756756754
103.08333333333333,291,0.6544063085163127,0.2899027918402252,0.563573883161512,40,55832,2618,0.32094594594594594
103.16666666666667,296,0.650165059137271,0.2798726704976705,0.5641891891891891,40,55872,2618,0.3108108108108108
103.25,293,0.6534705295055789,0.27584997482608403,0.5631399317406144,37,55909,2621,0.3108108108108108
103.33333333333333,296,0.653821982981314,0.28063612503267676,0.5641891891891891,35,55944,2621,0.30405405405405406
103.41666666666667,295,0.6595293508876596,0.2974334993534292,0.5627118644067797,34,55978,2622,0.32094594594594594
103.5,295,0.6630440378003329,0.2882735256171843,0.5694915254237288,37,56015,2623,0.3277027027027027
103.58333333333333,293,0.6640870123002073,0.2832717630204979,0.5631399317406144,41,56056,2626,0.3310810810810811
103.66666666666667,291,0.658267088723767,0.290921612455562,0.5601374570446735,42,56098,2631,0.3277027027027027
103.75,296,0.6537630122538851,0.28886714888870063,0.5574324324324325,38,56136,2631,0.32094594594594594
103.83333333333333,291,0.6545734040231469,0.2842540716252056,0.563573883161512,40,56176,2636,0.32432432432432434
103.91666666666667,296,0.6502932226825796,0.2839943652443653,0.5540540540540541,44,56220,2636,0.31756756756756754
104.0,295,0.6558237754859204,0.2707271259813633,0.5559322033898305,42,56262,2637,0.32432432432432434
104.08333333333333,294,0.6581484792964953,0.26229049672927224,0.5510204081632653,49,56311,2639,0.3344594594594595
104.16666666666667,295,0.6592454420436688,0.2598551918890902,0.5491525423728814,42,56353,2640,0.3344594594594595
104.25,292,0.6591152306454617,0.26037143982349464,0.547945205479452,42,56395,2644,0.3310810810810811
104.33333333333333,295,0.6557918507631875,0.2573859191655802,0.5423728813559322,41,56436,2645,0.32432432432432434
104.41666666666667,295,0.6591590581975839,0.27613193774210726,0.5559322033898305,46,56482,2646,0.3277027027027027
104.5,294,0.6615022163829906,0.2729519063702737,0.5612244897959183,43,56525,2648,0.3344594594594595
104.58333333333333,293,0.6604388563342362,0.266826073054742,0.5597269624573379,46,56571,2651,0.3277027027027027
104.66666666666667,293,0.6570990186652688,0.2640744636478425,0.552901023890785,54,56625,2654,0.3310810810810811
104.75,293,0.65361610062464,0.2583504284869473,0.5494880546075085,40,56665,2657,0.3344594594594595
104.83333333333333,295,0.6525514363894361,0.2560833359256694,0.5457627118644067,53,56718,2658,0.3310810810810811
104.91666666666667,293,0.6535163030090665,0.2622256045583294,0.5426621160409556,48,56766,2661,0.34459459459459457
105.0,294,0.6512890482004503,0.2687593997089848,0.5374149659863946,53,56819,2663,0.33783783783783783
105.08333333333333,292,0.6488352468100211,0.2638128648374471,0.5342465753424658,46,56865,2667,0.3344594594594595
105.16666666666667,292,0.6419838039673089,0.2721056375137814,0.5342465753424658,45,56910,2671,0.32432432432432434
105.25,295,0.6388846108922749,0.27651361218879195,0.5322033898305085,46,56956,2672,0.3141891891891892
105.33333333333333,292,0.6391299059268383,0.278090881341491,0.5273972602739726,41,56997,2676,0.3277027027027027
105.41666666666667,294,0.6347464975022691,0.27695066963774445,0.5204081632653061,38,57035,2678,0.3344594594594595
105.5,295,0.6358785960747675,0.2931009414261353,0.5220338983050847,46,57081,2679,0.33783783783783783
105.58333333333333,294,0.6379373085964485,0.2889975415687395,0.5204081632653061,43,57124,2681,0.33783783783783783
105.66666666666667,291,0.6359700661586845,0.2828939416772139,0.5120274914089347,47,57171,2686,0.3344594594594595
105.75,294,0.629291889918437,0.28080945225820125,0.5102040816326531,40,57211,2688,0.3277027027027027
105.83333333333333,295,0.6303967736596895,0.2842306500781077,0.5152542372881356,55,57266,2689,0.3310810810810811
105.91666666666667,291,0.6286949862812791,0.2887799330091071,0.5085910652920962,47,57313,2694,0.3310810810810811
106.0,295,0.6235669219551268,0.28143759599925583,0.5050847457627119,34,57347,2695,0.31756756756756754
106.08333333333333,295,0.6268522833161904,0.27916049456961206,0.5084745762711864,49,57396,2696,0.3344594594594595
106.16666666666667,291,0.625123748850791,0.28513201226496643,0.5017182130584192,47,57443,2701,0.33783783783783783
106.25,293,0.6177014420967556,0.29448733892655277,0.49146757679180886,43,57486,2704,0.32094594594594594
106.33333333333333,291,0.6115948534838828,0.29039955844079557,0.4948453608247423,53,57539,2709,0.31756756756756754
106.41666666666667,294,0.6054526720069636,0.2682956688058729,0.4897959183673469,42,57581,2711,0.30067567567567566
106.5,294,0.6056137118517249,0.2850360429442062,0.4931972789115646,41,57622,2713,0.30067567567567566
106.58333333333333,293,0.6045245607201402,0.29135167070320656,0.49146757679180886,31,57653,2716,0.2972972972972973
106.66666666666667,295,0.6042850034610644,0.2826578600307414,0.5016949152542373,43,57696,2717,0.2939189189189189
106.75,295,0.6079105406825791,0.2799699923428737,0.5016949152542373,45,57741,2718,0.30067567567567566
106.83333333333333,292,0.6081553238444443,0.2916327489101462,0.4965753424657534,41,57782,2722,0.30405405405405406
106.91666666666667,294,0.6042306869930454,0.27415081139570935,0.48299319727891155,42,57824,2724,0.2972972972972973
107.0,295,0.6057811608626462,0.2762653260110887,0.4847457627118644,47,57871,2725,0.2939189189189189
107.08333333333333,293,0.6067959270336506,0.274887617123112,0.4778156996587031,33,57904,2728,0.30067567567567566
107.16666666666667,294,0.6050517285789838,0.2755457883008904,0.47278911564625853,39,57943,2730,0.2972972972972973
107.25,292,0.6026848771254809,0.27413862773451814,0.4623287671232877,40,57983,2734,0.2905405405405405
107.33333333333333,294,0.5990274854984281,0.2654626175034338,0.45918367346938777,39,58022,2736,0.28040540540540543
107.41666666666667,296,0.6022375689613814,0.27208675333675336,0.46283783783783783,32,58054,2736,0.27702702702702703
107.5,294,0.6070120104324984,0.27570674790062544,0.47278911564625853,29,58083,2738,0.27702702702702703
107.58333333333333,292,0.6052711552358073,0.2638040612355681,0.4657534246575342,36,58119,2742,0.27702702702702703
107.66666666666667,295,0.6031749704206305,0.2603216839657517,0.46440677966101696,36,58155,2743,0.2702702702702703
107.75,294,0.6059790184816697,0.2679043745370276,0.46938775510204084,35,58190,2745,0.2668918918918919
107.83333333333333,293,0.6082822186024702,0.2713378111695165,0.47440273037542663,44,58234,2748,0.2702702702702703
107.91666666666667,295,0.608204184908978,0.27479426444067,0.4711864406779661,45,58279,2749,0.2635135135135135
108.0,292,0.6083049007526643,0.28074893143941726,0.4726027397260274,43,58322,2753,0.2668918918918919
108.08333333333333,296,0.6075446549652535,0.28414400074430757,0.47297297297297297,41,58363,2753,0.26013513513513514
108.16666666666667,292,0.6108516932438168,0.28422688521555245,0.4828767123287671,43,58406,2757,0.2635135135135135
108.25,296,0.610023803099575,0.2753910410215203,0.4797297297297297,52,58458,2757,0.2668918918918919
108.33333333333333,294,0.6147848338352158,0.27615405224483336,0.48639455782312924,46,58504,2759,0.2668918918918919
108.41666666666667,293,0.6141931063378876,0.2716014269621425,0.4778156996587031,45,58549,2762,0.2702702702702703
108.5,294,0.6127007910352182,0.2722501896675014,0.47619047619047616,41,58590,2764,0.2668918918918919
108.58333333333333,296,0.6159626663255982,0.27814412918461817,0.47635135135135137,40,58630,2764,0.26013513513513514
108.66666666666667,296,0.6234527409694397,0.2906199396855497,0.4797297297297297,34,58664,2764,0.2635135135135135
108.75,295,0.629754441670027,0.2904317832230394,0.4847457627118644,45,58709,2765,0.2635135135135135
108.83333333333333,292,0.6301551462486202,0.285144068486964,0.4897260273972603,47,58756,2769,0.2635135135135135
108.91666666666667,295,0.6278973777868013,0.28092331199258597,0.49830508474576274,38,58794,2770,0.2533783783783784
109.0,296,0.6332515883483523,0.2791484503878572,0.5033783783783784,50,58844,2770,0.2635135135135135
109.08333333333333,294,0.6383594646276646,0.28217680845231863,0.5068027210884354,42,58886,2772,0.2635135135135135
109.16666666666667,294,0.6391527243480434,0.2728161766427073,0.5034013605442177,52,58938,2774,0.27364864864864863
109.25,296,0.642235549754509,0.2720532939282939,0.5067567567567568,39,58977,2774,0.2702702702702703
109.33333333333333,296,0.6496257296727714,0.27897598835098836,0.5101351351351351,41,59018,2774,0.28378378378378377
109.41666666666667,294,0.6546772740290536,0.2839050971704033,0.5170068027210885,50,59068,2776,0.28716216216216217
109.5,294,0.6552422316577104,0.2853612266148709,0.5170068027210885,48,59116,2778,0.2905405405405405
109.58333333333333,293,0.6544966102000009,0.2861485577680241,0.5187713310580204,32,59148,2781,0.2972972972972973
109.66666666666667,293,0.6514639966265515,0.2820717955413266,0.5255972696245734,34,59182,2784,0.2939189189189189
109.75,296,0.6519959143780635,0.29121782803057333,0.527027027027027,31,59213,2784,0.28716216216216217
109.83333333333333,294,0.6568720358207532,0.29257835988131553,0.5374149659863946,43,59256,2786,0.2972972972972973
109.91666666666667,292,0.6549839117093693,0.28322163979934406,0.5376712328767124,42,59298,2790,0.2939189189189189
110.0,294,0.6509483346578847,0.28980780212307305,0.5272108843537415,37,59335,2792,0.28378378378378377
110.08333333333333,295,0.6525037004679006,0.29636352348216755,0.5389830508474577,51,59386,2793,0.28716216216216217
110.16666666666667,294,0.6551324194464886,0.29346684053100514,0.5510204081632653,48,59434,2795,0.2972972972972973
110.25,294,0.6554882361721456,0.2965315668100172,0.5544217687074829,43,59477,2797,0.2972972972972973
110.33333333333333,295,0.6569583154456055,0.3070307655309488,0.5559322033898305,46,59523,2798,0.2972972972972973
110.41666666666667,293,0.6583619982012374,0.3041328220619815,0.5665529010238908,47,59570,2801,0.2972972972972973
110.5,293,0.6557717860502872,0.29832079248932253,0.5597269624573379,57,59627,2804,0.28716216216216217
110.58333333333333,295,0.6550111856429195,0.2890093999123806,0.5491525423728814,42,59669,2805,0.28716216216216217
110.66666666666667,296,0.6598604012864381,0.29129383256538427,0.5540540540540541,47,59716,2805,0.2905405405405405
110.75,296,0.6669673880874968,0.2953686516186516,0.5675675675675675,47,59763,2805,0.30067567567567566
110.83333333333333,296,0.6740366286588839,0.298652633027633,0.5709459459459459,38,59801,2805,0.3108108108108108
110.91666666666667,290,0.6742881650933369,0.30434822775120846,0.5758620689655173,52,59853,2811,0.3277027027027027
111.0,295,0.6662716080552697,0.29146588784192917,0.5796610169491525,69,59922,2812,0.3108108108108108
111.08333333333333,294,0.6684960341449342,0.28864109279861494,0.5782312925170068,46,59968,2814,0.31756756756756754
111.16666666666667,296,0.6707234537501132,0.29446233229108737,0.5743243243243243,53,60021,2814,0.32432432432432434
111.25,293,0.6741408565188516,0.29276317225593446,0.5733788395904437,47,60068,2817,0.3310810810810811
111.33333333333333,293,0.6707437708934734,0.28556917171722396,0.5631399317406144,39,60107,2820,0.32432432432432434
111.41666666666667,293,0.6672635334712351,0.2717740359231474,0.5563139931740614,46,60153,2823,0.32432432432432434
111.5,294,0.6683664640820214,0.2743750486097425,0.5578231292517006,46,60199,2824,0.31756756756756754
111.58333333333333,295,0.6696151839882406,0.2796875911282691,0.5525423728813559,51,60250,2825,0.32432432432432434
111.66666666666667,291,0.668386310547731,0.29382731624999664,0.5532646048109966,50,60300,2830,0.3277027027027027
111.75,294,0.6615073352019174,0.28016771588200157,0.5476190476190477,43,60343,2832,0.32094594594594594
111.83333333333333,294,0.6613517916949517,0.28173884883068556,0.5476190476190477,54,60397,2834,0.3277027027027027
111.91666666666667,295,0.662487760925946,0.27859310181344077,0.5491525423728814,46,60443,2835,0.32094594594594594
112.0,292,0.6624833446383591,0.2803555937973746,0.5445205479452054,46,60489,2839,0.3277027027027027
112.08333333333333,291,0.6544603911112041,0.2800209431652731,0.5360824742268041,48,60537,2844,0.32432432432432434
112.16666666666667,293,0.6465389088315087,0.28070426918549785,0.5324232081911263,36,60573,2847,0.32094594594594594
112.25,294,0.6444134762285179,0.27634605568279036,0.5408163265306123,41,60614,2849,0.3108108108108108
112.33333333333333,296,0.6470212560206524,0.28332559895059894,0.5506756756756757,53,60667,2849,0.3141891891891892
112.41666666666667,294,0.6516815344877848,0.2836750079097018,0.5510204081632653,52,60719,2851,0.3141891891891892
112.5,295,0.6532196397592182,0.2871775776013064,0.5661016949152542,56,60775,2852,0.3108108108108108
112.58333333333333,294,0.6557709831650819,0.29075041549531344,0.5612244897959183,48,60823,2854,0.3108108108108108
112.66666666666667,294,0.6561501540467922,0.29590149079945,0.5680272108843537,42,60865,2856,0.30743243243243246
112.75,294,0.656518855498994,0.2900648290305848,0.564625850340136,43,60908,2858,0.30405405405405406
112.83333333333333,292,0.6545446926869714,0.2945855226024137,0.565068493150685,57,60965,2862,0.30405405405405406
112.91666666666667,291,0.6467765661716551,0.29335423993819937,0.5463917525773195,44,61009,2867,0.3108108108108108
113.0,295,0.6416341123250644,0.28619732433291756,0.5457627118644067,42,61051,2868,0.30067567567567566
113.08333333333333,295,0.6453555958350304,0.2938833953240733,0.559322033898305,50,61101,2869,0.30067567567567566
113.16666666666667,295,0.649280052696282,0.2825099476794392,0.5525423728813559,46,61147,2870,0.30067567567567566
113.25,295,0.6531902914140457,0.28034419441199104,0.5559322033898305,37,61184,2871,0.30743243243243246
113.33333333333333,292,0.6534513639086735,0.2968370561814789,0.5513698630136986,50,61234,2875,0.3108108108108108
113.41666666666667,295,0.6505735760837672,0.28501543519703326,0.5525423728813559,41,61275,2876,0.30743243243243246
113.5,295,0.6542870756349671,0.2801577599156292,0.5423728813559322,44,61319,2877,0.30743243243243246
113.58333333333333,292,0.656089805097671,0.27870768745279506,0.5376712328767124,49,61368,2881,0.3108108108108108
113.66666666666667,293,0.6517409460781602,0.2716931532631191,0.5392491467576792,41,61409,2884,0.3108108108108108
113.75,294,0.6497025431645764,0.2767183402387484,0.5408163265306123,44,61453,2886,0.30405405405405406
113.83333333333333,293,0.6488467273279923,0.27337832815648516,0.5494880546075085,43,61496,2889,0.30067567567567566
113.91666666666667,292,0.6446084126323057,0.27238642255765544,0.541095890410959,33,61529,2893,0.2972972972972973
114.0,290,0.6356546667528578,0.280560021532928,0.5275862068965518,57,61586,2899,0.2905405405405405
114.08333333333333,293,0.6262038575827753,0.28373817254850897,0.5187713310580204,43,61629,2902,0.28040540540540543
114.16666666666667,293,0.6232914896292812,0.2818586811638981,0.5051194539249146,41,61670,2905,0.27702702702702703
114.25,296,0.6243809036967747,0.2790997896909227,0.5101351351351351,43,61713,2905,0.27364864864864863
114.33333333333333,292,0.6267977419265106,0.2784688488307997,0.5034246575342466,40,61753,2909,0.27364864864864863
114.41666666666667,293,0.6255124471847172,0.2737751444088975,0.49146757679180886,41,61794,2911,0.2702702702702703
114.5,295,0.6254526573974962,0.2751564258197806,0.488135593220339,40,61834,2912,0.2635135135135135
114.58333333333333,293,0.6271218361041558,0.27946156719925613,0.5017064846416383,54,61888,2915,0.27702702702702703
114.66666666666667,291,0.621882531633217,0.27205269775225593,0.4879725085910653,37,61925,2920,0.2702702702702703
114.75,293,0.6149464565012568,0.2751401234336388,0.4948805460750853,49,61974,2923,0.2668918918918919
114.83333333333333,294,0.6136314945588146,0.2659819300125422,0.5034013605442177,38,62012,2925,0.26013513513513514
114.91666666666667,295,0.6156845023040864,0.26580553156824344,0.5016949152542373,35,62047,2926,0.2635135135135135
115.0,294,0.6185997691283933,0.26498587391444534,0.4965986394557823,43,62090,2928,0.2635135135135135
115.08333333333333,294,0.6194660896398448,0.2733822016985282,0.5,40,62130,2930,0.2635135135135135
115.16666666666667,293,0.6195961588816982,0.26873024586335165,0.4948805460750853,42,62172,2933,0.2635135135135135
115.25,294,0.6182343349652207,0.2707947947743866,0.4965986394557823,42,62214,2935,0.2635135135135135
115.33333333333333,294,0.6189939008751885,0.27175032072991256,0.5068027210884354,44,62258,2937,0.2635135135135135
115.41666666666667,294,0.619803488660396,0.2715388730694853,0.5102040816326531,37,62295,2939,0.2635135135135135
115.5,294,0.6206657835452635,0.26911607855485403,0.5068027210884354,39,62334,2941,0.2702702702702703
115.58333333333333,295,0.6227948025300881,0.2761309218088879,0.5084745762711864,49,62383,2942,0.2702702702702703
115.66666666666667,293,0.6244801156321532,0.2738574091816413,0.5051194539249146,49,62432,2945,0.28040540540540543
115.75,294,0.6231930359196445,0.27150415721844295,0.5068027210884354,47,62479,2947,0.27364864864864863
115.83333333333333,295,0.6253170936994056,0.27909533968856004,0.5186440677966102,46,62525,2948,0.27702702702702703
115.91666666666667,294,0.6282260274869005,0.27212003793636447,0.5136054421768708,39,62564,2950,0.28378378378378377
116.0,294,0.6290488385632005,0.27142870389703605,0.5102040816326531,48,62612,2952,0.28716216216216217
116.08333333333333,296,0.6323325169567449,0.27113107426155353,0.5101351351351351,43,62655,2952,0.2905405405405405
116.16666666666667,295,0.6387503499232238,0.2645645976910774,0.5288135593220339,48,62703,2953,0.2939189189189189
116.25,293,0.6404221432514607,0.27615712000649456,0.5221843003412969,55,62758,2956,0.30405405405405406
116.33333333333333,295,0.6401452494829266,0.2781984124284692,0.5288135593220339,55,62813,2957,0.2972972972972973
116.41666666666667,292,0.6409079505624891,0.2888107539527041,0.5308219178082192,52,62865,2961,0.3108108108108108
116.5,291,0.6378663414073511,0.2909957381484854,0.5257731958762887,47,62912,2965,0.30743243243243246
116.58333333333333,294,0.6318945567166443,0.28840499298475303,0.5272108843537415,48,62960,2967,0.2939189189189189
116.66666666666667,292,0.6306909346167532,0.28449356239236184,0.5171232876712328,55,63015,2971,0.2905405405405405
116.75,294,0.6269769613797929,0.27777630598379294,0.5170068027210885,48,63063,2973,0.2939189189189189
116.83333333333333,296,0.6300368936154191,0.28308003901224243,0.5202702702702703,45,63108,2973,0.2939189189189189
116.91666666666667,296,0.6374924360189897,0.2875959800066943,0.527027027027027,49,63157,2973,0.30067567567567566
117.0,294,0.6424946605567976,0.2959986334257471,0.5340136054421769,45,63202,2975,0.3141891891891892
117.08333333333333,294,0.6430335901852713,0.2881967505590078,0.5272108843537415,42,63244,2977,0.3141891891891892
117.16666666666667,295,0.644750329502277,0.29504842448741986,0.5254237288135594,47,63291,2978,0.30743243243243246
117.25,290,0.6426450237218698,0.30949148520159625,0.5275862068965518,35,63326,2984,0.30743243243243246
117.33333333333333,294,0.634502353899244,0.3018255270806291,0.5204081632653061,35,63361,2986,0.2905405405405405
117.41666666666667,296,0.6375488545833882,0.3057490463740464,0.5236486486486487,45,63406,2986,0.2939189189189189
117.5,296,0.6450138193373691,0.30891260611088195,0.527027027027027,42,63448,2986,0.30405405405405406
117.58333333333333,294,0.6501361304649766,0.3148079248272774,0.5306122448979592,51,63499,2988,0.30405405405405406
117.66666666666667,292,0.6484488060799174,0.30034486094653784,0.5342465753424658,50,63549,2992,0.30405405405405406
117.75,296,0.6470623769207382,0.29391215986043573,0.5405405405405406,42,63591,2992,0.30067567567567566
117.83333333333333,294,0.6520931868926585,0.31579280540399474,0.54421768707483,49,63640,2994,0.30405405405405406
117.91666666666667,295,0.6539296342027102,0.30046401809113676,0.5457627118644067,50,63690,2995,0.30743243243243246
118.0,296,0.6590859428152691,0.2909143502893503,0.5540540540540541,59,63749,2995,0.3108108108108108
118.08333333333333,294,0.6641342700370756,0.29144875343854937,0.5510204081632653,59,63808,2997,0.32094594594594594
118.16666666666667,295,0.6657768933504155,0.28985038501987653,0.5457627118644067,54,63862,2998,0.32094594594594594
118.25,293,0.6685125028907334,0.2979257754001781,0.5494880546075085,55,63917,3001,0.32432432432432434
118.33333333333333,292,0.6642516628131141,0.30280334169352047,0.5445205479452054,53,63970,3005,0.32432432432432434
118.41666666666667,294,0.6600132060428354,0.2990475979623334,0.54421768707483,55,64025,3007,0.3141891891891892
118.5,295,0.6615511970909526,0.2998154290728264,0.5559322033898305,52,64077,3008,0.30743243243243246
118.58333333333333,294,0.6643957687989234,0.3008984115478408,0.5544217687074829,52,64129,3010,0.3108108108108108
118.66666666666667,293,0.6638174971313444,0.2883821143409273,0.552901023890785,42,64171,3013,0.3141891891891892
118.75,293,0.6643534637998192,0.2942717881284434,0.5460750853242321,46,64217,3015,0.3141891891891892
118.83333333333333,292,0.6602983686932683,0.2946801676253731,0.5513698630136986,50,64267,3019,0.3141891891891892
118.91666666666667,292,0.6539445070028539,0.30424779748409886,0.5547945205479452,54,64321,3023,0.30743243243243246
119.0,293,0.6497700475959617,0.3099806526427687,0.552901023890785,50,64371,3026,0.30405405405405406
119.08333333333333,296,0.6504475738193083,0.3093442315425074,0.5574324324324325,53,64424,3026,0.2972972972972973
119.16666666666667,292,0.6532247896908993,0.2961758089178968,0.5582191780821918,49,64473,3030,0.30405405405405406
119.25,294,0.6495393207051207,0.30353302248094644,0.564625850340136,52,64525,3032,0.2972972972972973
119.33333333333333,289,0.644532784985468,0.29553621975511624,0.5501730103806228,58,64583,3039,0.2939189189189189
119.41666666666667,293,0.636446996380162,0.2889088145182733,0.5392491467576792,58,64641,3041,0.28716216216216217
119.5,293,0.6338066996980015,0.28565439291914185,0.5324232081911263,59,64700,3044,0.28716216216216217
119.58333333333333,293,0.6311872849216227,0.29093485383100204,0.5324232081911263,45,64745,3047,0.28716216216216217
119.66666666666667,296,0.6323191453445737,0.28178365678365674,0.5337837837837838,35,64780,3047,0.2905405405405405
119.75,292,0.6350257003114742,0.2815398389028526,0.5445205479452054,47,64827,3051,0.2939189189189189
119.83333333333333,295,0.6331357361557457,0.2895698777054709,0.5423728813559322,43,64870,3052,0.28040540540540543
119.91666666666667,294,0.6362597645095048,0.28378643591228625,0.564625850340136,53,64923,3054,0.2905405405405405
120.0,293,0.6359029029057273,0.28059780220507935,0.5597269624573379,48,64971,3057,0.2972972972972973
120.08333333333333,292,0.6354292677175725,0.2772114931564665,0.5547945205479452,60,65031,3060,0.2972972972972973
120.16666666666667,293,0.6306509224450215,0.28351398781263504,0.552901023890785,57,65088,3063,0.2905405405405405
120.25,292,0.6268156475975596,0.28826911337919164,0.5376712328767124,42,65130,3067,0.28378378378378377
120.33333333333333,296,0.6260156508890939,0.26996343290986147,0.5371621621621622,54,65184,3067,0.27702702702702703
120.41666666666667,294,0.631252578615759,0.27746128183445967,0.5374149659863946,46,65230,3069,0.28040540540540543
120.5,296,0.6348683340909542,0.28068281728996014,0.5405405405405406,56,65286,3069,0.27702702702702703
120.58333333333333,296,0.6427009919882766,0.2853314920279206,0.5472972972972973,51,65337,3069,0.28378378378378377
120.66666666666667,294,0.6482451493469807,0.28737368748301695,0.5476190476190477,48,65385,3071,0.2939189189189189
120.75,293,0.649648616010078,0.28210411940299795,0.5460750853242321,44,65429,3074,0.2972972972972973
120.83333333333333,294,0.6481080420147385,0.28638989236656875,0.5510204081632653,52,65481,3076,0.2939189189189189
120.91666666666667,294,0.648699136083274,0.2921638452250697,0.5612244897959183,47,65528,3078,0.30067567567567566
121.0,293,0.6482066123745328,0.2907899741517489,0.5597269624573379,50,65578,3081,0.2972972972972973
121.08333333333333,296,0.6491478234424845,0.28320412063144623,0.5540540540540541,39,65617,3081,0.2939189189189189
121.16666666666667,292,0.6520178595380804,0.27797012055375264,0.5513698630136986,49,65666,3085,0.2972972972972973
121.25,292,0.6461197738325604,0.27583053639362054,0.5342465753424658,51,65717,3089,0.28378378378378377
121.33333333333333,290,0.6376621204422548,0.2620410651769982,0.5275862068965518,52,65769,3095,0.28378378378378377
121.41666666666667,296,0.632458518537218,0.2679848082920117,0.5236486486486487,49,65818,3095,0.2668918918918919
121.5,293,0.6374762374009618,0.2752211794020668,0.5290102389078498,44,65862,3098,0.2702702702702703
121.58333333333333,293,0.6352339120273771,0.2785379043911467,0.5290102389078498,54,65916,3101,0.27702702702702703
121.66666666666667,295,0.6353853823236657,0.2836168755861373,0.5254237288135594,53,65969,3102,0.2702702702702703
121.75,292,0.6366245147881252,0.28513861803564616,0.5205479452054794,45,66014,3106,0.2702702702702703
121.83333333333333,292,0.6310647198257819,0.28577070728074905,0.5102739726027398,48,66062,3110,0.2668918918918919
121.91666666666667,294,0.6277938030734264,0.29009010609667824,0.5102040816326531,52,66114,3112,0.27364864864864863
122.0,293,0.6284611533394479,0.29238715431783574,0.5051194539249146,43,66157,3115,0.27702702702702703
122.08333333333333,295,0.6286264908608518,0.2934203370497935,0.511864406779661,48,66205,3116,0.27364864864864863
122.16666666666667,293,0.6305805204243623,0.28477943211966983,0.5119453924914675,32,66237,3119,0.27364864864864863
122.25,293,0.6283011334143286,0.2898381769395068,0.515358361774744,53,66290,3122,0.2635135135135135
122.33333333333333,294,0.627223437854272,0.2791493276187154,0.5068027210884354,37,66327,3124,0.2668918918918919
122.41666666666667,295,0.6295004472331184,0.2746321663270816,0.5152542372881356,49,66376,3125,0.28040540540540543
122.5,294,0.6326025720043023,0.2785345984325576,0.5170068027210885,45,66421,3127,0.28040540540540543
122.58333333333333,295,0.6348960124283302,0.2713441172763207,0.5152542372881356,43,66464,3128,0.27364864864864863
122.66666666666667,296,0.6405407172576555,0.2763393697715732,0.5304054054054054,50,66514,3128,0.28040540540540543
122.75,293,0.6450975009391695,0.29233683425127865,0.5392491467576792,44,66558,3131,0.2905405405405405
122.83333333333333,292,0.641307765113321,0.2864265110895996,0.5308219178082192,42,66600,3135,0.2905405405405405
122.91666666666667,294,0.638880186474848,0.2814783194940401,0.5306122448979592,43,66643,3137,0.2905405405405405
123.0,295,0.640915011640915,0.28316622518551215,0.5423728813559322,51,66694,3138,0.2939189189189189
123.08333333333333,293,0.6425119215515803,0.2925964178498686,0.5460750853242321,44,66738,3141,0.30067567567567566
123.16666666666667,294,0.6409942129540169,0.2829217191638732,0.5510204081632653,55,66793,3143,0.2972972972972973
123.25,292,0.6391597542349142,0.2739545568841317,0.547945205479452,47,66840,3147,0.2905405405405405
123.33333333333333,295,0.636690319910929,0.2788139931883519,0.5389830508474577,41,66881,3148,0.28716216216216217
123.41666666666667,295,0.6406683202357837,0.27334462327198406,0.5322033898305085,52,66933,3149,0.30067567567567566
123.5,295,0.6448252899883454,0.2807503061013957,0.5322033898305085,49,66982,3150,0.30743243243243246
123.58333333333333,294,0.6475102282686696,0.2919510415258715,0.5408163265306123,49,67031,3152,0.3108108108108108
123.66666666666667,295,0.6491730822107888,0.29140946937557105,0.535593220338983,43,67074,3153,0.3141891891891892
123.75,295,0.6529611775804045,0.29340289718723384,0.535593220338983,45,67119,3154,0.31756756756756754
123.83333333333333,293,0.6544878815237677,0.30470518295857446,0.552901023890785,62,67181,3157,0.3141891891891892
123.91666666666667,294,0.652683758179112,0.30485415945702926,0.5476190476190477,52,67233,3159,0.32094594594594594
124.0,293,0.6552560230351011,0.3061807456969359,0.5426621160409556,33,67266,3161,0.32432432432432434
124.08333333333333,293,0.6522503465874645,0.3051116312116705,0.5494880546075085,36,67302,3164,0.31756756756756754
124.16666666666667,295,0.6549942943241586,0.3024400552366654,0.5491525423728814,41,67343,3164,0.3141891891891892
124.25,293,0.6565359922824527,0.3170841956678134,0.552901023890785,51,67394,3167,0.3141891891891892
124.33333333333333,295,0.6559339254254328,0.30689568435331144,0.5491525423728814,48,67442,3168,0.31756756756756754
124.41666666666667,294,0.658739657540906,0.3069869081895321,0.5374149659863946,39,67481,3170,0.32432432432432434
124.5,293,0.6612640202743012,0.29734554275022335,0.5324232081911263,48,67529,3172,0.33783783783783783
124.58333333333333,294,0.6591013425798097,0.29172822507370616,0.5374149659863946,36,67565,3174,0.34121621621621623
124.66666666666667,294,0.6590666646924894,0.29613526927666867,0.5374149659863946,48,67613,3176,0.35135135135135137
124.75,296,0.6613002927153456,0.29172415422415426,0.543918918918919,57,67670,3176,0.34797297297297297
124.83333333333333,289,0.660207343167791,0.3023873281658749,0.5432525951557093,43,67713,3183,0.3614864864864865
124.91666666666667,293,0.6475067638637618,0.2957974524527425,0.5324232081911263,44,67757,3186,0.34797297297297297
125.0,293,0.643741910105023,0.2930573218969123,0.5324232081911263,42,67799,3189,0.34459459459459457
125.08333333333333,293,0.6402156845944839,0.296758152730849,0.5221843003412969,35,67834,3192,0.33783783783783783
125.16666666666667,293,0.6369313742617659,0.2921865582275138,0.5221843003412969,36,67870,3195,0.33783783783783783
125.25,290,0.6330354315670553,0.2902898726379147,0.5103448275862069,46,67916,3200,0.33783783783783783
125.33333333333333,293,0.6230459002659721,0.2848593288215548,0.5017064846416383,34,67950,3203,0.32432432432432434
125.41666666666667,290,0.6156447925675917,0.29678399777678727,0.49310344827586206,35,67985,3209,0.32094594594594594
125.5,295,0.6086400931006075,0.27774498211077514,0.48135593220338985,35,68020,3210,0.30743243243243246
125.58333333333333,294,0.6109124532327387,0.2938597461793949,0.48639455782312924,34,68054,3212,0.30743243243243246
125.66666666666667,295,0.6124776846186386,0.30759238549739143,0.4847457627118644,39,68093,3213,0.3108108108108108
125.75,295,0.6161108846451727,0.2946730576391593,0.49491525423728816,31,68124,3214,0.30743243243243246
125.83333333333333,295,0.6198722056091214,0.28903363115227526,0.49491525423728816,44,68168,3215,0.30743243243243246
125.91666666666667,294,0.6222467328071486,0.2937788685237665,0.4965986394557823,36,68204,3217,0.3141891891891892
126.0,295,0.6235859500236876,0.2988324011205367,0.5016949152542373,37,68241,3218,0.32094594594594594
126.08333333333333,293,0.6244539793145161,0.29160609962657746,0.49829351535836175,46,68287,3221,0.32094594594594594
126.16666666666667,291,0.6185352388221838,0.28101611065528587,0.49140893470790376,36,68323,3226,0.3141891891891892
126.25,296,0.6149067537480796,0.28688439938439936,0.48986486486486486,38,68361,3226,0.30067567567567566
126.33333333333333,296,0.6218420439601595,0.29386095323595324,0.49324324324324326,35,68396,3226,0.30743243243243246
126.41666666666667,294,0.6263731512229295,0.29147416264763204,0.4931972789115646,43,68439,3228,0.3108108108108108
126.5,293,0.6253695911166444,0.2842324342324343,0.49829351535836175,43,68482,3231,0.30743243243243246
126.58333333333333,293,0.622206356434028,0.28160127699376847,0.4948805460750853,40,68522,3234,0.30067567567567566
126.66666666666667,295,0.6216703337567804,0.28079769571295,0.5050847457627119,43,68565,3235,0.2905405405405405
126.75,294,0.6241239074434554,0.28755567939241405,0.4965986394557823,43,68608,3237,0.30743243243243246
126.83333333333333,295,0.6257469337245841,0.2822449019906647,0.49491525423728816,39,68647,3238,0.3108108108108108
126.91666666666667,294,0.6281618275560631,0.2882970770725873,0.4965986394557823,40,68687,3240,0.3108108108108108
127.0,294,0.628501558334561,0.2827138281219914,0.4965986394557823,49,68736,3242,0.30405405405405406
127.08333333333333,292,0.6263372170874677,0.28233729740579055,0.4863013698630137,48,68784,3246,0.30067567567567566
127.16666666666667,295,0.6237754201985793,0.2783993125518549,0.4915254237288136,44,68828,3247,0.28716216216216217
127.25,292,0.6238515214415788,0.2938257790263661,0.4965753424657534,42,68870,3251,0.28716216216216217
127.33333333333333,292,0.6176046289708224,0.28543666086221253,0.4931506849315068,51,68921,3255,0.28040540540540543
127.41666666666667,295,0.6155293110231473,0.2856973806948759,0.488135593220339,40,68961,3256,0.2668918918918919
127.5,293,0.617006051432162,0.2928861122643802,0.4880546075085324,44,69005,3259,0.2668918918918919
127.58333333333333,294,0.6156846427523976,0.2783446310753539,0.48639455782312924,47,69052,3261,0.2668918918918919
127.66666666666667,293,0.6151376646673254,0.2911795298801637,0.4880546075085324,39,69091,3264,0.2635135135135135
127.75,292,0.6111658293417731,0.2842364718343192,0.4828767123287671,55,69146,3268,0.2635135135135135
127.83333333333333,296,0.6104740549126643,0.27606837606837603,0.4831081081081081,40,69186,3268,0.25675675675675674
127.91666666666667,296,0.6180779272197227,0.28372375559875557,0.4864864864864865,34,69220,3268,0.2668918918918919
128.0,290,0.6188757864190968,0.29606492166836995,0.4793103448275862,44,69264,3274,0.28040540540540543
128.08333333333334,295,0.612545496720125,0.2910863712558628,0.47796610169491527,38,69302,3275,0.2668918918918919
128.16666666666666,294,0.6153527711448981,0.29553866390601086,0.47619047619047616,45,69347,3277,0.2702702702702703
128.25,294,0.6162520266013045,0.29553512436165497,0.46598639455782315,43,69390,3279,0.27364864864864863
128.33333333333334,292,0.6145211268195441,0.29718851354125325,0.4726027397260274,46,69436,3283,0.2668918918918919
128.41666666666666,295,0.6126129128335691,0.2905638147163571,0.46440677966101696,39,69475,3284,0.2635135135135135
128.5,295,0.6169251900825988,0.28949073525344715,0.48135593220338985,42,69517,3285,0.2635135135135135
128.58333333333334,296,0.6226883722567288,0.29438343156563496,0.4864864864864865,48,69565,3285,0.2635135135135135
128.66666666666666,293,0.6267411841351926,0.29653142615918116,0.4880546075085324,50,69615,3288,0.27364864864864863
128.75,295,0.6268884880574209,0.2888899985711247,0.48135593220338985,43,69658,3289,0.2668918918918919
128.83333333333334,293,0.6307146164405579,0.29204127277824277,0.4812286689419795,42,69700,3292,0.28378378378378377
128.91666666666666,295,0.6306496379866818,0.29067525694644336,0.48135593220338985,38,69738,3293,0.27702702702702703
129.0,293,0.6323681289454176,0.2935065219194912,0.4778156996587031,39,69777,3296,0.28378378378378377
129.08333333333334,293,0.6297638691877109,0.28843977410530314,0.4709897610921502,42,69819,3299,0.28040540540540543
129.16666666666666,296,0.6309784825626362,0.2924493768243768,0.47635135135135137,34,69853,3299,0.2702702702702703
129.25,292,0.6337335027512951,0.29589169392251585,0.4794520547945205,37,69890,3303,0.27364864864864863
129.33333333333334,296,0.633014546121223,0.29517873300200886,0.4966216216216216,48,69938,3303,0.2702702702702703
129.41666666666666,295,0.6395617277018161,0.2963451708421941,0.49491525423728816,39,69977,3304,0.27364864864864863
129.5,295,0.6441096569657139,0.3014708173237728,0.49491525423728816,52,70029,3305,0.27364864864864863
129.58333333333334,295,0.6520104673506879,0.30030559836194365,0.5016949152542373,44,70073,3305,0.27364864864864863
129.66666666666666,294,0.6553211249528836,0.3122668808948464,0.5068027210884354,49,70122,3307,0.28040540540540543
129.75,294,0.6573976582916295,0.3105956118711221,0.5272108843537415,32,70154,3309,0.28040540540540543
129.83333333333334,293,0.6571130898431541,0.3073932703625536,0.5358361774744027,51,70205,3312,0.28716216216216217
129.91666666666666,293,0.6548939379258938,0.31118656656199317,0.5392491467576792,45,70250,3315,0.2905405405405405
130.0,294,0.6532623643994642,0.3060935851752178,0.5476190476190477,47,70297,3317,0.30067567567567566
130.08333333333334,296,0.6562512167253198,0.31347530097530096,0.5472972972972973,44,70341,3317,0.2972972972972973
130.16666666666666,295,0.6625137617391007,0.3064040197091044,0.535593220338983,46,70387,3318,0.3108108108108108
130.25,296,0.6677369799277241,0.3030563093063093,0.5371621621621622,50,70437,3318,0.3108108108108108
130.33333333333334,294,0.6729215029392254,0.29514582167643394,0.5374149659863946,38,70475,3320,0.31756756756756754
130.41666666666666,293,0.6727791288583267,0.2975473508018608,0.5392491467576792,45,70520,3323,0.31756756756756754
130.5,291,0.6675392403919577,0.3015643829883036,0.5360824742268041,46,70566,3328,0.3141891891891892
130.58333333333334,295,0.6657801767807101,0.2878582421076368,0.5288135593220339,48,70614,3328,0.30743243243243246
130.66666666666666,293,0.6674547681591105,0.29864591094478954,0.5324232081911263,43,70657,3331,0.30743243243243246
130.75,295,0.6669263497092427,0.289922168227253,0.5288135593220339,34,70691,3332,0.30067567567567566
130.83333333333334,295,0.6708556007371985,0.2922256086662866,0.5389830508474577,44,70735,3333,0.31756756756756754
130.91666666666666,294,0.6736834331579376,0.29329974636097084,0.5374149659863946,46,70781,3335,0.3141891891891892
131.0,296,0.6764498152605798,0.29198286698286696,0.543918918918919,44,70825,3335,0.3141891891891892
131.08333333333334,290,0.6771698125213552,0.30025835074383167,0.5379310344827586,43,70868,3341,0.32094594594594594
131.16666666666666,292,0.6661621459644196,0.2943964616053657,0.523972602739726,43,70911,3345,0.3141891891891892
131.25,292,0.6596989196559563,0.2984013326331465,0.5273972602739726,46,70957,3349,0.3108108108108108
131.33333333333334,291,0.6522468824617643,0.2865433634185856,0.5189003436426117,43,71000,3354,0.30405405405405406
131.41666666666666,294,0.6495994080170295,0.2895438461820158,0.5170068027210885,43,71043,3355,0.30067567567567566
131.5,294,0.6536836069337274,0.291987745819793,0.5340136054421769,46,71089,3356,0.30743243243243246
131.58333333333334,292,0.6520893556279679,0.2888059144107838,0.5376712328767124,47,71136,3360,0.30067567567567566
131.66666666666666,293,0.6543645482345716,0.2823153240388735,0.5494880546075085,46,71182,3361,0.30067567567567566
131.75,296,0.6551639912782674,0.2798972608294642,0.5472972972972973,42,71224,3361,0.30067567567567566
131.83333333333334,295,0.661417633858883,0.2824838811480581,0.5491525423728814,56,71280,3362,0.30743243243243246
131.91666666666666,295,0.6655313804588563,0.27887952881489225,0.5457627118644067,48,71328,3363,0.30405405405405406
132.0,293,0.6673857682441572,0.2790789790992255,0.5392491467576792,43,71371,3366,0.30405405405405406
132.08333333333334,294,0.6658433839818706,0.27758928524234644,0.5374149659863946,49,71420,3368,0.2972972972972973
132.16666666666666,292,0.6643104383854378,0.2818107216223655,0.5342465753424658,47,71467,3372,0.2972972972972973
132.25,294,0.6605825040746669,0.2769781427944693,0.5408163265306123,49,71516,3374,0.2939189189189189
132.33333333333334,292,0.6590939160502991,0.281635763399462,0.5376712328767124,51,71567,3378,0.2972972972972973
132.41666666666666,294,0.6553443085358823,0.28206980094735196,0.5374149659863946,47,71614,3380,0.2939189189189189
132.5,292,0.6545039023340404,0.27611778442257895,0.5376712328767124,50,71664,3384,0.28716216216216217
132.58333333333334,293,0.6495175119473826,0.27266047376968877,0.5324232081911263,47,71711,3387,0.2939189189189189
132.66666666666666,293,0.6466755277730467,0.27074965231961823,0.5255972696245734,44,71755,3390,0.2939189189189189
132.75,294,0.645138660166079,0.26046527168976147,0.5238095238095238,52,71807,3392,0.2972972972972973
132.83333333333334,294,0.6459554580332809,0.2548723668621628,0.5238095238095238,47,71854,3394,0.2939189189189189
132.91666666666666,293,0.6454559268592138,0.26423355749294314,0.5255972696245734,42,71896,3397,0.2972972972972973
133.0,291,0.6409268721200229,0.25637537338568267,0.5223367697594502,45,71941,3402,0.2905405405405405
133.08333333333334,296,0.6375390728983583,0.25826624576624574,0.5371621621621622,53,71994,3402,0.28040540540540543
133.16666666666666,295,0.6437710133723215,0.2645981795981796,0.5423728813559322,56,72050,3403,0.2905405405405405
133.25,291,0.6431853847520064,0.271989010660792,0.5429553264604811,58,72108,3408,0.2905405405405405
133.33333333333334,294,0.6374344746026014,0.26713117122466906,0.5340136054421769,38,72146,3410,0.27702702702702703
133.41666666666666,293,0.6369499052759137,0.2639220499407816,0.5290102389078498,52,72198,3413,0.28040540540540543
133.5,295,0.6369267724248105,0.2721788505805061,0.535593220338983,62,72260,3414,0.28040540540540543
133.58333333333334,293,0.6387019850074371,0.27857736997152827,0.5358361774744027,38,72298,3417,0.2905405405405405
133.66666666666666,292,0.6348712321684085,0.26663659780098137,0.5376712328767124,51,72349,3421,0.28716216216216217
133.75,291,0.6286541032759784,0.2722307093441114,0.5326460481099656,42,72391,3426,0.2905405405405405
133.83333333333334,293,0.6215088519605205,0.278414257339172,0.5187713310580204,45,72436,3429,0.2905405405405405
133.91666666666666,296,0.622558664672248,0.2703270172020172,0.5135135135135135,53,72489,3429,0.2939189189189189
134.0,293,0.6261861203605376,0.2902547301011465,0.5187713310580204,44,72533,3432,0.30067567567567566
134.08333333333334,296,0.6272854660346495,0.27671568264788604,0.5236486486486487,44,72577,3432,0.30067567567567566
134.16666666666666,293,0.630869773508297,0.27973678599789054,0.5324232081911263,42,72619,3435,0.3108108108108108
134.25,295,0.6305688460556677,0.2799657307485518,0.5288135593220339,51,72670,3436,0.30405405405405406
134.33333333333334,296,0.6357363950341749,0.2790163419157584,0.5371621621621622,45,72715,3436,0.30743243243243246
134.41666666666666,296,0.6430460489674389,0.27888129522350835,0.543918918918919,58,72773,3436,0.31756756756756754
134.5,291,0.6442503580201568,0.2736640641702328,0.5395189003436426,56,72829,3441,0.32432432432432434
134.58333333333334,292,0.6390237127831028,0.26470220618266876,0.5308219178082192,48,72877,3444,0.3141891891891892
134.66666666666666,294,0.6350614950967772,0.2662321749474643,0.5272108843537415,46,72923,3446,0.30067567567567566
134.75,294,0.6356004169067722,0.27537827818440064,0.5238095238095238,50,72973,3448,0.2939189189189189
134.83333333333334,293,0.6384490580348796,0.2642580968519535,0.5221843003412969,60,73033,3450,0.2905405405405405
134.91666666666666,295,0.6390967663822893,0.2748984066780677,0.5254237288135594,41,73074,3451,0.2939189189189189
135.0,296,0.6442066278914773,0.26147953022953024,0.5337837837837838,41,73115,3451,0.30405405405405406
135.08333333333334,293,0.6479951286178055,0.25832406122508517,0.5460750853242321,54,73169,3454,0.31756756756756754
135.16666666666666,292,0.6470985929491972,0.2735865922509758,0.5445205479452054,51,73220,3457,0.3108108108108108
135.25,293,0.6418527744334456,0.26776368303672055,0.5324232081911263,51,73271,3460,0.31756756756756754
135.33333333333334,294,0.6397339229861002,0.27108116750973893,0.54421768707483,58,73329,3462,0.32094594594594594
135.41666666666666,295,0.6411182020721249,0.25773098840895453,0.5423728813559322,50,73379,3463,0.31756756756756754
135.5,295,0.6450673633900527,0.26552079746995,0.5423728813559322,57,73436,3464,0.3141891891891892
135.58333333333334,294,0.6475600815780318,0.2749001942879494,0.54421768707483,56,73492,3466,0.32094594594594594
135.66666666666666,294,0.6478629873497996,0.2749337019745183,0.54421768707483,75,73567,3468,0.3141891891891892
135.75,294,0.6481558016100748,0.26486180108629087,0.54421768707483,67,73634,3470,0.3141891891891892
135.83333333333334,295,0.6496324876947404,0.2674126814804781,0.5525423728813559,59,73693,3471,0.31756756756756754
135.91666666666666,292,0.6498098207010501,0.27398202064297955,0.547945205479452,60,73753,3475,0.31756756756756754
136.0,294,0.6458533995702868,0.2727457444294179,0.54421768707483,49,73802,3477,0.30405405405405406
136.08333333333334,296,0.6486766509332613,0.272605406980407,0.543918918918919,45,73847,3477,0.30405405405405406
136.16666666666666,294,0.6535967188586981,0.2752185078715691,0.5476190476190477,58,73905,3479,0.3108108108108108
136.25,296,0.6564494236309988,0.2656927438177438,0.5472972972972973,45,73950,3479,0.32094594594594594
136.33333333333334,292,0.6588785219427484,0.2753478066834231,0.547945205479452,58,74008,3483,0.3310810810810811
136.41666666666666,292,0.6523167978687844,0.2771221738687492,0.5376712328767124,50,74058,3487,0.32094594594594594
136.5,294,0.6481092053038657,0.2821890788727523,0.5408163265306123,56,74114,3489,0.3108108108108108
136.58333333333334,293,0.6472184302116208,0.2804850047292758,0.5460750853242321,59,74173,3492,0.3108108108108108
136.66666666666666,293,0.6443058639832397,0.2765121383843958,0.5460750853242321,50,74223,3495,0.30405405405405406
136.75,293,0.6412420532832137,0.2813539499668217,0.5460750853242321,48,74271,3498,0.30743243243243246
136.83333333333334,292,0.6369509242868148,0.2855341657689994,0.541095890410959,49,74320,3502,0.30405405405405406
136.91666666666666,295,0.6342705975838127,0.2834168724077207,0.5457627118644067,55,74375,3503,0.2972972972972973
137.0,291,0.6331544467266229,0.29260331940307477,0.5395189003436426,42,74417,3508,0.30405405405405406
137.08333333333334,294,0.627402117255766,0.27933063595896523,0.5306122448979592,54,74471,3510,0.2939189189189189
137.16666666666666,290,0.6229800380070246,0.29502565312471796,0.5172413793103449,53,74524,3516,0.30067567567567566
137.25,292,0.6122482183648886,0.28420898797175786,0.5102739726027398,36,74560,3520,0.2972972972972973
137.33333333333334,293,0.6105633399644611,0.2919074478801441,0.5085324232081911,35,74595,3522,0.28716216216216217
137.41666666666666,294,0.6091438393338338,0.28918351112228663,0.5034013605442177,44,74639,3524,0.28378378378378377
137.5,294,0.6097447052358169,0.28684782747942494,0.4965986394557823,38,74677,3526,0.28716216216216217
137.58333333333334,293,0.609054320250413,0.2919385225552108,0.49829351535836175,49,74726,3529,0.28716216216216217
137.66666666666666,292,0.6048905315795257,0.2902895908741445,0.4965753424657534,51,74777,3533,0.28378378378378377
137.75,294,0.6014170389119846,0.2905922689789685,0.5068027210884354,56,74833,3535,0.27364864864864863
137.83333333333334,294,0.6021469710418469,0.29058606867368303,0.4965986394557823,45,74878,3537,0.2668918918918919
137.91666666666666,292,0.6010061161313872,0.2915700838825928,0.4965753424657534,43,74921,3541,0.2668918918918919
138.0,293,0.5962641283769521,0.2861833470374515,0.4880546075085324,35,74956,3544,0.2668918918918919
138.08333333333334,294,0.5948962461588506,0.2871473392910556,0.48639455782312924,44,75000,3546,0.2635135135135135
138.16666666666666,295,0.5969895099814135,0.29257809435191084,0.488135593220339,42,75042,3547,0.2668918918918919
138.25,295,0.6009962877628462,0.29739777561227004,0.4915254237288136,46,75088,3548,0.28040540540540543
138.33333333333334,294,0.6070844741890161,0.28993374545802414,0.4897959183673469,44,75132,3549,0.28378378378378377
138.41666666666666,294,0.6076985225914462,0.28808062750708774,0.48639455782312924,45,75177,3551,0.28378378378378377
138.5,294,0.6088739422269813,0.29238101278917605,0.48299319727891155,45,75222,3553,0.2939189189189189
138.58333333333334,295,0.61059794410348,0.2945114207826072,0.488135593220339,43,75265,3554,0.2939189189189189
138.66666666666666,295,0.6144522140705151,0.29978405669321684,0.49830508474576274,45,75310,3555,0.2939189189189189
138.75,291,0.6130699244760417,0.2889295412491289,0.49828178694158076,57,75367,3560,0.2972972972972973
138.83333333333334,293,0.6058937534831151,0.2820211358607263,0.4948805460750853,44,75411,3563,0.28378378378378377
138.91666666666666,293,0.602872661296017,0.2887607449162788,0.49146757679180886,48,75459,3566,0.27702702702702703
139.0,295,0.6027344794402554,0.28902455225699775,0.488135593220339,46,75505,3567,0.2702702702702703
139.08333333333334,293,0.6040103490761238,0.283239068104735,0.4812286689419795,57,75562,3570,0.28040540540540543
139.16666666666666,295,0.6039395710937115,0.2802328351967986,0.47796610169491527,58,75620,3571,0.2702702702702703
139.25,296,0.6093068353541157,0.2951908917645329,0.4864864864864865,52,75672,3571,0.2702702702702703
139.33333333333334,295,0.6154765821211385,0.2986490530924354,0.49830508474576274,49,75721,3572,0.27364864864864863
139.41666666666666,296,0.6208478540301144,0.29351489321353436,0.4966216216216216,56,75777,3572,0.27364864864864863
139.5,292,0.6231220371131501,0.3003886616413938,0.5034246575342466,49,75826,3576,0.28040540540540543
139.58333333333334,293,0.6181456923460839,0.285307326348282,0.5017064846416383,48,75874,3579,0.27364864864864863
139.66666666666666,295,0.6178158584806699,0.2784453399707637,0.5016949152542373,39,75913,3580,0.28040540540540543
139.75,294,0.620560514704333,0.2833582800419535,0.5136054421768708,49,75962,3582,0.27702702702702703
139.83333333333334,293,0.6204641747035858,0.29023532370266913,0.5119453924914675,42,76004,3585,0.28378378378378377
139.91666666666666,294,0.6221430153580473,0.27075802094826656,0.5068027210884354,41,76045,3586,0.28378378378378377
140.0,294,0.6225972926475131,0.2758933402235275,0.4897959183673469,44,76089,3588,0.28040540540540543
140.08333333333334,295,0.6243342098924927,0.2743648882227698,0.488135593220339,50,76139,3589,0.27702702702702703
140.16666666666666,295,0.6281938855373795,0.2785643915981229,0.4915254237288136,44,76183,3590,0.27702702702702703
140.25,295,0.6320960321259079,0.2877805803058371,0.5050847457627119,36,76219,3591,0.28040540540540543
140.33333333333334,294,0.6346804893554857,0.2893954232360284,0.5068027210884354,40,76259,3593,0.2905405405405405
140.41666666666666,292,0.6359382253528071,0.29164514063925295,0.5,39,76298,3596,0.2972972972972973
140.5,294,0.6319260862100969,0.2897353961343104,0.4965986394557823,41,76339,3598,0.2905405405405405
140.58333333333334,294,0.6322096543323313,0.29104415108738024,0.4897959183673469,41,76380,3600,0.28378378378378377
140.66666666666666,294,0.6326157119430987,0.29275830859599833,0.4931972789115646,44,76424,3602,0.2939189189189189
140.75,291,0.6326454105121205,0.28114928142859685,0.4879725085910653,50,76474,3606,0.2905405405405405
140.83333333333334,294,0.6266123943432488,0.26758100209015057,0.4897959183673469,51,76525,3608,0.28378378378378377
140.91666666666666,291,0.6231025655687037,0.2693360490018862,0.4948453608247423,46,76571,3613,0.28716216216216217
141.0,293,0.6158738689912568,0.2712117812414428,0.48464163822525597,45,76616,3616,0.27702702702702703
141.08333333333334,296,0.6167824335123172,0.27185966249014176,0.4831081081081081,48,76664,3616,0.27702702702702703
141.16666666666666,293,0.6202918804673812,0.271965312229174,0.4812286689419795,42,76706,3619,0.28040540540540543
141.25,296,0.6214024488281403,0.2742829621117172,0.48986486486486486,42,76748,3619,0.28040540540540543
141.33333333333334,294,0.6261826033714307,0.27023810662973224,0.4897959183673469,43,76791,3621,0.2905405405405405
141.41666666666666,295,0.6280192753679756,0.26184859429710794,0.4847457627118644,47,76838,3622,0.2905405405405405
141.5,293,0.6293935753166159,0.27772572549811975,0.4948805460750853,62,76900,3625,0.2972972972972973
141.58333333333334,293,0.6264788890443703,0.27330337630702867,0.48464163822525597,53,76953,3628,0.2905405405405405
141.66666666666666,295,0.626119443455715,0.2713714099449966,0.47796610169491527,52,77005,3629,0.28716216216216217
141.75,294,0.6306471641124254,0.2758879859161351,0.4897959183673469,43,77048,3631,0.2905405405405405
141.83333333333334,294,0.6313158844658844,0.27379226222470415,0.4931972789115646,64,77112,3633,0.2905405405405405
141.91666666666666,294,0.6317360474915675,0.2751002796041501,0.4965986394557823,45,77157,3635,0.2905405405405405
142.0,296,0.6346851818907054,0.27311519380484894,0.5067567567567568,49,77206,3635,0.2905405405405405
142.08333333333334,293,0.6381679463580985,0.2748522164874995,0.5051194539249146,44,77250,3638,0.30405405405405406
142.16666666666666,295,0.6375947731402409,0.2748385704171794,0.5152542372881356,45,77295,3639,0.2972972972972973
142.25,295,0.6412980069398116,0.2828943937418514,0.5186440677966102,48,77343,3640,0.30067567567567566
142.33333333333334,296,0.6462498413151315,0.28896036396036395,0.5202702702702703,33,77376,3640,0.30067567567567566
142.41666666666666,293,0.6497700609153811,0.28676990434669614,0.5290102389078498,40,77416,3643,0.3141891891891892
142.5,291,0.6441589439181306,0.29250844475439464,0.5257731958762887,37,77453,3648,0.30405405405405406
142.58333333333334,294,0.6377838751141247,0.29014778548306247,0.5238095238095238,39,77492,3650,0.2905405405405405
142.66666666666666,296,0.6404827534655062,0.2941006949935522,0.5371621621621622,48,77540,3650,0.2905405405405405
142.75,292,0.6427730252950129,0.29047626015109507,0.5376712328767124,51,77591,3654,0.2972972972972973
142.83333333333334,294,0.6387810819591278,0.291758557715974,0.5340136054421769,52,77643,3656,0.28378378378378377
142.91666666666666,296,0.6415412802969437,0.3040430147405836,0.5304054054054054,49,77692,3656,0.28378378378378377
143.0,292,0.6439202466720001,0.3198470826278249,0.5513698630136986,43,77735,3660,0.2905405405405405
143.08333333333334,296,0.6423280011859285,0.30171289858789857,0.5472972972972973,61,77796,3660,0.2905405405405405
143.16666666666666,294,0.6469440574282669,0.2974150188435903,0.5340136054421769,48,77844,3662,0.2972972972972973
143.25,295,0.6485277623949998,0.2741755513789412,0.5288135593220339,57,77901,3663,0.2939189189189189
143.33333333333334,291,0.6474765634877578,0.27684815250581335,0.5360824742268041,41,77942,3668,0.2972972972972973
143.41666666666666,293,0.6399521595382307,0.2766910854500592,0.5290102389078498,41,77983,3671,0.2905405405405405
143.5,295,0.6393215148057899,0.2767304641588686,0.5254237288135594,53,78036,3672,0.28040540540540543
143.58333333333334,290,0.6371015438041159,0.27449153370080837,0.5241379310344828,47,78083,3678,0.27702702702702703
143.66666666666666,293,0.6290074708727731,0.271457316237827,0.515358361774744,52,78135,3681,0.26013513513513514
143.75,294,0.6273279452879292,0.26886657371351247,0.5102040816326531,43,78178,3683,0.2635135135135135
143.83333333333334,291,0.6240944299283513,0.26148352411239006,0.4948453608247423,49,78227,3688,0.27364864864864863
143.91666666666666,294,0.6183274255483696,0.2538836730163261,0.4965986394557823,43,78270,3690,0.26013513513513514
144.0,294,0.6189806822778172,0.24907730213852664,0.5,45,78315,3692,0.25675675675675674
144.08333333333334,293,0.6205948021198208,0.25429551487571966,0.5051194539249146,54,78369,3695,0.2533783783783784
144.16666666666666,295,0.6205822090588375,0.2619983312356194,0.5050847457627119,53,78422,3696,0.25675675675675674
144.25,295,0.6247719822784452,0.2656874387382862,0.5084745762711864,50,78472,3697,0.2533783783783784
144.33333333333334,296,0.6302574506403729,0.2647862179112179,0.5135135135135135,58,78530,3697,0.26013513513513514
144.41666666666666,295,0.6369552894816798,0.27281531086615834,0.511864406779661,56,78586,3698,0.2635135135135135
144.5,293,0.6386257650363215,0.28469576498586735,0.515358361774744,55,78641,3701,0.27364864864864863
144.58333333333334,292,0.6345868115962019,0.2780250761415145,0.5273972602739726,47,78688,3705,0.2668918918918919
144.66666666666666,293,0.6296415906917473,0.2757061103477486,0.5290102389078498,45,78733,3708,0.25675675675675674
144.75,295,0.6294667515118102,0.26376050175025345,0.5288135593220339,43,78776,3709,0.26013513513513514
144.83333333333334,292,0.6298350868172239,0.2650548334006442,0.5308219178082192,47,78823,3713,0.25675675675675674
144.91666666666666,292,0.6237815244390603,0.2585317522200287,0.5273972602739726,50,78873,3717,0.2533783783783784
145.0,293,0.622399103363551,0.2571256450334155,0.5221843003412969,56,78929,3719,0.2533783783783784
145.08333333333334,295,0.6224350776749773,0.2546611201049581,0.5186440677966102,43,78972,3720,0.25
145.16666666666666,296,0.6280165136885411,0.2539895339683475,0.5304054054054054,57,79029,3720,0.25
145.25,294,0.6332734942640869,0.2582319878195008,0.5170068027210885,52,79081,3722,0.25675675675675674
145.33333333333334,292,0.6317461750073314,0.2519247767491905,0.5102739726027398,52,79133,3726,0.25675675675675674
145.41666666666666,295,0.6295638136175954,0.25426031563635704,0.5084745762711864,42,79175,3727,0.25
145.5,294,0.632608717343309,0.25396447813431555,0.5170068027210885,65,79240,3729,0.24662162162162163
145.58333333333334,295,0.6349008638921867,0.25873266126042277,0.5220338983050847,62,79302,3730,0.2533783783783784
145.66666666666666,294,0.638043976955345,0.26629234365863497,0.5374149659863946,59,79361,3732,0.2635135135135135
145.75,290,0.6339357272118635,0.27016072083551274,0.5275862068965518,48,79409,3738,0.2668918918918919
145.83333333333334,293,0.6248910603343216,0.2709692567053989,0.5324232081911263,42,79451,3741,0.25
145.91666666666666,293,0.6223312744217447,0.25227044508849855,0.515358361774744,47,79498,3744,0.24662162162162163
146.0,294,0.6210976231349827,0.25123451756104814,0.5136054421768708,41,79539,3746,0.25
146.08333333333334,293,0.6207193729055972,0.26671884240143623,0.5017064846416383,40,79579,3749,0.24662162162162163
146.16666666666666,294,0.6195892647182905,0.2547037429690491,0.4965986394557823,39,79618,3751,0.23986486486486486
146.25,294,0.6205624494497136,0.25829954248321596,0.5034013605442177,48,79666,3753,0.23986486486486486
146.33333333333334,293,0.6202025394255964,0.25768506102489525,0.5085324232081911,50,79716,3756,0.24662162162162163
146.41666666666666,293,0.6176941018445075,0.25239498704881447,0.5017064846416383,40,79756,3759,0.2533783783783784
146.5,295,0.6178208980733976,0.259839904513028,0.5186440677966102,51,79807,3760,0.24324324324324326
146.58333333333334,296,0.6234714055527357,0.2649065073172216,0.527027027027027,50,79857,3760,0.25
146.66666666666666,290,0.6236109140185352,0.2675822931857415,0.5172413793103449,43,79900,3766,0.25675675675675674
146.75,295,0.6186541972475277,0.2764622759538014,0.5220338983050847,45,79945,3767,0.24662162162162163
146.83333333333334,295,0.6234689805506257,0.2877906368584335,0.5288135593220339,45,79990,3768,0.25675675675675674
146.91666666666666,294,0.6264347681148152,0.28462762704493877,0.5340136054421769,57,80047,3770,0.25675675675675674
147.0,296,0.6298289597696312,0.2795867330350089,0.543918918918919,48,80095,3770,0.25
147.08333333333334,293,0.6337319143365048,0.26762502793454895,0.5460750853242321,47,80142,3773,0.2533783783783784
147.16666666666666,293,0.6311699437461668,0.26511480588507774,0.5494880546075085,52,80194,3776,0.2533783783783784
147.25,294,0.629912648560374,0.25942171930584246,0.5476190476190477,52,80246,3778,0.25
147.33333333333334,293,0.629368033772355,0.26388369710725895,0.5426621160409556,59,80305,3781,0.2668918918918919
147.41666666666666,294,0.6290293008102368,0.2729991741369416,0.5374149659863946,44,80349,3783,0.26013513513513514
147.5,296,0.6321588493300803,0.27509703874715985,0.5405405405405406,49,80398,3783,0.25675675675675674
147.58333333333334,293,0.6359439658552404,0.27867021197889813,0.5392491467576792,43,80441,3786,0.27702702702702703
147.66666666666666,293,0.6331205810731345,0.2781276569589902,0.5324232081911263,60,80501,3789,0.28378378378378377
147.75,295,0.6326980577304966,0.26607523513483056,0.535593220338983,44,80545,3790,0.27364864864864863
147.83333333333334,294,0.6357465424875864,0.26784069105497676,0.5306122448979592,39,80584,3792,0.27364864864864863
147.91666666666666,293,0.635246799383217,0.27152348031187623,0.5290102389078498,59,80643,3795,0.27364864864864863
148.0,295,0.634809886269667,0.2807197510587341,0.535593220338983,46,80689,3796,0.28040540540540543
148.08333333333334,295,0.6386888730268451,0.27906488050555844,0.5389830508474577,50,80739,3797,0.27702702702702703
148.16666666666666,296,0.6438701183061314,0.28614342542913973,0.543918918918919,47,80786,3797,0.28378378378378377
148.25,295,0.6499151382698531,0.2810423837663547,0.5389830508474577,50,80836,3798,0.2905405405405405
148.33333333333334,294,0.6524711763418289,0.2727656009361549,0.5374149659863946,51,80887,3800,0.30405405405405406
148.41666666666666,293,0.6514253603053006,0.2732688312283632,0.5358361774744027,47,80934,3803,0.3141891891891892
148.5,294,0.6492889482084787,0.27960867283024715,0.5408163265306123,47,80981,3805,0.32432432432432434
148.58333333333334,293,0.648109951454746,0.27881398086176246,0.5426621160409556,51,81032,3808,0.3277027027027027
148.66666666666666,292,0.643528932543819,0.2820284072852566,0.5445205479452054,52,81084,3812,0.32094594594594594
148.75,289,0.632948099389696,0.2826616674367539,0.5224913494809689,55,81139,3819,0.3141891891891892
148.83333333333334,295,0.6235310225435444,0.2734220393542427,0.511864406779661,46,81185,3820,0.2939189189189189
148.91666666666666,294,0.625766315194215,0.27296206250287885,0.5102040816326531,42,81227,3822,0.30405405405405406
149.0,291,0.6221479719600048,0.28496260326157236,0.5085910652920962,41,81268,3827,0.3108108108108108
149.08333333333334,293,0.6147631648410229,0.2850605973472868,0.49829351535836175,36,81304,3830,0.30067567567567566
149.16666666666666,292,0.6101845859236322,0.29060441080989025,0.4931506849315068,53,81357,3834,0.2972972972972973
149.25,294,0.6063256099796337,0.2900868486874318,0.48299319727891155,35,81392,3836,0.28716216216216217
149.33333333333334,294,0.6066564117739153,0.30324897001281836,0.48299319727891155,47,81439,3838,0.28378378378378377
149.41666666666666,295,0.6083478208783313,0.29248695614313047,0.46779661016949153,35,81474,3839,0.2905405405405405
149.5,294,0.6108094742574708,0.2977946454258407,0.46938775510204084,40,81514,3841,0.2939189189189189
149.58333333333334,296,0.6138961128674615,0.27913263404334837,0.47297297297297297,50,81564,3841,0.2905405405405405
149.66666666666666,295,0.6198453813617169,0.2844770483753534,0.4745762711864407,38,81602,3842,0.2905405405405405
149.75,295,0.6237602842392366,0.2798659532557838,0.4745762711864407,45,81647,3843,0.2939189189189189
149.83333333333334,293,0.6250463575173637,0.28540580444529734,0.4812286689419795,40,81687,3846,0.30067567567567566
149.91666666666666,293,0.6219667474913608,0.2897606456602069,0.48464163822525597,35,81722,3849,0.30405405405405406
150.0,295,0.6214163375262227,0.28891153909313716,0.4847457627118644,39,81761,3850,0.2972972972972973
150.08333333333334,294,0.6239013000320917,0.2937458408668321,0.5034013605442177,35,81796,3852,0.2972972972972973
150.16666666666666,296,0.6268589323708791,0.2892139017139017,0.5067567567567568,42,81838,3852,0.2939189189189189
150.25,294,0.631526799264493,0.2889942068513497,0.5068027210884354,40,81878,3854,0.30067567567567566
150.33333333333334,296,0.6345101686194422,0.29167492604992606,0.5135135135135135,42,81920,3854,0.2939189189189189
150.41666666666666,292,0.6378676572362522,0.2935297008927146,0.5205479452054794,55,81975,3858,0.2939189189189189
150.5,294,0.6339761608000567,0.2931467153405929,0.5204081632653061,43,82018,3860,0.28716216216216217
150.58333333333334,295,0.6356037352090053,0.28055830233796336,0.5254237288135594,53,82071,3861,0.28716216216216217
150.66666666666666,292,0.6357827672255068,0.28660689576785464,0.523972602739726,48,82119,3865,0.2939189189189189
150.75,295,0.6331871036199408,0.28137792527623035,0.5084745762711864,53,82172,3866,0.28040540540540543
150.83333333333334,296,0.6383330213252398,0.2792970261720262,0.5168918918918919,44,82216,3866,0.27702702702702703
150.91666666666666,293,0.6420919555892436,0.2799592614439031,0.5187713310580204,47,82263,3869,0.28378378378378377
151.0,293,0.6393591051517304,0.2744252808245982,0.5221843003412969,52,82315,3872,0.27364864864864863
151.08333333333334,293,0.6368032074844036,0.2704884989867925,0.5221843003412969,60,82375,3875,0.27364864864864863
151.16666666666666,295,0.636454118379139,0.27607547819412226,0.5254237288135594,45,82420,3876,0.2702702702702703
151.25,295,0.640487816466974,0.274864598678158,0.5288135593220339,52,82472,3877,0.27364864864864863
151.33333333333334,292,0.6418210128718036,0.2685961079412898,0.5342465753424658,50,82522,3881,0.27702702702702703
151.41666666666666,295,0.6392187361722884,0.27446130655406764,0.535593220338983,54,82576,3882,0.27364864864864863
151.5,295,0.6431335663011607,0.27362892800982475,0.5389830508474577,51,82627,3883,0.27702702702702703
151.58333333333334,293,0.6450142396344183,0.27117403832420894,0.5324232081911263,37,82664,3886,0.28040540540540543
151.66666666666666,295,0.6444443199351684,0.2713605019896315,0.5288135593220339,45,82709,3887,0.27702702702702703
151.75,293,0.645906393187804,0.27872845645449335,0.5290102389078498,46,82755,3890,0.27702702702702703
151.83333333333334,292,0.6417777622468811,0.28504105979208805,0.5205479452054794,50,82805,3894,0.27364864864864863
151.91666666666666,295,0.6390493392349621,0.2846679377265826,0.5220338983050847,43,82848,3895,0.27364864864864863
152.0,296,0.6441023403073245,0.28065248243819674,0.5236486486486487,50,82898,3895,0.27364864864864863
152.08333333333334,294,0.6490132931133329,0.2799871788938844,0.5306122448979592,42,82940,3897,0.28716216216216217
152.16666666666666,296,0.6518257743641496,0.26313435063435064,0.527027027027027,42,82982,3897,0.2905405405405405
152.25,292,0.6542761755108926,0.2785595017615565,0.5376712328767124,47,83029,3901,0.2972972972972973
152.33333333333334,294,0.65018853110473,0.2724485170913742,0.5306122448979592,47,83076,3903,0.2905405405405405
152.41666666666666,294,0.6505038063208702,0.26116663948296603,0.5272108843537415,55,83131,3905,0.2939189189189189
152.5,294,0.6509680103442361,0.26263526722710395,0.5272108843537415,48,83179,3907,0.2905405405405405
152.58333333333334,292,0.6489673876597573,0.2624508672453878,0.5205479452054794,43,83222,3911,0.2972972972972973
152.66666666666666,295,0.6494859301993393,0.25009252517727093,0.5254237288135594,49,83271,3911,0.30405405405405406
152.75,292,0.649902501883147,0.2659924835438534,0.5273972602739726,50,83321,3915,0.30743243243243246
152.83333333333334,294,0.6456361673149589,0.26520498586825114,0.5306122448979592,52,83373,3917,0.30743243243243246
152.91666666666666,294,0.6458259850548288,0.26183740673536593,0.5238095238095238,43,83416,3919,0.30405405405405406
153.0,296,0.6485040973893775,0.2617641273891274,0.5202702702702703,49,83465,3919,0.30067567567567566
153.08333333333334,293,0.6520854012309419,0.2565307464624871,0.5187713310580204,54,83519,3922,0.30405405405405406
153.16666666666666,293,0.64896011543119,0.2512026464244894,0.5085324232081911,52,83571,3925,0.3108108108108108
153.25,294,0.6469025153852398,0.25132772556241945,0.5068027210884354,46,83617,3927,0.30743243243243246
153.33333333333334,295,0.6482526806993547,0.26408751324005564,0.511864406779661,53,83670,3928,0.3141891891891892
153.41666666666666,296,0.6531057377604423,0.27577633515133515,0.5304054054054054,45,83715,3928,0.3108108108108108
153.5,293,0.6567438142503327,0.279714985431709,0.552901023890785,58,83773,3931,0.31756756756756754
153.58333333333334,296,0.657150384367944,0.2830334924084924,0.5608108108108109,48,83821,3931,0.32094594594594594
153.66666666666666,295,0.6629877457529757,0.2767798491527305,0.5728813559322034,44,83865,3932,0.32432432432432434
153.75,295,0.6666950550362005,0.29019348856870775,0.576271186440678,61,83926,3933,0.32432432432432434
153.83333333333334,293,0.6680775247510935,0.28735791166060676,0.5733788395904437,49,83975,3936,0.3277027027027027
153.91666666666666,292,0.6671527305241068,0.290477426250336,0.5753424657534246,49,84024,3939,0.32432432432432434
154.0,293,0.661694296094086,0.29497431876506847,0.5563139931740614,43,84067,3942,0.3108108108108108
154.08333333333334,292,0.6573319525881981,0.305076620815284,0.5513698630136986,45,84112,3946,0.3108108108108108
154.16666666666666,294,0.6531960856683543,0.2941753450110241,0.54421768707483,42,84154,3948,0.30743243243243246
154.25,295,0.6548036353540687,0.2941913551089472,0.5559322033898305,47,84201,3949,0.30405405405405406
154.33333333333334,295,0.6587567353177685,0.302897949832491,0.559322033898305,45,84246,3950,0.30405405405405406
154.41666666666666,293,0.6604673680942381,0.29880942942611766,0.5494880546075085,43,84289,3953,0.3141891891891892
154.5,292,0.6563733862928239,0.29078374094021237,0.5376712328767124,45,84334,3957,0.31756756756756754
154.58333333333334,295,0.653449741584576,0.2857971786639233,0.5423728813559322,51,84385,3958,0.30743243243243246
154.66666666666666,294,0.6559620418150586,0.27268310051561284,0.54421768707483,40,84425,3960,0.32094594594594594
154.75,294,0.6563810495933206,0.2686483747180439,0.5578231292517006,40,84465,3962,0.31756756756756754
154.83333333333334,293,0.6556594447867388,0.27123787057293003,0.5563139931740614,44,84509,3965,0.3141891891891892
154.91666666666666,293,0.653303474493355,0.26796413738864017,0.552901023890785,57,84566,3968,0.3141891891891892
155.0,293,0.6502266005255003,0.2572181617109239,0.5494880546075085,64,84630,3971,0.3141891891891892
155.08333333333334,294,0.6485178920731427,0.2560931132359704,0.5476190476190477,50,84680,3973,0.30405405405405406
155.16666666666666,294,0.6491184294951424,0.2693678958985082,0.5408163265306123,50,84730,3975,0.30067567567567566
155.25,293,0.6485892261454179,0.2641854827008411,0.5358361774744027,49,84779,3978,0.30067567567567566
155.33333333333334,295,0.6482339055784911,0.27422992261975315,0.5322033898305085,43,84822,3979,0.30405405405405406
155.41666666666666,295,0.6522479873371104,0.27361257386681115,0.5457627118644067,39,84861,3980,0.30405405405405406
155.5,294,0.6551657594405864,0.2740195178970689,0.5476190476190477,45,84906,3982,0.30405405405405406
155.58333333333334,294,0.6562490225939185,0.27792616491596084,0.5408163265306123,45,84951,3984,0.2972972972972973
155.66666666666666,293,0.6556341172403468,0.27434241905231666,0.5392491467576792,39,84990,3987,0.30405405405405406
155.75,292,0.6518027807783905,0.27112527588141666,0.5273972602739726,40,85030,3991,0.2972972972972973
155.83333333333334,291,0.6443081082720273,0.2756860616441135,0.5189003436426117,53,85083,3996,0.30405405405405406
155.91666666666666,294,0.6382209401202285,0.27211344567465434,0.5238095238095238,38,85121,3998,0.2905405405405405
156.0,293,0.6376434969871486,0.27152968381637327,0.5255972696245734,41,85162,4001,0.28716216216216217
156.08333333333334,294,0.6362576176026024,0.2817164128388618,0.5238095238095238,48,85210,4003,0.28716216216216217
156.16666666666666,293,0.6363224652887367,0.27909876433767217,0.5187713310580204,44,85254,4006,0.2972972972972973
156.25,293,0.6344384999621555,0.27779669789496786,0.5221843003412969,40,85294,4009,0.30067567567567566
156.33333333333334,295,0.6340152465302585,0.2768575839382385,0.5254237288135594,46,85340,4010,0.30743243243243246
156.41666666666666,292,0.6357548813464405,0.2757587731902801,0.5342465753424658,55,85395,4014,0.3141891891891892
156.5,294,0.6318338372707859,0.2749613576144188,0.5306122448979592,44,85439,4016,0.3141891891891892
156.58333333333334,294,0.6321834832493469,0.2851703662928153,0.5340136054421769,40,85479,4018,0.3108108108108108
156.66666666666666,294,0.6327257956072191,0.2962829120992386,0.5272108843537415,45,85524,4020,0.3108108108108108
156.75,293,0.6326271349965137,0.28902150990592784,0.5221843003412969,43,85567,4023,0.3108108108108108
156.83333333333334,294,0.6307877067069741,0.2967951263221066,0.5204081632653061,44,85611,4025,0.30405405405405406
156.91666666666666,296,0.6336248559843022,0.297204990637194,0.527027027027027,47,85658,4025,0.30067567567567566
157.0,293,0.6373256418910936,0.2885226639695316,0.5221843003412969,43,85701,4028,0.30743243243243246
157.08333333333334,294,0.6355364386982665,0.28778955360588016,0.5170068027210885,45,85746,4030,0.30405405405405406
157.16666666666666,295,0.6370827917710745,0.28122587361886414,0.5152542372881356,41,85787,4031,0.30405405405405406
157.25,295,0.6408225318923502,0.2737302618859643,0.511864406779661,45,85832,4032,0.30743243243243246
157.33333333333334,292,0.6410118366017379,0.27431229316822536,0.5171232876712328,59,85891,4036,0.3108108108108108
157.41666666666666,293,0.6356705367377204,0.26237060247299154,0.5051194539249146,51,85942,4039,0.30067567567567566
157.5,293,0.6325271995616756,0.2648757098618266,0.49829351535836175,48,85990,4042,0.2972972972972973
157.58333333333334,295,0.6320116131265129,0.2620878082943581,0.49830508474576274,49,86039,4043,0.2905405405405405
157.66666666666666,294,0.6346349301671569,0.254815186382983,0.5034013605442177,50,86089,4045,0.2905405405405405
157.75,295,0.636467488898306,0.26221716105082954,0.5084745762711864,57,86146,4046,0.28716216216216217
157.83333333333334,293,0.6380118888826446,0.2739476299203262,0.5187713310580204,48,86194,4049,0.28716216216216217
157.91666666666666,296,0.6389942726847663,0.2634362071862072,0.5202702702702703,48,86242,4049,0.27702702702702703
158.0,295,0.6452348252215063,0.26317536109303663,0.5186440677966102,39,86281,4050,0.28716216216216217
158.08333333333334,294,0.6481920998842489,0.27184496207819825,0.5136054421768708,44,86325,4052,0.28716216216216217
158.16666666666666,293,0.6476854153545648,0.2714681020263663,0.5119453924914675,47,86372,4055,0.28378378378378377
158.25,295,0.6473320647410712,0.2743959094443356,0.5084745762711864,51,86423,4056,0.28378378378378377
158.33333333333334,292,0.647848598670499,0.2680363721948849,0.5136986301369864,49,86472,4060,0.28378378378378377
158.41666666666666,294,0.6442415972704404,0.26395399358227345,0.5238095238095238,49,86521,4062,0.27702702702702703
158.5,294,0.6452170303591815,0.26327142784868734,0.5170068027210885,52,86573,4064,0.28378378378378377
158.58333333333334,293,0.6446645564051418,0.2594643086476338,0.515358361774744,46,86619,4067,0.2972972972972973
158.66666666666666,294,0.6429766020109637,0.26726119685303357,0.5068027210884354,48,86667,4069,0.30067567567567566
158.75,292,0.6410520943202673,0.2783835646849346,0.5102739726027398,53,86720,4073,0.30067567567567566
158.83333333333334,295,0.638527847564377,0.27223303062286114,0.5084745762711864,36,86756,4074,0.28716216216216217
158.91666666666666,294,0.6413452323905118,0.2756376621409844,0.5136054421768708,57,86813,4076,0.2939189189189189
159.0,294,0.6420647356855043,0.263417135124539,0.5238095238095238,52,86865,4078,0.2972972972972973
159.08333333333334,293,0.641395677670976,0.27710524828946925,0.5187713310580204,61,86926,4081,0.30067567567567566
159.16666666666666,295,0.6410032722463618,0.28362573068327895,0.511864406779661,52,86978,4082,0.2939189189189189
159.25,296,0.6461812220856807,0.28343483655983653,0.5168918918918919,53,87031,4082,0.2972972972972973
159.33333333333334,294,0.6512708847302174,0.28594923594923594,0.5204081632653061,44,87075,4084,0.30067567567567566
159.41666666666666,292,0.6496470061440011,0.280760506616671,0.5342465753424658,43,87118,4088,0.30067567567567566
159.5,291,0.6420915624272902,0.27775745636570376,0.5257731958762887,51,87169,4093,0.30067567567567566
159.58333333333334,296,0.6384443432449247,0.2872107340857341,0.5304054054054054,56,87225,4093,0.2939189189189189
159.66666666666666,293,0.6423475555674647,0.2870272124538336,0.5255972696245734,57,87282,4096,0.3108108108108108
159.75,294,0.6406424376250569,0.29006191276599436,0.5238095238095238,49,87331,4098,0.3108108108108108
159.83333333333334,294,0.641071543067505,0.27681724926622886,0.5306122448979592,55,87386,4100,0.31756756756756754
159.91666666666666,294,0.6449468249490669,0.27378711613405493,0.5340136054421769,60,87446,4101,0.3141891891891892
160.0,294,0.6454331497752747,0.27294912192871373,0.5374149659863946,55,87501,4103,0.3141891891891892
160.08333333333334,295,0.6471108957712777,0.2808219464151668,0.5559322033898305,46,87547,4104,0.3108108108108108
160.16666666666666,294,0.6498483088132876,0.28081652820065134,0.5612244897959183,58,87605,4106,0.30743243243243246
160.25,292,0.6480748633540764,0.2778123984662759,0.547945205479452,50,87655,4110,0.30405405405405406
160.33333333333334,295,0.6455089477961173,0.27553461572421645,0.5525423728813559,52,87707,4111,0.2972972972972973
160.41666666666666,293,0.6471339320168032,0.2812252877952537,0.5460750853242321,53,87760,4114,0.2972972972972973
160.5,292,0.6432148795674025,0.2866105355831383,0.5445205479452054,48,87808,4118,0.2972972972972973
160.58333333333334,295,0.6406926076979893,0.2843727455792954,0.5389830508474577,43,87851,4119,0.2905405405405405
160.66666666666666,292,0.6411748345766096,0.28394307131269825,0.5376712328767124,50,87901,4123,0.2939189189189189
160.75,293,0.6397758406224135,0.28449108594833006,0.5392491467576792,56,87957,4125,0.2972972972972973
160.83333333333334,294,0.6383063154260215,0.2831431877417338,0.5340136054421769,53,88010,4127,0.2939189189189189
160.91666666666666,294,0.6390938610711039,0.29212185338376606,0.5408163265306123,53,88063,4129,0.2905405405405405
161.0,296,0.6423734781239951,0.295515990559094,0.543918918918919,47,88110,4129,0.2905405405405405
161.08333333333334,290,0.6427149589296931,0.2985091635805072,0.5379310344827586,47,88157,4135,0.30067567567567566
161.16666666666666,296,0.637256145619762,0.2873653095635854,0.5371621621621622,41,88198,4135,0.28378378378378377
161.25,291,0.6389578496759892,0.30665913920446447,0.5326460481099656,52,88250,4140,0.2972972972972973
161.33333333333334,292,0.6308670710164486,0.29857940765475016,0.523972602739726,51,88301,4144,0.28716216216216217
161.41666666666666,293,0.6259199635574461,0.2945104573090921,0.5085324232081911,59,88360,4147,0.28378378378378377
161.5,291,0.6206837098292082,0.30234858688466937,0.5017182130584192,53,88413,4152,0.27702702702702703
161.58333333333334,295,0.6164968148675064,0.2999534646144816,0.49491525423728816,42,88455,4153,0.27364864864864863
161.66666666666666,295,0.6207483078910647,0.2998111775230419,0.5084745762711864,45,88500,4154,0.27364864864864863
161.75,296,0.6264070064720194,0.2915774915774916,0.5202702702702703,42,88542,4154,0.27364864864864863
161.83333333333334,296,0.6341859405230881,0.2942990392433394,0.5236486486486487,40,88582,4154,0.27364864864864863
161.91666666666666,295,0.6407287797015901,0.3006810809472262,0.5322033898305085,43,88625,4155,0.28716216216216217
162.0,295,0.6465301209713322,0.2951111706315532,0.5389830508474577,53,88678,4156,0.28716216216216217
162.08333333333334,293,0.6482522550779717,0.29196655639188696,0.5392491467576792,48,88726,4159,0.2939189189189189
162.16666666666666,293,0.6471098296953407,0.2847498728100157,0.5426621160409556,38,88764,4162,0.2939189189189189
162.25,296,0.6477267096662084,0.28610691111239034,0.5371621621621622,40,88804,4162,0.2939189189189189
162.33333333333334,294,0.6525625282373836,0.291863155380851,0.5340136054421769,42,88846,4164,0.30743243243243246
162.41666666666666,293,0.6517826683451396,0.29466202356397,0.5460750853242321,46,88892,4167,0.3141891891891892
162.5,293,0.6486781124478247,0.2850445834151658,0.5426621160409556,55,88947,4170,0.3108108108108108
162.58333333333334,294,0.646732204284159,0.29191759676453555,0.5544217687074829,52,88999,4172,0.3108108108108108
162.66666666666666,295,0.6487616275569016,0.2872182901843919,0.559322033898305,55,89054,4173,0.3141891891891892
162.75,293,0.6500150846184994,0.28171191585379785,0.5426621160409556,47,89101,4176,0.32432432432432434
162.83333333333334,294,0.6514514345468784,0.2725466224737362,0.5476190476190477,46,89147,4177,0.32094594594594594
162.91666666666666,293,0.6504763838769485,0.27855218214798905,0.5426621160409556,37,89184,4180,0.31756756756756754
163.0,294,0.6484505475901661,0.2744606004081223,0.5408163265306123,53,89237,4182,0.3277027027027027
163.08333333333334,293,0.6473501515436386,0.28262975239555205,0.5426621160409556,46,89283,4185,0.3310810810810811
163.16666666666666,294,0.6452277228017104,0.2748330946166977,0.5408163265306123,56,89339,4187,0.32432432432432434
163.25,294,0.6453300964495857,0.28414025570957313,0.5408163265306123,51,89390,4189,0.31756756756756754
163.33333333333334,293,0.644285997262181,0.29139672489972596,0.5392491467576792,52,89442,4192,0.32094594594594594
163.41666666666666,293,0.6410031788791873,0.2692381843233404,0.5324232081911263,51,89493,4195,0.32432432432432434
163.5,294,0.638904276209829,0.27082976277582693,0.5238095238095238,46,89539,4197,0.31756756756756754
163.58333333333334,295,0.6402361317446562,0.2766158592550845,0.5288135593220339,41,89580,4198,0.32094594594594594
163.66666666666666,292,0.6401444941423582,0.27704312294576483,0.523972602739726,42,89622,4202,0.32094594594594594
163.75,295,0.6371976494156141,0.2748341489019455,0.5186440677966102,41,89663,4203,0.32094594594594594
163.83333333333334,293,0.6382076499395971,0.2656277142869049,0.515358361774744,44,89707,4206,0.32432432432432434
163.91666666666666,294,0.6364710834493874,0.2721467470009744,0.5170068027210885,59,89766,4208,0.32094594594594594
164.0,294,0.6364737242820198,0.2817204324128523,0.5170068027210885,48,89814,4210,0.32432432432432434
164.08333333333334,291,0.632764395671309,0.28291754746099373,0.5154639175257731,48,89862,4215,0.32432432432432434
164.16666666666666,293,0.6250572693504399,0.27367582139231356,0.5051194539249146,56,89918,4218,0.3141891891891892
164.25,290,0.6212098992777685,0.2812815905717094,0.496551724137931,46,89964,4223,0.31756756756756754
164.33333333333334,293,0.6115912652781814,0.27254806215875227,0.49146757679180886,47,90011,4226,0.30405405405405406
164.41666666666666,290,0.604299808668262,0.2828511813856642,0.4827586206896552,46,90057,4232,0.2972972972972973
164.5,293,0.595061526607759,0.27255862264394687,0.47440273037542663,49,90106,4235,0.28040540540540543
164.58333333333334,295,0.595317341570292,0.2679068389237881,0.4711864406779661,44,90150,4236,0.27364864864864863
164.66666666666666,293,0.5964856817657865,0.2745275013193102,0.46757679180887374,48,90198,4239,0.27364864864864863
164.75,294,0.5952111209907808,0.2747606418524786,0.46598639455782315,38,90236,4241,0.27364864864864863
164.83333333333334,292,0.592899711627911,0.27117234934015755,0.4520547945205479,41,90277,4245,0.27364864864864863
164.91666666666666,296,0.5921777464662925,0.2758684446184446,0.4527027027027027,42,90319,4245,0.27364864864864863
165.0,294,0.596765207229817,0.27736405695589367,0.46598639455782315,42,90361,4247,0.27364864864864863
165.08333333333334,293,0.5961084238822207,0.28218076040837015,0.46757679180887374,38,90399,4250,0.27364864864864863
165.16666666666666,295,0.5960812222058498,0.2791777905191114,0.46440677966101696,37,90436,4251,0.27364864864864863
165.25,294,0.5988044993794285,0.2825619489588525,0.46258503401360546,42,90478,4253,0.2702702702702703
165.33333333333334,294,0.5995662793035581,0.2853626252289166,0.46258503401360546,33,90511,4255,0.27702702702702703
165.41666666666666,294,0.6002101213012915,0.2891798960676512,0.46938775510204084,42,90553,4257,0.27702702702702703
165.5,293,0.5995359345601241,0.29455835215220877,0.4709897610921502,42,90595,4260,0.27702702702702703
165.58333333333334,293,0.596783409923448,0.2897109716222344,0.47440273037542663,39,90634,4263,0.27364864864864863
165.66666666666666,292,0.596113625125617,0.2926364446056227,0.476027397260274,46,90680,4266,0.2702702702702703
165.75,293,0.5914952241684671,0.3014974877805328,0.47440273037542663,33,90713,4269,0.2635135135135135
165.83333333333334,293,0.588920648375058,0.29676790753900717,0.46757679180887374,40,90753,4272,0.26013513513513514
165.91666666666666,294,0.5877992487409478,0.30776967709257574,0.47278911564625853,35,90788,4274,0.2533783783783784
166.0,294,0.589087960482363,0.30756014550549315,0.47278911564625853,42,90830,4276,0.24662162162162163
166.08333333333334,294,0.5935961494290323,0.31667656795207816,0.47959183673469385,38,90868,4277,0.24662162162162163
166.16666666666666,296,0.5974796733996449,0.314007851435177,0.47635135135135137,41,90909,4277,0.2533783783783784
166.25,294,0.6026498950578301,0.31210401772812785,0.47959183673469385,38,90947,4279,0.25675675675675674
166.33333333333334,296,0.606471104421946,0.3049847427353442,0.47635135135135137,36,90983,4279,0.25
166.41666666666666,296,0.6143290822542385,0.3176906282860573,0.4831081081081081,41,91024,4279,0.25675675675675674
166.5,296,0.6222351607257375,0.3087009660260462,0.4864864864864865,30,91054,4279,0.26013513513513514
166.58333333333334,296,0.6301396901431867,0.32321060320057093,0.4966216216216216,36,91090,4279,0.26013513513513514
166.66666666666666,293,0.634335138598698,0.3276819034358068,0.4948805460750853,37,91127,4282,0.2635135135135135
166.75,296,0.6357535771588926,0.3180502127008321,0.5033783783783784,36,91163,4282,0.26013513513513514
166.83333333333334,293,0.6399131751413949,0.31327716619843654,0.5051194539249146,35,91198,4285,0.2668918918918919
166.91666666666666,291,0.6361422724733229,0.3257091797673661,0.49828178694158076,42,91240,4290,0.26013513513513514
167.0,295,0.6318380984161126,0.3211370456285711,0.5016949152542373,48,91288,4291,0.25
167.08333333333334,296,0.6374915974426222,0.31104093916593917,0.5033783783783784,50,91338,4291,0.2533783783783784
167.16666666666666,295,0.6442135977345056,0.32648767428428443,0.511864406779661,42,91380,4292,0.26013513513513514
167.25,295,0.6492494723241599,0.32310026132060027,0.5152542372881356,57,91437,4293,0.2668918918918919
167.33333333333334,293,0.6511363858392644,0.33729333806125616,0.5426621160409556,53,91490,4296,0.27364864864864863
167.41666666666666,295,0.6509749094291802,0.33320045303096146,0.5491525423728814,46,91536,4297,0.2702702702702703
167.5,295,0.6551444116932175,0.33994117934795903,0.5389830508474577,40,91576,4298,0.28378378378378377
167.58333333333334,294,0.6582455209984518,0.3348635019553387,0.5374149659863946,44,91620,4300,0.28716216216216217
167.66666666666666,294,0.6589105644458477,0.32897860831534304,0.5374149659863946,43,91663,4302,0.2972972972972973
167.75,295,0.6607057203644949,0.3262118687460404,0.5254237288135594,39,91702,4303,0.2972972972972973
167.83333333333334,295,0.6647871714306858,0.32164953842099825,0.5423728813559322,43,91745,4304,0.2972972972972973
167.91666666666666,291,0.6643599297665962,0.31287214308956685,0.5567010309278351,47,91792,4309,0.2939189189189189
168.0,295,0.6594884016425542,0.31931722735346346,0.5525423728813559,48,91840,4310,0.28040540540540543
168.08333333333334,294,0.6632947964729474,0.32477857586935704,0.5544217687074829,35,91875,4312,0.28378378378378377
168.16666666666666,294,0.6640833540025256,0.31757919793382744,0.5510204081632653,44,91919,4314,0.28040540540540543
168.25,296,0.6671094199001222,0.31698782502353934,0.5540540540540541,52,91971,4314,0.28378378378378377
168.33333333333334,292,0.6702483865092471,0.3153241640399174,0.5547945205479452,50,92021,4318,0.28716216216216217
168.41666666666666,295,0.6677419207198263,0.3120887869192954,0.5559322033898305,46,92067,4319,0.27702702702702703
168.5,291,0.6674814186768211,0.3198808064787446,0.5498281786941581,57,92124,4324,0.27702702702702703
168.58333333333334,296,0.6639382238547679,0.3107571013821014,0.543918918918919,42,92166,4324,0.2668918918918919
168.66666666666666,294,0.6694083673842293,0.3122057081240755,0.5510204081632653,47,92213,4326,0.27702702702702703
168.75,296,0.6727713977467794,0.32003215505370675,0.5574324324324325,50,92263,4326,0.2702702702702703
168.83333333333334,294,0.678410326265464,0.31421864293081747,0.5544217687074829,28,92291,4328,0.28040540540540543
168.91666666666666,293,0.6782845406287812,0.3101983820972876,0.552901023890785,45,92336,4331,0.28716216216216217
169.0,293,0.6767981463084161,0.31592776837274894,0.5460750853242321,44,92380,4334,0.27702702702702703
169.08333333333334,295,0.6762681494258413,0.31996058750003814,0.5457627118644067,54,92434,4335,0.2905405405405405
169.16666666666666,293,0.6782851995635804,0.3140011777089569,0.5460750853242321,44,92478,4338,0.2905405405405405
169.25,295,0.6777961899948981,0.3149980910705633,0.5457627118644067,47,92525,4339,0.2972972972972973
169.33333333333334,293,0.6796370977873651,0.32268613135978086,0.5494880546075085,51,92576,4342,0.2972972972972973
169.41666666666666,295,0.6790760093526308,0.31859637602478047,0.5491525423728814,44,92620,4343,0.2972972972972973
169.5,293,0.680847996034814,0.31907512147638917,0.552901023890785,45,92665,4346,0.30405405405405406
169.58333333333334,296,0.681314158396959,0.32226723030294463,0.5540540540540541,37,92702,4346,0.30743243243243246
169.66666666666666,293,0.6852943053347299,0.3313177991627529,0.5631399317406144,43,92745,4349,0.3277027027027027
169.75,295,0.6844116081137056,0.3254591722509398,0.5661016949152542,43,92788,4350,0.3277027027027027
169.83333333333334,292,0.684788390521941,0.3244414736709257,0.5684931506849316,43,92831,4354,0.34459459459459457
169.91666666666666,294,0.6804618817052771,0.3234096024912351,0.5680272108843537,38,92869,4356,0.3344594594594595
170.0,295,0.6817361172154067,0.32492495263681703,0.5728813559322034,41,92910,4357,0.33783783783783783
170.08333333333334,294,0.685921321895326,0.3214925663905256,0.5714285714285714,39,92949,4359,0.34459459459459457
170.16666666666666,291,0.6828109600794289,0.3178938758835666,0.5670103092783505,49,92998,4364,0.35135135135135137
170.25,294,0.6759126896827784,0.3273420173930378,0.5612244897959183,45,93043,4366,0.34121621621621623
170.33333333333334,293,0.6753913659832199,0.31229398208920395,0.5665529010238908,41,93084,4369,0.3344594594594595
170.41666666666666,291,0.6698967790159547,0.31068473336514574,0.5567010309278351,29,93113,4374,0.34121621621621623
170.5,294,0.6635587372156752,0.30355739309820945,0.5476190476190477,46,93159,4376,0.33783783783783783
170.58333333333334,295,0.6646517315387325,0.31892775774131704,0.5525423728813559,37,93196,4377,0.34459459459459457
170.66666666666666,292,0.664695402323737,0.3170673314508931,0.5513698630136986,42,93238,4381,0.3547297297297297
170.75,295,0.6613438971702691,0.3170772340384931,0.5491525423728814,35,93273,4382,0.34797297297297297
170.83333333333334,294,0.663598028183646,0.33019355792679406,0.5510204081632653,36,93309,4384,0.3547297297297297
170.91666666666666,294,0.6636272998284338,0.32727810603175034,0.5510204081632653,54,93363,4386,0.3547297297297297
171.0,295,0.6647788587998164,0.32954939464624694,0.5559322033898305,34,93397,4387,0.35135135135135137
171.08333333333334,292,0.664795496080396,0.3201385834213623,0.5547945205479452,42,93439,4391,0.3547297297297297
171.16666666666666,293,0.6591430795556062,0.32270686202410004,0.5494880546075085,50,93489,4394,0.34459459459459457
171.25,294,0.6569080136501587,0.3073049770156938,0.5408163265306123,42,93531,4396,0.34121621621621623
171.33333333333334,292,0.6556340480631506,0.31118210106206934,0.5445205479452054,38,93569,4400,0.3344594594594595
171.41666666666666,295,0.6524938461276638,0.31091279783272774,0.5389830508474577,45,93614,4401,0.3310810810810811
171.5,294,0.6548760708552851,0.3129156463340137,0.5510204081632653,39,93653,4403,0.33783783783783783
171.58333333333334,293,0.6539513790375745,0.3157433484225293,0.552901023890785,46,93699,4406,0.33783783783783783
171.66666666666666,295,0.6531417567495392,0.3114549386583285,0.5457627118644067,38,93737,4407,0.3344594594594595
171.75,295,0.6567530551597554,0.31637701281769076,0.5525423728813559,36,93773,4408,0.33783783783783783
171.83333333333334,291,0.6557746454464154,0.3049901415880797,0.5532646048109966,44,93817,4413,0.34121621621621623
171.91666666666666,292,0.6478978157673411,0.30357981060035855,0.5513698630136986,40,93857,4417,0.3344594594594595
172.0,291,0.6398687118737946,0.3101811898914636,0.5360824742268041,28,93885,4422,0.3277027027027027
172.08333333333334,294,0.6335566117018971,0.31116445944911814,0.5306122448979592,40,93925,4424,0.3108108108108108
172.16666666666666,295,0.635162612444075,0.3240618330302726,0.5254237288135594,46,93971,4425,0.30405405405405406
172.25,295,0.6391025834070896,0.3186306621027336,0.5322033898305085,37,94008,4426,0.3108108108108108
172.33333333333334,296,0.6441634673205623,0.3105199529306672,0.5371621621621622,40,94048,4426,0.32094594594594594
172.41666666666666,293,0.6486026866025383,0.31299962069099074,0.5392491467576792,43,94091,4429,0.32432432432432434
172.5,293,0.6455688464301838,0.30839838228664535,0.5290102389078498,38,94129,4432,0.31756756756756754
172.58333333333334,293,0.64252856475891,0.3084211329798007,0.5255972696245734,38,94167,4435,0.31756756756756754
172.66666666666666,294,0.6407358432660047,0.30048483577946794,0.5170068027210885,29,94196,4437,0.3141891891891892
172.75,295,0.6424531147905791,0.29918479198689996,0.5152542372881356,39,94235,4438,0.3108108108108108
172.83333333333334,296,0.6475610765797293,0.3061357776929811,0.5202702702702703,41,94276,4438,0.31756756756756754
172.91666666666666,294,0.6524624168537329,0.3070126050568227,0.5170068027210885,33,94309,4440,0.32094594594594594
173.0,294,0.6529944613436669,0.3043962682568125,0.5102040816326531,47,94356,4442,0.32094594594594594
173.08333333333334,294,0.6533939653781363,0.3057887784928601,0.5102040816326531,42,94398,4444,0.32432432432432434
173.16666666666666,292,0.6513625002702127,0.3004938174458722,0.5068493150684932,38,94436,4448,0.3277027027027027
173.25,294,0.6472311869834837,0.3085601190193027,0.5136054421768708,37,94473,4450,0.3277027027027027
173.33333333333334,293,0.6462578112750124,0.31497934185647497,0.515358361774744,33,94506,4453,0.3277027027027027
173.41666666666666,295,0.6456134349004381,0.311110264500095,0.511864406779661,40,94546,4454,0.3277027027027027
173.5,293,0.64701614984283,0.3041125635835533,0.5085324232081911,43,94589,4457,0.3277027027027027
173.58333333333334,293,0.6441651296244947,0.29901311240901685,0.5119453924914675,52,94641,4460,0.32094594594594594
173.66666666666666,293,0.6412564468905201,0.298133966905298,0.5085324232081911,32,94673,4463,0.31756756756756754
173.75,296,0.6420543691862614,0.30379671942171943,0.5135135135135135,34,94707,4463,0.31756756756756754
173.83333333333334,293,0.6458162456031562,0.31076977299494957,0.5085324232081911,39,94746,4466,0.31756756756756754
173.91666666666666,292,0.6425719055949951,0.2955257880276653,0.5,46,94792,4470,0.31756756756756754
174.0,296,0.641139794989035,0.2993447197350852,0.5033783783783784,26,94818,4470,0.31756756756756754
174.08333333333334,295,0.6472202009733343,0.3022087564818011,0.5220338983050847,52,94870,4471,0.32094594594594594
174.16666666666666,292,0.6476673344816842,0.30140694405616125,0.5171232876712328,35,94905,4475,0.31756756756756754
174.25,291,0.6411476383908083,0.30255859887671377,0.5189003436426117,42,94947,4480,0.3108108108108108
174.33333333333334,294,0.6350552249594864,0.29612509232229217,0.5136054421768708,47,94994,4482,0.30067567567567566
174.41666666666666,295,0.637276657396831,0.2985861657284598,0.511864406779661,37,95031,4483,0.2972972972972973
174.5,296,0.6425059752699753,0.30667384090349203,0.5135135135135135,43,95074,4483,0.3141891891891892
174.58333333333334,296,0.6497713474454936,0.3159535345581857,0.5202702702702703,41,95115,4483,0.32432432432432434
174.66666666666666,294,0.6547410854942314,0.31443446953651033,0.5170068027210885,38,95153,4485,0.3277027027027027
174.75,292,0.6561863211790044,0.3063407672996714,0.5171232876712328,49,95202,4488,0.3310810810810811
174.83333333333334,296,0.6543497046756851,0.2976026132276132,0.5135135135135135,48,95250,4488,0.3277027027027027
174.91666666666666,291,0.6555269973290819,0.30845604861257153,0.5154639175257731,53,95303,4493,0.3310810810810811
175.0,293,0.6480257600880065,0.30592761910355143,0.5051194539249146,46,95349,4496,0.31756756756756754
175.08333333333334,293,0.6449351780414372,0.30854526122631304,0.5051194539249146,39,95388,4499,0.31756756756756754
175.16666666666666,295,0.6443765355716577,0.30492285029758986,0.49830508474576274,42,95430,4500,0.31756756756756754
175.25,295,0.6481578406175998,0.3057366080247436,0.5050847457627119,53,95483,4501,0.3277027027027027
175.33333333333334,293,0.6496202011929164,0.30935618230840073,0.515358361774744,57,95540,4504,0.3310810810810811
175.41666666666666,295,0.6490358877971005,0.3061789058399228,0.5186440677966102,41,95581,4505,0.32432432432432434
175.5,295,0.6530903187888383,0.3112198912198912,0.5254237288135594,42,95623,4506,0.3277027027027027
175.58333333333334,296,0.6580624991488861,0.3099265773372916,0.5304054054054054,52,95675,4506,0.3277027027027027
175.66666666666666,294,0.6629902472248655,0.3133784663668046,0.5374149659863946,40,95715,4508,0.3310810810810811
175.75,294,0.6634371179452845,0.3079124848804149,0.5374149659863946,49,95764,4510,0.3310810810810811
175.83333333333334,296,0.6661168191083268,0.29823493752065183,0.5371621621621622,33,95797,4510,0.3310810810810811
175.91666666666666,294,0.6714436220101018,0.30025210859758966,0.5374149659863946,50,95847,4512,0.34797297297297297
176.0,293,0.6705376025105526,0.295246694905398,0.5460750853242321,50,95897,4515,0.34797297297297297
176.08333333333334,296,0.670644702238091,0.2966633497883498,0.5506756756756757,36,95933,4515,0.3547297297297297
176.16666666666666,291,0.6721703776083993,0.304070871854377,0.5532646048109966,56,95989,4520,0.3581081081081081
176.25,292,0.6631386891767455,0.30594948240496184,0.547945205479452,51,96040,4524,0.34459459459459457
176.33333333333334,293,0.6609816992048854,0.3023437692379672,0.5494880546075085,48,96088,4526,0.33783783783783783
176.41666666666666,295,0.6601327052662554,0.3032472932889715,0.5491525423728814,48,96136,4527,0.3277027027027027
176.5,295,0.6642502224536488,0.30899742827639465,0.5525423728813559,42,96178,4528,0.3344594594594595
176.58333333333334,291,0.6632848948639422,0.3172823492833633,0.5567010309278351,46,96224,4533,0.33783783783783783
176.66666666666666,292,0.6546765460489333,0.3020104990139237,0.5513698630136986,56,96280,4537,0.32432432432432434
176.75,295,0.651491567930396,0.2995985276493751,0.5661016949152542,38,96318,4538,0.32432432432432434
176.83333333333334,293,0.652722043404965,0.2967967944077159,0.5631399317406144,30,96348,4541,0.32432432432432434
176.91666666666666,293,0.6496052619775133,0.29889228140081386,0.5631399317406144,50,96398,4544,0.32094594594594594
177.0,292,0.6452091385154961,0.30631910897321857,0.5582191780821918,37,96435,4548,0.32094594594594594
177.08333333333334,296,0.643563072471851,0.30385235072735073,0.5574324324324325,35,96470,4548,0.30743243243243246
177.16666666666666,295,0.6495407301728096,0.308605895046573,0.5728813559322034,35,96505,4549,0.31756756756756754
177.25,294,0.6522096860093926,0.29657458943173226,0.5578231292517006,30,96535,4551,0.32432432432432434
177.33333333333334,291,0.6526046217008777,0.29701015860809676,0.5532646048109966,47,96582,4555,0.32432432432432434
177.41666666666666,293,0.6451085452352026,0.2862329744582304,0.5392491467576792,35,96617,4558,0.31756756756756754
177.5,294,0.6431528216496205,0.2803106851576239,0.5544217687074829,43,96660,4560,0.3141891891891892
177.58333333333334,292,0.6410149482393172,0.284417979280993,0.5445205479452054,38,96698,4564,0.31756756756756754
177.66666666666666,290,0.6319519748703875,0.2787180157007743,0.5344827586206896,47,96745,4570,0.30743243243243246
177.75,293,0.6224031981375333,0.29075534785750556,0.5187713310580204,46,96791,4573,0.2939189189189189
177.83333333333334,295,0.6220167275792083,0.28823321655841044,0.5152542372881356,42,96833,4574,0.28716216216216217
177.91666666666666,294,0.6253465904889433,0.2931258553058968,0.5238095238095238,43,96876,4576,0.2905405405405405
178.0,294,0.6259622083383131,0.29583123792307464,0.5238095238095238,49,96925,4578,0.2905405405405405
178.08333333333334,295,0.6278330863575311,0.30184447379362633,0.535593220338983,47,96972,4579,0.2939189189189189
178.16666666666666,293,0.6292843419191423,0.3083251503899968,0.5290102389078498,32,97004,4582,0.2939189189189189
178.25,294,0.6277149489520705,0.31586617275392787,0.5272108843537415,45,97049,4584,0.2939189189189189
178.33333333333334,295,0.629416905544815,0.3115225828785151,0.5322033898305085,43,97092,4585,0.2939189189189189
178.41666666666666,294,0.6320556388754272,0.3085645363706588,0.5306122448979592,36,97128,4587,0.30067567567567566
178.5,295,0.6371367903574051,0.312104411595937,0.5322033898305085,40,97168,4588,0.2972972972972973
178.58333333333334,295,0.6409247917384681,0.31221881696457965,0.5389830508474577,49,97217,4589,0.30743243243243246
178.66666666666666,294,0.6434692658885526,0.3226076546856554,0.5374149659863946,43,97260,4591,0.3108108108108108
178.75,293,0.6425649775782315,0.3245011905623926,0.5426621160409556,44,97304,4594,0.3108108108108108
178.83333333333334,290,0.6356648844742961,0.31468030681729064,0.5275862068965518,51,97355,4600,0.31756756756756754
178.91666666666666,293,0.6260537167035736,0.3143695956655865,0.5085324232081911,42,97397,4603,0.2972972972972973
179.0,294,0.624185658086989,0.3138020237510033,0.5068027210884354,39,97436,4605,0.2939189189189189
179.08333333333334,295,0.6258377092701951,0.3077856418534385,0.5152542372881356,41,97477,4606,0.30405405405405406
179.16666666666666,295,0.6295612785334033,0.2992465618857871,0.5016949152542373,38,97515,4607,0.30743243243243246
179.25,293,0.6308177864343157,0.30283836240686557,0.5051194539249146,44,97559,4610,0.30743243243243246
179.33333333333334,293,0.6278234509323627,0.2973429909924303,0.5119453924914675,49,97608,4613,0.30067567567567566
179.41666666666666,295,0.627404787453643,0.31304568044277487,0.511864406779661,40,97648,4614,0.2939189189189189
179.5,296,0.6325672746198726,0.30168547101053156,0.5033783783783784,53,97701,4614,0.2905405405405405
179.58333333333334,296,0.6398520069282281,0.3054542006721183,0.5135135135135135,39,97740,4614,0.30743243243243246
179.66666666666666,295,0.6458268238185452,0.3010412378117853,0.5220338983050847,49,97789,4615,0.32432432432432434
179.75,291,0.6446197090863903,0.3034830559335748,0.5189003436426117,47,97836,4620,0.3344594594594595
179.83333333333334,295,0.63941951896368,0.30256453268692124,0.5152542372881356,45,97881,4621,0.31756756756756754
179.91666666666666,294,0.6416274442273469,0.3060438310614243,0.5204081632653061,55,97936,4623,0.3310810810810811
180.0,291,0.638062894961653,0.309847033060684,0.5189003436426117,45,97981,4628,0.3277027027027027
