sim_minutes,n_riders_active,mean_stress_level,mean_congestion_index,pct_on_pavement,n_conflicts_this_step,cumulative_conflicts,deliveries_completed,pct_overdue
0.0,296,0.0,0.0,0.0,0,0,0,0.0
0.08333333333333333,296,0.0,0.24090964291087444,0.037162162162162164,13,13,0,0.0
0.16666666666666666,296,0.012242302184498786,0.24339350476973629,0.037162162162162164,12,25,0,0.0
0.25,296,0.024484604368997565,0.242242750493982,0.02702702702702703,9,34,0,0.0
0.3333333333333333,296,0.036726906553496357,0.2505125319780492,0.037162162162162164,17,51,0,0.0
0.4166666666666667,295,0.048591992756006154,0.25243898599830805,0.03728813559322034,18,69,1,0.0
0.5,295,0.06006268497200716,0.2605648243783837,0.03728813559322034,16,85,2,0.0
0.5833333333333334,296,0.07183172459490045,0.2675704206954207,0.04054054054054054,17,102,2,0.0
0.6666666666666666,296,0.08387311760024796,0.269584603959604,0.05067567567567568,25,127,2,0.0
0.75,296,0.09595482774433113,0.271004496004496,0.05405405405405406,33,160,2,0.0
0.8333333333333334,295,0.10727661414442985,0.2644002137222476,0.05423728813559322,29,189,3,0.0
0.9166666666666666,296,0.11887119832392455,0.2656357531357531,0.05405405405405406,25,214,3,0.0
1.0,296,0.1308282034971504,0.2670769438626581,0.057432432432432436,26,240,3,0.0
1.0833333333333333,296,0.14280889999852572,0.26437922866494296,0.060810810810810814,24,264,3,0.0
1.1666666666666667,296,0.15478959649990104,0.28214838705910134,0.06418918918918919,26,290,3,0.0
1.25,296,0.16677029300127635,0.28106671722743154,0.0777027027027027,24,314,3,0.0
1.3333333333333333,296,0.17875098950265167,0.2915737121094264,0.08108108108108109,23,337,3,0.0
1.4166666666666667,296,0.19073168600402698,0.28203277444348873,0.06418918918918919,25,362,3,0.0
1.5,295,0.20154977530536994,0.28370173141359584,0.06779661016949153,24,386,4,0.0
1.5833333333333333,296,0.21274111813291652,0.2776134151134151,0.07432432432432433,23,409,4,0.0
1.6666666666666667,296,0.2246133723635218,0.2646433333933334,0.04391891891891892,11,420,4,0.0
1.75,295,0.2353047076715299,0.2631853175073514,0.04745762711864407,16,436,5,0.0
1.8333333333333333,296,0.2463418387174368,0.25191550057621487,0.04054054054054054,10,446,5,0.0
1.9166666666666667,296,0.2581739181000719,0.2589565076172219,0.04391891891891892,17,463,5,0.0
2.0,295,0.26871073782482735,0.2713560716425246,0.0576271186440678,12,475,6,0.0
2.0833333333333335,296,0.279578120635654,0.2594184796363973,0.05405405405405406,14,489,6,0.0
2.1666666666666665,296,0.29135330999318626,0.27370715351558844,0.04391891891891892,17,506,6,0.0
2.25,296,0.3031658815441271,0.2750025655252861,0.04391891891891892,15,521,6,0.0
2.3333333333333335,295,0.31355775296013333,0.2657738465833147,0.04067796610169491,13,534,7,0.0
2.4166666666666665,295,0.3228054725736738,0.24900350120689105,0.04406779661016949,14,548,8,0.0
2.5,296,0.33334619541346033,0.26241891554391555,0.05067567567567568,11,559,8,0.0
2.5833333333333335,295,0.34344687255098716,0.2681293000784526,0.0576271186440678,16,575,9,0.0
2.6666666666666665,296,0.3538946151283189,0.2672792391542392,0.0777027027027027,21,596,9,0.0
2.75,295,0.36396925017451126,0.27566799490528304,0.1016949152542373,25,621,10,0.0
2.8333333333333335,296,0.3743043623418687,0.2888622076122076,0.12162162162162163,27,648,10,0.0
2.9166666666666665,296,0.38586910035441024,0.29665384352884355,0.125,26,674,10,0.0
3.0,294,0.3942615687447944,0.31483871381830564,0.15306122448979592,40,714,12,0.0
3.0833333333333335,295,0.40149886309327687,0.30871166498285146,0.15254237288135594,21,735,13,0.0
3.1666666666666665,296,0.411507600345935,0.3061695436695437,0.16216216216216217,33,768,13,0.0
3.25,296,0.4229383121303964,0.3038386725886726,0.16216216216216217,29,797,13,0.0
3.3333333333333335,296,0.43441834621332204,0.31349886974886976,0.1858108108108108,37,834,13,0.0
3.4166666666666665,294,0.4426324687717603,0.31404265613449284,0.16326530612244897,27,861,15,0.0
3.5,295,0.4494104051395901,0.3100059813740201,0.17627118644067796,39,900,16,0.0
3.5833333333333335,296,0.4591407879576196,0.3085524102654501,0.1858108108108108,35,935,16,0.0
3.6666666666666665,296,0.47047823466159483,0.3174802129432528,0.20608108108108109,36,971,16,0.0
3.75,295,0.48011657689822346,0.31573700482873296,0.22033898305084745,39,1010,17,0.0033783783783783786
3.8333333333333335,295,0.48806919117757813,0.32985085707817846,0.2305084745762712,32,1042,18,0.0033783783783783786
3.9166666666666665,295,0.49604748910502405,0.33008448543529345,0.2440677966101695,39,1081,19,0.0033783783783783786
4.0,296,0.5054779134808275,0.30630895005895004,0.2635135135135135,42,1123,19,0.0033783783783783786
4.083333333333333,294,0.5134377772335897,0.30967750158460927,0.25510204081632654,38,1161,21,0.006756756756756757
4.166666666666667,294,0.5177154609223288,0.3114713332253797,0.2585034013605442,33,1194,23,0.006756756756756757
4.25,296,0.5252229206609929,0.3189073598556357,0.26013513513513514,27,1221,23,0.0
4.333333333333333,295,0.5346846201883866,0.3247761281513473,0.2847457627118644,41,1262,24,0.006756756756756757
4.416666666666667,295,0.5424235384898117,0.2955660444497382,0.2576271186440678,35,1297,25,0.006756756756756757
4.5,295,0.5500910344534913,0.29344320462964535,0.28135593220338984,42,1339,26,0.006756756756756757
4.583333333333333,296,0.5591748781027129,0.282294676044676,0.28378378378378377,38,1377,26,0.010135135135135136
4.666666666666667,294,0.5669905285784818,0.28226499502009705,0.2891156462585034,38,1415,28,0.033783783783783786
4.75,293,0.5692139887899939,0.2867193759236913,0.32764505119453924,63,1478,31,0.037162162162162164
4.833333333333333,296,0.5737773148796639,0.29230794479735156,0.34459459459459457,38,1516,31,0.02702702702702703
4.916666666666667,294,0.5812565949225623,0.2923914986393367,0.32653061224489793,43,1559,33,0.037162162162162164
5.0,296,0.5875989161415108,0.3014219351613419,0.32432432432432434,47,1606,33,0.033783783783783786
5.083333333333333,294,0.5950232181076479,0.27944681860282,0.32653061224489793,43,1649,35,0.04391891891891892
5.166666666666667,296,0.6011123464160445,0.27920879795879794,0.34797297297297297,47,1696,35,0.0472972972972973
5.25,295,0.6097707960391556,0.266583341329104,0.3423728813559322,55,1751,36,0.05405405405405406
5.333333333333333,294,0.6151147724685913,0.25823380134604623,0.35714285714285715,50,1801,38,0.05405405405405406
5.416666666666667,294,0.6183469109901077,0.25211626997341285,0.36394557823129253,49,1850,40,0.0472972972972973
5.5,295,0.6227687660397507,0.24675362302480947,0.3864406779661017,47,1897,41,0.05405405405405406
5.583333333333333,293,0.6266237302607872,0.2520867452608067,0.40955631399317405,47,1944,44,0.0777027027027027
5.666666666666667,294,0.6272921922562739,0.2610203949489664,0.41836734693877553,46,1990,46,0.08445945945945946
5.75,296,0.6324382914938953,0.25686996969324555,0.4527027027027027,56,2046,46,0.08445945945945946
5.833333333333333,295,0.6406082361505442,0.27087562187795966,0.46779661016949153,55,2101,47,0.08783783783783784
5.916666666666667,294,0.6467295817622132,0.2555769630452952,0.47959183673469385,52,2153,49,0.10472972972972973
6.0,296,0.6514072244880158,0.2682401953491855,0.48986486486486486,49,2202,49,0.10472972972972973
6.083333333333333,294,0.6580822203532443,0.26590286940141167,0.5068027210884354,55,2257,51,0.11148648648648649
6.166666666666667,295,0.6614479398899331,0.2597853169160675,0.5084745762711864,53,2310,52,0.11486486486486487
6.25,293,0.6646655583805728,0.26409419038624304,0.5187713310580204,54,2364,55,0.12162162162162163
6.333333333333333,295,0.6655444743007743,0.27270572983648045,0.5322033898305085,51,2415,56,0.12162162162162163
6.416666666666667,294,0.6697557497093419,0.2755196887121086,0.5374149659863946,60,2475,58,0.12162162162162163
6.5,292,0.6694061144435707,0.25828599537014413,0.5273972602739726,50,2525,62,0.13513513513513514
6.583333333333333,294,0.6700702830145912,0.25932320567889083,0.5408163265306123,54,2579,63,0.12837837837837837
6.666666666666667,293,0.6707320155714294,0.25770737605208593,0.5631399317406144,57,2636,66,0.13851351351351351
6.75,294,0.6701654551959775,0.27401611049570235,0.5884353741496599,62,2698,68,0.13851351351351351
6.833333333333333,295,0.6730202142558159,0.2667129668824584,0.5932203389830508,64,2762,69,0.13513513513513514
6.916666666666667,294,0.6770933127233693,0.2731061361163402,0.6054421768707483,65,2827,71,0.13513513513513514
7.0,296,0.6810950712927841,0.26878596253596254,0.6182432432432432,72,2899,71,0.13175675675675674
7.083333333333333,295,0.6885833359644695,0.26187921306565376,0.6203389830508474,57,2956,72,0.14189189189189189
7.166666666666667,293,0.6915851968851362,0.26661307028201225,0.6279863481228669,68,3024,75,0.15202702702702703
7.25,296,0.6928911288847658,0.25999293499293497,0.6114864864864865,51,3075,75,0.15202702702702703
7.333333333333333,295,0.700068108780093,0.2634544178465862,0.6406779661016949,67,3142,76,0.17229729729729729
7.416666666666667,296,0.7058651571771901,0.25715140747468335,0.6418918918918919,58,3200,76,0.16891891891891891
7.5,296,0.7139222220763272,0.2512723203455962,0.6418918918918919,57,3257,76,0.1891891891891892
7.583333333333333,295,0.720880341601916,0.24239723585720077,0.6745762711864407,65,3322,77,0.19932432432432431
7.666666666666667,292,0.7223732363850444,0.2511032821820493,0.678082191780822,62,3384,81,0.22297297297297297
7.75,295,0.7191310179925411,0.257974116279201,0.6542372881355932,58,3442,82,0.22635135135135134
7.833333333333333,295,0.7230564423629675,0.2682545138477342,0.6576271186440678,65,3507,83,0.24324324324324326
7.916666666666667,293,0.7250519840487791,0.27237138098912844,0.6552901023890785,57,3564,86,0.26013513513513514
8.0,291,0.7200632963139959,0.2677443118164768,0.6323024054982818,42,3606,91,0.2635135135135135
8.083333333333334,294,0.7129576997307633,0.27051619992330755,0.6496598639455783,58,3664,93,0.25
8.166666666666666,291,0.7137225772562086,0.27288224408736317,0.6529209621993127,58,3722,97,0.26013513513513514
8.25,292,0.7047819454308768,0.2731204016159141,0.6438356164383562,62,3784,101,0.25675675675675674
8.333333333333334,296,0.702281887207737,0.264294752118028,0.652027027027027,51,3835,101,0.25675675675675674
8.416666666666666,295,0.7083557635292534,0.28766907292331023,0.6576271186440678,63,3898,102,0.2668918918918919
8.5,295,0.7120660334233849,0.2770228550590912,0.6542372881355932,59,3957,103,0.27364864864864863
8.583333333333334,294,0.7152495794994406,0.2844133477490268,0.6598639455782312,61,4018,105,0.28378378378378377
8.666666666666666,296,0.7171599402116368,0.28024333994161577,0.6587837837837838,65,4083,105,0.30405405405405406
8.75,296,0.7238165066379848,0.2777302150848662,0.6418918918918919,53,4136,105,0.30743243243243246
8.833333333333334,295,0.729543653683294,0.27439963662667644,0.6576271186440678,60,4196,106,0.31756756756756754
8.916666666666666,295,0.7327152600623297,0.2696689341841096,0.6677966101694915,70,4266,107,0.32432432432432434
9.0,295,0.7357531284395743,0.26210993009968175,0.6711864406779661,59,4325,108,0.3344594594594595
9.083333333333334,291,0.7352115976779787,0.2496975246975247,0.6769759450171822,61,4386,113,0.3344594594594595
9.166666666666666,293,0.7263596844680376,0.2513920282040835,0.6655290102389079,54,4440,116,0.33783783783783783
9.25,295,0.7242595396950429,0.25455117221050655,0.6610169491525424,66,4506,117,0.34121621621621623
9.333333333333334,294,0.7262649170866016,0.2596412738596184,0.6700680272108843,52,4558,119,0.34459459459459457
9.416666666666666,293,0.7249316886807208,0.2580941043373162,0.6689419795221843,55,4613,122,0.34797297297297297
9.5,296,0.7236821852610356,0.25318695842094857,0.6587837837837838,58,4671,122,0.36824324324324326
9.583333333333334,294,0.7278739253083302,0.25609736980802356,0.6632653061224489,54,4725,124,0.38175675675675674
9.666666666666666,293,0.7261746668279173,0.25173520071684524,0.6689419795221843,59,4784,127,0.3885135135135135
9.75,292,0.7209596064779589,0.2560877573775583,0.6678082191780822,60,4844,131,0.3885135135135135
9.833333333333334,293,0.7142145876396427,0.2663774886526486,0.6689419795221843,52,4896,134,0.38175675675675674
9.916666666666666,294,0.7108559139483587,0.2740506766280869,0.6700680272108843,58,4954,136,0.3885135135135135
10.0,293,0.7090180868686706,0.2746934041130312,0.6689419795221843,54,5008,139,0.3918918918918919
10.083333333333334,291,0.7029240489107006,0.27684529031591143,0.6597938144329897,60,5068,144,0.3918918918918919
10.166666666666666,295,0.6958995138466679,0.276243294616009,0.6508474576271186,58,5126,145,0.3885135135135135
10.25,294,0.697506386484093,0.2810507229553173,0.6496598639455783,51,5177,147,0.3885135135135135
10.333333333333334,295,0.6979760710506971,0.26648011122587395,0.6508474576271186,54,5231,148,0.3885135135135135
10.416666666666666,287,0.6924136400540316,0.2810219494017403,0.6480836236933798,52,5283,157,0.40202702702702703
10.5,293,0.6741496806124074,0.2822243929752462,0.6279863481228669,55,5338,160,0.3783783783783784
10.583333333333334,293,0.6742664971101758,0.28356698288438903,0.6245733788395904,40,5378,162,0.3783783783783784
10.666666666666666,292,0.6692453337969817,0.27662934342239626,0.613013698630137,59,5437,166,0.3885135135135135
10.75,294,0.6642042590054313,0.27630475021145573,0.6054421768707483,64,5501,168,0.38513513513513514
10.833333333333334,294,0.6637662536138671,0.2835843928773958,0.6020408163265306,41,5542,170,0.38513513513513514
10.916666666666666,289,0.6575940393887105,0.2899595283060434,0.5916955017301038,52,5594,177,0.38175675675675674
11.0,295,0.6473260863497755,0.2791849191970257,0.5796610169491525,46,5640,178,0.3581081081081081
11.083333333333334,292,0.6468974869764256,0.295967653514131,0.5821917808219178,49,5689,182,0.3547297297297297
11.166666666666666,294,0.6424226734114628,0.2912505848001475,0.5782312925170068,48,5737,184,0.3581081081081081
11.25,294,0.6422697140308148,0.28896491560485726,0.5782312925170068,58,5795,186,0.3547297297297297
11.333333333333334,293,0.6417383311094824,0.29596899795583365,0.5767918088737202,58,5853,189,0.34797297297297297
11.416666666666666,293,0.6417508428955625,0.2923506216412116,0.5733788395904437,53,5906,191,0.34459459459459457
11.5,296,0.6420187423348258,0.2987557474164617,0.5709459459459459,51,5957,191,0.34459459459459457
11.583333333333334,296,0.6488030362189158,0.2951744857994858,0.5777027027027027,60,6017,191,0.3547297297297297
11.666666666666666,292,0.6509378991989608,0.2995143745143745,0.5753424657534246,67,6084,195,0.3547297297297297
11.75,294,0.6465822500750027,0.29487628773343055,0.5680272108843537,45,6129,197,0.34459459459459457
11.833333333333334,293,0.6454132942764935,0.28605473025268247,0.5631399317406144,50,6179,200,0.34797297297297297
11.916666666666666,294,0.6433317817802734,0.28652362376852175,0.5578231292517006,62,6241,202,0.34121621621621623
12.0,295,0.644680575884084,0.2836583741789553,0.5525423728813559,61,6302,203,0.34121621621621623
12.083333333333334,294,0.6471162450035475,0.2736852325409177,0.5476190476190477,66,6368,205,0.3581081081081081
12.166666666666666,294,0.6479074619286156,0.27835167343184836,0.5408163265306123,53,6421,207,0.3581081081081081
12.25,295,0.6492155290259618,0.2789682526244269,0.5389830508474577,53,6474,208,0.3581081081081081
12.333333333333334,293,0.6503606448750986,0.2747554296870022,0.5358361774744027,47,6521,211,0.3581081081081081
12.416666666666666,296,0.6507062375871233,0.29034148964875567,0.543918918918919,55,6576,211,0.35135135135135137
12.5,296,0.6576016669467214,0.29385774762929934,0.5506756756756757,55,6631,211,0.3614864864864865
12.583333333333334,293,0.6610694499137051,0.29063508608347965,0.5460750853242321,45,6676,214,0.3716216216216216
12.666666666666666,292,0.6576091060835787,0.286651771639372,0.547945205479452,52,6728,218,0.3716216216216216
12.75,292,0.6513113274875622,0.27831576718563017,0.5342465753424658,48,6776,222,0.3716216216216216
12.833333333333334,293,0.6455709255640854,0.27154108689944867,0.515358361774744,50,6826,225,0.3614864864864865
12.916666666666666,294,0.6433883838162577,0.27351173958316816,0.5102040816326531,50,6876,227,0.36824324324324326
13.0,293,0.6422029809899744,0.27099645708860726,0.5017064846416383,50,6926,230,0.36486486486486486
13.083333333333334,291,0.6369858248516724,0.26130708733801516,0.5051546391752577,51,6977,235,0.3581081081081081
13.166666666666666,294,0.6338753091644717,0.2526561216040456,0.5102040816326531,52,7029,236,0.36486486486486486
13.25,294,0.6373375103240386,0.2633934662699617,0.5102040816326531,47,7076,237,0.36486486486486486
13.333333333333334,289,0.6327105049560756,0.2612435338064738,0.49480968858131485,37,7113,244,0.3614864864864865
13.416666666666666,295,0.6232111959317816,0.24851912747295565,0.488135593220339,45,7158,245,0.3547297297297297
13.5,294,0.6253688253839397,0.2633949289561534,0.48639455782312924,51,7209,247,0.3547297297297297
13.583333333333334,295,0.6269626708243315,0.2783895671183807,0.49830508474576274,42,7251,248,0.34797297297297297
13.666666666666666,293,0.6286525539483498,0.28935998586169237,0.49829351535836175,49,7300,251,0.35135135135135137
13.75,289,0.6204546166254241,0.28356810432935003,0.4982698961937716,40,7340,258,0.35135135135135137
13.833333333333334,291,0.6074624758654313,0.2788977822482977,0.4948453608247423,39,7379,263,0.3277027027027027
13.916666666666666,293,0.6002289978972002,0.2792783250121134,0.48464163822525597,46,7425,266,0.31756756756756754
14.0,293,0.5974171611525241,0.2823848695862348,0.48464163822525597,47,7472,269,0.32094594594594594
14.083333333333334,291,0.5918684060721948,0.2895104799743975,0.48109965635738833,43,7515,274,0.31756756756756754
14.166666666666666,294,0.5865659042734181,0.2901196214971725,0.47619047619047616,42,7557,276,0.30067567567567566
14.25,294,0.5892348964890429,0.2665432828698135,0.47278911564625853,47,7604,278,0.2972972972972973
14.333333333333334,293,0.5886429874508644,0.27671190205319895,0.4709897610921502,48,7652,281,0.2972972972972973
14.416666666666666,295,0.5888164231283282,0.2735889725574121,0.4711864406779661,53,7705,282,0.2972972972972973
14.5,294,0.5915430252420677,0.2761851152861005,0.47959183673469385,46,7751,284,0.30405405405405406
14.583333333333334,292,0.5895009490542963,0.26742889807705245,0.4726027397260274,42,7793,288,0.30067567567567566
14.666666666666666,293,0.5848199782114438,0.26942000688701206,0.4709897610921502,53,7846,291,0.2905405405405405
14.75,292,0.5808083088393148,0.28688872722377007,0.4863013698630137,41,7887,295,0.28040540540540543
14.833333333333334,293,0.5776125374830436,0.2742058269483916,0.4812286689419795,52,7939,298,0.2668918918918919
14.916666666666666,291,0.572454185840884,0.2827379937468303,0.47079037800687284,45,7984,303,0.26013513513513514
15.0,295,0.5694014373639361,0.28722364264737144,0.4610169491525424,45,8029,304,0.25
15.083333333333334,295,0.5743873135428128,0.29123737844076825,0.46440677966101696,47,8076,305,0.24662162162162163
15.166666666666666,296,0.5806194751948752,0.2837437524937525,0.4527027027027027,44,8120,305,0.2533783783783784
15.25,294,0.5874113394657222,0.28897104407308494,0.46258503401360546,39,8159,307,0.2533783783783784
15.333333333333334,295,0.5901753046619973,0.2729899384984131,0.4745762711864407,48,8207,308,0.25
15.416666666666666,294,0.594652644480044,0.2757177007595208,0.47619047619047616,46,8253,310,0.25
15.5,293,0.5945942470695006,0.2819825075364157,0.47440273037542663,33,8286,313,0.24662162162162163
15.583333333333334,291,0.5897284519651255,0.2757401095452473,0.4570446735395189,43,8329,318,0.24324324324324326
15.666666666666666,294,0.5871679042281049,0.2735201117854179,0.46258503401360546,38,8367,320,0.22972972972972974
15.75,296,0.5912520226203889,0.2920738233238233,0.48986486486486486,55,8422,320,0.22972972972972974
15.833333333333334,295,0.598126043936823,0.2904938470192708,0.5016949152542373,43,8465,321,0.23648648648648649
15.916666666666666,295,0.6029856995690119,0.29593089584615007,0.5050847457627119,31,8496,322,0.23310810810810811
16.0,293,0.6051517225320882,0.29177860440659076,0.49829351535836175,44,8540,325,0.23310810810810811
16.083333333333332,295,0.6058194029297067,0.286231931909898,0.49830508474576274,38,8578,326,0.23648648648648649
16.166666666666668,295,0.6104539854488015,0.274868793787208,0.4915254237288136,47,8625,327,0.2533783783783784
16.25,295,0.6150730365295874,0.27856949986079543,0.488135593220339,36,8661,328,0.26013513513513514
16.333333333333332,294,0.6182782177914911,0.2869267714829063,0.48639455782312924,46,8707,330,0.2702702702702703
16.416666666666668,295,0.6205843420996612,0.2858645854084357,0.488135593220339,41,8748,331,0.2702702702702703
16.5,295,0.6270910858364231,0.28075535441152877,0.4915254237288136,44,8792,332,0.28040540540540543
16.583333333333332,294,0.6312986399999818,0.2815813876834532,0.4965986394557823,38,8830,334,0.28716216216216217
16.666666666666668,292,0.6294222370576154,0.29337461234870765,0.4863013698630137,45,8875,338,0.28716216216216217
16.75,296,0.6282734781590579,0.2803143627144838,0.4797297297297297,36,8911,338,0.27702702702702703
16.833333333333332,295,0.6344529372585668,0.29595090210492186,0.4847457627118644,47,8958,339,0.28040540540540543
16.916666666666668,295,0.6385845421112789,0.2933044625538572,0.4847457627118644,40,8998,340,0.28040540540540543
17.0,294,0.6414718686031744,0.29391484365974163,0.4965986394557823,43,9041,342,0.28040540540540543
17.083333333333332,294,0.6421332727659013,0.28735903174678684,0.4965986394557823,48,9089,344,0.28378378378378377
17.166666666666668,295,0.643930467172653,0.28397002244459874,0.4915254237288136,43,9132,345,0.28716216216216217
17.25,296,0.6490546193560324,0.30009610322110325,0.5202702702702703,48,9180,345,0.2939189189189189
17.333333333333332,295,0.655221317244596,0.29097861648709106,0.5322033898305085,47,9227,346,0.2972972972972973
17.416666666666668,296,0.6602851862918259,0.2899630774630774,0.5168918918918919,34,9261,346,0.30405405405405406
17.5,294,0.6652287631704752,0.2959635319329197,0.5238095238095238,42,9303,348,0.3108108108108108
17.583333333333332,292,0.6633103732302417,0.29314958253314416,0.5205479452054794,43,9346,352,0.31756756756756754
17.666666666666668,295,0.6602562906498901,0.28689540214963943,0.5254237288135594,45,9391,353,0.3108108108108108
17.75,294,0.6627297380375302,0.2857483753129221,0.5306122448979592,43,9434,355,0.3141891891891892
17.833333333333332,293,0.6619136595509143,0.2911077039301502,0.5358361774744027,41,9475,358,0.3141891891891892
17.916666666666668,295,0.6611149197978952,0.2960603393890741,0.5254237288135594,47,9522,359,0.3108108108108108
18.0,296,0.6659090953111787,0.28743410916376033,0.5304054054054054,37,9559,359,0.3141891891891892
18.083333333333332,294,0.6708209096339195,0.285266443684811,0.5408163265306123,46,9605,361,0.32094594594594594
18.166666666666668,294,0.6711434514332842,0.2897983818902186,0.5340136054421769,40,9645,363,0.32094594594594594
18.25,294,0.6714335667339555,0.28622641395965015,0.5204081632653061,49,9694,365,0.3141891891891892
18.333333333333332,291,0.6683608890630282,0.27848456430930657,0.5257731958762887,39,9733,370,0.31756756756756754
18.416666666666668,293,0.6607351992000297,0.28460438878527616,0.5221843003412969,53,9786,373,0.30405405405405406
18.5,292,0.6565398978061243,0.2910218966725816,0.5171232876712328,41,9827,377,0.30743243243243246
18.583333333333332,292,0.6501698735073526,0.28485869968257443,0.5102739726027398,34,9861,381,0.2972972972972973
18.666666666666668,294,0.64626475302677,0.28290120553240083,0.5170068027210885,45,9906,383,0.2905405405405405
18.75,294,0.6468842258419499,0.2807840860683426,0.5238095238095238,41,9947,385,0.2905405405405405
18.833333333333332,292,0.6451759067339563,0.28942129842325537,0.523972602739726,41,9988,389,0.28716216216216217
18.916666666666668,295,0.642777103301751,0.2798114224239297,0.5254237288135594,47,10035,390,0.27702702702702703
19.0,295,0.6469323511422296,0.2845135376345195,0.5288135593220339,39,10074,391,0.27702702702702703
19.083333333333332,295,0.6512160406239603,0.2875595396391541,0.5423728813559322,37,10111,392,0.28040540540540543
19.166666666666668,295,0.6554950615149338,0.28787871199222476,0.5491525423728814,43,10154,393,0.27702702702702703
19.25,292,0.65628273515758,0.29811866152101174,0.5547945205479452,45,10199,397,0.27702702702702703
19.333333333333332,296,0.6549323275772945,0.2942548889107919,0.5540540540540541,38,10237,397,0.28040540540540543
19.416666666666668,293,0.6588375864787351,0.28910603771746185,0.5460750853242321,41,10278,400,0.2939189189189189
19.5,296,0.6595777809747972,0.28302454801943405,0.5506756756756757,45,10323,400,0.2905405405405405
19.583333333333332,293,0.663483341703167,0.29140110836158095,0.5494880546075085,43,10366,403,0.30743243243243246
19.666666666666668,294,0.6618378402569344,0.30121140069687286,0.5544217687074829,47,10413,405,0.30067567567567566
19.75,294,0.6623730605251275,0.2949468332121393,0.5578231292517006,48,10461,407,0.30067567567567566
19.833333333333332,294,0.6629552050461205,0.3002860235003092,0.5748299319727891,55,10516,409,0.2972972972972973
19.916666666666668,294,0.66353001145022,0.28799691427242446,0.5816326530612245,53,10569,411,0.30067567567567566
20.0,295,0.6651974683917697,0.30256203307050766,0.576271186440678,44,10613,412,0.30067567567567566
20.083333333333332,290,0.6633758550053863,0.2988438764300833,0.5724137931034483,46,10659,418,0.30405405405405406
20.166666666666668,290,0.6500947655289528,0.3071678704437325,0.5655172413793104,53,10712,424,0.28716216216216217
20.25,295,0.6429744061293012,0.29990114405368645,0.559322033898305,46,10758,425,0.27364864864864863
20.333333333333332,293,0.644581396336537,0.30869463301203914,0.5563139931740614,43,10801,428,0.27364864864864863
20.416666666666668,295,0.6443699920728349,0.30234326846507253,0.5559322033898305,36,10837,429,0.28040540540540543
20.5,293,0.645974323680953,0.3038983576728703,0.552901023890785,49,10886,432,0.28716216216216217
20.583333333333332,294,0.6451044670042251,0.2927392993070959,0.5476190476190477,56,10942,434,0.28040540540540543
20.666666666666668,294,0.6490042418374212,0.29586924759010547,0.5578231292517006,54,10996,435,0.2939189189189189
20.75,296,0.6519403374217634,0.3021246379675556,0.5608108108108109,59,11055,435,0.2905405405405405
20.833333333333332,295,0.6589910860633268,0.3025610423511273,0.559322033898305,43,11098,436,0.2972972972972973
20.916666666666668,294,0.6616503864940788,0.29707902474740444,0.5578231292517006,51,11149,438,0.3108108108108108
21.0,292,0.659707470816094,0.2945272465086555,0.5547945205479452,47,11196,442,0.30405405405405406
21.083333333333332,293,0.6544046015498026,0.29033966602225986,0.5597269624573379,51,11247,445,0.30067567567567566
21.166666666666668,295,0.6537097060380784,0.2745116841727011,0.5559322033898305,39,11286,446,0.2939189189189189
21.25,295,0.6609557769390354,0.2778307097798623,0.5559322033898305,56,11342,446,0.2972972972972973
21.333333333333332,295,0.6649263718332088,0.278717017445831,0.5661016949152542,53,11395,447,0.2939189189189189
21.416666666666668,292,0.6654249920137257,0.2846707516228064,0.5616438356164384,52,11447,451,0.30067567567567566
21.5,296,0.6636949738958857,0.2798409160016303,0.5608108108108109,58,11505,451,0.2972972972972973
21.583333333333332,295,0.6696870516085534,0.28441632653246585,0.5694915254237288,56,11561,452,0.31756756756756754
21.666666666666668,294,0.6723464917730378,0.2818581055071957,0.5714285714285714,57,11618,454,0.32094594594594594
21.75,293,0.6714867753446018,0.28534428927887123,0.5767918088737202,59,11677,457,0.3310810810810811
21.833333333333332,292,0.6671159460151084,0.2900467401175951,0.5684931506849316,52,11729,461,0.3310810810810811
21.916666666666668,292,0.6604052348864153,0.27942007573856886,0.5684931506849316,51,11780,465,0.3277027027027027
22.0,294,0.656082481254645,0.27086074221642736,0.5748299319727891,53,11833,467,0.32094594594594594
22.083333333333332,292,0.6540108787523855,0.27876633314500243,0.5821917808219178,59,11892,471,0.31756756756756754
22.166666666666668,291,0.6464458303384347,0.27909731407522276,0.5670103092783505,62,11954,476,0.3108108108108108
22.25,287,0.6351823933552195,0.27885195524568346,0.5505226480836237,64,12018,484,0.3141891891891892
22.333333333333332,294,0.6202883439148322,0.27915392430698555,0.54421768707483,59,12077,486,0.30067567567567566
22.416666666666668,293,0.6192733592296756,0.28755611905294987,0.5460750853242321,55,12132,489,0.2972972972972973
22.5,293,0.6177063113324299,0.2777628690719866,0.5494880546075085,49,12181,492,0.2905405405405405
22.583333333333332,294,0.6162258948617784,0.27922069292331686,0.5476190476190477,52,12233,494,0.2905405405405405
22.666666666666668,293,0.6156470024061014,0.2749395389449022,0.5426621160409556,48,12281,497,0.28378378378378377
22.75,295,0.6155451342392613,0.28021862632032124,0.5389830508474577,56,12337,498,0.28716216216216217
22.833333333333332,294,0.6187523656930702,0.28420879322239867,0.5340136054421769,61,12398,500,0.2905405405405405
22.916666666666668,289,0.6128005786575165,0.28225099903300593,0.5155709342560554,55,12453,507,0.2939189189189189
23.0,295,0.6043554865867796,0.2707898629932528,0.5050847457627119,56,12509,508,0.27364864864864863
23.083333333333332,295,0.608421294079441,0.2792177345567176,0.511864406779661,43,12552,509,0.27364864864864863
23.166666666666668,293,0.610023054555647,0.28219872025332776,0.5119453924914675,43,12595,512,0.27702702702702703
23.25,294,0.6087775308475069,0.28516670719051673,0.5068027210884354,40,12635,514,0.27364864864864863
23.333333333333332,295,0.6108943156402128,0.28278102625560253,0.5050847457627119,50,12685,515,0.27364864864864863
23.416666666666668,293,0.6125847701014784,0.29566357106077007,0.5051194539249146,41,12726,518,0.28040540540540543
23.5,295,0.6127590257180802,0.28988272486560873,0.49830508474576274,44,12770,519,0.27364864864864863
23.583333333333332,294,0.6187416982096685,0.2868612484086999,0.5,41,12811,521,0.28378378378378377
23.666666666666668,294,0.6195140246283657,0.27182854733372475,0.4931972789115646,51,12862,523,0.2905405405405405
23.75,295,0.6214488874126939,0.27968252823684064,0.49491525423728816,43,12905,524,0.28716216216216217
23.833333333333332,293,0.6240338538880703,0.2841345879863676,0.4948805460750853,34,12939,527,0.28716216216216217
23.916666666666668,294,0.6226185878850591,0.2721003095274232,0.48639455782312924,44,12983,529,0.28716216216216217
24.0,294,0.6232871726507987,0.2687143166735003,0.48299319727891155,43,13026,531,0.2905405405405405
24.083333333333332,292,0.6213221523513819,0.27176787118078705,0.4863013698630137,42,13068,535,0.30405405405405406
24.166666666666668,293,0.6197897636361458,0.2738247897072861,0.4880546075085324,59,13127,537,0.30067567567567566
24.25,296,0.6208425887320389,0.263613721649436,0.4864864864864865,41,13168,537,0.2972972972972973
24.333333333333332,294,0.6258004135731853,0.2563698004295672,0.4897959183673469,41,13209,539,0.2972972972972973
24.416666666666668,293,0.6253834586291838,0.2670849141107552,0.4880546075085324,42,13251,542,0.2972972972972973
24.5,294,0.6274564201185907,0.2730344755126096,0.48639455782312924,47,13298,543,0.30405405405405406
24.583333333333332,295,0.6305030880125636,0.27745069431510105,0.4915254237288136,47,13345,544,0.30067567567567566
24.666666666666668,295,0.6345380871546382,0.2817160146821164,0.5016949152542373,47,13392,545,0.3141891891891892
24.75,295,0.6385079950957553,0.28523622328707077,0.5084745762711864,59,13451,546,0.3141891891891892
24.833333333333332,291,0.6382278562700049,0.27201631892353545,0.5017182130584192,51,13502,551,0.31756756756756754
24.916666666666668,294,0.6321166811117426,0.26933248157737955,0.4965986394557823,40,13542,553,0.31756756756756754
25.0,291,0.6287321679093466,0.26756064668435803,0.49828178694158076,47,13589,558,0.3108108108108108
25.083333333333332,293,0.6216559687750349,0.2642696325290182,0.48464163822525597,46,13635,561,0.30743243243243246
25.166666666666668,295,0.6212871598381793,0.26612950138373864,0.49491525423728816,37,13672,562,0.30067567567567566
25.25,294,0.6240825257807099,0.2669734475774634,0.4965986394557823,47,13719,564,0.30067567567567566
25.333333333333332,295,0.6261430599382363,0.265930878549796,0.4915254237288136,50,13769,565,0.2972972972972973
25.416666666666668,295,0.6303102590596876,0.25892159629447764,0.49830508474576274,43,13812,566,0.30067567567567566
25.5,291,0.6325061830983024,0.25305834867690535,0.5017182130584192,42,13854,571,0.30067567567567566
25.583333333333332,295,0.627887234556742,0.255386778946101,0.4915254237288136,45,13899,572,0.2939189189189189
25.666666666666668,295,0.6318271186478503,0.26391387332065297,0.49491525423728816,48,13947,573,0.2972972972972973
25.75,294,0.6347105519911013,0.2780917020064374,0.5,44,13991,575,0.2972972972972973
25.833333333333332,295,0.6366764888843727,0.2709893587213323,0.49830508474576274,48,14039,576,0.2939189189189189
25.916666666666668,296,0.6420378285410717,0.2693401940223974,0.5,45,14084,576,0.2939189189189189
26.0,294,0.6472356098629971,0.2685855055753015,0.5102040816326531,52,14136,578,0.2972972972972973
26.083333333333332,291,0.6443471995152337,0.2738030583391408,0.5085910652920962,41,14177,583,0.2972972972972973
26.166666666666668,295,0.6397607825676539,0.2685392009120822,0.5016949152542373,47,14224,584,0.28716216216216217
26.25,292,0.6401325853219539,0.2773073767936782,0.5,49,14273,588,0.2939189189189189
26.333333333333332,294,0.6366176537282953,0.28305747540441417,0.4931972789115646,52,14325,590,0.28378378378378377
26.416666666666668,296,0.6398460733668909,0.2759850791100791,0.5033783783783784,48,14373,590,0.28716216216216217
26.5,293,0.6437853945261952,0.2788360104059763,0.515358361774744,43,14416,593,0.30067567567567566
26.583333333333332,296,0.6447597995938587,0.2754516160039416,0.5168918918918919,54,14470,593,0.30067567567567566
26.666666666666668,294,0.6497770644241762,0.2700849257090358,0.5136054421768708,39,14509,595,0.30743243243243246
26.75,295,0.651724053322097,0.2695839878161518,0.5084745762711864,53,14562,596,0.30067567567567566
26.833333333333332,294,0.6547078306207424,0.2700706542661929,0.5102040816326531,53,14615,598,0.3108108108108108
26.916666666666668,296,0.6576639755971267,0.2692099785123041,0.527027027027027,52,14667,598,0.3108108108108108
27.0,294,0.6627462668318338,0.2668491750124403,0.5272108843537415,40,14707,600,0.3141891891891892
27.083333333333332,296,0.6656345148068983,0.270137567012567,0.5337837837837838,51,14758,600,0.3108108108108108
27.166666666666668,290,0.6665591684143075,0.282590350262764,0.5482758620689655,43,14801,606,0.3141891891891892
27.25,293,0.6567584459759983,0.2725596644538624,0.5392491467576792,53,14854,609,0.30743243243243246
27.333333333333332,294,0.6548834026102339,0.27554746315965617,0.5408163265306123,45,14899,611,0.30067567567567566
27.416666666666668,293,0.654292632791815,0.27231727737865874,0.5358361774744027,40,14939,614,0.2972972972972973
27.5,293,0.651517691028051,0.2787849185732624,0.5426621160409556,41,14980,617,0.2905405405405405
27.583333333333332,292,0.647512746255683,0.27225776928853895,0.541095890410959,58,15038,621,0.30067567567567566
27.666666666666668,292,0.6420560435187531,0.2820117762754749,0.5342465753424658,41,15079,625,0.2939189189189189
27.75,294,0.6382311333295498,0.2845946759212065,0.5306122448979592,43,15122,627,0.2905405405405405
27.833333333333332,294,0.6389382378261788,0.2907992328910696,0.5476190476190477,45,15167,629,0.2939189189189189
27.916666666666668,291,0.6360054211004219,0.2821828215421735,0.5395189003436426,49,15216,634,0.28716216216216217
28.0,295,0.6315852829909582,0.2825592661306947,0.535593220338983,45,15261,635,0.28040540540540543
28.083333333333332,294,0.6345450925935411,0.2804536719624183,0.5374149659863946,47,15308,637,0.28716216216216217
28.166666666666668,292,0.6336979614829897,0.28321483365514677,0.5308219178082192,45,15353,641,0.2905405405405405
28.25,291,0.6297959342221354,0.2819751445303728,0.5223367697594502,55,15408,645,0.2939189189189189
28.333333333333332,295,0.6254005349358134,0.27401798631822843,0.5186440677966102,62,15470,646,0.28716216216216217
28.416666666666668,294,0.6316872395827444,0.2844884404082902,0.5204081632653061,48,15518,647,0.2905405405405405
28.5,296,0.6351261347293169,0.27706656884168995,0.5168918918918919,62,15580,647,0.2905405405405405
28.583333333333332,295,0.6415517151501477,0.28582640325160946,0.5254237288135594,68,15648,648,0.2939189189189189
28.666666666666668,294,0.6449597008805944,0.2853015539765058,0.5272108843537415,48,15696,650,0.2905405405405405
28.75,293,0.6480316441864649,0.27796872259329597,0.5324232081911263,55,15751,652,0.2972972972972973
28.833333333333332,291,0.6431703626642551,0.28031119319779113,0.5257731958762887,60,15811,657,0.2905405405405405
28.916666666666668,293,0.6360980590291649,0.2849443029477159,0.5221843003412969,57,15868,660,0.28378378378378377
29.0,293,0.6335434127001955,0.29076846551249286,0.5085324232081911,62,15930,663,0.28040540540540543
29.083333333333332,293,0.6315602447811107,0.2823855041431833,0.49829351535836175,48,15978,666,0.27702702702702703
29.166666666666668,294,0.6303398452924448,0.2840883998964973,0.4965986394557823,55,16033,668,0.28040540540540543
29.25,295,0.6326432971431843,0.2721392934870245,0.488135593220339,46,16079,669,0.27364864864864863
29.333333333333332,293,0.6345619169449116,0.27323022219807425,0.4880546075085324,51,16130,672,0.2972972972972973
29.416666666666668,293,0.6354099873717641,0.26619416798597684,0.4880546075085324,46,16176,674,0.2972972972972973
29.5,292,0.6315912238629927,0.26863620587935655,0.4863013698630137,38,16214,678,0.2939189189189189
29.583333333333332,296,0.6307037969752305,0.25829741767241765,0.4864864864864865,50,16264,678,0.28378378378378377
29.666666666666668,293,0.6369612086417245,0.2607607125525214,0.49146757679180886,45,16309,681,0.28716216216216217
29.75,294,0.6357399191979536,0.25521964807679093,0.4897959183673469,46,16355,683,0.28378378378378377
29.833333333333332,295,0.6379136724462201,0.2706502993912195,0.5016949152542373,47,16402,684,0.28040540540540543
29.916666666666668,296,0.6435360353260903,0.2693976618083761,0.5101351351351351,36,16438,684,0.28378378378378377
30.0,295,0.6500608295651411,0.2689274553802399,0.5186440677966102,43,16481,685,0.3141891891891892
30.083333333333332,294,0.6541504683777156,0.2560589057309174,0.5204081632653061,50,16531,687,0.31756756756756754
30.166666666666668,289,0.6487865525124564,0.2662400363957457,0.5155709342560554,52,16583,694,0.31756756756756754
30.25,295,0.6429981060062413,0.26782739859011045,0.5050847457627119,44,16627,694,0.30405405405405406
30.333333333333332,294,0.6458817743560749,0.2762159137159137,0.5102040816326531,41,16668,696,0.30743243243243246
30.416666666666668,292,0.644548949847,0.2755346822127644,0.5205479452054794,55,16723,700,0.31756756756756754
30.5,294,0.6408412676239933,0.280786956807365,0.5204081632653061,54,16777,702,0.31756756756756754
30.583333333333332,293,0.6402425439593766,0.2863302795043409,0.5290102389078498,51,16828,705,0.32094594594594594
30.666666666666668,294,0.6389218285745786,0.29506745144500246,0.5306122448979592,52,16880,707,0.3141891891891892
30.75,291,0.6358715281358193,0.28104907692536557,0.5154639175257731,51,16931,712,0.3108108108108108
30.833333333333332,292,0.6287534017785252,0.2719943583813447,0.5034246575342466,50,16981,716,0.2939189189189189
30.916666666666668,294,0.6257032765769223,0.27111742188272797,0.4965986394557823,50,17031,718,0.2905405405405405
31.0,295,0.6277477353357012,0.2689058587363672,0.49830508474576274,38,17069,719,0.2939189189189189
31.083333333333332,290,0.627182129307363,0.26638707111358717,0.496551724137931,47,17116,725,0.30743243243243246
31.166666666666668,294,0.6206414341818963,0.2769887617530123,0.5170068027210885,43,17159,727,0.30067567567567566
31.25,296,0.6236995175500442,0.28055749747560094,0.5202702702702703,55,17214,727,0.30067567567567566
31.333333333333332,294,0.6287010769346858,0.29332446100567144,0.5272108843537415,53,17267,729,0.30067567567567566
31.416666666666668,292,0.6269806893565459,0.28028403195502866,0.5136986301369864,56,17323,733,0.30067567567567566
31.5,294,0.623438152292576,0.27566295096203614,0.5136054421768708,45,17368,735,0.2905405405405405
31.583333333333332,294,0.6241714219851142,0.27421060670281544,0.5102040816326531,44,17412,737,0.2905405405405405
31.666666666666668,293,0.623862069636506,0.27822140945932533,0.515358361774744,48,17460,740,0.28716216216216217
31.75,292,0.6200984222815222,0.2823718511901756,0.5205479452054794,38,17498,744,0.28040540540540543
31.833333333333332,294,0.6167033427494605,0.2733174317388023,0.5238095238095238,48,17546,746,0.27364864864864863
31.916666666666668,293,0.6164013350275416,0.2877769648449928,0.5187713310580204,45,17591,749,0.2668918918918919
32.0,292,0.6148895194598494,0.2841984781400268,0.5171232876712328,59,17650,753,0.25675675675675674
32.083333333333336,293,0.6137555705260617,0.2798067682431655,0.515358361774744,48,17698,755,0.2635135135135135
32.166666666666664,293,0.6147100566725922,0.2788309434213871,0.5085324232081911,41,17739,757,0.2668918918918919
32.25,295,0.6148997933352166,0.27132581166479475,0.5084745762711864,51,17790,758,0.2668918918918919
32.333333333333336,289,0.6118148887949859,0.2824804091955983,0.49480968858131485,52,17842,765,0.2702702702702703
32.416666666666664,295,0.6036952027123962,0.2731942919084941,0.49830508474576274,45,17887,766,0.26013513513513514
32.5,294,0.6066265419572223,0.2728129960976548,0.4965986394557823,49,17936,768,0.2635135135135135
32.583333333333336,294,0.607762787359725,0.2774147907504699,0.4931972789115646,42,17978,770,0.25675675675675674
32.666666666666664,293,0.6075737162203754,0.27616484799314034,0.48464163822525597,38,18016,773,0.2533783783783784
32.75,294,0.6066930096759512,0.29059123038714874,0.48299319727891155,46,18062,775,0.25
32.833333333333336,291,0.605939270726685,0.28608850103695466,0.47766323024054985,35,18097,780,0.25
32.916666666666664,294,0.6008266101414902,0.28829972937115794,0.47278911564625853,36,18133,782,0.25
33.0,296,0.604498412350981,0.29183402933402935,0.4797297297297297,38,18171,782,0.26013513513513514
33.083333333333336,293,0.6084334996757996,0.2890036300445857,0.4778156996587031,49,18220,785,0.2702702702702703
33.166666666666664,295,0.6087569584609471,0.2839212576500712,0.48135593220338985,37,18257,786,0.27364864864864863
33.25,295,0.6131209477404502,0.2999965194880449,0.4915254237288136,40,18297,787,0.27364864864864863
33.333333333333336,293,0.6149200378681151,0.30363322684141797,0.49829351535836175,47,18344,790,0.27702702702702703
33.416666666666664,295,0.6155715892497203,0.2953715869817565,0.49491525423728816,46,18390,791,0.2668918918918919
33.5,292,0.6160516055662701,0.30662611741378865,0.4965753424657534,45,18435,795,0.2668918918918919
33.583333333333336,295,0.6142911746373216,0.30928877149216133,0.511864406779661,46,18481,796,0.26013513513513514
33.666666666666664,294,0.6174349749306371,0.3173267303369344,0.5238095238095238,52,18533,798,0.2635135135135135
33.75,294,0.6192654779037611,0.31407001917206,0.5102040816326531,46,18579,800,0.26013513513513514
33.833333333333336,294,0.6203485358512938,0.30595507100609143,0.4965986394557823,50,18629,802,0.2668918918918919
33.916666666666664,296,0.6239435832856479,0.303357143982144,0.4966216216216216,46,18675,802,0.2668918918918919
34.0,293,0.6282131515555367,0.3085438262912666,0.5017064846416383,40,18715,805,0.2668918918918919
34.083333333333336,294,0.6271170599231617,0.3206488617202903,0.5034013605442177,42,18757,807,0.27364864864864863
34.166666666666664,294,0.6280040444165484,0.30929315393601103,0.5,47,18804,809,0.27702702702702703
34.25,293,0.6276605148831774,0.30923639311011325,0.5051194539249146,52,18856,812,0.28040540540540543
34.333333333333336,296,0.6289755699839458,0.31096437346437344,0.5202702702702703,41,18897,812,0.27702702702702703
34.416666666666664,296,0.6366594408182078,0.3149943243693244,0.5236486486486487,52,18949,812,0.28378378378378377
34.5,292,0.6408955164294605,0.31817252382320876,0.523972602739726,50,18999,816,0.2972972972972973
34.583333333333336,291,0.6335906008549749,0.32089630491692345,0.5292096219931272,53,19052,821,0.2939189189189189
34.666666666666664,295,0.6291524874074086,0.3077966948305932,0.5050847457627119,52,19104,822,0.27702702702702703
34.75,294,0.6326886342997305,0.31351785025254414,0.5102040816326531,50,19154,824,0.27702702702702703
34.833333333333336,294,0.6335981883660304,0.3015977503222401,0.5,44,19198,826,0.28378378378378377
34.916666666666664,292,0.6319146961971389,0.31075604380398897,0.5034246575342466,50,19248,830,0.28040540540540543
35.0,295,0.6300429424102433,0.3082229258500445,0.5050847457627119,47,19295,831,0.27364864864864863
35.083333333333336,296,0.635293344009186,0.31294999717964833,0.5067567567567568,31,19326,831,0.2972972972972973
35.166666666666664,295,0.6415474661043592,0.3189801596817758,0.511864406779661,42,19368,832,0.2972972972972973
35.25,294,0.6444484701133577,0.3218037129692449,0.5136054421768708,38,19406,834,0.2972972972972973
35.333333333333336,289,0.6389652101659169,0.32347203628403076,0.5121107266435986,35,19441,841,0.30067567567567566
35.416666666666664,295,0.629940134420144,0.31261623531348837,0.5220338983050847,53,19494,842,0.28716216216216217
35.5,295,0.6339311995314029,0.31590160342936496,0.5152542372881356,27,19521,843,0.2905405405405405
35.583333333333336,295,0.6380610897195463,0.31306336821824843,0.5186440677966102,36,19557,844,0.2939189189189189
35.666666666666664,292,0.6385245528666451,0.30823382287423384,0.523972602739726,49,19606,848,0.2939189189189189
35.75,294,0.6349077819434037,0.31021167041575204,0.5204081632653061,38,19644,850,0.28378378378378377
35.833333333333336,293,0.634379876805412,0.31610231823542406,0.515358361774744,40,19684,853,0.28378378378378377
35.916666666666664,292,0.6304792849598614,0.3117439733021925,0.5102739726027398,40,19724,857,0.27364864864864863
36.0,295,0.628303943560218,0.3021703908144586,0.5050847457627119,49,19773,858,0.2668918918918919
36.083333333333336,293,0.6304469340858803,0.3084485953939879,0.5119453924914675,51,19824,861,0.2668918918918919
36.166666666666664,293,0.6279425105412418,0.3022226825127849,0.515358361774744,50,19874,864,0.27364864864864863
36.25,294,0.6266433347682813,0.2989101698989102,0.5204081632653061,51,19925,866,0.2668918918918919
36.333333333333336,294,0.6275663265933528,0.30366089913943534,0.5306122448979592,50,19975,868,0.26013513513513514
36.416666666666664,292,0.6260408415905125,0.30617881010240483,0.5308219178082192,49,20024,872,0.2533783783783784
36.5,295,0.6241174315309526,0.2899915624345782,0.5220338983050847,50,20074,873,0.25
36.583333333333336,296,0.6296354074592327,0.3000189847172606,0.5337837837837838,48,20122,873,0.27364864864864863
36.666666666666664,293,0.6335073477166272,0.30230824417302,0.5392491467576792,56,20178,876,0.2939189189189189
36.75,294,0.6320412576676198,0.29818026833332956,0.5340136054421769,54,20232,878,0.28716216216216217
36.833333333333336,294,0.6326930505573047,0.3019027269027269,0.54421768707483,52,20284,880,0.28378378378378377
36.916666666666664,296,0.6359131110659294,0.3015403421653422,0.5337837837837838,65,20349,880,0.28378378378378377
37.0,296,0.6434496920935343,0.31996200121200125,0.543918918918919,43,20392,880,0.2905405405405405
37.083333333333336,293,0.6474515852465689,0.2973676788081872,0.5324232081911263,54,20446,883,0.2939189189189189
37.166666666666664,293,0.6447777645397396,0.2893656315569932,0.5426621160409556,54,20500,886,0.2939189189189189
37.25,295,0.6444079648203882,0.29592772673135037,0.535593220338983,52,20552,887,0.2905405405405405
37.333333333333336,295,0.6484573148678825,0.300961807528143,0.5389830508474577,59,20611,888,0.28716216216216217
37.416666666666664,294,0.6514534917361025,0.30342275924612305,0.5408163265306123,49,20660,890,0.28716216216216217
37.5,293,0.651074305836262,0.3021650714042146,0.5358361774744027,53,20713,893,0.28040540540540543
37.583333333333336,289,0.6442139162720754,0.2986072469338189,0.5190311418685121,59,20772,900,0.28378378378378377
37.666666666666664,294,0.6336873442284586,0.28293821700753435,0.5170068027210885,70,20842,902,0.28716216216216217
37.75,293,0.6329301165899973,0.29138566277262284,0.5221843003412969,51,20893,905,0.28716216216216217
37.833333333333336,295,0.6326806200379298,0.2790658315643704,0.5220338983050847,59,20952,906,0.28716216216216217
37.916666666666664,292,0.6329427866386287,0.28213521273943537,0.5205479452054794,57,21009,910,0.2905405405405405
38.0,294,0.6293140808470232,0.27707103569835884,0.5136054421768708,51,21060,912,0.28040540540540543
38.083333333333336,294,0.633408940489775,0.27958826395450337,0.5238095238095238,48,21108,913,0.28040540540540543
38.166666666666664,292,0.6316713186124202,0.28423523840092096,0.5102739726027398,57,21165,917,0.28040540540540543
38.25,290,0.6229888010109453,0.27910379916027955,0.5103448275862069,48,21213,923,0.27364864864864863
38.333333333333336,295,0.6165624074651098,0.271114554644654,0.49830508474576274,47,21260,924,0.26013513513513514
38.416666666666664,296,0.6220281869445775,0.27237077728149156,0.5,49,21309,924,0.2668918918918919
38.5,294,0.6272174598280529,0.265812511913095,0.5102040816326531,42,21351,926,0.27364864864864863
38.583333333333336,293,0.6268301605415549,0.2602631048998675,0.5119453924914675,47,21398,929,0.27702702702702703
38.666666666666664,296,0.6280239362312396,0.25787075179356284,0.5135135135135135,46,21444,929,0.27364864864864863
38.75,295,0.634393601227501,0.26556038275557137,0.5152542372881356,57,21501,930,0.27364864864864863
38.833333333333336,294,0.6374997946764722,0.2679431391620851,0.5204081632653061,42,21543,932,0.27364864864864863
38.916666666666664,293,0.6371359603511854,0.26592144109208954,0.5187713310580204,55,21598,935,0.28378378378378377
39.0,292,0.6332704012603925,0.2538887183701274,0.5136986301369864,48,21646,939,0.27364864864864863
39.083333333333336,295,0.6310701858937765,0.2533551275197764,0.511864406779661,51,21697,940,0.2635135135135135
39.166666666666664,293,0.6333083942972723,0.2654299422339403,0.5221843003412969,54,21751,943,0.2702702702702703
39.25,294,0.6320955385665581,0.2671635607131234,0.5170068027210885,43,21794,945,0.2702702702702703
39.333333333333336,294,0.632865329682229,0.26083237435278256,0.5136054421768708,43,21837,947,0.27702702702702703
39.416666666666664,295,0.6348859260082029,0.26392073086988344,0.511864406779661,48,21885,948,0.28040540540540543
39.5,292,0.6353013691238785,0.27474373854021605,0.5136986301369864,47,21932,952,0.28716216216216217
39.583333333333336,295,0.6329899742221385,0.2659717293736664,0.5050847457627119,46,21978,953,0.27702702702702703
39.666666666666664,294,0.6360217504302266,0.2619874254349473,0.5034013605442177,44,22022,955,0.27702702702702703
39.75,293,0.6356625166945171,0.28092458221663485,0.5051194539249146,43,22065,958,0.27702702702702703
39.833333333333336,295,0.6354731769003832,0.27463963531760144,0.5084745762711864,47,22112,959,0.28378378378378377
39.916666666666664,294,0.638406155115382,0.2719223425856079,0.5136054421768708,46,22158,961,0.28040540540540543
40.0,295,0.6404960866811695,0.27614937792903893,0.5186440677966102,50,22208,962,0.2905405405405405
40.083333333333336,296,0.645886637727714,0.27187379062379063,0.5236486486486487,47,22255,962,0.2972972972972973
40.166666666666664,295,0.6526546453705118,0.2869054391935748,0.5288135593220339,40,22295,963,0.2972972972972973
40.25,293,0.6543869221504084,0.2911450134999623,0.5290102389078498,49,22344,966,0.30405405405405406
40.333333333333336,293,0.6516351181123935,0.2929388491675181,0.5221843003412969,42,22386,969,0.2972972972972973
40.416666666666664,293,0.6488365969425018,0.2881434454813294,0.5187713310580204,47,22433,972,0.2939189189189189
40.5,292,0.6453756030730131,0.2774193747652652,0.5136986301369864,30,22463,976,0.2905405405405405
40.583333333333336,296,0.6439096441027025,0.2718808968808969,0.5067567567567568,36,22499,976,0.2939189189189189
40.666666666666664,295,0.6500570540353726,0.27270241058376654,0.511864406779661,43,22542,977,0.30067567567567566
40.75,294,0.653039694476357,0.2685843446047528,0.5136054421768708,33,22575,979,0.30067567567567566
40.833333333333336,292,0.6520826994117629,0.27501890233054616,0.5136986301369864,42,22617,983,0.30067567567567566
40.916666666666664,294,0.648091506747376,0.2752248601738398,0.5136054421768708,47,22664,985,0.30067567567567566
41.0,292,0.6460902300686938,0.27403360528360526,0.5102739726027398,50,22714,989,0.30067567567567566
41.083333333333336,290,0.637516177210602,0.27709623775616643,0.503448275862069,49,22763,995,0.30405405405405406
41.166666666666664,294,0.6291347146133425,0.2758318879624298,0.4965986394557823,42,22805,997,0.30405405405405406
41.25,294,0.6294268843621686,0.2776516290678852,0.5,44,22849,999,0.30405405405405406
41.333333333333336,295,0.6311491399580983,0.2803730644963842,0.5016949152542373,36,22885,1000,0.30405405405405406
41.416666666666664,296,0.6362591442403351,0.2776936939652457,0.5033783783783784,52,22937,1000,0.30067567567567566
41.5,294,0.6410486076122704,0.28139621085833466,0.5102040816326531,44,22981,1002,0.31756756756756754
41.583333333333336,294,0.6413660774840623,0.2794215415367266,0.5,38,23019,1004,0.31756756756756754
41.666666666666664,294,0.6416292424716975,0.2806215414612163,0.5,45,23064,1006,0.3141891891891892
41.75,293,0.6407174063853655,0.2855162850043396,0.5085324232081911,48,23112,1009,0.3141891891891892
41.833333333333336,295,0.6434686299092545,0.28382271212779686,0.511864406779661,46,23158,1009,0.3108108108108108
41.916666666666664,294,0.6460089526452658,0.2802137960301226,0.5170068027210885,59,23217,1011,0.3108108108108108
42.0,295,0.6475744448486253,0.28604886703659355,0.511864406779661,57,23274,1012,0.30743243243243246
42.083333333333336,295,0.6513838972210287,0.2845212044919818,0.511864406779661,42,23316,1013,0.3108108108108108
42.166666666666664,293,0.6528129351281159,0.286298438658095,0.5119453924914675,42,23358,1016,0.3141891891891892
42.25,295,0.6520160895647414,0.2731839541716806,0.5220338983050847,53,23411,1017,0.32094594594594594
42.333333333333336,294,0.6544376631047681,0.2734767034643882,0.5272108843537415,56,23467,1019,0.32094594594594594
42.416666666666664,294,0.6547186332508543,0.2819022859113825,0.5306122448979592,48,23515,1021,0.32432432432432434
42.5,295,0.656073306320151,0.2884313653374504,0.5322033898305085,37,23552,1022,0.32094594594594594
42.583333333333336,294,0.6584889777387755,0.2928919097704645,0.5340136054421769,39,23591,1024,0.32432432432432434
42.666666666666664,294,0.659273707441659,0.2843492203186081,0.5374149659863946,51,23642,1026,0.32094594594594594
42.75,295,0.6605126750044038,0.28665343131444826,0.5389830508474577,49,23691,1027,0.3310810810810811
42.833333333333336,293,0.6616861200870681,0.29035082285935526,0.5392491467576792,44,23735,1030,0.3310810810810811
42.916666666666664,295,0.6606660530795067,0.278103967595493,0.5525423728813559,46,23781,1031,0.3277027027027027
43.0,294,0.662978866409814,0.2882928673745,0.5578231292517006,42,23823,1033,0.3277027027027027
43.083333333333336,293,0.6619620688157251,0.28589541857459944,0.5631399317406144,41,23864,1036,0.32432432432432434
43.166666666666664,289,0.653962567776011,0.27657014266010804,0.5536332179930796,46,23910,1043,0.31756756756756754
43.25,295,0.6442795721533051,0.277220387898354,0.559322033898305,57,23967,1044,0.2939189189189189
43.333333333333336,292,0.6443902740142361,0.28663641343435864,0.5582191780821918,48,24015,1048,0.30067567567567566
43.416666666666664,293,0.639281790501223,0.2825542012604545,0.552901023890785,45,24060,1051,0.2939189189189189
43.5,294,0.6376251671615432,0.29039766620744534,0.5510204081632653,50,24110,1053,0.2905405405405405
43.583333333333336,296,0.6406142122001491,0.2856430326466646,0.5506756756756757,42,24152,1053,0.2905405405405405
43.666666666666664,295,0.6467610336724601,0.28307163345493874,0.559322033898305,42,24194,1054,0.30067567567567566
43.75,295,0.650780009391397,0.2938344773332667,0.5627118644067797,59,24253,1055,0.30067567567567566
43.833333333333336,294,0.6536048962034987,0.3042684990206856,0.564625850340136,41,24294,1057,0.2972972972972973
43.916666666666664,294,0.6542580607520952,0.3010649214730847,0.5680272108843537,58,24352,1059,0.2905405405405405
44.0,294,0.6548794074913006,0.3021512784267886,0.5714285714285714,41,24393,1061,0.2939189189189189
44.083333333333336,294,0.6553972112544411,0.3025667737402431,0.5748299319727891,43,24436,1063,0.30405405405405406
44.166666666666664,296,0.6581998417209928,0.3078208671958672,0.5709459459459459,42,24478,1063,0.30405405405405406
44.25,292,0.6608893687381523,0.3076078696797875,0.565068493150685,53,24531,1067,0.30743243243243246
44.333333333333336,295,0.6581544091380837,0.2947256039628921,0.5627118644067797,44,24575,1068,0.2939189189189189
44.416666666666664,294,0.6617316446564195,0.29451360242176566,0.5578231292517006,56,24631,1070,0.2972972972972973
44.5,294,0.6625662741134145,0.30851849397767767,0.5748299319727891,46,24677,1072,0.30743243243243246
44.583333333333336,293,0.6617782192679932,0.3160303291702609,0.5802047781569966,45,24722,1075,0.31756756756756754
44.666666666666664,294,0.6597723499930945,0.3038675890068142,0.5612244897959183,51,24773,1077,0.32094594594594594
44.75,292,0.6576146164640075,0.3101661653234674,0.5547945205479452,43,24816,1081,0.32094594594594594
44.833333333333336,292,0.6509219395292949,0.30127025719810724,0.5445205479452054,46,24862,1085,0.3141891891891892
44.916666666666664,293,0.6453807963340442,0.2916446831244491,0.5392491467576792,45,24907,1088,0.3141891891891892
45.0,293,0.6421351418871724,0.300091157014609,0.5392491467576792,30,24937,1091,0.3141891891891892
45.083333333333336,295,0.6414186066501176,0.29543686875406006,0.5423728813559322,33,24970,1092,0.30743243243243246
45.166666666666664,295,0.6451895201018304,0.2970130226585678,0.5423728813559322,36,25006,1093,0.31756756756756754
45.25,289,0.6416170345141721,0.30672517399311805,0.5363321799307958,42,25048,1100,0.32432432432432434
45.333333333333336,294,0.6309156791735663,0.2961446807792184,0.5306122448979592,43,25091,1102,0.31756756756756754
45.416666666666664,296,0.6335751332422372,0.30593027302867,0.5371621621621622,55,25146,1102,0.31756756756756754
45.5,291,0.63464127316963,0.31120154083817686,0.5326460481099656,48,25194,1107,0.32094594594594594
45.583333333333336,291,0.6248647247781483,0.2947711785315259,0.5292096219931272,47,25241,1112,0.30743243243243246
45.666666666666664,296,0.6215387578232908,0.292184662720377,0.5236486486486487,43,25284,1112,0.2939189189189189
45.75,294,0.6263551479758461,0.2937302210261394,0.5238095238095238,45,25329,1114,0.3108108108108108
45.833333333333336,294,0.6270681950639945,0.29468430284756814,0.5306122448979592,45,25374,1116,0.30405405405405406
45.916666666666664,292,0.6264503236179707,0.28929440992797156,0.5273972602739726,44,25418,1120,0.30405405405405406
46.0,294,0.6227837781169436,0.29356540128883546,0.5136054421768708,42,25460,1122,0.30067567567567566
46.083333333333336,292,0.620863367071873,0.30294419274107515,0.5068493150684932,42,25502,1126,0.30067567567567566
46.166666666666664,295,0.6186958176700001,0.2915081226974856,0.49830508474576274,44,25546,1127,0.2939189189189189
46.25,293,0.6202994041330028,0.2935201960828653,0.5051194539249146,38,25584,1130,0.2905405405405405
46.333333333333336,292,0.6170160254874727,0.30310771603875053,0.5,50,25634,1134,0.28040540540540543
46.416666666666664,293,0.6157047308664221,0.3051911314268617,0.4948805460750853,43,25677,1136,0.2905405405405405
46.5,296,0.6170871945825308,0.31150594766666195,0.5033783783783784,34,25711,1136,0.28040540540540543
46.583333333333336,295,0.6234960849000589,0.31405376168088034,0.5050847457627119,31,25742,1137,0.28716216216216217
46.666666666666664,295,0.6279410087303523,0.3100424941269894,0.511864406779661,42,25784,1138,0.28378378378378377
46.75,294,0.6311355445761582,0.31557430088017197,0.5136054421768708,47,25831,1140,0.28040540540540543
46.833333333333336,291,0.62964939177266,0.31141829822953176,0.5085910652920962,37,25868,1145,0.2905405405405405
46.916666666666664,296,0.6265626226147774,0.31290786075268834,0.5067567567567568,33,25901,1145,0.28716216216216217
47.0,296,0.6340454042694578,0.31832111304094063,0.5168918918918919,42,25943,1145,0.2972972972972973
47.083333333333336,295,0.6404402695854569,0.32051787840827295,0.5288135593220339,37,25980,1146,0.30067567567567566
47.166666666666664,294,0.6434744734911133,0.31968292284076405,0.5306122448979592,43,26023,1148,0.2972972972972973
47.25,293,0.6431164194029517,0.31672563927504793,0.5324232081911263,51,26074,1151,0.2905405405405405
47.333333333333336,295,0.6429644217679623,0.3057829049590973,0.5322033898305085,55,26129,1152,0.2905405405405405
47.416666666666664,293,0.6447505246448452,0.3031041957663118,0.5324232081911263,54,26183,1155,0.2972972972972973
47.5,293,0.6434085986255167,0.2976082317379246,0.5290102389078498,50,26233,1158,0.28716216216216217
47.583333333333336,295,0.6431261898737577,0.3010236377039416,0.5254237288135594,44,26277,1159,0.2972972972972973
47.666666666666664,293,0.6448484297475539,0.29761764488474757,0.5255972696245734,51,26328,1162,0.2939189189189189
47.75,296,0.6459390945408381,0.29500278310315253,0.5236486486486487,46,26374,1162,0.28716216216216217
47.833333333333336,295,0.6523956426384098,0.3002548493318302,0.5288135593220339,50,26424,1163,0.2939189189189189
47.916666666666664,294,0.6560625658987927,0.30915891679187146,0.5374149659863946,47,26471,1165,0.2939189189189189
48.0,294,0.656851298952835,0.3007063902032234,0.5408163265306123,55,26526,1167,0.2972972972972973
48.083333333333336,292,0.6552811085407767,0.29922285765460066,0.541095890410959,48,26574,1171,0.30067567567567566
48.166666666666664,292,0.6490876069819342,0.30771892779450644,0.5376712328767124,36,26610,1175,0.30067567567567566
48.25,296,0.6476913514779133,0.3072376863325139,0.5506756756756757,47,26657,1175,0.2939189189189189
48.333333333333336,293,0.6515758381931711,0.3054527194458935,0.5597269624573379,49,26706,1178,0.30067567567567566
48.416666666666664,292,0.6478174778095551,0.3024854616464206,0.5547945205479452,51,26757,1182,0.2972972972972973
48.5,295,0.6453247616935112,0.3018054826529403,0.5525423728813559,43,26800,1183,0.2972972972972973
48.583333333333336,296,0.6505747185606395,0.30338007525507527,0.5574324324324325,55,26855,1183,0.30067567567567566
48.666666666666664,293,0.6549308982820193,0.3028333914852686,0.5563139931740614,56,26911,1186,0.3141891891891892
48.75,296,0.6555835657175028,0.29179643554643553,0.5709459459459459,52,26963,1186,0.3141891891891892
48.833333333333336,291,0.6570184732249797,0.2979549550978122,0.584192439862543,44,27007,1191,0.31756756756756754
48.916666666666664,294,0.6508983038601682,0.29711694066650335,0.5680272108843537,53,27060,1193,0.30067567567567566
49.0,294,0.6514321068185622,0.30467835128913845,0.564625850340136,50,27110,1195,0.30743243243243246
49.083333333333336,291,0.6484147051159916,0.28036033131762145,0.5498281786941581,60,27170,1200,0.3141891891891892
49.166666666666664,291,0.6433015657789867,0.27448062628475,0.5326460481099656,46,27216,1204,0.30405405405405406
49.25,295,0.6383566606708742,0.27466424019636476,0.5322033898305085,51,27267,1205,0.2972972972972973
49.333333333333336,295,0.6422843279081384,0.2787707739639155,0.5288135593220339,50,27317,1206,0.2972972972972973
49.416666666666664,296,0.6475790779113831,0.269513581868233,0.5371621621621622,48,27365,1206,0.2972972972972973
49.5,293,0.6515214939196297,0.2744437175562662,0.5392491467576792,45,27410,1209,0.30405405405405406
49.583333333333336,291,0.6498508039867658,0.27682023017074564,0.5326460481099656,46,27456,1213,0.30405405405405406
49.666666666666664,294,0.6438115828021104,0.27468113896685326,0.5204081632653061,49,27505,1215,0.2905405405405405
49.75,295,0.6456011608340477,0.2691485821146838,0.5186440677966102,46,27551,1216,0.2905405405405405
49.833333333333336,293,0.6473148331844252,0.2675133834690149,0.5119453924914675,41,27592,1219,0.2939189189189189
49.916666666666664,294,0.645874479941634,0.2617572340214846,0.5068027210884354,50,27642,1221,0.30067567567567566
50.0,295,0.6475943416308911,0.26851846867334883,0.5186440677966102,40,27682,1222,0.3108108108108108
50.083333333333336,293,0.6491009465310966,0.26105789389301215,0.5290102389078498,52,27734,1225,0.31756756756756754
50.166666666666664,295,0.6485869390315179,0.25066983896031236,0.5254237288135594,54,27788,1226,0.3108108108108108
50.25,292,0.6488633259616591,0.24604128747964363,0.5308219178082192,50,27838,1230,0.3108108108108108
50.333333333333336,293,0.6438845989053781,0.2562285458189895,0.5358361774744027,52,27890,1233,0.30067567567567566
50.416666666666664,296,0.6447744073861873,0.25267622767622766,0.5337837837837838,47,27937,1233,0.2939189189189189
50.5,293,0.6487991162459502,0.2498798509037417,0.5324232081911263,42,27979,1236,0.3108108108108108
50.583333333333336,292,0.6478381354853578,0.2602546996382613,0.5342465753424658,56,28035,1240,0.30743243243243246
50.666666666666664,294,0.643881521494657,0.2559320875647406,0.54421768707483,47,28082,1242,0.32094594594594594
50.75,295,0.6455066804286774,0.25251057793430676,0.5423728813559322,36,28118,1243,0.32432432432432434
50.833333333333336,293,0.6470417555958344,0.24458457734908248,0.5358361774744027,55,28173,1246,0.32432432432432434
50.916666666666664,296,0.6477023336898977,0.24752687252687253,0.5337837837837838,53,28226,1246,0.32432432432432434
51.0,294,0.652510826767521,0.2507730553648921,0.5408163265306123,42,28268,1248,0.3310810810810811
51.083333333333336,292,0.6506106653548122,0.2542962554948856,0.5445205479452054,60,28328,1252,0.32432432432432434
51.166666666666664,291,0.6430007860945437,0.26199380993195426,0.5463917525773195,45,28373,1257,0.31756756756756754
51.25,291,0.6353557100626022,0.26457149189107954,0.5360824742268041,52,28425,1262,0.30743243243243246
51.333333333333336,295,0.6306006432139344,0.26769021938513465,0.5254237288135594,42,28467,1263,0.2972972972972973
51.416666666666664,293,0.6321013914847065,0.2600700588755196,0.5290102389078498,38,28505,1266,0.30067567567567566
51.5,291,0.630153038897986,0.25273378642303534,0.5257731958762887,37,28542,1270,0.30405405405405406
51.583333333333336,295,0.6255340019029564,0.2554646187818101,0.5152542372881356,45,28587,1271,0.2939189189189189
51.666666666666664,293,0.6274074396735421,0.2695238574200056,0.5187713310580204,34,28621,1274,0.2905405405405405
51.75,296,0.6284818114019611,0.2620210240745955,0.5202702702702703,35,28656,1274,0.2905405405405405
51.833333333333336,292,0.6308826131748676,0.26855027990057345,0.5171232876712328,45,28701,1278,0.30067567567567566
51.916666666666664,294,0.6271824671500317,0.25223362912867286,0.5136054421768708,47,28748,1280,0.2972972972972973
52.0,293,0.6264755356489726,0.26514344044816984,0.515358361774744,36,28784,1283,0.2905405405405405
52.083333333333336,295,0.6263018780778129,0.2555819966957982,0.5220338983050847,46,28830,1284,0.28378378378378377
52.166666666666664,294,0.6291538936102472,0.2621745035010341,0.5340136054421769,42,28872,1286,0.28716216216216217
52.25,295,0.6311698798112305,0.26582254844966713,0.5288135593220339,46,28918,1287,0.2905405405405405
52.333333333333336,294,0.6340542632959881,0.26514179320301773,0.5272108843537415,42,28960,1289,0.28716216216216217
52.416666666666664,290,0.6314687573405607,0.2659626963075239,0.5310344827586206,48,29008,1295,0.2905405405405405
52.5,293,0.6221063185807462,0.2707386456655106,0.5324232081911263,42,29050,1298,0.28378378378378377
52.583333333333336,295,0.6218139932493437,0.27841767326028827,0.5254237288135594,38,29088,1299,0.27702702702702703
52.666666666666664,292,0.6220725105576064,0.27700155492474476,0.523972602739726,47,29135,1303,0.28378378378378377
52.75,294,0.6185322450051153,0.2709780386479391,0.5204081632653061,42,29177,1305,0.27702702702702703
52.833333333333336,296,0.6217309859364153,0.27811269315271775,0.5168918918918919,53,29230,1305,0.27702702702702703
52.916666666666664,294,0.6266410890278089,0.2765399322313467,0.5136054421768708,41,29271,1307,0.2905405405405405
53.0,296,0.6298439880661655,0.27771764900767365,0.5236486486486487,32,29303,1307,0.2905405405405405
53.083333333333336,294,0.6347448370278342,0.2733953147281286,0.5238095238095238,53,29356,1309,0.2939189189189189
53.166666666666664,293,0.6343814396973908,0.27914080866929775,0.5221843003412969,42,29398,1312,0.30067567567567566
53.25,289,0.6262301725063105,0.2801294367967284,0.5155709342560554,44,29442,1319,0.30405405405405406
53.333333333333336,290,0.6107740456754012,0.2687214611445969,0.503448275862069,37,29479,1325,0.2905405405405405
53.416666666666664,294,0.6027171112650791,0.26804719344304145,0.4965986394557823,39,29518,1327,0.27702702702702703
53.5,293,0.6053085071033752,0.27879694253414394,0.49829351535836175,39,29557,1329,0.28040540540540543
53.583333333333336,292,0.604614033077899,0.2809935023119955,0.4931506849315068,37,29594,1332,0.28040540540540543
53.666666666666664,293,0.5997879718765792,0.2798896685415457,0.49146757679180886,44,29638,1335,0.27364864864864863
53.75,293,0.5970808411323794,0.28092830567233296,0.4880546075085324,37,29675,1338,0.2668918918918919
53.833333333333336,295,0.597271024573948,0.29000530542903424,0.488135593220339,27,29702,1339,0.26013513513513514
53.916666666666664,295,0.6015345075538943,0.28890236747379605,0.4847457627118644,38,29740,1340,0.26013513513513514
54.0,295,0.605852612969264,0.2789895119677202,0.488135593220339,30,29770,1341,0.2668918918918919
54.083333333333336,296,0.6114621675404752,0.28202034318105745,0.4966216216216216,42,29812,1341,0.2635135135135135
54.166666666666664,294,0.6165959475219334,0.282149019321031,0.5034013605442177,48,29860,1343,0.2668918918918919
54.25,294,0.6175457570655868,0.28161820228146756,0.5,44,29904,1345,0.2668918918918919
54.333333333333336,294,0.6184531221313117,0.27638604781461923,0.5034013605442177,39,29943,1347,0.2635135135135135
54.416666666666664,295,0.6206107629316435,0.28352772431054535,0.511864406779661,57,30000,1348,0.2702702702702703
54.5,293,0.6223456551755558,0.28394917526635005,0.5085324232081911,44,30044,1351,0.28040540540540543
54.583333333333336,292,0.6193053298374052,0.2841207780623267,0.5034246575342466,50,30094,1355,0.27364864864864863
54.666666666666664,295,0.6171790054743083,0.2859078112669035,0.5186440677966102,44,30138,1356,0.28040540540540543
54.75,293,0.6197680079754814,0.29473965549050873,0.5221843003412969,57,30195,1359,0.28040540540540543
54.833333333333336,294,0.6184497868276164,0.2958867285397898,0.5136054421768708,42,30237,1361,0.27702702702702703
54.916666666666664,293,0.6213762010653927,0.28840083882746,0.49829351535836175,56,30293,1363,0.27702702702702703
55.0,293,0.6221756298504193,0.28549130050836535,0.4948805460750853,51,30344,1365,0.27702702702702703
55.083333333333336,292,0.6182061259910776,0.28314906174495214,0.4897260273972603,43,30387,1369,0.27364864864864863
55.166666666666664,295,0.6161004814148341,0.27873650831277946,0.4915254237288136,41,30428,1370,0.2668918918918919
55.25,292,0.6164510003280289,0.26958929578792595,0.4863013698630137,46,30474,1374,0.2702702702702703
55.333333333333336,294,0.615757907170905,0.27822399633624123,0.4897959183673469,46,30520,1376,0.2635135135135135
55.416666666666664,294,0.6164562263678183,0.27842764756030064,0.4897959183673469,40,30560,1378,0.2702702702702703
55.5,294,0.6173659027604868,0.268250136107279,0.4897959183673469,43,30603,1380,0.2668918918918919
55.583333333333336,296,0.6205975759207526,0.2658299906846418,0.49324324324324326,46,30649,1380,0.28716216216216217
55.666666666666664,291,0.6215480777723535,0.2718480703256536,0.4948453608247423,45,30694,1385,0.2905405405405405
55.75,294,0.6191460340680084,0.27114927448933146,0.4931972789115646,43,30737,1386,0.2905405405405405
55.833333333333336,291,0.6156424730441249,0.27119405652730993,0.4845360824742268,40,30777,1391,0.2905405405405405
55.916666666666664,294,0.6098786536022599,0.26664185210103575,0.47619047619047616,35,30812,1393,0.28040540540540543
56.0,292,0.6080068309867858,0.26507664709719503,0.4691780821917808,32,30844,1397,0.28040540540540543
56.083333333333336,294,0.6045506000189002,0.25199231041067777,0.46258503401360546,47,30891,1399,0.27702702702702703
56.166666666666664,293,0.6039192720297709,0.25191874867642783,0.4539249146757679,42,30933,1402,0.27364864864864863
56.25,293,0.6018006809603129,0.2475509606055681,0.44368600682593856,36,30969,1405,0.27364864864864863
56.333333333333336,294,0.60057092679883,0.26103566690301383,0.4489795918367347,36,31005,1407,0.2668918918918919
56.416666666666664,293,0.6000905713757178,0.2616651645661885,0.447098976109215,46,31051,1410,0.2702702702702703
56.5,294,0.6023958171282862,0.2689572993144422,0.43537414965986393,39,31090,1411,0.2668918918918919
56.583333333333336,294,0.6033787535684292,0.2687342608260976,0.43537414965986393,45,31135,1413,0.2635135135135135
56.666666666666664,294,0.6044015585862134,0.2591380369441594,0.4387755102040816,35,31170,1415,0.26013513513513514
56.75,294,0.6054405585132736,0.2661322992955646,0.4421768707482993,29,31199,1417,0.26013513513513514
56.833333333333336,293,0.6072243608746123,0.2747196584227301,0.44368600682593856,57,31256,1420,0.2533783783783784
56.916666666666664,293,0.6047952029367739,0.28836299271452853,0.45051194539249145,48,31304,1423,0.2533783783783784
57.0,293,0.6023896188451972,0.28626114120994667,0.447098976109215,42,31346,1426,0.24324324324324326
57.083333333333336,290,0.5970464168401097,0.28591963591963593,0.4517241379310345,25,31371,1432,0.23648648648648649
57.166666666666664,295,0.5912989581116174,0.27651515151515155,0.4406779661016949,47,31418,1433,0.23648648648648649
57.25,293,0.5949194414135572,0.2868946276145327,0.45051194539249145,35,31453,1436,0.23986486486486486
57.333333333333336,292,0.5911040550193374,0.28487209105679034,0.4520547945205479,34,31487,1440,0.24324324324324326
57.416666666666664,295,0.5894256115718964,0.2796429085613228,0.44745762711864406,39,31526,1441,0.23648648648648649
57.5,293,0.5910699031782121,0.28345207092965524,0.4539249146757679,43,31569,1444,0.23648648648648649
57.583333333333336,292,0.5876784710295523,0.2717433821885877,0.4417808219178082,40,31609,1448,0.24324324324324326
57.666666666666664,295,0.5859428691852494,0.2746000200473988,0.43728813559322033,27,31636,1449,0.23648648648648649
57.75,295,0.5902710561023735,0.28517527341926235,0.43728813559322033,44,31680,1450,0.23986486486486486
57.833333333333336,295,0.5946150931658062,0.2753470315433264,0.4440677966101695,37,31717,1451,0.24324324324324326
57.916666666666664,294,0.5975311514772021,0.26122759142455393,0.4387755102040816,38,31755,1453,0.24662162162162163
58.0,296,0.6010027838138956,0.271619913392668,0.44932432432432434,42,31797,1453,0.25675675675675674
58.083333333333336,295,0.607210423807025,0.27687996524668945,0.45084745762711864,38,31835,1454,0.25675675675675674
58.166666666666664,292,0.6074870578639122,0.2783331325870336,0.4520547945205479,37,31872,1458,0.2533783783783784
58.25,296,0.6068483565267949,0.2612624732291594,0.4527027027027027,37,31909,1458,0.24662162162162163
58.333333333333336,294,0.6117775848765769,0.2783193222111864,0.4557823129251701,34,31943,1460,0.25
58.416666666666664,293,0.611375102097615,0.27051978333572235,0.4539249146757679,38,31981,1463,0.2533783783783784
58.5,295,0.6114695184098642,0.27083527800124396,0.46440677966101696,37,32018,1464,0.24662162162162163
58.583333333333336,296,0.6169832781134884,0.27300652764362443,0.4797297297297297,41,32059,1464,0.2533783783783784
58.666666666666664,293,0.6207621115467866,0.281254600537877,0.48464163822525597,35,32094,1467,0.26013513513513514
58.75,294,0.6195576275137618,0.27235859243876737,0.47959183673469385,45,32139,1469,0.25
58.833333333333336,293,0.6191692365013088,0.283225360595193,0.48464163822525597,48,32187,1472,0.24324324324324326
58.916666666666664,295,0.6193773156770096,0.2802932455796986,0.488135593220339,42,32229,1473,0.23648648648648649
59.0,295,0.6238291579946427,0.2740808609774834,0.49830508474576274,34,32263,1474,0.23986486486486486
59.083333333333336,294,0.6271182783952837,0.2751338888445426,0.5034013605442177,41,32304,1476,0.23648648648648649
59.166666666666664,290,0.6231458498767185,0.2849660957542731,0.5,38,32342,1482,0.23986486486486486
59.25,293,0.6178032281409048,0.28824148791238013,0.49146757679180886,44,32386,1484,0.22972972972972974
59.333333333333336,296,0.6193727822399223,0.28458459113567086,0.4966216216216216,40,32426,1484,0.22297297297297297
59.416666666666664,296,0.6273237334341067,0.2856280912863139,0.5033783783783784,56,32482,1484,0.23310810810810811
59.5,296,0.6353604805596416,0.2852569547544631,0.5101351351351351,47,32529,1484,0.23986486486486486
59.583333333333336,293,0.6396176440335058,0.2828490940747583,0.5085324232081911,40,32569,1487,0.25
59.666666666666664,295,0.6397751758663076,0.2845788271454131,0.5050847457627119,46,32615,1488,0.25
59.75,294,0.6429606818522718,0.28717768302316404,0.5136054421768708,43,32658,1490,0.2533783783783784
59.833333333333336,296,0.6464346727389876,0.28580923446994877,0.5202702702702703,41,32699,1490,0.25675675675675674
59.916666666666664,296,0.6542348493796561,0.2809616702473845,0.5236486486486487,42,32741,1490,0.2635135135135135
60.0,296,0.6620164507862294,0.2878961785211785,0.527027027027027,38,32779,1490,0.2668918918918919
60.083333333333336,294,0.6674965469394388,0.2966556214005194,0.54421768707483,48,32827,1492,0.2702702702702703
60.166666666666664,291,0.6655600022940877,0.28619744952587367,0.5498281786941581,50,32877,1497,0.27364864864864863
60.25,292,0.6581082360708601,0.284846041108272,0.541095890410959,47,32924,1501,0.2668918918918919
60.333333333333336,292,0.6517505879235789,0.28016885810427883,0.523972602739726,34,32958,1505,0.2702702702702703
60.416666666666664,296,0.6503580420522391,0.279873783445212,0.5236486486486487,36,32994,1505,0.25675675675675674
60.5,294,0.6555338767467128,0.2889241885962003,0.5102040816326531,43,33037,1507,0.2668918918918919
60.583333333333336,293,0.65515366906356,0.28609029250179907,0.5085324232081911,36,33073,1510,0.28040540540540543
60.666666666666664,294,0.6534860086218917,0.30028681500984705,0.5136054421768708,35,33108,1512,0.28040540540540543
60.75,295,0.6552410938275551,0.2970953246376975,0.5152542372881356,40,33148,1513,0.27364864864864863
60.833333333333336,294,0.658142819661891,0.3122364691242242,0.5306122448979592,37,33185,1515,0.28040540540540543
60.916666666666664,296,0.6610432873511044,0.29953548703548705,0.527027027027027,47,33232,1515,0.28040540540540543
61.0,296,0.6684764694660037,0.3088473088473089,0.543918918918919,47,33279,1515,0.28716216216216217
61.083333333333336,295,0.674770068430438,0.31157778191676494,0.5457627118644067,36,33315,1516,0.2972972972972973
61.166666666666664,296,0.679805468688221,0.3298015577812089,0.5540540540540541,43,33358,1516,0.30743243243243246
61.25,293,0.6837194836311575,0.3165390511191765,0.5563139931740614,41,33399,1519,0.32094594594594594
61.333333333333336,290,0.6773175359863625,0.31359605440828947,0.5448275862068965,40,33439,1525,0.31756756756756754
61.416666666666664,295,0.6694648767499175,0.2968343568701134,0.5254237288135594,42,33481,1526,0.30067567567567566
61.5,295,0.6731882025799042,0.3002631535803449,0.5389830508474577,43,33524,1527,0.30405405405405406
61.583333333333336,295,0.6770088247767896,0.30490916670093426,0.5423728813559322,38,33562,1528,0.30743243243243246
61.666666666666664,294,0.6797011223032231,0.3105561011173256,0.5578231292517006,38,33600,1530,0.3141891891891892
61.75,296,0.6821344025834521,0.30099608537108535,0.5574324324324325,46,33646,1530,0.32094594594594594
61.833333333333336,294,0.6870374939065148,0.3035826229703781,0.5680272108843537,54,33700,1532,0.32094594594594594
61.916666666666664,295,0.688334380662426,0.2975078687790552,0.5694915254237288,42,33742,1533,0.3277027027027027
62.0,293,0.6916590765448838,0.30325070265343307,0.5802047781569966,50,33792,1536,0.3344594594594595
62.083333333333336,296,0.6913682528748374,0.29189972002472003,0.5844594594594594,62,33854,1536,0.3344594594594595
62.166666666666664,291,0.6930636071734811,0.3020889572435964,0.584192439862543,59,33913,1541,0.33783783783783783
62.25,295,0.6869878533876108,0.29302971980938086,0.5728813559322034,35,33948,1542,0.33783783783783783
62.333333333333336,292,0.6870476144866579,0.3013341396046875,0.571917808219178,61,34009,1546,0.34121621621621623
62.416666666666664,295,0.6833723836131684,0.30348640060504467,0.576271186440678,47,34056,1547,0.34121621621621623
62.5,294,0.6858982104004483,0.30584102216755277,0.5782312925170068,48,34104,1549,0.34459459459459457
62.583333333333336,293,0.6846065268039384,0.2984521356535008,0.5665529010238908,49,34153,1552,0.3581081081081081
62.666666666666664,293,0.6842367237470734,0.30601720047666076,0.5699658703071673,43,34196,1554,0.3547297297297297
62.75,292,0.679379645677234,0.29818526223191244,0.565068493150685,39,34235,1558,0.3547297297297297
62.833333333333336,294,0.6743700424941188,0.3040660775409818,0.5680272108843537,46,34281,1560,0.35135135135135137
62.916666666666664,291,0.6741597984096793,0.29770354693592443,0.5601374570446735,41,34322,1564,0.3547297297297297
63.0,293,0.6660003923990764,0.2825151902146175,0.5460750853242321,47,34369,1567,0.33783783783783783
63.083333333333336,292,0.6613067486123239,0.29520685745000813,0.5445205479452054,45,34414,1571,0.3310810810810811
63.166666666666664,295,0.6579886960221356,0.2839659681185105,0.5559322033898305,60,34474,1572,0.32094594594594594
63.25,295,0.6613972926053482,0.29142385862724846,0.5661016949152542,43,34517,1573,0.32432432432432434
63.333333333333336,293,0.6625579990372334,0.2918030964106049,0.5767918088737202,45,34562,1576,0.3277027027027027
63.416666666666664,294,0.6603300571761862,0.28122597357291235,0.5680272108843537,46,34608,1578,0.32432432432432434
63.5,292,0.657997669711992,0.2920610975257881,0.565068493150685,47,34655,1582,0.31756756756756754
63.583333333333336,293,0.6524163889799054,0.29332228289801554,0.5665529010238908,49,34704,1585,0.30743243243243246
63.666666666666664,294,0.6502563224604639,0.2887539900998733,0.5680272108843537,53,34757,1587,0.3141891891891892
63.75,292,0.6482982452546961,0.29769461925520024,0.5684931506849316,41,34798,1591,0.32094594594594594
63.833333333333336,295,0.6455380316490109,0.2938325717402281,0.5661016949152542,37,34835,1592,0.3141891891891892
63.916666666666664,295,0.6488653551321937,0.2785402648578609,0.5694915254237288,55,34890,1593,0.32432432432432434
64.0,293,0.6499315050722551,0.2805185344048512,0.5767918088737202,48,34938,1596,0.32094594594594594
64.08333333333333,292,0.6453801668106666,0.2898965199947762,0.5684931506849316,45,34983,1600,0.3108108108108108
64.16666666666667,292,0.6385541071639641,0.2838505495449284,0.5582191780821918,44,35027,1604,0.3108108108108108
64.25,294,0.6343255336293073,0.29147835379362474,0.5510204081632653,33,35060,1606,0.30743243243243246
64.33333333333333,295,0.6356906557147016,0.2979633925396637,0.5525423728813559,56,35116,1607,0.3141891891891892
64.41666666666667,295,0.6392865180317495,0.28712462678564377,0.5627118644067797,62,35178,1608,0.3141891891891892
64.5,293,0.6405595044533846,0.29344742321086914,0.5563139931740614,43,35221,1611,0.3141891891891892
64.58333333333333,294,0.638668914740849,0.29896410311610877,0.5544217687074829,47,35268,1613,0.31756756756756754
64.66666666666667,296,0.6412991619061845,0.3018958147190906,0.5540540540540541,48,35316,1613,0.3141891891891892
64.75,293,0.644780086603544,0.2979347447630371,0.5563139931740614,50,35366,1616,0.3141891891891892
64.83333333333333,294,0.6430064110982374,0.2992408971121146,0.564625850340136,56,35422,1618,0.30743243243243246
64.91666666666667,294,0.6433465252225955,0.3115239547769456,0.5612244897959183,48,35470,1620,0.3108108108108108
65.0,295,0.6449493025217585,0.3119085911166566,0.559322033898305,50,35520,1621,0.30743243243243246
65.08333333333333,294,0.6475697532255561,0.3109347480652899,0.5680272108843537,47,35567,1623,0.3108108108108108
65.16666666666667,294,0.6480164468601836,0.3122381026849711,0.564625850340136,48,35615,1625,0.3108108108108108
65.25,293,0.6472257025195817,0.3037794211855645,0.552901023890785,47,35662,1628,0.3108108108108108
65.33333333333333,295,0.6484074268177574,0.305497901345359,0.559322033898305,52,35714,1629,0.3141891891891892
65.41666666666667,292,0.6485115974737358,0.2950792833498313,0.547945205479452,44,35758,1633,0.32432432432432434
65.5,294,0.6443692058211519,0.29655641033192054,0.5374149659863946,48,35806,1635,0.31756756756756754
65.58333333333333,293,0.643310803243546,0.30077296613132787,0.5392491467576792,49,35855,1638,0.32432432432432434
65.66666666666667,291,0.63828656868067,0.2891290553661688,0.5326460481099656,40,35895,1643,0.31756756756756754
65.75,293,0.6312574385746356,0.2958092056417388,0.5255972696245734,39,35934,1646,0.30405405405405406
65.83333333333333,294,0.6292574543357697,0.3104131126441746,0.5204081632653061,41,35975,1648,0.2972972972972973
65.91666666666667,294,0.6295621159241207,0.3041858270801543,0.5238095238095238,42,36017,1650,0.2939189189189189
66.0,295,0.631215805469274,0.30302017159960276,0.5220338983050847,38,36055,1651,0.30405405405405406
66.08333333333333,295,0.6349551956019188,0.29905885075376604,0.5220338983050847,50,36105,1652,0.30743243243243246
66.16666666666667,292,0.6349720406785344,0.31178709988641495,0.523972602739726,45,36150,1656,0.3108108108108108
66.25,293,0.6297459131857545,0.2928112369238649,0.515358361774744,59,36209,1659,0.2972972972972973
66.33333333333333,294,0.6280143679742985,0.290584528849835,0.5102040816326531,47,36256,1661,0.2939189189189189
66.41666666666667,295,0.6297428199741422,0.29370895582759987,0.5084745762711864,54,36310,1662,0.30067567567567566
66.5,294,0.6328848108331026,0.29254434120397454,0.5034013605442177,44,36354,1664,0.30743243243243246
66.58333333333333,293,0.6359706645367804,0.287248881196396,0.5119453924914675,55,36409,1666,0.31756756756756754
66.66666666666667,294,0.6339795562173904,0.28335611856571674,0.5034013605442177,50,36459,1668,0.32432432432432434
66.75,295,0.6353339062877654,0.2855579636990548,0.5084745762711864,53,36512,1669,0.3277027027027027
66.83333333333333,293,0.6364075921873958,0.2946258712323206,0.5187713310580204,57,36569,1672,0.33783783783783783
66.91666666666667,296,0.6368932527097997,0.2963733244983245,0.5202702702702703,39,36608,1672,0.3277027027027027
67.0,295,0.6426073294701296,0.2895908517094958,0.5254237288135594,45,36653,1673,0.34121621621621623
67.08333333333333,294,0.644853286637883,0.2848752057287166,0.5170068027210885,33,36686,1675,0.34797297297297297
67.16666666666667,293,0.6436724993001113,0.28030840950954333,0.515358361774744,41,36727,1678,0.34121621621621623
67.25,291,0.6378516223475128,0.28540620286645096,0.5051546391752577,46,36773,1683,0.3310810810810811
67.33333333333333,293,0.6301906178225276,0.29050215995608486,0.515358361774744,36,36809,1686,0.3277027027027027
67.41666666666667,294,0.6281222750125447,0.2889193667254892,0.5204081632653061,48,36857,1688,0.32432432432432434
67.5,294,0.6283470455497013,0.282795879479553,0.5102040816326531,44,36901,1690,0.32094594594594594
67.58333333333333,295,0.6298471353626135,0.2868893912114251,0.5186440677966102,52,36953,1691,0.32094594594594594
67.66666666666667,294,0.6323015971433006,0.2797293598314006,0.5102040816326531,43,36996,1693,0.32094594594594594
67.75,296,0.6351431382372249,0.2823801292551293,0.5202702702702703,43,37039,1693,0.3141891891891892
67.83333333333333,295,0.6411275876170387,0.2853697526578883,0.5254237288135594,37,37076,1694,0.32432432432432434
67.91666666666667,293,0.6424610664472952,0.2889003677399582,0.5187713310580204,50,37126,1697,0.3277027027027027
68.0,292,0.6381369491266926,0.3026980344617331,0.5102739726027398,34,37160,1701,0.32094594594594594
68.08333333333333,294,0.6341332565652072,0.2933464589076834,0.5102040816326531,43,37203,1703,0.30743243243243246
68.16666666666667,295,0.6357220996466385,0.28441350551520045,0.5186440677966102,48,37251,1704,0.32432432432432434
68.25,293,0.6370330107564284,0.27952452363715163,0.5187713310580204,34,37285,1707,0.32432432432432434
68.33333333333333,294,0.635291509950351,0.2809362406301182,0.5136054421768708,36,37321,1709,0.3141891891891892
68.41666666666667,293,0.6344794973186507,0.28425990960120656,0.5085324232081911,37,37358,1712,0.3108108108108108
68.5,293,0.6315965761807795,0.28594029152685946,0.5051194539249146,42,37400,1715,0.30067567567567566
68.58333333333333,296,0.632486246228914,0.29068514974235315,0.5101351351351351,46,37446,1715,0.2972972972972973
68.66666666666667,293,0.636222082257084,0.29212435238350665,0.515358361774744,40,37486,1718,0.30405405405405406
68.75,294,0.6346007519763358,0.3044624495506543,0.5204081632653061,57,37543,1720,0.30067567567567566
68.83333333333333,294,0.6357939950042761,0.3029999007039823,0.5204081632653061,46,37589,1722,0.30067567567567566
68.91666666666667,295,0.6408638979759641,0.3083873188957935,0.5220338983050847,46,37635,1722,0.30405405405405406
69.0,295,0.6465211257675048,0.3016369129928452,0.5254237288135594,28,37663,1723,0.30067567567567566
69.08333333333333,294,0.6494767462116775,0.29465223929509643,0.5272108843537415,46,37709,1725,0.3108108108108108
69.16666666666667,295,0.6509102719529378,0.30004298838829147,0.535593220338983,43,37752,1726,0.31756756756756754
69.25,292,0.6508449864453827,0.30598762854538336,0.5342465753424658,54,37806,1730,0.3310810810810811
69.33333333333333,294,0.6499209115415937,0.3071921930318679,0.5272108843537415,36,37842,1731,0.32432432432432434
69.41666666666667,293,0.6488535360224098,0.30490342926132824,0.5255972696245734,41,37883,1734,0.31756756756756754
69.5,294,0.6468367401208681,0.29324268826603656,0.5272108843537415,46,37929,1736,0.3108108108108108
69.58333333333333,292,0.6451399934794285,0.28584624089761074,0.5171232876712328,48,37977,1740,0.3108108108108108
69.66666666666667,294,0.6408449881379331,0.2891998590978183,0.5170068027210885,47,38024,1742,0.3108108108108108
69.75,295,0.6421577471855688,0.28306287874084485,0.5186440677966102,43,38067,1743,0.3108108108108108
69.83333333333333,294,0.6445453652059111,0.2889790576015066,0.5170068027210885,34,38101,1745,0.3108108108108108
69.91666666666667,295,0.645987406278316,0.28826628174085805,0.5254237288135594,47,38148,1746,0.3108108108108108
70.0,291,0.6448433471495146,0.28418386691582564,0.5257731958762887,54,38202,1751,0.30743243243243246
70.08333333333333,296,0.6410344426900193,0.2782342844842845,0.5168918918918919,47,38249,1751,0.2939189189189189
70.16666666666667,293,0.6455405303783985,0.29106550446140894,0.5187713310580204,46,38295,1754,0.2972972972972973
70.25,294,0.6437430953434259,0.2827163577163577,0.5238095238095238,39,38334,1756,0.30405405405405406
70.33333333333333,294,0.6440401079163741,0.28336760421308527,0.5102040816326531,45,38379,1758,0.2972972972972973
70.41666666666667,295,0.6455862125805207,0.28580100555887483,0.5322033898305085,61,38440,1759,0.30405405405405406
70.5,295,0.6492401957721146,0.27790983834567373,0.5288135593220339,47,38487,1760,0.30743243243243246
70.58333333333333,293,0.6505499970244611,0.29183703911885284,0.5290102389078498,53,38540,1763,0.3108108108108108
70.66666666666667,292,0.6461991529466666,0.28889062665970694,0.5273972602739726,52,38592,1767,0.30405405405405406
70.75,295,0.6432702397924375,0.29027120579178695,0.5254237288135594,42,38634,1768,0.30743243243243246
70.83333333333333,291,0.6420304034189669,0.2902007947155476,0.5257731958762887,43,38677,1773,0.3141891891891892
70.91666666666667,292,0.6366237545195821,0.28296606361674853,0.523972602739726,38,38715,1776,0.3108108108108108
71.0,295,0.633704983935908,0.28414087795443727,0.5152542372881356,39,38754,1777,0.30405405405405406
71.08333333333333,295,0.637351240023374,0.27929557931979243,0.511864406779661,35,38789,1778,0.30067567567567566
71.16666666666667,290,0.6349225816473836,0.28838440021937556,0.5103448275862069,46,38835,1784,0.30067567567567566
71.25,296,0.6291923101073786,0.29041741586384445,0.5,37,38872,1784,0.28040540540540543
71.33333333333333,295,0.6351084814345145,0.2871922424147522,0.5016949152542373,42,38914,1785,0.2905405405405405
71.41666666666667,293,0.6365754253336341,0.2946964646547693,0.5051194539249146,57,38971,1788,0.2905405405405405
71.5,294,0.6348813225843073,0.28895529069450854,0.5,44,39015,1790,0.2905405405405405
71.58333333333333,294,0.6353567434605988,0.2853186306802975,0.5068027210884354,57,39072,1792,0.28716216216216217
71.66666666666667,294,0.6359240855083538,0.2967036728598003,0.5034013605442177,45,39117,1794,0.28378378378378377
71.75,296,0.6389440756334492,0.2879960022355343,0.5101351351351351,47,39164,1794,0.28716216216216217
71.83333333333333,293,0.6426040394025238,0.28683203270200364,0.5017064846416383,54,39218,1797,0.2972972972972973
71.91666666666667,292,0.6384206047781646,0.28224716814702644,0.5068493150684932,44,39262,1801,0.30067567567567566
72.0,293,0.6331746073652703,0.2910664832401916,0.5119453924914675,36,39298,1804,0.30067567567567566
72.08333333333333,291,0.6285124860261055,0.30861486737775395,0.5154639175257731,46,39344,1809,0.2939189189189189
72.16666666666667,293,0.6246151029843579,0.2970688015056616,0.515358361774744,41,39385,1811,0.28716216216216217
72.25,292,0.6203005052966373,0.30286844053967343,0.5034246575342466,47,39432,1815,0.2905405405405405
72.33333333333333,295,0.6178723905204488,0.3061999676406456,0.511864406779661,44,39476,1816,0.28040540540540543
72.41666666666667,290,0.616537490704454,0.30690650345822756,0.5,43,39519,1822,0.28378378378378377
72.5,296,0.6113888333983435,0.29394974879888675,0.48986486486486486,42,39561,1822,0.27702702702702703
72.58333333333333,293,0.6148679848755776,0.2922392313530362,0.49146757679180886,45,39606,1825,0.28378378378378377
72.66666666666667,296,0.6162075548426562,0.29360100782514575,0.49324324324324326,44,39650,1825,0.27364864864864863
72.75,294,0.6211961092710261,0.3048907842154422,0.5068027210884354,33,39683,1827,0.27702702702702703
72.83333333333333,296,0.6246034354952709,0.2933979315499625,0.5168918918918919,42,39725,1827,0.2702702702702703
72.91666666666667,294,0.6297060465561858,0.28814170491358315,0.5136054421768708,49,39774,1829,0.2702702702702703
73.0,295,0.6323793450594365,0.2820056779378813,0.5152542372881356,45,39819,1830,0.2702702702702703
73.08333333333333,295,0.636458316536542,0.2878838675448845,0.5254237288135594,38,39857,1831,0.28040540540540543
73.16666666666667,294,0.6392787033171659,0.28587139428976166,0.54421768707483,54,39911,1833,0.28378378378378377
73.25,292,0.6394877166275569,0.29555029255371723,0.5445205479452054,48,39959,1837,0.2905405405405405
73.33333333333333,294,0.635600335611978,0.29911353763394577,0.54421768707483,44,40003,1839,0.28040540540540543
73.41666666666667,292,0.6336021213859242,0.29519049253638296,0.5342465753424658,38,40041,1843,0.27702702702702703
73.5,294,0.6298691788315388,0.2974501877563102,0.5238095238095238,49,40090,1845,0.27364864864864863
73.58333333333333,296,0.6328718637025472,0.3043176793176793,0.5371621621621622,46,40136,1845,0.28378378378378377
73.66666666666667,292,0.6352535623065414,0.29016888775686606,0.5308219178082192,39,40175,1849,0.28716216216216217
73.75,295,0.6361658402990898,0.2831571354160483,0.535593220338983,45,40220,1849,0.28040540540540543
73.83333333333333,294,0.6388895220830465,0.27833850832619306,0.5374149659863946,45,40265,1851,0.28040540540540543
73.91666666666667,292,0.6382555825422374,0.2837808283813628,0.5308219178082192,39,40304,1855,0.28378378378378377
74.0,296,0.6368874043929995,0.2766970053232082,0.5236486486486487,39,40343,1855,0.27702702702702703
74.08333333333333,293,0.6406265557471473,0.28989910024714377,0.5255972696245734,50,40393,1858,0.28378378378378377
74.16666666666667,294,0.6391231246503207,0.2820447754358528,0.5306122448979592,53,40446,1860,0.28040540540540543
74.25,293,0.6419097354690199,0.28699074910679007,0.5324232081911263,43,40489,1862,0.28378378378378377
74.33333333333333,293,0.6402309496876863,0.28609350452353866,0.5187713310580204,52,40541,1865,0.28716216216216217
74.41666666666667,293,0.6375926485473326,0.27838800372930067,0.5187713310580204,32,40573,1868,0.28040540540540543
74.5,294,0.6359786660031532,0.27529667988851664,0.5306122448979592,45,40618,1870,0.27364864864864863
74.58333333333333,295,0.637894417105783,0.28000877621532605,0.5288135593220339,41,40659,1871,0.2668918918918919
74.66666666666667,296,0.6431953425487568,0.28793691261911597,0.5371621621621622,42,40701,1871,0.28378378378378377
74.75,295,0.6494008487500438,0.29497553262276044,0.5423728813559322,46,40747,1872,0.2905405405405405
74.83333333333333,293,0.6510286492800814,0.29999693139624883,0.5460750853242321,47,40794,1875,0.2939189189189189
74.91666666666667,293,0.6481826624931231,0.2976248438705777,0.5426621160409556,47,40841,1878,0.28716216216216217
75.0,293,0.6452289921239919,0.2966822142590061,0.5392491467576792,45,40886,1881,0.2939189189189189
75.08333333333333,292,0.6410020807608305,0.29076744222292167,0.523972602739726,49,40935,1885,0.2905405405405405
75.16666666666667,295,0.6384109581300409,0.2914231154909121,0.5152542372881356,48,40983,1886,0.28040540540540543
75.25,294,0.6411829798025511,0.28382409351797105,0.5204081632653061,44,41027,1888,0.28040540540540543
75.33333333333333,294,0.6419524615629888,0.28434270755699326,0.5238095238095238,51,41078,1890,0.27702702702702703
75.41666666666667,295,0.6454014654328961,0.2863751314598772,0.5322033898305085,53,41131,1891,0.28040540540540543
75.5,294,0.6482656312293595,0.27973776035000525,0.5408163265306123,51,41182,1893,0.2905405405405405
75.58333333333333,293,0.6482755645445771,0.28529544971524495,0.5392491467576792,53,41235,1896,0.28378378378378377
75.66666666666667,292,0.6475665146232449,0.28889719489034554,0.5376712328767124,57,41292,1899,0.2905405405405405
75.75,296,0.6460696978122162,0.27003572628572625,0.5371621621621622,41,41333,1899,0.28378378378378377
75.83333333333333,294,0.651421248310889,0.2733138177015728,0.5476190476190477,42,41375,1901,0.28716216216216217
75.91666666666667,295,0.6531538511455328,0.27728605669283635,0.5525423728813559,39,41414,1902,0.28716216216216217
76.0,294,0.6557654108275389,0.2864462823646497,0.5510204081632653,44,41458,1904,0.30405405405405406
76.08333333333333,296,0.65848941908814,0.281643741018741,0.5506756756756757,36,41494,1904,0.30405405405405406
76.16666666666667,293,0.6621257861769033,0.2859699458675568,0.552901023890785,39,41533,1907,0.3141891891891892
76.25,293,0.6590238850934816,0.283516909711449,0.5494880546075085,55,41588,1910,0.3108108108108108
76.33333333333333,294,0.6570110985492964,0.28239284336223114,0.5578231292517006,51,41639,1912,0.3108108108108108
76.41666666666667,295,0.6584543947452682,0.28739282374875597,0.559322033898305,46,41685,1913,0.30743243243243246
76.5,293,0.6598766366191192,0.2927889706046703,0.552901023890785,32,41717,1916,0.3141891891891892
76.58333333333333,295,0.6591444017022171,0.2954442356137271,0.5457627118644067,49,41766,1917,0.30743243243243246
76.66666666666667,294,0.6617114942553141,0.29002803696681245,0.5544217687074829,40,41806,1919,0.3108108108108108
76.75,294,0.6621053455612704,0.28702911789646485,0.5578231292517006,52,41858,1921,0.3108108108108108
76.83333333333333,294,0.6624709012413635,0.2846055763694248,0.5510204081632653,43,41901,1923,0.31756756756756754
76.91666666666667,294,0.6628176641929482,0.2910343193142027,0.54421768707483,42,41943,1925,0.3141891891891892
77.0,293,0.662005735117149,0.28470041930549,0.5460750853242321,54,41997,1928,0.31756756756756754
77.08333333333333,296,0.6623735241263657,0.29613315282958136,0.5540540540540541,36,42033,1928,0.31756756756756754
77.16666666666667,291,0.6637129109911455,0.3009200108242818,0.5532646048109966,46,42079,1933,0.32432432432432434
77.25,295,0.658464111777481,0.28515622660901113,0.5457627118644067,42,42121,1934,0.3141891891891892
77.33333333333333,294,0.6609148343489841,0.2950771626063171,0.5476190476190477,45,42166,1936,0.32432432432432434
77.41666666666667,295,0.6623284160582286,0.301471380381792,0.5457627118644067,55,42221,1937,0.3277027027027027
77.5,292,0.6624720969993972,0.28573945080794394,0.547945205479452,53,42274,1941,0.33783783783783783
77.58333333333333,296,0.6603463804710433,0.27316135409355746,0.5472972972972973,52,42326,1941,0.3277027027027027
77.66666666666667,292,0.6626262260829715,0.2887429633351969,0.5547945205479452,45,42371,1945,0.3310810810810811
77.75,289,0.6524328445150464,0.2880218394264491,0.5570934256055363,40,42411,1952,0.3277027027027027
77.83333333333333,292,0.6423408416102901,0.2879383265716561,0.547945205479452,45,42456,1955,0.3141891891891892
77.91666666666667,294,0.6381495770255359,0.2854035986689048,0.5374149659863946,39,42495,1957,0.30067567567567566
78.0,292,0.6403352464598936,0.27194274387278305,0.5308219178082192,42,42537,1960,0.30743243243243246
78.08333333333333,286,0.6260254976619539,0.2657926267316877,0.513986013986014,39,42576,1970,0.30405405405405406
78.16666666666667,292,0.607071310145118,0.2643655322715988,0.4965753424657534,46,42622,1974,0.27702702702702703
78.25,296,0.6058697677802523,0.2677825633182776,0.5067567567567568,45,42667,1974,0.27364864864864863
78.33333333333333,295,0.612308341394109,0.2672091078144347,0.5152542372881356,46,42713,1975,0.2905405405405405
78.41666666666667,294,0.6150554005700055,0.2558594075722356,0.5102040816326531,47,42760,1977,0.2939189189189189
78.5,294,0.6156894562744369,0.25684554485574895,0.5170068027210885,51,42811,1979,0.2905405405405405
78.58333333333333,294,0.616354866972221,0.2537228172432254,0.5102040816326531,39,42850,1981,0.2905405405405405
78.66666666666667,294,0.6170447422518638,0.26039365962835354,0.5102040816326531,40,42890,1983,0.28378378378378377
78.75,295,0.6192220632082421,0.2622482967845756,0.5084745762711864,41,42931,1984,0.2905405405405405
78.83333333333333,293,0.6205948837512499,0.25569770578303,0.5051194539249146,50,42981,1987,0.2972972972972973
78.91666666666667,293,0.6210112898641182,0.25568151037434317,0.5085324232081911,49,43030,1989,0.31756756756756754
79.0,292,0.6165495465671795,0.2403539018182191,0.4931506849315068,54,43084,1993,0.3141891891891892
79.08333333333333,292,0.6122856633790704,0.2451986004985342,0.4726027397260274,47,43131,1997,0.30743243243243246
79.16666666666667,294,0.6082804033529353,0.2551863255533628,0.5,56,43187,1999,0.3108108108108108
79.25,296,0.6111644516813826,0.24947902746415787,0.47635135135135137,39,43226,1999,0.30405405405405406
79.33333333333333,295,0.617021023500582,0.2560389013222864,0.49830508474576274,38,43264,2000,0.30405405405405406
79.41666666666667,296,0.6221534003812031,0.2617176243955514,0.4864864864864865,47,43311,2000,0.3108108108108108
79.5,293,0.625500924583279,0.2638194478491054,0.49146757679180886,41,43352,2003,0.3108108108108108
79.58333333333333,294,0.6237939182601044,0.26342180150237854,0.4897959183673469,44,43396,2005,0.30405405405405406
79.66666666666667,295,0.6254086560893432,0.26437087700982065,0.49491525423728816,51,43447,2006,0.30405405405405406
79.75,293,0.6266348864719963,0.2700342245280492,0.49829351535836175,48,43495,2009,0.3108108108108108
79.83333333333333,294,0.6248737345749007,0.26763147402089027,0.5,43,43538,2011,0.30067567567567566
79.91666666666667,295,0.6264623962801877,0.26618679179183713,0.49830508474576274,47,43585,2012,0.30743243243243246
80.0,294,0.6289776844048437,0.2723050411944574,0.5,57,43642,2014,0.30405405405405406
80.08333333333333,295,0.6310768741181149,0.2787383990773821,0.49830508474576274,41,43683,2015,0.2972972972972973
80.16666666666667,293,0.6324021147541512,0.27315078739993415,0.4880546075085324,46,43729,2018,0.30067567567567566
80.25,293,0.6329199094168205,0.2668897073455825,0.49146757679180886,50,43779,2020,0.2972972972972973
80.33333333333333,293,0.6300469749265394,0.26855454800359724,0.4948805460750853,58,43837,2023,0.2905405405405405
80.41666666666667,292,0.6258455613872782,0.2699723778613211,0.4794520547945205,48,43885,2027,0.28716216216216217
80.5,295,0.623385673387587,0.2657082358050881,0.48135593220338985,56,43941,2028,0.28378378378378377
80.58333333333333,292,0.6235059391335691,0.2638810757083751,0.4828767123287671,49,43990,2032,0.2905405405405405
80.66666666666667,294,0.6198933621670968,0.25495931964590857,0.4897959183673469,45,44035,2034,0.28378378378378377
80.75,293,0.619238658907803,0.25434462471273783,0.4948805460750853,48,44083,2037,0.28040540540540543
80.83333333333333,294,0.6178620019146563,0.2650013014337077,0.5102040816326531,58,44141,2039,0.27364864864864863
80.91666666666667,294,0.6186488645487677,0.26952018040593945,0.5102040816326531,51,44192,2041,0.2702702702702703
81.0,295,0.6208674917776832,0.2737956197292236,0.5084745762711864,42,44234,2042,0.2635135135135135
81.08333333333333,295,0.6252475756986382,0.2716578702994333,0.5050847457627119,43,44277,2043,0.26013513513513514
81.16666666666667,294,0.6284107583894485,0.283116892555668,0.5170068027210885,41,44318,2045,0.26013513513513514
81.25,293,0.6281548846054715,0.2821577834376469,0.5324232081911263,46,44364,2048,0.25675675675675674
81.33333333333333,295,0.6316904823761758,0.28838667923413686,0.535593220338983,55,44419,2048,0.26013513513513514
81.41666666666667,295,0.6360991024523184,0.30875534070449323,0.5423728813559322,54,44473,2049,0.26013513513513514
81.5,294,0.639248962362233,0.31036028171345353,0.5476190476190477,45,44518,2051,0.2668918918918919
81.58333333333333,292,0.6377066924045215,0.2979200284947974,0.5342465753424658,44,44562,2055,0.2668918918918919
81.66666666666667,294,0.6342886997863343,0.2833397034902514,0.5306122448979592,52,44614,2057,0.25675675675675674
81.75,294,0.635218724486919,0.29495658245406914,0.5272108843537415,36,44650,2059,0.26013513513513514
81.83333333333333,296,0.6387174061512174,0.2834301868784627,0.5202702702702703,41,44691,2059,0.25675675675675674
81.91666666666667,296,0.6464695911712832,0.2918130761880762,0.5304054054054054,42,44733,2059,0.2668918918918919
82.0,295,0.6530527206437275,0.29871432710415763,0.5288135593220339,48,44781,2060,0.2702702702702703
82.08333333333333,294,0.6562724143287175,0.2974150754763,0.5340136054421769,42,44823,2062,0.2702702702702703
82.16666666666667,294,0.6571962929730186,0.290487196099441,0.5340136054421769,43,44866,2064,0.2702702702702703
82.25,293,0.6569229140217301,0.2865602353656961,0.5494880546075085,47,44913,2067,0.2702702702702703
82.33333333333333,292,0.654149519906197,0.28300628215011775,0.5547945205479452,47,44960,2071,0.2702702702702703
82.41666666666667,294,0.650415685829913,0.28738249656617004,0.5476190476190477,46,45006,2073,0.2702702702702703
82.5,294,0.6511032840551798,0.2860403967106993,0.54421768707483,50,45056,2075,0.2668918918918919
82.58333333333333,292,0.6494562471928979,0.2865885551230379,0.547945205479452,44,45100,2079,0.27364864864864863
82.66666666666667,294,0.6456929869367839,0.2782703228691969,0.5408163265306123,45,45145,2081,0.27364864864864863
82.75,295,0.6474816823341771,0.2801409805208753,0.5389830508474577,41,45186,2082,0.27702702702702703
82.83333333333333,292,0.6478392084967093,0.28650678757551695,0.5445205479452054,44,45230,2086,0.28716216216216217
82.91666666666667,294,0.6440398620760578,0.27750192928764356,0.5408163265306123,56,45286,2088,0.28378378378378377
83.0,294,0.6446086323856662,0.28011859644512704,0.5408163265306123,47,45333,2090,0.27702702702702703
83.08333333333333,294,0.6452938598094189,0.2817340444891465,0.54421768707483,56,45389,2092,0.2905405405405405
83.16666666666667,293,0.6456830075089163,0.2792824070127824,0.5358361774744027,55,45444,2095,0.28378378378378377
83.25,294,0.6441415149314202,0.28658349398145316,0.54421768707483,52,45496,2097,0.28716216216216217
83.33333333333333,292,0.6423697523584712,0.29858067161149354,0.541095890410959,47,45543,2101,0.28716216216216217
83.41666666666667,295,0.639994218347415,0.2843147624503557,0.5322033898305085,41,45584,2102,0.28378378378378377
83.5,294,0.642920237382304,0.2930807571113694,0.5306122448979592,41,45625,2104,0.28716216216216217
83.58333333333333,293,0.6425292740467063,0.29248521565314145,0.5290102389078498,37,45662,2107,0.2939189189189189
83.66666666666667,294,0.6409811854262785,0.284562942726208,0.5238095238095238,45,45707,2109,0.2972972972972973
83.75,296,0.6439924924963657,0.27875231000231,0.5168918918918919,50,45757,2109,0.30743243243243246
83.83333333333333,293,0.647730532406965,0.27453377112080185,0.515358361774744,35,45792,2112,0.3141891891891892
83.91666666666667,295,0.647284736297054,0.2776209276330342,0.5186440677966102,52,45844,2113,0.30743243243243246
84.0,292,0.6479153004627828,0.28843180085841535,0.5136986301369864,53,45897,2117,0.30743243243243246
84.08333333333333,293,0.6427895313132023,0.28387732588122644,0.5187713310580204,35,45932,2120,0.3108108108108108
84.16666666666667,295,0.6422781804087524,0.28371522746825406,0.5152542372881356,33,45965,2121,0.30405405405405406
84.25,293,0.6438355953686353,0.2770100491090252,0.515358361774744,43,46008,2124,0.30743243243243246
84.33333333333333,294,0.6422587388470405,0.2771960657868469,0.5068027210884354,40,46048,2126,0.30405405405405406
84.41666666666667,294,0.6428751849173632,0.27459053639560327,0.5068027210884354,46,46094,2128,0.30067567567567566
84.5,295,0.6447182526162544,0.2770783645213803,0.5050847457627119,40,46134,2129,0.30067567567567566
84.58333333333333,291,0.6452154850707953,0.29488733903060244,0.5223367697594502,48,46182,2134,0.30067567567567566
84.66666666666667,292,0.6368033862332854,0.29706924544253316,0.5205479452054794,34,46216,2138,0.2939189189189189
84.75,294,0.6330139936788708,0.2944221217180401,0.5170068027210885,41,46257,2140,0.2905405405405405
84.83333333333333,295,0.6348918593607582,0.3046244054072264,0.5254237288135594,56,46313,2141,0.28716216216216217
84.91666666666667,294,0.6376945198621149,0.29689391264538273,0.5306122448979592,39,46352,2143,0.30067567567567566
85.0,289,0.632046203748804,0.3001517126289867,0.5224913494809689,49,46401,2150,0.30405405405405406
85.08333333333333,294,0.6218104294186655,0.3004321544489307,0.5204081632653061,53,46454,2152,0.2905405405405405
85.16666666666667,295,0.6236336198031355,0.294696179526688,0.5152542372881356,48,46502,2153,0.28716216216216217
85.25,295,0.6279207635120616,0.29686302398166803,0.5152542372881356,34,46536,2154,0.28716216216216217
85.33333333333333,293,0.6296897466528818,0.30590659814209303,0.5119453924914675,38,46574,2157,0.30067567567567566
85.41666666666667,295,0.6306596061813533,0.29683079434074633,0.511864406779661,36,46610,2158,0.2939189189189189
85.5,294,0.6335025993782645,0.2929457333043586,0.5102040816326531,35,46645,2160,0.30067567567567566
85.58333333333333,294,0.634271095897286,0.29377466934924146,0.5136054421768708,37,46682,2162,0.30067567567567566
85.66666666666667,293,0.6341327254943738,0.29138082352732253,0.5085324232081911,48,46730,2165,0.30067567567567566
85.75,296,0.635214909994873,0.29175382720627385,0.5101351351351351,43,46773,2165,0.2939189189189189
85.83333333333333,296,0.6427730690199065,0.3001031549411948,0.5168918918918919,32,46805,2165,0.2972972972972973
85.91666666666667,295,0.6503810106238547,0.30266240555308166,0.5186440677966102,47,46852,2166,0.30067567567567566
86.0,294,0.6533173900873204,0.3004493889672838,0.5238095238095238,35,46887,2168,0.30743243243243246
86.08333333333333,294,0.6539598594410965,0.29936197584609164,0.5272108843537415,39,46926,2170,0.3108108108108108
86.16666666666667,293,0.6537820698973171,0.2964884375680623,0.5324232081911263,49,46975,2173,0.3108108108108108
86.25,296,0.6543682697936833,0.2969230953682924,0.5405405405405406,50,47025,2173,0.3141891891891892
86.33333333333333,294,0.6593491938133552,0.29727304971271723,0.5340136054421769,33,47058,2175,0.3141891891891892
86.41666666666667,292,0.6576416602139731,0.2857090394496636,0.5273972602739726,48,47106,2179,0.3141891891891892
86.5,292,0.6513489888170159,0.2825364500366516,0.5205479452054794,48,47154,2183,0.30743243243243246
86.58333333333333,294,0.6474886977044937,0.2980927887200624,0.5204081632653061,46,47200,2185,0.30405405405405406
86.66666666666667,294,0.6482154543064537,0.29897662677842546,0.5204081632653061,49,47249,2187,0.30743243243243246
86.75,294,0.6489561334427012,0.28972957282798173,0.5204081632653061,47,47296,2189,0.30405405405405406
86.83333333333333,295,0.6506477529772899,0.28932899460334105,0.5254237288135594,35,47331,2190,0.3108108108108108
86.91666666666667,295,0.6547232775208082,0.29685684523847455,0.5322033898305085,46,47377,2191,0.3141891891891892
87.0,294,0.6574613169151611,0.2956555553412038,0.5306122448979592,42,47419,2193,0.31756756756756754
87.08333333333333,294,0.6579408153375101,0.2834266372449388,0.5238095238095238,45,47464,2195,0.32432432432432434
87.16666666666667,293,0.6582998881924531,0.2939070694190148,0.5358361774744027,44,47508,2198,0.32094594594594594
87.25,295,0.657597033136202,0.30177124194073346,0.5186440677966102,26,47534,2199,0.31756756756756754
87.33333333333333,292,0.6579109794942128,0.3033702123599384,0.523972602739726,41,47575,2203,0.31756756756756754
87.41666666666667,292,0.6515161966060784,0.2968375232073862,0.5171232876712328,44,47619,2207,0.3108108108108108
87.5,296,0.6498904970656253,0.29549477330197665,0.5236486486486487,40,47659,2207,0.3141891891891892
87.58333333333333,294,0.6556055879118163,0.2840253186543397,0.5306122448979592,51,47710,2209,0.31756756756756754
87.66666666666667,293,0.6549204555994946,0.29405751592076573,0.5358361774744027,47,47757,2212,0.32094594594594594
87.75,294,0.6534150337438824,0.2882078144833247,0.5374149659863946,41,47798,2214,0.3108108108108108
87.83333333333333,295,0.654975744641986,0.2791383193078108,0.5491525423728814,52,47850,2215,0.3141891891891892
87.91666666666667,294,0.6580306722652369,0.28017942030081366,0.54421768707483,43,47893,2217,0.31756756756756754
88.0,293,0.6573124104279782,0.2749809149101336,0.5392491467576792,37,47930,2220,0.31756756756756754
88.08333333333333,293,0.6542134134234795,0.26871404131025173,0.5358361774744027,36,47966,2223,0.32432432432432434
88.16666666666667,293,0.6511031472202997,0.2628314805642098,0.5426621160409556,59,48025,2226,0.31756756756756754
88.25,295,0.650470288464907,0.25726149556658034,0.535593220338983,44,48069,2227,0.3141891891891892
88.33333333333333,291,0.6500055585553177,0.26020291278023233,0.5360824742268041,53,48122,2232,0.32094594594594594
88.41666666666667,293,0.642580695902362,0.24231794972644685,0.5221843003412969,46,48168,2235,0.3108108108108108
88.5,294,0.6408198920675702,0.23947611048858125,0.5170068027210885,43,48211,2237,0.30743243243243246
88.58333333333333,294,0.6414141956295558,0.24528523868183255,0.5204081632653061,42,48253,2239,0.30067567567567566
88.66666666666667,293,0.6408552003556063,0.24031503780490404,0.5119453924914675,34,48287,2242,0.2972972972972973
88.75,294,0.6394151653174862,0.24874255169779372,0.5238095238095238,38,48325,2244,0.28716216216216217
88.83333333333333,293,0.6389715066273122,0.24668684493552895,0.5255972696245734,42,48367,2247,0.2972972972972973
88.91666666666667,292,0.6349909394383365,0.23972139858052327,0.5273972602739726,48,48415,2251,0.2972972972972973
89.0,294,0.631337774669255,0.23952428901408496,0.5306122448979592,36,48451,2253,0.2905405405405405
89.08333333333333,292,0.6305431338471985,0.23965250883059103,0.5308219178082192,48,48499,2257,0.28716216216216217
89.16666666666667,293,0.6265329827381867,0.24889541662814582,0.5358361774744027,49,48548,2260,0.28378378378378377
89.25,294,0.6250675877422797,0.2538901011543517,0.5340136054421769,36,48584,2262,0.28716216216216217
89.33333333333333,295,0.6271798354269624,0.25895573385637677,0.5288135593220339,52,48636,2263,0.28716216216216217
89.41666666666667,293,0.628794204833987,0.25779438644861735,0.5358361774744027,45,48681,2266,0.2905405405405405
89.5,293,0.6272690401843373,0.26481679109665457,0.5324232081911263,50,48731,2269,0.28378378378378377
89.58333333333333,293,0.6248921324701312,0.26986150936662884,0.5290102389078498,45,48776,2272,0.2939189189189189
89.66666666666667,295,0.6245355905067475,0.2558136496272089,0.5254237288135594,49,48825,2273,0.2905405405405405
89.75,295,0.6285192705167788,0.26307197510587343,0.5220338983050847,40,48865,2274,0.28716216216216217
89.83333333333333,292,0.6288663016433498,0.2611166611166611,0.523972602739726,44,48909,2278,0.28716216216216217
89.91666666666667,293,0.6240588770984523,0.260339319383688,0.515358361774744,41,48950,2281,0.28378378378378377
90.0,293,0.6213855972665459,0.2406819858185046,0.515358361774744,38,48988,2284,0.28378378378378377
90.08333333333333,293,0.6188506114509575,0.24224635811666528,0.5051194539249146,44,49032,2287,0.28040540540540543
90.16666666666667,296,0.6201595789247227,0.2442884442884443,0.5067567567567568,51,49083,2287,0.28716216216216217
90.25,291,0.6213468899363465,0.2549514155184258,0.5017182130584192,38,49121,2292,0.2905405405405405
90.33333333333333,295,0.6172213675073221,0.2463446064293522,0.49830508474576274,35,49156,2293,0.28040540540540543
90.41666666666667,293,0.6187689300609931,0.24505953848957263,0.5017064846416383,43,49199,2296,0.28716216216216217
90.5,295,0.6187532376639178,0.26169515983075303,0.5254237288135594,38,49237,2297,0.28716216216216217
90.58333333333333,293,0.6202807290996045,0.2572378891491519,0.5255972696245734,47,49284,2300,0.2939189189189189
90.66666666666667,293,0.6175462238298262,0.25385759481322623,0.5119453924914675,44,49328,2303,0.2939189189189189
90.75,295,0.6181380745346067,0.25714769088861095,0.5050847457627119,43,49371,2304,0.28716216216216217
90.83333333333333,292,0.6183710536250582,0.25575862357907364,0.5068493150684932,40,49411,2308,0.2972972972972973
90.91666666666667,293,0.6135645057613834,0.2593542962265537,0.49829351535836175,43,49454,2311,0.28378378378378377
91.0,294,0.6121856940173555,0.2665040458407806,0.4965986394557823,30,49484,2313,0.28378378378378377
91.08333333333333,295,0.6142922003397979,0.2597438907608399,0.4915254237288136,49,49533,2314,0.27702702702702703
91.16666666666667,293,0.61598951495803,0.263547336243582,0.49829351535836175,41,49574,2317,0.27702702702702703
91.25,295,0.6161798547879267,0.27501599154141526,0.49830508474576274,48,49622,2318,0.2702702702702703
91.33333333333333,293,0.617927175506676,0.2722834617032569,0.4948805460750853,45,49667,2321,0.2702702702702703
91.41666666666667,293,0.6157118936453673,0.2590627044551959,0.4948805460750853,41,49708,2324,0.27364864864864863
91.5,292,0.6117938522887676,0.2576929349189623,0.4897260273972603,40,49748,2328,0.27364864864864863
91.58333333333333,295,0.6098667394279539,0.2542307880443474,0.48135593220338985,43,49791,2329,0.2635135135135135
91.66666666666667,294,0.6135321707440733,0.264858639093333,0.48299319727891155,36,49827,2331,0.2702702702702703
91.75,293,0.6131157903617312,0.2697520536816759,0.4812286689419795,44,49871,2334,0.28040540540540543
91.83333333333333,292,0.6092732436628261,0.27077992468875794,0.476027397260274,37,49908,2338,0.28040540540540543
91.91666666666667,296,0.6086758257425882,0.2609523365988883,0.47297297297297297,40,49948,2338,0.2702702702702703
92.0,294,0.6137596952466909,0.27016875857481065,0.47959183673469385,49,49997,2340,0.28040540540540543
92.08333333333333,292,0.6131926023441053,0.27381117740706784,0.4828767123287671,40,50037,2344,0.27702702702702703
92.16666666666667,295,0.6112308351412284,0.2740413259112305,0.49491525423728816,46,50083,2345,0.27364864864864863
92.25,296,0.6168305701290481,0.2737213049767842,0.5033783783783784,43,50126,2345,0.27702702702702703
92.33333333333333,295,0.623341868349756,0.2772292396923646,0.511864406779661,46,50172,2346,0.28378378378378377
92.41666666666667,291,0.6226220850563733,0.28694133314645226,0.5051546391752577,44,50216,2351,0.28040540540540543
92.5,293,0.6159675381647077,0.28963441786202765,0.5085324232081911,50,50266,2354,0.2668918918918919
92.58333333333333,293,0.6146623781128263,0.29236592948197043,0.5119453924914675,47,50313,2357,0.2668918918918919
92.66666666666667,294,0.6135381839096661,0.29579201977161157,0.5102040816326531,58,50371,2359,0.2635135135135135
92.75,294,0.6146702679738478,0.2978624172501723,0.5102040816326531,53,50424,2361,0.25675675675675674
92.83333333333333,291,0.6122138093857726,0.28501586233544995,0.5051546391752577,56,50480,2366,0.2533783783783784
92.91666666666667,294,0.6072066306971532,0.2938273461232645,0.4931972789115646,55,50535,2368,0.24662162162162163
93.0,294,0.6088668991573117,0.3007051055520443,0.5068027210884354,52,50587,2370,0.2533783783783784
93.08333333333333,295,0.6118177072323489,0.29840953773157164,0.5254237288135594,49,50636,2371,0.25675675675675674
93.16666666666667,294,0.6150101710524345,0.29190924343985564,0.5272108843537415,52,50688,2373,0.2668918918918919
93.25,296,0.6186813255047996,0.28406600906600904,0.5101351351351351,41,50729,2373,0.2635135135135135
93.33333333333333,294,0.623965898084561,0.2826597438842337,0.5068027210884354,39,50768,2375,0.27364864864864863
93.41666666666667,293,0.6237202150328769,0.2736514812453379,0.5017064846416383,49,50817,2378,0.2668918918918919
93.5,295,0.6238510634609381,0.27353499575849477,0.5050847457627119,53,50870,2379,0.2668918918918919
93.58333333333333,295,0.6282133411022738,0.28514575787773144,0.5152542372881356,49,50919,2380,0.2635135135135135
93.66666666666667,296,0.6339164297465907,0.2900887571816748,0.5202702702702703,56,50975,2380,0.2668918918918919
93.75,294,0.6392556562022625,0.27993340581607123,0.5136054421768708,50,51025,2382,0.2702702702702703
93.83333333333333,293,0.6390159926147935,0.27433658324273896,0.5119453924914675,43,51068,2385,0.28378378378378377
93.91666666666667,295,0.6388687625484807,0.2670164843569448,0.5050847457627119,45,51113,2386,0.28040540540540543
94.0,295,0.6430588629944752,0.2715713645050453,0.5152542372881356,48,51161,2387,0.28040540540540543
94.08333333333333,295,0.6473081116302428,0.2624609285882305,0.511864406779661,63,51224,2388,0.28378378378378377
94.16666666666667,293,0.6491568605670124,0.27654899172199393,0.5187713310580204,57,51281,2391,0.2905405405405405
94.25,295,0.6489439230579782,0.2732676093956047,0.5322033898305085,52,51333,2392,0.28378378378378377
94.33333333333333,294,0.6519787739268041,0.26620369719419684,0.5374149659863946,53,51386,2394,0.28378378378378377
94.41666666666667,291,0.6493152529236996,0.27595957221801515,0.5326460481099656,64,51450,2399,0.2905405405405405
94.5,294,0.6435612821368154,0.2718170101205713,0.5272108843537415,54,51504,2401,0.28040540540540543
94.58333333333333,293,0.6444114920163776,0.2776050526963982,0.5221843003412969,48,51552,2404,0.27364864864864863
94.66666666666667,293,0.6419460055543487,0.2723728824501053,0.515358361774744,53,51605,2407,0.28040540540540543
94.75,293,0.6394228874672907,0.2769579352433493,0.5119453924914675,42,51647,2410,0.27702702702702703
94.83333333333333,294,0.6381398148640124,0.26948686471965083,0.5136054421768708,35,51682,2412,0.28378378378378377
94.91666666666667,291,0.6352254117144562,0.27313122943416207,0.5085910652920962,43,51725,2417,0.2972972972972973
95.0,290,0.6247355799862688,0.2778384550414721,0.496551724137931,50,51775,2423,0.2905405405405405
95.08333333333333,295,0.6180781669064679,0.2851042149386221,0.488135593220339,48,51823,2424,0.2905405405405405
95.16666666666667,293,0.6194171616626519,0.2811787119359283,0.4948805460750853,37,51860,2427,0.2972972972972973
95.25,293,0.6167164145213792,0.2876183750879021,0.4880546075085324,36,51896,2430,0.2905405405405405
95.33333333333333,295,0.6166805352782946,0.2992246848300117,0.4915254237288136,42,51938,2431,0.28716216216216217
95.41666666666667,295,0.620865373853152,0.29012106716707203,0.488135593220339,39,51977,2432,0.28716216216216217
95.5,294,0.6237781084997819,0.29084391789688196,0.5034013605442177,40,52017,2434,0.2905405405405405
95.58333333333333,292,0.6239774703174439,0.2964734579582916,0.4965753424657534,41,52058,2438,0.2939189189189189
95.66666666666667,292,0.6177168754544361,0.2996326465626857,0.4897260273972603,50,52108,2442,0.2905405405405405
95.75,293,0.6127934698347941,0.3070196284720113,0.4812286689419795,45,52153,2445,0.28040540540540543
95.83333333333333,291,0.6074463889303424,0.3098467889448127,0.4742268041237113,43,52196,2450,0.2702702702702703
95.91666666666667,288,0.5942529796949654,0.3086743976218298,0.4583333333333333,37,52233,2458,0.26013513513513514
96.0,295,0.5843411823813198,0.29560682168092495,0.46440677966101696,48,52281,2459,0.24662162162162163
96.08333333333333,296,0.5900535512635456,0.2992349796128866,0.49324324324324326,53,52334,2459,0.25
96.16666666666667,291,0.5910967948140889,0.2898557847490957,0.47766323024054985,51,52385,2464,0.25675675675675674
96.25,294,0.5861527975862032,0.2962643205464753,0.47959183673469385,50,52435,2466,0.25
96.33333333333333,296,0.5898784981847737,0.29959232771732774,0.4797297297297297,45,52480,2466,0.25
96.41666666666667,295,0.5964139495190363,0.310236938851784,0.4847457627118644,49,52529,2467,0.2533783783783784
96.5,295,0.6009846212587789,0.30311311164321103,0.49491525423728816,40,52569,2468,0.2533783783783784
96.58333333333333,293,0.6028372174027448,0.31004928962737605,0.515358361774744,55,52624,2471,0.25675675675675674
96.66666666666667,291,0.6012180878407705,0.3139284643283932,0.5085910652920962,60,52684,2475,0.2533783783783784
96.75,295,0.5975369826934431,0.3005757992900015,0.5050847457627119,46,52730,2476,0.24324324324324326
96.83333333333333,295,0.6020357502437519,0.31650830337271013,0.5050847457627119,48,52778,2477,0.23986486486486486
96.91666666666667,294,0.6053718177116726,0.30634241986282806,0.5034013605442177,50,52828,2479,0.24324324324324326
97.0,292,0.6045173121777876,0.3095126619955387,0.5034246575342466,49,52877,2483,0.23648648648648649
97.08333333333333,294,0.6016753397570829,0.3103852119158242,0.5034013605442177,50,52927,2485,0.23310810810810811
97.16666666666667,296,0.6056249872333032,0.30836811461811464,0.5,47,52974,2485,0.22635135135135134
97.25,295,0.6125595244667634,0.3082709004742903,0.49491525423728816,44,53018,2486,0.22972972972972974
97.33333333333333,295,0.6174745070212677,0.30925340196526635,0.4847457627118644,54,53072,2487,0.23648648648648649
97.41666666666667,294,0.620932261434125,0.31239439887399073,0.5034013605442177,58,53130,2489,0.24324324324324326
97.5,294,0.6223039370945722,0.297303858273246,0.4965986394557823,49,53179,2491,0.23648648648648649
97.58333333333333,296,0.6261217080481517,0.3023599630280665,0.5033783783783784,44,53223,2491,0.25
97.66666666666667,295,0.6328589396743041,0.32261017831444483,0.5050847457627119,39,53262,2492,0.2533783783783784
97.75,296,0.6387446296160169,0.3157086170017204,0.5135135135135135,42,53304,2492,0.25675675675675674
97.83333333333333,295,0.6455646754294857,0.31547923957333657,0.5220338983050847,41,53345,2493,0.26013513513513514
97.91666666666667,295,0.6501118554238656,0.3115767578742447,0.5322033898305085,51,53396,2494,0.27364864864864863
98.0,295,0.6544979573054831,0.3134944619044016,0.5389830508474577,49,53445,2495,0.27702702702702703
98.08333333333333,290,0.6531500721244816,0.31688494456295097,0.5379310344827586,55,53500,2501,0.27702702702702703
98.16666666666667,296,0.647589538991496,0.3091866815135893,0.5304054054054054,48,53548,2501,0.2668918918918919
98.25,291,0.6493337576133914,0.3193230949545888,0.5257731958762887,46,53594,2506,0.27702702702702703
98.33333333333333,295,0.6450657404302201,0.31771441128333505,0.5288135593220339,49,53643,2507,0.2702702702702703
98.41666666666667,296,0.6506919418186903,0.3261446126286028,0.5371621621621622,39,53682,2507,0.27364864864864863
98.5,295,0.6575322747780209,0.3295083246051769,0.5457627118644067,54,53736,2508,0.28040540540540543
98.58333333333333,296,0.6633053675583559,0.3238782145032145,0.5540540540540541,44,53780,2508,0.28040540540540543
98.66666666666667,293,0.6678370259935362,0.32475841239858794,0.5699658703071673,46,53826,2511,0.28716216216216217
98.75,295,0.6712181482709085,0.31954827523834783,0.5661016949152542,55,53881,2511,0.28716216216216217
98.83333333333333,294,0.6745325672645822,0.32334908668359386,0.5680272108843537,44,53925,2513,0.2939189189189189
98.91666666666667,295,0.6766183361814356,0.3310825305982691,0.5796610169491525,51,53976,2514,0.2939189189189189
99.0,292,0.6789621168672625,0.32638751089093554,0.5821917808219178,45,54021,2518,0.2972972972972973
99.08333333333333,294,0.6751771406264889,0.3179002592267898,0.5714285714285714,56,54077,2520,0.30067567567567566
99.16666666666667,295,0.6769962889750141,0.33153648611275727,0.576271186440678,53,54130,2521,0.2972972972972973
99.25,294,0.6801505104775896,0.32810658626733824,0.5816326530612245,46,54176,2523,0.2972972972972973
99.33333333333333,294,0.6816948572186474,0.3225165885855038,0.5748299319727891,43,54219,2525,0.2972972972972973
99.41666666666667,292,0.6802832352073355,0.31845390997535206,0.5684931506849316,52,54271,2529,0.30067567567567566
99.5,295,0.677524793561351,0.32182143554774434,0.5728813559322034,56,54327,2530,0.2972972972972973
99.58333333333333,293,0.6794126322791842,0.3152010376534998,0.5767918088737202,54,54381,2533,0.3108108108108108
99.66666666666667,294,0.6778220831642282,0.3255080412514815,0.5748299319727891,45,54426,2535,0.30405405405405406
99.75,293,0.6773892441680573,0.3215290303174262,0.5802047781569966,54,54480,2538,0.3108108108108108
99.83333333333333,293,0.6780633373174928,0.3188228627648423,0.5733788395904437,44,54524,2540,0.30743243243243246
99.91666666666667,295,0.6775807991248454,0.3165540391811578,0.5830508474576271,53,54577,2541,0.2972972972972973
100.0,292,0.6798997895900101,0.3160048190013943,0.5856164383561644,50,54627,2545,0.2972972972972973
100.08333333333333,295,0.6771194229354947,0.3145818870395142,0.5830508474576271,36,54663,2546,0.30067567567567566
100.16666666666667,295,0.6810894189774935,0.3022530200496302,0.5830508474576271,52,54715,2547,0.3108108108108108
100.25,295,0.6851207190730455,0.30776936810835115,0.5898305084745763,53,54768,2548,0.3141891891891892
100.33333333333333,292,0.6858750705232223,0.3012788391213049,0.5821917808219178,60,54828,2552,0.3141891891891892
100.41666666666667,293,0.6812530606799639,0.292061815696628,0.5733788395904437,49,54877,2555,0.30743243243243246
100.5,293,0.678234054224996,0.29441218622105997,0.5665529010238908,44,54921,2558,0.32432432432432434
100.58333333333333,294,0.6762987620965927,0.29822201607915894,0.5680272108843537,44,54965,2560,0.3141891891891892
100.66666666666667,295,0.677843107688918,0.29422219964592844,0.5694915254237288,54,55019,2561,0.3141891891891892
100.75,295,0.6816378195242931,0.2939385849555341,0.5796610169491525,43,55062,2562,0.32432432432432434
100.83333333333333,294,0.6843201877295,0.2927635475456299,0.5850340136054422,44,55106,2564,0.34121621621621623
100.91666666666667,293,0.6834478343873456,0.29600452605890215,0.5836177474402731,41,55147,2567,0.34121621621621623
101.0,293,0.6801896333882771,0.28694364950655804,0.5836177474402731,44,55191,2570,0.3344594594594595
101.08333333333333,294,0.6780312720017783,0.28333156796058906,0.5816326530612245,53,55244,2572,0.34459459459459457
101.16666666666667,291,0.6748471538232811,0.2742133773061608,0.5738831615120275,50,55294,2577,0.34459459459459457
101.25,294,0.6681155866299118,0.26430691379670973,0.5714285714285714,42,55336,2579,0.3310810810810811
101.33333333333333,293,0.6671026885784211,0.2587681847920756,0.5665529010238908,46,55382,2582,0.33783783783783783
101.41666666666667,292,0.6631824493123567,0.26009145914967835,0.5582191780821918,51,55433,2586,0.34459459459459457
101.5,296,0.6609384633264436,0.25851467413967416,0.5574324324324325,37,55470,2586,0.34121621621621623
101.58333333333333,292,0.6642182971886947,0.2676905951734719,0.565068493150685,54,55524,2590,0.3547297297297297
101.66666666666667,294,0.6598137524534329,0.27041412922834457,0.5612244897959183,46,55570,2592,0.3547297297297297
101.75,294,0.6595764668695705,0.27098305199114486,0.5544217687074829,51,55621,2594,0.35135135135135137
101.83333333333333,295,0.6606036848360639,0.27130454356345646,0.5525423728813559,43,55664,2595,0.34459459459459457
101.91666666666667,291,0.6592447488662395,0.27075153816177633,0.5532646048109966,44,55708,2600,0.3547297297297297
102.0,288,0.6461057889889592,0.26805139371590525,0.5416666666666666,47,55755,2608,0.34797297297297297
102.08333333333333,294,0.6326350896217574,0.2591141662570234,0.5340136054421769,45,55800,2610,0.32432432432432434
102.16666666666667,292,0.6299442201601294,0.2600262845982024,0.5308219178082192,40,55840,2614,0.3310810810810811
102.25,294,0.6290323707149836,0.26540067749980284,0.5272108843537415,34,55874,2615,0.3344594594594595
102.33333333333333,295,0.6303799873908884,0.26536178241989383,0.5288135593220339,35,55909,2616,0.3310810810810811
102.41666666666667,295,0.6338796269372516,0.2644314697946659,0.5288135593220339,34,55943,2617,0.33783783783783783
102.5,295,0.6373648779980066,0.272671677584427,0.535593220338983,49,55992,2618,0.34121621621621623
102.58333333333333,295,0.6408270424034336,0.2585017514653484,0.5457627118644067,38,56030,2619,0.34121621621621623
102.66666666666667,294,0.6430457796651333,0.25766032671758016,0.5408163265306123,42,56072,2621,0.34797297297297297
102.75,293,0.6418324325292889,0.25732957356246716,0.5426621160409556,38,56110,2624,0.34797297297297297
102.83333333333333,294,0.6397013207342971,0.25536465014056714,0.5408163265306123,40,56150,2626,0.34459459459459457
102.91666666666667,295,0.6410151340857804,0.24299605634900415,0.5389830508474577,50,56200,2627,0.34797297297297297
103.0,294,0.6432531931084124,0.25454934003225416,0.54421768707483,45,56245,2629,0.34797297297297297
103.08333333333333,293,0.6421416095253875,0.26620515434508607,0.5426621160409556,42,56287,2632,0.34121621621621623
103.16666666666667,291,0.6363878593433453,0.26416697086800184,0.5326460481099656,46,56333,2637,0.3344594594594595
103.25,295,0.6314057906768225,0.25641576878865013,0.5288135593220339,52,56385,2638,0.31756756756756754
103.33333333333333,295,0.6351809306213596,0.2691715716694171,0.5254237288135594,47,56432,2639,0.32432432432432434
103.41666666666667,291,0.6340758654668185,0.2721303699374641,0.5223367697594502,50,56482,2644,0.3344594594594595
103.5,291,0.6241708971430516,0.26811338653903743,0.5051546391752577,48,56530,2649,0.3310810810810811
103.58333333333333,291,0.614179504297024,0.27561302702836865,0.4879725085910653,47,56577,2654,0.32094594594594594
103.66666666666667,292,0.6057828604408994,0.26796574745843377,0.476027397260274,39,56616,2658,0.30743243243243246
103.75,295,0.6052648576315323,0.2674418875789582,0.4745762711864407,44,56660,2659,0.2972972972972973
103.83333333333333,294,0.6081394354559742,0.2738063409506805,0.47959183673469385,43,56703,2661,0.2972972972972973
103.91666666666667,292,0.606494695052258,0.27378638158970836,0.4726027397260274,47,56750,2665,0.2905405405405405
104.0,295,0.6047085543732643,0.2679280687028871,0.46779661016949153,40,56790,2666,0.28716216216216217
104.08333333333333,293,0.6064311914918422,0.2644562666868859,0.46075085324232085,43,56833,2669,0.28378378378378377
104.16666666666667,295,0.6068764698249751,0.2633178107875444,0.46440677966101696,45,56878,2670,0.28040540540540543
104.25,293,0.6087433897330754,0.2646447977505998,0.4641638225255973,50,56928,2673,0.2905405405405405
104.33333333333333,294,0.6077646503735782,0.26289138572741666,0.46938775510204084,41,56969,2675,0.2972972972972973
104.41666666666667,295,0.6100242804271296,0.2524164977174913,0.4711864406779661,44,57013,2676,0.30743243243243246
104.5,293,0.6117535321197562,0.2559466007035738,0.46757679180887374,35,57048,2679,0.3108108108108108
104.58333333333333,295,0.6119482187161134,0.2570515300148454,0.46440677966101696,42,57090,2680,0.3141891891891892
104.66666666666667,294,0.6148924120776567,0.26339375250660296,0.46598639455782315,43,57133,2682,0.3141891891891892
104.75,294,0.615849888826243,0.2514222583922517,0.46598639455782315,37,57170,2684,0.3108108108108108
104.83333333333333,295,0.6181267197371711,0.25530371097889076,0.46779661016949153,39,57209,2685,0.30743243243243246
104.91666666666667,293,0.6202025788912394,0.2519712589797517,0.4641638225255973,46,57255,2688,0.3108108108108108
105.0,292,0.6175953425112516,0.2502138113558948,0.4623287671232877,40,57295,2692,0.3108108108108108
105.08333333333333,294,0.6141851582733765,0.2517888102071776,0.45918367346938777,32,57327,2694,0.30067567567567566
105.16666666666667,293,0.6137576996227688,0.25631519914796363,0.4539249146757679,39,57366,2697,0.2972972972972973
105.25,293,0.6121900400698241,0.25071094992502946,0.45051194539249145,37,57403,2700,0.2939189189189189
105.33333333333333,288,0.6029641008259343,0.24944988483327013,0.4375,31,57434,2708,0.2905405405405405
105.41666666666667,296,0.5944909556226986,0.24609688992253756,0.4391891891891892,40,57474,2708,0.2635135135135135
105.5,292,0.5969690337933697,0.256236853659428,0.4417808219178082,37,57511,2712,0.2635135135135135
105.58333333333333,293,0.5938092205173473,0.25046903112172,0.43686006825938567,41,57552,2715,0.2635135135135135
105.66666666666667,291,0.5921475158018349,0.24141080090949368,0.42955326460481097,25,57577,2719,0.26013513513513514
105.75,295,0.5887260409881645,0.23918906030035697,0.43728813559322033,36,57613,2720,0.25
105.83333333333333,295,0.5933765430704935,0.24361398924102437,0.44745762711864406,39,57652,2721,0.26013513513513514
105.91666666666667,295,0.5993999663401035,0.24512864622783637,0.4542372881355932,42,57694,2722,0.2668918918918919
106.0,290,0.5971241469559739,0.24859306402409848,0.4517241379310345,27,57721,2728,0.27364864864864863
106.08333333333333,292,0.5882469496121243,0.2424403887588819,0.4417808219178082,43,57764,2732,0.25675675675675674
106.16666666666667,295,0.5866852085899068,0.2437871168379643,0.44745762711864406,33,57797,2733,0.2533783783783784
106.25,296,0.5926033554709083,0.25602512165012165,0.4527027027027027,41,57838,2733,0.25675675675675674
106.33333333333333,293,0.59658131766061,0.2515051217269647,0.46075085324232085,46,57884,2736,0.25675675675675674
106.41666666666667,296,0.5986472769809492,0.25435622935622937,0.46621621621621623,44,57928,2736,0.24662162162162163
106.5,295,0.6054266505022482,0.2479021355292542,0.46779661016949153,42,57970,2737,0.24662162162162163
106.58333333333333,290,0.6041418274626401,0.24232065859889879,0.4517241379310345,46,58016,2743,0.24662162162162163
106.66666666666667,294,0.597157428385646,0.24531084971795739,0.45918367346938777,42,58058,2745,0.23648648648648649
106.75,295,0.5996894100215666,0.2489854687166201,0.4576271186440678,46,58104,2746,0.23648648648648649
106.83333333333333,295,0.6045259222300354,0.2494741608154817,0.47796610169491527,48,58152,2747,0.23310810810810811
106.91666666666667,294,0.6081091624935986,0.2421415228241407,0.48299319727891155,46,58198,2749,0.22972972972972974
107.0,294,0.6095962484613049,0.24473019421999012,0.48299319727891155,34,58232,2751,0.23310810810810811
107.08333333333333,294,0.6111074057348923,0.24276572822491188,0.47959183673469385,43,58275,2753,0.22635135135135134
107.16666666666667,294,0.6128991113284112,0.24527013991299706,0.48639455782312924,43,58318,2755,0.22297297297297297
107.25,296,0.6170872155451035,0.24452589452589452,0.4797297297297297,50,58368,2755,0.2195945945945946
107.33333333333333,296,0.6254185869186232,0.23965190215190216,0.4966216216216216,39,58407,2755,0.22635135135135134
107.41666666666667,295,0.6325038076144158,0.25162191857107113,0.5084745762711864,40,58447,2756,0.23986486486486486
107.5,294,0.6361565182176585,0.2537264983693555,0.5136054421768708,44,58491,2758,0.23986486486486486
107.58333333333333,292,0.6351302576032682,0.2506888279148553,0.5205479452054794,52,58543,2762,0.23986486486486486
107.66666666666667,294,0.6329762086363565,0.2510844125640044,0.5204081632653061,39,58582,2764,0.23310810810810811
107.75,295,0.6354646261346293,0.25373158856209704,0.5152542372881356,51,58633,2765,0.25
107.83333333333333,293,0.6377918424384021,0.25278126310549515,0.5255972696245734,61,58694,2768,0.25
107.91666666666667,295,0.638193540151584,0.26128472281014653,0.5220338983050847,46,58740,2769,0.24662162162162163
108.0,296,0.6440717662760493,0.2572053228303228,0.5405405405405406,53,58793,2769,0.25675675675675674
108.08333333333333,292,0.647355925845775,0.2608654378346159,0.5376712328767124,57,58850,2773,0.2668918918918919
108.16666666666667,291,0.640552455848392,0.2690313027941894,0.5292096219931272,41,58891,2778,0.25675675675675674
108.25,294,0.6351564902621579,0.2687490419633277,0.5272108843537415,46,58937,2780,0.2533783783783784
108.33333333333333,293,0.6351123343572236,0.26033677168489455,0.5187713310580204,46,58983,2783,0.2533783783783784
108.41666666666667,293,0.6335681782675625,0.25241856983690236,0.5221843003412969,55,59038,2786,0.25675675675675674
108.5,293,0.6318418793494716,0.2519459006782264,0.515358361774744,37,59075,2789,0.25675675675675674
108.58333333333333,292,0.6294581373259789,0.2628295777390689,0.5205479452054794,43,59118,2793,0.26013513513513514
108.66666666666667,292,0.6236027937130071,0.2736053791826786,0.523972602739726,50,59168,2797,0.25675675675675674
108.75,294,0.6206834178534353,0.2751785346173101,0.5204081632653061,44,59212,2799,0.24662162162162163
108.83333333333333,295,0.6232346846654965,0.2697937467428993,0.5288135593220339,46,59258,2800,0.2533783783783784
108.91666666666667,295,0.627771885214181,0.2726057837275878,0.5322033898305085,49,59307,2801,0.2635135135135135
109.0,296,0.6335862655842686,0.2734673075245109,0.5337837837837838,42,59349,2801,0.2635135135135135
109.08333333333333,293,0.6378344052299023,0.2714444160892359,0.5358361774744027,52,59401,2804,0.27364864864864863
109.16666666666667,294,0.6400996448400991,0.27611179415918263,0.5340136054421769,43,59444,2805,0.28040540540540543
109.25,293,0.6397709286901258,0.2775176946678653,0.5358361774744027,48,59492,2808,0.27702702702702703
109.33333333333333,294,0.6418894592086272,0.2792498210136694,0.5340136054421769,43,59535,2809,0.28378378378378377
109.41666666666667,294,0.6428352869734147,0.2756493776173076,0.5272108843537415,51,59586,2811,0.27702702702702703
109.5,293,0.6425988674908941,0.281689355933627,0.5255972696245734,41,59627,2814,0.27364864864864863
109.58333333333333,294,0.6413503969510685,0.27678798768448915,0.5272108843537415,40,59667,2816,0.27702702702702703
109.66666666666667,293,0.6451867276343173,0.27073711136363504,0.5324232081911263,51,59718,2818,0.27364864864864863
109.75,290,0.6389923072848688,0.275198193271915,0.5275862068965518,52,59770,2824,0.27702702702702703
109.83333333333333,294,0.6311836292429207,0.2632886205722237,0.5272108843537415,45,59815,2826,0.26013513513513514
109.91666666666667,293,0.6309027162565581,0.2737658235926532,0.5255972696245734,42,59857,2829,0.25675675675675674
110.0,295,0.6328611606349762,0.276068365642132,0.5186440677966102,39,59896,2830,0.2533783783783784
110.08333333333333,289,0.629989238065785,0.2907225690221241,0.5259515570934256,48,59944,2837,0.26013513513513514
110.16666666666667,293,0.6190151254488984,0.27672989592532626,0.515358361774744,52,59996,2840,0.25675675675675674
110.25,295,0.6191424610202304,0.2710459680773616,0.5152542372881356,43,60039,2841,0.25675675675675674
110.33333333333333,292,0.620439888592113,0.2768764425417202,0.5136986301369864,48,60087,2845,0.25675675675675674
110.41666666666667,294,0.6206232785656749,0.27343901407061155,0.5068027210884354,45,60132,2846,0.25675675675675674
110.5,294,0.6215192834213042,0.27892449576123046,0.5102040816326531,47,60179,2848,0.2635135135135135
110.58333333333333,293,0.6216854409722588,0.2798835502760418,0.5085324232081911,42,60221,2851,0.2635135135135135
110.66666666666667,292,0.6189036860613708,0.275894501236967,0.5136986301369864,61,60282,2855,0.2668918918918919
110.75,296,0.6180427181855391,0.2714598089598089,0.5135135135135135,36,60318,2855,0.2668918918918919
110.83333333333333,295,0.6243142503639689,0.27153197085400477,0.5220338983050847,52,60370,2856,0.2702702702702703
110.91666666666667,295,0.6286042258832439,0.260597095936079,0.5220338983050847,50,60420,2857,0.2668918918918919
111.0,295,0.6328566645093011,0.2590484562518461,0.5254237288135594,44,60464,2858,0.2668918918918919
111.08333333333333,295,0.6370522628322983,0.25374199247080603,0.5288135593220339,54,60518,2859,0.27702702702702703
111.16666666666667,294,0.6399281014744562,0.2585499062539879,0.5306122448979592,45,60563,2861,0.28716216216216217
111.25,292,0.6386672503157731,0.2563672405520924,0.523972602739726,48,60611,2865,0.28716216216216217
111.33333333333333,294,0.638295983972924,0.26149844723646337,0.5306122448979592,41,60652,2866,0.28716216216216217
111.41666666666667,293,0.6376754578295536,0.2627957617956824,0.5255972696245734,52,60704,2869,0.28378378378378377
111.5,294,0.6361892608159675,0.2615806529071835,0.5170068027210885,44,60748,2871,0.27702702702702703
111.58333333333333,293,0.6356873978062747,0.25565310684764614,0.5085324232081911,50,60798,2874,0.27364864864864863
111.66666666666667,294,0.6343695844273187,0.2706281624648972,0.5136054421768708,43,60841,2876,0.27364864864864863
111.75,294,0.6349999285601956,0.27503863159839836,0.5170068027210885,36,60877,2878,0.28040540540540543
111.83333333333333,294,0.6356816248632824,0.27316044553653884,0.5204081632653061,50,60927,2880,0.28040540540540543
111.91666666666667,295,0.6375322294740562,0.26582361007300476,0.5220338983050847,42,60969,2881,0.2905405405405405
112.0,292,0.6378042048472412,0.26634764452768367,0.5273972602739726,39,61008,2885,0.2972972972972973
112.08333333333333,293,0.6334030544385921,0.2747501347452591,0.5255972696245734,37,61045,2888,0.2972972972972973
112.16666666666667,296,0.6341061713803945,0.26906321906321906,0.5405405405405406,47,61092,2888,0.30067567567567566
112.25,295,0.6401159282925509,0.2590281752146159,0.5423728813559322,51,61143,2889,0.30067567567567566
112.33333333333333,293,0.64162286083509,0.2625337877897605,0.5460750853242321,49,61192,2892,0.30405405405405406
112.41666666666667,293,0.6420991636137858,0.2650763533016093,0.5460750853242321,37,61229,2894,0.30743243243243246
112.5,295,0.6415602371984885,0.25687503645130766,0.5525423728813559,41,61270,2895,0.30405405405405406
112.58333333333333,293,0.6429856121778976,0.25733324316942063,0.5563139931740614,46,61316,2898,0.30743243243243246
112.66666666666667,294,0.641258917995912,0.2504870598609789,0.5510204081632653,48,61364,2900,0.30743243243243246
112.75,296,0.6441505814112872,0.25813269843990183,0.5540540540540541,48,61412,2900,0.30067567567567566
112.83333333333333,294,0.6491530492223444,0.25348147663090587,0.5544217687074829,42,61454,2902,0.30067567567567566
112.91666666666667,290,0.6485182073735486,0.2601750452612522,0.5517241379310345,44,61498,2907,0.30067567567567566
113.0,293,0.6394397596956289,0.2545419394517396,0.5460750853242321,48,61546,2910,0.2939189189189189
113.08333333333333,293,0.6364236206015753,0.26146287214059033,0.5426621160409556,47,61593,2913,0.2905405405405405
113.16666666666667,295,0.6360977716401948,0.2528775166184367,0.5322033898305085,45,61638,2914,0.2905405405405405
113.25,293,0.6376288173437686,0.25742941981362266,0.5255972696245734,38,61676,2917,0.2939189189189189
113.33333333333333,295,0.637324083054667,0.25258824038485056,0.5254237288135594,43,61719,2918,0.2905405405405405
113.41666666666667,293,0.6391370893611866,0.2628008889101039,0.5187713310580204,34,61753,2921,0.2972972972972973
113.5,296,0.640026247135358,0.2578233796983797,0.5168918918918919,51,61804,2921,0.2905405405405405
113.58333333333333,292,0.6425360803297229,0.2672131809826661,0.5205479452054794,41,61845,2925,0.2972972972972973
113.66666666666667,295,0.6400781108436835,0.26965641735367046,0.5186440677966102,47,61892,2926,0.28378378378378377
113.75,296,0.6452787842732068,0.26295044139871726,0.5168918918918919,39,61931,2926,0.2972972972972973
113.83333333333333,295,0.6515041803175972,0.2558570058423945,0.5152542372881356,55,61986,2927,0.30405405405405406
113.91666666666667,293,0.6530736051084315,0.2626885628592113,0.5085324232081911,42,62028,2930,0.32094594594594594
114.0,294,0.6512276855738087,0.26151784723213295,0.5102040816326531,47,62075,2932,0.3141891891891892
114.08333333333333,294,0.6516146225213639,0.25290558836477206,0.5136054421768708,38,62113,2934,0.3108108108108108
114.16666666666667,293,0.6509326441361568,0.2516793028738421,0.5085324232081911,42,62155,2937,0.3141891891891892
114.25,295,0.6503152167892268,0.2551637441507003,0.5152542372881356,36,62191,2938,0.3141891891891892
114.33333333333333,293,0.651707175301301,0.2540607766609191,0.5221843003412969,40,62231,2941,0.32094594594594594
114.41666666666667,295,0.6510872338555131,0.24371288836319932,0.5152542372881356,34,62265,2942,0.3141891891891892
114.5,296,0.6560474653995176,0.24525533620361206,0.5168918918918919,48,62313,2942,0.3141891891891892
114.58333333333333,293,0.659804391060533,0.2532747794665969,0.5119453924914675,43,62356,2945,0.32432432432432434
114.66666666666667,295,0.659085454504478,0.25222602441209957,0.511864406779661,37,62393,2946,0.32094594594594594
114.75,296,0.663903021786854,0.26592003338588527,0.5236486486486487,45,62438,2946,0.3277027027027027
114.83333333333333,291,0.6652732249008964,0.26986492132244,0.5223367697594502,49,62487,2951,0.34121621621621623
114.91666666666667,293,0.6608533949414611,0.25997755758553687,0.5221843003412969,42,62529,2953,0.34797297297297297
115.0,292,0.6562602157169712,0.25258484102366957,0.5308219178082192,40,62569,2957,0.34797297297297297
115.08333333333333,292,0.6501608036358565,0.25749080562875354,0.5273972602739726,38,62607,2961,0.3344594594594595
115.16666666666667,292,0.643382208932095,0.2631193570620995,0.5205479452054794,47,62654,2965,0.3277027027027027
115.25,293,0.6379887063446087,0.27779035149460096,0.5290102389078498,42,62696,2968,0.31756756756756754
115.33333333333333,291,0.6324472848500794,0.2755788271620378,0.5154639175257731,45,62741,2973,0.30743243243243246
115.41666666666667,293,0.625305734440648,0.2779725160839376,0.5051194539249146,31,62772,2976,0.2905405405405405
115.5,296,0.6263654132603121,0.28191275525567294,0.5067567567567568,40,62812,2976,0.28378378378378377
115.58333333333333,293,0.6301954940144315,0.27468591157841543,0.5119453924914675,45,62857,2979,0.2905405405405405
115.66666666666667,294,0.6289653841228966,0.2702633531066599,0.5136054421768708,41,62898,2981,0.28378378378378377
115.75,294,0.6298108598764747,0.27368579886801464,0.5136054421768708,45,62943,2983,0.28716216216216217
115.83333333333333,292,0.6281656081520706,0.2716460371548434,0.5034246575342466,44,62987,2987,0.28378378378378377
115.91666666666667,294,0.6247857015009403,0.27930888758148237,0.5068027210884354,41,63028,2989,0.27364864864864863
116.0,294,0.6257638652297312,0.2707138167415135,0.5068027210884354,49,63077,2991,0.2702702702702703
116.08333333333333,293,0.6290053300208934,0.26984213170219995,0.5051194539249146,41,63118,2993,0.2702702702702703
116.16666666666667,293,0.6266630723907628,0.27050654124032963,0.5017064846416383,30,63148,2996,0.27364864864864863
116.25,293,0.6242961195258993,0.2679769496444289,0.5051194539249146,37,63185,2999,0.2668918918918919
116.33333333333333,292,0.6207521664889343,0.2588098626748333,0.5,50,63235,3003,0.26013513513513514
116.41666666666667,295,0.6190301966963198,0.2649925296656532,0.4915254237288136,39,63274,3004,0.25675675675675674
116.5,293,0.6210971154604984,0.2547594409491045,0.48464163822525597,50,63324,3007,0.25675675675675674
116.58333333333333,295,0.6215642303822607,0.2603809373300899,0.49491525423728816,50,63374,3008,0.2533783783783784
116.66666666666667,295,0.6265549520545939,0.2640754034210873,0.49491525423728816,50,63424,3009,0.2533783783783784
116.75,295,0.6312467012052835,0.261507867378975,0.49491525423728816,47,63471,3010,0.25675675675675674
116.83333333333333,295,0.6359074498957394,0.255453093527591,0.5016949152542373,49,63520,3011,0.25675675675675674
116.91666666666667,292,0.6368405970416556,0.268247835223783,0.4965753424657534,43,63563,3015,0.2702702702702703
117.0,293,0.6324253320054621,0.26176485630410545,0.4880546075085324,43,63606,3018,0.26013513513513514
117.08333333333333,292,0.6301631078976456,0.2628654925743967,0.4931506849315068,39,63645,3022,0.2668918918918919
117.16666666666667,296,0.6294078294175245,0.2618839868839869,0.5,39,63684,3022,0.25675675675675674
117.25,293,0.6335640185141138,0.2645099581081188,0.49829351535836175,38,63722,3025,0.25675675675675674
117.33333333333333,294,0.6325601604074086,0.2569021859813053,0.4965986394557823,41,63763,3027,0.26013513513513514
117.41666666666667,293,0.6323061247694955,0.259396807809693,0.4948805460750853,44,63807,3030,0.2702702702702703
117.5,293,0.6298827149180564,0.2678573867237093,0.48464163822525597,41,63848,3033,0.2702702702702703
117.58333333333333,291,0.6248453725592129,0.2700728987916028,0.48109965635738833,45,63893,3038,0.27364864864864863
117.66666666666667,295,0.6207086451413297,0.2663102568671576,0.48135593220338985,32,63925,3039,0.2668918918918919
117.75,293,0.6225181816745325,0.26911614037406334,0.4778156996587031,35,63960,3042,0.2668918918918919
117.83333333333333,295,0.6227801443626352,0.2716417951163714,0.488135593220339,39,63999,3043,0.2668918918918919
117.91666666666667,294,0.6261048455700207,0.2658959615592269,0.4931972789115646,33,64032,3045,0.2702702702702703
118.0,294,0.6270477170099359,0.26897567662873784,0.4965986394557823,48,64080,3047,0.28378378378378377
118.08333333333333,292,0.626029821726382,0.2775913108961054,0.4897260273972603,34,64114,3051,0.28378378378378377
118.16666666666667,291,0.6187098486072704,0.26716236226545503,0.47766323024054985,45,64159,3056,0.28040540540540543
118.25,295,0.6144994008820751,0.2690841644231475,0.47796610169491527,45,64204,3057,0.27364864864864863
118.33333333333333,292,0.614885208094318,0.26502596528281464,0.4828767123287671,45,64249,3061,0.28040540540540543
118.41666666666667,296,0.6143563509713846,0.25453932998575857,0.4864864864864865,48,64297,3061,0.2702702702702703
118.5,293,0.6182991613043679,0.26016162179009567,0.48464163822525597,42,64339,3064,0.28040540540540543
118.58333333333333,292,0.614745181720938,0.2624843926458408,0.476027397260274,53,64392,3068,0.27364864864864863
118.66666666666667,294,0.6125852613021316,0.25390460554454725,0.47959183673469385,42,64434,3070,0.2702702702702703
118.75,294,0.6135847932273459,0.2520131863061892,0.48299319727891155,38,64472,3072,0.27702702702702703
118.83333333333333,295,0.6160761670465553,0.25142741439351607,0.4915254237288136,42,64514,3073,0.27364864864864863
118.91666666666667,295,0.6207020984387533,0.25128404552133365,0.5050847457627119,40,64554,3074,0.2702702702702703
119.0,294,0.6241584736472338,0.26022835818754186,0.5102040816326531,43,64597,3076,0.27364864864864863
119.08333333333333,293,0.6241878145797076,0.2585168623564528,0.5017064846416383,40,64637,3079,0.27702702702702703
119.16666666666667,295,0.6271787890112708,0.25901669893195317,0.5084745762711864,47,64684,3080,0.2702702702702703
119.25,293,0.6291832248634152,0.2564091861873432,0.5119453924914675,37,64721,3083,0.27702702702702703
119.33333333333333,289,0.6227447779127255,0.2655345615553228,0.5017301038062284,42,64763,3090,0.27702702702702703
119.41666666666667,294,0.616449337317566,0.2617713069243681,0.4931972789115646,42,64805,3091,0.2635135135135135
119.5,294,0.6174434520169474,0.2609561542586447,0.48639455782312924,41,64846,3093,0.2635135135135135
119.58333333333333,295,0.6203843346197023,0.26814735138779955,0.4847457627118644,42,64888,3094,0.25675675675675674
119.66666666666667,296,0.6261813473834651,0.2775356950145086,0.4966216216216216,38,64926,3094,0.27364864864864863
119.75,292,0.6289604573211902,0.2743784741172714,0.4931506849315068,27,64953,3098,0.28378378378378377
119.83333333333333,294,0.6256751195253163,0.26105038068891406,0.4897959183673469,31,64984,3100,0.28040540540540543
119.91666666666667,294,0.6265829250847105,0.2737677379885958,0.48639455782312924,29,65013,3102,0.27364864864864863
120.0,296,0.630178135386859,0.28159968784968786,0.5,33,65046,3102,0.2668918918918919
120.08333333333333,295,0.6367750466925424,0.28019328129497617,0.5050847457627119,39,65085,3103,0.27702702702702703
120.16666666666667,292,0.6375156237261913,0.2702275408175925,0.5136986301369864,41,65126,3107,0.28716216216216217
120.25,294,0.6341532519604487,0.25720774321895096,0.5102040816326531,31,65157,3109,0.27702702702702703
120.33333333333333,295,0.6362678493065431,0.2561165332768556,0.5050847457627119,31,65188,3110,0.28378378378378377
120.41666666666667,295,0.6405710230051715,0.2656147845547679,0.5050847457627119,34,65222,3111,0.2905405405405405
120.5,291,0.6399681756848694,0.26734303306468254,0.5017182130584192,41,65263,3116,0.2972972972972973
120.58333333333333,292,0.6318142905902999,0.25978917457129547,0.4897260273972603,44,65307,3120,0.28040540540540543
120.66666666666667,295,0.6295911817235645,0.25982752717118585,0.5050847457627119,34,65341,3121,0.27702702702702703
120.75,291,0.6287724515489034,0.2691535466153312,0.5051546391752577,44,65385,3126,0.28378378378378377
120.83333333333333,295,0.6253970180634634,0.26208828900821884,0.5084745762711864,47,65432,3127,0.2702702702702703
120.91666666666667,294,0.6283479667233263,0.2779276191397937,0.5136054421768708,46,65478,3129,0.2702702702702703
121.0,295,0.6306141707298452,0.27638146222891985,0.5050847457627119,38,65516,3130,0.27364864864864863
121.08333333333333,293,0.6323923220630022,0.2806300354935167,0.5051194539249146,36,65552,3133,0.2905405405405405
121.16666666666667,294,0.6310409621010401,0.2633169079597651,0.5,40,65592,3135,0.28716216216216217
121.25,294,0.6318387355700569,0.25620859709529664,0.4965986394557823,54,65646,3137,0.28378378378378377
121.33333333333333,294,0.6327749161646383,0.26422739235898984,0.4897959183673469,53,65699,3139,0.28040540540540543
121.41666666666667,293,0.6324432580120167,0.25805127751073775,0.49146757679180886,43,65742,3142,0.28378378378378377
121.5,295,0.632486528706201,0.256932126259658,0.4915254237288136,48,65790,3143,0.28040540540540543
121.58333333333333,295,0.6368492154675796,0.2580224295533511,0.49830508474576274,43,65833,3144,0.28716216216216217
121.66666666666667,294,0.6399477135170739,0.24632672693897187,0.5,43,65876,3146,0.2905405405405405
121.75,295,0.6421423002530149,0.2519360582919905,0.5084745762711864,41,65917,3147,0.28716216216216217
121.83333333333333,291,0.6448774021292809,0.2645095454373805,0.5154639175257731,29,65946,3151,0.2939189189189189
121.91666666666667,294,0.6390882191585732,0.265608210761272,0.5068027210884354,38,65984,3153,0.2905405405405405
122.0,295,0.6410533100977119,0.26597338631236933,0.5050847457627119,39,66023,3154,0.28716216216216217
122.08333333333333,292,0.6416608504727997,0.26351856856993844,0.4965753424657534,44,66067,3158,0.2905405405405405
122.16666666666667,292,0.6355827273940369,0.2625340127908621,0.4897260273972603,41,66108,3162,0.2905405405405405
122.25,292,0.6297958584607053,0.26845082238917856,0.4897260273972603,43,66151,3166,0.28716216216216217
122.33333333333333,294,0.6262615446689068,0.2655670576588944,0.48639455782312924,38,66189,3168,0.28040540540540543
122.41666666666667,294,0.627214056500482,0.2563220509649081,0.48299319727891155,45,66234,3170,0.28040540540540543
122.5,294,0.6283423726931043,0.256081522408053,0.48299319727891155,42,66276,3172,0.28716216216216217
122.58333333333333,295,0.6305375567482271,0.26378136794601686,0.4915254237288136,43,66319,3173,0.2905405405405405
122.66666666666667,295,0.6348396771447441,0.2627809841490229,0.488135593220339,52,66371,3174,0.2939189189189189
122.75,292,0.6354293097785346,0.2576677779711048,0.4828767123287671,49,66420,3178,0.2939189189189189
122.83333333333333,296,0.6344866364470596,0.2559943140300283,0.48986486486486486,41,66461,3178,0.28378378378378377
122.91666666666667,294,0.6397357758063857,0.25980750973462347,0.4965986394557823,46,66507,3180,0.28716216216216217
123.0,294,0.6408314393981765,0.2458834519330146,0.5034013605442177,40,66547,3182,0.28378378378378377
123.08333333333333,292,0.6427825011173497,0.24596235195550262,0.5102739726027398,46,66593,3185,0.2905405405405405
123.16666666666667,293,0.6394759685104678,0.2446824506551469,0.5085324232081911,41,66634,3188,0.27702702702702703
123.25,296,0.6405405019971336,0.24871568934068933,0.5135135135135135,46,66680,3188,0.28716216216216217
123.33333333333333,294,0.645742400973709,0.24451887313212173,0.5170068027210885,50,66730,3190,0.2972972972972973
123.41666666666667,294,0.6466113440472175,0.24995380199245523,0.5272108843537415,45,66775,3192,0.2939189189189189
123.5,291,0.6438040378271939,0.24849493865668768,0.5223367697594502,47,66822,3197,0.2905405405405405
123.58333333333333,294,0.6380926958828584,0.2612166471420518,0.5170068027210885,51,66873,3199,0.28040540540540543
123.66666666666667,293,0.6380434949147128,0.2694733698558578,0.5255972696245734,44,66917,3202,0.28378378378378377
123.75,294,0.6373837707592533,0.2714431078083436,0.5340136054421769,50,66967,3204,0.28716216216216217
123.83333333333333,296,0.6406379930777159,0.26670117639945223,0.5337837837837838,35,67002,3204,0.2905405405405405
123.91666666666667,296,0.6481774974499528,0.2676492332742333,0.527027027027027,48,67050,3204,0.30067567567567566
124.0,294,0.6533112787984421,0.27668252948865196,0.5272108843537415,53,67103,3206,0.31756756756756754
124.08333333333333,295,0.6550722638174872,0.262856192771447,0.5322033898305085,44,67147,3207,0.31756756756756754
124.16666666666667,293,0.6566247894892189,0.26618743410552287,0.5460750853242321,52,67199,3210,0.32432432432432434
124.25,292,0.6559223839245547,0.27141425925672497,0.5445205479452054,37,67236,3213,0.32432432432432434
124.33333333333333,293,0.6506274867235915,0.2654724406136669,0.5426621160409556,36,67272,3216,0.3277027027027027
124.41666666666667,292,0.6463446999710126,0.27339368269635156,0.5342465753424658,49,67321,3220,0.32432432432432434
124.5,291,0.6385241912620389,0.27046718111086326,0.5189003436426117,49,67370,3225,0.32432432432432434
124.58333333333333,290,0.6306889202167899,0.26788212778665027,0.5241379310344828,46,67416,3230,0.3108108108108108
124.66666666666667,293,0.6212636784353126,0.2672626100302967,0.515358361774744,50,67466,3233,0.30067567567567566
124.75,291,0.6166021095581775,0.27744810554088906,0.5085910652920962,53,67519,3238,0.2905405405405405
124.83333333333333,292,0.608323236022199,0.2739583951056554,0.4965753424657534,36,67555,3242,0.28040540540540543
124.91666666666667,292,0.6022906489788775,0.2716618869255059,0.4897260273972603,51,67606,3246,0.27364864864864863
125.0,295,0.6005069934461534,0.27344191261810497,0.488135593220339,40,67646,3247,0.2635135135135135
125.08333333333333,293,0.602239252920652,0.2710368475964952,0.48464163822525597,47,67693,3250,0.2635135135135135
125.16666666666667,294,0.6013500354878891,0.2694031653452631,0.47959183673469385,45,67738,3252,0.25675675675675674
125.25,294,0.6024938608894423,0.26949820776351385,0.47959183673469385,46,67784,3254,0.2635135135135135
125.33333333333333,294,0.6035971661630635,0.2711271532700104,0.47278911564625853,47,67831,3256,0.2635135135135135
125.41666666666667,296,0.6073314195345929,0.27351738914238916,0.47297297297297297,54,67885,3256,0.26013513513513514
125.5,292,0.6099193731137662,0.273207984937437,0.4794520547945205,43,67928,3260,0.2668918918918919
125.58333333333333,294,0.6068918115501887,0.2726163390132426,0.47278911564625853,39,67967,3262,0.25675675675675674
125.66666666666667,293,0.6066548557331886,0.2730364348817921,0.47440273037542663,39,68006,3265,0.2533783783783784
125.75,295,0.6071565803853999,0.28593269286723405,0.4745762711864407,48,68054,3266,0.2533783783783784
125.83333333333333,293,0.6090362857259419,0.28516792303717103,0.49146757679180886,47,68101,3269,0.26013513513513514
125.91666666666667,295,0.609455152073525,0.28388822100686506,0.4745762711864407,50,68151,3270,0.2533783783783784
126.0,290,0.6072847896072275,0.2784553664726079,0.4827586206896552,45,68196,3276,0.2635135135135135
126.08333333333333,294,0.6013680822342999,0.2752639382659133,0.47619047619047616,46,68242,3278,0.25
126.16666666666667,295,0.6037788120626028,0.2694127262689318,0.4745762711864407,50,68292,3279,0.25675675675675674
126.25,294,0.60700809548336,0.2718419725341931,0.47619047619047616,49,68341,3281,0.2635135135135135
126.33333333333333,293,0.6069320448233534,0.2677349571749988,0.46757679180887374,42,68383,3284,0.2635135135135135
126.41666666666667,293,0.6080800526063892,0.2740995633689565,0.47440273037542663,45,68428,3286,0.26013513513513514
126.5,293,0.6058989191628903,0.2785586237804668,0.47440273037542663,44,68472,3289,0.25675675675675674
126.58333333333333,293,0.6038192364099747,0.2826734888168336,0.4812286689419795,54,68526,3292,0.25675675675675674
126.66666666666667,293,0.60174956164456,0.2844238682360755,0.4812286689419795,46,68572,3295,0.2533783783783784
126.75,292,0.5982117479790191,0.2850773147244954,0.4794520547945205,41,68613,3299,0.25
126.83333333333333,293,0.5940439589436135,0.28825284168962234,0.47440273037542663,46,68659,3302,0.25675675675675674
126.91666666666667,293,0.5917444150433151,0.2754986356613196,0.47440273037542663,44,68703,3305,0.2533783783783784
127.0,293,0.5904117389974971,0.28091510342598963,0.46075085324232085,39,68742,3308,0.24662162162162163
127.08333333333333,295,0.59100707098152,0.2842738338354937,0.4610169491525424,35,68777,3309,0.25
127.16666666666667,295,0.5957524316132566,0.28889030963841017,0.46440677966101696,35,68812,3310,0.2533783783783784
127.25,295,0.6005557649372381,0.28888375278205786,0.46440677966101696,35,68847,3311,0.26013513513513514
127.33333333333333,294,0.6038852466249851,0.2910989615071248,0.45918367346938777,37,68884,3313,0.2702702702702703
127.41666666666667,293,0.6044868933477849,0.2914407549219836,0.4539249146757679,44,68928,3316,0.2668918918918919
127.5,292,0.6011046934878286,0.293837260532466,0.4589041095890411,48,68976,3320,0.2668918918918919
127.58333333333333,293,0.5983396213971557,0.2852390215018201,0.45733788395904434,35,69011,3323,0.2635135135135135
127.66666666666667,295,0.5987099805823594,0.27683147226730764,0.45084745762711864,40,69051,3324,0.26013513513513514
127.75,294,0.6019142275585785,0.27386438067924945,0.4523809523809524,47,69098,3326,0.2635135135135135
127.83333333333333,293,0.601794782182235,0.28881472961190174,0.46075085324232085,43,69141,3329,0.26013513513513514
127.91666666666667,296,0.6036444907005905,0.2901656044513187,0.46283783783783783,46,69187,3329,0.2635135135135135
128.0,295,0.6102316749961201,0.2911897800880852,0.46440677966101696,47,69234,3330,0.2668918918918919
128.08333333333334,294,0.61349388061856,0.2847873026444455,0.4897959183673469,40,69274,3332,0.2668918918918919
128.16666666666666,295,0.61669456286123,0.28480956896211135,0.4847457627118644,41,69315,3333,0.2635135135135135
128.25,293,0.6184949808000705,0.28968772979011886,0.48464163822525597,33,69348,3336,0.2702702702702703
128.33333333333334,293,0.6169886005801384,0.2881368624947615,0.4812286689419795,44,69392,3339,0.26013513513513514
128.41666666666666,293,0.6179802272979037,0.3016694621845892,0.4948805460750853,33,69425,3341,0.25675675675675674
128.5,296,0.6194926044442124,0.3051198048020082,0.5,43,69468,3341,0.26013513513513514
128.58333333333334,295,0.6259533172575695,0.30041303910086603,0.5152542372881356,29,69497,3342,0.2668918918918919
128.66666666666666,293,0.6278336607493228,0.30602265246284616,0.5085324232081911,42,69539,3345,0.2702702702702703
128.75,293,0.6253680292462132,0.30630304139511216,0.5051194539249146,39,69578,3348,0.2635135135135135
128.83333333333334,294,0.6241561990623702,0.308291006854498,0.5068027210884354,45,69623,3350,0.2635135135135135
128.91666666666666,295,0.6263726477520196,0.31214996899976444,0.5152542372881356,51,69674,3351,0.2635135135135135
129.0,292,0.6269268157977138,0.3210265764912671,0.5102739726027398,52,69726,3355,0.2635135135135135
129.08333333333334,294,0.6237409106916021,0.3147730673944608,0.4965986394557823,41,69767,3357,0.2533783783783784
129.16666666666666,294,0.6249086525183772,0.32115149589639386,0.48639455782312924,38,69805,3359,0.25
129.25,294,0.6261686538285155,0.328202013406095,0.48299319727891155,40,69845,3361,0.24324324324324326
129.33333333333334,291,0.6270510223335014,0.3234933356067377,0.4845360824742268,42,69887,3365,0.25
129.41666666666666,296,0.6244540494158594,0.3240107396357397,0.4966216216216216,33,69920,3365,0.24324324324324326
129.5,295,0.6311745962875805,0.3388399171450019,0.511864406779661,40,69960,3366,0.2533783783783784
129.58333333333334,294,0.6346200388526696,0.33431882743107233,0.5272108843537415,44,70004,3368,0.25675675675675674
129.66666666666666,295,0.6371053424259331,0.3329285968269019,0.535593220338983,37,70041,3369,0.25
129.75,295,0.6417959292574347,0.3250599867750112,0.5389830508474577,44,70085,3370,0.24662162162162163
129.83333333333334,291,0.6417412554755341,0.3161698454857637,0.5189003436426117,38,70123,3375,0.25
129.91666666666666,294,0.6369172390719291,0.3163881278028632,0.5136054421768708,48,70171,3377,0.24324324324324326
130.0,295,0.6398601845692917,0.3159578651104075,0.511864406779661,43,70214,3378,0.23986486486486486
130.08333333333334,294,0.6432444860610811,0.31117198183524714,0.5238095238095238,40,70254,3380,0.25675675675675674
130.16666666666666,295,0.6474646860603546,0.2976669187686137,0.5254237288135594,41,70295,3381,0.25675675675675674
130.25,294,0.6506576520213273,0.28868981547552974,0.5272108843537415,46,70341,3383,0.26013513513513514
130.33333333333334,296,0.6540075189737845,0.3061124498624499,0.543918918918919,49,70390,3383,0.26013513513513514
130.41666666666666,294,0.659407676084074,0.3021049815120892,0.54421768707483,48,70438,3385,0.2668918918918919
130.5,294,0.6603563738927108,0.319606857942537,0.5544217687074829,44,70482,3387,0.2668918918918919
130.58333333333334,290,0.6570598197957607,0.3257334434623376,0.5413793103448276,47,70529,3393,0.2702702702702703
130.66666666666666,293,0.6476447516188368,0.3135881284904469,0.5324232081911263,47,70576,3396,0.2635135135135135
130.75,294,0.6462283637495784,0.32358613803898817,0.5408163265306123,53,70629,3398,0.2635135135135135
130.83333333333334,295,0.6483103388891611,0.327285587002127,0.5491525423728814,45,70674,3399,0.2702702702702703
130.91666666666666,294,0.6513941407140567,0.33115746752270325,0.54421768707483,43,70717,3401,0.27364864864864863
131.0,295,0.6534838893119953,0.3208622457482773,0.5423728813559322,48,70765,3402,0.2702702702702703
131.08333333333334,294,0.6566228487763098,0.30381604477311724,0.5408163265306123,63,70828,3404,0.2702702702702703
131.16666666666666,292,0.655162108032925,0.3093759741020015,0.5342465753424658,46,70874,3408,0.27702702702702703
131.25,292,0.6525114345116785,0.31421029503221287,0.523972602739726,56,70930,3411,0.28378378378378377
131.33333333333334,292,0.6462462736034811,0.3134761927570147,0.5205479452054794,42,70972,3415,0.2939189189189189
131.41666666666666,295,0.6435929970494519,0.30686987212410943,0.5220338983050847,40,71012,3416,0.2905405405405405
131.5,293,0.6451232155319514,0.306815577293393,0.5221843003412969,36,71048,3419,0.30067567567567566
131.58333333333334,295,0.6446521179143134,0.3030769328080842,0.5186440677966102,39,71087,3420,0.2972972972972973
131.66666666666666,291,0.6478706866484673,0.2889877308114066,0.5257731958762887,57,71144,3424,0.2972972972972973
131.75,294,0.6417611221057662,0.27404857080261724,0.5170068027210885,42,71186,3426,0.2939189189189189
131.83333333333334,295,0.6433886187287808,0.2778727587757395,0.5186440677966102,42,71228,3427,0.2972972972972973
131.91666666666666,293,0.6448416931932685,0.2888066048475605,0.5255972696245734,48,71276,3430,0.30067567567567566
132.0,296,0.6455030611337014,0.2826554264054264,0.5337837837837838,41,71317,3430,0.2972972972972973
132.08333333333334,293,0.6491409680994096,0.28143051487761384,0.5324232081911263,48,71365,3433,0.2972972972972973
132.16666666666666,292,0.6449506921676258,0.2863882327840569,0.5308219178082192,45,71410,3437,0.30067567567567566
132.25,295,0.6421278196263029,0.2817089799211177,0.5288135593220339,46,71456,3438,0.2939189189189189
132.33333333333334,295,0.6459219041852994,0.28532466591788624,0.5288135593220339,52,71508,3439,0.2939189189189189
132.41666666666666,295,0.6497894020452625,0.27316487521088006,0.5288135593220339,39,71547,3440,0.30067567567567566
132.5,294,0.6524124478091329,0.27013312176803683,0.5272108843537415,38,71585,3442,0.30405405405405406
132.58333333333334,296,0.655156541823362,0.27256536160477046,0.5371621621621622,50,71635,3442,0.30405405405405406
132.66666666666666,296,0.6622025028778855,0.2730354433248522,0.5405405405405406,53,71688,3442,0.3141891891891892
132.75,290,0.6623587242044529,0.2825910699628213,0.5413793103448276,44,71732,3448,0.3277027027027027
132.83333333333334,293,0.6522994566047614,0.2826652629040867,0.5494880546075085,52,71784,3451,0.31756756756756754
132.91666666666666,290,0.6453224901603702,0.27279249349446394,0.5344827586206896,57,71841,3457,0.3108108108108108
133.0,296,0.6392566691591537,0.24548549236049239,0.5202702702702703,40,71881,3457,0.2939189189189189
133.08333333333334,293,0.642873185923944,0.25302674193459174,0.5255972696245734,50,71931,3460,0.30067567567567566
133.16666666666666,295,0.6423148818721687,0.2562874884061325,0.5186440677966102,44,71975,3461,0.30067567567567566
133.25,295,0.6460302725942733,0.2526029808233198,0.5254237288135594,46,72021,3462,0.3108108108108108
133.33333333333334,294,0.6485327540746104,0.2593109649232098,0.5306122448979592,52,72073,3464,0.3141891891891892
133.41666666666666,295,0.6499852514996838,0.2564804969042257,0.5288135593220339,42,72115,3465,0.3141891891891892
133.5,295,0.6536253506462539,0.2653345040754242,0.535593220338983,52,72167,3466,0.31756756756756754
133.58333333333334,294,0.656275227789856,0.2647015291694592,0.5408163265306123,53,72220,3468,0.3310810810810811
133.66666666666666,294,0.6563698878496834,0.27842800488573083,0.5476190476190477,51,72271,3470,0.3277027027027027
133.75,295,0.6576823269045172,0.2702323463461478,0.5322033898305085,51,72322,3471,0.32094594594594594
133.83333333333334,291,0.6566698322658739,0.28947397581418205,0.5360824742268041,56,72378,3476,0.31756756756756754
133.91666666666666,294,0.6536625484671716,0.28701866781312846,0.5306122448979592,51,72429,3477,0.3108108108108108
134.0,294,0.6538151087145162,0.2900354922585243,0.5238095238095238,41,72470,3479,0.32432432432432434
134.08333333333334,294,0.6539872222155411,0.2793303621656391,0.5272108843537415,58,72528,3481,0.32432432432432434
134.16666666666666,296,0.6564426120590259,0.2894731475088618,0.5304054054054054,51,72579,3481,0.3277027027027027
134.25,293,0.6598870071284574,0.2867379776082848,0.5324232081911263,46,72625,3484,0.3344594594594595
134.33333333333334,293,0.6566124472340061,0.2831650630697353,0.5255972696245734,46,72671,3487,0.32432432432432434
134.41666666666666,296,0.6568482580600052,0.27112563772046533,0.5304054054054054,47,72718,3487,0.31756756756756754
134.5,293,0.6603632902297181,0.26856168199877745,0.5324232081911263,45,72763,3490,0.32094594594594594
134.58333333333334,292,0.6595934176935696,0.26749190753087776,0.5308219178082192,42,72805,3493,0.32094594594594594
134.66666666666666,292,0.6528016076298363,0.26938256824003165,0.5205479452054794,49,72854,3497,0.32432432432432434
134.75,294,0.6483100110713772,0.2779892631933448,0.5170068027210885,44,72898,3499,0.3277027027027027
134.83333333333334,292,0.6459876312597151,0.2768042839960648,0.5136986301369864,44,72942,3503,0.32094594594594594
134.91666666666666,292,0.6427458029783814,0.2738601676101676,0.5136986301369864,44,72986,3506,0.32094594594594594
135.0,294,0.6385095535328356,0.27786658730536284,0.5102040816326531,42,73028,3508,0.31756756756756754
135.08333333333334,293,0.6374647179297372,0.29459205943847583,0.5085324232081911,34,73062,3511,0.32094594594594594
135.16666666666666,294,0.6355370310779469,0.2992057516336193,0.5204081632653061,52,73114,3513,0.32094594594594594
135.25,294,0.6356861912098148,0.300096668083247,0.5068027210884354,41,73155,3515,0.3277027027027027
135.33333333333334,294,0.6359550414517114,0.2909185981833514,0.5,51,73206,3517,0.32094594594594594
135.41666666666666,292,0.6337782782366139,0.2996084130639647,0.4931506849315068,28,73234,3521,0.32094594594594594
135.5,295,0.6310594140075532,0.2853366461442988,0.49830508474576274,43,73277,3522,0.3141891891891892
135.58333333333334,293,0.6322814666182586,0.2924473638480478,0.5017064846416383,43,73320,3525,0.3108108108108108
135.66666666666666,296,0.6330929422400877,0.2887810026750627,0.5067567567567568,38,73358,3525,0.30067567567567566
135.75,295,0.6390556118437036,0.3070588048498423,0.5084745762711864,46,73404,3526,0.3141891891891892
135.83333333333334,294,0.6417225402124263,0.2945575848434546,0.5068027210884354,34,73438,3528,0.3108108108108108
135.91666666666666,296,0.6446224698183067,0.28287538057485934,0.5135135135135135,34,73472,3528,0.3108108108108108
136.0,295,0.650652202331617,0.29347791979001797,0.5220338983050847,39,73511,3529,0.3108108108108108
136.08333333333334,292,0.6510224402075896,0.2850108171583136,0.523972602739726,51,73562,3533,0.3108108108108108
136.16666666666666,293,0.6458433732023718,0.28765700015552903,0.5221843003412969,38,73600,3536,0.30405405405405406
136.25,295,0.6452841140140235,0.2713825448369371,0.5220338983050847,66,73666,3537,0.30405405405405406
136.33333333333334,293,0.6467433255359641,0.2672048575787736,0.5187713310580204,58,73724,3540,0.3141891891891892
136.41666666666666,293,0.645367808412503,0.2756622231180504,0.5187713310580204,44,73768,3543,0.31756756756756754
136.5,292,0.6409279976284826,0.28473016694584075,0.5136986301369864,43,73811,3547,0.31756756756756754
136.58333333333334,296,0.639285362357328,0.2881857756857757,0.5202702702702703,40,73851,3547,0.30743243243243246
136.66666666666666,294,0.6439537835892754,0.2905209094509633,0.5102040816326531,41,73892,3549,0.31756756756756754
136.75,292,0.6418850238489534,0.27332979795457824,0.5102739726027398,31,73923,3553,0.31756756756756754
136.83333333333334,295,0.639054941084323,0.28838064750076897,0.5050847457627119,50,73973,3554,0.3141891891891892
136.91666666666666,295,0.6427125131820606,0.29337161235799886,0.5152542372881356,39,74012,3555,0.3108108108108108
137.0,295,0.6464500172854009,0.27678926814853594,0.535593220338983,32,74044,3556,0.3141891891891892
137.08333333333334,295,0.6501161191841942,0.2825834181397558,0.5491525423728814,56,74100,3557,0.3277027027027027
137.16666666666666,294,0.6525200106090232,0.28927091033839725,0.54421768707483,60,74160,3559,0.3277027027027027
137.25,293,0.6513406113982221,0.29359498041021725,0.5426621160409556,46,74206,3562,0.33783783783783783
137.33333333333334,291,0.6452647549490516,0.289902193702648,0.5189003436426117,53,74259,3567,0.34121621621621623
137.41666666666666,293,0.6372606442010326,0.2846220139937963,0.5085324232081911,39,74298,3570,0.32432432432432434
137.5,292,0.6324891383038369,0.2793075835884055,0.5,45,74343,3574,0.32094594594594594
137.58333333333334,294,0.6284357197613144,0.28743841192820785,0.4965986394557823,38,74381,3576,0.3108108108108108
137.66666666666666,294,0.628565637795234,0.27734340521990064,0.5034013605442177,42,74423,3578,0.30743243243243246
137.75,296,0.6312840405837493,0.2825728610211369,0.5067567567567568,39,74462,3578,0.3108108108108108
137.83333333333334,291,0.632036133678862,0.29202946761603,0.5154639175257731,54,74516,3583,0.3141891891891892
137.91666666666666,294,0.6266002801443428,0.2918984457953494,0.5136054421768708,45,74561,3585,0.30405405405405406
138.0,295,0.6279613584804083,0.28862326938598126,0.5050847457627119,47,74608,3586,0.30405405405405406
138.08333333333334,295,0.6315553138385319,0.2817141994961983,0.49830508474576274,58,74666,3587,0.30743243243243246
138.16666666666666,293,0.6328058228816558,0.2775704200471765,0.49829351535836175,45,74711,3590,0.3108108108108108
138.25,292,0.6318727615409977,0.2806938023399998,0.4931506849315068,50,74761,3593,0.3108108108108108
138.33333333333334,292,0.6253189153952314,0.26990020096420664,0.4863013698630137,41,74802,3597,0.30067567567567566
138.41666666666666,295,0.6226771581652503,0.28617454108979534,0.4915254237288136,48,74850,3598,0.2905405405405405
138.5,292,0.6226602909925646,0.2938358540242102,0.4897260273972603,52,74902,3602,0.28716216216216217
138.58333333333334,294,0.6189530684736669,0.2901784440049746,0.4931972789115646,58,74960,3604,0.28040540540540543
138.66666666666666,295,0.6208106231722528,0.2829529698173766,0.49830508474576274,47,75007,3605,0.27702702702702703
138.75,292,0.6210010396875486,0.29148738438122,0.4897260273972603,31,75038,3609,0.28040540540540543
138.83333333333334,294,0.6174172153504865,0.28498924544842913,0.48639455782312924,48,75086,3611,0.27702702702702703
138.91666666666666,293,0.6167630349015033,0.2814591741212902,0.49146757679180886,46,75132,3614,0.27364864864864863
139.0,294,0.6187814905218731,0.2813635721798987,0.4931972789115646,48,75180,3615,0.28040540540540543
139.08333333333334,292,0.6168402628651316,0.2693322849144767,0.4863013698630137,39,75219,3619,0.27702702702702703
139.16666666666666,292,0.6126334337087114,0.2760074495519701,0.476027397260274,45,75264,3623,0.2668918918918919
139.25,293,0.6077817523354935,0.27862945738372363,0.47440273037542663,40,75304,3626,0.25675675675675674
139.33333333333334,295,0.6078791293064147,0.2744419325128891,0.4711864406779661,35,75339,3627,0.25
139.41666666666666,292,0.6094029063045948,0.28469750346781925,0.476027397260274,40,75379,3631,0.25675675675675674
139.5,294,0.6060880038567928,0.2776030089157035,0.47278911564625853,39,75418,3633,0.2533783783783784
139.58333333333334,293,0.6054913176026979,0.2660183196221838,0.4812286689419795,41,75459,3636,0.26013513513513514
139.66666666666666,289,0.5973723633334319,0.2650038734813821,0.47750865051903113,51,75510,3643,0.2635135135135135
139.75,295,0.5893460454372,0.2602552908485112,0.46779661016949153,45,75555,3644,0.24662162162162163
139.83333333333334,293,0.5907023577883469,0.257049842138348,0.4641638225255973,37,75592,3647,0.24662162162162163
139.91666666666666,294,0.5896847292911933,0.26490765332307664,0.47619047619047616,48,75640,3649,0.24324324324324326
140.0,292,0.5878132996842708,0.26340235075143364,0.4691780821917808,38,75678,3653,0.25
140.08333333333334,293,0.5833487239497166,0.2531952685738768,0.46075085324232085,39,75717,3656,0.24324324324324326
140.16666666666666,295,0.5837596522395267,0.2548189851579682,0.4576271186440678,44,75761,3657,0.23648648648648649
140.25,294,0.5868513370731301,0.25994204208489924,0.4557823129251701,45,75806,3659,0.23986486486486486
140.33333333333334,296,0.5908288290447485,0.25119165744165745,0.4527027027027027,48,75854,3659,0.23648648648648649
140.41666666666666,296,0.5987773213819119,0.2525560025560026,0.4594594594594595,34,75888,3659,0.23986486486486486
140.5,293,0.6026372709889166,0.25252452325831165,0.45733788395904434,43,75931,3662,0.2533783783783784
140.58333333333334,296,0.6043298217473858,0.2500425437925438,0.46283783783783783,41,75972,3662,0.25
140.66666666666666,293,0.608059235710254,0.2607518476972402,0.4641638225255973,42,76014,3665,0.26013513513513514
140.75,296,0.6096564800676969,0.2829650816257959,0.46283783783783783,56,76070,3665,0.2635135135135135
140.83333333333334,293,0.6133942725799367,0.2861518634678069,0.46075085324232085,51,76121,3668,0.2635135135135135
140.91666666666666,293,0.6109440114220297,0.26672457068192096,0.46075085324232085,46,76167,3671,0.2668918918918919
141.0,294,0.6096965584342472,0.2774763097340129,0.45918367346938777,43,76210,3673,0.26013513513513514
141.08333333333334,296,0.6132331586755996,0.2787501336663272,0.4594594594594595,41,76251,3673,0.2533783783783784
141.16666666666666,291,0.6149336915489865,0.27877958952815485,0.4570446735395189,40,76291,3678,0.2668918918918919
141.25,296,0.6120664712806049,0.2714681101842432,0.4527027027027027,34,76325,3678,0.2668918918918919
141.33333333333334,296,0.6195388668977916,0.27680560703959717,0.47297297297297297,49,76374,3678,0.2702702702702703
141.41666666666666,296,0.6271123802063411,0.27385517073017074,0.4831081081081081,42,76416,3678,0.27702702702702703
141.5,296,0.6346449967152704,0.2688653029225063,0.48986486486486486,35,76451,3678,0.28378378378378377
141.58333333333334,293,0.6383958978689571,0.2798630438886535,0.4948805460750853,48,76499,3681,0.2939189189189189
141.66666666666666,292,0.6342762574030189,0.2662397517175039,0.4863013698630137,45,76544,3685,0.2972972972972973
141.75,295,0.6316840206496774,0.2622569316111812,0.49491525423728816,48,76592,3686,0.28378378378378377
141.83333333333334,292,0.6321809957316719,0.25783733824340477,0.5,44,76636,3690,0.28716216216216217
141.91666666666666,294,0.6285489053683971,0.2643916646467667,0.4965986394557823,43,76679,3692,0.28040540540540543
142.0,292,0.6270821923778463,0.26613049241473896,0.4863013698630137,38,76717,3696,0.27364864864864863
142.08333333333334,295,0.6248137273162476,0.2719121932681255,0.4847457627118644,46,76763,3697,0.2702702702702703
142.16666666666666,294,0.6276355874973228,0.27600439054520687,0.4931972789115646,32,76795,3699,0.27702702702702703
142.25,295,0.6296731061604205,0.26972186946763216,0.5016949152542373,39,76834,3700,0.2702702702702703
142.33333333333334,294,0.6325867055306015,0.27290554305860426,0.5034013605442177,52,76886,3702,0.27702702702702703
142.41666666666666,291,0.6327406454819575,0.27265594275903554,0.49828178694158076,55,76941,3707,0.27364864864864863
142.5,292,0.6243546925853257,0.27193525685200226,0.5034246575342466,42,76983,3711,0.2635135135135135
142.58333333333334,295,0.621934017169184,0.2718747075380623,0.49491525423728816,41,77024,3712,0.26013513513513514
142.66666666666666,294,0.6247188630405803,0.2672858135296559,0.4965986394557823,39,77063,3714,0.2635135135135135
142.75,293,0.6241880125526431,0.27274017255481303,0.49829351535836175,44,77107,3717,0.26013513513513514
142.83333333333334,294,0.6228440280985027,0.28169622327785593,0.5,42,77149,3719,0.2533783783783784
142.91666666666666,294,0.6246636579056436,0.27857764873070995,0.5136054421768708,50,77199,3721,0.25
143.0,296,0.6279661976115557,0.27599460411960414,0.5236486486486487,43,77242,3721,0.25
143.08333333333334,294,0.633104835271471,0.2758209844919406,0.5238095238095238,50,77292,3723,0.25675675675675674
143.16666666666666,295,0.635292433673983,0.27261261235587025,0.5152542372881356,47,77339,3724,0.2533783783783784
143.25,295,0.6396071241058704,0.27383897544664015,0.5152542372881356,51,77390,3725,0.25675675675675674
143.33333333333334,293,0.6415457418583084,0.2826846825115122,0.515358361774744,50,77440,3728,0.25675675675675674
143.41666666666666,294,0.6403391546518792,0.2714626818489792,0.5068027210884354,47,77487,3730,0.24662162162162163
143.5,294,0.6447018222189433,0.2716567257383584,0.5136054421768708,50,77537,3731,0.25
143.58333333333334,295,0.6468673188387558,0.2641157806412044,0.5254237288135594,45,77582,3732,0.26013513513513514
143.66666666666666,295,0.6514081635055938,0.25888115650827515,0.5254237288135594,50,77632,3733,0.2668918918918919
143.75,294,0.6543718993165081,0.2662130669783731,0.5204081632653061,62,77694,3735,0.27702702702702703
143.83333333333334,294,0.6550561493243023,0.2723845032518502,0.5204081632653061,49,77743,3737,0.28040540540540543
143.91666666666666,293,0.6544861380099016,0.2874180521791443,0.5358361774744027,51,77794,3740,0.28040540540540543
144.0,295,0.6540285636792733,0.2815470593436695,0.5288135593220339,55,77849,3741,0.27364864864864863
144.08333333333334,295,0.6580630316430179,0.26301919361241394,0.5254237288135594,51,77900,3742,0.27364864864864863
144.16666666666666,293,0.6603575790350993,0.27147021541219496,0.5221843003412969,49,77949,3745,0.27702702702702703
144.25,292,0.6563630026175472,0.2689176595854678,0.523972602739726,48,77997,3749,0.28040540540540543
144.33333333333334,296,0.6547758536539403,0.2654316782549541,0.5202702702702703,48,78045,3749,0.28040540540540543
144.41666666666666,292,0.657387343274246,0.26318977858597603,0.5171232876712328,49,78094,3753,0.2905405405405405
144.5,295,0.6546244290657922,0.26344630919440976,0.5220338983050847,49,78143,3754,0.2905405405405405
144.58333333333334,293,0.6575355580043475,0.2679664385148674,0.5324232081911263,43,78186,3757,0.2939189189189189
144.66666666666666,290,0.651058576287979,0.2709712162149736,0.5275862068965518,49,78235,3763,0.2972972972972973
144.75,295,0.6437187343337916,0.25680194883584717,0.5254237288135594,46,78281,3764,0.28378378378378377
144.83333333333334,294,0.6462780839583735,0.2570490198891559,0.5306122448979592,48,78329,3766,0.28378378378378377
144.91666666666666,294,0.6467971525804654,0.27691641628716457,0.5374149659863946,49,78378,3768,0.28716216216216217
145.0,294,0.6472942756683462,0.2685114800112494,0.5374149659863946,45,78423,3770,0.28040540540540543
145.08333333333334,291,0.6441604236307017,0.27878175515047243,0.5326460481099656,43,78466,3775,0.28378378378378377
145.16666666666666,295,0.6425229221426878,0.27843097435740394,0.5423728813559322,47,78513,3775,0.2939189189189189
145.25,293,0.643723901420157,0.2798669115343908,0.5460750853242321,50,78563,3778,0.2939189189189189
145.33333333333334,293,0.6407075564708054,0.27806060256084636,0.5358361774744027,52,78615,3781,0.2905405405405405
145.41666666666666,294,0.638955151440323,0.27967927763846134,0.5340136054421769,45,78660,3783,0.28040540540540543
145.5,294,0.6395121953564064,0.2725858891675218,0.5306122448979592,49,78709,3785,0.27702702702702703
145.58333333333334,294,0.6401154982061599,0.263653126918433,0.5306122448979592,47,78756,3787,0.27702702702702703
145.66666666666666,295,0.641836685496932,0.2524529801648446,0.535593220338983,55,78811,3788,0.2939189189189189
145.75,295,0.6456961556901635,0.25892090019208663,0.5322033898305085,57,78868,3789,0.2972972972972973
145.83333333333334,293,0.647135333664787,0.27549822191460416,0.5392491467576792,49,78917,3792,0.30067567567567566
145.91666666666666,292,0.6429561564141488,0.2735119427756414,0.5273972602739726,39,78956,3796,0.30067567567567566
146.0,293,0.6376887341919802,0.27110976018000127,0.5392491467576792,56,79012,3799,0.30067567567567566
146.08333333333334,291,0.6322119924356282,0.2731583723768626,0.5429553264604811,39,79051,3804,0.2939189189189189
146.16666666666666,294,0.6264304250409946,0.25853560801717484,0.5238095238095238,43,79094,3806,0.27702702702702703
146.25,295,0.6284546057763571,0.26158836455446627,0.5254237288135594,41,79135,3807,0.2702702702702703
146.33333333333334,295,0.6328737920682425,0.26840598196530396,0.5254237288135594,46,79181,3808,0.2702702702702703
146.41666666666666,293,0.6346501351305683,0.27857402362521816,0.5290102389078498,51,79232,3811,0.28378378378378377
146.5,296,0.635776763572124,0.27474769974769975,0.5405405405405406,55,79287,3811,0.28040540540540543
146.58333333333334,295,0.642164597802663,0.27439478600495554,0.5389830508474577,47,79334,3812,0.28378378378378377
146.66666666666666,294,0.6451937816304539,0.2752954622852582,0.5476190476190477,35,79369,3814,0.2905405405405405
146.75,294,0.6465042267902248,0.28015049009946974,0.5510204081632653,41,79410,3816,0.2939189189189189
146.83333333333334,295,0.6482686906792822,0.27204187526771206,0.5491525423728814,49,79459,3817,0.2939189189189189
146.91666666666666,294,0.6511073570729264,0.27805019055570707,0.5510204081632653,43,79502,3819,0.2905405405405405
147.0,294,0.6518122396977435,0.28675114568523363,0.5612244897959183,49,79551,3821,0.28716216216216217
147.08333333333334,293,0.6548670060134336,0.2849552321597789,0.5767918088737202,45,79596,3823,0.2905405405405405
147.16666666666666,292,0.6507767844329078,0.28431552243515323,0.565068493150685,57,79653,3827,0.2939189189189189
147.25,294,0.6479359313017079,0.2908840026186965,0.5612244897959183,51,79704,3829,0.2905405405405405
147.33333333333334,292,0.6458801618791186,0.29074602803641536,0.547945205479452,46,79750,3833,0.30405405405405406
147.41666666666666,293,0.6407082123072659,0.2784356196211641,0.5324232081911263,44,79794,3836,0.2905405405405405
147.5,292,0.6365157464140031,0.2852820557182356,0.5273972602739726,36,79830,3840,0.28716216216216217
147.58333333333334,296,0.6352620922751896,0.28382939833062987,0.5236486486486487,38,79868,3840,0.27702702702702703
147.66666666666666,292,0.6377927007444489,0.29958413786691673,0.5205479452054794,35,79903,3844,0.28378378378378377
147.75,295,0.6355073197052931,0.29359406130592575,0.5254237288135594,37,79940,3845,0.28040540540540543
147.83333333333334,294,0.6383838476632236,0.2927976313180395,0.5204081632653061,39,79979,3847,0.28378378378378377
147.91666666666666,296,0.641702079185578,0.28938142375642373,0.5202702702702703,37,80016,3847,0.28378378378378377
148.0,295,0.6480965826188937,0.30444488656353064,0.5186440677966102,44,80060,3848,0.2905405405405405
148.08333333333334,296,0.6534466153773907,0.29989271239271237,0.527027027027027,49,80109,3848,0.2972972972972973
148.16666666666666,294,0.6586504996665797,0.3034366049672172,0.5306122448979592,40,80149,3850,0.2972972972972973
148.25,293,0.6582540498179534,0.30789620883477536,0.5290102389078498,48,80197,3853,0.30405405405405406
148.33333333333334,294,0.6565453182653384,0.29722062706756586,0.5204081632653061,44,80241,3855,0.3108108108108108
148.41666666666666,295,0.6581624782670915,0.3067609618375064,0.5288135593220339,38,80279,3856,0.3108108108108108
148.5,296,0.6631868167294059,0.29610716815497923,0.5371621621621622,45,80324,3856,0.31756756756756754
148.58333333333334,296,0.670474563026794,0.29994670324451433,0.5405405405405406,53,80377,3856,0.32432432432432434
148.66666666666666,293,0.6749818468638701,0.3030900244454608,0.5460750853242321,54,80431,3859,0.3344594594594595
148.75,292,0.6707546460775118,0.2988370348937864,0.5445205479452054,50,80481,3863,0.3344594594594595
148.83333333333334,295,0.6675870830167107,0.2952311987178815,0.5389830508474577,39,80520,3864,0.3344594594594595
148.91666666666666,293,0.669037044727022,0.3005035828267557,0.5460750853242321,44,80564,3867,0.3310810810810811
149.0,293,0.6666182813318978,0.29630743767497913,0.5460750853242321,44,80608,3870,0.32432432432432434
149.08333333333334,292,0.6625517080875211,0.2992247098467025,0.5342465753424658,42,80650,3874,0.32432432432432434
149.16666666666666,294,0.6582890608625721,0.29044626953341873,0.5272108843537415,34,80684,3876,0.3310810810810811
149.25,293,0.6573592965636723,0.2997934659252811,0.5255972696245734,41,80725,3879,0.3277027027027027
149.33333333333334,293,0.6546938382084271,0.30397674913351436,0.5187713310580204,50,80775,3882,0.3277027027027027
149.41666666666666,294,0.6526628261196346,0.3031299105278697,0.5136054421768708,40,80815,3884,0.3310810810810811
149.5,295,0.654071583349217,0.30676905956566974,0.5220338983050847,34,80849,3885,0.33783783783783783
149.58333333333334,294,0.6565841862726545,0.3039520192581417,0.5340136054421769,39,80888,3887,0.33783783783783783
149.66666666666666,294,0.6570496534037883,0.3000223227264044,0.5306122448979592,42,80930,3889,0.3344594594594595
149.75,292,0.6549396018459841,0.3006627790018201,0.5308219178082192,40,80970,3893,0.3344594594594595
149.83333333333334,291,0.6471283672990306,0.298635041934011,0.5223367697594502,40,81010,3898,0.33783783783783783
149.91666666666666,296,0.6431147571262869,0.28900200775200774,0.5202702702702703,44,81054,3898,0.3277027027027027
150.0,295,0.6489346661429584,0.2894948930542151,0.5220338983050847,49,81103,3899,0.3310810810810811
150.08333333333334,296,0.6538758245916809,0.2989641552141552,0.5337837837837838,44,81147,3899,0.33783783783783783
150.16666666666666,295,0.6597609823779126,0.2946980796980797,0.5559322033898305,49,81196,3900,0.33783783783783783
150.25,296,0.6645877351655728,0.28697302134802133,0.5506756756756757,41,81237,3900,0.33783783783783783
150.33333333333334,295,0.670504707097945,0.29084070355256797,0.5559322033898305,42,81279,3901,0.34459459459459457
150.41666666666666,291,0.6696130017000614,0.2828590176528321,0.5532646048109966,37,81316,3906,0.34459459459459457
150.5,294,0.6629481813154999,0.2815524705830828,0.54421768707483,59,81375,3908,0.3310810810810811
150.58333333333334,295,0.6642565572495138,0.2894449524110541,0.5491525423728814,67,81442,3909,0.3310810810810811
150.66666666666666,291,0.6634512704701171,0.29720661981339447,0.5395189003436426,64,81506,3914,0.3344594594594595
150.75,294,0.6569107630468356,0.2922130577013959,0.5408163265306123,51,81557,3916,0.32094594594594594
150.83333333333334,291,0.6536444410979456,0.28820251776805533,0.5360824742268041,44,81601,3921,0.31756756756756754
150.91666666666666,293,0.6462670790636599,0.2864886048455039,0.5290102389078498,42,81643,3924,0.30405405405405406
151.0,293,0.6433052982085002,0.2891661429204091,0.5290102389078498,41,81684,3927,0.30743243243243246
151.08333333333334,292,0.6390717333939265,0.29333626799380225,0.523972602739726,44,81728,3931,0.3108108108108108
151.16666666666666,293,0.6338757339380701,0.2888363532561485,0.5290102389078498,56,81784,3934,0.30405405405405406
151.25,296,0.63470713964448,0.28172198484698485,0.5337837837837838,39,81823,3934,0.30067567567567566
151.33333333333334,293,0.638351884250472,0.27931024227952556,0.5324232081911263,42,81865,3937,0.30067567567567566
151.41666666666666,295,0.6382031231742641,0.27440023819801823,0.5288135593220339,33,81898,3938,0.30405405405405406
151.5,296,0.6432951262900326,0.27354251148894004,0.5304054054054054,38,81936,3938,0.3141891891891892
151.58333333333334,293,0.6475357845995565,0.2744329130969794,0.5290102389078498,43,81979,3941,0.31756756756756754
151.66666666666666,294,0.64580003164716,0.2599721410217037,0.5340136054421769,43,82022,3943,0.3141891891891892
151.75,295,0.647385522364808,0.26083070413578885,0.535593220338983,48,82070,3944,0.3141891891891892
151.83333333333334,289,0.6439475424189555,0.26219629082950885,0.5259515570934256,45,82115,3951,0.3108108108108108
151.91666666666666,296,0.6359420962038431,0.2616228647478648,0.5236486486486487,44,82159,3951,0.2939189189189189
152.0,294,0.6407059864491882,0.2596440407664897,0.5238095238095238,40,82199,3953,0.30067567567567566
152.08333333333334,293,0.6401720184487861,0.2683164294939039,0.5221843003412969,29,82228,3956,0.2972972972972973
152.16666666666666,295,0.6398005824513447,0.24184466192940768,0.5186440677966102,34,82262,3957,0.2972972972972973
152.25,294,0.6424535755331208,0.25630716600104353,0.5272108843537415,37,82299,3959,0.3108108108108108
152.33333333333334,291,0.6393163016074428,0.2469449508109302,0.5154639175257731,37,82336,3964,0.30743243243243246
152.41666666666666,294,0.6332905294515748,0.2524834292691436,0.5136054421768708,44,82380,3966,0.2972972972972973
152.5,291,0.6312163715716081,0.26125706099932905,0.5120274914089347,42,82422,3971,0.2972972972972973
152.58333333333334,293,0.6239616721084538,0.2601510075059563,0.5085324232081911,35,82457,3974,0.2905405405405405
152.66666666666666,294,0.6256627649801354,0.26331769137891586,0.5136054421768708,32,82489,3975,0.2972972972972973
152.75,290,0.6244152512575462,0.2727079816734989,0.506896551724138,38,82527,3980,0.30743243243243246
152.83333333333334,295,0.617587190126296,0.2593998374506849,0.49491525423728816,49,82576,3981,0.2972972972972973
152.91666666666666,292,0.617481078889492,0.2593662425854206,0.4931506849315068,38,82614,3985,0.2939189189189189
153.0,294,0.6172409372370941,0.2548584449798384,0.4965986394557823,33,82647,3986,0.2972972972972973
153.08333333333334,295,0.6190126289870731,0.25418764749022743,0.4915254237288136,39,82686,3987,0.30405405405405406
153.16666666666666,294,0.6216108524813386,0.25339751793582094,0.4897959183673469,46,82732,3989,0.30067567567567566
153.25,294,0.6221124246614543,0.26047937318797876,0.4897959183673469,42,82774,3991,0.30067567567567566
153.33333333333334,295,0.6239037231051455,0.26036161573900574,0.488135593220339,32,82806,3992,0.2972972972972973
153.41666666666666,295,0.6277995409592665,0.25275729817852216,0.488135593220339,46,82852,3993,0.30405405405405406
153.5,292,0.6294278945823861,0.25679609616489635,0.4897260273972603,41,82893,3997,0.30405405405405406
153.58333333333334,294,0.6257088994389104,0.25573695012470526,0.48639455782312924,38,82931,3999,0.30067567567567566
153.66666666666666,292,0.6233692946467969,0.25458422855683127,0.4863013698630137,46,82977,4003,0.3108108108108108
153.75,294,0.620378001679165,0.253089890079686,0.48299319727891155,39,83016,4005,0.30067567567567566
153.83333333333334,292,0.6186954223744694,0.2638275819129661,0.4794520547945205,43,83059,4009,0.30743243243243246
153.91666666666666,296,0.617411271696388,0.25917771198491535,0.4831081081081081,40,83099,4009,0.2972972972972973
154.0,295,0.6232498860785306,0.25756399877054864,0.4847457627118644,39,83138,4010,0.30405405405405406
154.08333333333334,292,0.6232920334151011,0.2552938581314315,0.4863013698630137,42,83180,4014,0.3108108108108108
154.16666666666666,293,0.6180849184393066,0.2542766662342479,0.48464163822525597,44,83224,4017,0.30743243243243246
154.25,295,0.6175784144667674,0.25518134273582216,0.47796610169491527,45,83269,4018,0.30067567567567566
154.33333333333334,295,0.6214030264057746,0.24325918633424684,0.47796610169491527,52,83321,4019,0.2972972972972973
154.41666666666666,292,0.6214557933952461,0.2502511520852212,0.4726027397260274,44,83365,4023,0.30067567567567566
154.5,292,0.6150892832637964,0.24647123717516928,0.4657534246575342,55,83420,4027,0.2905405405405405
154.58333333333334,294,0.6113535758826032,0.24919941649719937,0.46258503401360546,33,83453,4029,0.28378378378378377
154.66666666666666,290,0.6065820574886607,0.25713012083701736,0.4586206896551724,47,83500,4035,0.28040540540540543
154.75,291,0.5956131370733218,0.25318704777467665,0.44673539518900346,49,83549,4040,0.2668918918918919
154.83333333333334,295,0.5915541252672453,0.24786730218933606,0.44745762711864406,45,83594,4041,0.25675675675675674
154.91666666666666,292,0.5919162188030228,0.25791935733198873,0.4554794520547945,37,83631,4045,0.26013513513513514
155.0,295,0.5902912040306623,0.25512851861491986,0.44745762711864406,45,83676,4046,0.2533783783783784
155.08333333333334,293,0.59190327455702,0.2549913901568795,0.45051194539249145,34,83710,4049,0.2533783783783784
155.16666666666666,294,0.5909509406955203,0.2550629861973004,0.45918367346938777,36,83746,4051,0.25
155.25,294,0.5920853738005857,0.2678560072358249,0.4557823129251701,44,83790,4053,0.25
155.33333333333334,293,0.5916821282286502,0.26048725980186055,0.447098976109215,43,83833,4056,0.2533783783783784
155.41666666666666,296,0.5934526879483701,0.25664310689370834,0.44594594594594594,39,83872,4056,0.25
155.5,294,0.598591568291446,0.26748530203004617,0.445578231292517,37,83909,4058,0.25675675675675674
155.58333333333334,293,0.5983072464448358,0.26649409536940294,0.447098976109215,44,83953,4061,0.2668918918918919
155.66666666666666,294,0.5972177424268685,0.27181676648335407,0.4489795918367347,34,83987,4063,0.2635135135135135
155.75,296,0.6009331960268576,0.2676940894237406,0.4560810810810811,41,84028,4063,0.25675675675675674
155.83333333333334,293,0.6048090459824436,0.26160926672872065,0.46075085324232085,39,84067,4066,0.25675675675675674
155.91666666666666,295,0.6052895091756102,0.26382645602984583,0.4542372881355932,43,84110,4067,0.25
156.0,296,0.6111385737802008,0.2676299676299676,0.46283783783783783,30,84140,4067,0.25675675675675674
156.08333333333334,295,0.6177410032180761,0.26661820288938937,0.4610169491525424,44,84184,4068,0.2635135135135135
156.16666666666666,294,0.6209485381472787,0.2676503673952654,0.45918367346938777,38,84222,4070,0.2702702702702703
156.25,291,0.6180963143197323,0.27696331923136047,0.4536082474226804,52,84274,4075,0.2668918918918919
156.33333333333334,295,0.6144021272356737,0.2765143237177135,0.44745762711864406,42,84316,4076,0.2533783783783784
156.41666666666666,293,0.6161644130438505,0.27622964653541504,0.447098976109215,36,84352,4079,0.26013513513513514
156.5,294,0.6151751099753018,0.2731929230819937,0.4387755102040816,34,84386,4081,0.25675675675675674
156.58333333333334,294,0.616245351636427,0.2718557964897651,0.43537414965986393,39,84425,4083,0.25675675675675674
156.66666666666666,292,0.6147315891341059,0.27152609298974634,0.4383561643835616,35,84460,4087,0.25675675675675674
156.75,295,0.6129853350801114,0.2828939506661426,0.4406779661016949,32,84492,4088,0.24662162162162163
156.83333333333334,295,0.617522617930239,0.27683902630613344,0.45084745762711864,47,84539,4089,0.25675675675675674
156.91666666666666,294,0.6207629254530946,0.27335366825162744,0.45918367346938777,50,84589,4091,0.26013513513513514
157.0,293,0.6206170860269408,0.283570042017141,0.45733788395904434,40,84629,4094,0.26013513513513514
157.08333333333334,294,0.620879180585237,0.27722272059006753,0.4557823129251701,51,84680,4096,0.25675675675675674
157.16666666666666,294,0.621868200529437,0.27945093455297537,0.46258503401360546,47,84727,4098,0.26013513513513514
157.25,293,0.6216239951234596,0.2869667969497321,0.4709897610921502,47,84774,4101,0.26013513513513514
157.33333333333334,292,0.6179478317652434,0.2850291356284507,0.4691780821917808,48,84822,4105,0.26013513513513514
157.41666666666666,296,0.6173597811796998,0.27791972479472477,0.46959459459459457,42,84864,4105,0.24662162162162163
157.5,294,0.6226545550931822,0.27697246033148776,0.47278911564625853,43,84907,4107,0.2533783783783784
157.58333333333334,295,0.6250754398605279,0.28521745605879323,0.4847457627118644,43,84950,4108,0.25675675675675674
157.66666666666666,296,0.6307970845250408,0.2785958122890368,0.48986486486486486,46,84996,4108,0.25675675675675674
157.75,293,0.6349699872141931,0.2821913384991694,0.4880546075085324,32,85028,4111,0.25675675675675674
157.83333333333334,295,0.6356844737643069,0.2724399682586207,0.4847457627118644,45,85073,4112,0.2533783783783784
157.91666666666666,295,0.6400096677781183,0.269789848717794,0.48135593220338985,28,85101,4113,0.26013513513513514
158.0,295,0.6444549247894072,0.2695564678555803,0.4915254237288136,37,85138,4114,0.2635135135135135
158.08333333333334,294,0.6476359943265776,0.27172765908971713,0.4897959183673469,30,85168,4116,0.2702702702702703
158.16666666666666,291,0.6449373635216749,0.2598712585854317,0.46735395189003437,41,85209,4121,0.2668918918918919
158.25,292,0.6367640884884576,0.25506588161808613,0.4589041095890411,39,85248,4125,0.2635135135135135
158.33333333333334,295,0.6377081064896958,0.24145457244229893,0.4610169491525424,37,85285,4125,0.27364864864864863
158.41666666666666,296,0.6430176899568422,0.2484101396816914,0.46959459459459457,47,85332,4125,0.28040540540540543
158.5,295,0.6492700958927898,0.2555105447186102,0.4847457627118644,43,85375,4126,0.2905405405405405
158.58333333333334,296,0.654434291983166,0.26380502005502005,0.4966216216216216,45,85420,4126,0.2972972972972973
158.66666666666666,293,0.6582755297616786,0.2718089551707299,0.49829351535836175,45,85465,4129,0.2972972972972973
158.75,291,0.6530501243160304,0.2747353257662536,0.5189003436426117,42,85507,4134,0.2939189189189189
158.83333333333334,295,0.6514245744305966,0.2809532749217144,0.5220338983050847,38,85545,4134,0.28716216216216217
158.91666666666666,292,0.6518263167941473,0.29723052855138354,0.5136986301369864,40,85585,4138,0.2905405405405405
159.0,294,0.6512769300571049,0.2909532175542028,0.5340136054421769,39,85624,4139,0.28378378378378377
159.08333333333334,295,0.6529167048246189,0.2928682032571367,0.5457627118644067,33,85657,4140,0.28378378378378377
159.16666666666666,293,0.654478173339649,0.2920022316429667,0.5426621160409556,37,85694,4143,0.2905405405405405
159.25,293,0.6548742123485246,0.29777988955759827,0.5494880546075085,41,85735,4145,0.2972972972972973
159.33333333333334,292,0.6509930515318583,0.2975446995938642,0.547945205479452,32,85767,4149,0.30067567567567566
159.41666666666666,295,0.6479651704883513,0.29461066889471327,0.5457627118644067,45,85812,4150,0.2939189189189189
159.5,295,0.6516199585866793,0.28800950170032574,0.5457627118644067,39,85851,4151,0.2972972972972973
159.58333333333334,294,0.6542009148727276,0.2825398400697486,0.5510204081632653,37,85888,4153,0.2972972972972973
159.66666666666666,294,0.6545765585618959,0.28446017974519033,0.5578231292517006,52,85940,4155,0.2939189189189189
159.75,293,0.6537498117618301,0.2842346226864292,0.552901023890785,35,85975,4158,0.2939189189189189
159.83333333333334,294,0.6519066868759007,0.28379545722086186,0.5510204081632653,49,86024,4160,0.2972972972972973
159.91666666666666,295,0.6534534383127582,0.28512866703398554,0.5491525423728814,36,86060,4161,0.2905405405405405
160.0,294,0.6560841814484479,0.292450228375633,0.5544217687074829,46,86106,4163,0.2972972972972973
160.08333333333334,296,0.6587845154328502,0.2982226600795844,0.5574324324324325,45,86151,4163,0.2972972972972973
160.16666666666666,294,0.663620896960188,0.2924954123851425,0.5612244897959183,58,86209,4165,0.30405405405405406
160.25,294,0.6639557545682699,0.28755387908329955,0.5578231292517006,50,86259,4167,0.3108108108108108
160.33333333333334,296,0.6664664328959596,0.2749107786823304,0.5641891891891891,55,86314,4167,0.30743243243243246
160.41666666666666,291,0.6678661746075785,0.28457791796753756,0.5601374570446735,52,86366,4172,0.3108108108108108
160.5,291,0.6620489093689134,0.26676492721640255,0.5463917525773195,51,86417,4176,0.30067567567567566
160.58333333333334,293,0.6542773536144936,0.26476889690671024,0.5392491467576792,41,86458,4179,0.2905405405405405
160.66666666666666,291,0.6488124452648272,0.2787886383486959,0.5360824742268041,50,86508,4184,0.28040540540540543
160.75,294,0.6427070945850657,0.2677777027504128,0.5306122448979592,46,86554,4186,0.2702702702702703
160.83333333333334,295,0.6444110377419867,0.26465544517295836,0.5389830508474577,38,86592,4187,0.2702702702702703
160.91666666666666,291,0.6436226726991283,0.25359043100509215,0.5360824742268041,49,86641,4192,0.27702702702702703
161.0,295,0.6388792312736905,0.2611080542290361,0.5457627118644067,58,86699,4193,0.27364864864864863
161.08333333333334,295,0.6427931557478306,0.267271852765716,0.5491525423728814,43,86742,4194,0.27364864864864863
161.16666666666666,295,0.6467783581174052,0.26157226986274323,0.5525423728813559,48,86790,4195,0.28040540540540543
161.25,294,0.6494709022842221,0.2752344014370253,0.5612244897959183,53,86843,4197,0.2939189189189189
161.33333333333334,295,0.6510844038325805,0.2632192934856373,0.559322033898305,58,86901,4198,0.2939189189189189
161.41666666666666,292,0.6513062481297798,0.2658143688231751,0.5547945205479452,42,86943,4202,0.30405405405405406
161.5,294,0.6471879003430699,0.26282465509870756,0.5476190476190477,46,86989,4204,0.30067567567567566
161.58333333333334,292,0.6450463325535797,0.2583469503968525,0.541095890410959,40,87029,4208,0.30067567567567566
161.66666666666666,294,0.6409438606748775,0.2520321798383023,0.5374149659863946,43,87072,4210,0.2939189189189189
161.75,292,0.6387365478104776,0.26364336766734026,0.5308219178082192,39,87111,4214,0.2939189189189189
161.83333333333334,293,0.633486052331914,0.2554266552560068,0.5187713310580204,46,87157,4217,0.28378378378378377
161.91666666666666,295,0.6328879031477708,0.2585415055754039,0.5254237288135594,38,87195,4218,0.28378378378378377
162.0,296,0.637885289050107,0.2596294658794659,0.527027027027027,43,87238,4218,0.2972972972972973
162.08333333333334,294,0.64256675380798,0.262717979299612,0.5306122448979592,49,87287,4220,0.3108108108108108
162.16666666666666,293,0.6415959455998617,0.267979366102233,0.5290102389078498,42,87329,4223,0.3108108108108108
162.25,291,0.6358944067276127,0.26248838980797745,0.5292096219931272,50,87379,4228,0.30743243243243246
162.33333333333334,293,0.628418376569746,0.25442545698518393,0.5119453924914675,47,87426,4231,0.2972972972972973
162.41666666666666,290,0.6213333102715712,0.26173352509559406,0.506896551724138,40,87466,4237,0.30405405405405406
162.5,292,0.6106442563650208,0.27066617742987603,0.4965753424657534,50,87516,4241,0.28378378378378377
162.58333333333334,295,0.6084164820728984,0.2752989477565749,0.5016949152542373,41,87557,4242,0.2702702702702703
162.66666666666666,294,0.6112449512136708,0.27253959192734706,0.5,45,87602,4244,0.27364864864864863
162.75,294,0.6121668752855055,0.2650502936217222,0.4965986394557823,48,87650,4246,0.2702702702702703
162.83333333333334,292,0.6104824504673615,0.26182720302094076,0.4931506849315068,54,87704,4250,0.2635135135135135
162.91666666666666,292,0.6046651293845401,0.27706189841651546,0.4863013698630137,45,87749,4254,0.25
163.0,293,0.6002244288717566,0.2721592164784935,0.48464163822525597,41,87790,4257,0.25675675675675674
163.08333333333334,296,0.6019680635441959,0.2665943619847274,0.4797297297297297,45,87835,4257,0.2533783783783784
163.16666666666666,294,0.6072240997139132,0.26811378821769355,0.47959183673469385,38,87873,4259,0.26013513513513514
163.25,293,0.6070956052707326,0.26592774742457825,0.4880546075085324,45,87918,4262,0.2635135135135135
163.33333333333334,295,0.6074689846610262,0.27566312218854594,0.4847457627118644,48,87966,4263,0.2635135135135135
163.41666666666666,293,0.6092303847766278,0.2738060668948041,0.4880546075085324,48,88014,4266,0.28040540540540543
163.5,294,0.6080727084292554,0.2741822614271594,0.48299319727891155,39,88053,4268,0.27702702702702703
163.58333333333334,295,0.610276384188446,0.2782451634994008,0.488135593220339,60,88113,4269,0.27702702702702703
163.66666666666666,296,0.6158922008838772,0.27481774044274043,0.49324324324324326,50,88163,4269,0.27702702702702703
163.75,287,0.6120315703820907,0.28383340430378756,0.4878048780487805,54,88217,4278,0.28378378378378377
163.83333333333334,294,0.5987851741306225,0.2779723394519313,0.47278911564625853,48,88265,4280,0.26013513513513514
163.91666666666666,294,0.5998520595508352,0.27600535000867227,0.46598639455782315,43,88308,4282,0.2668918918918919
164.0,294,0.6007906743303899,0.28259181909514136,0.46598639455782315,47,88355,4284,0.2668918918918919
164.08333333333334,296,0.6044566222712171,0.2819957881004393,0.47635135135135137,43,88398,4284,0.2635135135135135
164.16666666666666,296,0.6122075217255324,0.29471026956492075,0.4831081081081081,50,88448,4284,0.2668918918918919
164.25,293,0.6174642031565598,0.2913502974083179,0.4812286689419795,58,88506,4287,0.27702702702702703
164.33333333333334,296,0.6187553315829293,0.29161204786204786,0.4864864864864865,46,88552,4287,0.27364864864864863
164.41666666666666,295,0.6250230130069072,0.29340124094361386,0.5084745762711864,51,88603,4288,0.27364864864864863
164.5,294,0.628195324391548,0.2797748453360698,0.5102040816326531,42,88645,4290,0.2702702702702703
164.58333333333334,292,0.6267022667986046,0.28195091628310803,0.4965753424657534,37,88682,4294,0.2635135135135135
164.66666666666666,293,0.6224614181914639,0.2805153701058138,0.49829351535836175,39,88721,4297,0.25
164.75,295,0.6255591931520967,0.2886230627609938,0.49830508474576274,44,88765,4298,0.25
164.83333333333334,294,0.6286916434786544,0.2975667853922604,0.5102040816326531,46,88811,4300,0.25675675675675674
164.91666666666666,293,0.6287620708658636,0.2958093104703673,0.5119453924914675,40,88851,4303,0.25675675675675674
165.0,291,0.6236875709938822,0.2992205010957233,0.49828178694158076,46,88897,4308,0.2668918918918919
165.08333333333334,295,0.6201425946222715,0.29595323729455814,0.49830508474576274,43,88940,4309,0.2668918918918919
165.16666666666666,294,0.62298547749796,0.30081874852283014,0.5034013605442177,38,88978,4311,0.2702702702702703
165.25,295,0.6251086871639606,0.3021610216525471,0.511864406779661,44,89022,4312,0.2668918918918919
165.33333333333334,296,0.6306021857006702,0.3028581904398103,0.5202702702702703,40,89062,4312,0.2668918918918919
165.41666666666666,295,0.6369127839181485,0.3070235536519025,0.5254237288135594,49,89111,4313,0.28378378378378377
165.5,293,0.6385773812646165,0.30103005083264694,0.5255972696245734,51,89162,4316,0.28378378378378377
165.58333333333334,293,0.635864096287281,0.3207669976173753,0.5221843003412969,52,89214,4319,0.28040540540540543
165.66666666666666,295,0.639028745375931,0.31203230857422576,0.5254237288135594,39,89253,4319,0.28040540540540543
165.75,295,0.6431174028122407,0.30532414951760367,0.535593220338983,49,89302,4320,0.28378378378378377
165.83333333333334,294,0.6460690544765924,0.31197733673878425,0.5408163265306123,39,89341,4322,0.28040540540540543
165.91666666666666,295,0.6480134944363868,0.29492589235910116,0.5457627118644067,50,89391,4323,0.28040540540540543
166.0,293,0.6499650178971476,0.2993490762016243,0.5426621160409556,48,89439,4326,0.28378378378378377
166.08333333333334,291,0.6449138708608282,0.3034084179680895,0.5360824742268041,47,89486,4331,0.28716216216216217
166.16666666666666,295,0.640062679737614,0.31090897802762213,0.5322033898305085,34,89520,4332,0.28378378378378377
166.25,295,0.6439142377417458,0.3231756191078225,0.5423728813559322,27,89547,4333,0.28716216216216217
166.33333333333334,295,0.6479394809064177,0.31490018456120156,0.5389830508474577,27,89574,4334,0.28716216216216217
166.41666666666666,295,0.6519395888657892,0.310036075036075,0.5423728813559322,37,89611,4335,0.28716216216216217
166.5,295,0.6560105203773422,0.31195779446217786,0.5423728813559322,39,89650,4336,0.28716216216216217
166.58333333333334,296,0.6611879343985158,0.31241504075555804,0.5506756756756757,40,89690,4336,0.2939189189189189
166.66666666666666,295,0.6674394694845749,0.301689512837964,0.5525423728813559,40,89730,4337,0.2972972972972973
166.75,295,0.6714035034500782,0.3007376051443848,0.5627118644067797,37,89767,4338,0.30743243243243246
166.83333333333334,293,0.673007327171872,0.2938854565987672,0.5597269624573379,43,89810,4341,0.3108108108108108
166.91666666666666,293,0.6700001248309709,0.28267719197753327,0.5597269624573379,48,89858,4344,0.30743243243243246
167.0,293,0.6669808626945395,0.27680984165625805,0.552901023890785,59,89917,4347,0.30405405405405406
167.08333333333334,293,0.6640416203436162,0.2787570506853783,0.5426621160409556,44,89961,4350,0.30743243243243246
167.16666666666666,294,0.6621797472965694,0.28496481787298117,0.5408163265306123,43,90004,4352,0.3141891891891892
167.25,294,0.6625506575625956,0.28629677201105774,0.5374149659863946,49,90053,4354,0.32094594594594594
167.33333333333334,294,0.6628717829293209,0.2756766476154231,0.5374149659863946,44,90097,4356,0.32432432432432434
167.41666666666666,294,0.6635607194028292,0.2817654662042417,0.5408163265306123,49,90146,4358,0.3277027027027027
167.5,292,0.6614719710645993,0.30080086390017896,0.5376712328767124,45,90191,4362,0.3310810810810811
167.58333333333334,294,0.6571689553084381,0.2934815279203034,0.5374149659863946,48,90239,4364,0.3277027027027027
167.66666666666666,296,0.6597330576428309,0.2976371601371602,0.5608108108108109,57,90296,4364,0.32432432432432434
167.75,294,0.6645144171547915,0.30733651269365553,0.564625850340136,63,90359,4366,0.3344594594594595
167.83333333333334,293,0.6636307778596277,0.3035727829243188,0.5597269624573379,57,90416,4369,0.3344594594594595
167.91666666666666,294,0.6615124406781488,0.3052297667797316,0.5510204081632653,47,90463,4371,0.33783783783783783
168.0,294,0.6616550946863073,0.3051863011750415,0.5578231292517006,48,90511,4373,0.3310810810810811
168.08333333333334,294,0.6618272979567791,0.3013088955119216,0.5680272108843537,62,90573,4375,0.3310810810810811
168.16666666666666,292,0.6597770060813135,0.29199001183826406,0.5582191780821918,53,90626,4379,0.32432432432432434
168.25,290,0.6507865784988598,0.29199708337639374,0.5586206896551724,55,90681,4385,0.32094594594594594
168.33333333333334,294,0.6421460687730101,0.28007300711382344,0.5374149659863946,56,90737,4387,0.3108108108108108
168.41666666666666,293,0.6412851266579128,0.28988152537640594,0.5358361774744027,40,90777,4390,0.3108108108108108
168.5,292,0.6393426656427552,0.28633129617718656,0.541095890410959,47,90824,4394,0.30743243243243246
168.58333333333334,293,0.6340012901012548,0.2828581638308601,0.5290102389078498,46,90870,4397,0.30743243243243246
168.66666666666666,295,0.6334531070960907,0.27256712214339335,0.5254237288135594,42,90912,4398,0.30067567567567566
168.75,291,0.6357353083529358,0.28529057807408326,0.5326460481099656,53,90965,4402,0.30743243243243246
168.83333333333334,295,0.6310376781301174,0.2700641448946534,0.511864406779661,51,91016,4403,0.2939189189189189
168.91666666666666,293,0.6324294574153766,0.27145937111807417,0.5085324232081911,38,91054,4406,0.2972972972972973
169.0,291,0.627081002941554,0.25239172816492406,0.5017182130584192,40,91094,4411,0.30405405405405406
169.08333333333334,295,0.625890335291401,0.2560627696220917,0.5016949152542373,40,91134,4411,0.2972972972972973
169.16666666666666,294,0.6286926410270189,0.2639559231395966,0.5068027210884354,47,91181,4413,0.30067567567567566
169.25,296,0.6318965574725484,0.2645945927195927,0.5101351351351351,43,91224,4413,0.2972972972972973
169.33333333333334,292,0.6344480230463303,0.2697447909776677,0.5273972602739726,48,91272,4417,0.2972972972972973
169.41666666666666,294,0.6309185575814,0.2563627038116834,0.5272108843537415,39,91311,4419,0.2905405405405405
169.5,295,0.632858967200676,0.2553284577333562,0.5288135593220339,41,91352,4420,0.28716216216216217
169.58333333333334,294,0.6358168277112228,0.2551769859712474,0.5272108843537415,52,91404,4422,0.28716216216216217
169.66666666666666,294,0.6372328885954884,0.25793551806651416,0.5272108843537415,49,91453,4424,0.28716216216216217
169.75,293,0.6380502823951014,0.2575750658717628,0.5255972696245734,39,91492,4427,0.2972972972972973
169.83333333333334,295,0.6376612408851259,0.26217576209101634,0.5254237288135594,52,91544,4428,0.2939189189189189
169.91666666666666,295,0.6416162755816135,0.27139689742595313,0.5322033898305085,57,91601,4429,0.2939189189189189
170.0,291,0.6408489641266712,0.2632150481929569,0.5223367697594502,43,91644,4434,0.2939189189189189
170.08333333333334,291,0.6312366047609709,0.2649384870297978,0.5154639175257731,43,91687,4439,0.28378378378378377
170.16666666666666,296,0.6279761533367871,0.26256941123012556,0.5236486486486487,55,91742,4439,0.28040540540540543
170.25,295,0.6341301428445827,0.2675318735609293,0.5254237288135594,51,91793,4440,0.2939189189189189
170.33333333333334,294,0.6369823335719045,0.27519885497290747,0.5238095238095238,49,91842,4442,0.2972972972972973
170.41666666666666,295,0.6388815908373021,0.2725669232569959,0.5254237288135594,47,91889,4443,0.2905405405405405
170.5,295,0.6429274575643564,0.2722427841192974,0.5288135593220339,52,91941,4444,0.2905405405405405
170.58333333333334,292,0.6434739887007056,0.2721609142108164,0.541095890410959,42,91983,4448,0.2905405405405405
170.66666666666666,295,0.6410699239457893,0.2690821406196709,0.5423728813559322,47,92030,4449,0.28378378378378377
170.75,289,0.63919394748196,0.2755321250372349,0.5363321799307958,33,92063,4456,0.2939189189189189
170.83333333333334,296,0.6313573236455446,0.2715238651285163,0.5236486486486487,40,92103,4456,0.2905405405405405
170.91666666666666,294,0.6360578421643418,0.2750039421195093,0.5408163265306123,55,92158,4458,0.30743243243243246
171.0,295,0.6378822713728715,0.2765006053378146,0.5389830508474577,47,92205,4459,0.30405405405405406
171.08333333333334,295,0.6418459040625976,0.28079676309700524,0.535593220338983,45,92250,4460,0.30405405405405406
171.16666666666666,289,0.6385634539910255,0.2777433913370641,0.5259515570934256,52,92302,4467,0.30067567567567566
171.25,294,0.6284175271123436,0.275473533053708,0.5102040816326531,33,92335,4469,0.27702702702702703
171.33333333333334,293,0.6279209168704255,0.2783702628736882,0.5051194539249146,46,92381,4472,0.28040540540540543
171.41666666666666,291,0.6242723870489332,0.2802317000115358,0.5017182130584192,40,92421,4477,0.27702702702702703
171.5,293,0.617428781171752,0.283241161574342,0.49146757679180886,36,92457,4480,0.28378378378378377
171.58333333333334,296,0.6187028742244364,0.2835591679396472,0.5,47,92504,4480,0.27702702702702703
171.66666666666666,293,0.6225852793996663,0.2895930573662794,0.5085324232081911,56,92560,4483,0.28040540540540543
171.75,294,0.6214654599615502,0.28990330374918694,0.5238095238095238,47,92607,4485,0.27364864864864863
171.83333333333334,296,0.6249605738771429,0.29062917220244805,0.5304054054054054,55,92662,4485,0.27364864864864863
171.91666666666666,295,0.6314751736382861,0.2916077240507398,0.535593220338983,53,92715,4486,0.27702702702702703
172.0,295,0.6358975400165503,0.2923318116392342,0.5423728813559322,47,92762,4487,0.28040540540540543
172.08333333333334,294,0.6390224917991045,0.30352547145298725,0.5374149659863946,47,92809,4489,0.28040540540540543
172.16666666666666,294,0.6399269744431794,0.2986598250057082,0.5340136054421769,57,92866,4491,0.28040540540540543
172.25,294,0.640829737798316,0.29257302599139334,0.5340136054421769,44,92910,4493,0.27702702702702703
172.33333333333334,294,0.641762362179355,0.3090183153958664,0.5476190476190477,56,92966,4495,0.27364864864864863
172.41666666666666,296,0.6451018010318894,0.3053333022083022,0.5371621621621622,55,93021,4495,0.27702702702702703
172.5,295,0.6516402828094197,0.3025495032274693,0.5389830508474577,50,93071,4496,0.28040540540540543
172.58333333333334,291,0.6530227641803646,0.2989325107881809,0.5429553264604811,61,93132,4501,0.28040540540540543
172.66666666666666,293,0.6459286067101581,0.2881788561944584,0.5392491467576792,48,93180,4504,0.28378378378378377
172.75,293,0.6433994387310801,0.288684484430462,0.5290102389078498,50,93230,4507,0.28378378378378377
172.83333333333334,294,0.6419230429434999,0.279352590504194,0.5204081632653061,56,93286,4509,0.27702702702702703
172.91666666666666,294,0.6427056967583444,0.28479021653219905,0.5238095238095238,47,93333,4511,0.28040540540540543
173.0,290,0.6386553861725658,0.27810953328337173,0.5172413793103449,54,93387,4517,0.28040540540540543
173.08333333333334,291,0.6281601772108769,0.2665294819381097,0.5051546391752577,48,93435,4522,0.2635135135135135
173.16666666666666,295,0.6238248270641432,0.2718638720635693,0.5050847457627119,70,93505,4523,0.26013513513513514
173.25,291,0.6237355589120215,0.2741282403920157,0.4948453608247423,39,93544,4528,0.26013513513513514
173.33333333333334,293,0.6170234020561559,0.26546289449961336,0.49146757679180886,45,93589,4531,0.2533783783783784
173.41666666666666,295,0.6170084571874656,0.2688945050663344,0.49491525423728816,55,93644,4532,0.2635135135135135
173.5,293,0.6194934481303084,0.2706924099268456,0.5051194539249146,46,93690,4535,0.27702702702702703
173.58333333333334,295,0.6193709928441639,0.27169002372392204,0.5050847457627119,45,93735,4536,0.28378378378378377
173.66666666666666,293,0.6208046857268192,0.285139689661874,0.5085324232081911,49,93784,4539,0.28716216216216217
173.75,292,0.6167969086197621,0.2938183391950515,0.4965753424657534,54,93838,4543,0.27702702702702703
173.83333333333334,293,0.6119222688606638,0.29025148154840985,0.4948805460750853,52,93890,4546,0.28378378378378377
173.91666666666666,295,0.6118950017540068,0.29429743514489276,0.49491525423728816,48,93938,4547,0.28040540540540543
174.0,294,0.6148359543260846,0.28869153333439046,0.4931972789115646,42,93980,4549,0.28378378378378377
174.08333333333334,295,0.617307672982644,0.28498671761383626,0.4915254237288136,39,94019,4550,0.28040540540540543
174.16666666666666,294,0.6209860650715932,0.28442822294863107,0.48639455782312924,34,94053,4552,0.28716216216216217
174.25,295,0.6230326152236252,0.296332650400447,0.49830508474576274,45,94098,4553,0.28378378378378377
174.33333333333334,296,0.6284116106118606,0.30031256281256286,0.5168918918918919,45,94143,4553,0.2972972972972973
174.41666666666666,294,0.633648522883886,0.3027430342613312,0.5272108843537415,48,94191,4555,0.30067567567567566
174.5,296,0.6368225624522624,0.29704276643931815,0.5304054054054054,42,94233,4555,0.30405405405405406
174.58333333333334,294,0.641777121175094,0.2960371834228273,0.5306122448979592,46,94279,4557,0.30743243243243246
174.66666666666666,294,0.6424231773649804,0.2947684219499842,0.5238095238095238,49,94328,4559,0.3141891891891892
174.75,292,0.6439600475019773,0.2958413742217474,0.523972602739726,40,94368,4562,0.31756756756756754
174.83333333333334,291,0.6363900956599666,0.2921921148725272,0.5085910652920962,31,94399,4567,0.3108108108108108
174.91666666666666,295,0.631577401703979,0.29614517309432564,0.5084745762711864,34,94433,4568,0.2972972972972973
175.0,293,0.6330655699474491,0.29676788891805955,0.5017064846416383,41,94474,4571,0.30067567567567566
175.08333333333334,295,0.6328382923075571,0.3024368475215933,0.5050847457627119,49,94523,4572,0.30067567567567566
175.16666666666666,295,0.6368755529241791,0.31609870355633063,0.5152542372881356,41,94564,4573,0.2972972972972973
175.25,294,0.6396877521022974,0.3072834682446269,0.5136054421768708,41,94605,4575,0.30743243243243246
175.33333333333334,294,0.6437050074162292,0.30094089979441485,0.5102040816326531,51,94656,4576,0.30743243243243246
175.41666666666666,294,0.6444977153538215,0.2853282984757569,0.5068027210884354,57,94713,4578,0.3108108108108108
175.5,296,0.6474088546575669,0.27836393390566627,0.5101351351351351,48,94761,4578,0.3108108108108108
175.58333333333334,291,0.6487558242420047,0.2820978206385518,0.5017182130584192,53,94814,4583,0.31756756756756754
175.66666666666666,294,0.6426315024478746,0.27246803893182386,0.4965986394557823,45,94859,4585,0.30405405405405406
175.75,295,0.6454260481851726,0.271190457376898,0.5050847457627119,47,94906,4586,0.30405405405405406
175.83333333333334,294,0.6480965831945386,0.27427191100660486,0.5068027210884354,47,94953,4588,0.3141891891891892
175.91666666666666,293,0.6472790199450791,0.2624891134129689,0.5085324232081911,58,95011,4591,0.3141891891891892
176.0,295,0.6467297422365786,0.26163811738621795,0.511864406779661,58,95069,4592,0.30405405405405406
176.08333333333334,294,0.6494326004813387,0.26146432020816257,0.5136054421768708,47,95116,4594,0.30405405405405406
176.16666666666666,292,0.6488269053233396,0.2715517647733047,0.5205479452054794,58,95174,4598,0.2972972972972973
176.25,295,0.6460295084891607,0.2685049323038803,0.5152542372881356,62,95236,4599,0.2972972972972973
176.33333333333334,292,0.6463028837628926,0.28750979804062,0.5205479452054794,53,95289,4603,0.2939189189189189
176.41666666666666,293,0.6412799533437915,0.2910749470476433,0.515358361774744,46,95335,4606,0.30405405405405406
176.5,292,0.6370011972664472,0.28991837690467825,0.5068493150684932,47,95382,4610,0.30405405405405406
176.58333333333334,294,0.6331672681888645,0.29149933524717336,0.5102040816326531,49,95431,4612,0.2939189189189189
176.66666666666666,291,0.6302870656264086,0.2943166220206234,0.49828178694158076,43,95474,4617,0.2972972972972973
176.75,296,0.626895678330907,0.2821232064876133,0.5,45,95519,4617,0.2939189189189189
176.83333333333334,294,0.6316050121059789,0.2792122371204004,0.5034013605442177,54,95573,4619,0.30405405405405406
176.91666666666666,296,0.6346568424870529,0.28366378366378364,0.5135135135135135,47,95620,4619,0.2972972972972973
177.0,295,0.6407170631024801,0.28094379255396207,0.5084745762711864,48,95668,4620,0.30405405405405406
177.08333333333334,292,0.6416383372496608,0.2867346409298464,0.5102739726027398,55,95723,4624,0.30743243243243246
177.16666666666666,294,0.6385473157041085,0.2852875771243118,0.5068027210884354,49,95772,4626,0.30405405405405406
177.25,293,0.6375573300797898,0.28351862396231,0.5119453924914675,51,95823,4629,0.30743243243243246
177.33333333333334,295,0.6369646192356202,0.2973554693893677,0.5186440677966102,38,95861,4630,0.30743243243243246
177.41666666666666,292,0.6370014012478615,0.2921376761982572,0.5171232876712328,46,95907,4634,0.30743243243243246
177.5,296,0.6355924854242739,0.297486082184358,0.5236486486486487,40,95947,4634,0.2972972972972973
177.58333333333334,293,0.6391162599413114,0.2956883373971758,0.5290102389078498,31,95978,4637,0.30067567567567566
177.66666666666666,294,0.6374914618762778,0.30677533005998875,0.5306122448979592,39,96017,4639,0.30067567567567566
177.75,294,0.6380033310866176,0.3076202044941236,0.5238095238095238,46,96063,4641,0.2972972972972973
177.83333333333334,295,0.6397891715158974,0.30384982121839343,0.5288135593220339,52,96115,4642,0.2939189189189189
177.91666666666666,293,0.6413314387516789,0.3082998520668446,0.5255972696245734,45,96160,4645,0.2972972972972973
178.0,295,0.6409273543682754,0.3097724014630076,0.5322033898305085,35,96195,4646,0.2939189189189189
178.08333333333334,295,0.6448856909333036,0.3098677514697198,0.535593220338983,29,96224,4647,0.2939189189189189
178.16666666666666,295,0.6489531626259503,0.3095585126859047,0.5322033898305085,39,96263,4648,0.2905405405405405
178.25,295,0.6530295710317404,0.30457494634640614,0.535593220338983,33,96296,4649,0.2905405405405405
178.33333333333334,296,0.6582682658106148,0.3081973300723301,0.5405405405405406,45,96341,4649,0.2939189189189189
178.41666666666666,295,0.6645782172410444,0.29985721434873974,0.5423728813559322,39,96380,4650,0.2939189189189189
178.5,293,0.6663564289451732,0.3004694206059394,0.5392491467576792,48,96428,4653,0.30067567567567566
178.58333333333334,292,0.6623806283201967,0.2964795668562792,0.5342465753424658,49,96477,4657,0.2972972972972973
178.66666666666666,294,0.6583774074449252,0.29253976371323315,0.5306122448979592,42,96519,4659,0.2939189189189189
178.75,293,0.6577350570851868,0.28805278907667986,0.5255972696245734,44,96563,4662,0.30067567567567566
178.83333333333334,295,0.6572229401960805,0.28060307865392614,0.5288135593220339,43,96606,4663,0.2939189189189189
178.91666666666666,292,0.6576930753583586,0.283842109184575,0.5273972602739726,50,96656,4667,0.2972972972972973
179.0,291,0.6545641212049679,0.28461391605721503,0.5326460481099656,51,96707,4671,0.2972972972972973
179.08333333333334,293,0.6470794419746005,0.29674880485460686,0.5392491467576792,47,96754,4674,0.2972972972972973
179.16666666666666,295,0.6464634910032167,0.3008386810929184,0.535593220338983,39,96793,4675,0.30067567567567566
179.25,293,0.6480305146824622,0.3057673460403836,0.5426621160409556,54,96847,4678,0.30743243243243246
179.33333333333334,294,0.6461648235790108,0.3067739799882657,0.54421768707483,36,96883,4680,0.3141891891891892
179.41666666666666,293,0.6452028832512344,0.3008157182218616,0.5392491467576792,42,96925,4683,0.31756756756756754
179.5,294,0.646670075793545,0.29981932008171075,0.5374149659863946,43,96968,4684,0.32432432432432434
179.58333333333334,295,0.6481336179335597,0.2894351854763477,0.5322033898305085,44,97012,4685,0.32432432432432434
179.66666666666666,293,0.6494491756381792,0.30048502610667405,0.5324232081911263,46,97058,4688,0.32432432432432434
179.75,295,0.652157383395358,0.2883375150535755,0.5288135593220339,53,97111,4688,0.32094594594594594
179.83333333333334,296,0.6570265425479253,0.2842245535989092,0.527027027027027,37,97148,4688,0.32432432432432434
179.91666666666666,294,0.6618319973033904,0.2930522180005488,0.5238095238095238,47,97195,4690,0.32432432432432434
180.0,292,0.659891826053726,0.29623586459137574,0.5205479452054794,39,97234,4694,0.31756756756756754
