sim_minutes,n_riders_active,mean_stress_level,mean_congestion_index,pct_on_pavement,n_conflicts_this_step,cumulative_conflicts,deliveries_completed,pct_overdue
0.0,296,0.0,0.0,0.0,0,0,0,0.0
0.08333333333333333,296,0.0,0.24432878526524704,0.030405405405405407,13,13,0,0.0
0.16666666666666666,296,0.009920159458029142,0.24507770788916966,0.030405405405405407,13,26,0,0.0
0.25,296,0.019840318916058284,0.25243794337440517,0.030405405405405407,19,45,0,0.0
0.3333333333333333,296,0.02976047837408743,0.2538131969818016,0.030405405405405407,15,60,0,0.0
0.4166666666666667,296,0.03968063783211657,0.259343274968275,0.04391891891891892,25,85,0,0.0
0.5,296,0.049600797290145715,0.2641758298008298,0.05067567567567568,26,111,0,0.0
0.5833333333333334,296,0.059520956748174855,0.27443867131367133,0.05067567567567568,25,136,0,0.0
0.6666666666666666,296,0.069441116206204,0.27649293884759,0.05067567567567568,24,160,0,0.0
0.75,296,0.07936127566423314,0.26960023507988623,0.0472972972972973,27,187,0,0.0
0.8333333333333334,295,0.08868362287156509,0.26843354385727264,0.05423728813559322,24,211,1,0.0
0.9166666666666666,296,0.09820446226393281,0.26921129733629734,0.05405405405405406,28,239,1,0.0
1.0,296,0.10802490849032609,0.26442029254529253,0.04054054054054054,22,261,1,0.0
1.0833333333333333,296,0.11788231303640652,0.28741106866106864,0.06418918918918919,20,281,1,0.0
1.1666666666666667,296,0.12773971758248692,0.28296962984462987,0.06418918918918919,18,299,1,0.0
1.25,296,0.13759712212856734,0.27102528665028663,0.06756756756756757,22,321,1,0.0
1.3333333333333333,296,0.14745452667464773,0.28318537693537693,0.060810810810810814,16,337,1,0.0
1.4166666666666667,296,0.15731193122072815,0.2827328264828265,0.07094594594594594,26,363,1,0.0
1.5,296,0.16716933576680856,0.2809434840684841,0.060810810810810814,16,379,1,0.0
1.5833333333333333,296,0.17702674031288898,0.30063686313686316,0.08445945945945946,20,399,1,0.0
1.6666666666666667,296,0.1868841448589694,0.284091030966031,0.057432432432432436,11,410,1,0.0
1.75,296,0.19674154940504981,0.2783193251943252,0.06756756756756757,18,428,1,0.0
1.8333333333333333,296,0.20659895395113023,0.2893493612243612,0.08108108108108109,20,448,1,0.0
1.9166666666666667,296,0.21645635849721068,0.28298410485910486,0.07432432432432433,14,462,1,0.0
2.0,296,0.22631376304329107,0.2934906872406872,0.06418918918918919,19,481,1,0.0
2.0833333333333335,296,0.23617116758937148,0.2687100905850906,0.02702702702702703,12,493,1,0.0
2.1666666666666665,296,0.2460285721354519,0.2627562849545608,0.060810810810810814,24,517,1,0.0
2.25,295,0.25493639247718886,0.2728423368955221,0.06440677966101695,21,538,2,0.0
2.3333333333333335,296,0.2638628771270414,0.2776744654977414,0.06418918918918919,21,559,2,0.0
2.4166666666666665,296,0.27365063337310064,0.2843800815783574,0.06756756756756757,25,584,2,0.0
2.5,295,0.2824818051488995,0.3013954689378418,0.06779661016949153,21,605,3,0.0
2.5833333333333335,295,0.2902612299901582,0.3070981937083632,0.06779661016949153,27,632,4,0.0
2.6666666666666665,294,0.29699938450690305,0.2973269549800162,0.06462585034013606,20,652,6,0.0
2.75,296,0.304600374454723,0.30006313131313134,0.06418918918918919,27,679,6,0.0
2.8333333333333335,295,0.3132335711713916,0.2960124903345242,0.05423728813559322,20,699,7,0.0
2.9166666666666665,295,0.3208222741363812,0.30080836333612493,0.04745762711864407,20,719,8,0.0
3.0,296,0.3293279214492665,0.31492476309286654,0.06418918918918919,19,738,8,0.0
3.0833333333333335,293,0.335739475877972,0.3105566801224092,0.06143344709897611,18,756,11,0.0
3.1666666666666665,296,0.34185023334572434,0.29374297941108285,0.06756756756756757,25,781,11,0.0
3.25,294,0.34910506321915363,0.29431377423108596,0.07142857142857142,23,804,13,0.0
3.3333333333333335,295,0.35511784839965893,0.28590543166814353,0.061016949152542375,24,828,14,0.0
3.4166666666666665,295,0.3623156516669555,0.2948259179615112,0.0847457627118644,24,852,15,0.0
3.5,295,0.36931811708798884,0.29403161809941475,0.07796610169491526,22,874,16,0.0
3.5833333333333335,294,0.37515933979486243,0.298214974745587,0.1054421768707483,28,902,18,0.0
3.6666666666666665,295,0.3808764442620661,0.29744558675300936,0.09491525423728814,25,927,19,0.0
3.75,293,0.3852361443111535,0.3019104794676845,0.08532423208191127,22,949,22,0.0
3.8333333333333335,296,0.3904918741583852,0.3104726813316715,0.09797297297297297,22,971,22,0.0
3.9166666666666665,295,0.39865093675842234,0.31504037291922404,0.10847457627118644,22,993,23,0.0
4.0,295,0.405531806296858,0.3115937828649693,0.11186440677966102,28,1021,24,0.0
4.083333333333333,293,0.41020892268710535,0.2916833450963144,0.10238907849829351,23,1044,27,0.0
4.166666666666667,292,0.4106174424142958,0.2920997571682503,0.11986301369863013,22,1066,31,0.0
4.25,294,0.4115948280086766,0.2937290226259262,0.1054421768707483,22,1088,33,0.0
4.333333333333333,292,0.4151282671183672,0.30741821947537584,0.1095890410958904,28,1116,37,0.0
4.416666666666667,294,0.41617738006186256,0.32871355812066577,0.12244897959183673,30,1146,39,0.0
4.5,295,0.4211186108067831,0.3121756021756022,0.1423728813559322,23,1169,40,0.0
4.583333333333333,295,0.4274708355695598,0.32049962278775834,0.1694915254237288,28,1197,41,0.0
4.666666666666667,296,0.434967687770993,0.3161782193032193,0.15878378378378377,19,1216,41,0.0
4.75,295,0.4428099192420056,0.3219033602931908,0.16610169491525423,27,1243,42,0.0
4.833333333333333,295,0.4492514505615936,0.31732249859368505,0.17288135593220338,26,1269,43,0.0
4.916666666666667,292,0.45170070892331116,0.29270821454040635,0.1404109589041096,19,1288,47,0.0
5.0,295,0.4532907095158191,0.2785296624279675,0.15593220338983052,33,1321,48,0.0
5.083333333333333,294,0.4584512111215909,0.2752288908604883,0.14965986394557823,19,1340,50,0.0
5.166666666666667,294,0.461964154444797,0.26824754076689333,0.14625850340136054,10,1350,52,0.0
5.25,295,0.46650619639133195,0.27104065260498866,0.13559322033898305,18,1368,53,0.0
5.333333333333333,294,0.4716042937248182,0.27794455297094284,0.13945578231292516,13,1381,55,0.0
5.416666666666667,292,0.47361546986129754,0.28360527410740377,0.15753424657534246,20,1401,59,0.0
5.5,291,0.47028810992258513,0.282638685282735,0.140893470790378,22,1423,64,0.0
5.583333333333333,294,0.4684993369084655,0.2841527604943199,0.16326530612244897,20,1443,66,0.0
5.666666666666667,295,0.4728234223088046,0.27110932254569137,0.17288135593220338,25,1468,67,0.0
5.75,293,0.47647669485403515,0.26831284978278036,0.17747440273037543,24,1492,70,0.0
5.833333333333333,294,0.47793780813363157,0.2657528699048755,0.1836734693877551,28,1520,72,0.0
5.916666666666667,295,0.48215329588310524,0.267711629561425,0.19322033898305085,29,1549,73,0.0
6.0,295,0.488051053353764,0.2613464219396423,0.2135593220338983,35,1584,74,0.0
6.083333333333333,294,0.49337911102807147,0.26687555641637273,0.21428571428571427,38,1622,76,0.0
6.166666666666667,294,0.49720362278946734,0.2764103715634328,0.23129251700680273,35,1657,78,0.0
6.25,294,0.5029490059331552,0.2745206324287957,0.25510204081632654,35,1692,79,0.0
6.333333333333333,295,0.5066638570857268,0.27505577285238303,0.2847457627118644,25,1717,80,0.0
6.416666666666667,294,0.5112387925906466,0.2614728525442811,0.2891156462585034,37,1754,82,0.0
6.5,296,0.5163176078659452,0.2727487883737884,0.2905405405405405,39,1793,82,0.0
6.583333333333333,293,0.521202308042455,0.26784472637714957,0.3003412969283277,29,1822,85,0.0
6.666666666666667,292,0.5200867988850995,0.2606825252373198,0.3082191780821918,35,1857,89,0.0
6.75,289,0.5133935398053767,0.2615035181767757,0.29411764705882354,41,1898,96,0.0
6.833333333333333,293,0.5058026598104378,0.2492468458460657,0.2832764505119454,37,1935,99,0.0
6.916666666666667,293,0.5057200019958037,0.26543355068464775,0.2935153583617747,27,1962,102,0.0
7.0,296,0.508891523384725,0.27199614387114385,0.28378378378378377,29,1991,102,0.0
7.083333333333333,293,0.5135975545506837,0.27364085478419947,0.2935153583617747,33,2024,105,0.0
7.166666666666667,291,0.5102914243369121,0.26855661520609975,0.27835051546391754,31,2055,110,0.0
7.25,292,0.5078869919302587,0.2606787713808262,0.2910958904109589,31,2086,113,0.0
7.333333333333333,294,0.5064803268834939,0.2587503199748098,0.3129251700680272,27,2113,115,0.0
7.416666666666667,289,0.5030953719070145,0.25746218476799554,0.31833910034602075,41,2154,122,0.0
7.5,292,0.49408040115459806,0.24051214262303067,0.3047945205479452,31,2185,126,0.0
7.583333333333333,292,0.49008199492786136,0.23663965476081678,0.2945205479452055,33,2218,130,0.0
7.666666666666667,294,0.48904696895243205,0.2533944331270158,0.30612244897959184,35,2253,132,0.0
7.75,292,0.48856806786988277,0.2512998423662099,0.3047945205479452,31,2284,136,0.0033783783783783786
7.833333333333333,292,0.48418714703055576,0.2520761015476415,0.3047945205479452,43,2327,140,0.0033783783783783786
7.916666666666667,290,0.4776079550325311,0.2603113652102951,0.30689655172413793,31,2358,146,0.0033783783783783786
8.0,294,0.472969698804778,0.2668747648603384,0.3129251700680272,29,2387,148,0.0
8.083333333333334,295,0.47646367202131684,0.2685240478723822,0.3152542372881356,32,2419,149,0.0
8.166666666666666,294,0.4802174393629526,0.26863778885299394,0.3231292517006803,28,2447,151,0.0
8.25,292,0.48154321076493134,0.28998518790734645,0.3595890410958904,29,2476,155,0.0
8.333333333333334,295,0.48177203253010575,0.2940916913716258,0.3593220338983051,30,2506,156,0.0
8.416666666666666,294,0.48498694629566735,0.28732437252845416,0.3673469387755102,28,2534,158,0.0033783783783783786
8.5,294,0.4872325948646567,0.2980383373240516,0.3673469387755102,31,2565,160,0.0
8.583333333333334,292,0.48689255516513597,0.2959839807038514,0.3561643835616438,40,2605,164,0.0
8.666666666666666,293,0.4853532035128009,0.286684447520625,0.3583617747440273,30,2635,167,0.0
8.75,295,0.4871144369000138,0.2943491442643985,0.34915254237288135,33,2668,168,0.0
8.833333333333334,289,0.4843718638958521,0.2903727760129144,0.3460207612456747,30,2698,175,0.0
8.916666666666666,295,0.4793951111427771,0.29610520364757653,0.36271186440677966,33,2731,176,0.0
9.0,294,0.4828673419789487,0.2943502453706535,0.36394557823129253,33,2764,178,0.0033783783783783786
9.083333333333334,295,0.4860449316639899,0.2925112928502759,0.36271186440677966,26,2790,179,0.013513513513513514
9.166666666666666,294,0.4895951118054183,0.2963450381817729,0.36394557823129253,34,2824,181,0.013513513513513514
9.25,294,0.4912683873042888,0.30759207723493437,0.391156462585034,46,2870,183,0.016891891891891893
9.333333333333334,292,0.4906207433709016,0.30100563439604533,0.3732876712328767,30,2900,187,0.016891891891891893
9.416666666666666,291,0.4844246721721487,0.3095956162966472,0.36082474226804123,31,2931,192,0.016891891891891893
9.5,293,0.4791740343691719,0.3197758238835762,0.36177474402730375,45,2976,195,0.013513513513513514
9.583333333333334,292,0.479612417881196,0.32833250680608805,0.3595890410958904,37,3013,198,0.013513513513513514
9.666666666666666,294,0.47824204002066584,0.33408110861537754,0.36054421768707484,32,3045,200,0.013513513513513514
9.75,294,0.48052187435367133,0.3360766538324971,0.36394557823129253,33,3078,202,0.013513513513513514
9.833333333333334,296,0.4854675159948939,0.34009243218534985,0.375,30,3108,202,0.013513513513513514
9.916666666666666,292,0.48816385697898507,0.33081477122573016,0.3698630136986301,30,3138,206,0.016891891891891893
10.0,294,0.48663226587761044,0.34037844241925874,0.3673469387755102,36,3174,208,0.013513513513513514
10.083333333333334,294,0.4879592232031534,0.3350085666412197,0.3707482993197279,32,3206,210,0.02364864864864865
10.166666666666666,293,0.4878988379265001,0.3429873593045341,0.37542662116040953,36,3242,213,0.016891891891891893
10.25,294,0.49111487906948736,0.3359773716873336,0.35374149659863946,29,3271,214,0.02027027027027027
10.333333333333334,291,0.48862943619284455,0.3365269797604238,0.3470790378006873,34,3305,219,0.013513513513513514
10.416666666666666,294,0.4852250953955642,0.31082688065998343,0.3469387755102041,36,3341,221,0.013513513513513514
10.5,295,0.4885577258462964,0.3263326786208142,0.3694915254237288,26,3367,222,0.016891891891891893
10.583333333333334,294,0.492446941895506,0.31736969601149756,0.36394557823129253,28,3395,224,0.02027027027027027
10.666666666666666,296,0.49737554538408146,0.316799117122393,0.3716216216216216,30,3425,224,0.02027027027027027
10.75,292,0.4995434306786849,0.3103475390142844,0.3698630136986301,34,3459,228,0.02027027027027027
10.833333333333334,295,0.5005273708131535,0.31259260545935,0.36610169491525424,30,3489,229,0.016891891891891893
10.916666666666666,291,0.4989185333800933,0.3139355779242022,0.3642611683848797,39,3528,234,0.016891891891891893
11.0,294,0.4955130231861508,0.3080809027941329,0.3673469387755102,30,3558,236,0.010135135135135136
11.083333333333334,295,0.49884264907075593,0.30508024931753747,0.3423728813559322,39,3597,237,0.010135135135135136
11.166666666666666,296,0.5055334468058486,0.306211824961825,0.34797297297297297,28,3625,237,0.010135135135135136
11.25,293,0.5098005842139854,0.31040505758935794,0.36860068259385664,33,3658,240,0.02027027027027027
11.333333333333334,295,0.5112746047765179,0.31028178036652615,0.376271186440678,33,3691,241,0.02364864864864865
11.416666666666666,292,0.5142482406217451,0.3073999728817868,0.3664383561643836,33,3724,245,0.02027027027027027
11.5,295,0.5144835094148101,0.29105411241908324,0.36271186440677966,33,3757,246,0.02027027027027027
11.583333333333334,292,0.5176184573361144,0.304455197443781,0.3767123287671233,34,3791,250,0.02702702702702703
11.666666666666666,291,0.5119708546776844,0.30823111296536176,0.3848797250859107,37,3828,255,0.033783783783783786
11.75,295,0.5104391098348935,0.29783472615992007,0.37966101694915255,37,3865,256,0.033783783783783786
11.833333333333334,291,0.510496631961873,0.2964685273308373,0.36769759450171824,32,3897,261,0.033783783783783786
11.916666666666666,295,0.5081972153642766,0.2964238650275093,0.3864406779661017,39,3936,262,0.037162162162162164
12.0,292,0.5096308263515963,0.2979804795117907,0.3835616438356164,33,3969,266,0.04391891891891892
12.083333333333334,296,0.5107732317512661,0.29160964518107374,0.3614864864864865,37,4006,266,0.04391891891891892
12.166666666666666,292,0.5127723677509637,0.29343219430058964,0.3595890410958904,33,4039,270,0.0472972972972973
12.25,293,0.5100266695720808,0.29432338477925996,0.36177474402730375,40,4079,273,0.05405405405405406
12.333333333333334,292,0.506686491160994,0.2791873081256643,0.3493150684931507,37,4116,277,0.060810810810810814
12.416666666666666,293,0.5079347921122958,0.27742045032930723,0.3515358361774744,31,4147,279,0.060810810810810814
12.5,294,0.508902271805948,0.2814382462759847,0.3469387755102041,36,4183,281,0.057432432432432436
12.583333333333334,295,0.5128477598202615,0.2852735491072176,0.3593220338983051,30,4213,282,0.060810810810810814
12.666666666666666,293,0.5158569058322147,0.28649616277168777,0.378839590443686,47,4260,285,0.06756756756756757
12.75,292,0.5139712822766315,0.2821572630604439,0.3698630136986301,42,4302,289,0.06418918918918919
12.833333333333334,295,0.5132986691967465,0.2714004448103845,0.3559322033898305,34,4336,290,0.060810810810810814
12.916666666666666,292,0.5134319231433223,0.26791706168737744,0.3561643835616438,41,4377,294,0.060810810810810814
13.0,293,0.5100783156973638,0.264165478597463,0.34812286689419797,40,4417,297,0.057432432432432436
13.083333333333334,295,0.5112283033879943,0.2611080525608371,0.3525423728813559,36,4453,298,0.06756756756756757
13.166666666666666,294,0.514520335888338,0.2730929299077987,0.35374149659863946,32,4485,300,0.07094594594594594
13.25,295,0.5180563851946928,0.2659434539095556,0.3525423728813559,34,4519,301,0.07094594594594594
13.333333333333334,294,0.5219043273377113,0.2602160486635705,0.3401360544217687,25,4544,303,0.07094594594594594
13.416666666666666,292,0.5223584336802576,0.25951379806255775,0.3595890410958904,34,4578,307,0.07094594594594594
13.5,290,0.5153482425413283,0.2559897817009466,0.3448275862068966,28,4606,313,0.07432432432432433
13.583333333333334,292,0.5070997201278641,0.2508208167668367,0.339041095890411,31,4637,317,0.08108108108108109
13.666666666666666,293,0.5047364778670576,0.2497254171168494,0.33447098976109213,31,4668,320,0.08108108108108109
13.75,296,0.5073537578900964,0.2583851208851209,0.3344594594594595,28,4696,320,0.08445945945945946
13.833333333333334,289,0.5056834145947833,0.2557154494870758,0.328719723183391,38,4734,327,0.08445945945945946
13.916666666666666,293,0.4977037847686907,0.2584932795683649,0.3310580204778157,37,4771,330,0.0777027027027027
14.0,289,0.4899698460491271,0.24831037858719518,0.3217993079584775,30,4801,337,0.08108108108108109
14.083333333333334,290,0.480639712707038,0.2421046960702133,0.31724137931034485,24,4825,342,0.07432432432432433
14.166666666666666,292,0.47211268692146807,0.23102300162704037,0.2910958904109589,32,4857,346,0.06418918918918919
14.25,295,0.47509455164239756,0.2371682658532454,0.29152542372881357,35,4892,347,0.05405405405405406
14.333333333333334,294,0.4782359028775123,0.24630831252600358,0.30272108843537415,26,4918,349,0.06418918918918919
14.416666666666666,289,0.47151579786568754,0.2544509130772147,0.3079584775086505,32,4950,356,0.06756756756756757
14.5,294,0.4681701108650013,0.2561665938733891,0.30612244897959184,27,4977,357,0.057432432432432436
14.583333333333334,296,0.47290217161458753,0.2560644401216435,0.30743243243243246,32,5009,357,0.057432432432432436
14.666666666666666,294,0.4779094754837864,0.2615584336874548,0.30952380952380953,28,5037,359,0.06756756756756757
14.75,291,0.474617645885103,0.25631473436308133,0.3230240549828179,32,5069,364,0.07094594594594594
14.833333333333334,294,0.4731703035558687,0.26191700498526677,0.3197278911564626,28,5097,366,0.06756756756756757
14.916666666666666,294,0.475412993193692,0.2675107798084575,0.3197278911564626,24,5121,368,0.06756756756756757
15.0,293,0.47543190595271,0.28635125972715714,0.32081911262798635,25,5146,371,0.07432432432432433
15.083333333333334,294,0.4763339084118527,0.2861771279258964,0.3333333333333333,31,5177,373,0.07094594594594594
15.166666666666666,293,0.4765524884632376,0.2696553642505155,0.32764505119453924,30,5207,376,0.07432432432432433
15.25,291,0.4736653634054674,0.26288854330091443,0.3230240549828179,30,5237,381,0.07094594594594594
15.333333333333334,295,0.4716008547745868,0.25978229868060376,0.3220338983050847,34,5271,382,0.06756756756756757
15.416666666666666,291,0.4706011835618298,0.27105741719143783,0.3230240549828179,34,5305,387,0.07094594594594594
15.5,293,0.46531734795499813,0.26187867877287674,0.30716723549488056,25,5330,390,0.06418918918918919
15.583333333333334,294,0.466070052755305,0.2672616027207864,0.30952380952380953,30,5360,392,0.06418918918918919
15.666666666666666,291,0.46472258772871244,0.26063355315932635,0.29896907216494845,25,5385,397,0.06418918918918919
15.75,296,0.46472224195838774,0.2701224451224451,0.2905405405405405,24,5409,397,0.060810810810810814
15.833333333333334,294,0.46949442264459834,0.2796962580125845,0.2925170068027211,34,5443,399,0.06418918918918919
15.916666666666666,293,0.46921308263887934,0.2872890003436079,0.2935153583617747,35,5478,402,0.060810810810810814
16.0,294,0.4702052466205893,0.2850474449964246,0.29591836734693877,26,5504,404,0.05405405405405406
16.083333333333332,288,0.4621530709141051,0.28184746387871384,0.2847222222222222,25,5529,412,0.060810810810810814
16.166666666666668,292,0.4522399380424362,0.2620288482446017,0.2568493150684932,21,5550,416,0.057432432432432436
16.25,292,0.4498236416721519,0.27620321079225185,0.2568493150684932,25,5575,419,0.057432432432432436
16.333333333333332,293,0.44699567070248625,0.2758682727966004,0.25597269624573377,25,5600,422,0.05405405405405406
16.416666666666668,296,0.4504941888793819,0.26049874487374486,0.25675675675675674,32,5632,422,0.05405405405405406
16.5,295,0.45677277466015487,0.253649598988582,0.26440677966101694,31,5663,423,0.05405405405405406
16.583333333333332,294,0.45981231675594936,0.2570371333126435,0.2585034013605442,21,5684,425,0.05067567567567568
16.666666666666668,290,0.45545218605032867,0.26187016049085016,0.2413793103448276,24,5708,431,0.05067567567567568
16.75,293,0.44937512091106474,0.2510226974390797,0.24232081911262798,24,5732,434,0.04391891891891892
16.833333333333332,292,0.4464837999430519,0.25160111990827627,0.2363013698630137,24,5756,438,0.04054054054054054
16.916666666666668,294,0.4471251668833774,0.26281333966942694,0.24829931972789115,20,5776,440,0.037162162162162164
17.0,295,0.45040176226237494,0.2618503157340095,0.24745762711864408,22,5798,441,0.04054054054054054
17.083333333333332,292,0.4526345654870447,0.27009591468731764,0.25,20,5818,445,0.037162162162162164
17.166666666666668,294,0.4519347672717436,0.27226499879561106,0.2585034013605442,32,5850,447,0.030405405405405407
17.25,292,0.4510246988334939,0.27707957947683975,0.2636986301369863,21,5871,451,0.030405405405405407
17.333333333333332,291,0.44773488624177205,0.273094383661394,0.2611683848797251,31,5902,455,0.030405405405405407
17.416666666666668,293,0.4431735237935666,0.27925274700018726,0.2696245733788396,22,5924,458,0.02702702702702703
17.5,295,0.44570565864729916,0.27281943417536636,0.2677966101694915,26,5950,459,0.02364864864864865
17.583333333333332,291,0.44644865919737053,0.2843791406506183,0.27835051546391754,27,5977,464,0.02364864864864865
17.666666666666668,294,0.4436189587206704,0.2797233039286757,0.2755102040816326,23,6000,466,0.02027027027027027
17.75,295,0.4480701529354,0.29425136447637906,0.28135593220338984,24,6024,467,0.016891891891891893
17.833333333333332,294,0.45282536763671216,0.28798480810854726,0.282312925170068,22,6046,469,0.02027027027027027
17.916666666666668,294,0.4553833743359662,0.280179066400624,0.2789115646258503,27,6073,471,0.02702702702702703
18.0,292,0.454272440389065,0.2803435345948336,0.273972602739726,26,6099,475,0.02702702702702703
18.083333333333332,295,0.4550360771127724,0.271189452147956,0.27796610169491526,24,6123,476,0.02364864864864865
18.166666666666668,292,0.4555024597448011,0.2756014353174249,0.273972602739726,25,6148,480,0.02702702702702703
18.25,295,0.4558824338553758,0.27377833089697495,0.2711864406779661,24,6172,481,0.030405405405405407
18.333333333333332,295,0.4613078479671534,0.2870619681636631,0.27796610169491526,28,6200,482,0.030405405405405407
18.416666666666668,295,0.4664796309747122,0.2953815675849574,0.29152542372881357,23,6223,483,0.033783783783783786
18.5,292,0.4668123535318605,0.3011895733642309,0.2842465753424658,29,6252,487,0.033783783783783786
18.583333333333332,294,0.46543544967821754,0.2961872620563683,0.2857142857142857,27,6279,489,0.037162162162162164
18.666666666666668,294,0.46729147294486845,0.30206615262913644,0.2857142857142857,29,6308,491,0.037162162162162164
18.75,293,0.4680821583414103,0.30962304926645284,0.30716723549488056,20,6328,494,0.04391891891891892
18.833333333333332,296,0.4715818867846211,0.31114336372957063,0.31756756756756754,29,6357,494,0.037162162162162164
18.916666666666668,292,0.4745724974336104,0.31301068866314496,0.3253424657534247,28,6385,498,0.037162162162162164
19.0,292,0.4711163364355687,0.31172885530467015,0.339041095890411,32,6417,502,0.033783783783783786
19.083333333333332,294,0.47019671356715226,0.31875928304499734,0.3469387755102041,39,6456,504,0.02702702702702703
19.166666666666668,295,0.47351392922692803,0.33051551891745595,0.34915254237288135,31,6487,505,0.02702702702702703
19.25,292,0.47444868718405847,0.34168342936689317,0.339041095890411,39,6526,509,0.02702702702702703
19.333333333333332,296,0.4763493040735905,0.32426738855310283,0.34121621621621623,41,6567,509,0.02364864864864865
19.416666666666668,293,0.4814346367596157,0.3339083921117076,0.33447098976109213,32,6599,512,0.02702702702702703
19.5,295,0.4833389201141627,0.32549649973378786,0.34576271186440677,29,6628,513,0.030405405405405407
19.583333333333332,292,0.4848444313616187,0.32398216938277463,0.339041095890411,32,6660,517,0.033783783783783786
19.666666666666668,294,0.48352244810943984,0.33413924181603344,0.3707482993197279,35,6695,519,0.033783783783783786
19.75,293,0.48385631436576787,0.33697059151658726,0.36860068259385664,24,6719,522,0.037162162162162164
19.833333333333332,294,0.4840006824487212,0.3304141534437101,0.36054421768707484,39,6758,524,0.033783783783783786
19.916666666666668,290,0.47941523240704964,0.3253545787017844,0.35517241379310344,42,6800,530,0.033783783783783786
20.0,293,0.4741681872170476,0.3277298643192488,0.3310580204778157,50,6850,533,0.030405405405405407
20.083333333333332,293,0.47297369686099644,0.32498741304202056,0.32764505119453924,37,6887,536,0.030405405405405407
20.166666666666668,295,0.4746645641803443,0.32013067847598153,0.3288135593220339,35,6922,537,0.037162162162162164
20.25,290,0.4721653724965918,0.32177293937960216,0.33793103448275863,33,6955,543,0.037162162162162164
20.333333333333332,295,0.4690379887542725,0.3065896708226499,0.3389830508474576,31,6986,544,0.033783783783783786
20.416666666666668,295,0.4754626348921499,0.2940206306509093,0.33559322033898303,30,7016,545,0.033783783783783786
20.5,293,0.477219760121939,0.29749544128701877,0.32081911262798635,39,7055,548,0.033783783783783786
20.583333333333332,289,0.46968696079235733,0.3183791218393294,0.34256055363321797,29,7084,555,0.02702702702702703
20.666666666666668,293,0.46287890491429684,0.31608700362966574,0.34812286689419797,32,7116,558,0.02027027027027027
20.75,294,0.464291985112179,0.2984501798277308,0.3231292517006803,22,7138,560,0.02027027027027027
20.833333333333332,291,0.46451345262054566,0.30690443577041515,0.32646048109965636,32,7170,565,0.02364864864864865
20.916666666666668,295,0.4630585505843513,0.3118382276856853,0.3220338983050847,24,7194,566,0.02364864864864865
21.0,292,0.4637461076445522,0.31087967594521676,0.3150684931506849,28,7222,570,0.02364864864864865
21.083333333333332,294,0.46298171712106306,0.30217416943314196,0.29931972789115646,37,7259,572,0.02364864864864865
21.166666666666668,295,0.46700492011704103,0.3018421898901151,0.29152542372881357,27,7286,573,0.02702702702702703
21.25,293,0.46944082114457075,0.2990647603805189,0.27303754266211605,34,7320,576,0.02702702702702703
21.333333333333332,292,0.4668192148392375,0.29366575467780004,0.2773972602739726,32,7352,580,0.02702702702702703
21.416666666666668,292,0.4651091560515239,0.29064952361185237,0.3047945205479452,31,7383,584,0.02702702702702703
21.5,290,0.4588527746574185,0.3004344410378893,0.29310344827586204,30,7413,590,0.02364864864864865
21.583333333333332,295,0.45590307613551595,0.2934898246762654,0.29491525423728815,33,7446,591,0.016891891891891893
21.666666666666668,296,0.4625310011066938,0.30516825668035347,0.2972972972972973,21,7467,591,0.016891891891891893
21.75,295,0.46907848985126044,0.30681578460419356,0.29152542372881357,33,7500,592,0.016891891891891893
21.833333333333332,294,0.47404729358529113,0.3007357613771608,0.29931972789115646,32,7532,594,0.013513513513513514
21.916666666666668,296,0.47911343973020576,0.30272822078548683,0.30743243243243246,27,7559,594,0.016891891891891893
22.0,294,0.4846931671106932,0.3079543748589692,0.3129251700680272,35,7594,596,0.02027027027027027
22.083333333333332,291,0.4816534666372106,0.3172662392501276,0.3230240549828179,37,7631,601,0.02027027027027027
22.166666666666668,293,0.4776173000499191,0.3191075897468782,0.3242320819112628,36,7667,604,0.016891891891891893
22.25,292,0.4758564313986974,0.316639705423952,0.3219178082191781,30,7697,608,0.02364864864864865
22.333333333333332,293,0.4726707238898696,0.3172402100851638,0.31399317406143346,25,7722,611,0.02364864864864865
22.416666666666668,291,0.46904187004341946,0.3221619909027862,0.32989690721649484,33,7755,616,0.02027027027027027
22.5,293,0.46522341908904064,0.31537034123577273,0.3378839590443686,28,7783,619,0.02702702702702703
22.583333333333332,292,0.46229838005687574,0.30531658084251034,0.3321917808219178,23,7806,623,0.02702702702702703
22.666666666666668,296,0.4641403436017287,0.2993933712683713,0.34121621621621623,31,7837,623,0.02702702702702703
22.75,296,0.47234880389726097,0.305361445986446,0.33783783783783783,24,7861,623,0.02702702702702703
22.833333333333332,292,0.47484004670806773,0.3058254812738792,0.3253424657534247,33,7894,627,0.030405405405405407
22.916666666666668,292,0.47242546423906834,0.2973552889851938,0.3184931506849315,30,7924,631,0.037162162162162164
23.0,294,0.4729777556470943,0.30265710259224615,0.3333333333333333,21,7945,633,0.033783783783783786
23.083333333333332,293,0.47254048983458136,0.29681607736215243,0.3378839590443686,30,7975,636,0.033783783783783786
23.166666666666668,294,0.4726171051532798,0.28710164520005405,0.3299319727891156,28,8003,638,0.033783783783783786
23.25,295,0.4757538622282776,0.28624936237116644,0.33220338983050846,23,8026,639,0.033783783783783786
23.333333333333332,293,0.4777671206845789,0.2839993620912809,0.3378839590443686,29,8055,642,0.030405405405405407
23.416666666666668,295,0.4827737810006738,0.271996891996892,0.3389830508474576,22,8077,642,0.02702702702702703
23.5,295,0.48804362954109015,0.2757161670720993,0.3559322033898305,27,8104,643,0.030405405405405407
23.583333333333332,292,0.4912353835537246,0.28924895364474623,0.3561643835616438,28,8132,647,0.030405405405405407
23.666666666666668,296,0.49267249139965613,0.28223760116041224,0.3547297297297297,34,8166,647,0.033783783783783786
23.75,294,0.49814281006338307,0.28007826469102687,0.3469387755102041,35,8201,649,0.033783783783783786
23.833333333333332,290,0.4974509526806129,0.28225101544464326,0.33448275862068966,34,8235,655,0.033783783783783786
23.916666666666668,294,0.4922858807738322,0.27515952490442286,0.32653061224489793,35,8270,657,0.033783783783783786
24.0,293,0.492565126415074,0.27416405172377867,0.3242320819112628,30,8300,660,0.037162162162162164
24.083333333333332,294,0.492295438898835,0.25864110379416505,0.3231292517006803,31,8331,662,0.04054054054054054
24.166666666666668,293,0.4954949164435233,0.26914012229711887,0.32081911262798635,33,8364,664,0.04054054054054054
24.25,292,0.4919209899780498,0.2672516695633134,0.3150684931506849,28,8392,668,0.04054054054054054
24.333333333333332,296,0.49335155493160765,0.27435987435987436,0.32094594594594594,23,8415,668,0.030405405405405407
24.416666666666668,292,0.4960889775629459,0.2796240292668021,0.3219178082191781,40,8455,672,0.037162162162162164
24.5,290,0.4892965747013527,0.2892586918300355,0.3103448275862069,26,8481,678,0.037162162162162164
24.583333333333332,291,0.4823658081076734,0.27572786162370233,0.29896907216494845,24,8505,683,0.04054054054054054
24.666666666666668,294,0.4791093392215489,0.28796337859497606,0.3231292517006803,30,8535,685,0.04054054054054054
24.75,294,0.48284761895862205,0.2845156921687534,0.3299319727891156,20,8555,687,0.037162162162162164
24.833333333333332,294,0.4850160189599449,0.2879453218738933,0.3401360544217687,34,8589,689,0.037162162162162164
24.916666666666668,295,0.4883040866198977,0.28663181451317044,0.3389830508474576,40,8629,690,0.033783783783783786
25.0,291,0.4890076149467991,0.2794339871659459,0.3333333333333333,35,8664,695,0.033783783783783786
25.083333333333332,294,0.4862813447622632,0.2842911906687417,0.3299319727891156,30,8694,697,0.02702702702702703
25.166666666666668,293,0.48664316825619663,0.28469389919901866,0.32081911262798635,31,8725,700,0.02702702702702703
25.25,291,0.4851506247843575,0.283297159030426,0.30927835051546393,39,8764,704,0.030405405405405407
25.333333333333332,293,0.4833888302994066,0.29002890918720503,0.30716723549488056,29,8793,706,0.030405405405405407
25.416666666666668,290,0.4782002627770045,0.3010984665756413,0.296551724137931,30,8823,712,0.033783783783783786
25.5,292,0.47054958976859146,0.30290236722224373,0.3013698630136986,30,8853,716,0.033783783783783786
25.583333333333332,293,0.4701533078301039,0.29741709524742194,0.29692832764505117,27,8880,718,0.033783783783783786
25.666666666666668,294,0.4703372221123826,0.29311145319796966,0.30272108843537415,27,8907,720,0.030405405405405407
25.75,294,0.47360214734288214,0.28088019158624156,0.3163265306122449,29,8936,722,0.033783783783783786
25.833333333333332,294,0.4754159706248614,0.28749971215134035,0.3197278911564626,29,8965,724,0.033783783783783786
25.916666666666668,292,0.4740836004625447,0.28347063759245755,0.3150684931506849,29,8994,728,0.033783783783783786
26.0,295,0.4738517834193532,0.28097711140084025,0.3152542372881356,38,9032,729,0.033783783783783786
26.083333333333332,293,0.47722750723890933,0.29558109694628465,0.3174061433447099,38,9070,732,0.030405405405405407
26.166666666666668,294,0.4774822547468523,0.2966488254753561,0.3129251700680272,34,9104,734,0.030405405405405407
26.25,295,0.4810326020098969,0.3000569104361118,0.33220338983050846,34,9138,735,0.033783783783783786
26.333333333333332,294,0.4849790571686316,0.2992525986126816,0.3299319727891156,30,9168,737,0.04054054054054054
26.416666666666668,293,0.4862092722068282,0.2946391770175538,0.3310580204778157,34,9202,740,0.037162162162162164
26.5,292,0.4823250996692225,0.28991066044384417,0.3458904109589041,35,9237,744,0.04054054054054054
26.583333333333332,292,0.4783587158932698,0.2899729079375985,0.3287671232876712,35,9272,748,0.033783783783783786
26.666666666666668,295,0.4778611572590907,0.2865217751921434,0.3220338983050847,33,9305,749,0.033783783783783786
26.75,295,0.4826713476328799,0.2930610369564198,0.3254237288135593,30,9335,750,0.037162162162162164
26.833333333333332,295,0.48735747674248475,0.2879798738828546,0.3254237288135593,38,9373,751,0.04054054054054054
26.916666666666668,295,0.4927417134360341,0.2884640520204518,0.3220338983050847,32,9405,752,0.05067567567567568
27.0,293,0.4947042992383264,0.28716906973350426,0.3174061433447099,30,9435,755,0.07094594594594594
27.083333333333332,294,0.49420506425543503,0.2857657843759181,0.3197278911564626,36,9471,757,0.07094594594594594
27.166666666666668,295,0.4973817627739369,0.29776566248220254,0.3152542372881356,34,9505,758,0.06756756756756757
27.25,292,0.49717642949206836,0.30311226064650726,0.3253424657534247,35,9540,762,0.06756756756756757
27.333333333333332,295,0.4968870009636388,0.29715306350899573,0.3220338983050847,28,9568,763,0.060810810810810814
27.416666666666668,293,0.4992086781993834,0.3066693734782472,0.3310580204778157,26,9594,766,0.06418918918918919
27.5,291,0.49402914847529006,0.31390347023123416,0.32989690721649484,38,9632,771,0.060810810810810814
27.583333333333332,291,0.48511669420801296,0.3092995880500324,0.32646048109965636,29,9661,776,0.057432432432432436
27.666666666666668,296,0.48462199292929975,0.30895564742547504,0.34459459459459457,25,9686,776,0.05067567567567568
27.75,294,0.4900011406658138,0.31848673878054595,0.3469387755102041,32,9718,778,0.05067567567567568
27.833333333333332,294,0.49312495906049597,0.3099297830561025,0.3435374149659864,37,9755,780,0.057432432432432436
27.916666666666668,295,0.4959337907119706,0.31068450442250223,0.3389830508474576,39,9794,781,0.060810810810810814
28.0,293,0.4992132398891014,0.31056389632399656,0.36177474402730375,43,9837,784,0.060810810810810814
28.083333333333332,292,0.4954628861874856,0.31174424815274404,0.3801369863013699,41,9878,788,0.057432432432432436
28.166666666666668,294,0.49314052781670314,0.3051989480774542,0.37755102040816324,40,9918,790,0.05067567567567568
28.25,295,0.4961144025639439,0.30764235629853065,0.37966101694915255,44,9962,791,0.0472972972972973
28.333333333333332,296,0.5023471551524766,0.30026915384058245,0.3547297297297297,36,9998,791,0.0472972972972973
28.416666666666668,293,0.506169608568562,0.30535273275400043,0.35494880546075086,29,10027,794,0.0472972972972973
28.5,292,0.5032340490656653,0.3012470392729688,0.3493150684931507,42,10069,798,0.0472972972972973
28.583333333333332,294,0.5016959237368267,0.3125994729456419,0.3469387755102041,30,10099,800,0.0472972972972973
28.666666666666668,290,0.4974891447734508,0.3230967404243266,0.35172413793103446,36,10135,806,0.0472972972972973
28.75,294,0.49327015805379615,0.314357939868144,0.336734693877551,35,10170,808,0.0472972972972973
28.833333333333332,289,0.48763719544302114,0.3189480934290623,0.3217993079584775,33,10203,815,0.0472972972972973
28.916666666666668,290,0.4753770773318969,0.3141028320338665,0.30689655172413793,28,10231,821,0.04391891891891892
29.0,294,0.4703252827374724,0.3020974571266117,0.2925170068027211,28,10259,823,0.037162162162162164
29.083333333333332,295,0.4731530201833181,0.31889416475372895,0.3016949152542373,31,10290,824,0.033783783783783786
29.166666666666668,291,0.4723817448773468,0.3219031336851661,0.30584192439862545,24,10314,829,0.030405405405405407
29.25,292,0.4667755117618051,0.3231598106720416,0.2945205479452055,20,10334,833,0.033783783783783786
29.333333333333332,293,0.46497225895937194,0.31653719810716396,0.3037542662116041,23,10357,836,0.033783783783783786
29.416666666666668,292,0.462171130228444,0.3157991171689802,0.2910958904109589,23,10380,840,0.033783783783783786
29.5,294,0.461771444111723,0.32122767632971716,0.2891156462585034,29,10409,842,0.033783783783783786
29.583333333333332,292,0.4602247622650605,0.3128694997084612,0.2876712328767123,28,10437,846,0.033783783783783786
29.666666666666668,293,0.457072552024984,0.3045188661467731,0.28668941979522183,17,10454,849,0.030405405405405407
29.75,294,0.45698957489361963,0.3186184342033891,0.282312925170068,37,10491,851,0.02702702702702703
29.833333333333332,295,0.45998384338925635,0.3147692044302214,0.27796610169491526,30,10521,852,0.02364864864864865
29.916666666666668,295,0.46484872782046477,0.3076368358571749,0.29152542372881357,34,10555,853,0.02702702702702703
30.0,293,0.4669686651343519,0.30519446423883284,0.27986348122866894,22,10577,856,0.030405405405405407
30.083333333333332,295,0.46844577646753655,0.2947187370068726,0.28135593220338984,36,10613,857,0.030405405405405407
30.166666666666668,296,0.47471791055987417,0.2920688264438264,0.30405405405405406,21,10634,857,0.033783783783783786
30.25,291,0.4753809290899437,0.2979365231942551,0.30584192439862545,30,10664,862,0.033783783783783786
30.333333333333332,294,0.47611141435111826,0.2918188387576143,0.3129251700680272,25,10689,863,0.02702702702702703
30.416666666666668,294,0.4774195728931866,0.28601608142424473,0.30952380952380953,32,10721,865,0.037162162162162164
30.5,295,0.4805753446597723,0.28672602350568455,0.29491525423728815,36,10757,866,0.037162162162162164
30.583333333333332,295,0.4850989094145837,0.2929899761255693,0.33220338983050846,42,10799,867,0.037162162162162164
30.666666666666668,294,0.4880913714642907,0.2931284607305016,0.32653061224489793,41,10840,869,0.033783783783783786
30.75,294,0.48936472590996866,0.27484746923522435,0.30612244897959184,27,10867,871,0.033783783783783786
30.833333333333332,294,0.4905523992330804,0.28496021174592606,0.3129251700680272,32,10899,873,0.033783783783783786
30.916666666666668,293,0.4912731600908321,0.28412840477686896,0.3174061433447099,29,10928,876,0.037162162162162164
31.0,295,0.4924090839582591,0.2784102432407517,0.31864406779661014,25,10953,877,0.037162162162162164
31.083333333333332,295,0.49723451834815796,0.2931462322987747,0.33220338983050846,34,10987,878,0.04054054054054054
31.166666666666668,293,0.4987203426833292,0.2978190277678332,0.3378839590443686,35,11022,881,0.0472972972972973
31.25,292,0.496164436544148,0.2881558129845801,0.3287671232876712,27,11049,885,0.05067567567567568
31.333333333333332,296,0.49718212103121495,0.29238613301113303,0.33783783783783783,38,11087,885,0.0472972972972973
31.416666666666668,292,0.4992434770278734,0.2978691114821252,0.3287671232876712,22,11109,889,0.05405405405405406
31.5,294,0.4980371068198192,0.292849535196474,0.3435374149659864,34,11143,891,0.057432432432432436
31.583333333333332,295,0.5012586899013529,0.28204648458885745,0.34915254237288135,37,11180,892,0.057432432432432436
31.666666666666668,292,0.5013083239675277,0.2942688970086231,0.3493150684931507,34,11214,896,0.060810810810810814
31.75,294,0.5002812301775864,0.28163236110984174,0.3435374149659864,27,11241,898,0.05405405405405406
31.833333333333332,294,0.5017424482575873,0.2863566941140582,0.3435374149659864,37,11278,900,0.057432432432432436
31.916666666666668,292,0.5007132282367256,0.28626377900578254,0.339041095890411,31,11309,904,0.06418918918918919
32.0,293,0.4985971904546127,0.28452789558347824,0.33447098976109213,32,11341,907,0.06418918918918919
32.083333333333336,292,0.4955146193173742,0.28821604982319265,0.339041095890411,34,11375,911,0.06418918918918919
32.166666666666664,295,0.4947352272353271,0.26734626014287033,0.3389830508474576,40,11415,912,0.06418918918918919
32.25,295,0.5001423694945383,0.2671875676112964,0.3389830508474576,31,11446,913,0.060810810810810814
32.333333333333336,295,0.504610442377878,0.2715339933136543,0.3559322033898305,37,11483,914,0.06418918918918919
32.416666666666664,295,0.5094776492703805,0.2765226299124604,0.36610169491525424,36,11519,915,0.06418918918918919
32.5,295,0.5142271242604692,0.27956081583200226,0.36610169491525424,31,11550,916,0.06418918918918919
32.583333333333336,295,0.518970347373545,0.2831613207884394,0.37966101694915255,29,11579,917,0.06418918918918919
32.666666666666664,293,0.5214396850466253,0.28927719038640537,0.3651877133105802,35,11614,920,0.06756756756756757
32.75,293,0.5194155389675525,0.2643564058239826,0.35494880546075086,31,11645,923,0.07094594594594594
32.833333333333336,296,0.5218207169569599,0.27514208764208764,0.3614864864864865,26,11671,923,0.07094594594594594
32.916666666666664,289,0.5193717063708383,0.28107025615676134,0.3460207612456747,37,11708,930,0.07094594594594594
33.0,293,0.510608686963983,0.258230364629682,0.3447098976109215,27,11735,933,0.057432432432432436
33.083333333333336,292,0.5069378156313864,0.26222052268604396,0.3424657534246575,32,11767,937,0.057432432432432436
33.166666666666664,290,0.5014669541688433,0.2764324049251944,0.3310344827586207,34,11801,943,0.05405405405405406
33.25,294,0.4957762766282204,0.2758946516188317,0.3299319727891156,37,11838,945,0.05067567567567568
33.333333333333336,293,0.49538833250873354,0.28057651157301927,0.33447098976109213,40,11878,948,0.05067567567567568
33.416666666666664,291,0.4895900468458406,0.28376904691337684,0.3470790378006873,37,11915,953,0.0472972972972973
33.5,291,0.4814949372515665,0.28757178293260766,0.3436426116838488,35,11950,958,0.030405405405405407
33.583333333333336,295,0.479498911731817,0.2796244245396788,0.34915254237288135,30,11980,959,0.030405405405405407
33.666666666666664,291,0.4791006039704137,0.2909261513065281,0.3470790378006873,33,12013,964,0.030405405405405407
33.75,292,0.47587202563834347,0.28879499528708313,0.3458904109589041,45,12058,967,0.030405405405405407
33.833333333333336,294,0.4742165904119389,0.28258541475466176,0.336734693877551,37,12095,969,0.02702702702702703
33.916666666666664,293,0.4745980699013774,0.2799323461704302,0.3310580204778157,31,12126,972,0.02702702702702703
34.0,294,0.47481113767855265,0.2804598371628632,0.3401360544217687,32,12158,974,0.02364864864864865
34.083333333333336,290,0.47357808667012646,0.2833288840898829,0.33793103448275863,22,12180,980,0.02364864864864865
34.166666666666664,295,0.47027053695003945,0.29336509065322625,0.3389830508474576,28,12208,981,0.02364864864864865
34.25,295,0.47501153781222416,0.2893620315654214,0.34915254237288135,34,12242,982,0.02364864864864865
34.333333333333336,293,0.47659023090334807,0.2907032857747267,0.3447098976109215,31,12273,985,0.02364864864864865
34.416666666666664,294,0.476471005145012,0.2847284609391147,0.336734693877551,30,12303,987,0.02027027027027027
34.5,293,0.47655630895699946,0.280000384201518,0.3310580204778157,35,12338,990,0.02027027027027027
34.583333333333336,294,0.4768774380787345,0.2823827347490261,0.3299319727891156,26,12364,992,0.02702702702702703
34.666666666666664,292,0.4769725456604727,0.3020013896211683,0.3356164383561644,25,12389,996,0.02364864864864865
34.75,291,0.4722972301522175,0.29473140992743857,0.32646048109965636,34,12423,1001,0.02364864864864865
34.833333333333336,293,0.4677031963536879,0.29475036471791627,0.310580204778157,30,12453,1004,0.033783783783783786
34.916666666666664,294,0.4696485220744017,0.29702223827385915,0.30272108843537415,27,12480,1006,0.030405405405405407
35.0,295,0.47332595818146966,0.2951449663172839,0.30847457627118646,28,12508,1007,0.030405405405405407
35.083333333333336,290,0.4721351795300821,0.28795547228372503,0.3,27,12535,1013,0.030405405405405407
35.166666666666664,290,0.4645395165138329,0.28381429736109537,0.3,25,12560,1018,0.033783783783783786
35.25,293,0.4585854526920968,0.28583751288529446,0.29692832764505117,22,12582,1021,0.037162162162162164
35.333333333333336,292,0.45537030025399733,0.28869119845147245,0.2876712328767123,27,12609,1025,0.037162162162162164
35.416666666666664,292,0.45226660725225437,0.2947461499687527,0.2842465753424658,29,12638,1029,0.04054054054054054
35.5,295,0.45241750814400605,0.2911920753446177,0.288135593220339,29,12667,1030,0.037162162162162164
35.583333333333336,296,0.45904180147701984,0.2946109164859165,0.2939189189189189,27,12694,1030,0.037162162162162164
35.666666666666664,291,0.4599052245228274,0.2911742606963645,0.29896907216494845,29,12723,1035,0.037162162162162164
35.75,295,0.4585597610280168,0.2901985581847691,0.29491525423728815,27,12750,1036,0.037162162162162164
35.833333333333336,293,0.45992342111039203,0.2953854261021497,0.29692832764505117,28,12778,1039,0.04391891891891892
35.916666666666664,293,0.45886992868914867,0.2997535361869833,0.3037542662116041,30,12808,1042,0.04054054054054054
36.0,293,0.45837387446899014,0.30749108684262266,0.2901023890784983,24,12832,1045,0.04054054054054054
36.083333333333336,295,0.46004749686913704,0.3040984727980637,0.29152542372881357,26,12858,1046,0.04391891891891892
36.166666666666664,294,0.464580665990747,0.3048616639309813,0.3129251700680272,27,12885,1048,0.04054054054054054
36.25,295,0.46801336632516294,0.3063839177252386,0.31186440677966104,28,12913,1049,0.04391891891891892
36.333333333333336,295,0.47362869636291416,0.3052106274140172,0.30847457627118646,31,12944,1050,0.0472972972972973
36.416666666666664,290,0.47465571592086586,0.30193210014221117,0.3,28,12972,1055,0.05067567567567568
36.5,293,0.46848352470056487,0.2853976888309045,0.2935153583617747,26,12998,1058,0.04054054054054054
36.583333333333336,293,0.46703712164003175,0.27975555887136844,0.2901023890784983,24,13022,1061,0.04054054054054054
36.666666666666664,294,0.46696184706752225,0.27883523317196784,0.2789115646258503,35,13057,1063,0.04054054054054054
36.75,293,0.4681022494660315,0.2866877914365263,0.2764505119453925,28,13085,1066,0.0472972972972973
36.833333333333336,294,0.46814443236406106,0.30372787708290877,0.2891156462585034,29,13114,1068,0.04391891891891892
36.916666666666664,293,0.4712735293225517,0.29337804814702945,0.27986348122866894,28,13142,1071,0.04054054054054054
37.0,296,0.4748024526010761,0.29267090767127296,0.28378378378378377,38,13180,1071,0.04054054054054054
37.083333333333336,294,0.48115715501141076,0.3033823003117254,0.2925170068027211,32,13212,1073,0.04391891891891892
37.166666666666664,291,0.4785198873125643,0.29497851976571926,0.29896907216494845,28,13240,1078,0.04391891891891892
37.25,291,0.47209676909056847,0.2978761948283428,0.28865979381443296,34,13274,1083,0.037162162162162164
37.333333333333336,292,0.4666431080665369,0.29952622547195173,0.2671232876712329,25,13299,1087,0.030405405405405407
37.416666666666664,294,0.4650481751334047,0.30300807621413284,0.2755102040816326,32,13331,1089,0.033783783783783786
37.5,292,0.46369192709101487,0.3085975444376903,0.273972602739726,18,13349,1093,0.030405405405405407
37.583333333333336,294,0.464045503056099,0.29753746902567096,0.2891156462585034,16,13365,1095,0.02702702702702703
37.666666666666664,296,0.4692238898277306,0.2931822315015943,0.28716216216216217,29,13394,1095,0.030405405405405407
37.75,291,0.472432465901707,0.29097007182172996,0.28865979381443296,35,13429,1100,0.033783783783783786
37.833333333333336,294,0.4706482228484025,0.2916523079034389,0.2891156462585034,32,13461,1102,0.02364864864864865
37.916666666666664,296,0.4756795836968129,0.29066407503907504,0.2972972972972973,29,13490,1102,0.033783783783783786
38.0,294,0.4830614282401486,0.2938939556286495,0.30952380952380953,38,13528,1104,0.033783783783783786
38.083333333333336,295,0.4863764011726553,0.28918336842065656,0.3050847457627119,33,13561,1105,0.04054054054054054
38.166666666666664,293,0.48906669368636074,0.3166254299360101,0.3174061433447099,34,13595,1108,0.04054054054054054
38.25,293,0.4875598004743482,0.3015256071772529,0.3242320819112628,37,13632,1111,0.04054054054054054
38.333333333333336,294,0.48860034788368184,0.301696611835837,0.32653061224489793,32,13664,1113,0.033783783783783786
38.416666666666664,295,0.49178777032227666,0.3122596505604262,0.33559322033898303,32,13696,1114,0.030405405405405407
38.5,294,0.4971095146224585,0.3131729095366245,0.336734693877551,30,13726,1116,0.02702702702702703
38.583333333333336,292,0.4952858222348703,0.3117189789481988,0.3321917808219178,37,13763,1120,0.030405405405405407
38.666666666666664,293,0.4931795639225258,0.3123042297103731,0.31399317406143346,33,13796,1123,0.02027027027027027
38.75,292,0.49056896980686227,0.30564100093209684,0.3150684931506849,37,13833,1127,0.02364864864864865
38.833333333333336,294,0.48918203816976497,0.295444266617736,0.3197278911564626,34,13867,1129,0.02364864864864865
38.916666666666664,293,0.49044553296238175,0.29887930613186586,0.3174061433447099,34,13901,1132,0.02702702702702703
39.0,293,0.4904959493561501,0.29816151804206414,0.31399317406143346,42,13943,1135,0.02702702702702703
39.083333333333336,295,0.4923597476045557,0.305143576145914,0.3288135593220339,27,13970,1136,0.02702702702702703
39.166666666666664,294,0.49708873743289955,0.31047690059829397,0.336734693877551,33,14003,1138,0.030405405405405407
39.25,296,0.5018733220697245,0.30110534205361794,0.34797297297297297,28,14031,1138,0.030405405405405407
39.333333333333336,292,0.5060494865370619,0.3079096230489712,0.339041095890411,34,14065,1142,0.030405405405405407
39.416666666666664,292,0.5014458688359534,0.2965476022691422,0.3321917808219178,35,14100,1146,0.033783783783783786
39.5,291,0.49534222652984483,0.2935741810164135,0.33676975945017185,28,14128,1151,0.030405405405405407
39.583333333333336,293,0.4904869723998497,0.29963873820529113,0.3310580204778157,23,14151,1154,0.033783783783783786
39.666666666666664,295,0.49177287762660354,0.2861118733853977,0.3254237288135593,28,14179,1155,0.033783783783783786
39.75,293,0.49386455047763483,0.29795771193617493,0.3174061433447099,30,14209,1158,0.033783783783783786
39.833333333333336,292,0.4924706048685236,0.30949856021006233,0.3356164383561644,20,14229,1162,0.02702702702702703
39.916666666666664,291,0.4854939847722323,0.31111357175168053,0.33676975945017185,35,14264,1167,0.030405405405405407
40.0,293,0.4800750547468333,0.30693270546748247,0.33447098976109213,32,14296,1170,0.02364864864864865
40.083333333333336,295,0.4814465490063109,0.3150852423385826,0.3389830508474576,27,14323,1171,0.030405405405405407
40.166666666666664,294,0.48592375851608466,0.31253785599930634,0.35034013605442177,24,14347,1173,0.033783783783783786
40.25,294,0.4872994144341029,0.3121574736168128,0.3435374149659864,43,14390,1175,0.037162162162162164
40.333333333333336,295,0.4902901375919141,0.30606021775505815,0.3389830508474576,32,14422,1176,0.037162162162162164
40.416666666666664,292,0.4931950469933128,0.3091202625448444,0.3493150684931507,29,14451,1180,0.033783783783783786
40.5,294,0.49169224392672756,0.3038228175572017,0.35034013605442177,44,14495,1182,0.033783783783783786
40.583333333333336,295,0.49482817966305176,0.3047892408909358,0.36271186440677966,43,14538,1183,0.030405405405405407
40.666666666666664,293,0.49861081333163154,0.3008824129984539,0.36177474402730375,29,14567,1186,0.033783783783783786
40.75,295,0.50032686361759,0.3114127271143432,0.376271186440678,34,14601,1187,0.033783783783783786
40.833333333333336,296,0.5065641073707928,0.3175237267533779,0.38513513513513514,36,14637,1187,0.033783783783783786
40.916666666666664,289,0.5054792092898487,0.3192091975751707,0.3771626297577855,43,14680,1194,0.037162162162162164
41.0,292,0.49535366174247664,0.3191283208528805,0.3595890410958904,39,14719,1198,0.033783783783783786
41.083333333333336,295,0.4953776638598748,0.32210337550531254,0.3525423728813559,36,14755,1199,0.04054054054054054
41.166666666666664,291,0.49540519318399195,0.32972511315663006,0.35738831615120276,27,14782,1204,0.0472972972972973
41.25,294,0.4931076741660519,0.31801375926740355,0.36054421768707484,25,14807,1206,0.04391891891891892
41.333333333333336,292,0.4927118046484859,0.311569661312812,0.3493150684931507,32,14839,1210,0.04391891891891892
41.416666666666664,292,0.48895336859362326,0.31127671795480016,0.339041095890411,36,14875,1214,0.0472972972972973
41.5,295,0.4884421695068266,0.3070833780155814,0.34915254237288135,17,14892,1215,0.04391891891891892
41.583333333333336,294,0.4919348352085862,0.30910548122647247,0.35374149659863946,29,14921,1217,0.0472972972972973
41.666666666666664,294,0.4932163654141709,0.2973076880109998,0.35374149659863946,26,14947,1219,0.05067567567567568
41.75,293,0.4936612226903677,0.30528970325411087,0.3583617747440273,46,14993,1222,0.0472972972972973
41.833333333333336,295,0.4951937060966119,0.2943515241820327,0.3559322033898305,28,15021,1223,0.05067567567567568
41.916666666666664,294,0.49876509265655855,0.3031411993146687,0.36054421768707484,42,15063,1225,0.05067567567567568
42.0,294,0.49996473114230566,0.29933341412933245,0.35714285714285715,43,15106,1227,0.05405405405405406
42.083333333333336,293,0.5002846902642486,0.30547088482242063,0.36177474402730375,38,15144,1230,0.0472972972972973
42.166666666666664,293,0.49872289065744274,0.2996295134520391,0.36177474402730375,45,15189,1233,0.0472972972972973
42.25,293,0.49676274801893955,0.30412999022214043,0.36177474402730375,29,15218,1236,0.04391891891891892
42.333333333333336,292,0.4939120994914321,0.28944410900598905,0.363013698630137,40,15258,1240,0.04054054054054054
42.416666666666664,288,0.48232973573602933,0.29671307765776156,0.3368055555555556,43,15301,1248,0.04391891891891892
42.5,292,0.47109784180941455,0.2952714342682458,0.3287671232876712,31,15332,1252,0.037162162162162164
42.583333333333336,292,0.4659396572506103,0.3161723370184636,0.3321917808219178,34,15366,1256,0.04054054054054054
42.666666666666664,294,0.4650543862531862,0.31730445578088085,0.3299319727891156,33,15399,1258,0.04054054054054054
42.75,296,0.4701662214006324,0.3113788801288801,0.33783783783783783,24,15423,1258,0.04054054054054054
42.833333333333336,295,0.4772184221474489,0.31077057594006746,0.3423728813559322,37,15460,1259,0.04054054054054054
42.916666666666664,295,0.48222964413613456,0.3008214854825024,0.33559322033898303,34,15494,1260,0.04391891891891892
43.0,292,0.48419039931512386,0.3123451320369129,0.3321917808219178,27,15521,1264,0.05067567567567568
43.083333333333336,291,0.4826795248480879,0.3123859626436946,0.3333333333333333,36,15557,1268,0.05067567567567568
43.166666666666664,295,0.4824327850951971,0.29596143969025324,0.33220338983050846,27,15584,1269,0.05067567567567568
43.25,294,0.4858992357270835,0.3164225796878858,0.3401360544217687,25,15609,1271,0.05067567567567568
43.333333333333336,293,0.4863202805547461,0.3106471177143179,0.3412969283276451,28,15637,1274,0.05067567567567568
43.416666666666664,293,0.48853723858407805,0.30457625456154347,0.33447098976109213,28,15665,1277,0.05405405405405406
43.5,291,0.48528121258486623,0.3027203231522464,0.32989690721649484,27,15692,1282,0.057432432432432436
43.583333333333336,293,0.4838723201061505,0.29898482253431063,0.3174061433447099,30,15722,1284,0.060810810810810814
43.666666666666664,294,0.4842298337869458,0.29475276235480313,0.3163265306122449,24,15746,1286,0.060810810810810814
43.75,294,0.4855864168837575,0.29221953405626877,0.3197278911564626,32,15778,1288,0.060810810810810814
43.833333333333336,292,0.48603961087653264,0.2925121367374556,0.3321917808219178,34,15812,1292,0.060810810810810814
43.916666666666664,292,0.4816787809034577,0.28824480178442996,0.3287671232876712,33,15845,1296,0.060810810810810814
44.0,291,0.4750969378060138,0.2903893912811564,0.3230240549828179,35,15880,1301,0.05067567567567568
44.083333333333336,294,0.4718922623142029,0.2943475536485864,0.3163265306122449,34,15914,1303,0.0472972972972973
44.166666666666664,296,0.476698822577709,0.29676583707304044,0.32094594594594594,34,15948,1303,0.05067567567567568
44.25,294,0.48208471060710534,0.299163592161481,0.3197278911564626,28,15976,1305,0.05405405405405406
44.333333333333336,291,0.4808174728208421,0.2935794725140111,0.30584192439862545,26,16002,1310,0.05067567567567568
44.416666666666664,295,0.47888939676552195,0.29311489758930687,0.3016949152542373,32,16034,1311,0.0472972972972973
44.5,292,0.47881376752412247,0.2880018471455141,0.2910958904109589,21,16055,1315,0.0472972972972973
44.583333333333336,294,0.47718838008352893,0.2917436197319579,0.2925170068027211,30,16085,1317,0.037162162162162164
44.666666666666664,295,0.48367951447951607,0.2990217127505263,0.3050847457627119,26,16111,1317,0.0472972972972973
44.75,296,0.49019750423484626,0.28698886479606817,0.3108108108108108,30,16141,1317,0.04391891891891892
44.833333333333336,292,0.4930138514807364,0.29236427576024104,0.3116438356164384,27,16168,1321,0.05405405405405406
44.916666666666664,295,0.49267443765407853,0.290808654946586,0.3152542372881356,30,16198,1322,0.05067567567567568
45.0,294,0.4958915910319776,0.28637479333292143,0.3129251700680272,27,16225,1324,0.05405405405405406
45.083333333333336,293,0.4968545823390497,0.29220648520989817,0.32081911262798635,29,16254,1327,0.05405405405405406
45.166666666666664,296,0.4998101908130822,0.29076150951150953,0.32094594594594594,30,16284,1327,0.05405405405405406
45.25,296,0.507816491009166,0.2925838425838426,0.32432432432432434,29,16313,1327,0.057432432432432436
45.333333333333336,291,0.5080717823215853,0.2882205393847769,0.3161512027491409,38,16351,1332,0.06418918918918919
45.416666666666664,295,0.5064724369715594,0.2882007605356524,0.31864406779661014,38,16389,1333,0.057432432432432436
45.5,289,0.5033406166715187,0.2879886327595432,0.3079584775086505,30,16419,1340,0.057432432432432436
45.583333333333336,294,0.4994595275609328,0.2826192986907272,0.30612244897959184,26,16445,1341,0.05405405405405406
45.666666666666664,293,0.4994780565504632,0.2894775304331618,0.30716723549488056,29,16474,1344,0.057432432432432436
45.75,293,0.4994140852977292,0.28999236480700524,0.310580204778157,32,16506,1347,0.057432432432432436
45.833333333333336,291,0.4948353573275323,0.2853576648102066,0.3024054982817869,23,16529,1352,0.057432432432432436
45.916666666666664,294,0.49117011319757886,0.281756594071865,0.30612244897959184,24,16553,1354,0.05067567567567568
46.0,292,0.49022139371233503,0.2836094271025778,0.3013698630136986,39,16592,1358,0.0472972972972973
46.083333333333336,293,0.4881050057517671,0.2877628912611848,0.3242320819112628,35,16627,1361,0.05067567567567568
46.166666666666664,291,0.4841192994220258,0.3012387860326005,0.3024054982817869,33,16660,1366,0.057432432432432436
46.25,294,0.4804409661011698,0.28094664217113197,0.30272108843537415,25,16685,1368,0.05067567567567568
46.333333333333336,292,0.48107047742128595,0.2896082798480059,0.3219178082191781,37,16722,1372,0.0472972972972973
46.416666666666664,290,0.47457289188083274,0.28157652692135454,0.3137931034482759,29,16751,1378,0.04391891891891892
46.5,296,0.4728029694108181,0.27253980066480066,0.30067567567567566,22,16773,1378,0.04054054054054054
46.583333333333336,290,0.47499339257841466,0.2795107191658916,0.30689655172413793,28,16801,1384,0.04391891891891892
46.666666666666664,293,0.47331178157300435,0.2611993145269596,0.2832764505119454,23,16824,1386,0.04054054054054054
46.75,291,0.4685616931424547,0.252675388757863,0.27147766323024053,27,16851,1391,0.04054054054054054
46.833333333333336,294,0.46548559523940014,0.2495166303839773,0.2653061224489796,22,16873,1393,0.04391891891891892
46.916666666666664,291,0.46264005584203444,0.2620435787961561,0.27491408934707906,29,16902,1398,0.060810810810810814
47.0,295,0.4609374402365504,0.2602209359110086,0.2745762711864407,30,16932,1399,0.057432432432432436
47.083333333333336,296,0.4673612591294241,0.25621128924700354,0.28378378378378377,22,16954,1399,0.05405405405405406
47.166666666666664,291,0.4681420316976725,0.26295537087142384,0.27835051546391754,30,16984,1404,0.05405405405405406
47.25,293,0.4633826955314899,0.25797339612551706,0.27986348122866894,43,17027,1407,0.05067567567567568
47.333333333333336,291,0.45772163992812714,0.27751979788062264,0.27835051546391754,34,17061,1412,0.04391891891891892
47.416666666666664,295,0.45866743002388377,0.2756593325500397,0.28135593220338984,27,17088,1413,0.030405405405405407
47.5,294,0.46192772462964743,0.29482054357142323,0.2857142857142857,30,17118,1415,0.030405405405405407
47.583333333333336,295,0.46527960365270765,0.2900432816151149,0.29491525423728815,29,17147,1416,0.02702702702702703
47.666666666666664,294,0.4685021842774755,0.2967122550921559,0.29591836734693877,33,17180,1418,0.02364864864864865
47.75,292,0.46742904734282087,0.30439744806738595,0.3047945205479452,30,17210,1422,0.02027027027027027
47.833333333333336,293,0.4653018813778426,0.30028086248222763,0.3037542662116041,23,17233,1425,0.016891891891891893
47.916666666666664,293,0.46380270033276855,0.30270215184890953,0.27986348122866894,23,17256,1428,0.02027027027027027
48.0,293,0.46475871385638307,0.2998808643006595,0.28668941979522183,29,17285,1431,0.02027027027027027
48.083333333333336,293,0.4638539571813636,0.29305874119379727,0.27986348122866894,24,17309,1434,0.02364864864864865
48.166666666666664,294,0.46446970503714835,0.28697349378836257,0.282312925170068,29,17338,1436,0.02027027027027027
48.25,290,0.4602326271526408,0.3021675642365298,0.2793103448275862,21,17359,1442,0.02027027027027027
48.333333333333336,292,0.4549862548249802,0.30076829563130936,0.2808219178082192,29,17388,1446,0.02364864864864865
48.416666666666664,293,0.45164166889042406,0.3034854318984012,0.2696245733788396,26,17414,1449,0.02702702702702703
48.5,295,0.45352245908150485,0.2975519207722598,0.26440677966101694,21,17435,1450,0.02364864864864865
48.583333333333336,292,0.4534506981122237,0.30243129207170305,0.273972602739726,24,17459,1454,0.02027027027027027
48.666666666666664,295,0.45457693004563954,0.3028927193333973,0.2983050847457627,23,17482,1455,0.016891891891891893
48.75,294,0.45842499956288346,0.3116472907289234,0.30612244897959184,24,17506,1457,0.016891891891891893
48.833333333333336,295,0.46224246766502014,0.3082319469607605,0.31186440677966104,21,17527,1458,0.016891891891891893
48.916666666666664,292,0.4650977958827675,0.29767133551380126,0.3013698630136986,18,17545,1462,0.02027027027027027
49.0,288,0.45789334437457163,0.30483043191376524,0.2881944444444444,23,17568,1469,0.02027027027027027
49.083333333333336,291,0.4488071212782751,0.29662459533593555,0.28865979381443296,22,17590,1474,0.016891891891891893
49.166666666666664,294,0.4493281921377616,0.31248803162068467,0.29591836734693877,21,17611,1475,0.02027027027027027
49.25,294,0.45141448230514947,0.3105858885742268,0.29591836734693877,25,17636,1477,0.02364864864864865
49.333333333333336,295,0.45508971495246153,0.3152537656048552,0.2983050847457627,19,17655,1478,0.02364864864864865
49.416666666666664,294,0.4595295511327769,0.32083476533184985,0.29931972789115646,22,17677,1480,0.02364864864864865
49.5,293,0.4606624981801247,0.32401147257314983,0.3037542662116041,21,17698,1483,0.02364864864864865
49.583333333333336,293,0.46195201249038037,0.31449743226841026,0.30716723549488056,25,17723,1486,0.02702702702702703
49.666666666666664,296,0.46554246675656424,0.3296623641451228,0.3108108108108108,31,17754,1486,0.030405405405405407
49.75,294,0.47157714217536323,0.3181336930721167,0.3163265306122449,26,17780,1488,0.030405405405405407
49.833333333333336,293,0.47197103427481163,0.3080772123669617,0.310580204778157,26,17806,1491,0.030405405405405407
49.916666666666664,293,0.4742142123956843,0.3067227072876126,0.3003412969283277,32,17838,1493,0.02702702702702703
50.0,291,0.47113917368988056,0.2976667021014693,0.2920962199312715,31,17869,1498,0.02364864864864865
50.083333333333336,295,0.4698604291827841,0.29126648304614405,0.29491525423728815,30,17899,1499,0.02702702702702703
50.166666666666664,293,0.4724153223217657,0.2884225652996984,0.28668941979522183,23,17922,1502,0.02702702702702703
50.25,292,0.47144935831179746,0.29512407303503196,0.2773972602739726,19,17941,1506,0.030405405405405407
50.333333333333336,293,0.4680122875001074,0.29127621525232444,0.26621160409556316,20,17961,1509,0.02702702702702703
50.416666666666664,294,0.46967054990816115,0.29570939264816815,0.2857142857142857,26,17987,1511,0.02702702702702703
50.5,291,0.4677768287686566,0.30412117473973144,0.27835051546391754,36,18023,1516,0.02702702702702703
50.583333333333336,294,0.46492662322080663,0.3075716894594445,0.2857142857142857,38,18061,1518,0.02364864864864865
50.666666666666664,295,0.46866942563719904,0.3171408064628404,0.28135593220338984,31,18092,1519,0.02364864864864865
50.75,293,0.47242907929968364,0.3119245282067455,0.2832764505119454,25,18117,1522,0.02364864864864865
50.833333333333336,293,0.47187446198511934,0.31550375952854137,0.2832764505119454,26,18143,1525,0.02702702702702703
50.916666666666664,293,0.4712713047654858,0.3163341848592105,0.27986348122866894,29,18172,1528,0.02364864864864865
51.0,295,0.4733832485437241,0.317139225102822,0.2847457627118644,18,18190,1529,0.02702702702702703
51.083333333333336,293,0.47637237364525054,0.3206287631324199,0.2935153583617747,28,18218,1532,0.037162162162162164
51.166666666666664,292,0.47926532098860636,0.3271827487580912,0.2910958904109589,23,18241,1535,0.037162162162162164
51.25,294,0.4774480337521292,0.3200122160009563,0.2925170068027211,33,18274,1537,0.037162162162162164
51.333333333333336,294,0.48001913045798905,0.3234897475397124,0.29931972789115646,28,18302,1539,0.04054054054054054
51.416666666666664,294,0.4824757628005195,0.3319558373833532,0.30272108843537415,21,18323,1541,0.037162162162162164
51.5,294,0.48603888148017094,0.33186818850084154,0.30612244897959184,19,18342,1543,0.037162162162162164
51.583333333333336,292,0.4855855212821467,0.3299770054907041,0.3047945205479452,33,18375,1547,0.04054054054054054
51.666666666666664,293,0.4827233497972143,0.33187443955362045,0.30716723549488056,34,18409,1550,0.033783783783783786
51.75,293,0.48100016414123126,0.3194102825502143,0.3003412969283277,39,18448,1553,0.04391891891891892
51.833333333333336,292,0.4779405832346728,0.31932672540549256,0.2876712328767123,24,18472,1557,0.04391891891891892
51.916666666666664,292,0.4741344673714445,0.3165770017653579,0.2808219178082192,28,18500,1561,0.04054054054054054
52.0,295,0.47509329291691965,0.3287503813462779,0.29152542372881357,31,18531,1562,0.04054054054054054
52.083333333333336,291,0.47467824977525463,0.33984051225192696,0.2920962199312715,17,18548,1567,0.04054054054054054
52.166666666666664,295,0.47312060875041495,0.3299643385437698,0.29152542372881357,28,18576,1568,0.04054054054054054
52.25,295,0.47810807559064544,0.33328192491220354,0.2983050847457627,13,18589,1569,0.04391891891891892
52.333333333333336,294,0.4813625756854188,0.33510487056405425,0.2925170068027211,21,18610,1571,0.04391891891891892
52.416666666666664,296,0.48635946903529853,0.3268659643659644,0.30405405405405406,35,18645,1571,0.04054054054054054
52.5,294,0.4925674652165015,0.3376242332874986,0.3163265306122449,25,18670,1573,0.04054054054054054
52.583333333333336,294,0.4943882507536981,0.3211672869836135,0.30952380952380953,23,18693,1575,0.04391891891891892
52.666666666666664,294,0.49707002112447396,0.31728716295042825,0.3163265306122449,25,18718,1577,0.04391891891891892
52.75,291,0.4969382656235246,0.3201094915012441,0.3127147766323024,26,18744,1582,0.05067567567567568
52.833333333333336,291,0.4946194878293212,0.3144401894401895,0.3127147766323024,22,18766,1586,0.05067567567567568
52.916666666666664,295,0.49260807288381936,0.30858308358308356,0.3152542372881356,28,18794,1587,0.05405405405405406
53.0,290,0.49272795879481096,0.32441280941280937,0.32413793103448274,27,18821,1593,0.05405405405405406
53.083333333333336,294,0.4871880058699436,0.316838122195265,0.3197278911564626,24,18845,1595,0.05405405405405406
53.166666666666664,293,0.4875381967314694,0.3136644262070883,0.32764505119453924,30,18875,1598,0.0472972972972973
53.25,291,0.485603968746618,0.3209560199250921,0.3333333333333333,22,18897,1603,0.05405405405405406
53.333333333333336,296,0.48519993432085207,0.3157866532866533,0.3344594594594595,37,18934,1603,0.060810810810810814
53.416666666666664,294,0.49008603418808244,0.31573990133983093,0.3299319727891156,30,18964,1605,0.060810810810810814
53.5,292,0.49102963514989917,0.3285138289123882,0.3458904109589041,38,19002,1609,0.06418918918918919
53.583333333333336,291,0.4856865293948527,0.32105207763757354,0.35051546391752575,33,19035,1614,0.057432432432432436
53.666666666666664,294,0.4823158140735033,0.3157775708796117,0.3469387755102041,29,19064,1616,0.060810810810810814
53.75,294,0.4839307672883406,0.3076026769904321,0.3401360544217687,36,19100,1618,0.060810810810810814
53.833333333333336,294,0.4857835222448416,0.30185379624155134,0.3333333333333333,27,19127,1620,0.060810810810810814
53.916666666666664,295,0.49046945841753187,0.3091606133979015,0.33559322033898303,32,19159,1621,0.057432432432432436
54.0,294,0.4936733100333971,0.3095498794478386,0.35374149659863946,38,19197,1623,0.057432432432432436
54.083333333333336,294,0.49588162013027276,0.3087993450238348,0.3469387755102041,30,19227,1625,0.057432432432432436
54.166666666666664,293,0.49595331817623756,0.309115818798648,0.3412969283276451,25,19252,1628,0.057432432432432436
54.25,293,0.49389943854947777,0.2948394713311743,0.3378839590443686,27,19279,1631,0.05405405405405406
54.333333333333336,293,0.4920718626827161,0.3039709368737261,0.3447098976109215,30,19309,1634,0.0472972972972973
54.416666666666664,295,0.4934424127373311,0.3180621456137028,0.3423728813559322,33,19342,1635,0.0472972972972973
54.5,292,0.4940716564645178,0.32146841993660263,0.3424657534246575,37,19379,1639,0.04391891891891892
54.583333333333336,294,0.4924652479030225,0.3184156067022761,0.336734693877551,33,19412,1641,0.04054054054054054
54.666666666666664,290,0.49450059733435137,0.3151024106683403,0.3448275862068966,32,19444,1646,0.04054054054054054
54.75,294,0.48987606206710455,0.31751892902225126,0.3469387755102041,28,19472,1648,0.0472972972972973
54.833333333333336,295,0.49311497591697756,0.30368174811217774,0.34915254237288135,34,19506,1649,0.0472972972972973
54.916666666666664,294,0.4967201726464585,0.30343382996444224,0.35374149659863946,32,19538,1651,0.0472972972972973
55.0,296,0.5013771055718215,0.2971056249128283,0.3547297297297297,26,19564,1651,0.05067567567567568
55.083333333333336,294,0.5072650991560398,0.31232857246779766,0.3707482993197279,25,19589,1653,0.057432432432432436
55.166666666666664,295,0.5105476691504752,0.300541360391978,0.3864406779661017,35,19624,1654,0.060810810810810814
55.25,294,0.5136041700217658,0.2877450409470114,0.3741496598639456,32,19656,1656,0.06756756756756757
55.333333333333336,293,0.5147295401698997,0.28611475809898784,0.36177474402730375,30,19686,1659,0.06418918918918919
55.416666666666664,290,0.5091894738038635,0.2909684766284053,0.3448275862068966,26,19712,1665,0.06756756756756757
55.5,294,0.5033263439301302,0.28723932028822946,0.3435374149659864,32,19744,1667,0.060810810810810814
55.583333333333336,294,0.5050467988786079,0.2887478545641811,0.3435374149659864,30,19774,1669,0.05405405405405406
55.666666666666664,295,0.508285595893553,0.29582093988873653,0.3423728813559322,36,19810,1670,0.057432432432432436
55.75,293,0.5102232377386453,0.2890635435857279,0.3447098976109215,29,19839,1673,0.057432432432432436
55.833333333333336,293,0.5094778493184738,0.2817026829825464,0.3412969283276451,33,19872,1676,0.057432432432432436
55.916666666666664,290,0.5058187926103969,0.2906369301196887,0.3310344827586207,29,19901,1682,0.057432432432432436
56.0,295,0.5021450477644039,0.28716088995750016,0.3220338983050847,22,19923,1683,0.05067567567567568
56.083333333333336,294,0.5058053443215914,0.2951859081961123,0.3197278911564626,31,19954,1685,0.05405405405405406
56.166666666666664,289,0.5012769725214987,0.28093379164552057,0.314878892733564,24,19978,1692,0.057432432432432436
56.25,294,0.49404772927972346,0.2893813672578627,0.3129251700680272,25,20003,1694,0.04391891891891892
56.333333333333336,294,0.4967567998545309,0.2957312626383703,0.3333333333333333,29,20032,1696,0.04054054054054054
56.416666666666664,292,0.4965862734589789,0.2852000086854834,0.3356164383561644,29,20061,1700,0.04054054054054054
56.5,292,0.49392721455921484,0.2959821584231126,0.3321917808219178,32,20093,1704,0.04391891891891892
56.583333333333336,292,0.4904545627109671,0.28087186754157323,0.3321917808219178,26,20119,1708,0.0472972972972973
56.666666666666664,295,0.49097364415236694,0.28148599015566494,0.3288135593220339,39,20158,1709,0.0472972972972973
56.75,293,0.49230321401801586,0.2853731396798441,0.32764505119453924,25,20183,1712,0.0472972972972973
56.833333333333336,292,0.48918630940661656,0.2919126040373843,0.3287671232876712,29,20212,1716,0.0472972972972973
56.916666666666664,294,0.48723187697794385,0.2990474880015287,0.3299319727891156,22,20234,1718,0.05405405405405406
57.0,291,0.4875784150256556,0.29584008556762603,0.32646048109965636,31,20265,1723,0.05067567567567568
57.083333333333336,292,0.4813398458067668,0.29466461457655196,0.3082191780821918,26,20291,1727,0.05405405405405406
57.166666666666664,294,0.4796841662020388,0.29215505636788436,0.30272108843537415,26,20317,1729,0.05405405405405406
57.25,294,0.4814500079795229,0.3036605873340567,0.29931972789115646,27,20344,1731,0.057432432432432436
57.333333333333336,293,0.48201110850599016,0.2858930697667899,0.29692832764505117,37,20381,1734,0.057432432432432436
57.416666666666664,295,0.4832878136768077,0.29141102507930594,0.2983050847457627,33,20414,1735,0.05405405405405406
57.5,290,0.48293077973605,0.29039173196808665,0.3,33,20447,1741,0.06418918918918919
57.583333333333336,292,0.47552118016725664,0.2894600140563937,0.2945205479452055,29,20476,1745,0.06756756756756757
57.666666666666664,295,0.4755219106771483,0.28635588248179045,0.2983050847457627,26,20502,1746,0.060810810810810814
57.75,293,0.47755247076180773,0.29407230047161786,0.29692832764505117,29,20531,1749,0.06418918918918919
57.833333333333336,294,0.4772450708588212,0.2834111183600979,0.2925170068027211,30,20561,1751,0.06756756756756757
57.916666666666664,294,0.4785974938058053,0.28853572731123756,0.29591836734693877,22,20583,1753,0.07094594594594594
58.0,295,0.4813485294545193,0.2799410100257558,0.3050847457627119,30,20613,1754,0.07094594594594594
58.083333333333336,295,0.48633643444275704,0.26655633443769033,0.31186440677966104,31,20644,1755,0.06756756756756757
58.166666666666664,295,0.49076009736249954,0.27824268010708686,0.31864406779661014,33,20677,1756,0.07094594594594594
58.25,293,0.4917406569832976,0.2829710770837051,0.3242320819112628,33,20710,1759,0.07432432432432433
58.333333333333336,292,0.48914822135647223,0.2948299797614866,0.3219178082191781,35,20745,1763,0.07094594594594594
58.416666666666664,293,0.48535718839689795,0.29652097996807897,0.310580204778157,29,20774,1766,0.07432432432432433
58.5,294,0.4846249868549681,0.2981057585649422,0.3163265306122449,29,20803,1768,0.07432432432432433
58.583333333333336,294,0.4869899842539969,0.29783977360507974,0.3163265306122449,25,20828,1770,0.06756756756756757
58.666666666666664,290,0.48542798962828654,0.2936709462422899,0.3103448275862069,33,20861,1776,0.07094594594594594
58.75,291,0.47956328533525266,0.2948020005432021,0.30927835051546393,24,20885,1780,0.07094594594594594
58.833333333333336,294,0.47967812197311815,0.30002250238879374,0.30952380952380953,26,20911,1781,0.07094594594594594
58.916666666666664,293,0.4788003650597201,0.30204052678455406,0.32081911262798635,24,20935,1784,0.07432432432432433
59.0,292,0.4755561458486677,0.2911100790381612,0.3082191780821918,29,20964,1788,0.06418918918918919
59.083333333333336,292,0.47231735023929994,0.2860296381700491,0.3013698630136986,24,20988,1792,0.057432432432432436
59.166666666666664,291,0.46527117018832426,0.2882746405942282,0.29553264604810997,27,21015,1797,0.060810810810810814
59.25,291,0.4572466112096148,0.2862257155416338,0.281786941580756,33,21048,1802,0.05405405405405406
59.333333333333336,294,0.45392352788392487,0.2894212832339778,0.2857142857142857,28,21076,1804,0.05067567567567568
59.416666666666664,296,0.4586665697218505,0.3072259950547502,0.28378378378378377,23,21099,1804,0.0472972972972973
59.5,289,0.4575363633563361,0.30707852383070133,0.27335640138408307,21,21120,1811,0.05067567567567568
59.583333333333336,292,0.4479434970034968,0.3013025039831842,0.2602739726027397,31,21151,1815,0.0472972972972973
59.666666666666664,292,0.44249449847960587,0.3307096930650308,0.2705479452054795,27,21178,1819,0.04054054054054054
59.75,294,0.4411597198071093,0.30124832780532995,0.272108843537415,18,21196,1821,0.04054054054054054
59.833333333333336,291,0.4380430756875583,0.2976067477045081,0.2508591065292096,29,21225,1826,0.04054054054054054
59.916666666666664,294,0.4362175720367597,0.2992714673837123,0.24149659863945577,28,21253,1828,0.037162162162162164
60.0,295,0.4397609757402381,0.2929054843461623,0.23728813559322035,21,21274,1829,0.037162162162162164
60.083333333333336,294,0.44311823603765876,0.30070065988433337,0.25170068027210885,25,21299,1831,0.04054054054054054
60.166666666666664,294,0.4449349852233159,0.317079415293701,0.25510204081632654,26,21325,1833,0.04391891891891892
60.25,296,0.4499112849045472,0.3086255161686196,0.26013513513513514,19,21344,1833,0.04391891891891892
60.333333333333336,293,0.4542458044938953,0.31684789554331744,0.2764505119453925,21,21365,1836,0.05067567567567568
60.416666666666664,295,0.45611431956858445,0.3197817248201318,0.2847457627118644,24,21389,1837,0.04391891891891892
60.5,295,0.46144906650727174,0.32079614322204286,0.2847457627118644,29,21418,1838,0.04391891891891892
60.583333333333336,294,0.4645674561187992,0.3151489389676783,0.2857142857142857,17,21435,1840,0.04391891891891892
60.666666666666664,295,0.467648508537157,0.2992422186015486,0.29152542372881357,28,21463,1841,0.04391891891891892
60.75,295,0.4725060569379575,0.3081346149252716,0.29491525423728815,35,21498,1842,0.04054054054054054
60.833333333333336,295,0.4781255402309603,0.3133883721427927,0.29152542372881357,26,21524,1843,0.04391891891891892
60.916666666666664,293,0.47993744572307523,0.31854018088760955,0.3310580204778157,40,21564,1846,0.04391891891891892
61.0,292,0.47905822864767716,0.3221377366925312,0.3253424657534247,37,21601,1850,0.04054054054054054
61.083333333333336,294,0.4769550243050401,0.3169332273924111,0.32653061224489793,23,21624,1852,0.04054054054054054
61.166666666666664,294,0.4782157608127872,0.30800843147781926,0.3231292517006803,41,21665,1854,0.037162162162162164
61.25,296,0.48309543176827474,0.30524888962388963,0.32432432432432434,26,21691,1854,0.037162162162162164
61.333333333333336,294,0.4881532666322387,0.31684579592742856,0.3469387755102041,33,21724,1856,0.037162162162162164
61.416666666666664,292,0.48694042781954494,0.3099767622027896,0.3219178082191781,37,21761,1860,0.033783783783783786
61.5,296,0.4884038506441817,0.30768149830649827,0.3310810810810811,29,21790,1860,0.033783783783783786
61.583333333333336,294,0.4934492676135534,0.3141681353416047,0.3401360544217687,35,21825,1862,0.033783783783783786
61.666666666666664,295,0.49688547577302744,0.30880726618014753,0.3389830508474576,37,21862,1863,0.033783783783783786
61.75,295,0.5022961798133613,0.29851534529500634,0.3220338983050847,30,21892,1864,0.037162162162162164
61.833333333333336,291,0.502787207564551,0.29941841282047466,0.3024054982817869,33,21925,1869,0.04391891891891892
61.916666666666664,294,0.49928355539961655,0.3058683285724102,0.30272108843537415,37,21962,1871,0.0472972972972973
62.0,292,0.4974561432742862,0.2964107524895196,0.3047945205479452,37,21999,1875,0.05067567567567568
62.083333333333336,294,0.49626785695168274,0.28993212003416086,0.30272108843537415,27,22026,1877,0.05405405405405406
62.166666666666664,293,0.49695944380652474,0.30923146819051256,0.310580204778157,37,22063,1880,0.05067567567567568
62.25,295,0.49857204766833546,0.31637531959565857,0.30847457627118646,21,22084,1881,0.057432432432432436
62.333333333333336,292,0.49897842644570095,0.32150093057627305,0.3150684931506849,29,22113,1885,0.060810810810810814
62.416666666666664,292,0.4945589619104124,0.31917105915393584,0.3116438356164384,28,22141,1889,0.057432432432432436
62.5,292,0.49078387224653336,0.32071216319014756,0.3116438356164384,27,22168,1893,0.057432432432432436
62.583333333333336,294,0.48916809175168646,0.3257932907714249,0.3163265306122449,20,22188,1895,0.05405405405405406
62.666666666666664,293,0.4904730273449339,0.3268631620289348,0.32764505119453924,24,22212,1898,0.05405405405405406
62.75,295,0.4924228261010329,0.32729533984981923,0.33559322033898303,28,22240,1899,0.05405405405405406
62.833333333333336,294,0.49686287403085383,0.32398902118289874,0.3435374149659864,23,22263,1901,0.05405405405405406
62.916666666666664,295,0.5009451050619119,0.3187511076494127,0.3525423728813559,31,22294,1902,0.057432432432432436
63.0,294,0.5045970600703414,0.3140629182765003,0.35374149659863946,27,22321,1904,0.057432432432432436
63.083333333333336,296,0.5092216844495181,0.3148399793412109,0.36486486486486486,33,22354,1904,0.057432432432432436
63.166666666666664,293,0.5157754675032111,0.31610669248406936,0.3583617747440273,29,22383,1907,0.057432432432432436
63.25,295,0.516897817844334,0.30678151281056854,0.3593220338983051,32,22415,1908,0.057432432432432436
63.333333333333336,291,0.5173824026208204,0.3106165108006051,0.35738831615120276,27,22442,1913,0.05405405405405406
63.416666666666664,294,0.5134603440112737,0.3152641764886663,0.35714285714285715,30,22472,1915,0.060810810810810814
63.5,293,0.5133399209344184,0.3170036542903437,0.3412969283276451,19,22491,1918,0.06418918918918919
63.583333333333336,293,0.5114160369607733,0.3175655686747837,0.33447098976109213,26,22517,1921,0.060810810810810814
63.666666666666664,292,0.5105214940745412,0.32730359442688206,0.339041095890411,37,22554,1925,0.057432432432432436
63.75,294,0.5096075851415427,0.3252750650709834,0.3401360544217687,27,22581,1927,0.05067567567567568
63.833333333333336,294,0.5111519219391982,0.3303424277914074,0.3333333333333333,33,22614,1929,0.05067567567567568
63.916666666666664,291,0.5085348112831652,0.32477922961061173,0.32989690721649484,26,22640,1934,0.057432432432432436
64.0,290,0.49870151325140083,0.3222640574569271,0.32413793103448274,30,22670,1940,0.0472972972972973
64.08333333333333,294,0.49318645454125876,0.3285331351009317,0.32653061224489793,27,22697,1942,0.037162162162162164
64.16666666666667,294,0.49503966488638707,0.3196011849073073,0.3299319727891156,31,22728,1944,0.033783783783783786
64.25,296,0.49977121818091697,0.3164434945684946,0.35135135135135137,39,22767,1944,0.033783783783783786
64.33333333333333,294,0.5052216107084214,0.3233036238138279,0.35374149659863946,30,22797,1946,0.04391891891891892
64.41666666666667,294,0.5073399497760577,0.3175882510769914,0.35374149659863946,32,22829,1948,0.05067567567567568
64.5,288,0.5012552114984387,0.3160399502982118,0.3611111111111111,38,22867,1956,0.05067567567567568
64.58333333333333,294,0.49327125792744964,0.31068820700242233,0.36054421768707484,26,22893,1958,0.04054054054054054
64.66666666666667,296,0.4977346677777869,0.32163028477683653,0.36824324324324326,31,22924,1958,0.04391891891891892
64.75,292,0.5000100710535925,0.31155665111144565,0.3664383561643836,31,22955,1962,0.05067567567567568
64.83333333333333,293,0.4966647316682282,0.3124755979704785,0.36177474402730375,33,22988,1965,0.04054054054054054
64.91666666666667,291,0.4922224576644664,0.31343717342319477,0.3470790378006873,31,23019,1970,0.033783783783783786
65.0,292,0.4869451838253267,0.31271395999454976,0.3424657534246575,28,23047,1974,0.033783783783783786
65.08333333333333,296,0.4882078334718253,0.3041550681229858,0.3547297297297297,31,23078,1974,0.04391891891891892
65.16666666666667,293,0.49249444997251696,0.30768229684611936,0.3651877133105802,26,23104,1977,0.0472972972972973
65.25,294,0.4921256234520582,0.3069757245777654,0.3673469387755102,30,23134,1979,0.0472972972972973
65.33333333333333,295,0.4955625526394615,0.3076873879416252,0.34576271186440677,23,23157,1980,0.0472972972972973
65.41666666666667,294,0.4993857454398413,0.31740995210382966,0.3469387755102041,35,23192,1982,0.0472972972972973
65.5,295,0.5035946907739766,0.31013047216437045,0.3559322033898305,27,23219,1983,0.0472972972972973
65.58333333333333,291,0.5044457743698323,0.3026524830648542,0.36769759450171824,33,23252,1988,0.05067567567567568
65.66666666666667,290,0.4960422115664484,0.307877582187927,0.35172413793103446,22,23274,1994,0.05067567567567568
65.75,292,0.48722257209921016,0.28986893053673873,0.3424657534246575,31,23305,1998,0.04391891891891892
65.83333333333333,293,0.4853119401574993,0.2874948416879182,0.3447098976109215,32,23337,2001,0.04054054054054054
65.91666666666667,293,0.4861455147400504,0.3050478707597186,0.3515358361774744,28,23365,2004,0.04391891891891892
66.0,294,0.4867754193103953,0.29454021844692396,0.3435374149659864,20,23385,2006,0.04054054054054054
66.08333333333333,292,0.48584751260591386,0.30092061531640785,0.3424657534246575,22,23407,2010,0.04054054054054054
66.16666666666667,291,0.47894104271170684,0.28843619152897504,0.33676975945017185,23,23430,2015,0.0472972972972973
66.25,293,0.473943578091722,0.28727195119199017,0.3412969283276451,25,23455,2018,0.04391891891891892
66.33333333333333,294,0.47757946468445756,0.2890310437322099,0.3435374149659864,34,23489,2019,0.04054054054054054
66.41666666666667,294,0.479615662221912,0.30267006101554206,0.3401360544217687,39,23528,2021,0.04391891891891892
66.5,292,0.47786489633523466,0.3010300093470348,0.3424657534246575,29,23557,2025,0.05067567567567568
66.58333333333333,294,0.47692414072231937,0.304877160416519,0.336734693877551,28,23585,2027,0.05405405405405406
66.66666666666667,295,0.48025900350081185,0.2862952866342697,0.33559322033898303,32,23617,2028,0.05067567567567568
66.75,295,0.4850302449249185,0.284740993469807,0.34576271186440677,35,23652,2029,0.057432432432432436
66.83333333333333,293,0.4878199789478723,0.28129677489745747,0.34812286689419797,36,23688,2032,0.060810810810810814
66.91666666666667,293,0.48581723975217894,0.28777699357904135,0.3515358361774744,35,23723,2035,0.060810810810810814
67.0,293,0.48462140771116774,0.2927739499264744,0.35494880546075086,30,23753,2038,0.060810810810810814
67.08333333333333,293,0.4828578277256683,0.2848503888459167,0.3515358361774744,32,23785,2041,0.06418918918918919
67.16666666666667,294,0.4822166857203766,0.27576924242124806,0.3333333333333333,27,23812,2043,0.060810810810810814
67.25,292,0.47989166287503754,0.29415382025207254,0.3321917808219178,38,23850,2047,0.057432432432432436
67.33333333333333,294,0.47813508582960806,0.2967695289827591,0.3299319727891156,29,23879,2049,0.05067567567567568
67.41666666666667,293,0.47798598496522887,0.2996035253567324,0.3242320819112628,30,23909,2052,0.0472972972972973
67.5,293,0.47660377616319693,0.3047400270802648,0.33447098976109213,33,23942,2055,0.04054054054054054
67.58333333333333,292,0.4734363103491869,0.3102197079936806,0.3356164383561644,26,23968,2059,0.04054054054054054
67.66666666666667,294,0.47203939970390646,0.29104882268147575,0.3129251700680272,25,23993,2061,0.033783783783783786
67.75,292,0.47080995929706315,0.29509210348251447,0.3116438356164384,23,24016,2065,0.033783783783783786
67.83333333333333,293,0.46836155998928664,0.2856907218681963,0.3037542662116041,31,24047,2068,0.033783783783783786
67.91666666666667,293,0.4676693549128316,0.28054243757951747,0.3003412969283277,27,24074,2071,0.033783783783783786
68.0,293,0.46615836058003557,0.28573864512431063,0.3003412969283277,24,24098,2074,0.030405405405405407
68.08333333333333,295,0.468360347799581,0.2882324549273702,0.30847457627118646,34,24132,2075,0.033783783783783786
68.16666666666667,294,0.4748003687342082,0.30688686785625563,0.3129251700680272,25,24157,2076,0.04054054054054054
68.25,295,0.47816959812805615,0.30635310108425245,0.31186440677966104,17,24174,2077,0.04054054054054054
68.33333333333333,295,0.48320935883765387,0.30457769193596196,0.31186440677966104,25,24199,2078,0.0472972972972973
68.41666666666667,293,0.4852229286334391,0.31528004640868007,0.32081911262798635,29,24228,2081,0.0472972972972973
68.5,294,0.4851234818440898,0.3118513559111227,0.30272108843537415,36,24264,2083,0.04391891891891892
68.58333333333333,294,0.4873368532601873,0.31571440518233523,0.30272108843537415,26,24290,2085,0.04391891891891892
68.66666666666667,294,0.48961971384366415,0.310375649078273,0.32653061224489793,33,24323,2087,0.04391891891891892
68.75,295,0.4939959708320295,0.3036012749693137,0.3389830508474576,36,24359,2088,0.04391891891891892
68.83333333333333,292,0.4957355401943347,0.31329496226756504,0.3219178082191781,27,24386,2092,0.060810810810810814
68.91666666666667,295,0.4953499694685324,0.3138810342200173,0.3152542372881356,29,24415,2093,0.05405405405405406
69.0,295,0.5000155128114238,0.311197654219279,0.31864406779661014,23,24438,2094,0.05405405405405406
69.08333333333333,291,0.5014322647681385,0.3171714616702175,0.3230240549828179,23,24461,2099,0.05067567567567568
69.16666666666667,293,0.49613556279782356,0.3086659662568807,0.3174061433447099,38,24499,2102,0.0472972972972973
69.25,296,0.49906767748665165,0.2969557301453853,0.31756756756756754,34,24533,2102,0.05067567567567568
69.33333333333333,291,0.4997594035069031,0.28827260020494216,0.29553264604810997,27,24560,2107,0.05067567567567568
69.41666666666667,292,0.4943535479165117,0.2811235001211423,0.2910958904109589,31,24591,2111,0.05067567567567568
69.5,295,0.4942145717916748,0.28810903753592637,0.29491525423728815,22,24613,2112,0.05405405405405406
69.58333333333333,294,0.4972542218925922,0.29348300980954045,0.29931972789115646,28,24641,2114,0.05405405405405406
69.66666666666667,292,0.4995084758749159,0.2864249430174088,0.3047945205479452,31,24672,2118,0.05067567567567568
69.75,293,0.49578895948927115,0.2768728806271468,0.3037542662116041,29,24701,2121,0.05405405405405406
69.83333333333333,295,0.4976276157322183,0.2793925663271075,0.31864406779661014,35,24736,2122,0.05067567567567568
69.91666666666667,295,0.5031060736373972,0.2884073368673018,0.3288135593220339,34,24770,2123,0.057432432432432436
70.0,294,0.5061558402952615,0.2745698465789951,0.32653061224489793,30,24800,2125,0.057432432432432436
70.08333333333333,293,0.5066268517264665,0.28017735046980663,0.32764505119453924,30,24830,2128,0.06756756756756757
70.16666666666667,292,0.5034271868653544,0.276209416534759,0.339041095890411,37,24867,2132,0.06418918918918919
70.25,295,0.5060963285847165,0.27915250474572506,0.33220338983050846,34,24901,2132,0.06418918918918919
70.33333333333333,296,0.5122432394472202,0.29679739367239366,0.38175675675675674,41,24942,2132,0.06418918918918919
70.41666666666667,294,0.5184383482819036,0.29280457826376194,0.3843537414965986,24,24966,2134,0.06418918918918919
70.5,292,0.5174896902019069,0.2859343282288488,0.4075342465753425,41,25007,2138,0.07094594594594594
70.58333333333333,295,0.5165862648280029,0.28792550264204264,0.3864406779661017,28,25035,2139,0.07094594594594594
70.66666666666667,294,0.5193737493506562,0.2843029614845238,0.3877551020408163,28,25063,2141,0.06756756756756757
70.75,293,0.5196470659704403,0.2794812418238333,0.378839590443686,37,25100,2144,0.06418918918918919
70.83333333333333,291,0.516523902112846,0.29791560983983917,0.3745704467353952,34,25134,2149,0.060810810810810814
70.91666666666667,294,0.5125257367823741,0.28886854695892594,0.3741496598639456,49,25183,2151,0.05405405405405406
71.0,293,0.5119495988192978,0.2852740547279797,0.37542662116040953,32,25215,2154,0.06418918918918919
71.08333333333333,292,0.5099211719999512,0.294454983752929,0.386986301369863,37,25252,2158,0.057432432432432436
71.16666666666667,291,0.5045672522593386,0.2864530086179571,0.37800687285223367,33,25285,2163,0.057432432432432436
71.25,295,0.5025307040293294,0.2798699229207704,0.3728813559322034,43,25328,2164,0.057432432432432436
71.33333333333333,292,0.5025242065168539,0.27600809578549307,0.3698630136986301,39,25367,2168,0.057432432432432436
71.41666666666667,293,0.5007536106661304,0.2779626800957859,0.36860068259385664,43,25410,2171,0.05405405405405406
71.5,294,0.5014670209042416,0.26744972714360465,0.36054421768707484,41,25451,2173,0.057432432432432436
71.58333333333333,294,0.5026037986232476,0.27596072824841755,0.3707482993197279,39,25490,2175,0.057432432432432436
71.66666666666667,294,0.5047087747907706,0.28752052144086376,0.36394557823129253,47,25537,2177,0.05405405405405406
71.75,289,0.4984212578610077,0.29343549723335416,0.35294117647058826,40,25577,2184,0.060810810810810814
71.83333333333333,292,0.4885780897853562,0.2814553787156527,0.3424657534246575,36,25613,2188,0.05405405405405406
71.91666666666667,291,0.48223887032215784,0.2724750812379678,0.33676975945017185,37,25650,2193,0.0472972972972973
72.0,295,0.48060314206357646,0.27426059681507625,0.3389830508474576,38,25688,2194,0.05405405405405406
72.08333333333333,288,0.47503856547610634,0.2822632022408808,0.3298611111111111,35,25723,2202,0.060810810810810814
72.16666666666667,294,0.4668814154453124,0.2763085537218314,0.336734693877551,42,25765,2204,0.05067567567567568
72.25,292,0.46538096098714604,0.27932010879247937,0.3527397260273973,46,25811,2208,0.057432432432432436
72.33333333333333,292,0.4603890378521989,0.27509645003114935,0.3458904109589041,41,25852,2212,0.05067567567567568
72.41666666666667,294,0.4599190258487981,0.2929376462539728,0.3469387755102041,44,25896,2214,0.05067567567567568
72.5,296,0.4648560022479552,0.28425531863031867,0.35135135135135137,44,25940,2214,0.05067567567567568
72.58333333333333,290,0.4630388908868863,0.27758077171870277,0.3448275862068966,37,25977,2220,0.05067567567567568
72.66666666666667,292,0.4567979696466506,0.2768673677920253,0.3356164383561644,44,26021,2224,0.04054054054054054
72.75,295,0.45681351366998507,0.2755829951592664,0.33559322033898303,34,26055,2225,0.037162162162162164
72.83333333333333,292,0.4573156399592813,0.279261485523432,0.3287671232876712,38,26093,2229,0.033783783783783786
72.91666666666667,291,0.4515299526535761,0.2828889361359041,0.3230240549828179,37,26130,2234,0.030405405405405407
73.0,293,0.44676412365978807,0.2857831226795635,0.31399317406143346,34,26164,2237,0.033783783783783786
73.08333333333333,292,0.44459162562407034,0.2959791197629132,0.3184931506849315,33,26197,2241,0.02702702702702703
73.16666666666667,288,0.43631394741387175,0.29756584145951964,0.3090277777777778,36,26233,2249,0.02027027027027027
73.25,292,0.4285068728830715,0.29584781656699466,0.3013698630136986,36,26269,2252,0.016891891891891893
73.33333333333333,294,0.4279264603917367,0.2890976842507455,0.29591836734693877,32,26301,2254,0.016891891891891893
73.41666666666667,291,0.42600099915171036,0.2887988967885875,0.28865979381443296,39,26340,2259,0.02027027027027027
73.5,293,0.42229006971198785,0.2819389465293902,0.29692832764505117,34,26374,2262,0.02027027027027027
73.58333333333333,293,0.42069633419210856,0.28581611887778774,0.2935153583617747,35,26409,2265,0.016891891891891893
73.66666666666667,294,0.4209457171017528,0.28219826378693375,0.2925170068027211,38,26447,2267,0.013513513513513514
73.75,294,0.42357967814328934,0.27793637801778404,0.2891156462585034,28,26475,2269,0.010135135135135136
73.83333333333333,294,0.42631060383558916,0.27914095542749867,0.282312925170068,35,26510,2271,0.010135135135135136
73.91666666666667,293,0.4281077214111752,0.26754403163360063,0.27986348122866894,36,26546,2274,0.010135135135135136
74.0,294,0.42864804215510294,0.26366510668938536,0.2891156462585034,29,26575,2276,0.013513513513513514
74.08333333333333,294,0.43182493516701337,0.270251849500618,0.282312925170068,35,26610,2278,0.013513513513513514
74.16666666666667,292,0.43342622518802876,0.27609582395246074,0.2808219178082192,25,26635,2282,0.016891891891891893
74.25,296,0.4357790877796148,0.2746346671993224,0.28716216216216217,26,26661,2282,0.016891891891891893
74.33333333333333,292,0.4375852403368284,0.2760003894835024,0.2945205479452055,26,26687,2286,0.016891891891891893
74.41666666666667,294,0.43633518408299676,0.27852170505231727,0.29591836734693877,39,26726,2288,0.02027027027027027
74.5,292,0.43452740766662135,0.2768725091499064,0.2876712328767123,27,26753,2292,0.016891891891891893
74.58333333333333,295,0.43513139719614047,0.26130774122299544,0.2847457627118644,31,26784,2293,0.010135135135135136
74.66666666666667,294,0.4389638976588502,0.2638177015728036,0.2755102040816326,32,26816,2295,0.013513513513513514
74.75,295,0.4432350821885291,0.2766614835258903,0.27796610169491526,32,26848,2296,0.016891891891891893
74.83333333333333,294,0.4478893510725105,0.2751056737070108,0.2789115646258503,35,26883,2298,0.02364864864864865
74.91666666666667,294,0.4495868767479209,0.27015633355358903,0.2755102040816326,31,26914,2300,0.02702702702702703
75.0,292,0.44871243708093517,0.2680133282039361,0.2773972602739726,28,26942,2304,0.030405405405405407
75.08333333333333,295,0.4489856530930116,0.2684747103911605,0.29152542372881357,28,26970,2305,0.02364864864864865
75.16666666666667,294,0.452269018588949,0.2788354998911216,0.2891156462585034,36,27006,2307,0.02364864864864865
75.25,293,0.4532110263564816,0.28607146794980504,0.28668941979522183,26,27032,2310,0.02364864864864865
75.33333333333333,294,0.453369687720322,0.286696913494493,0.272108843537415,34,27066,2312,0.02364864864864865
75.41666666666667,295,0.45691427552389996,0.26926495656491717,0.2745762711864407,28,27094,2313,0.02027027027027027
75.5,295,0.4632185313280419,0.2873165660453796,0.2847457627118644,31,27125,2314,0.02027027027027027
75.58333333333333,294,0.46766106282976855,0.27053414587428193,0.282312925170068,26,27151,2316,0.02027027027027027
75.66666666666667,293,0.46855400901508554,0.28339078757167496,0.27986348122866894,26,27177,2319,0.02364864864864865
75.75,294,0.4686587586409918,0.2766402374395572,0.2687074829931973,26,27203,2321,0.02702702702702703
75.83333333333333,295,0.4720705655649937,0.28081285318573457,0.2677966101694915,22,27225,2322,0.030405405405405407
75.91666666666667,294,0.4764462285867795,0.2825934018110889,0.2789115646258503,24,27249,2324,0.030405405405405407
76.0,292,0.477597618427951,0.2793461802023446,0.2910958904109589,34,27283,2328,0.02702702702702703
76.08333333333333,293,0.4745822666642045,0.27838507719053796,0.3003412969283277,31,27314,2331,0.02702702702702703
76.16666666666667,294,0.47484865935405807,0.2849610895529263,0.2925170068027211,27,27341,2333,0.02702702702702703
76.25,295,0.4782038443223913,0.2896368697216155,0.3016949152542373,24,27365,2334,0.02364864864864865
76.33333333333333,293,0.4802370950867089,0.2995688138179606,0.31399317406143346,27,27392,2337,0.033783783783783786
76.41666666666667,295,0.4829667906379962,0.30371107235514017,0.3152542372881356,27,27419,2338,0.030405405405405407
76.5,293,0.48648557373391554,0.2956820767400972,0.31399317406143346,28,27447,2341,0.030405405405405407
76.58333333333333,288,0.4788702336724662,0.30128652211985546,0.3020833333333333,37,27484,2349,0.033783783783783786
76.66666666666667,293,0.46831228080246823,0.29833445848804213,0.29692832764505117,15,27499,2352,0.04054054054054054
76.75,295,0.4697501687348823,0.2995702226210701,0.3016949152542373,18,27517,2353,0.037162162162162164
76.83333333333333,292,0.47006851034525465,0.29455686056713454,0.2945205479452055,26,27543,2357,0.037162162162162164
76.91666666666667,291,0.4665625061242159,0.2867465486022187,0.28865979381443296,25,27568,2362,0.037162162162162164
77.0,295,0.4652620732068914,0.2884426751618035,0.3016949152542373,25,27593,2363,0.033783783783783786
77.08333333333333,293,0.46755243615195463,0.30359901353319196,0.2935153583617747,26,27619,2366,0.037162162162162164
77.16666666666667,293,0.46840700617202113,0.3017847123892955,0.30716723549488056,24,27643,2369,0.037162162162162164
77.25,295,0.4697179829650286,0.3014993736422308,0.30847457627118646,21,27664,2370,0.04054054054054054
77.33333333333333,292,0.47029085327103126,0.3079445451265412,0.3013698630136986,20,27684,2374,0.04054054054054054
77.41666666666667,293,0.46725187412902586,0.30119038824548333,0.2901023890784983,24,27708,2377,0.04054054054054054
77.5,289,0.45957728664756686,0.297010793896607,0.2837370242214533,23,27731,2384,0.04054054054054054
77.58333333333333,292,0.4505225332320261,0.299298618048618,0.2705479452054795,25,27756,2388,0.037162162162162164
77.66666666666667,296,0.4521222246753143,0.3059078389435532,0.28716216216216217,29,27785,2388,0.033783783783783786
77.75,295,0.4581950942364335,0.3007990489467487,0.288135593220339,26,27811,2389,0.033783783783783786
77.83333333333333,290,0.4550840331616896,0.3011208400247809,0.2793103448275862,27,27838,2395,0.033783783783783786
77.91666666666667,296,0.45379380458926744,0.30736181718324573,0.27702702702702703,19,27857,2395,0.02702702702702703
78.0,296,0.4617403194758554,0.3074769824769825,0.28378378378378377,29,27886,2395,0.030405405405405407
78.08333333333333,291,0.4628087736023294,0.30415904256110443,0.27491408934707906,31,27917,2400,0.030405405405405407
78.16666666666667,292,0.4571436227312728,0.30432172469843705,0.2671232876712329,17,27934,2404,0.02702702702702703
78.25,295,0.4571616196672961,0.2981457055185869,0.2677966101694915,25,27959,2405,0.02702702702702703
78.33333333333333,296,0.4636347652154296,0.29616334240274916,0.2702702702702703,29,27988,2405,0.02702702702702703
78.41666666666667,296,0.47177063056451507,0.3011699164825991,0.28378378378378377,23,28011,2405,0.02702702702702703
78.5,293,0.4751044230763837,0.30689663926030497,0.2901023890784983,23,28034,2408,0.02702702702702703
78.58333333333333,294,0.475957528782142,0.30115064484346676,0.29931972789115646,23,28057,2410,0.02364864864864865
78.66666666666667,295,0.4794648552715598,0.3032699507129665,0.3152542372881356,24,28081,2411,0.030405405405405407
78.75,293,0.4817925481217276,0.2960613997303417,0.31399317406143346,33,28114,2414,0.033783783783783786
78.83333333333333,296,0.4849411832991573,0.29816674536502125,0.3310810810810811,32,28146,2414,0.037162162162162164
78.91666666666667,295,0.4913390629848572,0.2983219887512154,0.3288135593220339,30,28176,2415,0.037162162162162164
79.0,293,0.4936968600056907,0.27980946812558366,0.33447098976109213,28,28204,2418,0.04054054054054054
79.08333333333333,293,0.49731335140458,0.28699642224086547,0.3174061433447099,30,28234,2420,0.04054054054054054
79.16666666666667,294,0.49739996974081274,0.2916911664597948,0.3197278911564626,27,28261,2422,0.04054054054054054
79.25,292,0.49644167855066557,0.3010906583063321,0.3184931506849315,27,28288,2426,0.04391891891891892
79.33333333333333,293,0.49613887872619195,0.31341366872758253,0.33447098976109213,33,28321,2428,0.04391891891891892
79.41666666666667,293,0.4952497059448147,0.2988566704437012,0.3242320819112628,40,28361,2431,0.04054054054054054
79.5,295,0.4966867117509347,0.30674398074714077,0.3423728813559322,34,28395,2432,0.037162162162162164
79.58333333333333,294,0.5014476082363042,0.3040852568265228,0.35034013605442177,36,28431,2434,0.04391891891891892
79.66666666666667,293,0.5020353953912049,0.32161316088255404,0.3583617747440273,47,28478,2437,0.0472972972972973
79.75,294,0.5022023232368609,0.31773299451870884,0.36054421768707484,39,28517,2439,0.0472972972972973
79.83333333333333,295,0.5054729847742911,0.31357135331711605,0.3694915254237288,38,28555,2440,0.0472972972972973
79.91666666666667,293,0.5076531724115537,0.3189998819076523,0.3583617747440273,30,28585,2443,0.0472972972972973
80.0,293,0.507546297722228,0.30777952282039905,0.34812286689419797,26,28611,2446,0.0472972972972973
80.08333333333333,293,0.5057210566241007,0.29076889787462057,0.3447098976109215,34,28645,2449,0.0472972972972973
80.16666666666667,294,0.5058465646313898,0.3050569234242704,0.35374149659863946,36,28681,2451,0.04391891891891892
80.25,294,0.5070949274389079,0.2970316625928871,0.35034013605442177,25,28706,2453,0.0472972972972973
80.33333333333333,292,0.5060995986251262,0.28807920580180857,0.3424657534246575,36,28742,2457,0.04391891891891892
80.41666666666667,291,0.49974845095454745,0.29018738039356595,0.3402061855670103,34,28776,2462,0.04054054054054054
80.5,292,0.4937171013855711,0.28363436411381615,0.339041095890411,27,28803,2466,0.037162162162162164
80.58333333333333,294,0.49138660395964007,0.28825332862982406,0.3333333333333333,34,28837,2468,0.033783783783783786
80.66666666666667,295,0.49440183414007366,0.28738684941824294,0.34915254237288135,40,28877,2469,0.033783783783783786
80.75,293,0.4963437323740831,0.29744325537588706,0.35494880546075086,31,28908,2472,0.037162162162162164
80.83333333333333,294,0.4971373210595444,0.2952838062506807,0.36054421768707484,34,28942,2474,0.04054054054054054
80.91666666666667,293,0.496842982601368,0.2903115750385375,0.36177474402730375,39,28981,2477,0.0472972972972973
81.0,293,0.49628825733385107,0.29084342711841493,0.36177474402730375,30,29011,2480,0.04391891891891892
81.08333333333333,290,0.49350017654301265,0.2919152002895845,0.3586206896551724,27,29038,2485,0.0472972972972973
81.16666666666667,295,0.4899358832992682,0.29996597430011473,0.376271186440678,36,29074,2486,0.04391891891891892
81.25,294,0.4928443480846366,0.30042404550422047,0.38095238095238093,36,29110,2488,0.0472972972972973
81.33333333333333,292,0.4940056530097841,0.30770422499874556,0.3972602739726027,40,29150,2491,0.0472972972972973
81.41666666666667,292,0.4895005480801703,0.3216605217461382,0.4041095890410959,40,29190,2495,0.04054054054054054
81.5,292,0.48685892101600636,0.3011433676673403,0.386986301369863,40,29230,2499,0.04391891891891892
81.58333333333333,293,0.4876562315729399,0.2970764063969941,0.3924914675767918,33,29263,2501,0.04391891891891892
81.66666666666667,293,0.48707166012901376,0.30405490381917755,0.3890784982935154,37,29300,2504,0.04391891891891892
81.75,293,0.48494574896328796,0.30651310166986684,0.3856655290102389,28,29328,2507,0.04391891891891892
81.83333333333333,296,0.48795221694859353,0.31960561960561956,0.40540540540540543,38,29366,2507,0.04054054054054054
81.91666666666667,293,0.4922272147908319,0.31681114675995226,0.3890784982935154,31,29397,2510,0.04054054054054054
82.0,292,0.48917088228347144,0.31813182979598115,0.3732876712328767,27,29424,2514,0.037162162162162164
82.08333333333333,294,0.48776097122845374,0.3183162733534577,0.37755102040816324,45,29469,2516,0.033783783783783786
82.16666666666667,292,0.48781208510593643,0.3235225577894489,0.3698630136986301,33,29502,2520,0.033783783783783786
82.25,295,0.48773314402822565,0.3048044987028038,0.376271186440678,39,29541,2521,0.037162162162162164
82.33333333333333,295,0.4923446882482686,0.30534453305639747,0.3593220338983051,31,29572,2522,0.04054054054054054
82.41666666666667,288,0.48883805779475004,0.3146595880970881,0.34375,23,29595,2530,0.037162162162162164
82.5,292,0.4798529304070964,0.3014774133780983,0.3287671232876712,33,29628,2533,0.037162162162162164
82.58333333333333,293,0.48020970352178177,0.30261175116123923,0.32764505119453924,34,29662,2536,0.033783783783783786
82.66666666666667,294,0.4830318379839273,0.2994510213897969,0.3401360544217687,37,29699,2537,0.037162162162162164
82.75,295,0.48687193716412974,0.30073703133025165,0.33559322033898303,30,29729,2538,0.037162162162162164
82.83333333333333,296,0.4930969516657916,0.2958411802161802,0.34797297297297297,34,29763,2538,0.04054054054054054
82.91666666666667,292,0.4947666093258709,0.30797211666000845,0.3424657534246575,33,29796,2542,0.04054054054054054
83.0,292,0.490027263788745,0.2898150552518842,0.3356164383561644,23,29819,2546,0.04054054054054054
83.08333333333333,293,0.4861654231669882,0.2930458427303276,0.32764505119453924,36,29855,2549,0.04054054054054054
83.16666666666667,295,0.487663593986558,0.28576226066290356,0.3254237288135593,19,29874,2550,0.033783783783783786
83.25,294,0.4908583986075538,0.29184674924470844,0.3435374149659864,37,29911,2552,0.037162162162162164
83.33333333333333,289,0.48586038846956525,0.3009615230177898,0.3356401384083045,34,29945,2559,0.037162162162162164
83.41666666666667,294,0.4820736210463325,0.3027490353347268,0.336734693877551,27,29972,2561,0.033783783783783786
83.5,294,0.4850056728488761,0.30497699477039986,0.3469387755102041,24,29996,2563,0.033783783783783786
83.58333333333333,293,0.48608044373863035,0.29982247456398,0.3583617747440273,25,30021,2566,0.037162162162162164
83.66666666666667,295,0.487363793937173,0.29750318419809946,0.3525423728813559,33,30054,2567,0.037162162162162164
83.75,290,0.48352945138414083,0.2983666046597081,0.35172413793103446,35,30089,2573,0.037162162162162164
83.83333333333333,296,0.48167534244321497,0.28791301498464417,0.34797297297297297,27,30116,2573,0.02702702702702703
83.91666666666667,294,0.4867892168706002,0.2993945868945869,0.35374149659863946,31,30147,2575,0.030405405405405407
84.0,296,0.4916329265434305,0.30170965483465484,0.3581081081081081,29,30176,2575,0.033783783783783786
84.08333333333333,292,0.49453128523220513,0.30755109616410986,0.3595890410958904,25,30201,2579,0.033783783783783786
84.16666666666667,294,0.49340848075945876,0.30789890381727114,0.35374149659863946,23,30224,2581,0.037162162162162164
84.25,292,0.4940587245729245,0.3056639707324639,0.3458904109589041,24,30248,2585,0.037162162162162164
84.33333333333333,294,0.4952714712059021,0.30416947910462266,0.35034013605442177,21,30269,2586,0.037162162162162164
84.41666666666667,293,0.4968300874727737,0.292658819812172,0.34812286689419797,26,30295,2589,0.04054054054054054
84.5,293,0.49489609229219783,0.28296771455792685,0.3310580204778157,26,30321,2592,0.04391891891891892
84.58333333333333,292,0.492620498311136,0.290325225109392,0.3219178082191781,35,30356,2596,0.04391891891891892
84.66666666666667,294,0.4920294930484543,0.2966546839936854,0.3333333333333333,36,30392,2598,0.05067567567567568
84.75,293,0.49259534217409096,0.2961543735525524,0.32764505119453924,27,30419,2601,0.05067567567567568
84.83333333333333,294,0.49356248651863127,0.29109603580926596,0.3333333333333333,30,30449,2603,0.0472972972972973
84.91666666666667,292,0.49238886146648636,0.28668587880916646,0.339041095890411,21,30470,2607,0.05067567567567568
85.0,291,0.4854419058604421,0.2917433845268897,0.3402061855670103,21,30491,2612,0.0472972972972973
85.08333333333333,293,0.48119229428345667,0.2907049245786447,0.3412969283276451,34,30525,2615,0.0472972972972973
85.16666666666667,294,0.48052974923091046,0.2907996381189048,0.336734693877551,27,30552,2617,0.0472972972972973
85.25,293,0.4804359453057868,0.29343235285598934,0.3310580204778157,26,30578,2620,0.05405405405405406
85.33333333333333,292,0.4765885233418669,0.29135854465007033,0.3184931506849315,24,30602,2624,0.057432432432432436
85.41666666666667,296,0.47797328802562256,0.28591905301744996,0.31756756756756754,20,30622,2624,0.05067567567567568
85.5,294,0.48266651348153183,0.2886827650286482,0.3197278911564626,37,30659,2626,0.05405405405405406
85.58333333333333,295,0.48579032567498875,0.2740927434147773,0.31864406779661014,29,30688,2627,0.060810810810810814
85.66666666666667,294,0.48871389696025946,0.28780415540619625,0.3231292517006803,29,30717,2629,0.060810810810810814
85.75,294,0.490917775663873,0.2843650491609675,0.3197278911564626,25,30742,2631,0.060810810810810814
85.83333333333333,296,0.4954482571087283,0.2738887613887614,0.3277027027027027,27,30769,2631,0.06418918918918919
85.91666666666667,294,0.5007897137078456,0.275436128497353,0.3231292517006803,31,30800,2633,0.06756756756756757
86.0,292,0.500444731459598,0.2841856203157573,0.3219178082191781,23,30823,2637,0.07094594594594594
86.08333333333333,295,0.5001692526227345,0.2811666299801893,0.33220338983050846,36,30859,2638,0.0777027027027027
86.16666666666667,294,0.5030655678189836,0.2860803409976527,0.3333333333333333,33,30892,2640,0.08108108108108109
86.25,289,0.4982687621492644,0.28089746695521667,0.328719723183391,32,30924,2647,0.08108108108108109
86.33333333333333,292,0.4892341051974921,0.2705794589208619,0.3116438356164384,25,30949,2651,0.0777027027027027
86.41666666666667,296,0.4900505545221626,0.274932847131123,0.2939189189189189,34,30983,2651,0.0777027027027027
86.5,294,0.49454794060704,0.2878644881195902,0.30612244897959184,33,31016,2653,0.0777027027027027
86.58333333333333,295,0.4973432178939739,0.2777263226415769,0.31864406779661014,31,31047,2654,0.0777027027027027
86.66666666666667,293,0.5019487709688002,0.271788147385417,0.31399317406143346,23,31070,2657,0.0777027027027027
86.75,293,0.49965937461796356,0.27086997189386264,0.30716723549488056,32,31102,2660,0.0777027027027027
86.83333333333333,291,0.4948742405044698,0.2802249106372818,0.3024054982817869,33,31135,2665,0.07432432432432433
86.91666666666667,291,0.4875324249149635,0.2910036794057413,0.28865979381443296,34,31169,2670,0.07094594594594594
87.0,293,0.48242346012343557,0.2900526473905313,0.2832764505119454,36,31205,2673,0.06418918918918919
87.08333333333333,293,0.48019187803984337,0.27644876928153383,0.27986348122866894,26,31231,2676,0.06418918918918919
87.16666666666667,294,0.4801470779842778,0.2773654158209676,0.2925170068027211,36,31267,2678,0.057432432432432436
87.25,292,0.4785738204683874,0.2717952421066538,0.2876712328767123,24,31291,2682,0.057432432432432436
87.33333333333333,294,0.4776079115153579,0.2781301556163196,0.30612244897959184,35,31326,2684,0.05067567567567568
87.41666666666667,294,0.479624148325575,0.28793292842929646,0.2891156462585034,37,31363,2686,0.057432432432432436
87.5,292,0.4782431890625796,0.28708242893966013,0.2876712328767123,34,31397,2690,0.05405405405405406
87.58333333333333,293,0.47891442566214953,0.29655540770345995,0.28668941979522183,27,31424,2692,0.05405405405405406
87.66666666666667,293,0.4770651797191291,0.28921618833352386,0.28668941979522183,27,31451,2695,0.05067567567567568
87.75,292,0.47421772346181995,0.2883681943858957,0.2876712328767123,29,31480,2699,0.0472972972972973
87.83333333333333,289,0.46400900275297097,0.2813512035830375,0.2768166089965398,26,31506,2706,0.0472972972972973
87.91666666666667,294,0.4573660241805705,0.27728503544830074,0.2789115646258503,29,31535,2708,0.037162162162162164
88.0,295,0.4605694130647883,0.2748348261907584,0.2847457627118644,26,31561,2709,0.033783783783783786
88.08333333333333,295,0.4655920053766688,0.27524166041115194,0.29152542372881357,28,31589,2710,0.037162162162162164
88.16666666666667,293,0.46752617097000204,0.276561161629421,0.3003412969283277,26,31615,2713,0.037162162162162164
88.25,294,0.4681528059023814,0.2730885233436254,0.30612244897959184,28,31643,2715,0.037162162162162164
88.33333333333333,295,0.47203756791581747,0.2836707078232502,0.3152542372881356,32,31675,2716,0.033783783783783786
88.41666666666667,295,0.47723083440609176,0.29090490488795573,0.3152542372881356,41,31716,2717,0.037162162162162164
88.5,292,0.47751141543802655,0.28354918483343144,0.3116438356164384,34,31750,2721,0.04391891891891892
88.58333333333333,294,0.4763282957574077,0.2839233045865699,0.30952380952380953,30,31780,2723,0.037162162162162164
88.66666666666667,295,0.4794576683834728,0.2797824021552835,0.3050847457627119,26,31806,2724,0.04054054054054054
88.75,295,0.4843186637024164,0.272187783967445,0.3016949152542373,34,31840,2725,0.037162162162162164
88.83333333333333,295,0.48925215710659575,0.2747770873194602,0.31186440677966104,30,31870,2726,0.04054054054054054
88.91666666666667,295,0.4945994632784393,0.29201067294287636,0.31864406779661014,31,31901,2727,0.04391891891891892
89.0,293,0.4965014876108208,0.27541231048056986,0.310580204778157,22,31923,2730,0.04391891891891892
89.08333333333333,295,0.4981754208658669,0.27891175679311275,0.31864406779661014,26,31949,2731,0.04054054054054054
89.16666666666667,292,0.4991944612331157,0.2918423088146794,0.3219178082191781,28,31977,2735,0.04054054054054054
89.25,293,0.4961721606742412,0.2901886885024503,0.3242320819112628,25,32002,2738,0.04391891891891892
89.33333333333333,293,0.4954629914946255,0.28933061436676866,0.3310580204778157,31,32033,2741,0.04391891891891892
89.41666666666667,295,0.4972783060748717,0.28769988892654796,0.33220338983050846,30,32063,2742,0.04391891891891892
89.5,293,0.49931142103154796,0.2940447581637493,0.3174061433447099,25,32088,2745,0.0472972972972973
89.58333333333333,294,0.4996330585343673,0.29402741060904325,0.3299319727891156,39,32127,2747,0.0472972972972973
89.66666666666667,288,0.4934792207462725,0.30150449335717194,0.3229166666666667,35,32162,2755,0.05067567567567568
89.75,292,0.4821251027584644,0.30034041165401243,0.3082191780821918,24,32186,2759,0.04054054054054054
89.83333333333333,293,0.4800378205658645,0.3069564096989743,0.3037542662116041,30,32216,2762,0.04054054054054054
89.91666666666667,294,0.48112880304823874,0.304969122498277,0.2925170068027211,24,32240,2764,0.04054054054054054
90.0,292,0.48197140564262614,0.2992054558835381,0.2945205479452055,18,32258,2768,0.04391891891891892
90.08333333333333,295,0.4816560630895334,0.2917180277349769,0.2983050847457627,30,32288,2769,0.04391891891891892
90.16666666666667,293,0.48383535280090534,0.2973136552488088,0.3003412969283277,16,32304,2772,0.04054054054054054
90.25,295,0.48868824282037265,0.2964632636666535,0.31186440677966104,32,32336,2772,0.04391891891891892
90.33333333333333,293,0.49137913774940833,0.3023636678073538,0.33447098976109213,39,32375,2775,0.04054054054054054
90.41666666666667,293,0.490093114230818,0.298524494087634,0.32081911262798635,30,32405,2778,0.04054054054054054
90.5,295,0.49249180794411457,0.3013512099952778,0.3220338983050847,32,32437,2779,0.04391891891891892
90.58333333333333,294,0.4962975668427219,0.3036805598030088,0.3231292517006803,28,32465,2781,0.0472972972972973
90.66666666666667,293,0.49734370559324337,0.31054662061488,0.32764505119453924,30,32495,2784,0.0472972972972973
90.75,293,0.49610654095140266,0.29527416080317104,0.3310580204778157,32,32527,2787,0.0472972972972973
90.83333333333333,292,0.49355207868308887,0.296221245164325,0.3253424657534247,35,32562,2791,0.04391891891891892
90.91666666666667,295,0.4930845210393071,0.29745978192208467,0.33220338983050846,26,32588,2792,0.037162162162162164
91.0,291,0.4913802285028093,0.29842885184792656,0.31958762886597936,30,32618,2797,0.033783783783783786
91.08333333333333,295,0.4906387077073352,0.28143830810400067,0.33559322033898303,35,32653,2798,0.02702702702702703
91.16666666666667,293,0.49398848035845144,0.29418956027100873,0.3310580204778157,35,32688,2801,0.02702702702702703
91.25,295,0.4955449149217455,0.2874411928203942,0.3423728813559322,29,32717,2802,0.030405405405405407
91.33333333333333,293,0.4976656938563854,0.2933714553573407,0.34812286689419797,31,32748,2805,0.033783783783783786
91.41666666666667,292,0.4987031248699278,0.2935213568775213,0.3424657534246575,18,32766,2808,0.037162162162162164
91.5,292,0.4948124799420317,0.29484884407829615,0.3424657534246575,37,32803,2812,0.037162162162162164
91.58333333333333,295,0.49434198463276585,0.3018296204736883,0.3423728813559322,30,32833,2813,0.037162162162162164
91.66666666666667,294,0.4980853690940454,0.295482946758457,0.35374149659863946,30,32863,2815,0.037162162162162164
91.75,294,0.49972826175756296,0.29604064387667484,0.3469387755102041,33,32896,2817,0.033783783783783786
91.83333333333333,292,0.4993705506571476,0.29531251368166817,0.363013698630137,37,32933,2821,0.030405405405405407
91.91666666666667,292,0.49485009135920444,0.2848230536586701,0.3595890410958904,30,32963,2825,0.030405405405405407
92.0,292,0.4933436394746605,0.3032912640172118,0.3561643835616438,25,32988,2828,0.033783783783783786
92.08333333333333,292,0.48923695204620893,0.31233268938185393,0.3527397260273973,28,33016,2832,0.033783783783783786
92.16666666666667,293,0.4858869416902451,0.3072232949925076,0.3447098976109215,25,33041,2835,0.033783783783783786
92.25,293,0.48428521680141623,0.31243019330033234,0.3412969283276451,34,33075,2838,0.037162162162162164
92.33333333333333,296,0.48746609829625903,0.31702130382856986,0.3547297297297297,35,33110,2838,0.033783783783783786
92.41666666666667,292,0.48984316181225385,0.32184385113690395,0.363013698630137,40,33150,2842,0.033783783783783786
92.5,289,0.4821306397992076,0.32516913936834846,0.3460207612456747,34,33184,2849,0.037162162162162164
92.58333333333333,295,0.476820113093958,0.3244613202240321,0.3525423728813559,29,33213,2850,0.033783783783783786
92.66666666666667,295,0.481945511553966,0.3317944014554184,0.34576271186440677,25,33238,2851,0.030405405405405407
92.75,291,0.48067707770116264,0.3315368010088948,0.3436426116838488,28,33266,2856,0.037162162162162164
92.83333333333333,295,0.47899072622682787,0.3221630632501468,0.3525423728813559,29,33295,2857,0.030405405405405407
92.91666666666667,295,0.48367017005364576,0.33092187538417817,0.36271186440677966,32,33327,2858,0.030405405405405407
93.0,293,0.48734735458966333,0.3168066594658333,0.36177474402730375,29,33356,2861,0.033783783783783786
93.08333333333333,290,0.4812365208740845,0.31075668650282207,0.35172413793103446,35,33391,2867,0.033783783783783786
93.16666666666667,293,0.47532068962287055,0.32278798248552276,0.35494880546075086,33,33424,2870,0.037162162162162164
93.25,290,0.46976634667710365,0.32489197782003965,0.32413793103448274,45,33469,2876,0.037162162162162164
93.33333333333333,293,0.46329636713502914,0.3192626776803545,0.31399317406143346,23,33492,2879,0.033783783783783786
93.41666666666667,292,0.46082917495939274,0.33470880402859615,0.3082191780821918,30,33522,2883,0.030405405405405407
93.5,295,0.4610862524701064,0.3192181647821624,0.30847457627118646,29,33551,2884,0.030405405405405407
93.58333333333333,295,0.465645375626859,0.3145569502904395,0.3050847457627119,35,33586,2885,0.033783783783783786
93.66666666666667,293,0.4669907675340895,0.3137511619501773,0.29692832764505117,22,33608,2888,0.033783783783783786
93.75,295,0.46850012318058865,0.3163937196049451,0.3016949152542373,25,33633,2889,0.033783783783783786
93.83333333333333,293,0.47000339646128625,0.3212016645979381,0.2935153583617747,23,33656,2892,0.030405405405405407
93.91666666666667,293,0.47168261844374565,0.32879528415166115,0.3003412969283277,27,33683,2894,0.033783783783783786
94.0,296,0.47495660152719676,0.31478985542033466,0.2905405405405405,21,33704,2894,0.037162162162162164
94.08333333333333,294,0.4814227222858217,0.31520747771299423,0.30272108843537415,27,33731,2896,0.04054054054054054
94.16666666666667,292,0.48021394075250096,0.31842009811424077,0.2910958904109589,27,33758,2900,0.0472972972972973
94.25,293,0.47700156477271155,0.31672225228774603,0.28668941979522183,29,33787,2903,0.0472972972972973
94.33333333333333,294,0.4775195954927935,0.31270483004925553,0.29931972789115646,24,33811,2905,0.0472972972972973
94.41666666666667,294,0.47950311150181346,0.3144563850467641,0.30272108843537415,30,33841,2907,0.04391891891891892
94.5,292,0.47881027716666813,0.30573087387902825,0.2979452054794521,27,33868,2911,0.0472972972972973
94.58333333333333,293,0.4749791217166352,0.3148281647403186,0.28668941979522183,26,33894,2914,0.05405405405405406
94.66666666666667,294,0.4750387889862659,0.2997877031744027,0.2891156462585034,31,33925,2916,0.0472972972972973
94.75,296,0.47980060016867704,0.3064457598940358,0.30743243243243246,30,33955,2916,0.05067567567567568
94.83333333333333,293,0.4847036531684602,0.3060895399632601,0.310580204778157,28,33983,2919,0.05405405405405406
94.91666666666667,293,0.4826646785130352,0.3095989429607177,0.30716723549488056,25,34008,2922,0.05405405405405406
95.0,292,0.4801750599049958,0.3060731410902644,0.2945205479452055,27,34035,2926,0.0472972972972973
95.08333333333333,295,0.47985872719519623,0.3154299093983489,0.288135593220339,26,34061,2927,0.05067567567567568
95.16666666666667,295,0.4852836700767196,0.3262872535607778,0.30847457627118646,28,34089,2928,0.05067567567567568
95.25,293,0.4888846956059514,0.31690740085173413,0.310580204778157,27,34116,2931,0.05405405405405406
95.33333333333333,296,0.49193237033206977,0.3115817462800221,0.32094594594594594,21,34137,2931,0.05405405405405406
95.41666666666667,295,0.4984914652820738,0.315778148405267,0.3254237288135593,29,34166,2932,0.05405405405405406
95.5,291,0.496730596169263,0.314972722315899,0.31958762886597936,32,34198,2937,0.05405405405405406
95.58333333333333,293,0.4931167086632939,0.3001962100489896,0.30716723549488056,29,34227,2940,0.04391891891891892
95.66666666666667,296,0.496091190804946,0.30724655348596025,0.3108108108108108,31,34258,2940,0.04391891891891892
95.75,293,0.5005457880244494,0.32358533514459936,0.31399317406143346,23,34281,2943,0.0472972972972973
95.83333333333333,293,0.501150242149866,0.3183662848338616,0.310580204778157,35,34316,2946,0.060810810810810814
95.91666666666667,294,0.5007895745174443,0.3085152187193004,0.30952380952380953,31,34347,2948,0.07094594594594594
96.0,293,0.5012374818069367,0.3156037080098513,0.3037542662116041,38,34385,2951,0.07094594594594594
96.08333333333333,292,0.4980344163891384,0.312044395862889,0.3013698630136986,22,34407,2955,0.07432432432432433
96.16666666666667,292,0.4923712998022587,0.30190427913030654,0.3082191780821918,28,34435,2959,0.0777027027027027
96.25,293,0.49413098816160433,0.3052067562428362,0.3174061433447099,36,34471,2962,0.06756756756756757
96.33333333333333,294,0.49407082602899505,0.3077597181460155,0.3163265306122449,46,34517,2964,0.07094594594594594
96.41666666666667,294,0.4955239073067108,0.2977061379393741,0.3231292517006803,26,34543,2966,0.07094594594594594
96.5,294,0.49848746992694754,0.30182342088318764,0.32653061224489793,37,34580,2968,0.07094594594594594
96.58333333333333,294,0.5000379684907654,0.30023343059057345,0.3231292517006803,20,34600,2970,0.07094594594594594
96.66666666666667,295,0.50350292382809,0.3053160087525955,0.33559322033898303,28,34628,2971,0.07094594594594594
96.75,294,0.5076821323698432,0.3029744980044065,0.3333333333333333,30,34658,2973,0.07432432432432433
96.83333333333333,294,0.5092781505287303,0.2922774286338678,0.3333333333333333,21,34679,2975,0.07432432432432433
96.91666666666667,289,0.504900212126947,0.29627861741031225,0.328719723183391,27,34706,2982,0.0777027027027027
97.0,292,0.4955790948122649,0.30201566111518097,0.3561643835616438,30,34736,2986,0.08108108108108109
97.08333333333333,293,0.49135882257106595,0.29256678269326664,0.3447098976109215,33,34769,2989,0.08783783783783784
97.16666666666667,293,0.4898226786237364,0.2982354328036525,0.35494880546075086,34,34803,2992,0.08108108108108109
97.25,293,0.48884141069044024,0.2930084830374536,0.3447098976109215,29,34832,2995,0.08108108108108109
97.33333333333333,292,0.4849974419502872,0.28601661212962587,0.3287671232876712,21,34853,2999,0.08108108108108109
97.41666666666667,295,0.48438456518030454,0.2865279649332442,0.33220338983050846,36,34889,3000,0.07432432432432433
97.5,292,0.4844894479137263,0.2882218298792048,0.3253424657534247,20,34909,3004,0.07094594594594594
97.58333333333333,295,0.48470443326279394,0.28357613794547176,0.33220338983050846,27,34936,3005,0.06418918918918919
97.66666666666667,294,0.48764697064206647,0.2867730090519206,0.3231292517006803,31,34967,3007,0.06418918918918919
97.75,292,0.4863361637666682,0.27902754906179567,0.3321917808219178,27,34994,3011,0.06418918918918919
97.83333333333333,294,0.48425974804183036,0.2747734345523461,0.3333333333333333,31,35025,3013,0.060810810810810814
97.91666666666667,291,0.48120898029584314,0.27512788852995035,0.33676975945017185,28,35053,3018,0.057432432432432436
98.0,290,0.47258389430285125,0.2736749951321698,0.3310344827586207,33,35086,3024,0.057432432432432436
98.08333333333333,293,0.46583474033124916,0.26537193524422414,0.310580204778157,30,35116,3027,0.05405405405405406
98.16666666666667,293,0.4642729913837265,0.2774515412658097,0.310580204778157,29,35145,3030,0.05067567567567568
98.25,293,0.4626620195200621,0.2814449809749983,0.3242320819112628,29,35174,3033,0.04391891891891892
98.33333333333333,291,0.4598586519620014,0.2869906478576413,0.31958762886597936,26,35200,3038,0.0472972972972973
98.41666666666667,290,0.4529491506192041,0.28554819136645027,0.3137931034482759,34,35234,3044,0.04391891891891892
98.5,295,0.4504103764198309,0.2810826837945482,0.31864406779661014,28,35262,3045,0.04054054054054054
98.58333333333333,292,0.450931703147487,0.2964283813598882,0.3184931506849315,26,35288,3049,0.04054054054054054
98.66666666666667,294,0.4494690757906127,0.2991516217828171,0.30952380952380953,27,35315,3051,0.033783783783783786
98.75,293,0.45060406791608143,0.29635750916833314,0.3037542662116041,38,35353,3054,0.02702702702702703
98.83333333333333,293,0.45022965056163916,0.2939548127261438,0.29692832764505117,28,35381,3057,0.02702702702702703
98.91666666666667,294,0.4515464946090959,0.28922471141858896,0.29931972789115646,26,35407,3059,0.02702702702702703
99.0,293,0.4531568539145591,0.2927806645383437,0.3003412969283277,21,35428,3062,0.02702702702702703
99.08333333333333,292,0.45366032013440233,0.2927833391874488,0.2842465753424658,24,35452,3065,0.02364864864864865
99.16666666666667,295,0.45424730006576386,0.29215997749896055,0.29491525423728815,25,35477,3066,0.02027027027027027
99.25,292,0.4561602979983254,0.30409922079442625,0.2945205479452055,27,35504,3070,0.02364864864864865
99.33333333333333,290,0.4493780082738197,0.3043825523135868,0.30344827586206896,28,35532,3076,0.02364864864864865
99.41666666666667,294,0.44862973437078757,0.3079201222058365,0.30952380952380953,27,35559,3077,0.02364864864864865
99.5,291,0.44793708761521733,0.31484153494462774,0.29896907216494845,18,35577,3082,0.02027027027027027
99.58333333333333,291,0.44177750107338404,0.31205201823758527,0.2852233676975945,24,35601,3087,0.016891891891891893
99.66666666666667,296,0.44256950736928646,0.3053297303297303,0.2939189189189189,24,35625,3087,0.016891891891891893
99.75,295,0.4494376851807149,0.3084336473319524,0.2847457627118644,24,35649,3088,0.016891891891891893
99.83333333333333,295,0.4545508188473922,0.31236135803932413,0.29491525423728815,28,35677,3089,0.02027027027027027
99.91666666666667,293,0.4587522799176547,0.3185609044081526,0.3003412969283277,29,35706,3092,0.016891891891891893
100.0,294,0.45878674231961125,0.3239491612050922,0.30612244897959184,31,35737,3094,0.02364864864864865
100.08333333333333,293,0.45946424235055333,0.30279172857071734,0.2901023890784983,25,35762,3097,0.016891891891891893
100.16666666666667,294,0.46329315361923307,0.29510744357683133,0.29591836734693877,23,35785,3098,0.02027027027027027
100.25,293,0.4639479635456867,0.29130928798164296,0.2901023890784983,34,35819,3101,0.02702702702702703
100.33333333333333,292,0.4617172898500133,0.29036931485561623,0.2842465753424658,32,35851,3105,0.030405405405405407
100.41666666666667,291,0.45905687161847847,0.29115041125350405,0.2852233676975945,27,35878,3110,0.02702702702702703
100.5,294,0.45621476146454043,0.2966893933730668,0.2891156462585034,29,35907,3112,0.030405405405405407
100.58333333333333,292,0.4545775233871649,0.29637389817184334,0.2773972602739726,21,35928,3116,0.02702702702702703
100.66666666666667,294,0.4545280841986274,0.28426199618693565,0.282312925170068,22,35950,3118,0.02364864864864865
100.75,292,0.4547734722270294,0.306807404601693,0.3013698630136986,30,35980,3122,0.02702702702702703
100.83333333333333,294,0.45486270017122965,0.2913769050875588,0.2755102040816326,25,36005,3124,0.02702702702702703
100.91666666666667,295,0.459071686609706,0.28995582571853756,0.28135593220338984,28,36033,3125,0.02364864864864865
101.0,292,0.4620898978277257,0.28827324692050715,0.273972602739726,23,36056,3129,0.02702702702702703
101.08333333333333,295,0.46460060406930254,0.28559988034564304,0.27796610169491526,27,36083,3130,0.030405405405405407
101.16666666666667,291,0.4642457629582313,0.2995845124711104,0.27491408934707906,33,36116,3135,0.033783783783783786
101.25,296,0.464478774698809,0.28915335758556093,0.28040540540540543,28,36144,3135,0.033783783783783786
101.33333333333333,293,0.46870334916908907,0.2979548036917737,0.2935153583617747,28,36172,3138,0.037162162162162164
101.41666666666667,294,0.46847560301584784,0.2895028248971521,0.29931972789115646,25,36197,3140,0.037162162162162164
101.5,295,0.4731192033692163,0.29404703582669683,0.3050847457627119,30,36227,3141,0.037162162162162164
101.58333333333333,293,0.47440746272439027,0.3009682202514967,0.29692832764505117,20,36247,3144,0.037162162162162164
101.66666666666667,294,0.4749533799104566,0.29063735772919447,0.2925170068027211,32,36279,3146,0.033783783783783786
101.75,295,0.4784978007830273,0.29818959759637725,0.3152542372881356,26,36305,3147,0.033783783783783786
101.83333333333333,291,0.4799797394326136,0.2990633650427465,0.3161512027491409,27,36332,3152,0.037162162162162164
101.91666666666667,293,0.4781409089661919,0.3062880203903301,0.310580204778157,29,36361,3154,0.037162162162162164
102.0,293,0.47788939866761937,0.29207532750869525,0.32764505119453924,26,36387,3157,0.037162162162162164
102.08333333333333,295,0.4799878291312511,0.29310494590155606,0.33220338983050846,27,36414,3158,0.030405405405405407
102.16666666666667,295,0.48477365001917794,0.2988003804105499,0.33220338983050846,24,36438,3159,0.033783783783783786
102.25,293,0.4866098556085221,0.2990612250851159,0.32764505119453924,32,36470,3162,0.037162162162162164
102.33333333333333,293,0.48515063655732515,0.3090010387791958,0.3242320819112628,26,36496,3165,0.033783783783783786
102.41666666666667,294,0.48552812529224626,0.29549647253728883,0.3231292517006803,32,36528,3167,0.02702702702702703
102.5,295,0.4890168930167532,0.3054097019472322,0.3423728813559322,30,36558,3168,0.030405405405405407
102.58333333333333,293,0.49183574060485624,0.3142204577480053,0.3412969283276451,28,36586,3171,0.04054054054054054
102.66666666666667,295,0.4933773859195497,0.31422318467112653,0.3525423728813559,39,36625,3172,0.04391891891891892
102.75,293,0.4952575790458925,0.3104817131511427,0.35494880546075086,27,36652,3175,0.04054054054054054
102.83333333333333,291,0.4926857550672481,0.3145125874507318,0.35738831615120276,29,36681,3180,0.033783783783783786
102.91666666666667,293,0.48951067380269314,0.30431440004818844,0.36177474402730375,33,36714,3183,0.037162162162162164
103.0,294,0.49038948603131727,0.3156436062048307,0.36054421768707484,33,36747,3185,0.037162162162162164
103.08333333333333,293,0.4915555195599676,0.3175761474598751,0.36177474402730375,43,36790,3188,0.04054054054054054
103.16666666666667,291,0.4904231939697963,0.31984953730978544,0.35738831615120276,29,36819,3192,0.04391891891891892
103.25,295,0.4891358315549214,0.29973359941472555,0.34915254237288135,35,36854,3193,0.04391891891891892
103.33333333333333,292,0.48994266757934407,0.30765381878395576,0.3664383561643836,41,36895,3197,0.0472972972972973
103.41666666666667,295,0.49065462916687186,0.29249987300834757,0.3593220338983051,38,36933,3198,0.04391891891891892
103.5,294,0.4947300918700918,0.306809450942104,0.36394557823129253,41,36974,3200,0.04391891891891892
103.58333333333333,294,0.49962341380890873,0.31074230946679926,0.3707482993197279,49,37023,3202,0.04391891891891892
103.66666666666667,295,0.5028684061102674,0.31041054049528627,0.376271186440678,41,37064,3203,0.0472972972972973
103.75,293,0.5054907960446,0.3121856338579888,0.378839590443686,41,37105,3206,0.04391891891891892
103.83333333333333,292,0.5064896052799497,0.3153222823599536,0.3801369863013699,41,37146,3209,0.04054054054054054
103.91666666666667,291,0.5041191391056937,0.3132093682401585,0.38144329896907214,39,37185,3214,0.04054054054054054
104.0,295,0.5019971206346167,0.30980013611864443,0.36610169491525424,35,37220,3215,0.0472972972972973
104.08333333333333,291,0.5009346154408311,0.31747071245827024,0.36769759450171824,41,37261,3220,0.0472972972972973
104.16666666666667,295,0.49951430613098363,0.30307926601614504,0.3593220338983051,43,37304,3221,0.033783783783783786
104.25,293,0.5025207929306038,0.3169333510630439,0.3651877133105802,38,37342,3224,0.033783783783783786
104.33333333333333,292,0.5023111262804435,0.3076077271282751,0.3698630136986301,35,37377,3228,0.037162162162162164
104.41666666666667,293,0.49894582713923846,0.303022101144968,0.3720136518771331,40,37417,3231,0.033783783783783786
104.5,290,0.49449004542230407,0.30592127221437565,0.3586206896551724,33,37450,3237,0.037162162162162164
104.58333333333333,294,0.4892279457172563,0.30562029618152065,0.35034013605442177,49,37499,3239,0.04054054054054054
104.66666666666667,293,0.4892142314782048,0.301543450860857,0.35494880546075086,33,37532,3242,0.033783783783783786
104.75,296,0.492746401761784,0.2936965811965812,0.34459459459459457,51,37583,3242,0.030405405405405407
104.83333333333333,291,0.4946596216433662,0.30096925728150614,0.3230240549828179,38,37621,3247,0.033783783783783786
104.91666666666667,290,0.49235589403896374,0.2982985673006129,0.32413793103448274,32,37653,3252,0.033783783783783786
105.0,288,0.4842164155124359,0.30970247727398154,0.3298611111111111,35,37688,3259,0.033783783783783786
105.08333333333333,292,0.47597202140771006,0.3050844493844262,0.3253424657534247,33,37721,3262,0.033783783783783786
105.16666666666667,294,0.4740990611072764,0.29557400207694223,0.3299319727891156,40,37761,3264,0.033783783783783786
105.25,294,0.47596146951949675,0.29282988364621015,0.3333333333333333,48,37809,3266,0.02702702702702703
105.33333333333333,294,0.4782513880283585,0.296564471054267,0.3231292517006803,35,37844,3268,0.02702702702702703
105.41666666666667,295,0.48206578431969477,0.2909062594655815,0.3254237288135593,33,37877,3269,0.037162162162162164
105.5,295,0.48736640073626775,0.29794512455529404,0.34915254237288135,36,37913,3270,0.037162162162162164
105.58333333333333,296,0.4941276424846803,0.30793684543684546,0.34797297297297297,31,37944,3270,0.037162162162162164
105.66666666666667,296,0.5025657641227024,0.30475733913233916,0.3716216216216216,40,37984,3270,0.04054054054054054
105.75,291,0.5041864362506341,0.3032619537774177,0.3642611683848797,38,38022,3275,0.04054054054054054
105.83333333333333,293,0.5017943899983192,0.285097373237305,0.3651877133105802,36,38058,3278,0.04054054054054054
105.91666666666667,295,0.5039439870237606,0.2959485997475477,0.3593220338983051,45,38103,3279,0.04054054054054054
106.0,292,0.5047696644217128,0.2944262837094675,0.3664383561643836,38,38141,3283,0.04391891891891892
106.08333333333333,293,0.5018484607368465,0.28328331731297485,0.34812286689419797,35,38176,3286,0.04391891891891892
106.16666666666667,295,0.5032821094192711,0.28341641441875226,0.36271186440677966,26,38202,3287,0.04391891891891892
106.25,290,0.5020394310401145,0.29354591768384874,0.3586206896551724,34,38236,3293,0.04054054054054054
106.33333333333333,292,0.49568343453608654,0.2888063003008343,0.3527397260273973,30,38266,3297,0.04391891891891892
106.41666666666667,291,0.4896785814085712,0.29209402423434216,0.35051546391752575,32,38298,3302,0.04391891891891892
106.5,293,0.4856389137638857,0.28976217893566875,0.3310580204778157,33,38331,3305,0.04054054054054054
106.58333333333333,293,0.48458578825548826,0.27829377302552705,0.3310580204778157,27,38358,3308,0.037162162162162164
106.66666666666667,293,0.48348618816714733,0.2696894838751629,0.33447098976109213,35,38393,3311,0.04054054054054054
106.75,295,0.4852484027699322,0.2871760069919041,0.34915254237288135,35,38428,3312,0.04391891891891892
106.83333333333333,293,0.48714156058426816,0.28432612168342425,0.3651877133105802,41,38469,3315,0.05067567567567568
106.91666666666667,291,0.48524550831386104,0.2808695599932713,0.36082474226804123,32,38501,3320,0.0472972972972973
107.0,295,0.48418249368179506,0.281515631261394,0.36271186440677966,38,38539,3321,0.0472972972972973
107.08333333333333,295,0.48981628299125,0.28770496923039296,0.36610169491525424,48,38587,3322,0.05067567567567568
107.16666666666667,293,0.49251525673681124,0.28998367010312404,0.37542662116040953,34,38621,3325,0.05067567567567568
107.25,294,0.49362646133387594,0.2913684954501281,0.38095238095238093,44,38665,3327,0.05067567567567568
107.33333333333333,292,0.4926003361509442,0.29772850817371366,0.3767123287671233,33,38698,3331,0.05067567567567568
107.41666666666667,292,0.4883222832884237,0.30266784205140373,0.386986301369863,41,38739,3335,0.04391891891891892
107.5,292,0.4844159620400133,0.298810303091125,0.3801369863013699,24,38763,3339,0.05405405405405406
107.58333333333333,292,0.48340220756822355,0.31041618063389104,0.3801369863013699,35,38798,3342,0.057432432432432436
107.66666666666667,293,0.47988146106043644,0.31778290781216184,0.36177474402730375,40,38838,3345,0.060810810810810814
107.75,292,0.4784357342919192,0.3095205104745222,0.363013698630137,36,38874,3349,0.05405405405405406
107.83333333333333,291,0.47198884911068806,0.30125601638856425,0.35738831615120276,41,38915,3354,0.05067567567567568
107.91666666666667,292,0.46692368713445465,0.2889220260061747,0.3458904109589041,34,38949,3358,0.04054054054054054
108.0,294,0.46545505305722745,0.2999297363364419,0.3435374149659864,35,38984,3360,0.04391891891891892
108.08333333333333,292,0.46523813236561257,0.3104190791813101,0.3458904109589041,46,39030,3364,0.04054054054054054
108.16666666666667,294,0.4653768894241175,0.29509590803322583,0.35034013605442177,35,39065,3366,0.04054054054054054
108.25,293,0.4654602311933513,0.3007931204176938,0.34812286689419797,41,39106,3369,0.04054054054054054
108.33333333333333,294,0.4656787273985691,0.30767979186346534,0.3435374149659864,40,39146,3371,0.04054054054054054
108.41666666666667,295,0.46900954484760504,0.3045911809471131,0.34915254237288135,30,39176,3372,0.04054054054054054
108.5,290,0.46632755993897224,0.30622940901208745,0.33448275862068966,29,39205,3378,0.04391891891891892
108.58333333333333,294,0.4615134515322469,0.30797210774073613,0.3299319727891156,26,39231,3380,0.04054054054054054
108.66666666666667,291,0.4603115532258927,0.30780252251721923,0.32646048109965636,34,39265,3385,0.037162162162162164
108.75,293,0.4594262341030994,0.3115214600306827,0.32764505119453924,38,39303,3387,0.037162162162162164
108.83333333333333,294,0.45962554538885697,0.3070330827255025,0.3231292517006803,30,39333,3389,0.033783783783783786
108.91666666666667,293,0.46038128776772075,0.3112523412986602,0.32081911262798635,29,39362,3392,0.030405405405405407
109.0,294,0.4612496788061417,0.322070199803436,0.3231292517006803,35,39397,3394,0.02702702702702703
109.08333333333333,291,0.4581051594333857,0.31804166487524366,0.31958762886597936,34,39431,3399,0.02364864864864865
109.16666666666667,294,0.456014593840067,0.31543906773498614,0.3163265306122449,34,39465,3401,0.013513513513513514
109.25,291,0.45506064815429903,0.3264795996018382,0.3127147766323024,23,39488,3406,0.016891891891891893
109.33333333333333,295,0.45402836259060003,0.32487112564594406,0.3254237288135593,30,39518,3407,0.02027027027027027
109.41666666666667,294,0.4581226804716997,0.3339833864979638,0.3333333333333333,37,39555,3409,0.02364864864864865
109.5,295,0.46191869526814844,0.3283858541243529,0.33559322033898303,26,39581,3410,0.02364864864864865
109.58333333333333,293,0.4639377440894955,0.332439491544806,0.3310580204778157,27,39608,3413,0.02364864864864865
109.66666666666667,291,0.460364657727533,0.31990103116759966,0.31958762886597936,34,39642,3418,0.030405405405405407
109.75,295,0.45924120580935107,0.30312253525328586,0.3220338983050847,34,39676,3419,0.02364864864864865
109.83333333333333,295,0.4676629640206785,0.3051955658008927,0.33559322033898303,29,39705,3419,0.02364864864864865
109.91666666666667,294,0.47189589535094106,0.30291995419546436,0.32653061224489793,37,39742,3421,0.02364864864864865
110.0,295,0.47545326638700197,0.30201715422054404,0.3288135593220339,34,39776,3422,0.02364864864864865
110.08333333333333,292,0.4767610542690248,0.30407996683681615,0.3424657534246575,38,39814,3426,0.033783783783783786
110.16666666666667,292,0.47348108075461204,0.29827894436505004,0.339041095890411,24,39838,3430,0.030405405405405407
110.25,295,0.473646368735715,0.3024850170007555,0.3254237288135593,23,39861,3431,0.02702702702702703
110.33333333333333,295,0.47889391667365927,0.31487974092090315,0.3389830508474576,27,39888,3432,0.02364864864864865
110.41666666666667,295,0.48561331812935277,0.30671054434956435,0.34576271186440677,32,39920,3433,0.02702702702702703
110.5,291,0.4878234298905009,0.2946884765486398,0.3333333333333333,19,39939,3438,0.02702702702702703
110.58333333333333,293,0.4870330283869465,0.29108110803583864,0.3310580204778157,36,39975,3440,0.030405405405405407
110.66666666666667,292,0.4837277984437165,0.2912344104653551,0.3287671232876712,23,39998,3444,0.030405405405405407
110.75,295,0.48442184513452446,0.292290033076958,0.3220338983050847,24,40022,3445,0.033783783783783786
110.83333333333333,296,0.49115387916713915,0.31311201063356237,0.3344594594594595,25,40047,3445,0.04054054054054054
110.91666666666667,294,0.4968932334470167,0.3072467127446016,0.3401360544217687,27,40074,3447,0.05405405405405406
111.0,293,0.4999047849280622,0.30340114196475265,0.32081911262798635,33,40107,3450,0.057432432432432436
111.08333333333333,288,0.4920925474881114,0.2942855891580748,0.3020833333333333,26,40133,3458,0.06418918918918919
111.16666666666667,294,0.4836831038062111,0.2991057134943278,0.3129251700680272,34,40167,3460,0.057432432432432436
111.25,293,0.483537186440068,0.30538349783404806,0.29692832764505117,37,40204,3463,0.060810810810810814
111.33333333333333,294,0.48338885392267156,0.29608265847443954,0.29931972789115646,23,40227,3465,0.060810810810810814
111.41666666666667,293,0.4847028491907909,0.286363675553978,0.2935153583617747,32,40259,3468,0.05405405405405406
111.5,293,0.4847441723025222,0.2763009462521055,0.28668941979522183,31,40290,3471,0.05405405405405406
111.58333333333333,293,0.48672207946081836,0.2792615430546465,0.2901023890784983,30,40320,3473,0.05067567567567568
111.66666666666667,294,0.48735489259210746,0.2748120178099066,0.2857142857142857,35,40355,3475,0.0472972972972973
111.75,289,0.48850217281828334,0.29036157104108423,0.29411764705882354,29,40384,3480,0.0472972972972973
111.83333333333333,294,0.48278074789699743,0.2697524791912547,0.272108843537415,26,40410,3482,0.04391891891891892
111.91666666666667,295,0.48662050658032013,0.2752345770989839,0.288135593220339,31,40441,3483,0.04054054054054054
112.0,290,0.4887173935218885,0.27236501046845873,0.28620689655172415,35,40476,3488,0.04054054054054054
112.08333333333333,295,0.48583644850580804,0.27113227638651366,0.2983050847457627,27,40503,3489,0.037162162162162164
112.16666666666667,294,0.48930046650560094,0.28039877733755286,0.3163265306122449,34,40537,3491,0.04391891891891892
112.25,295,0.4932548398863079,0.26965528821461027,0.288135593220339,27,40564,3492,0.04054054054054054
112.33333333333333,294,0.49680063325626345,0.2677118806077286,0.30612244897959184,33,40597,3494,0.05067567567567568
112.41666666666667,294,0.49941445683353647,0.2729938354058692,0.3197278911564626,29,40626,3496,0.0472972972972973
112.5,293,0.5011855466470923,0.2807185818248546,0.3242320819112628,30,40656,3499,0.05067567567567568
112.58333333333333,293,0.5009027347709444,0.2718386007046711,0.3174061433447099,35,40691,3502,0.05067567567567568
112.66666666666667,293,0.5023092019875773,0.2681163739037106,0.3378839590443686,38,40729,3505,0.0472972972972973
112.75,291,0.4982537334129626,0.2890766357972188,0.33676975945017185,35,40764,3510,0.05067567567567568
112.83333333333333,293,0.4950121670793477,0.2704604458870671,0.3310580204778157,43,40807,3513,0.0472972972972973
112.91666666666667,295,0.49676466786986545,0.2738484773230536,0.33559322033898303,38,40845,3514,0.05067567567567568
113.0,294,0.502790767950159,0.27567733697219976,0.35034013605442177,46,40891,3516,0.05405405405405406
113.08333333333333,293,0.5105221838711973,0.2803668841064393,0.35494880546075086,33,40924,3517,0.060810810810810814
113.16666666666667,291,0.5059616050534822,0.2784507401197767,0.3539518900343643,47,40971,3522,0.06418918918918919
113.25,293,0.5026293847615905,0.2800995177981173,0.34812286689419797,41,41012,3525,0.06418918918918919
113.33333333333333,289,0.4985046387413035,0.30030936032904776,0.36678200692041524,33,41045,3532,0.06418918918918919
113.41666666666667,290,0.4876242977733162,0.3054559428548727,0.35517241379310344,29,41074,3538,0.06756756756756757
113.5,293,0.48187903151572303,0.3056535892320406,0.35494880546075086,35,41109,3541,0.06418918918918919
113.58333333333333,291,0.4786275140314213,0.31011030714977883,0.3539518900343643,34,41143,3546,0.07094594594594594
113.66666666666667,292,0.4730772123425416,0.30502168967167803,0.3321917808219178,34,41177,3550,0.06756756756756757
113.75,295,0.47345976230593745,0.3078548184236205,0.33220338983050846,39,41216,3551,0.060810810810810814
113.83333333333333,293,0.47647447691682565,0.31408936152963457,0.3378839590443686,28,41244,3554,0.060810810810810814
113.91666666666667,290,0.46957434290258154,0.30214940232181614,0.32413793103448274,37,41281,3560,0.06756756756756757
114.0,294,0.4649854599704817,0.29994268769778976,0.3299319727891156,38,41319,3562,0.06418918918918919
114.08333333333333,296,0.4697764364873929,0.3025196462696463,0.3277027027027027,38,41357,3562,0.07094594594594594
114.16666666666667,291,0.4709076648839256,0.31399076295983513,0.3333333333333333,33,41390,3567,0.07432432432432433
114.25,292,0.4659397665170289,0.30525373599003736,0.3219178082191781,34,41424,3571,0.06756756756756757
114.33333333333333,293,0.46244139706818627,0.311763899733183,0.31399317406143346,25,41449,3574,0.06756756756756757
114.41666666666667,292,0.46207941596934476,0.3134494976104565,0.3184931506849315,21,41470,3578,0.060810810810810814
114.5,292,0.4567312413024445,0.3054748907341019,0.3150684931506849,31,41501,3582,0.060810810810810814
114.58333333333333,295,0.45670590091498287,0.2977427848468176,0.3016949152542373,35,41536,3583,0.05405405405405406
114.66666666666667,292,0.4569453425543804,0.2994732059652938,0.3013698630136986,34,41570,3587,0.05067567567567568
114.75,294,0.4554267025855511,0.3035904386097912,0.2925170068027211,18,41588,3589,0.0472972972972973
114.83333333333333,294,0.4571765193338271,0.29044144630879326,0.2925170068027211,26,41614,3591,0.04391891891891892
114.91666666666667,293,0.4609398285498508,0.28862747983908393,0.3003412969283277,27,41641,3593,0.04054054054054054
115.0,294,0.4624823841671929,0.30097420531094,0.30612244897959184,20,41661,3595,0.037162162162162164
115.08333333333333,293,0.46242597829113186,0.29905114794193294,0.310580204778157,35,41696,3598,0.04054054054054054
115.16666666666667,294,0.46275594108900153,0.29127928005479026,0.30952380952380953,34,41730,3600,0.037162162162162164
115.25,295,0.4661830777364153,0.28405487974495236,0.2983050847457627,30,41760,3601,0.037162162162162164
115.33333333333333,293,0.469490971456002,0.29380759957307984,0.3037542662116041,23,41783,3604,0.037162162162162164
115.41666666666667,292,0.4676660379200049,0.292389789760142,0.2979452054794521,31,41814,3608,0.037162162162162164
115.5,295,0.47117804309697325,0.2964834022582207,0.3016949152542373,33,41847,3608,0.033783783783783786
115.58333333333333,291,0.4698158220091169,0.2893778121767937,0.29553264604810997,20,41867,3613,0.04054054054054054
115.66666666666667,295,0.46833741841174115,0.28475617570848827,0.29491525423728815,24,41891,3614,0.033783783783783786
115.75,294,0.4714575099033049,0.29266608265224664,0.29591836734693877,22,41913,3616,0.030405405405405407
115.83333333333333,294,0.4732792233118755,0.29596780738254275,0.30272108843537415,23,41936,3618,0.02702702702702703
115.91666666666667,294,0.4751199908357204,0.29211699109658296,0.30272108843537415,32,41968,3620,0.02364864864864865
116.0,293,0.4757092029562511,0.29555883062709004,0.30716723549488056,39,42007,3623,0.02702702702702703
116.08333333333333,296,0.4792410528443546,0.30067186004686003,0.30405405405405406,32,42039,3623,0.02702702702702703
116.16666666666667,292,0.4817819759323501,0.30064326910689687,0.2945205479452055,27,42066,3627,0.030405405405405407
116.25,290,0.4744512326191562,0.2965531792820735,0.29310344827586204,29,42095,3633,0.037162162162162164
116.33333333333333,291,0.4684807670450884,0.2992819233931925,0.281786941580756,24,42119,3637,0.030405405405405407
116.41666666666667,291,0.4608895907351542,0.29092683791072627,0.26804123711340205,31,42150,3642,0.030405405405405407
116.5,294,0.457720168950381,0.2830026802410308,0.2585034013605442,22,42172,3644,0.02702702702702703
116.58333333333333,293,0.4583218550814172,0.3024844037845137,0.27986348122866894,29,42201,3647,0.02702702702702703
116.66666666666667,296,0.46199018112104234,0.2899253805503806,0.2905405405405405,31,42232,3647,0.02702702702702703
116.75,293,0.4667139917605809,0.2996113196625142,0.29692832764505117,30,42262,3650,0.02702702702702703
116.83333333333333,290,0.46204642664238865,0.2848653328439298,0.29310344827586204,38,42300,3656,0.02364864864864865
116.91666666666667,291,0.45607015266408574,0.27727755911189966,0.29553264604810997,25,42325,3661,0.02027027027027027
117.0,294,0.45314606073901237,0.28364273377468313,0.2925170068027211,24,42349,3663,0.02027027027027027
117.08333333333333,293,0.4539730049156033,0.2858961573125396,0.2935153583617747,30,42379,3666,0.02027027027027027
117.16666666666667,295,0.45626596386864077,0.28765559299457605,0.3050847457627119,33,42412,3667,0.016891891891891893
117.25,294,0.46010737093962406,0.2862702018314263,0.3197278911564626,38,42450,3669,0.016891891891891893
117.33333333333333,296,0.4654367595790783,0.28696749009249006,0.3344594594594595,46,42496,3669,0.016891891891891893
117.41666666666667,294,0.47078561179056944,0.29115215849909726,0.3401360544217687,32,42528,3671,0.02027027027027027
117.5,295,0.4742628841016723,0.28435246486093946,0.3288135593220339,31,42559,3672,0.02027027027027027
117.58333333333333,292,0.476591423086898,0.2873280638691597,0.3321917808219178,39,42598,3676,0.02364864864864865
117.66666666666667,293,0.47412013388603097,0.2859939832636078,0.32764505119453924,34,42632,3679,0.030405405405405407
117.75,296,0.4774877986650219,0.28561628874128875,0.3277027027027027,37,42669,3679,0.033783783783783786
117.83333333333333,295,0.4841537815048578,0.30404293446666325,0.33220338983050846,29,42698,3680,0.033783783783783786
117.91666666666667,294,0.4882916327697482,0.29438168596331865,0.336734693877551,44,42742,3682,0.033783783783783786
118.0,293,0.48908027915809765,0.2897321203635197,0.33447098976109213,26,42768,3685,0.033783783783783786
118.08333333333333,293,0.48864546477321563,0.29617375419423203,0.33447098976109213,30,42798,3688,0.030405405405405407
118.16666666666667,294,0.48900052745341993,0.29173913765750503,0.3299319727891156,32,42830,3690,0.033783783783783786
118.25,292,0.48997415122586185,0.287859429383402,0.3253424657534247,31,42861,3694,0.04054054054054054
118.33333333333333,295,0.48973198974947507,0.2864040385226826,0.3288135593220339,37,42898,3695,0.04054054054054054
118.41666666666667,294,0.49619914571650736,0.2895775140024535,0.3401360544217687,39,42937,3696,0.04391891891891892
118.5,293,0.49868179193913614,0.272074199654173,0.3310580204778157,29,42966,3699,0.04054054054054054
118.58333333333333,293,0.4971745800462722,0.27425911182202034,0.3242320819112628,33,42999,3702,0.05067567567567568
118.66666666666667,293,0.49716117463170334,0.26026598543663393,0.32081911262798635,29,43028,3705,0.05405405405405406
118.75,293,0.4964098352660075,0.262939752379794,0.3174061433447099,39,43067,3708,0.05405405405405406
118.83333333333333,292,0.4958293666958622,0.2694190604496502,0.3184931506849315,35,43102,3711,0.060810810810810814
118.91666666666667,294,0.4942116749969584,0.25926832017285145,0.3197278911564626,31,43133,3713,0.05067567567567568
119.0,295,0.49712271930031066,0.2578855698548316,0.3152542372881356,31,43164,3714,0.05405405405405406
119.08333333333333,291,0.4966499432241616,0.27227115191032714,0.31958762886597936,35,43199,3719,0.05405405405405406
119.16666666666667,291,0.48895209824382785,0.2771723217599506,0.30927835051546393,35,43234,3724,0.0472972972972973
119.25,294,0.48608263080588693,0.2696525507749998,0.3197278911564626,35,43269,3726,0.04054054054054054
119.33333333333333,292,0.48589970168453217,0.25863524793319315,0.3013698630136986,26,43295,3730,0.04054054054054054
119.41666666666667,293,0.4839565487240828,0.2651894559744389,0.3037542662116041,33,43328,3733,0.04391891891891892
119.5,294,0.48541450260293206,0.2560884504762056,0.3163265306122449,38,43366,3735,0.0472972972972973
119.58333333333333,291,0.48404770923493157,0.2595330976774276,0.3230240549828179,29,43395,3740,0.05405405405405406
119.66666666666667,293,0.47927776045612525,0.2610845639002635,0.29692832764505117,36,43431,3743,0.05067567567567568
119.75,295,0.48052743322582087,0.2552813100270727,0.2983050847457627,32,43463,3744,0.0472972972972973
119.83333333333333,293,0.4828302535882848,0.25810573575078694,0.29692832764505117,34,43497,3747,0.05405405405405406
119.91666666666667,293,0.48074504840838184,0.2539677614762939,0.3037542662116041,23,43520,3750,0.05405405405405406
120.0,292,0.4770629989264143,0.24553156128498593,0.2876712328767123,26,43546,3754,0.05405405405405406
120.08333333333333,292,0.47524696496061253,0.24549905003672126,0.2842465753424658,31,43577,3757,0.05405405405405406
120.16666666666667,293,0.4722143347256993,0.2435934941054395,0.28668941979522183,29,43606,3760,0.0472972972972973
120.25,292,0.46900597361137836,0.25123557948900416,0.273972602739726,32,43638,3764,0.04391891891891892
120.33333333333333,292,0.46472598948228433,0.2517640654626956,0.2671232876712329,38,43676,3768,0.04054054054054054
120.41666666666667,294,0.4626136146911047,0.2510226074001584,0.2789115646258503,32,43708,3770,0.037162162162162164
120.5,293,0.4629580777078449,0.24799823801530285,0.3003412969283277,24,43732,3773,0.037162162162162164
120.58333333333333,293,0.46100414362082803,0.2522868011775862,0.3003412969283277,41,43773,3776,0.033783783783783786
120.66666666666667,296,0.46428436723308886,0.26007270694770696,0.30067567567567566,26,43799,3776,0.030405405405405407
120.75,295,0.47080246877685905,0.27396281684417273,0.30847457627118646,25,43824,3777,0.037162162162162164
120.83333333333333,288,0.4642866359490945,0.2725719111135778,0.2881944444444444,34,43858,3785,0.037162162162162164
120.91666666666667,295,0.45828314633136846,0.25954272657662486,0.288135593220339,31,43889,3786,0.02364864864864865
121.0,293,0.4596423485816017,0.27470227913913925,0.3037542662116041,28,43917,3789,0.02364864864864865
121.08333333333333,291,0.455630196478651,0.2681770978162731,0.28865979381443296,29,43946,3794,0.02364864864864865
121.16666666666667,296,0.4559464575096641,0.2672046140796141,0.30067567567567566,38,43984,3794,0.02027027027027027
121.25,291,0.45634409994365194,0.28578724362965896,0.29553264604810997,31,44015,3799,0.02364864864864865
121.33333333333333,295,0.4553185374064313,0.28346025779439826,0.3050847457627119,24,44039,3800,0.02364864864864865
121.41666666666667,294,0.45986983772862644,0.293467701448751,0.29931972789115646,23,44062,3802,0.02702702702702703
121.5,296,0.46488085750961955,0.3017277124419982,0.3141891891891892,27,44089,3802,0.02364864864864865
121.58333333333333,293,0.4695494270252007,0.3046517042738398,0.3174061433447099,30,44119,3805,0.02702702702702703
121.66666666666667,292,0.46733041788838176,0.30137368475186477,0.3253424657534247,27,44146,3809,0.030405405405405407
121.75,291,0.46234739481712156,0.29631323648260316,0.3127147766323024,23,44169,3814,0.033783783783783786
121.83333333333333,295,0.46060064969551817,0.28415064220148967,0.3389830508474576,28,44197,3815,0.033783783783783786
121.91666666666667,292,0.4603113419067641,0.2844635862615315,0.3150684931506849,25,44222,3819,0.037162162162162164
122.0,293,0.4571984914210259,0.284054871938831,0.3242320819112628,20,44242,3822,0.037162162162162164
122.08333333333333,294,0.46073037061298033,0.28978480891746194,0.3163265306122449,23,44265,3823,0.033783783783783786
122.16666666666667,294,0.46207289469381235,0.28958003415803485,0.32653061224489793,26,44291,3825,0.033783783783783786
122.25,294,0.4637213363493351,0.2994797904863626,0.3197278911564626,23,44314,3827,0.030405405405405407
122.33333333333333,295,0.4675911237803689,0.3077682483815779,0.33220338983050846,28,44342,3828,0.030405405405405407
122.41666666666667,293,0.46920168255312145,0.3068382796051385,0.3378839590443686,29,44371,3831,0.033783783783783786
122.5,294,0.46972965119708515,0.3064668139351461,0.3299319727891156,29,44400,3833,0.033783783783783786
122.58333333333333,291,0.4672221169017403,0.315289302473803,0.32646048109965636,43,44443,3838,0.030405405405405407
122.66666666666667,293,0.46462206669696143,0.29534573314436796,0.32081911262798635,30,44473,3841,0.030405405405405407
122.75,290,0.4572980725688605,0.2980101890446718,0.30689655172413793,33,44506,3847,0.030405405405405407
122.83333333333333,293,0.4541096340847651,0.3066228708720176,0.3037542662116041,34,44540,3849,0.02027027027027027
122.91666666666667,291,0.45631488708104156,0.3130983376539722,0.3024054982817869,30,44570,3852,0.02027027027027027
123.0,293,0.4534134879866612,0.3015532726136469,0.2935153583617747,35,44605,3855,0.016891891891891893
123.08333333333333,296,0.456925956917218,0.2938852348335107,0.30067567567567566,38,44643,3855,0.02027027027027027
123.16666666666667,294,0.46208990856451254,0.29266573406263763,0.2891156462585034,28,44671,3857,0.02027027027027027
123.25,293,0.46237567747658037,0.2938249463846733,0.2832764505119454,31,44702,3860,0.02364864864864865
123.33333333333333,296,0.4659052252125221,0.29898405835905834,0.2972972972972973,29,44731,3860,0.02364864864864865
123.41666666666667,295,0.4727480158293548,0.29694863382514713,0.2983050847457627,31,44762,3861,0.02364864864864865
123.5,294,0.47738315336538817,0.28562950519947605,0.30272108843537415,23,44785,3863,0.02364864864864865
123.58333333333333,293,0.47730565456619556,0.27667931099184145,0.3037542662116041,28,44813,3866,0.030405405405405407
123.66666666666667,292,0.47927438610616546,0.293650639170412,0.3082191780821918,32,44845,3869,0.02364864864864865
123.75,293,0.4772982349683073,0.2816385643177452,0.310580204778157,39,44884,3872,0.02364864864864865
123.83333333333333,293,0.4791695346290837,0.2958191599829825,0.31399317406143346,30,44914,3874,0.030405405405405407
123.91666666666667,293,0.4777974751902573,0.2958599607266235,0.310580204778157,27,44941,3877,0.030405405405405407
124.0,295,0.47999221649771356,0.29332401088649296,0.3220338983050847,25,44966,3878,0.033783783783783786
124.08333333333333,293,0.48229685810734346,0.29293155617705857,0.32764505119453924,33,44999,3881,0.037162162162162164
124.16666666666667,293,0.48149118632205073,0.28165668233927615,0.3174061433447099,38,45037,3884,0.04054054054054054
124.25,293,0.47961704112724557,0.277411136455505,0.3037542662116041,40,45077,3887,0.037162162162162164
124.33333333333333,292,0.47730570608508754,0.28326948926263995,0.2979452054794521,23,45100,3891,0.033783783783783786
124.41666666666667,294,0.4754337940655658,0.27552533445390587,0.2925170068027211,34,45134,3893,0.037162162162162164
124.5,293,0.47540451043959703,0.27883811264675495,0.28668941979522183,38,45172,3896,0.04054054054054054
124.58333333333333,294,0.4760382454634839,0.27449247621333406,0.2891156462585034,23,45195,3898,0.04054054054054054
124.66666666666667,293,0.4765012074562395,0.28095719189894003,0.2832764505119454,23,45218,3901,0.04054054054054054
124.75,293,0.47523814899499756,0.2758040893623851,0.2764505119453925,23,45241,3904,0.04054054054054054
124.83333333333333,294,0.4762789022486517,0.27915672914850004,0.29591836734693877,23,45264,3906,0.04391891891891892
124.91666666666667,292,0.47858288631476475,0.2767528719500659,0.3116438356164384,23,45287,3909,0.04054054054054054
125.0,294,0.4800174408420417,0.26859521873596465,0.30952380952380953,33,45320,3910,0.033783783783783786
125.08333333333333,294,0.4821020836688916,0.2614605635717529,0.30272108843537415,30,45350,3912,0.030405405405405407
125.16666666666667,289,0.47652162146461313,0.2689261821316469,0.28027681660899656,34,45384,3919,0.030405405405405407
125.25,294,0.4703543421283887,0.27244098559193564,0.29591836734693877,21,45405,3921,0.033783783783783786
125.33333333333333,295,0.4752329457156939,0.2748268404755839,0.288135593220339,24,45429,3922,0.037162162162162164
125.41666666666667,293,0.47824670495721694,0.2693714703953612,0.2901023890784983,27,45456,3925,0.037162162162162164
125.5,292,0.4756546283678653,0.2720025001091537,0.2808219178082192,19,45475,3929,0.04054054054054054
125.58333333333333,295,0.47614079132642206,0.2770653519200735,0.28135593220338984,17,45492,3930,0.037162162162162164
125.66666666666667,294,0.4795851333470092,0.2871649595410528,0.2891156462585034,25,45517,3932,0.037162162162162164
125.75,295,0.4834299098008547,0.2825427854362479,0.30847457627118646,30,45547,3933,0.037162162162162164
125.83333333333333,291,0.4826205779806065,0.27335235468011865,0.2920962199312715,32,45579,3938,0.04054054054054054
125.91666666666667,295,0.4815292353325678,0.279738896404589,0.29152542372881357,29,45608,3939,0.04054054054054054
126.0,292,0.4808042251882474,0.2857396597988078,0.3013698630136986,21,45629,3943,0.0472972972972973
126.08333333333333,296,0.4822056620382649,0.28001237947358637,0.30743243243243246,25,45654,3943,0.04054054054054054
126.16666666666667,294,0.48694026457476103,0.2922962072592615,0.30612244897959184,24,45678,3945,0.04054054054054054
126.25,292,0.48566943290347225,0.28502076812109634,0.2945205479452055,31,45709,3949,0.04054054054054054
126.33333333333333,294,0.484900181973385,0.2742757262750728,0.30612244897959184,27,45736,3951,0.033783783783783786
126.41666666666667,292,0.48343783684602937,0.2750530624012303,0.2979452054794521,31,45767,3955,0.033783783783783786
126.5,290,0.48065950186443795,0.27813287697524147,0.3,29,45796,3960,0.030405405405405407
126.58333333333333,294,0.47524066838557033,0.2772922518411108,0.30952380952380953,26,45822,3962,0.02702702702702703
126.66666666666667,294,0.47703146387367723,0.284956148790722,0.3129251700680272,32,45854,3964,0.02364864864864865
126.75,293,0.47994540331958974,0.28432897212760694,0.30716723549488056,34,45888,3967,0.02702702702702703
126.83333333333333,292,0.4764305100147847,0.2845568441163623,0.3082191780821918,31,45919,3971,0.030405405405405407
126.91666666666667,293,0.47394426062611483,0.27140614442897604,0.3003412969283277,25,45944,3974,0.030405405405405407
127.0,293,0.47564405211126887,0.284956255675333,0.30716723549488056,25,45969,3977,0.030405405405405407
127.08333333333333,294,0.47851611299805674,0.27835951873601417,0.3129251700680272,29,45998,3978,0.033783783783783786
127.16666666666667,293,0.47953932173562797,0.2717708915514023,0.31399317406143346,31,46029,3981,0.033783783783783786
127.25,294,0.48052377946635,0.2764443902462903,0.3129251700680272,27,46056,3983,0.030405405405405407
127.33333333333333,294,0.48166992469860215,0.2766977083567513,0.3129251700680272,31,46087,3985,0.033783783783783786
127.41666666666667,294,0.4834513944763192,0.2682779362582318,0.30612244897959184,28,46115,3987,0.030405405405405407
127.5,295,0.4872094372376193,0.2692405395568338,0.31864406779661014,26,46141,3988,0.02702702702702703
127.58333333333333,293,0.488764009649991,0.2669454317278134,0.3174061433447099,24,46165,3991,0.02702702702702703
127.66666666666667,294,0.48839038867699286,0.2670958458469769,0.3231292517006803,19,46184,3993,0.02364864864864865
127.75,295,0.49160714572033454,0.274669820359893,0.3254237288135593,16,46200,3994,0.02027027027027027
127.83333333333333,294,0.49544355300130105,0.28627268288347,0.32653061224489793,22,46222,3996,0.02027027027027027
127.91666666666667,292,0.4949763606989536,0.28306607640022513,0.3184931506849315,29,46251,4000,0.02702702702702703
128.0,296,0.49621144311226045,0.28485461476532903,0.3277027027027027,26,46277,4000,0.02702702702702703
128.08333333333334,295,0.5026143448586327,0.2864640430863191,0.33220338983050846,23,46300,4001,0.02702702702702703
128.16666666666666,295,0.5073950670702257,0.288376706693898,0.33559322033898303,32,46332,4002,0.02702702702702703
128.25,294,0.5106975865237852,0.28716929194334445,0.3435374149659864,27,46359,4004,0.02702702702702703
128.33333333333334,290,0.5082196588955982,0.28120581389054294,0.3448275862068966,31,46390,4010,0.02702702702702703
128.41666666666666,292,0.5028143456908458,0.27890129277115583,0.3356164383561644,24,46414,4013,0.030405405405405407
128.5,293,0.4993949277698236,0.27194826210454015,0.3412969283276451,28,46442,4016,0.030405405405405407
128.58333333333334,292,0.49688649983874367,0.26930373459753415,0.3287671232876712,33,46475,4020,0.030405405405405407
128.66666666666666,292,0.4915996203720494,0.2737162190929314,0.3082191780821918,31,46506,4024,0.033783783783783786
128.75,293,0.4878787835033015,0.27080150604041386,0.3037542662116041,31,46537,4027,0.030405405405405407
128.83333333333334,295,0.4892034654346762,0.2767072666926554,0.3152542372881356,28,46565,4028,0.02702702702702703
128.91666666666666,292,0.4898234263691646,0.2780575877174838,0.3116438356164384,23,46588,4032,0.033783783783783786
129.0,293,0.4865288563150823,0.2810304980806334,0.3242320819112628,46,46634,4035,0.037162162162162164
129.08333333333334,291,0.48150098991507506,0.2677294647788782,0.29553264604810997,34,46668,4040,0.037162162162162164
129.16666666666666,295,0.4803171457625946,0.2552657700115327,0.3152542372881356,29,46697,4041,0.037162162162162164
129.25,289,0.4765645019115475,0.2792812147483428,0.3044982698961938,34,46731,4048,0.037162162162162164
129.33333333333334,291,0.46538646925722177,0.25543537218794954,0.2852233676975945,24,46755,4053,0.030405405405405407
129.41666666666666,290,0.45938046559080825,0.26611033602412915,0.27241379310344827,35,46790,4058,0.02702702702702703
129.5,294,0.4549798754408509,0.2531222934284159,0.2653061224489796,33,46823,4060,0.02702702702702703
129.58333333333334,290,0.45332380559509633,0.25637656404897785,0.27241379310344827,28,46851,4066,0.02702702702702703
129.66666666666666,294,0.44927551737586385,0.24744190994190993,0.2755102040816326,32,46883,4068,0.02702702702702703
129.75,294,0.45191750306967143,0.25641824162232324,0.2891156462585034,39,46922,4070,0.02702702702702703
129.83333333333334,291,0.449373022510535,0.26497339048885443,0.28865979381443296,32,46954,4075,0.02364864864864865
129.91666666666666,294,0.4462952989485743,0.2531493072309399,0.2789115646258503,37,46991,4077,0.02364864864864865
130.0,294,0.44848687617334804,0.2534277041930103,0.282312925170068,36,47027,4079,0.02027027027027027
130.08333333333334,295,0.4521109207522586,0.25037708995336116,0.29152542372881357,39,47066,4080,0.02027027027027027
130.16666666666666,295,0.45724640877747885,0.26842942368366096,0.29152542372881357,32,47098,4081,0.02702702702702703
130.25,293,0.45983979161888683,0.2672007931393597,0.3003412969283277,32,47130,4084,0.02702702702702703
130.33333333333334,296,0.463484233417582,0.25897411522411523,0.32432432432432434,34,47164,4084,0.02702702702702703
130.41666666666666,295,0.4710894016800841,0.26357120280849095,0.3389830508474576,42,47206,4085,0.030405405405405407
130.5,292,0.4725399028782505,0.2719448074756294,0.3458904109589041,30,47236,4089,0.030405405405405407
130.58333333333334,293,0.4703447405852321,0.2794601685239558,0.3583617747440273,43,47279,4092,0.030405405405405407
130.66666666666666,293,0.46901317133736764,0.2847155502298494,0.35494880546075086,41,47320,4095,0.030405405405405407
130.75,294,0.46933490398849187,0.2849612408989608,0.35374149659863946,44,47364,4097,0.030405405405405407
130.83333333333334,294,0.47149357399714803,0.29250138901219863,0.3469387755102041,33,47397,4099,0.030405405405405407
130.91666666666666,295,0.47490245701774114,0.2908389381388987,0.3423728813559322,34,47431,4100,0.030405405405405407
131.0,293,0.47873420135481065,0.3002552356888869,0.36177474402730375,32,47463,4103,0.030405405405405407
131.08333333333334,292,0.475349700372784,0.2945561970632512,0.3493150684931507,30,47493,4107,0.033783783783783786
131.16666666666666,294,0.4774352529413353,0.2971188756174179,0.35034013605442177,23,47516,4108,0.02702702702702703
131.25,294,0.47978634949051296,0.30398847049721683,0.35374149659863946,29,47545,4110,0.02702702702702703
131.33333333333334,292,0.4819270992417139,0.2907761571997519,0.3527397260273973,29,47574,4114,0.02702702702702703
131.41666666666666,293,0.47957788166751786,0.2765371813859515,0.34812286689419797,34,47608,4117,0.030405405405405407
131.5,293,0.4797406073746645,0.27139425832493974,0.3515358361774744,34,47642,4120,0.02702702702702703
131.58333333333334,293,0.4780005866348861,0.27845796600616346,0.3515358361774744,31,47673,4123,0.030405405405405407
131.66666666666666,292,0.47511159929411273,0.2931631436115416,0.3458904109589041,32,47705,4127,0.02702702702702703
131.75,295,0.47655667315074457,0.29074369405248557,0.34576271186440677,33,47738,4128,0.02364864864864865
131.83333333333334,291,0.47567189100949303,0.2991329911266725,0.3333333333333333,37,47775,4133,0.02364864864864865
131.91666666666666,294,0.4725021430228192,0.3001136446671573,0.3435374149659864,31,47806,4135,0.02027027027027027
132.0,294,0.47797044001003525,0.3001537187032814,0.32653061224489793,30,47836,4136,0.02027027027027027
132.08333333333334,295,0.4816483289012344,0.29695058103048416,0.33559322033898303,36,47872,4137,0.02364864864864865
132.16666666666666,290,0.48073566668286505,0.3043252437217955,0.3482758620689655,38,47910,4143,0.030405405405405407
132.25,292,0.4735048648970595,0.3099191333780375,0.3356164383561644,36,47946,4147,0.02702702702702703
132.33333333333334,295,0.47389933052677513,0.3216863456693965,0.33559322033898303,40,47986,4148,0.02364864864864865
132.41666666666666,290,0.47214522650298574,0.3210201757738704,0.3448275862068966,37,48023,4154,0.02364864864864865
132.5,294,0.46812154849913235,0.3133189170725614,0.3435374149659864,40,48063,4156,0.02702702702702703
132.58333333333334,292,0.4677806462026676,0.31010652073519,0.3458904109589041,36,48099,4160,0.030405405405405407
132.66666666666666,294,0.46608954603240954,0.31513307041732697,0.35034013605442177,44,48143,4162,0.02702702702702703
132.75,295,0.4698094545409123,0.30475763306021303,0.33220338983050846,32,48175,4163,0.02027027027027027
132.83333333333334,294,0.4751425452353073,0.3018246293731364,0.3299319727891156,33,48208,4165,0.02027027027027027
132.91666666666666,293,0.4769017625734943,0.29883769088782625,0.3447098976109215,41,48249,4168,0.02027027027027027
133.0,293,0.47542031528863,0.2779397227202335,0.32081911262798635,28,48277,4171,0.02027027027027027
133.08333333333334,291,0.47401060569391223,0.28530299406588067,0.31958762886597936,28,48305,4176,0.02027027027027027
133.16666666666666,293,0.4692628940669828,0.276847422581211,0.2901023890784983,29,48334,4179,0.02702702702702703
133.25,294,0.46958537266416844,0.2724501216848156,0.30612244897959184,25,48359,4181,0.02364864864864865
133.33333333333334,292,0.46800026857267535,0.27810794505746933,0.3047945205479452,35,48394,4185,0.033783783783783786
133.41666666666666,292,0.4674838086655055,0.27998650789493623,0.2979452054794521,36,48430,4188,0.033783783783783786
133.5,291,0.4639902198862572,0.27829863990631176,0.3024054982817869,34,48464,4192,0.030405405405405407
133.58333333333334,290,0.4592549967188436,0.2803940221427906,0.3137931034482759,37,48501,4197,0.02702702702702703
133.66666666666666,294,0.4545335484263471,0.2781293176822817,0.2857142857142857,19,48520,4199,0.02702702702702703
133.75,296,0.4596380917967184,0.27643227955727956,0.28378378378378377,36,48556,4199,0.02702702702702703
133.83333333333334,295,0.46664752394474296,0.2691885923241855,0.2983050847457627,32,48588,4200,0.033783783783783786
133.91666666666666,291,0.46825450516708833,0.2869402933835924,0.29896907216494845,32,48620,4204,0.04054054054054054
134.0,292,0.4617054838611257,0.26351488123748396,0.2842465753424658,36,48656,4208,0.033783783783783786
134.08333333333334,295,0.46189704499262213,0.2539971422174812,0.2847457627118644,26,48682,4209,0.030405405405405407
134.16666666666666,294,0.46666058745522004,0.27468979433265145,0.30272108843537415,26,48708,4211,0.033783783783783786
134.25,289,0.46046115152581196,0.2790686629786976,0.2906574394463668,31,48739,4218,0.030405405405405407
134.33333333333334,291,0.4503630952938563,0.27882093088278653,0.28865979381443296,26,48765,4223,0.030405405405405407
134.41666666666666,295,0.44990883131980997,0.2882131521962031,0.2847457627118644,29,48794,4224,0.02364864864864865
134.5,291,0.45041131671984996,0.2803256975937388,0.27835051546391754,28,48822,4229,0.02702702702702703
134.58333333333334,292,0.4445125673068851,0.2599530606379922,0.273972602739726,23,48845,4233,0.030405405405405407
134.66666666666666,293,0.44171059990864,0.26778987034959734,0.27303754266211605,35,48880,4236,0.02364864864864865
134.75,296,0.44568380113767275,0.2606871638121638,0.2635135135135135,26,48906,4236,0.02364864864864865
134.83333333333334,293,0.44885581333979535,0.27246552272149543,0.27986348122866894,28,48934,4239,0.030405405405405407
134.91666666666666,293,0.4485466190999371,0.269695473279091,0.25597269624573377,32,48966,4242,0.02702702702702703
135.0,294,0.4505583915023782,0.27208624415696897,0.2619047619047619,26,48992,4244,0.02702702702702703
135.08333333333334,293,0.4528096656462895,0.2716026745213517,0.2696245733788396,29,49021,4247,0.030405405405405407
135.16666666666666,289,0.44489218072067493,0.27337393247487507,0.24567474048442905,33,49054,4254,0.02702702702702703
135.25,292,0.43679870709612106,0.2656788993822532,0.2328767123287671,26,49080,4258,0.02027027027027027
135.33333333333334,294,0.4362767440635677,0.27245730525111245,0.22789115646258504,33,49113,4260,0.02027027027027027
135.41666666666666,293,0.4370608064030846,0.26290112996597637,0.22184300341296928,26,49139,4263,0.02027027027027027
135.5,296,0.44106046397149523,0.24855288229228906,0.23310810810810811,25,49164,4263,0.02364864864864865
135.58333333333334,294,0.4461392139899948,0.24095068764539418,0.22789115646258504,18,49182,4265,0.02702702702702703
135.66666666666666,295,0.44976434667239407,0.24352746157469332,0.2271186440677966,26,49208,4266,0.030405405405405407
135.75,291,0.44919855628932925,0.24972900432374304,0.23367697594501718,24,49232,4271,0.02702702702702703
135.83333333333334,293,0.4482117154634276,0.2430099962935081,0.24573378839590443,30,49262,4273,0.02364864864864865
135.91666666666666,296,0.4520465481621486,0.24687740937740937,0.23986486486486486,19,49281,4273,0.02027027027027027
136.0,294,0.4594932254438069,0.25261648847152013,0.25170068027210885,17,49298,4275,0.02027027027027027
136.08333333333334,294,0.4634173666552961,0.2549818291021669,0.24829931972789115,25,49323,4277,0.02027027027027027
136.16666666666666,294,0.465396620242775,0.2631128326413337,0.24149659863945577,31,49354,4279,0.02364864864864865
136.25,294,0.4671212779135508,0.27568047097427817,0.24489795918367346,25,49379,4281,0.02364864864864865
136.33333333333334,292,0.4674320297506518,0.27540497639399386,0.2465753424657534,21,49400,4285,0.02027027027027027
136.41666666666666,295,0.4689395702657125,0.26678426742424405,0.2576271186440678,27,49427,4286,0.016891891891891893
136.5,293,0.4708686636043593,0.26952574024152626,0.24914675767918087,21,49448,4289,0.016891891891891893
136.58333333333334,295,0.47335645285625827,0.26055766101360556,0.2745762711864407,22,49470,4290,0.010135135135135136
136.66666666666666,294,0.4778045434116677,0.2623721688670792,0.2789115646258503,25,49495,4292,0.010135135135135136
136.75,294,0.4802116959856537,0.2774185929069311,0.2891156462585034,26,49521,4294,0.010135135135135136
136.83333333333334,296,0.4853477620079991,0.27575398378969807,0.30067567567567566,23,49544,4294,0.010135135135135136
136.91666666666666,293,0.4889718288443534,0.2808181958352607,0.30716723549488056,32,49576,4297,0.010135135135135136
137.0,290,0.48353148030308646,0.27831950616433376,0.29310344827586204,24,49600,4303,0.010135135135135136
137.08333333333334,290,0.47779811783049275,0.2821298036938431,0.2827586206896552,26,49626,4308,0.010135135135135136
137.16666666666666,294,0.4732264035877522,0.274929528683173,0.2789115646258503,27,49653,4310,0.010135135135135136
137.25,294,0.4757920174283925,0.2803196884100674,0.272108843537415,27,49680,4312,0.013513513513513514
137.33333333333334,293,0.47616162336118206,0.29468230588415867,0.29692832764505117,24,49704,4315,0.013513513513513514
137.41666666666666,293,0.47447663285674013,0.28569429108190686,0.2764505119453925,26,49730,4318,0.02027027027027027
137.5,294,0.4746659627699115,0.29040889059110636,0.282312925170068,20,49750,4320,0.016891891891891893
137.58333333333334,293,0.4751307267424257,0.2840902366499636,0.27986348122866894,24,49774,4323,0.013513513513513514
137.66666666666666,293,0.4745621137001857,0.27845353745454454,0.28668941979522183,25,49799,4326,0.013513513513513514
137.75,292,0.4757507037257015,0.27995049480424505,0.2910958904109589,33,49832,4329,0.013513513513513514
137.83333333333334,293,0.4738522529805722,0.27763138707120455,0.2935153583617747,33,49865,4332,0.013513513513513514
137.91666666666666,293,0.4730013814168277,0.2847168744901558,0.2901023890784983,28,49893,4335,0.013513513513513514
138.0,295,0.4750521846986997,0.2760385928303604,0.288135593220339,35,49928,4336,0.013513513513513514
138.08333333333334,294,0.4790192908675034,0.28388734082759876,0.2857142857142857,30,49958,4338,0.013513513513513514
138.16666666666666,296,0.48408587333380226,0.27931040367481047,0.30405405405405406,33,49991,4338,0.016891891891891893
138.25,296,0.492395423186745,0.29001254875195553,0.30743243243243246,33,50024,4338,0.02702702702702703
138.33333333333334,292,0.4947924938543679,0.29259384956941265,0.3047945205479452,28,50052,4342,0.02702702702702703
138.41666666666666,293,0.4918117922283375,0.28539941287381565,0.3003412969283277,35,50087,4345,0.02364864864864865
138.5,294,0.4916347970038622,0.295634477012028,0.30952380952380953,33,50120,4347,0.02364864864864865
138.58333333333334,293,0.49276460119910714,0.30696206523851577,0.30716723549488056,29,50149,4350,0.02364864864864865
138.66666666666666,294,0.49314332781724873,0.30819475309271227,0.3231292517006803,43,50192,4352,0.02364864864864865
138.75,293,0.4952132060399329,0.309543035010149,0.32764505119453924,36,50228,4355,0.02027027027027027
138.83333333333334,294,0.49519392258267214,0.30524331047074044,0.3163265306122449,27,50255,4357,0.02027027027027027
138.91666666666666,292,0.4946592204731698,0.2986127073714542,0.3321917808219178,32,50287,4361,0.02027027027027027
139.0,294,0.4933874815932888,0.29938981119487806,0.3299319727891156,30,50317,4363,0.02027027027027027
139.08333333333334,294,0.4954651961320656,0.298512408713977,0.3333333333333333,32,50349,4365,0.02027027027027027
139.16666666666666,292,0.49552367717268464,0.30191891306128094,0.3321917808219178,39,50388,4369,0.02027027027027027
139.25,295,0.495381031255641,0.2860660982815946,0.3254237288135593,39,50427,4370,0.02027027027027027
139.33333333333334,291,0.49677043580314817,0.296038048026266,0.3230240549828179,39,50466,4375,0.02027027027027027
139.41666666666666,293,0.49317757069235224,0.302362124034479,0.30716723549488056,33,50499,4378,0.02364864864864865
139.5,294,0.49318395462223974,0.298747879105022,0.3129251700680272,32,50531,4380,0.02364864864864865
139.58333333333334,290,0.4933682278388137,0.3019657162760611,0.3103448275862069,32,50563,4385,0.030405405405405407
139.66666666666666,293,0.48743571646252404,0.29177788461064913,0.30716723549488056,19,50582,4388,0.030405405405405407
139.75,290,0.48184847001662967,0.3084495500791385,0.30344827586206896,22,50604,4394,0.030405405405405407
139.83333333333334,294,0.47704938338646424,0.2988772759073498,0.2857142857142857,27,50631,4396,0.030405405405405407
139.91666666666666,293,0.4769913362963029,0.30206448738619757,0.2832764505119454,25,50656,4399,0.02702702702702703
140.0,293,0.4764337417679394,0.3107503137219508,0.2935153583617747,25,50681,4402,0.02702702702702703
140.08333333333334,293,0.4748354939911493,0.3132034824720479,0.2935153583617747,29,50710,4405,0.02702702702702703
140.16666666666666,295,0.4774646476747175,0.30165420267115184,0.29491525423728815,31,50741,4406,0.030405405405405407
140.25,296,0.48405864191118314,0.30029535935256274,0.30743243243243246,33,50774,4406,0.030405405405405407
140.33333333333334,292,0.48671156890181133,0.3047193860753183,0.3184931506849315,35,50809,4410,0.033783783783783786
140.41666666666666,296,0.4883278673338583,0.30034173216679266,0.31756756756756754,21,50830,4410,0.033783783783783786
140.5,293,0.49218037213992155,0.30377154505215226,0.33447098976109213,28,50858,4413,0.033783783783783786
140.58333333333334,296,0.49543276540476217,0.3082523961988248,0.3344594594594595,26,50884,4413,0.033783783783783786
140.66666666666666,292,0.4979763622206103,0.3073295371729814,0.3321917808219178,29,50913,4417,0.037162162162162164
140.75,296,0.4994430346509164,0.30511895065466493,0.3344594594594595,24,50937,4417,0.04054054054054054
140.83333333333334,291,0.5012472619029716,0.31184734509476775,0.3333333333333333,21,50958,4422,0.0472972972972973
140.91666666666666,295,0.49960808352846575,0.2961909747502968,0.3288135593220339,23,50981,4423,0.05067567567567568
141.0,294,0.5035818330061408,0.3018944585271116,0.3435374149659864,28,51009,4425,0.05405405405405406
141.08333333333334,291,0.5017799586087459,0.29318842735124284,0.3333333333333333,31,51040,4430,0.05067567567567568
141.16666666666666,296,0.5012352563709181,0.2917317955033472,0.3277027027027027,21,51061,4430,0.05405405405405406
141.25,294,0.5067552587437121,0.2922944125882198,0.3333333333333333,22,51083,4432,0.05405405405405406
141.33333333333334,289,0.5072242012500676,0.2837772354387317,0.33217993079584773,37,51120,4438,0.05405405405405406
141.41666666666666,293,0.4999367771037376,0.2874511314401864,0.3310580204778157,27,51147,4441,0.05405405405405406
141.5,293,0.4976928901801811,0.28366248844064545,0.32764505119453924,30,51177,4444,0.05405405405405406
141.58333333333334,289,0.4906571448322752,0.28707077236489,0.31141868512110726,34,51211,4451,0.05405405405405406
141.66666666666666,292,0.4841366059102467,0.29663610742377866,0.3253424657534247,24,51235,4455,0.05067567567567568
141.75,295,0.48366236622201564,0.2946091573210217,0.31186440677966104,26,51261,4456,0.05067567567567568
141.83333333333334,294,0.48724727974249077,0.2962252225711058,0.3163265306122449,22,51283,4458,0.057432432432432436
141.91666666666666,291,0.485148131037979,0.2909469781314787,0.30927835051546393,21,51304,4463,0.060810810810810814
142.0,292,0.4810910030535236,0.2807508799655706,0.3116438356164384,25,51329,4467,0.06418918918918919
142.08333333333334,293,0.4775163087298327,0.2858733325309764,0.32764505119453924,37,51366,4470,0.06418918918918919
142.16666666666666,295,0.47885593738506116,0.2659124491327881,0.31186440677966104,25,51391,4471,0.060810810810810814
142.25,294,0.48434101717105754,0.28553609089323373,0.3333333333333333,25,51416,4473,0.06418918918918919
142.33333333333334,295,0.4872726865878788,0.28732553698655394,0.33559322033898303,26,51442,4474,0.06418918918918919
142.41666666666666,294,0.49099189689069284,0.28289189080005406,0.3469387755102041,31,51473,4476,0.06756756756756757
142.5,292,0.4898387091178764,0.2818776733160295,0.3287671232876712,30,51503,4480,0.06756756756756757
142.58333333333334,294,0.4910074274334864,0.27900719839495347,0.3299319727891156,23,51526,4481,0.060810810810810814
142.66666666666666,291,0.4878069585752143,0.27626036620881983,0.3333333333333333,29,51555,4486,0.060810810810810814
142.75,289,0.4783078711196854,0.28883861236802416,0.314878892733564,26,51581,4493,0.057432432432432436
142.83333333333334,295,0.47319924071867764,0.29537054282817,0.31186440677966104,26,51607,4494,0.057432432432432436
142.91666666666666,291,0.47109066471356287,0.29683240585302445,0.3024054982817869,28,51635,4499,0.060810810810810814
143.0,290,0.46312333419626417,0.30602887533922013,0.3,31,51666,4505,0.05067567567567568
143.08333333333334,293,0.4581058412541908,0.2979572096466294,0.29692832764505117,22,51688,4508,0.0472972972972973
143.16666666666666,293,0.45641058309035804,0.29653445752657237,0.28668941979522183,37,51725,4511,0.05067567567567568
143.25,292,0.45390014422013303,0.3069608866963614,0.2808219178082192,27,51752,4515,0.04391891891891892
143.33333333333334,293,0.4513972557972293,0.3103712190154464,0.27986348122866894,27,51779,4518,0.037162162162162164
143.41666666666666,295,0.45297119939744324,0.30864964732001554,0.2745762711864407,31,51810,4519,0.04391891891891892
143.5,293,0.45441406654782773,0.31076206392816086,0.27303754266211605,31,51841,4522,0.0472972972972973
143.58333333333334,295,0.45674006061555983,0.308996424020074,0.29152542372881357,34,51875,4523,0.04054054054054054
143.66666666666666,295,0.46173521765533476,0.3205264378244276,0.2983050847457627,38,51913,4524,0.04054054054054054
143.75,293,0.46346188853200526,0.3076209498802562,0.28668941979522183,29,51942,4527,0.04054054054054054
143.83333333333334,295,0.4656046149509403,0.3074834642867753,0.3050847457627119,32,51974,4528,0.04054054054054054
143.91666666666666,295,0.47079517321911657,0.3125956153074797,0.31186440677966104,33,52007,4529,0.04391891891891892
144.0,293,0.4726046911220517,0.2991917259835349,0.3037542662116041,33,52040,4532,0.04391891891891892
144.08333333333334,290,0.46740006992349514,0.30633410650652027,0.296551724137931,34,52074,4538,0.04054054054054054
144.16666666666666,294,0.46278597091302,0.3042670184798465,0.2891156462585034,29,52103,4540,0.04054054054054054
144.25,294,0.46461463040133155,0.3162420619028139,0.29591836734693877,35,52138,4542,0.04054054054054054
144.33333333333334,294,0.46654834560574887,0.3098964234143182,0.29591836734693877,32,52170,4544,0.04054054054054054
144.41666666666666,294,0.4683781082999855,0.3023072172438816,0.2789115646258503,29,52199,4546,0.0472972972972973
144.5,294,0.47037208432064886,0.30159430581668445,0.2789115646258503,32,52231,4548,0.04391891891891892
144.58333333333334,292,0.470439576843732,0.3138024266448924,0.2773972602739726,46,52277,4552,0.04054054054054054
144.66666666666666,295,0.47073672770849523,0.3059133709981167,0.27796610169491526,27,52304,4553,0.04054054054054054
144.75,291,0.4714110135775763,0.3131436909787425,0.27835051546391754,34,52338,4558,0.04054054054054054
144.83333333333334,293,0.4672285936581522,0.3090426638208208,0.27303754266211605,30,52368,4561,0.037162162162162164
144.91666666666666,294,0.46817545516730197,0.3152622604153216,0.282312925170068,31,52399,4563,0.033783783783783786
145.0,291,0.4680511619703324,0.3203104169599015,0.281786941580756,28,52427,4568,0.033783783783783786
145.08333333333334,296,0.468550716643663,0.2995495773567807,0.2905405405405405,34,52461,4568,0.037162162162162164
145.16666666666666,289,0.4679364134043572,0.30891562236498016,0.2837370242214533,32,52493,4575,0.04054054054054054
145.25,292,0.4610800208178411,0.3033916514631049,0.273972602739726,32,52525,4579,0.04054054054054054
145.33333333333334,294,0.46285173117567274,0.30338103884022255,0.2653061224489796,31,52556,4580,0.04054054054054054
145.41666666666666,293,0.46404189826427944,0.29758712088063627,0.26621160409556316,35,52591,4583,0.04054054054054054
145.5,294,0.4643150332230981,0.2928998816753919,0.2619047619047619,32,52623,4585,0.037162162162162164
145.58333333333334,291,0.4637573556993609,0.3057556326308548,0.2646048109965636,30,52653,4590,0.033783783783783786
145.66666666666666,293,0.46015131986816815,0.3177584743137291,0.25597269624573377,30,52683,4593,0.037162162162162164
145.75,294,0.46048406522022817,0.31958293062269133,0.2619047619047619,26,52709,4595,0.04054054054054054
145.83333333333334,294,0.46270818383417917,0.30152201319736716,0.25510204081632654,20,52729,4597,0.04054054054054054
145.91666666666666,295,0.4668265177525825,0.30158445069246564,0.26101694915254237,23,52752,4598,0.04054054054054054
146.0,295,0.471836933173146,0.30183238575079996,0.28135593220338984,26,52778,4599,0.04054054054054054
146.08333333333334,292,0.473244445061416,0.31720934126756045,0.2945205479452055,23,52801,4603,0.037162162162162164
146.16666666666666,296,0.475197864630295,0.31384716072216073,0.2972972972972973,29,52830,4603,0.033783783783783786
146.25,290,0.4788609372052356,0.3129710136606688,0.30689655172413793,34,52864,4609,0.033783783783783786
146.33333333333334,291,0.4727948691682949,0.30672599641671805,0.29553264604810997,32,52896,4613,0.033783783783783786
146.41666666666666,294,0.47069174459073,0.2934165102769754,0.29931972789115646,36,52932,4615,0.033783783783783786
146.5,295,0.4755893745736631,0.28405784127026973,0.2983050847457627,37,52969,4616,0.033783783783783786
146.58333333333334,293,0.47924486655980186,0.2935448386051335,0.3003412969283277,35,53004,4619,0.033783783783783786
146.66666666666666,293,0.4792953742605741,0.2897598233628597,0.3003412969283277,32,53036,4622,0.037162162162162164
146.75,294,0.4799867131599774,0.27580628965217285,0.282312925170068,33,53069,4624,0.037162162162162164
146.83333333333334,294,0.48281861846515006,0.2770002389900349,0.2789115646258503,28,53097,4626,0.04054054054054054
146.91666666666666,295,0.4858637679911169,0.2708520293266056,0.2847457627118644,32,53129,4627,0.05067567567567568
147.0,292,0.4885851302945711,0.2635224938159515,0.2808219178082192,31,53160,4631,0.0472972972972973
147.08333333333334,291,0.48379046909221496,0.26566962089535856,0.281786941580756,27,53187,4636,0.0472972972972973
147.16666666666666,295,0.4817532870012335,0.2789085691891069,0.29152542372881357,27,53214,4637,0.0472972972972973
147.25,293,0.48333168422168565,0.29683025675434765,0.2901023890784983,33,53247,4640,0.0472972972972973
147.33333333333334,292,0.4817655210719082,0.2855743194636676,0.2979452054794521,29,53276,4644,0.0472972972972973
147.41666666666666,293,0.4785585620955025,0.2744578789775414,0.29692832764505117,44,53320,4647,0.05067567567567568
147.5,292,0.47474973245313884,0.2797028588955338,0.2979452054794521,35,53355,4651,0.04391891891891892
147.58333333333334,295,0.4746859478307003,0.2851539232431776,0.30847457627118646,38,53393,4652,0.033783783783783786
147.66666666666666,292,0.478606772559991,0.2872953720088311,0.3082191780821918,39,53432,4655,0.033783783783783786
147.75,293,0.47582219127736214,0.28627998747200484,0.3037542662116041,32,53464,4658,0.030405405405405407
147.83333333333334,293,0.47445632145684496,0.28509941048743376,0.31399317406143346,32,53496,4661,0.033783783783783786
147.91666666666666,294,0.47540728506085944,0.29668264464734484,0.3197278911564626,38,53534,4663,0.030405405405405407
148.0,292,0.475980559643751,0.3001626889728056,0.3150684931506849,26,53560,4667,0.030405405405405407
148.08333333333334,293,0.47365221511813216,0.28864470656027336,0.30716723549488056,30,53590,4670,0.030405405405405407
148.16666666666666,293,0.4735615233543267,0.28277776316537895,0.30716723549488056,39,53629,4673,0.037162162162162164
148.25,290,0.46843923363231693,0.28058613663293464,0.296551724137931,29,53658,4679,0.033783783783783786
148.33333333333334,296,0.46671969159889,0.28381026818526817,0.2939189189189189,28,53686,4679,0.033783783783783786
148.41666666666666,293,0.4703447874490384,0.28476169261152195,0.29692832764505117,34,53720,4682,0.037162162162162164
148.5,294,0.47083882478727196,0.2896908083836303,0.29931972789115646,30,53750,4684,0.037162162162162164
148.58333333333334,293,0.4704183698983266,0.2967790555527404,0.2935153583617747,30,53780,4687,0.04054054054054054
148.66666666666666,296,0.4735122395194343,0.29522855180182767,0.32094594594594594,31,53811,4687,0.037162162162162164
148.75,296,0.4814509784856564,0.29958670271170273,0.3277027027027027,27,53838,4687,0.037162162162162164
148.83333333333334,295,0.4881056441439106,0.2994864363508431,0.3288135593220339,33,53871,4688,0.037162162162162164
148.91666666666666,294,0.4913374433777433,0.3095889654563124,0.3163265306122449,30,53901,4690,0.037162162162162164
149.0,292,0.49193104418572736,0.2995729346756744,0.3116438356164384,25,53926,4694,0.033783783783783786
149.08333333333334,289,0.48506682485077274,0.29471319722184774,0.31141868512110726,24,53950,4701,0.037162162162162164
149.16666666666666,292,0.4750839988994989,0.28782438071821637,0.2979452054794521,30,53980,4705,0.04391891891891892
149.25,295,0.4745032563692165,0.2891571802442638,0.29491525423728815,27,54007,4706,0.04391891891891892
149.33333333333334,295,0.4792795423917314,0.29848145263949283,0.3016949152542373,27,54034,4707,0.04391891891891892
149.41666666666666,293,0.48123180373364266,0.29791056498094676,0.310580204778157,28,54062,4710,0.04391891891891892
149.5,295,0.4825819167909009,0.2906134073138204,0.31186440677966104,31,54093,4711,0.04391891891891892
149.58333333333334,293,0.4863797875403458,0.29839129395443387,0.30716723549488056,25,54118,4714,0.04391891891891892
149.66666666666666,290,0.4833530452153636,0.29845370147094286,0.3103448275862069,28,54146,4720,0.05405405405405406
149.75,293,0.4756060797832598,0.29546206542793574,0.3037542662116041,24,54170,4723,0.057432432432432436
149.83333333333334,292,0.4715290259314924,0.2977135497683443,0.2979452054794521,26,54196,4727,0.05067567567567568
149.91666666666666,293,0.4679207073378329,0.3040915856468404,0.2935153583617747,26,54222,4730,0.04391891891891892
150.0,294,0.46724249884774455,0.29565089138452966,0.2789115646258503,31,54253,4732,0.04054054054054054
150.08333333333334,291,0.4649020616254925,0.2939590944720191,0.28865979381443296,22,54275,4737,0.04054054054054054
150.16666666666666,295,0.4629290855959458,0.29277963086888525,0.29491525423728815,21,54296,4738,0.04054054054054054
150.25,294,0.46608267143487786,0.30401359686822643,0.30612244897959184,27,54323,4740,0.04391891891891892
150.33333333333334,295,0.4691982345586859,0.2971528649469703,0.29491525423728815,23,54346,4741,0.0472972972972973
150.41666666666666,293,0.4701376170480888,0.3095346632889295,0.2901023890784983,28,54374,4744,0.05405405405405406
150.5,294,0.46991231182189697,0.29251130577661194,0.29591836734693877,26,54400,4746,0.0472972972972973
150.58333333333334,294,0.4714029246025536,0.29277044761738635,0.30952380952380953,24,54424,4748,0.0472972972972973
150.66666666666666,293,0.4709081662858723,0.29653527138486935,0.31399317406143346,26,54450,4751,0.05067567567567568
150.75,296,0.4738932040868713,0.2856517822089856,0.32432432432432434,30,54480,4751,0.05067567567567568
150.83333333333334,294,0.4786857846186992,0.311501772661406,0.3299319727891156,32,54512,4753,0.05067567567567568
150.91666666666666,295,0.4821591240010267,0.3214583043084381,0.34915254237288135,31,54543,4754,0.05405405405405406
151.0,295,0.4867257325309994,0.3166166967461959,0.3525423728813559,27,54570,4755,0.057432432432432436
151.08333333333334,294,0.4893904598976886,0.30179400047836186,0.336734693877551,37,54607,4757,0.060810810810810814
151.16666666666666,292,0.4882653071957714,0.30951423006217527,0.3424657534246575,34,54641,4761,0.05405405405405406
151.25,294,0.4858769377612951,0.3067631725794991,0.3299319727891156,26,54667,4763,0.05405405405405406
151.33333333333334,293,0.4858319594975786,0.30145397562511167,0.3242320819112628,22,54689,4766,0.0472972972972973
151.41666666666666,292,0.48554115832796535,0.30587957242800684,0.3253424657534247,32,54721,4769,0.05405405405405406
151.5,292,0.48056621929556864,0.3071727522314607,0.3150684931506849,22,54743,4773,0.05067567567567568
151.58333333333334,295,0.48006367149879836,0.3014811063639397,0.31186440677966104,21,54764,4774,0.05067567567567568
151.66666666666666,292,0.48233638379434335,0.3047883236645716,0.3047945205479452,18,54782,4778,0.05067567567567568
151.75,294,0.48051483818017093,0.2931861027502674,0.30272108843537415,23,54805,4780,0.05067567567567568
151.83333333333334,292,0.47968458299145333,0.29057764618995136,0.3116438356164384,23,54828,4784,0.05067567567567568
151.91666666666666,295,0.47931969122328155,0.2878886244608045,0.30847457627118646,34,54862,4785,0.04391891891891892
152.0,294,0.4824536187822523,0.29883070444294935,0.3129251700680272,17,54879,4787,0.04391891891891892
152.08333333333334,295,0.4858835995635296,0.2901705544925884,0.29491525423728815,35,54914,4788,0.0472972972972973
152.16666666666666,289,0.4853364459191518,0.30349781898224804,0.31141868512110726,27,54941,4795,0.05067567567567568
152.25,296,0.48153390771409504,0.29335755273255276,0.3141891891891892,27,54968,4795,0.05405405405405406
152.33333333333334,293,0.4856899835452955,0.2974814529422038,0.31399317406143346,25,54993,4798,0.05405405405405406
152.41666666666666,293,0.48490134889444914,0.2905033154179912,0.3310580204778157,33,55026,4801,0.05067567567567568
152.5,294,0.48503293051736124,0.29747329390186533,0.3401360544217687,35,55061,4803,0.0472972972972973
152.58333333333334,290,0.4799300292083602,0.29479016194533436,0.3275862068965517,22,55083,4809,0.05067567567567568
152.66666666666666,293,0.47261370649262624,0.29772416623952463,0.32081911262798635,28,55111,4812,0.04391891891891892
152.75,290,0.4681389666715626,0.2993726101484722,0.32068965517241377,29,55140,4818,0.037162162162162164
152.83333333333334,291,0.4588825610229235,0.30247838198650706,0.31958762886597936,30,55170,4823,0.037162162162162164
152.91666666666666,295,0.4579660094681034,0.28713292293585313,0.3254237288135593,37,55207,4824,0.037162162162162164
153.0,295,0.46289025531335865,0.286851283671163,0.3220338983050847,32,55239,4825,0.04054054054054054
153.08333333333334,292,0.4634685378376027,0.2930627591586496,0.3219178082191781,32,55271,4829,0.04054054054054054
153.16666666666666,294,0.46179626706273424,0.29318566920607736,0.3163265306122449,27,55298,4831,0.033783783783783786
153.25,293,0.46161903862653786,0.3070764174411424,0.310580204778157,34,55332,4834,0.033783783783783786
153.33333333333334,293,0.46062105807733406,0.3133995128986382,0.29692832764505117,29,55361,4837,0.037162162162162164
153.41666666666666,294,0.46081336335853845,0.30004728730070496,0.29591836734693877,24,55385,4839,0.037162162162162164
153.5,291,0.45793316590926836,0.29540954426054217,0.3024054982817869,44,55429,4844,0.037162162162162164
153.58333333333334,294,0.45468882982645015,0.30144542246809264,0.29591836734693877,36,55465,4846,0.033783783783783786
153.66666666666666,293,0.45453672777031173,0.3010981707644267,0.3003412969283277,27,55492,4849,0.033783783783783786
153.75,292,0.45347570755033595,0.29854328407712977,0.2979452054794521,35,55527,4853,0.030405405405405407
153.83333333333334,294,0.4523573297449275,0.2918016213964613,0.2925170068027211,37,55564,4855,0.033783783783783786
153.91666666666666,295,0.45545038685849987,0.3054752689407317,0.3050847457627119,36,55600,4856,0.030405405405405407
154.0,295,0.46027472374746775,0.3009438885680849,0.29491525423728815,27,55627,4857,0.033783783783783786
154.08333333333334,292,0.46239685875931724,0.3056377668151405,0.3082191780821918,30,55657,4861,0.033783783783783786
154.16666666666666,294,0.4612642757897511,0.30393925802089067,0.3129251700680272,25,55682,4863,0.02364864864864865
154.25,296,0.4661389170903652,0.31390248265248266,0.3310810810810811,34,55716,4863,0.02364864864864865
154.33333333333334,294,0.47106888173875566,0.3150503596932168,0.336734693877551,32,55748,4865,0.02364864864864865
154.41666666666666,292,0.46911916729853353,0.31179267840226743,0.3219178082191781,32,55780,4869,0.02364864864864865
154.5,295,0.46920584750032757,0.3170935185341965,0.33559322033898303,34,55814,4870,0.016891891891891893
154.58333333333334,296,0.47569362548800204,0.3304528992028992,0.3310810810810811,31,55845,4870,0.02027027027027027
154.66666666666666,294,0.4816612000855269,0.3295151371681984,0.3333333333333333,32,55877,4872,0.02027027027027027
154.75,296,0.48658759012644437,0.3227655696405696,0.3310810810810811,31,55908,4872,0.02027027027027027
154.83333333333334,292,0.4883829686830469,0.3291688429530895,0.3356164383561644,32,55940,4876,0.02364864864864865
154.91666666666666,292,0.4864649917093264,0.31771559182695225,0.3253424657534247,29,55969,4880,0.016891891891891893
155.0,295,0.4861372523833631,0.3211440656881919,0.33220338983050846,29,55998,4881,0.016891891891891893
155.08333333333334,294,0.49129382485532674,0.3273652084876575,0.3401360544217687,36,56034,4883,0.016891891891891893
155.16666666666666,294,0.49333319818823335,0.33818970145500754,0.3401360544217687,37,56071,4885,0.033783783783783786
155.25,294,0.49584503455469325,0.33027871599300174,0.3299319727891156,43,56114,4887,0.04054054054054054
155.33333333333334,294,0.5004400171988312,0.3427569784712642,0.3435374149659864,27,56141,4888,0.04054054054054054
155.41666666666666,294,0.5017634720331854,0.33541265990245583,0.3469387755102041,36,56177,4890,0.037162162162162164
155.5,289,0.49509870095214664,0.3442640086715973,0.3356401384083045,31,56208,4897,0.033783783783783786
155.58333333333334,293,0.4872595387170033,0.32851871952142636,0.33447098976109213,32,56240,4900,0.02364864864864865
155.66666666666666,293,0.48528624353402705,0.32739682577566537,0.3447098976109215,40,56280,4903,0.02702702702702703
155.75,292,0.4824942613720419,0.32200559008288954,0.3424657534246575,30,56310,4907,0.02364864864864865
155.83333333333334,294,0.4823437436360897,0.3214933201449236,0.35034013605442177,38,56348,4909,0.02027027027027027
155.91666666666666,295,0.486651241513871,0.3235626444720353,0.34915254237288135,37,56385,4910,0.02364864864864865
156.0,294,0.4909439075707999,0.3286392103340073,0.3401360544217687,39,56424,4912,0.030405405405405407
156.08333333333334,294,0.4923118142859853,0.31282250472961237,0.3299319727891156,40,56464,4914,0.030405405405405407
156.16666666666666,292,0.4927880770289828,0.3249055250033724,0.339041095890411,39,56503,4918,0.02702702702702703
156.25,295,0.493135118381628,0.333453146261863,0.3593220338983051,36,56539,4919,0.02702702702702703
156.33333333333334,291,0.4948157483877482,0.33932264620777136,0.36082474226804123,38,56577,4923,0.030405405405405407
156.41666666666666,294,0.4919898078533176,0.3220860475233653,0.336734693877551,27,56604,4925,0.02702702702702703
156.5,295,0.49529812517609956,0.3254145007534838,0.34576271186440677,39,56643,4926,0.030405405405405407
156.58333333333334,291,0.49469647156202035,0.33204022972064207,0.3230240549828179,30,56673,4931,0.04054054054054054
156.66666666666666,291,0.4861493165602324,0.3343919924527817,0.32646048109965636,40,56713,4936,0.04054054054054054
156.75,296,0.485781044531637,0.33540976698304287,0.3344594594594595,45,56758,4936,0.033783783783783786
156.83333333333334,293,0.49037132224705143,0.3453482543896808,0.3447098976109215,34,56792,4939,0.033783783783783786
156.91666666666666,294,0.4909078566152317,0.3383795928834634,0.3333333333333333,33,56825,4941,0.030405405405405407
157.0,295,0.49395629773017086,0.33160661437400185,0.3288135593220339,29,56854,4942,0.033783783783783786
157.08333333333334,296,0.5004080836203868,0.32402084654239827,0.34797297297297297,38,56892,4942,0.037162162162162164
157.16666666666666,294,0.5060491793702759,0.31917415604959587,0.35034013605442177,39,56931,4944,0.04391891891891892
157.25,295,0.5094970483584291,0.3168787615397785,0.3525423728813559,38,56969,4945,0.04054054054054054
157.33333333333334,295,0.5143087948685622,0.31506371218235624,0.3593220338983051,42,57011,4946,0.04054054054054054
157.41666666666666,294,0.5174867649473098,0.3294544080258366,0.36394557823129253,46,57057,4948,0.0472972972972973
157.5,293,0.5174890796733506,0.3199325702738672,0.35494880546075086,28,57085,4951,0.0472972972972973
157.58333333333334,295,0.5185775008405956,0.3210061205944983,0.3525423728813559,31,57116,4952,0.0472972972972973
157.66666666666666,293,0.5205557743014811,0.32375491267495166,0.35494880546075086,35,57151,4955,0.04391891891891892
157.75,295,0.5242687853483968,0.3168429861771266,0.36610169491525424,43,57194,4956,0.0472972972972973
157.83333333333334,291,0.5264823038024842,0.34978283321435016,0.37800687285223367,37,57231,4960,0.0472972972972973
157.91666666666666,292,0.5227929546613904,0.3489656272190519,0.3904109589041096,30,57261,4963,0.04391891891891892
158.0,294,0.5215394731710119,0.3420077654771532,0.3741496598639456,28,57289,4965,0.037162162162162164
158.08333333333334,295,0.5256688188265746,0.3433332674858099,0.37966101694915255,41,57330,4966,0.037162162162162164
158.16666666666666,294,0.5293913380121437,0.3408581686642911,0.3843537414965986,41,57371,4968,0.037162162162162164
158.25,294,0.5316692338051164,0.322899672134366,0.3979591836734694,33,57404,4970,0.04054054054054054
158.33333333333334,294,0.5333251368514865,0.3147662239498974,0.4013605442176871,41,57445,4972,0.04054054054054054
158.41666666666666,294,0.535905700572195,0.3163511287367726,0.4013605442176871,29,57474,4974,0.037162162162162164
158.5,295,0.5387662698678117,0.31313860269775773,0.4101694915254237,35,57509,4975,0.037162162162162164
158.58333333333334,291,0.5390885436835843,0.31406761362070895,0.39862542955326463,39,57548,4980,0.04054054054054054
158.66666666666666,295,0.5362766055373792,0.30678050693288234,0.39322033898305087,46,57594,4981,0.0472972972972973
158.75,293,0.5387948660708254,0.3152410255652576,0.3924914675767918,43,57637,4984,0.0472972972972973
158.83333333333334,291,0.5367823880289094,0.31406152997538633,0.3951890034364261,29,57666,4989,0.057432432432432436
158.91666666666666,294,0.5338382506810042,0.3214317519791404,0.4013605442176871,32,57698,4991,0.05067567567567568
159.0,295,0.5367459778570182,0.31516282179310046,0.4067796610169492,35,57733,4992,0.05067567567567568
159.08333333333334,293,0.539172523347282,0.31840808982447205,0.4061433447098976,36,57769,4995,0.060810810810810814
159.16666666666666,295,0.5404358340727493,0.314522661576669,0.42033898305084744,33,57802,4996,0.060810810810810814
159.25,289,0.5372792539048257,0.32553840782537047,0.4290657439446367,39,57841,5003,0.06418918918918919
159.33333333333334,294,0.5302355564217762,0.30988141315661366,0.41836734693877553,33,57874,5005,0.060810810810810814
159.41666666666666,294,0.5317314187612999,0.31216382494265743,0.4217687074829932,42,57916,5007,0.060810810810810814
159.5,294,0.5332095943767403,0.31373696220634995,0.42517006802721086,34,57950,5009,0.06756756756756757
159.58333333333334,294,0.5345214569807369,0.31098485792363345,0.4217687074829932,34,57984,5011,0.07094594594594594
159.66666666666666,294,0.5360003791660601,0.3138440546603812,0.41836734693877553,24,58008,5013,0.07094594594594594
159.75,295,0.5388051408992859,0.3042756396146227,0.4135593220338983,32,58040,5014,0.07432432432432433
159.83333333333334,292,0.5402586797950536,0.30198432655624435,0.4143835616438356,36,58076,5018,0.07094594594594594
159.91666666666666,292,0.5362949198609436,0.303347653173468,0.410958904109589,47,58123,5022,0.06756756756756757
160.0,294,0.5370842198633057,0.31016581875132193,0.41836734693877553,36,58159,5023,0.08108108108108109
160.08333333333334,293,0.5385186238865258,0.3008418784280853,0.40955631399317405,33,58192,5026,0.08445945945945946
160.16666666666666,291,0.5357026273691813,0.29197000153274594,0.39862542955326463,34,58226,5031,0.08445945945945946
160.25,289,0.5241725511141017,0.29707607847746254,0.3806228373702422,39,58265,5038,0.08783783783783784
160.33333333333334,293,0.5184418891543421,0.2804107439772969,0.378839590443686,40,58305,5041,0.0777027027027027
160.41666666666666,292,0.514378611477544,0.2855355261177179,0.3698630136986301,28,58333,5045,0.0777027027027027
160.5,294,0.5125870496315181,0.29069231033516746,0.37755102040816324,22,58355,5047,0.06756756756756757
160.58333333333334,293,0.5124123697066767,0.29696034909345487,0.378839590443686,28,58383,5050,0.07094594594594594
160.66666666666666,291,0.5075704848713879,0.30604716938370613,0.38144329896907214,32,58415,5055,0.06756756756756757
160.75,292,0.5043929562664842,0.30188250644049347,0.3904109589041096,38,58453,5058,0.060810810810810814
160.83333333333334,294,0.5028469609554088,0.30119280725039976,0.3843537414965986,26,58479,5060,0.05405405405405406
160.91666666666666,290,0.4997597824491377,0.30363946398429154,0.3758620689655172,34,58513,5066,0.06418918918918919
161.0,293,0.4928181046910504,0.30326772203905306,0.36860068259385664,35,58548,5069,0.060810810810810814
161.08333333333334,292,0.4887859020201378,0.3163234026247725,0.3732876712328767,23,58571,5073,0.07432432432432433
161.16666666666666,295,0.48946122413823584,0.30638574844329675,0.376271186440678,26,58597,5074,0.06756756756756757
161.25,295,0.49400155224031117,0.31084066264397364,0.3728813559322034,29,58626,5075,0.07094594594594594
161.33333333333334,292,0.49410991082248973,0.30121647427118914,0.3732876712328767,29,58655,5079,0.07094594594594594
161.41666666666666,290,0.48672692788144506,0.3049214674214674,0.3724137931034483,28,58683,5085,0.06756756756756757
161.5,293,0.47974496038822506,0.2994726547682925,0.37542662116040953,30,58713,5088,0.07094594594594594
161.58333333333334,292,0.48171668321363653,0.30796075088045655,0.3732876712328767,30,58743,5091,0.06756756756756757
161.66666666666666,290,0.4749102707044471,0.29713980432102527,0.3620689655172414,34,58777,5097,0.06756756756756757
161.75,293,0.4698342262995681,0.29296874943868,0.35494880546075086,33,58810,5100,0.06418918918918919
161.83333333333334,295,0.47101565586180083,0.2856734132157861,0.3389830508474576,23,58833,5101,0.07094594594594594
161.91666666666666,294,0.47504374653338627,0.28502048782661027,0.3435374149659864,28,58861,5103,0.06756756756756757
162.0,294,0.4762104498145284,0.2861725673653893,0.35374149659863946,28,58889,5105,0.0777027027027027
162.08333333333334,295,0.47921216198572136,0.28725969855649197,0.34915254237288135,17,58906,5106,0.0777027027027027
162.16666666666666,292,0.4791465221845326,0.2678136073086555,0.3321917808219178,21,58927,5110,0.0777027027027027
162.25,294,0.47736713861107594,0.26450828995915415,0.3333333333333333,31,58958,5112,0.07094594594594594
162.33333333333334,292,0.4751779844606292,0.2619885821940616,0.3150684931506849,26,58984,5116,0.07094594594594594
162.41666666666666,289,0.4660775067612731,0.2774451903344637,0.3079584775086505,25,59009,5123,0.07094594594594594
162.5,294,0.46082302648448903,0.282336805295989,0.3197278911564626,30,59039,5125,0.06756756756756757
162.58333333333334,290,0.4552176845435785,0.28640185485013075,0.32413793103448274,33,59072,5131,0.06756756756756757
162.66666666666666,291,0.44539278616588235,0.2935752582659799,0.32646048109965636,27,59099,5136,0.060810810810810814
162.75,295,0.4438959939179461,0.2900665154054985,0.3254237288135593,23,59122,5137,0.05405405405405406
162.83333333333334,294,0.44664588684327217,0.29145277436093764,0.3231292517006803,26,59148,5139,0.057432432432432436
162.91666666666666,293,0.4461212912999767,0.284511383572817,0.31399317406143346,31,59179,5142,0.057432432432432436
163.0,295,0.4478629780764753,0.27910815173527037,0.2847457627118644,30,59209,5143,0.0472972972972973
163.08333333333334,293,0.44986900658584206,0.2794023098630607,0.27986348122866894,29,59238,5146,0.0472972972972973
163.16666666666666,293,0.4486721375850947,0.2890696997352287,0.2832764505119454,25,59263,5149,0.04391891891891892
163.25,296,0.452236825829759,0.30054670367170366,0.30067567567567566,26,59289,5149,0.04391891891891892
163.33333333333334,296,0.4604260211047688,0.284094105969106,0.30067567567567566,39,59328,5149,0.04391891891891892
163.41666666666666,294,0.4656004808240161,0.28874419231562093,0.30952380952380953,33,59361,5151,0.04391891891891892
163.5,292,0.4640657100618342,0.3013077295611542,0.2979452054794521,41,59402,5155,0.04391891891891892
163.58333333333334,294,0.4627919497817137,0.3014988601723296,0.2925170068027211,31,59433,5157,0.04054054054054054
163.66666666666666,292,0.46294746185578817,0.29061675763138195,0.2876712328767123,26,59459,5161,0.0472972972972973
163.75,293,0.4601157277786921,0.27410023798511957,0.2764505119453925,19,59478,5164,0.05067567567567568
163.83333333333334,293,0.4579897627721387,0.2827501205257871,0.2764505119453925,37,59515,5167,0.057432432432432436
163.91666666666666,291,0.4531141121666117,0.28094114776482354,0.27147766323024053,25,59540,5172,0.0472972972972973
164.0,296,0.4535980865088467,0.26468703031203034,0.2668918918918919,22,59562,5172,0.037162162162162164
164.08333333333334,295,0.46007775748375057,0.2789055652126609,0.2677966101694915,24,59586,5173,0.037162162162162164
164.16666666666666,294,0.4644780577728958,0.2894307945810145,0.2755102040816326,35,59621,5175,0.0472972972972973
164.25,292,0.4627944754398585,0.3005669715915081,0.2705479452054795,35,59656,5179,0.0472972972972973
164.33333333333334,292,0.45917810515467333,0.2975744174902936,0.2705479452054795,29,59685,5183,0.04054054054054054
164.41666666666666,293,0.45735643237055285,0.2900733780548505,0.2696245733788396,25,59710,5186,0.037162162162162164
164.5,294,0.4574111593470786,0.31079715824613785,0.282312925170068,28,59738,5188,0.037162162162162164
164.58333333333334,292,0.45691646055203783,0.3097406398776262,0.2876712328767123,34,59772,5192,0.037162162162162164
164.66666666666666,293,0.4537636354883011,0.31013157301553207,0.2935153583617747,35,59807,5195,0.04054054054054054
164.75,294,0.4558469891787961,0.30269875627018483,0.2925170068027211,30,59837,5197,0.037162162162162164
164.83333333333334,295,0.4590706937330772,0.30476659874964956,0.31864406779661014,28,59865,5198,0.037162162162162164
164.91666666666666,293,0.4632328022185164,0.31067779395424444,0.3310580204778157,34,59899,5201,0.033783783783783786
165.0,294,0.4635002770642391,0.31712961075205975,0.3231292517006803,27,59926,5203,0.033783783783783786
165.08333333333334,294,0.46636907052667614,0.3161407662111392,0.3163265306122449,30,59956,5205,0.030405405405405407
165.16666666666666,295,0.4709045737103602,0.32104596942118857,0.3254237288135593,23,59979,5206,0.033783783783783786
165.25,295,0.4763822949170199,0.319763043307754,0.33559322033898303,24,60003,5207,0.04054054054054054
165.33333333333334,294,0.4794249380103602,0.32348716098716096,0.3333333333333333,33,60036,5209,0.04054054054054054
165.41666666666666,296,0.48437878857051453,0.322257791007791,0.34797297297297297,34,60070,5209,0.033783783783783786
165.5,291,0.48558070394808966,0.32235866462670587,0.3436426116838488,37,60107,5214,0.033783783783783786
165.58333333333334,294,0.48462131030291733,0.3129640295456622,0.35714285714285715,38,60145,5216,0.030405405405405407
165.66666666666666,293,0.48552910291209367,0.3267338845690028,0.34812286689419797,32,60177,5219,0.030405405405405407
165.75,294,0.48674175801415154,0.3168352436913309,0.3435374149659864,34,60211,5221,0.037162162162162164
165.83333333333334,292,0.48604738570722583,0.31577996807685044,0.339041095890411,36,60247,5225,0.04391891891891892
165.91666666666666,295,0.48903801516930473,0.31951367841198347,0.34576271186440677,33,60280,5225,0.04054054054054054
166.0,293,0.49190474529002964,0.31994359582331805,0.34812286689419797,29,60309,5228,0.05067567567567568
166.08333333333334,291,0.4902606663793622,0.32682901422681016,0.33676975945017185,35,60344,5233,0.05067567567567568
166.16666666666666,291,0.4814973179101627,0.3198920317743638,0.3333333333333333,31,60375,5238,0.05067567567567568
166.25,296,0.48116980361604866,0.30585614680442264,0.32094594594594594,24,60399,5238,0.04391891891891892
166.33333333333334,293,0.4849134455495166,0.3169542535583491,0.3310580204778157,32,60431,5241,0.04391891891891892
166.41666666666666,296,0.48803258043204584,0.3215623246873247,0.33783783783783783,24,60455,5241,0.0472972972972973
166.5,294,0.49408204994623534,0.30979378708970545,0.336734693877551,29,60484,5243,0.05067567567567568
166.58333333333334,291,0.4908856030237767,0.30777415597003227,0.32989690721649484,31,60515,5248,0.057432432432432436
166.66666666666666,294,0.4881790135791486,0.29544868396909213,0.32653061224489793,30,60545,5250,0.0472972972972973
166.75,293,0.4875744019115126,0.3021847038058642,0.3310580204778157,22,60567,5253,0.05067567567567568
166.83333333333334,293,0.4857704603950703,0.29268873901979703,0.32081911262798635,25,60592,5256,0.04391891891891892
166.91666666666666,295,0.4871657512565295,0.29410898893949744,0.33220338983050846,35,60627,5257,0.037162162162162164
167.0,293,0.49083572456037905,0.3019137371648342,0.3378839590443686,31,60658,5260,0.033783783783783786
167.08333333333334,293,0.4897085591792515,0.2864427167900672,0.32764505119453924,30,60688,5263,0.05067567567567568
167.16666666666666,292,0.4868696468547512,0.2911545442489669,0.3253424657534247,34,60722,5267,0.05067567567567568
167.25,293,0.4833485950044859,0.29596159434043395,0.32764505119453924,29,60751,5270,0.05405405405405406
167.33333333333334,294,0.4829233088419967,0.2996758626915833,0.3197278911564626,30,60781,5272,0.05405405405405406
167.41666666666666,295,0.4859221542984144,0.286675057528013,0.31864406779661014,39,60820,5273,0.05067567567567568
167.5,291,0.48492480021071427,0.28970247965650664,0.3230240549828179,34,60854,5278,0.0472972972972973
167.58333333333334,294,0.4812707885120794,0.2851642122050285,0.3231292517006803,30,60884,5280,0.037162162162162164
167.66666666666666,295,0.4847938984955972,0.29019546367003995,0.31186440677966104,37,60921,5281,0.033783783783783786
167.75,295,0.4895944196470716,0.29068899085848243,0.3152542372881356,31,60952,5282,0.037162162162162164
167.83333333333334,294,0.49468892408528586,0.29209293163374794,0.3163265306122449,33,60985,5284,0.033783783783783786
167.91666666666666,293,0.494947710526304,0.2989382800501895,0.32081911262798635,28,61013,5287,0.037162162162162164
168.0,292,0.49215005650321936,0.299315382106478,0.3287671232876712,27,61040,5291,0.037162162162162164
168.08333333333334,293,0.49113163306575824,0.30172133516843413,0.32764505119453924,27,61067,5294,0.04054054054054054
168.16666666666666,291,0.4888324641525078,0.29984507664920035,0.3230240549828179,33,61100,5299,0.04391891891891892
168.25,294,0.48548350619969494,0.2933271754700326,0.3333333333333333,29,61129,5301,0.04054054054054054
168.33333333333334,295,0.48917554154900555,0.295337393303495,0.33220338983050846,30,61159,5302,0.04391891891891892
168.41666666666666,293,0.49143244091904426,0.3037429294255233,0.3310580204778157,27,61186,5305,0.04391891891891892
168.5,294,0.4915174314688455,0.3102631023549391,0.3231292517006803,23,61209,5307,0.04391891891891892
168.58333333333334,294,0.49296359355865477,0.30729295270111595,0.3299319727891156,26,61235,5309,0.057432432432432436
168.66666666666666,293,0.4953339282353941,0.3144500713003882,0.33447098976109213,32,61267,5312,0.057432432432432436
168.75,292,0.49286611961268545,0.3085257656563919,0.3321917808219178,30,61297,5316,0.057432432432432436
168.83333333333334,288,0.48335946945571023,0.30146001622936147,0.3263888888888889,26,61323,5324,0.057432432432432436
168.91666666666666,294,0.47467978051776777,0.300769185463063,0.32653061224489793,31,61354,5326,0.05405405405405406
169.0,294,0.4761910915073872,0.2997284367182326,0.3163265306122449,31,61385,5328,0.05067567567567568
169.08333333333334,292,0.4784253194853498,0.30516432768145096,0.3219178082191781,30,61415,5331,0.0472972972972973
169.16666666666666,295,0.47844518062763886,0.3074915103728663,0.3220338983050847,23,61438,5332,0.05405405405405406
169.25,291,0.4762678584126343,0.30942133467906663,0.32646048109965636,32,61470,5337,0.060810810810810814
169.33333333333334,293,0.47183228823241724,0.2985504354811169,0.3242320819112628,30,61500,5340,0.057432432432432436
169.41666666666666,295,0.4734075032358207,0.3026270437141273,0.3254237288135593,29,61529,5341,0.057432432432432436
169.5,292,0.47550757327125737,0.2895078954006682,0.3321917808219178,29,61558,5345,0.060810810810810814
169.58333333333334,292,0.47316515340299375,0.2970204171255187,0.3287671232876712,35,61593,5348,0.060810810810810814
169.66666666666666,295,0.473092441826926,0.2976668797976304,0.3288135593220339,26,61619,5349,0.05067567567567568
169.75,294,0.4793380225324987,0.3018774390494507,0.3299319727891156,36,61655,5350,0.05067567567567568
169.83333333333334,295,0.4829807172078213,0.3059176860266449,0.33220338983050846,29,61684,5351,0.05067567567567568
169.91666666666666,294,0.48611036059168844,0.29922539667437625,0.3299319727891156,27,61711,5353,0.05067567567567568
170.0,295,0.4895846601591287,0.28860850981505964,0.3288135593220339,31,61742,5354,0.05067567567567568
170.08333333333334,296,0.4958822752683758,0.27770417426137767,0.34459459459459457,26,61768,5354,0.05067567567567568
170.16666666666666,292,0.49823631840277083,0.2895380301405377,0.3424657534246575,25,61793,5358,0.05067567567567568
170.25,293,0.4958127737542379,0.2778519451727643,0.3310580204778157,17,61810,5361,0.05405405405405406
170.33333333333334,294,0.49573483641772287,0.28545449259734973,0.32653061224489793,24,61834,5363,0.060810810810810814
170.41666666666666,293,0.4955770468705853,0.29670808902890816,0.32081911262798635,27,61861,5366,0.06418918918918919
170.5,295,0.4967057454394026,0.28692099802269294,0.3220338983050847,25,61886,5367,0.060810810810810814
170.58333333333334,292,0.49679921796431703,0.2866398821878274,0.3219178082191781,31,61917,5371,0.057432432432432436
170.66666666666666,292,0.49259590311862295,0.2858744280833322,0.3287671232876712,33,61950,5375,0.057432432432432436
170.75,291,0.48805501527690853,0.295196269938538,0.31958762886597936,38,61988,5380,0.057432432432432436
170.83333333333334,296,0.48761318511853624,0.27945713258213256,0.31756756756756754,26,62014,5380,0.05067567567567568
170.91666666666666,293,0.49206193816356314,0.28483666504144317,0.32081911262798635,19,62033,5383,0.05067567567567568
171.0,296,0.49507783076975487,0.2964864621114621,0.3310810810810811,21,62054,5383,0.05405405405405406
171.08333333333334,295,0.5014328986062357,0.29272012894288924,0.34576271186440677,27,62081,5384,0.05405405405405406
171.16666666666666,293,0.5031024884709717,0.28845018949845863,0.32764505119453924,25,62106,5387,0.05405405405405406
171.25,293,0.5019961492666319,0.3011573344581633,0.32764505119453924,23,62129,5390,0.05067567567567568
171.33333333333334,296,0.5048797487176213,0.28134122419836705,0.33783783783783783,29,62158,5390,0.0472972972972973
171.41666666666666,293,0.5080423604915453,0.2834989385248044,0.3310580204778157,18,62176,5393,0.05067567567567568
171.5,291,0.5037628252737397,0.2733782343296584,0.3161512027491409,25,62201,5398,0.04391891891891892
171.58333333333334,296,0.5033302364248837,0.2873598714170748,0.32094594594594594,29,62230,5398,0.037162162162162164
171.66666666666666,294,0.5099760160610963,0.27964049367110594,0.3231292517006803,28,62258,5400,0.04054054054054054
171.75,291,0.5080789679419132,0.29276790410811027,0.3230240549828179,22,62280,5405,0.04391891891891892
171.83333333333334,289,0.4963535849441255,0.29123002142033283,0.32525951557093424,35,62315,5412,0.0472972972972973
171.91666666666666,291,0.4880430530885038,0.2904826574846528,0.3161512027491409,32,62347,5416,0.033783783783783786
172.0,295,0.48629022876264144,0.28690823913527896,0.30847457627118646,26,62373,5417,0.030405405405405407
172.08333333333334,295,0.4917369636796753,0.29875874268069774,0.31186440677966104,33,62406,5418,0.030405405405405407
172.16666666666666,294,0.4962729484614892,0.27947012031017726,0.3231292517006803,30,62436,5420,0.030405405405405407
172.25,292,0.49528805294853695,0.28456944501465053,0.3219178082191781,22,62458,5424,0.030405405405405407
172.33333333333334,296,0.4968941896993294,0.2762082512082512,0.31756756756756754,39,62497,5424,0.033783783783783786
172.41666666666666,295,0.5038230742052415,0.3017078858725348,0.33559322033898303,28,62525,5425,0.04054054054054054
172.5,294,0.5077529209395057,0.3037606182285483,0.3401360544217687,31,62556,5427,0.04391891891891892
172.58333333333334,292,0.5078550736254507,0.2967505179100091,0.3493150684931507,28,62584,5431,0.04391891891891892
172.66666666666666,294,0.506547299937917,0.2935401697427937,0.3401360544217687,31,62615,5433,0.04391891891891892
172.75,293,0.5103256812269795,0.2993728304308509,0.3447098976109215,36,62651,5435,0.04391891891891892
172.83333333333334,289,0.5033983065574567,0.30090518564149393,0.328719723183391,38,62689,5442,0.04391891891891892
172.91666666666666,291,0.4914444845471488,0.2836644520967308,0.3127147766323024,25,62714,5447,0.04391891891891892
173.0,292,0.4864933553118515,0.2985853554469014,0.3253424657534247,42,62756,5451,0.033783783783783786
173.08333333333334,295,0.48643592757866133,0.30738560772208595,0.31864406779661014,38,62794,5452,0.033783783783783786
173.16666666666666,294,0.49008491282140254,0.30171725343559797,0.3163265306122449,34,62828,5454,0.033783783783783786
173.25,291,0.49022445774912504,0.29130007886088055,0.31958762886597936,25,62853,5459,0.033783783783783786
173.33333333333334,292,0.48580308326852095,0.2821089973956098,0.3013698630136986,29,62882,5463,0.037162162162162164
173.41666666666666,294,0.48449033809418657,0.2794360971085109,0.30612244897959184,40,62922,5465,0.037162162162162164
173.5,294,0.48762496142357953,0.2808671217098381,0.3163265306122449,28,62950,5467,0.037162162162162164
173.58333333333334,294,0.4895110338019809,0.2800899604734932,0.3333333333333333,28,62978,5469,0.04054054054054054
173.66666666666666,294,0.4916266540146904,0.2693855278742682,0.336734693877551,33,63011,5471,0.0472972972972973
173.75,291,0.48946929346774065,0.28230187180596,0.3333333333333333,36,63047,5476,0.05067567567567568
173.83333333333334,294,0.4879148046934563,0.28164758228973574,0.3299319727891156,37,63084,5478,0.0472972972972973
173.91666666666666,294,0.4903769988367816,0.27936073459472477,0.336734693877551,35,63119,5480,0.0472972972972973
174.0,293,0.4914430969901676,0.27828949586628765,0.3378839590443686,33,63152,5483,0.04391891891891892
174.08333333333334,290,0.4859047376915687,0.28146848362365606,0.3413793103448276,34,63186,5489,0.04391891891891892
174.16666666666666,292,0.47798029692540983,0.2740684733835419,0.3458904109589041,27,63213,5493,0.037162162162162164
174.25,294,0.4767166395720665,0.2749789622502501,0.35374149659863946,29,63242,5495,0.0472972972972973
174.33333333333334,292,0.47502601528492866,0.27454098136794336,0.3561643835616438,35,63277,5499,0.0472972972972973
174.41666666666666,293,0.4720839232359709,0.278013035677997,0.3583617747440273,38,63315,5502,0.04054054054054054
174.5,295,0.4735877667393469,0.28194810667974624,0.3593220338983051,39,63354,5503,0.037162162162162164
174.58333333333334,293,0.4760643856262465,0.2812930951252126,0.3515358361774744,38,63392,5506,0.037162162162162164
174.66666666666666,291,0.4709217207002294,0.287652124286025,0.3436426116838488,31,63423,5511,0.033783783783783786
174.75,292,0.4653820543474926,0.29604908007464553,0.3458904109589041,34,63457,5515,0.030405405405405407
174.83333333333334,294,0.4644928373568845,0.29901109887719146,0.3401360544217687,37,63494,5517,0.02702702702702703
174.91666666666666,294,0.46718567622595514,0.297524801727629,0.3299319727891156,29,63523,5519,0.02364864864864865
175.0,293,0.46807420072815503,0.30246425999436544,0.3310580204778157,31,63554,5522,0.02364864864864865
175.08333333333334,290,0.4668998380222596,0.30023468255943436,0.33448275862068966,31,63585,5527,0.02364864864864865
175.16666666666666,290,0.45708128978948254,0.3007348050423155,0.3137931034482759,29,63614,5533,0.02364864864864865
175.25,293,0.45060889986672653,0.29431271242245566,0.3242320819112628,35,63649,5536,0.02364864864864865
175.33333333333334,293,0.4498843474311726,0.29929227492554517,0.31399317406143346,39,63688,5539,0.02027027027027027
175.41666666666666,294,0.4502405993184624,0.2828823152311185,0.30272108843537415,34,63722,5541,0.02027027027027027
175.5,293,0.45136504445411635,0.2715857808714111,0.30716723549488056,28,63750,5544,0.02027027027027027
175.58333333333334,291,0.44631904209071,0.27734677535601815,0.29896907216494845,29,63779,5549,0.02027027027027027
175.66666666666666,293,0.44197726717901736,0.26686723434399084,0.3037542662116041,35,63814,5552,0.016891891891891893
175.75,293,0.44059962123407426,0.2690341424688842,0.3037542662116041,25,63839,5555,0.016891891891891893
175.83333333333334,295,0.4427607580445808,0.27366198772978434,0.3050847457627119,36,63875,5556,0.016891891891891893
175.91666666666666,293,0.44553025115837475,0.28730168201157963,0.3037542662116041,27,63902,5559,0.016891891891891893
176.0,294,0.44767122138887955,0.2832988251355598,0.30952380952380953,32,63934,5561,0.016891891891891893
176.08333333333334,293,0.4479191731257247,0.27638286059787764,0.31399317406143346,30,63964,5564,0.016891891891891893
176.16666666666666,293,0.4473935867964212,0.28019415169585815,0.310580204778157,33,63997,5567,0.013513513513513514
176.25,296,0.45107496018145404,0.2812771687771688,0.3108108108108108,28,64025,5567,0.02027027027027027
176.33333333333334,293,0.45450038515230945,0.28281173699262435,0.31399317406143346,26,64051,5570,0.02364864864864865
176.41666666666666,293,0.45473619636078777,0.28206630305606417,0.3310580204778157,32,64083,5573,0.02027027027027027
176.5,292,0.45462350356810505,0.27562129967951887,0.3082191780821918,29,64112,5577,0.02702702702702703
176.58333333333334,294,0.4537586168258254,0.2636091453268324,0.29931972789115646,36,64148,5579,0.033783783783783786
176.66666666666666,292,0.4523157347135521,0.2650185177582438,0.2945205479452055,32,64180,5583,0.030405405405405407
176.75,294,0.4513501486197218,0.2796629233704064,0.29931972789115646,26,64206,5585,0.02702702702702703
176.83333333333334,294,0.4533115823873394,0.2713062479218942,0.30272108843537415,28,64234,5587,0.030405405405405407
176.91666666666666,293,0.4531281208450211,0.2630486534070152,0.3003412969283277,33,64267,5590,0.037162162162162164
177.0,294,0.453500010550789,0.2748613757117158,0.30612244897959184,42,64309,5592,0.037162162162162164
177.08333333333334,294,0.4561540714574792,0.27734506612057636,0.30612244897959184,34,64343,5594,0.04391891891891892
177.16666666666666,289,0.44986902987162075,0.28083462097302925,0.3079584775086505,37,64380,5601,0.04391891891891892
177.25,292,0.4412590662400234,0.2764379898180472,0.3047945205479452,39,64419,5605,0.04054054054054054
177.33333333333334,294,0.43986752345980823,0.2714833511692913,0.2925170068027211,29,64448,5607,0.037162162162162164
177.41666666666666,295,0.4439455295032942,0.26038803037341907,0.2847457627118644,25,64473,5608,0.033783783783783786
177.5,293,0.4476622995850916,0.2672446536633897,0.2832764505119454,28,64501,5611,0.033783783783783786
177.58333333333334,293,0.44699481412660624,0.26649412432924263,0.2901023890784983,39,64540,5614,0.033783783783783786
177.66666666666666,295,0.44896345140292,0.2768104964715134,0.288135593220339,32,64572,5615,0.033783783783783786
177.75,294,0.45302393662800183,0.274428283036896,0.282312925170068,33,64605,5617,0.033783783783783786
177.83333333333334,294,0.45456723889775624,0.27817662275462346,0.2755102040816326,30,64635,5619,0.037162162162162164
177.91666666666666,295,0.4587637053185918,0.277753697596114,0.27796610169491526,27,64662,5620,0.033783783783783786
178.0,295,0.46378549663589597,0.2828544540326935,0.2711864406779661,27,64689,5621,0.033783783783783786
178.08333333333334,294,0.4688755737746448,0.2771295786601909,0.272108843537415,31,64720,5623,0.037162162162162164
178.16666666666666,296,0.4739232078906899,0.2734688453438453,0.27364864864864863,21,64741,5623,0.04391891891891892
178.25,290,0.4743526706806557,0.2710777411253036,0.2793103448275862,31,64772,5629,0.0472972972972973
178.33333333333334,295,0.4726678647056018,0.26828869519985826,0.28135593220338984,24,64796,5630,0.04391891891891892
178.41666666666666,294,0.4762101863837471,0.2796214194091087,0.2755102040816326,28,64824,5632,0.0472972972972973
178.5,293,0.4766104990826333,0.274147355879713,0.27303754266211605,29,64853,5635,0.0472972972972973
178.58333333333334,293,0.47573519107693824,0.27995746348162953,0.2764505119453925,34,64887,5638,0.0472972972972973
178.66666666666666,291,0.4738122596736288,0.28232132177828656,0.27491408934707906,25,64912,5643,0.05067567567567568
178.75,295,0.4733556373574838,0.28881271883636883,0.28135593220338984,29,64941,5644,0.0472972972972973
178.83333333333334,295,0.4784354573284914,0.2827853187411721,0.3016949152542373,26,64967,5645,0.0472972972972973
178.91666666666666,295,0.48321039391159504,0.28551919864018055,0.3050847457627119,34,65001,5646,0.05067567567567568
179.0,292,0.4831478173019543,0.2921108194933183,0.3013698630136986,34,65035,5650,0.05405405405405406
179.08333333333334,293,0.4808480160105098,0.2906554010502463,0.30716723549488056,30,65065,5653,0.05067567567567568
179.16666666666666,293,0.47976410719348167,0.2949330337162633,0.310580204778157,35,65100,5656,0.05405405405405406
179.25,295,0.48122602256457503,0.2875515532752355,0.31186440677966104,31,65131,5657,0.05405405405405406
179.33333333333334,293,0.4823573162443919,0.2939637416365993,0.310580204778157,26,65157,5660,0.060810810810810814
179.41666666666666,296,0.4855430572768702,0.29729695757786057,0.3141891891891892,30,65187,5660,0.05405405405405406
179.5,293,0.4884574070777349,0.30398556599169774,0.310580204778157,32,65219,5663,0.060810810810810814
179.58333333333334,291,0.4873107069677169,0.30128450108792587,0.30927835051546393,34,65253,5667,0.05405405405405406
179.66666666666666,291,0.4797333272941067,0.3005364137419004,0.3024054982817869,36,65289,5672,0.0472972972972973
179.75,294,0.47669027195570485,0.3005416352355128,0.3197278911564626,30,65319,5674,0.04391891891891892
179.83333333333334,295,0.48028711130239726,0.28870911574301406,0.288135593220339,26,65345,5675,0.04054054054054054
179.91666666666666,292,0.481516045839629,0.28904302508754565,0.3219178082191781,21,65366,5679,0.04391891891891892
180.0,292,0.47872970175738966,0.2898248349299365,0.3287671232876712,35,65401,5683,0.04391891891891892
