rider_id,origin_node,elapsed_s,time_budget_s,overdue,distance_m,pavement_time_s,red_light_violations,pavement_conflicts,pavement_risk_exposure,severe_conflicts
178,5393414954,110.0,169.11311508542437,False,351.41262503817353,0.0,0,0,0.0,0
147,25472291,110.0,165.80420735403442,False,330.5665063304169,0.0,0,0,0.0,0
287,9167793401,110.0,159.16087256315967,False,288.7134971479057,0.0,2,0,0.0,0
200,25532844,115.0,168.3033483126836,False,346.31109436990664,0.0,0,0,0.0,0
190,1666324226,120.0,175.65416911746186,False,392.62126544000955,0.0,0,0,0.0,0
87,435144778,165.0,195.63347264262865,False,518.4908776485606,15.0,0,0,0.0,0
249,3561398893,170.0,199.57049883713657,False,543.2941426739602,0.0,0,0,0.0,0
209,13567811111,170.0,205.84094746127715,False,582.797969006046,0.0,1,0,0.0,0
224,255747713,180.0,209.09852725816708,False,603.3207217264527,0.0,1,0,0.0,0
32,1684410105,180.0,201.0348243821616,False,552.5193936076179,0.0,4,0,0.0,0
269,107324,185.0,211.22720556478174,False,616.7313950581248,0.0,0,0,0.0,0
142,25533613,205.0,210.03819775371306,False,609.2406458483921,0.0,1,0,0.0,0
170,10845640242,220.0,236.4498765268009,False,775.6342221188457,0.0,1,0,0.0,0
67,14017207475,230.0,233.25478348422055,False,755.5051359505891,0.0,2,0,0.0,0
151,1614926348,235.0,231.232497416476,False,742.7647337237985,235.0,3,18,29.446106344166907,9
28,9512926,245.0,220.5413901475373,True,675.4107579294847,5.0,1,0,0.13179814308201415,0
54,823745,250.0,250.8016942574963,False,866.0506738222268,0.0,3,0,0.0,0
59,9512930,255.0,245.65434868649027,True,833.6223967248883,0.0,3,0,0.0,0
55,2191588310,260.0,251.2893693182521,True,869.1230267049884,0.0,2,0,0.0,0
248,25496592,265.0,260.26240592605285,False,925.6531573341324,0.0,1,0,0.0,0
86,13349587,265.0,261.8117229829953,False,935.4138547928703,0.0,4,0,0.0,0
33,102041,270.0,260.41473604611974,True,926.6128370905543,0.0,4,0,0.0,0
62,1666324140,270.0,261.2993052070825,True,932.1856228046192,0.0,2,0,0.0,0
210,2441998875,270.0,257.65858149775386,True,909.2490634358487,0.0,3,0,0.0,0
127,11052055754,275.0,270.2827473497652,False,988.7813083035203,0.0,2,0,0.0,0
75,25532840,280.0,265.74797336109833,True,960.2122321749193,0.0,1,0,0.0,0
2,25500900,280.0,255.1045461563321,True,893.1586407848927,30.0,3,0,0.9857276171429512,0
57,21651908,280.0,266.8581756814212,True,967.2065067929532,0.0,3,0,0.0,0
119,25476020,290.0,234.19702651528354,True,761.4412670462857,35.0,1,2,1.6489723810122956,0
41,1616122237,290.0,262.10253356490153,True,937.2459614588792,0.0,3,0,0.0,0
180,3733175891,290.0,267.47515967824336,True,971.0935059729328,0.0,3,0,0.0,0
251,21590630,295.0,283.3185733578324,True,1070.9070121543446,0.0,3,0,0.0,0
273,25714232,305.0,287.74968750410886,True,1098.8230312758856,0.0,3,0,0.0,0
216,1614926348,310.0,224.33399297447926,True,699.3041557392193,310.0,1,24,40.37488015680581,9
59,25544136,55.0,138.7776877870252,False,160.29943305825878,0.0,0,0,0.0,0
60,21665719,315.0,287.46842574628795,True,1097.051082201614,0.0,4,0,0.0,0
84,333650017,320.0,291.22389534688836,True,1120.7105406853966,0.0,4,0,0.0,0
76,2450775063,325.0,296.6609301375009,True,1154.9638598662555,0.0,2,0,0.0,0
123,25375976,345.0,313.5376045383864,True,1261.2869085918335,0.0,1,0,0.0,0
249,281454988,170.0,204.37407364353697,False,573.5566639542827,0.0,2,0,0.0,0
200,1614926348,225.0,193.23447092304943,True,503.3771668152114,225.0,0,19,22.18861562811161,4
29,9512930,345.0,304.3371861032212,True,1203.3242724502927,0.0,4,0,0.0,0
240,9791487,350.0,299.2732614811794,True,1171.42154733143,0.0,3,0,0.0,0
169,1666324108,355.0,315.17760592544516,True,1271.6189173303046,0.0,2,0,0.0,0
94,380494808,355.0,300.57122372077333,True,1179.598709440872,0.0,5,0,0.0,0
122,4431563564,360.0,322.03637186171346,True,1314.829142728795,0.0,1,0,0.0,0
34,12437379708,365.0,305.90822762574754,True,1213.2218340422087,0.0,3,0,0.0,0
21,9698077954,375.0,331.3781899771276,True,1373.6825968559042,0.0,1,0,0.0,0
40,2941537158,375.0,313.90573720426136,True,1263.6061443868468,20.0,3,0,0.0,0
11,3810553686,380.0,334.6155160598497,True,1394.0777511770536,0.0,2,0,0.0,0
164,2564873525,380.0,302.20131005262095,True,1189.8682533315123,30.0,5,1,1.4240693524417902,0
126,26652357,385.0,314.93712628805446,True,1270.1038956147427,10.0,3,0,0.14251724377182345,0
226,12292980260,385.0,330.1533525054818,True,1365.9661207845354,0.0,6,0,0.0,0
284,1614978621,390.0,337.9103818228614,True,1414.835405484026,0.0,5,0,0.0,0
254,734320209,405.0,342.005149404351,True,1440.632441247412,0.0,4,0,0.0,0
233,5393414954,405.0,339.42173414854057,True,1424.3569251358053,0.0,2,0,0.0,0
95,12031865281,410.0,335.4593041002441,True,1399.3936158315378,0.0,6,0,0.0,0
162,25476020,415.0,315.00480572739644,True,1270.5302760825975,35.0,3,2,1.6489723810122956,0
40,5458472046,35.0,128.78604545385232,False,97.35208635926942,0.0,0,0,0.0,0
253,669891669,415.0,343.74859501085473,True,1451.6161485683856,0.0,5,0,0.0,0
220,1614926348,420.0,285.95431441557224,True,1087.512180818105,420.0,8,27,42.31071294360865,9
154,107319,420.0,348.50505969808216,True,1481.5818760979187,0.0,3,0,0.0,0
285,25476020,425.0,319.1478810575124,True,1296.6316506623282,35.0,5,2,1.6489723810122956,0
214,25500807,425.0,352.48918833412233,True,1506.6818865049706,0.0,2,0,0.0,0
161,10572785,425.0,342.38272440854206,True,1443.0111637738146,0.0,4,0,0.0,0
71,107863,430.0,362.72391990837275,True,1571.1606954227484,0.0,4,0,0.0,0
67,8972731452,195.0,219.18423716861835,False,666.8606941622953,0.0,7,0,0.0,0
125,7944696977,435.0,360.1271940138066,True,1554.801322286982,0.0,3,0,0.0,0
46,9512922,435.0,362.61636522641726,True,1570.4831009264285,0.0,5,0,0.0,0
136,362575111,440.0,361.58481495261725,True,1563.984334201489,0.0,5,0,0.0,0
32,25500900,255.0,256.3246727709602,False,900.8454384570489,0.0,3,0,0.0,0
6,12422012434,445.0,361.0407181422425,True,1560.5565242961284,10.0,4,0,0.5311280022121848,0
118,454373621,450.0,361.27218952319714,True,1562.0147939961407,0.0,2,0,0.0,0
42,9475528,450.0,367.85649295870274,True,1603.4959056398282,10.0,5,0,0.26638251366120214,0
174,11052055761,455.0,351.7218915481022,True,1501.847916753043,0.0,5,0,0.0,0
89,5393414954,455.0,333.08452378491023,True,1384.432499844933,0.0,9,0,0.0,0
246,25257026,460.0,366.2110359884922,True,1593.1295267275016,0.0,2,0,0.0,0
191,972535469,460.0,375.4096258781261,True,1651.0806430321948,0.0,4,0,0.0,0
100,21665582,460.0,370.1565883819114,True,1617.9865068060421,0.0,4,0,0.0,0
197,5932856691,460.0,341.9930035700359,True,1440.555922491226,0.0,7,0,0.0,0
14,9512933,465.0,347.8573045548333,True,1477.5010186954496,65.0,5,3,2.4805011331138433,0
8,1667203543,465.0,362.9741240812708,True,1572.7369817120073,0.0,3,0,0.0,0
160,26652351,465.0,375.1171567351021,True,1649.2380874311425,15.0,8,0,0.0,0
172,5630569824,470.0,375.80430533385464,True,1653.5671236032836,0.0,5,0,0.0,0
113,1938580050,470.0,346.4687973821609,True,1468.7534235076143,70.0,4,1,0.9126130640200064,0
207,21651908,475.0,356.6089204087718,True,1532.636198575262,5.0,3,0,0.10057205386908027,0
101,255578,475.0,389.1825804628319,True,1737.8502569158418,0.0,6,0,0.0,0
103,25496788,480.0,359.49246808809875,True,1550.8025489550232,0.0,2,0,0.0,0
221,333670399,480.0,379.5352780505893,True,1677.0722517187128,0.0,6,0,0.0,0
163,1938580083,480.0,388.41094779017624,True,1732.9889710781106,0.0,6,0,0.0,0
44,25533578,485.0,389.3504287969921,True,1738.9077014210502,0.0,2,0,0.0,0
17,5922202130,490.0,389.1098613048768,True,1737.3921262207239,0.0,6,0,0.0,0
258,25496592,495.0,409.26266908833776,True,1864.3548152565277,0.0,4,0,0.0,0
198,25473373,500.0,354.0913289364804,True,1516.7753722998264,30.0,6,0,0.8023155200022993,0
90,9512940,500.0,350.2988589286946,True,1492.8828112507758,15.0,4,1,0.7966920033182772,0
12,370711678,500.0,406.89663377784717,True,1849.4487928004366,0.0,5,0,0.0,0
88,25472873,500.0,393.14610346292955,True,1762.8204518164562,0.0,5,0,0.0,0
274,25256620,500.0,402.5180225162075,True,1821.8635418521076,0.0,8,0,0.0,0
107,108061,500.0,389.54744977710953,True,1740.1489335957908,0.0,0,0,0.0,0
158,2833448424,505.0,407.07486020648656,True,1850.5716193008657,0.0,5,0,0.0,0
116,1614926348,505.0,334.36021177047377,True,1392.4693341539846,505.0,8,39,50.66152968230946,9
202,25500809,505.0,406.29322470186423,True,1845.6473156217444,0.0,2,0,0.0,0
256,3442281746,510.0,404.57066849961063,True,1834.7952115475464,0.0,4,0,0.0,0
182,11863161,515.0,408.75824387792625,True,1861.1769364309357,0.0,5,0,0.0,0
217,1497135177,520.0,416.9782470688586,True,1912.9629565338087,0.0,4,0,0.0,0
230,4806698077,520.0,415.865161491593,True,1905.950517397036,0.0,6,0,0.0,0
204,1612319349,530.0,400.4166407547137,True,1808.6248367546962,0.0,10,0,0.0,0
175,6801479201,530.0,422.17342518704766,True,1945.692578678401,0.0,3,0,0.0,0
219,1667203543,535.0,410.42620509843294,True,1871.6850921201278,0.0,7,0,0.0,0
10,972535572,540.0,418.24051513118155,True,1920.915245326445,0.0,8,0,0.0,0
53,701608618,540.0,403.90501491922925,True,1830.6015939911447,15.0,6,0,0.0,0
98,454373621,545.0,429.47642637961394,True,1991.7014861915686,0.0,1,0,0.0,0
293,4249404271,545.0,422.16504977066523,True,1945.6398135551906,0.0,3,0,0.0,0
214,25533613,120.0,173.81749212794335,False,381.050200406043,0.0,1,0,0.0,0
70,14017207476,555.0,432.94251425059826,True,2013.5378397787692,0.0,11,0,0.0,0
151,25500900,315.0,282.5434057981283,True,1066.023456528208,0.0,5,0,0.0,0
288,14017207475,555.0,440.82602832413454,True,2063.2039784420476,0.0,7,0,0.0,0
64,1607738730,555.0,426.53439082593405,True,1973.1666622033827,0.0,4,0,0.0,0
127,26591526,280.0,271.0560160597841,True,993.6529011766395,0.0,1,0,0.0,0
200,822403,210.0,226.21331046687027,False,711.1438559412829,0.0,1,0,0.0,0
259,25498827,565.0,447.39797199312864,True,2104.6072235567103,0.0,6,0,0.0,0
185,25378129,565.0,421.9384392036253,True,1944.2121669828398,0.0,4,0,0.0,0
196,12839778767,565.0,447.27991838578305,True,2103.8634858304345,0.0,5,0,0.0,0
231,1612472593,570.0,427.03423772881007,True,1976.3156976915034,0.0,6,0,0.0,0
153,496813005,575.0,416.14852719820016,True,1907.7357213486612,35.0,6,1,1.296379161276535,0
292,25530236,575.0,419.6105637315567,True,1929.546551508807,10.0,8,0,0.14251724377182345,0
183,5932959891,580.0,433.97280647666173,True,2020.028680802969,15.0,5,1,0.7111766924371102,0
286,358992920,585.0,451.4228128891958,True,2129.9637212019334,0.0,6,0,0.0,0
108,1684410076,585.0,453.0638624559549,True,2140.302333472516,0.0,12,0,0.0,0
250,25532841,590.0,422.07912513357843,True,1945.0984883415429,0.0,3,0,0.0,0
252,333719185,590.0,455.7246438734977,True,2157.065256403036,0.0,10,0,0.0,0
227,333719185,590.0,446.5740566345546,True,2099.416556797693,0.0,5,0,0.0,0
51,11329900032,595.0,425.85348377958263,True,1968.8769478113707,0.0,8,0,0.0,0
134,108903,595.0,429.24697683281033,True,1990.2559540467062,35.0,7,2,1.3356544562920694,0
236,6943758097,595.0,447.18293074568476,True,2103.2524636978146,0.0,6,0,0.0,0
213,1106056866,595.0,453.8718263907361,True,2145.3925062616386,0.0,7,0,0.0,0
27,25257028,605.0,454.28989849666783,True,2148.026360529007,0.0,2,0,0.0,0
67,102000,170.0,204.37873327445408,False,573.5860196290604,0.0,2,0,0.0,0
244,9791489,605.0,468.4295817475213,True,2237.1063650093824,0.0,6,0,0.0,0
66,25532844,605.0,446.9786047286922,True,2101.9652097907615,0.0,2,0,0.0,0
91,11747202443,610.0,456.80087379642606,True,2163.8455049174845,0.0,6,0,0.0,0
73,25503707,610.0,421.94003512784354,True,1944.222221305414,35.0,4,0,0.4996761332961449,0
97,25544126,610.0,423.50538708655137,True,1954.0839386452742,15.0,9,0,0.7966920033182772,0
69,4249404285,615.0,453.01880653179524,True,2140.0184811503104,0.0,9,0,0.0,0
242,300501017,620.0,469.9840278721173,True,2246.8993755943384,0.0,5,0,0.0,0
24,2587253639,625.0,464.38868201598154,True,2211.648696700684,0.0,9,0,0.0,0
199,9167793401,625.0,441.3900311550506,True,2066.7571962768184,0.0,5,0,0.0,0
176,12765771304,630.0,448.8060883860693,True,2113.4783568322364,10.0,4,0,0.14251724377182345,0
179,1614926348,630.0,411.28443256810766,True,1877.091925179078,630.0,3,30,45.6794216897286,9
206,1614926348,630.0,387.2526884324779,True,1725.691937124612,630.0,5,22,44.33395683263791,9
28,351788581,385.0,334.15797023708967,True,1391.1952124936654,0.0,4,0,0.0,0
33,6319748554,360.0,284.73379473606326,True,1079.8229068371986,50.0,2,0,0.7138230475659213,0
265,60728181,640.0,491.0414085313428,True,2379.560873747459,0.0,8,0,0.0,0
216,11618689213,325.0,294.97725288759966,True,1144.356693191877,0.0,2,0,0.0,0
225,9791487,645.0,476.96025609588276,True,2290.849613404063,0.0,3,0,0.0,0
84,108045,320.0,291.6173644605181,True,1123.1893961012643,0.0,5,0,0.0,0
80,9789814,655.0,502.5510579871991,True,2452.071665319356,0.0,7,0,0.0,0
112,21665361,655.0,488.0011436264806,True,2360.4072048468274,0.0,8,0,0.0,0
106,27502435,655.0,462.64273725186194,True,2200.64924468673,0.0,7,0,0.0,0
245,1115431333,660.0,492.0978547601631,True,2386.216484989027,0.0,6,0,0.0,0
43,2440630566,660.0,469.9275964608235,True,2246.543857703186,45.0,9,1,0.6424407428093292,0
9,11863147,660.0,497.98255991111694,True,2423.290127440036,0.0,10,0,0.0,0
65,7223704403,660.0,484.11832148308827,True,2335.945425343458,25.0,7,1,0.8653699154090362,0
122,108045,300.0,282.5282943596972,True,1065.928254466092,0.0,6,0,0.0,0
165,21665911,670.0,437.7525597447603,True,2043.8411263919902,35.0,3,1,0.704004377083562,0
81,110004,670.0,474.5107506159893,True,2275.417728880733,0.0,10,0,0.0,0
149,107319,670.0,419.7419804174996,True,1930.3744766302493,170.0,9,1,2.2163460126200154,0
186,21533908,670.0,459.31290143125767,True,2179.6712790169236,65.0,4,3,2.1936369964623643,0
29,25473616,325.0,289.72987979324546,True,1111.298242697446,0.0,4,0,0.0,0
104,108040,675.0,514.7919265095944,True,2529.1891370104454,0.0,8,0,0.0,0
272,108258,675.0,434.98934401163393,True,2026.4328672732931,60.0,4,1,0.8857774061915937,0
119,26699549,380.0,314.91411397033454,True,1269.9589180131074,45.0,5,3,1.7172700152326605,0
194,25256289,680.0,488.15367559601805,True,2361.368156254913,0.0,4,0,0.0,0
63,9791490,680.0,495.43880237827807,True,2407.264454983154,0.0,4,0,0.0,0
47,1614978621,685.0,510.20375024938255,True,2500.283626571112,0.0,7,0,0.0,0
275,26845543,690.0,497.2919786998541,True,2418.93946580908,0.0,12,0,0.0,0
157,5518619474,690.0,511.70687950916965,True,2509.7533409077673,15.0,6,0,0.5566549893739814,0
20,7787603288,695.0,482.33014634414053,True,2324.6799219680825,0.0,1,0,0.0,0
76,380494808,365.0,320.3329802386448,True,1304.097775503462,0.0,3,0,0.0,0
213,6521839583,95.0,160.5287553949003,False,297.3311589878716,0.0,0,0,0.0,0
16,6985146853,705.0,522.7494020052494,True,2579.3212326330704,0.0,6,0,0.0,0
292,10579262899,125.0,178.69512029698242,False,411.779257870989,0.0,0,0,0.0,0
147,699729408,595.0,447.48562586006256,True,2105.1594429183947,15.0,5,0,0.0,0
148,503556078,710.0,518.9847317717507,True,2555.603810162031,20.0,8,0,0.0,0
102,26699549,715.0,490.6351777105015,True,2377.0016195761605,65.0,5,1,2.3609519755294595,0
241,26652117,715.0,531.5460051803294,True,2634.739832636076,0.0,9,0,0.0,0
129,25476041,715.0,499.495904748683,True,2432.824199916702,30.0,6,0,1.3494181714230327,0
52,1678452778,715.0,535.0826515242885,True,2657.020704603018,0.0,7,0,0.0,0
277,25503707,720.0,521.8045874697328,True,2573.3689010593175,0.0,6,0,0.0,0
156,102031,720.0,519.1450778219647,True,2556.6139902783766,0.0,8,0,0.0,0
115,25473260,720.0,516.7853632128351,True,2541.7477882408634,0.0,13,0,0.0,0
138,25501773,725.0,495.2488655529174,True,2406.0678529833804,10.0,12,0,0.16377368708554538,0
229,110031,725.0,527.0373918354913,True,2606.3355685635956,0.0,6,0,0.0,0
117,21665585,730.0,541.6229061170962,True,2698.2243085377045,0.0,11,0,0.0,0
2,3733175891,445.0,373.5958562738623,True,1639.6538945253328,0.0,6,0,0.0,0
34,11175085828,365.0,318.32771773216473,True,1291.4646217126374,0.0,4,0,0.0,0
18,1938580083,735.0,493.4416428375756,True,2394.682349876727,35.0,10,1,0.704004377083562,0
220,452589682,310.0,286.314603720692,True,1089.7820034403594,0.0,3,0,0.0,0
99,107320,735.0,535.4683038580667,True,2659.4503143058214,0.0,8,0,0.0,0
290,25533578,735.0,534.1699917472133,True,2651.270948007442,0.0,11,0,0.0,0
144,1614926348,735.0,422.7771403896582,True,1949.4959844548475,735.0,7,38,50.68856321485145,9
166,3567188665,740.0,541.1132227314555,True,2695.0133032081717,0.0,6,0,0.0,0
215,26652119,740.0,550.4231085626743,True,2753.6655839448485,0.0,5,0,0.0,0
291,12650816262,740.0,504.7389103105601,True,2465.855134956529,15.0,7,0,0.0,0
278,108045,740.0,544.8578657154329,True,2718.604554007225,0.0,8,0,0.0,0
80,25505558,90.0,159.1437014761774,False,288.6053192999175,0.0,0,0,0.0,0
180,454212847,455.0,377.0692998925859,True,1661.5365893232906,0.0,5,0,0.0,0
57,1678452742,470.0,383.57471819858404,True,1702.5207246510804,10.0,5,0,0.0,0
198,2191480791,250.0,249.92950505437938,False,860.55588184259,0.0,0,0,0.0,0
133,25471086,755.0,518.2033409729877,True,2550.681048129822,15.0,10,2,0.7966920033182772,0
11,107809,370.0,322.6353201258572,True,1318.6025167929006,0.0,6,0,0.0,0
266,25501328,755.0,498.4821861673607,True,2426.4377728543727,30.0,10,0,0.8023155200022993,0
285,25472758,325.0,297.20244540278935,True,1158.3754060375732,0.0,4,0,0.0,0
96,1685938740,760.0,560.4792430549145,True,2817.0192312459653,0.0,12,0,0.0,0
114,2941537163,760.0,544.9898176058471,True,2719.4358509168333,20.0,10,0,0.0,0
262,107797,765.0,551.4762834050972,True,2760.3005854521125,0.0,9,0,0.0,0
77,4784457213,765.0,561.4094335270469,True,2822.879431220392,0.0,9,0,0.0,0
15,844784035,770.0,483.0829348320384,True,2329.4224894418403,280.0,8,0,0.0,0
72,452486132,775.0,562.9698463767555,True,2832.71003217356,0.0,7,0,0.0,0
203,3552338823,775.0,512.3193426555498,True,2513.6118587299634,90.0,5,0,0.9451367283444907,0
25,9791152,775.0,575.3464904126141,True,2910.6828895994677,0.0,16,0,0.0,0
201,25495442,775.0,534.7491437514645,True,2654.9196056342253,5.0,9,0,0.10517948717948718,0
5,2191480791,780.0,563.9398139978648,True,2838.8208281865454,0.0,13,0,0.0,0
283,8784101792,780.0,498.4492523312474,True,2426.230289686855,75.0,7,2,1.5390901421698018,0
35,6089552096,785.0,562.5374740873452,True,2829.986086750277,0.0,9,0,0.0,0
111,109391,785.0,564.6425768875092,True,2843.2482343913102,0.0,9,0,0.0,0
130,25497892,785.0,510.8113372471216,True,2504.111424656866,65.0,5,1,1.353850142969924,0
85,1614926348,785.0,483.1646808564468,True,2329.9374893956174,785.0,14,38,46.77682101645288,9
210,6169637661,515.0,365.23529069034674,True,1586.982331349184,35.0,9,1,0.45809302325581414,0
260,1678452766,790.0,546.4764324385795,True,2728.80152436305,0.0,9,0,0.0,0
187,25257324,795.0,580.2951458760095,True,2941.8594190188614,0.0,15,0,0.0,0
222,292252720,795.0,569.1508659106074,True,2871.6504552368265,0.0,9,0,0.0,0
195,4956890447,795.0,585.3635506078298,True,2973.790368829327,0.0,11,0,0.0,0
61,25531001,800.0,583.5882349825289,True,2962.60588038993,0.0,19,0,0.0,0
31,9791497,800.0,533.9140910093712,True,2649.6587733590372,10.0,8,1,0.16377368708554538,0
239,338501923,800.0,580.1383389335119,True,2940.871535281127,0.0,18,0,0.0,0
13,2919558521,805.0,549.3561563661146,True,2746.943785106519,70.0,4,1,2.4322105974153714,0
1,9371260474,805.0,562.92674086447,True,2832.4384674461603,0.0,5,0,0.0,0
280,21665581,805.0,557.4778295327495,True,2798.1103260563195,0.0,5,0,0.0,0
261,25473217,810.0,573.8098335092677,True,2901.0019511083838,0.0,8,0,0.0,0
214,25532843,255.0,250.15842728320598,False,861.9980918841977,0.0,2,0,0.0,0
139,1614846678,810.0,534.1604240289295,True,2651.2106713822536,0.0,7,0,0.0,0
79,2214979335,815.0,571.3641735389848,True,2885.5942932956054,0.0,13,0,0.0,0
159,21665912,820.0,545.0925760604376,True,2720.083229180754,35.0,3,1,0.704004377083562,0
189,107860,820.0,575.1709379054188,True,2909.576908804137,0.0,7,0,0.0,0
276,1614926339,820.0,480.4973175130956,True,2313.133100332503,245.0,9,11,11.229480448663134,0
4,846861643,825.0,585.0388073290691,True,2971.744486173134,0.0,7,0,0.0,0
243,11135307178,830.0,583.1815720459251,True,2960.043903889324,0.0,3,0,0.0,0
279,8094426714,830.0,555.0039592724697,True,2782.524943416558,35.0,12,0,0.704004377083562,0
78,8253476912,830.0,587.5548904641282,True,2987.595809924012,15.0,14,0,0.0,0
217,5393414954,305.0,269.1601934626762,True,981.7092188148605,15.0,8,0,0.0,0
120,9921844608,835.0,589.494023828638,True,2999.8123501204154,0.0,6,0,0.0,0
36,9512935,845.0,579.7428619442845,True,2938.3800302489904,0.0,3,0,0.0,0
20,5011388934,145.0,184.12390172230133,False,445.98058085049826,0.0,1,0,0.0,0
181,293294720,850.0,584.965400647284,True,2971.2820240778924,0.0,10,0,0.0,0
110,26699545,855.0,598.680934264724,True,3057.6898858677637,5.0,13,0,0.07125862188591173,0
190,1933585943,730.0,498.3188498859464,True,2425.408754281463,60.0,5,1,1.2068646464289632,0
192,4712556876,860.0,603.772970937899,True,3089.7697169087633,5.0,13,0,0.13179814308201415,0
184,9791156,865.0,557.3672130906366,True,2797.413442471013,40.0,9,1,1.3782660048193076,0
228,1678452758,875.0,568.0896349013934,True,2864.964699878779,0.0,5,0,0.0,0
168,1620855375,880.0,589.0091301697579,True,2996.757520069474,15.0,5,0,0.34236123509447813,0
263,25257793,880.0,623.4476768662563,True,3213.720364257416,0.0,13,0,0.0,0
75,9791487,600.0,457.56969088979145,True,2168.6890526056845,0.0,5,0,0.0,0
135,12031865281,885.0,518.8254850978328,True,2554.6005561163465,205.0,6,6,2.6726525446300187,0
39,26559368,885.0,631.3349987444016,True,3263.4104920897275,0.0,15,0,0.0,0
82,6521923987,890.0,580.6277375000265,True,2943.9547462501696,80.0,2,1,0.840121536306214,0
255,25496788,890.0,584.5116215921577,True,2968.4232160305896,0.0,5,0,0.0,0
8,1614926348,420.0,347.02534385087426,True,1472.2596662605074,420.0,7,11,18.17994295066832,4
24,1635864532,265.0,259.74041940866715,True,922.3646422746025,0.0,4,0,0.0,0
45,1614926348,895.0,536.5843774671105,True,2666.4815780427953,895.0,12,33,52.31581728639785,9
56,102025,895.0,598.2827223953907,True,3055.1811510909615,0.0,4,0,0.0,0
240,21590614,545.0,418.5243174811059,True,1922.7032001309667,0.0,2,0,0.0,0
251,11135307178,600.0,470.11554437608953,True,2247.727929569363,0.0,4,0,0.0,0
58,6169637661,905.0,589.8770549578968,True,3002.22544623475,0.0,6,0,0.0,0
254,6940295978,495.0,395.02133012622505,True,1774.6343797952188,0.0,3,0,0.0,0
230,9515379,385.0,317.0499580234267,True,1283.4147355475884,0.0,2,0,0.0,0
146,1614926348,910.0,555.6540747782063,True,2786.620671102702,910.0,8,42,56.370035925459,9
49,25474295,910.0,620.6124965611547,True,3195.858728335272,0.0,8,0,0.0,0
92,11329900032,910.0,605.7835029597572,True,3102.436068646475,0.0,8,0,0.0,0
211,108258,915.0,579.1895824838396,True,2934.894369648189,90.0,17,2,1.3140712347311467,0
270,108896,915.0,604.4294688958183,True,3093.9056540436563,75.0,8,2,1.0707345713488818,0
256,5932856688,400.0,340.317724697033,True,1430.001665591307,0.0,3,0,0.0,0
55,289996665,650.0,471.79666550810975,True,2258.3189927010917,0.0,5,0,0.0,0
269,107349,730.0,534.0166841560278,True,2650.3051101829733,0.0,8,0,0.0,0
86,25257321,655.0,402.0585950991646,True,1818.9691491247393,235.0,5,3,3.10444541265508,0
126,25714232,540.0,419.6168031510488,True,1929.5858598516081,0.0,6,0,0.0,0
236,107786,330.0,284.82140802815326,True,1080.374870577366,0.0,2,0,0.0,0
288,1614926348,375.0,325.66446410530625,True,1337.686123863429,375.0,5,20,22.928463417977106,4
93,25473260,935.0,620.2427609697979,True,3193.529394109728,0.0,9,0,0.0,0
144,338504649,200.0,219.87820880187007,False,671.2327154517812,0.0,1,0,0.0,0
219,25257043,405.0,330.0666595422388,True,1365.4199551161043,0.0,5,0,0.0,0
70,9791156,385.0,333.2331142488667,True,1385.3686197678612,0.0,5,0,0.0,0
51,1614926348,350.0,303.925134749102,True,1200.7283489193426,350.0,5,24,34.50245005532549,7
264,9770373583,950.0,679.0087010406043,True,3563.754816555807,0.0,11,0,0.0,0
158,108059,445.0,341.4465905740669,True,1437.113520616621,20.0,2,0,0.0,0
238,21665135,955.0,561.3578418474242,True,2822.5544036387737,250.0,9,2,4.13917484598873,0
85,255562,165.0,188.2262845267457,False,471.82559251849773,0.0,0,0,0.0,0
268,109832,960.0,653.1315789536122,True,3400.728947407757,0.0,15,0,0.0,0
23,281455009,960.0,612.5090225789887,True,3144.8068422476254,35.0,12,0,0.704004377083562,0
165,4397152731,285.0,272.7727187026112,True,1004.4681278264505,0.0,2,0,0.0,0
252,1115431333,375.0,325.7833470757315,True,1338.4350865771082,0.0,3,0,0.0,0
37,1614926348,980.0,597.1247386437127,True,3047.8858534553874,980.0,12,45,57.23713984260965,9
7,9398043798,980.0,682.3041606075324,True,3584.516211827453,0.0,11,0,0.0,0
209,4347844132,820.0,565.8129399834544,True,2850.621521895763,30.0,12,0,0.0,0
137,1700140657,1000.0,607.0949956900878,True,3110.6984728475486,200.0,12,1,2.607465897200018,0
40,30514517,580.0,438.54334817756376,True,2048.8230935186525,0.0,8,0,0.0,0
34,1611022413,265.0,259.9200513647271,True,923.4963235977806,0.0,3,0,0.0,0
46,12346819547,565.0,446.2122977515834,True,2097.1374758349752,0.0,4,0,0.0,0
107,3552338823,500.0,373.5015248035457,True,1639.0596062623372,0.0,3,0,0.0,0
182,21665926,485.0,387.66039245708106,True,1728.2604724796104,0.0,7,0,0.0,0
30,102020,1010.0,698.7901797629278,True,3688.3781325064497,0.0,11,0,0.0,0
6,7737133469,560.0,329.26400250882926,True,1360.3632158056255,290.0,2,6,3.0454405691100246,0
170,10365737,790.0,569.4545873470787,True,2873.5639002865946,0.0,10,0,0.0,0
200,25472873,450.0,368.35649903753495,True,1606.645943936471,0.0,3,0,0.0,0
287,25497435,900.0,599.8342978018466,True,3064.956076151634,0.0,12,0,0.0,0
258,3887905014,520.0,386.90181141658775,True,1723.4814119245034,0.0,4,0,0.0,0
105,1106056863,1020.0,710.2709780498325,True,3760.707161713945,0.0,8,0,0.0,0
152,251347512,1020.0,688.3818644530276,True,3622.8057460540726,0.0,16,0,0.0,0
109,107860,1025.0,640.1831444097118,True,3319.1538097811863,155.0,12,4,1.6277354765932892,0
225,25496892,380.0,304.3010055229479,True,1203.0963347945712,0.0,3,0,0.0,0
249,7223704403,680.0,507.0946152176548,True,2480.6960758712257,0.0,4,0,0.0,0
26,271945198,1030.0,703.2914220797257,True,3716.73595910227,30.0,10,0,0.0,0
191,9054849009,570.0,431.18559109959347,True,2002.4692239274395,0.0,3,0,0.0,0
171,2354994932,1045.0,720.2068304113075,True,3823.3030315912356,0.0,7,0,0.0,0
15,2441998875,270.0,250.0278441588505,True,861.1754182007581,0.0,4,0,0.0,0
277,1614926348,320.0,286.0414450096377,True,1088.0611035607174,320.0,1,15,21.8765308878765,4
150,107742,1050.0,647.0766899878764,True,3362.5831469236227,290.0,8,0,0.0,0
207,25626801,570.0,437.9915067214688,True,2045.3464923452534,0.0,3,0,0.0,0
282,9698077947,1055.0,723.3943335832435,True,3843.3843015744346,0.0,16,0,0.0,0
199,380494808,425.0,344.26968415560975,True,1454.899010180342,0.0,3,0,0.0,0
100,25473217,595.0,434.3033950285549,True,2022.1113886798967,10.0,5,0,0.14276460951318426,0
214,2557051152,245.0,242.668473705822,False,814.8113843466786,0.0,1,0,0.0,0
229,1684410125,330.0,296.9421219968871,True,1156.7353685803894,0.0,1,0,0.0,0
14,25257402,600.0,450.34642386912014,True,2123.182470375457,0.0,9,0,0.0,0
227,25474562,475.0,385.04955754752143,True,1711.8122125493844,0.0,5,0,0.0,0
76,109838,375.0,326.16616116568713,True,1340.8468153438293,0.0,2,0,0.0,0
121,109836,1075.0,667.6606963038734,True,3492.2623867143984,100.0,9,0,2.010191184180345,0
128,26651413,1075.0,724.97251385181,True,3853.326837266405,20.0,13,0,0.0,0
68,2089584869,1075.0,713.8800840813161,True,3783.444529712287,5.0,8,0,0.04553243881425672,0
49,108045,165.0,195.95597879765032,False,520.5226664251969,0.0,0,0,0.0,0
16,294651409,370.0,318.61635999123985,True,1293.2830679448111,0.0,3,0,0.0,0
222,185620630,285.0,269.4637354400716,True,983.6215332724508,0.0,1,0,0.0,0
103,12198369,600.0,451.1653436397285,True,2128.341664930291,0.0,12,0,0.0,0
205,3479117427,1085.0,656.5408962574445,True,3422.2076464219,235.0,6,0,0.0,0
41,273194,795.0,568.2228632409648,True,2865.8040384180754,0.0,11,0,0.0,0
124,107742,1095.0,719.1457517780148,True,3816.6182362014893,5.0,4,0,0.04553243881425672,0
216,4222962185,450.0,349.20466615311096,True,1485.9893967645987,15.0,3,0,0.2141469142697764,0
83,27503587,1095.0,769.8144349379888,True,4135.830940109326,0.0,15,0,0.0,0
269,9512908,175.0,203.95953087009602,False,570.9450444816049,0.0,1,0,0.0,0
275,9791495,405.0,338.93266844882896,True,1421.2758112276217,0.0,6,0,0.0,0
208,2919558521,1100.0,636.0228369365072,True,3292.943872699992,300.0,11,7,3.1504557611483013,0
134,8972731452,505.0,400.8250627594495,True,1811.1978953845332,0.0,5,0,0.0,0
178,21665000,990.0,533.9529427331805,True,2649.903539219035,420.0,3,5,7.1553776535984905,0
32,3560950179,660.0,466.4444561550923,True,2224.600073777083,0.0,5,0,0.0,0
186,1614926348,430.0,335.3358498157946,True,1398.6158538395061,430.0,7,20,26.620201002346363,4
284,9512926,710.0,489.4539338522842,True,2369.5597832693893,60.0,4,2,2.602575340583762,0
281,12159581182,1110.0,731.3148395499869,True,3893.2834891649145,5.0,9,0,0.16428793619049187,0
223,1614926348,1115.0,620.567799381139,True,3195.5771361011757,1115.0,11,43,63.89268135755788,9
274,25498827,615.0,457.85932931077883,True,2170.513774657906,0.0,10,0,0.0,0
141,1843348270,1120.0,673.2672856124066,True,3527.5838993581574,280.0,12,2,2.940425377071748,0
175,107780,590.0,444.9374316532503,True,2089.1058194154766,0.0,5,0,0.0,0
50,275424,1125.0,740.7242788446032,True,3952.562956721,0.0,5,0,0.0,0
48,499122580,1130.0,664.6893159069389,True,3473.542690213717,275.0,7,5,4.6250794421366805,0
156,383974166,410.0,344.33062813609365,True,1455.2829572573899,0.0,6,0,0.0,0
22,25257039,1140.0,648.6260501170584,True,3372.344115737456,340.0,11,4,3.570516529301408,0
125,107860,700.0,481.2231604720753,True,2317.7059109740744,10.0,8,0,0.17041603406153824,0
188,104315,1140.0,758.7719775300318,True,4066.2634584392,0.0,9,0,0.0,0
104,8146829426,465.0,374.9789152608751,True,1648.3671661435137,0.0,4,0,0.0,0
77,823745,380.0,320.7824212908539,True,1306.9292541323796,0.0,3,0,0.0,0
210,25522907,355.0,308.0084971035016,True,1226.4535317520606,0.0,2,0,0.0,0
255,25375955,255.0,252.69934398276354,False,878.00586709141,0.0,1,0,0.0,0
198,9931305335,395.0,324.42898807598027,True,1329.9026248786756,0.0,1,0,0.0,0
57,5393414954,395.0,326.48647454874055,True,1342.8647896570649,0.0,6,0,0.0,0
118,1614926348,710.0,509.38457962220855,True,2495.122851619914,710.0,6,25,29.684680507061064,4
78,294651404,330.0,291.49462938110383,True,1122.416165100954,0.0,6,0,0.0,0
64,1614926348,605.0,449.60588620544746,True,2118.5170830943175,605.0,5,14,21.114711475050985,4
193,107860,1165.0,765.228669277226,True,4106.940616446521,15.0,19,0,0.19555994229000134,0
271,25534084,1165.0,799.3531386097958,True,4321.924773241717,0.0,15,0,0.0,0
28,108045,530.0,413.47565045952376,True,1890.8965978950005,15.0,7,0,0.0,0
140,1614926348,1180.0,639.1430779506701,True,3312.601391089227,1180.0,9,48,61.770505653327525,9
91,1614926348,570.0,445.8363991290282,True,2094.769314512878,570.0,10,26,37.28922404667131,7
98,358992920,635.0,493.61662387836265,True,2395.7847304336847,0.0,6,0,0.0,0
117,9791152,455.0,356.86254908980317,True,1534.2340592657597,10.0,5,0,0.14276460951318426,0
237,107990,1190.0,672.7686113188744,True,3524.442251308897,375.0,6,2,3.6230241253205464,0
142,5932883504,980.0,518.8343422041664,True,2554.6563558862504,425.0,3,6,7.340542820276952,0
19,1697772135,1190.0,796.0439711299547,True,4301.077018118724,0.0,13,0,0.0,0
97,669891670,580.0,425.7166839017655,True,1968.0151085811226,0.0,1,0,0.0,0
54,9522438169,940.0,652.176005749083,True,3394.7088362192185,0.0,5,0,0.0,0
1,1938580083,390.0,339.4912502329429,True,1424.7948764675407,0.0,4,0,0.0,0
213,5922202130,500.0,393.4630683805013,True,1764.8173307971574,0.0,5,0,0.0,0
102,8098784582,485.0,377.3198020223162,True,1663.114752740592,0.0,4,0,0.0,0
221,26699543,720.0,527.8715381812864,True,2611.5906905421025,0.0,7,0,0.0,0
2,14958918,470.0,371.0839483162667,True,1623.8288743924797,0.0,8,0,0.0,0
164,106203,825.0,569.2724544049762,True,2872.416462751349,15.0,12,1,0.34236123509447813,0
101,5244680779,730.0,532.9246701117085,True,2643.4254217037656,0.0,11,0,0.0,0
272,1115431319,535.0,423.1565274523338,True,1951.8861229497043,0.0,7,0,0.0,0
245,1614926348,550.0,400.8735569506554,True,1811.5034087891288,550.0,9,18,27.163867766992645,4
86,292252720,285.0,276.2990227248155,True,1026.683843166338,0.0,2,0,0.0,0
62,25507334,940.0,537.4424779623072,True,2671.887611162535,195.0,3,0,0.0,0
60,12725097483,900.0,535.6167668007225,True,2660.3856308445543,200.0,7,5,5.039611232787453,0
148,1666324108,510.0,406.16294990779136,True,1844.8265844190853,0.0,2,0,0.0,0
267,109832,1230.0,665.6083444109538,True,3479.3325697889995,355.0,9,5,3.8513668231148985,0
229,25473285,165.0,199.57152800336763,False,543.300626421216,0.0,1,0,0.0,0
74,6312027034,1230.0,797.9754245769458,True,4313.24517483476,20.0,12,0,0.369927794712268,0
116,7275521091,730.0,539.9718473968204,True,2687.8226385999687,0.0,5,0,0.0,0
144,1684410105,295.0,276.75581217897223,True,1029.5616167275246,0.0,5,0,0.0,0
289,298208148,1245.0,585.5499495466374,True,2974.9646821438155,610.0,5,2,1.8872298428518788,0
6,26845543,230.0,234.0923744946688,False,760.7819593164135,0.0,2,0,0.0,0
3,21533913,1250.0,802.6474354221949,True,4342.678843159831,60.0,14,2,2.122254691705772,0
89,9522438146,790.0,523.5551001984671,True,2584.3971312503418,15.0,6,0,0.3017161616072408,0
172,1611442272,775.0,523.2060697871116,True,2582.198239658805,0.0,8,0,0.0,0
251,21665248,345.0,301.98649802947494,True,1188.514937585692,0.0,5,0,0.0,0
177,25544126,1260.0,663.7239109894846,True,3467.460639233743,370.0,12,6,7.224621759575222,0
293,806817903,710.0,484.86063311738326,True,2340.621988639511,0.0,10,0,0.0,0
262,25508599,495.0,388.2222021177016,True,1731.7998733415197,0.0,4,0,0.0,0
132,25476041,1265.0,825.3289223463893,True,4485.572210782256,30.0,19,2,1.3494181714230327,0
99,25475744,525.0,385.24073610207216,True,1713.0166374430555,0.0,6,0,0.0,0
21,1614926348,885.0,525.2267923784168,True,2594.9287919840203,885.0,7,32,33.900860885519926,4
112,25473300,605.0,441.78430504919953,True,2069.2411218099573,20.0,6,0,0.0,0
176,452417806,645.0,480.45491877841397,True,2312.865988304008,5.0,5,0,0.0,0
218,25473499,1280.0,620.1266395107172,True,3192.797828917516,540.0,9,0,0.0,0
53,1134286819,740.0,517.515906503029,True,2546.3502109690835,0.0,8,0,0.0,0
119,26699544,605.0,445.92927138715305,True,2095.3544097390645,0.0,7,0,0.0,0
29,25501007,610.0,456.6131050476866,True,2162.662561800426,0.0,11,0,0.0,0
266,1666324195,535.0,413.0506171001502,True,1888.2188877309466,0.0,6,0,0.0,0
163,9789814,810.0,583.4935554823275,True,2962.009399538667,0.0,12,0,0.0,0
81,2440651562,620.0,461.42766254917166,True,2192.99427405978,0.0,5,0,0.0,0
204,9398043798,765.0,537.1376769050786,True,2669.9673645019952,40.0,10,0,0.0,0
284,1317156147,195.0,214.82651840594548,False,639.4070659574563,0.0,0,0,0.0,0
4,383974166,475.0,365.3237941058815,True,1587.539902867054,0.0,4,0,0.0,0
226,3476508187,915.0,541.3760466549007,True,2696.6690939258747,275.0,6,7,3.6328616531070086,0
95,25475386,890.0,615.3063184305801,True,3162.429806112654,15.0,10,0,0.19555994229000134,0
96,108045,545.0,414.8574852607625,True,1899.6021571428034,0.0,2,0,0.0,0
173,25533613,1310.0,695.2356271794158,True,3665.9844512303134,380.0,9,5,6.713870153657458,0
124,82710881,210.0,227.51043707442048,False,719.3157535688491,0.0,0,0,0.0,0
276,1927220454,490.0,381.8231397627477,True,1691.4857805053102,0.0,7,0,0.0,0
257,25472873,1315.0,770.3664175270607,True,4139.308430420475,265.0,9,5,5.214577262767443,0
234,273194,1315.0,803.9580784365652,True,4350.935894150361,210.0,13,7,4.417538461538461,0
87,1174754892,1145.0,640.5278245604277,True,3321.32529473069,275.0,12,3,3.6576478611088428,0
174,108060,855.0,582.9025198141425,True,2958.2858748290946,60.0,11,0,0.0,0
159,1684410125,490.0,380.0536691666201,True,1680.3381157497074,0.0,5,0,0.0,0
123,25472348,970.0,535.4842617196645,True,2659.550848833883,300.0,10,3,3.0119032966163695,0
128,102000,240.0,242.67619763771484,False,814.8600451176036,0.0,3,0,0.0,0
260,881887811,525.0,412.5235682652855,True,1884.8984800712992,0.0,3,0,0.0,0
45,1614926348,425.0,357.99654053066314,True,1541.378205343178,425.0,2,15,18.272658516662588,4
38,3764054180,1325.0,801.1403267884301,True,4333.184058767115,210.0,13,7,6.561628278105881,0
42,25507341,875.0,494.0022431646979,True,2398.214131937597,285.0,5,5,3.7649657132199907,0
84,107995,680.0,489.04858758614535,True,2367.0061017927164,0.0,5,0,0.0,0
167,1614926348,1330.0,699.0241809274036,True,3689.852339842645,1330.0,9,44,62.39607269626046,9
73,25500126,720.0,527.0231813213996,True,2606.2460423248162,0.0,6,0,0.0,0
250,2271422636,740.0,524.0591932405885,True,2587.5729174157013,0.0,7,0,0.0,0
239,4356591932,530.0,389.468195685539,True,1739.6496328188966,5.0,5,0,0.07678704032320229,0
108,490253699,745.0,534.9997037603456,True,2656.498133690178,0.0,5,0,0.0,0
110,25544143,480.0,383.0937005670374,True,1699.4903135723346,0.0,3,0,0.0,0
154,452169167,915.0,634.0980154081581,True,3280.8174970713935,0.0,12,0,0.0,0
68,26699544,260.0,240.202957160319,True,799.2786301100092,50.0,5,3,1.9080777947029561,0
235,1614926348,1345.0,704.5519926084592,True,3724.6775534332887,1345.0,9,55,65.28476818267988,9
70,21665911,395.0,334.61852327699637,True,1394.0966966450762,0.0,4,0,0.0,0
197,3567188665,880.0,485.4944297398979,True,2344.614907361362,315.0,7,0,0.0,0
240,5560599866,435.0,363.63572836990767,True,1576.9050887304181,0.0,6,0,0.0,0
277,9521033,300.0,279.2510802068747,True,1045.2818053033104,0.0,0,0,0.0,0
236,1614926348,415.0,334.7741264574285,True,1395.0769966817998,415.0,3,15,18.346664135319923,4
212,292252720,1350.0,869.9223996621579,True,4766.5111178716,40.0,15,0,0.0,0
175,1317156147,225.0,235.07107153943315,False,766.9477506984289,0.0,1,0,0.0,0
155,25533613,1355.0,715.6691934420116,True,3794.715918684661,390.0,14,5,6.924229128016433,0
23,1678452742,390.0,332.7177905609761,True,1382.1220805341493,0.0,5,0,0.0,0
14,5387300688,275.0,259.522442541957,True,920.9913880143287,0.0,0,0,0.0,0
261,970857045,545.0,432.39702532153876,True,2010.1012595256939,0.0,7,0,0.0,0
183,25471089,780.0,427.59636832436655,True,1979.8571204435132,380.0,6,6,3.990577297454515,0
241,21665000,645.0,412.1814661262103,True,1882.7432365951247,135.0,3,3,1.7600394806100124,0
171,4431563564,315.0,290.13847446478854,True,1113.8723891281675,0.0,1,0,0.0,0
232,9178184328,1365.0,879.616365792083,True,4827.583104490125,0.0,10,0,0.0,0
75,25473373,475.0,380.5601279427735,True,1683.5288060394737,0.0,5,0,0.0,0
92,1614926348,455.0,373.71309644955085,True,1640.3925076321705,455.0,6,16,18.749946023492882,4
36,21665006,520.0,400.51011923554603,True,1809.2137511839408,0.0,7,0,0.0,0
161,1607738730,945.0,578.9175425077457,True,2933.1805177987962,110.0,4,0,1.7926011512680504,0
288,1630526800,435.0,356.4574748500826,True,1531.682091555521,0.0,5,0,0.0,0
120,25473616,535.0,422.9716202168628,True,1950.7212073662351,0.0,7,0,0.0,0
181,6049524389,515.0,408.6807032776061,True,1860.6884306489196,0.0,7,0,0.0,0
29,6943758097,85.0,154.62856140226913,False,260.1599368342955,0.0,1,0,0.0,0
202,25530312,870.0,590.2155082981841,True,3004.3577022785616,0.0,7,0,0.0,0
56,25502552,485.0,389.2229353461958,True,1738.104492681034,0.0,4,0,0.0,0
263,25522907,500.0,387.30394932450923,True,1726.0148807444077,0.0,7,0,0.0,0
9,5393414954,720.0,432.6603091892795,True,2011.759947892461,105.0,3,1,1.9273382498538791,0
122,5922202130,720.0,524.1276320347791,True,2588.0040818191073,0.0,4,0,0.0,0
143,294651409,1390.0,770.7192098830614,True,4141.531022263277,365.0,9,5,3.8279627161291487,0
252,108045,415.0,337.17894909383546,True,1410.2273792911626,0.0,5,0,0.0,0
100,25257402,325.0,291.5758836796787,True,1122.9280671819756,0.0,3,0,0.0,0
63,1614846678,705.0,521.8180837522247,True,2573.453927639013,0.0,5,0,0.0,0
244,109631,780.0,444.12405285414394,True,2083.981532981105,285.0,5,2,3.7649657132199907,0
286,25472806,800.0,564.8798684621607,True,2844.7431713116084,0.0,11,0,0.0,0
248,11863161,1125.0,640.0250365716564,True,3318.1577304014363,350.0,8,1,3.6755317213396848,0
169,1678452758,1040.0,715.5433426970546,True,3793.923058991444,0.0,16,0,0.0,0
156,6827965360,265.0,245.81547899505875,True,834.63751766887,0.0,2,0,0.0,0
225,1230855633,370.0,291.4632313560167,True,1122.2183575429049,40.0,4,2,0.590621155529712,0
190,1700140657,540.0,411.1685039850715,True,1876.3615751059506,0.0,6,0,0.0,0
256,4222962185,490.0,378.81919459258086,True,1672.5609259332603,35.0,5,0,0.528340402682566,0
246,14728072,945.0,646.0614746829829,True,3356.187290502795,10.0,8,0,0.17041603406153824,0
294,110004,1415.0,909.3636446162179,True,5014.990961082175,0.0,13,0,0.0,0
43,734320209,755.0,535.348907354594,True,2658.698116333942,20.0,14,0,0.0,0
33,108293,780.0,555.5411248317395,True,2785.909086439957,0.0,4,0,0.0,0
230,1685938725,505.0,400.74893860061917,True,1810.7183131839,0.0,4,0,0.0,0
219,1635914201,470.0,389.7784478526211,True,1741.6042214715144,0.0,6,0,0.0,0
264,25472669,470.0,362.1202409686521,True,1567.3575181025085,0.0,3,0,0.0,0
69,6273263209,805.0,531.9257094022579,True,2637.131969234225,30.0,13,0,0.4058798521804578,0
67,1667203511,820.0,487.46077722091616,True,2357.002896491772,245.0,6,7,6.48727692403208,0
93,1094124402,490.0,388.87536871920827,True,1735.914822931013,0.0,4,0,0.0,0
13,14017207475,625.0,437.7936207200915,True,2044.0998105365761,25.0,5,0,0.3839352016160114,0
214,14069254029,375.0,316.7125717852221,True,1281.2892022468995,0.0,5,0,0.0,0
173,652425475,130.0,179.29716375583615,False,415.5721316617676,0.0,0,0,0.0,0
27,25306041,835.0,561.351766565809,True,2822.5161293645965,0.0,5,0,0.0,0
247,110009,1445.0,932.4146752024467,True,5160.212453775412,15.0,9,2,0.2229422981713072,0
291,21665911,705.0,520.9467947645617,True,2567.964807016737,0.0,16,0,0.0,0
273,12725097483,1145.0,669.8864146289483,True,3506.2844121623743,220.0,10,8,5.5691848592390505,0
229,5244680780,220.0,214.7394848025772,True,638.8587542562362,0.0,3,0,0.0,0
196,12437379708,885.0,533.3932698675696,True,2646.3776001656893,125.0,3,1,2.2188215364921167,0
131,601141518,1455.0,936.2098585251239,True,5184.1221087082895,0.0,19,0,0.0,0
210,1614926348,305.0,275.4105383835071,True,1021.0863918160945,305.0,3,15,21.09059242413629,4
290,25544119,720.0,531.1144191959115,True,2632.0208409342417,0.0,10,0,0.0,0
37,1667203491,475.0,390.9529891322283,True,1749.0038315330398,0.0,2,0,0.0,0
55,9791492,545.0,426.22856802611693,True,1971.239978564536,0.0,8,0,0.0,0
71,25496815,1030.0,636.952100210749,True,3298.798231327717,135.0,12,0,2.184656491775368,0
12,21665000,960.0,584.9288093507835,True,2971.0514989099343,220.0,6,2,4.627897435897436,0
242,5932883505,840.0,505.2720045855074,True,2469.2136288886945,210.0,9,6,4.417538461538461,0
130,108045,675.0,498.23131966055087,True,2424.8573138614715,0.0,10,0,0.0,0
204,2191480791,160.0,196.60919074924843,False,524.637901720265,0.0,0,0,0.0,0
228,311153342,590.0,445.1751429074646,True,2090.603400317029,0.0,6,0,0.0,0
31,4239164192,670.0,501.9196441265138,True,2448.09375799704,0.0,10,0,0.0,0
233,2129184256,1065.0,576.767437727296,True,2919.634857681953,350.0,7,3,3.6682126588384207,0
30,4457798822,465.0,371.15039416157987,True,1624.247483217953,0.0,6,0,0.0,0
250,108252,140.0,182.70515175119144,False,437.0424560325062,0.0,0,0,0.0,0
186,25375812,370.0,319.3122171332923,True,1297.6669679397412,0.0,5,0,0.0,0
117,12422012434,290.0,269.00167200744244,True,980.7105336468869,0.0,3,0,0.0,0
85,26699551,525.0,414.21532921588215,True,1895.5565740600578,0.0,9,0,0.0,0
109,2482696992,455.0,356.61477173135074,True,1532.6730619075092,0.0,7,0,0.0,0
157,1691133703,790.0,581.9488983322489,True,2952.2780594931696,0.0,6,0,0.0,0
65,108060,825.0,494.5727851265509,True,2401.8085462972713,220.0,6,1,4.627897435897436,0
97,5112906884,290.0,276.77481412115,True,1029.6813289632444,0.0,1,0,0.0,0
145,1230997557,1490.0,782.5826702933385,True,4216.270822848019,410.0,17,7,4.5613091275312785,0
147,1691197961,780.0,551.5901655056069,True,2761.018042685323,0.0,7,0,0.0,0
137,1614926348,490.0,372.76715403980796,True,1634.4330704507906,490.0,6,12,18.82517022210524,4
189,2456267967,670.0,469.6333273250515,True,2244.689962147823,0.0,4,0,0.0,0
16,2191480791,415.0,349.76537509996695,True,1489.5218631297919,0.0,6,0,0.0,0
267,9791503,270.0,263.25128861405364,True,944.4831182685376,0.0,0,0,0.0,0
15,9512926,455.0,357.3595123465472,True,1537.3649277832483,0.0,3,0,0.0,0
203,25473295,730.0,516.9983894476812,True,2543.0898535203933,0.0,7,0,0.0,0
18,1667203543,775.0,507.06120837511037,True,2480.485612763195,90.0,7,0,1.2848814856186586,0
90,3552338823,1020.0,562.8607144127245,True,2832.0225008001676,350.0,6,5,3.6755317213396848,0
49,2919558521,435.0,334.67289202266875,True,1394.4392197428133,60.0,5,0,2.2896933536435475,0
278,1953627794,780.0,480.49296728572887,True,2313.10569390009,210.0,4,7,5.5605230777417844,0
88,1685938741,1025.0,684.5310941584288,True,3598.5458931981075,0.0,7,0,0.0,0
153,9521035,955.0,649.3191073766038,True,3376.7103764726025,0.0,11,0,0.0,0
274,9512908,415.0,344.24981975329746,True,1454.7738644457736,0.0,2,0,0.0,0
72,21665367,760.0,524.5500556737908,True,2590.66535074488,0.0,10,0,0.0,0
253,4222962219,1125.0,683.005994253872,True,3588.9377637993916,140.0,13,1,1.8252261280400128,0
177,107797,280.0,268.08287412301416,True,974.9221069749888,0.0,2,0,0.0,0
211,5244680780,625.0,445.24766507552664,True,2091.0602899758173,0.0,7,0,0.0,0
35,25476041,765.0,537.6143630199424,True,2672.9704870256355,0.0,13,0,0.0,0
190,9625392102,145.0,186.8830437203781,False,463.363175438382,0.0,3,0,0.0,0
146,368279307,640.0,461.40649944914674,True,2192.8609465296263,35.0,8,0,0.5052466194944298,0
24,25417431,660.0,493.4322809949486,True,2394.623370268175,0.0,11,0,0.0,0
262,25417428,295.0,237.2317097649464,True,780.5597715191623,35.0,0,0,0.4996761332961449,0
114,12431465613,800.0,426.99480526555215,True,1976.0672731729817,365.0,6,3,3.825735446895836,0
275,5932959891,465.0,343.56749600053405,True,1450.4752248033633,0.0,4,0,0.0,0
116,1684410105,325.0,293.36963050796004,True,1134.2286722001475,0.0,1,0,0.0,0
17,435144778,1080.0,641.6411623817602,True,3328.3393230050888,255.0,14,4,6.7520637372578785,0
77,2214957485,420.0,327.77981156393827,True,1351.0128128528115,45.0,8,0,0.0,0
115,21665589,855.0,594.6433317618091,True,3032.2529900994004,0.0,7,0,0.0,0
160,25501320,1115.0,617.4824632585364,True,3176.13951852877,350.0,10,2,3.6682126588384207,0
167,6273263209,260.0,255.52413330588797,False,895.8020398270938,0.0,4,0,0.0,0
285,11456439398,835.0,455.8871704815414,True,2158.0891740337124,445.0,7,1,4.7499632990237854,0
60,333725797,370.0,319.9987412808748,True,1301.9920700695113,0.0,6,0,0.0,0
58,2191480791,685.0,487.76812979955093,True,2358.9392177371715,0.0,7,0,0.0,0
67,25257028,165.0,202.66154155469334,False,562.7677117945682,0.0,0,0,0.0,0
52,1684410086,880.0,616.3798381574853,True,3169.192980392155,0.0,11,0,0.0,0
106,2191480791,940.0,627.5797905567383,True,3239.752680507454,0.0,10,0,0.0,0
127,1614846616,1045.0,642.0476277288645,True,3330.9000546918464,135.0,8,1,2.4175846271083916,0
64,108107,440.0,355.21669301635126,True,1523.8651660030123,0.0,6,0,0.0,0
47,1614846711,920.0,638.9844397165847,True,3311.6019702144795,0.0,16,0,0.0,0
171,294651404,245.0,244.55722070794593,False,826.7104904600592,0.0,2,0,0.0,0
39,2441107358,730.0,540.0300097979655,True,2688.18906172718,0.0,9,0,0.0,0
17,25476020,40.0,130.44677117280222,False,107.81465838865391,0.0,0,0,0.0,0
187,2622783492,830.0,589.7747471020242,True,3001.5809067427517,0.0,13,0,0.0,0
172,1694551560,370.0,310.1080979974264,True,1239.6810173837862,0.0,3,0,0.0,0
180,1614846683,875.0,604.0586329796286,True,3091.5693877716603,0.0,10,0,0.0,0
138,6424675168,905.0,649.0858785030936,True,3375.241034569488,0.0,7,0,0.0,0
149,25544143,965.0,599.7072886674517,True,3064.155918604945,165.0,8,2,3.150980358927182,0
283,2191480791,855.0,601.5479679569033,True,3075.7521981284913,0.0,8,0,0.0,0
103,10983187054,555.0,421.1978049889998,True,1939.5461714306998,0.0,6,0,0.0,0
287,4993728408,625.0,481.01428012781054,True,2316.389964805206,0.0,11,0,0.0,0
133,1685751723,890.0,583.7693665908206,True,2963.7470095221693,35.0,10,2,1.2379819034950337,0
241,25375812,280.0,254.65714083065438,True,890.3399872331223,0.0,2,0,0.0,0
151,1685938739,1090.0,709.2602731971787,True,3754.339721142232,60.0,12,1,2.122254691705772,0
125,12765771304,515.0,410.6735967370584,True,1873.2436594434673,0.0,3,0,0.0,0
94,12959453,1305.0,684.9905748356699,True,3601.440621464711,350.0,7,4,3.700913079850052,0
243,1614846678,830.0,573.5230265536921,True,2899.1950672882576,10.0,7,1,0.17074907207056414,0
150,5339077114,610.0,459.8489102641056,True,2183.0481346638644,0.0,5,0,0.0,0
254,9791495,755.0,548.8284547581505,True,2743.6192649763443,30.0,9,0,0.8017090881196289,0
14,9512926,310.0,272.3185003633975,True,1001.6065522894037,45.0,6,2,1.7172700152326605,0
82,21665361,775.0,535.5183687766001,True,2659.765723292583,20.0,5,0,0.2545483103588766,0
73,21665911,330.0,289.9989873824494,True,1112.993620509431,0.0,2,0,0.0,0
291,107799,220.0,226.53007948386522,False,713.1395007483508,0.0,3,0,0.0,0
31,26699545,195.0,210.80869377757784,False,614.0947707987403,0.0,2,0,0.0,0
193,21665911,510.0,384.1978502695468,True,1706.4464566981455,0.0,11,0,0.0,0
25,1691133703,900.0,636.3990825731172,True,3295.3142202106355,0.0,12,0,0.0,0
57,2833448424,520.0,412.19775199002305,True,1882.845837537146,0.0,8,0,0.0,0
80,21554368,930.0,514.7931163331028,True,2529.19663289855,350.0,5,10,3.6755317213396848,0
232,9521034,315.0,273.85148402055495,True,1011.2643493294958,0.0,2,0,0.0,0
132,9791492,415.0,344.56705680730926,True,1456.7724578860473,0.0,4,0,0.0,0
162,298207179,1270.0,837.8554327598565,True,4564.489226387098,0.0,19,0,0.0,0
231,1614926348,1115.0,694.9784477233153,True,3664.364220656882,1115.0,11,33,36.03720340557874,4
113,110030,1215.0,796.9900706963492,True,4307.037445387006,0.0,10,0,0.0,0
217,4457798822,860.0,449.7390975026482,True,2119.356314266685,375.0,4,1,3.9307506389341125,0
141,2440630566,570.0,436.61038101370065,True,2036.6454003863146,0.0,9,0,0.0,0
62,107818,475.0,363.1153051876577,True,1573.6264226822434,20.0,5,0,0.0,0
44,12292980260,1210.0,632.394474621335,True,3270.085190114409,360.0,8,6,3.8446748070842354,0
194,26651413,1020.0,719.4783863544241,True,3818.7138340328665,0.0,4,0,0.0,0
183,26559368,335.0,296.9645424671058,True,1156.876617542766,0.0,3,0,0.0,0
185,107320,1135.0,631.6422749279121,True,3265.346332045837,340.0,12,5,3.570516529301408,0
83,1684410086,610.0,443.56620705707144,True,2080.4671044595516,10.0,7,0,0.1669764544824226,0
140,26652351,525.0,351.11337118023295,True,1498.0142384354679,110.0,4,0,1.2158213853997115,0
179,25474295,1075.0,714.1413656331646,True,3785.0906034889354,55.0,7,1,0.7852053523225134,0
66,25533578,1110.0,622.958820519497,True,3210.640569272824,275.0,7,7,4.545093762637707,0
87,5387300688,405.0,320.9505919697663,True,1307.988729409528,0.0,2,0,0.0,0
11,2354994932,965.0,671.3970491151218,True,3515.801409425264,0.0,15,0,0.0,0
154,9522438168,380.0,325.2555025962598,True,1335.1096663564365,0.0,4,0,0.0,0
259,534993866,1155.0,616.9231091114045,True,3172.615587401843,390.0,12,4,6.84424344851746,0
142,27503587,530.0,425.81613531432293,True,1968.6416524802353,0.0,7,0,0.0,0
206,25507341,1095.0,693.9892650625113,True,3658.1323698938213,0.0,15,0,0.0,0
166,358992920,990.0,680.3492387562096,True,3572.200204164117,0.0,18,0,0.0,0
163,2215490966,440.0,368.29164380333793,True,1606.2373559610287,0.0,4,0,0.0,0
195,9921844608,940.0,639.2883298499472,True,3313.516478054666,30.0,12,0,0.25677958723820876,0
282,14017207475,685.0,493.04398705373774,True,2392.1771184385484,40.0,13,0,0.590621155529712,0
38,1667203511,415.0,356.57666948352704,True,1532.4330177462195,0.0,3,0,0.0,0
265,1685938727,1100.0,731.8180785155224,True,3896.4538946477896,0.0,16,0,0.0,0
79,4457798822,930.0,627.2949071899751,True,3237.957915296842,0.0,8,0,0.0,0
199,1493424644,695.0,496.2485075313575,True,2412.365597447553,0.0,10,0,0.0,0
95,289996665,445.0,373.11938158268623,True,1636.652103970922,0.0,0,0,0.0,0
46,4784457213,745.0,518.1824751322002,True,2550.549593332863,0.0,12,0,0.0,0
224,6983321037,1570.0,890.5176653728829,True,4896.261291849165,260.0,11,2,4.389526660097192,0
286,317930325,360.0,315.738283065144,True,1275.1511833104073,0.0,4,0,0.0,0
22,5244680779,610.0,449.5138610507737,True,2117.9373246198743,45.0,7,0,0.0,0
207,452236138,700.0,515.7797724649389,True,2535.4125665291117,0.0,4,0,0.0,0
292,25507041,1045.0,717.4214865890542,True,3805.7553655110437,0.0,13,0,0.0,0
123,25496777,430.0,360.69419558554563,True,1558.3734321889372,0.0,5,0,0.0,0
235,1188983785,405.0,332.41691685705393,True,1380.2265761994395,5.0,3,0,0.08289569523142265,0
76,21665932,680.0,473.5386851880913,True,2269.2937166849765,75.0,10,0,1.131264183771978,0
192,1607738730,900.0,620.1395535699379,True,3192.8791874906096,0.0,9,0,0.0,0
135,534993866,875.0,589.7687282094747,True,3001.5429877196907,10.0,8,0,0.27754432329000034,0
233,2586635296,285.0,277.64561906478974,True,1035.1674001081756,0.0,2,0,0.0,0
222,1667118178,680.0,489.85906730249786,True,2372.112124005738,0.0,9,0,0.0,0
277,3764054180,415.0,296.5563768398385,True,1154.3051740909834,90.0,3,4,4.66175540917869,0
45,333722489,440.0,366.75751479376316,True,1596.5723432007064,0.0,1,0,0.0,0
7,108901,795.0,431.3553629546252,True,2003.538786614141,350.0,4,9,3.6755317213396848,0
237,25257319,585.0,349.48220497260206,True,1487.737891327394,230.0,6,7,4.838256410256411,0
260,25500809,455.0,369.8015119232387,True,1615.7495251164044,0.0,5,0,0.0,0
43,107797,360.0,309.28799741227766,True,1234.5143836973489,0.0,3,0,0.0,0
23,25473217,425.0,343.98803093802997,True,1453.1245949095883,5.0,4,0,0.08289569523142265,0
269,8094426714,685.0,508.9412354117686,True,2492.3297830941415,0.0,9,0,0.0,0
230,11052055761,370.0,325.89181560052424,True,1339.1184382833037,0.0,8,0,0.0,0
140,1685751723,80.0,151.4383853375162,False,240.0618276263519,0.0,0,0,0.0,0
51,1614926348,855.0,459.2184474321994,True,2179.076218822856,855.0,9,16,27.48348084573428,4
197,110004,460.0,384.1416009071521,True,1706.092085715058,0.0,1,0,0.0,0
173,107793,360.0,307.6261643476984,True,1224.0448353905,0.0,3,0,0.0,0
270,26559616,890.0,647.4030070739268,True,3364.6389445657446,0.0,9,0,0.0,0
61,25472904,1010.0,555.988339363477,True,2788.726537989911,350.0,9,3,3.6755317213396848,0
84,13329450969,480.0,380.39786853571366,True,1682.5065717749965,0.0,6,0,0.0,0
272,1678452742,600.0,452.32047400553694,True,2135.618986234882,0.0,9,0,0.0,0
131,4712556876,365.0,294.68935559989654,True,1142.5429402793477,15.0,2,0,0.25029357873231767,0
28,25256268,650.0,481.44369629705085,True,2319.0952866714188,0.0,6,0,0.0,0
159,107786,510.0,383.47466963143876,True,1701.8904186780642,30.0,6,0,0.24294639488231506,0
283,25501340,185.0,209.90281914080327,False,608.3877605870607,0.0,1,0,0.0,0
175,107863,470.0,335.2450764121459,True,1398.0439813965186,65.0,3,3,0.9279699618356977,0
9,11867694471,440.0,352.62461847576594,True,1507.5350963973267,0.0,4,0,0.0,0
215,4222962185,1085.0,604.1743903112337,True,3092.2986589607735,355.0,14,6,3.728039317358823,0
20,25500120,985.0,644.6879652128964,True,3347.5341808412436,40.0,14,0,1.4148364611371813,0
92,21583341,460.0,375.32546162154375,True,1650.5504082157265,0.0,3,0,0.0,0
240,25483808,485.0,374.9248715671162,True,1648.026690872833,0.0,6,0,0.0,0
59,273194,1515.0,829.0085972021986,True,4508.75416237385,375.0,8,7,6.5287049869789975,0
34,1667203543,830.0,603.4026619705455,True,3087.4367704144393,0.0,12,0,0.0,0
101,452168032,625.0,463.396187973466,True,2205.395984232833,0.0,6,0,0.0,0
63,108061,445.0,360.80682611101946,True,1559.083004499422,0.0,4,0,0.0,0
100,11817103991,450.0,374.5431237115951,True,1645.6216793830497,0.0,3,0,0.0,0
68,25533438,505.0,393.7683769035215,True,1766.7407744921866,0.0,5,0,0.0,0
201,2089584869,1070.0,715.3876532652287,True,3792.942215570939,0.0,14,0,0.0,0
211,2951109677,300.0,283.3528161961646,True,1071.122742035837,0.0,3,0,0.0,0
53,6943650957,560.0,437.1287900955082,True,2039.9113776017025,0.0,5,0,0.0,0
31,107319,185.0,214.26023363299527,False,635.8394718878701,0.0,1,0,0.0,0
164,3552338823,650.0,470.3229183850391,True,2249.0343858257447,75.0,6,0,0.0,0
102,5922202130,655.0,425.3696752210189,True,1965.828953892418,190.0,10,3,3.996820512820511,0
234,25471089,545.0,417.7758878410099,True,1917.988093398362,0.0,7,0,0.0,0
82,25500758,195.0,214.71552171588294,False,638.7077868100625,0.0,1,0,0.0,0
184,7737133469,1000.0,629.4452710712281,True,3251.5052077487376,40.0,10,1,0.7135025005264894,0
155,5453319326,510.0,363.5215521086886,True,1576.1857782847371,5.0,7,0,0.08289569523142265,0
280,289996665,1060.0,583.1662861409635,True,2959.9476026880593,345.0,9,8,3.6230241253205464,0
293,4338867756,610.0,458.994908004385,True,2177.6679204276243,0.0,4,0,0.0,0
176,25474664,585.0,438.73167857014766,True,2050.0095749919305,0.0,3,0,0.0,0
136,12689154,1435.0,810.1220641833768,True,4389.769004355269,330.0,11,5,6.141989358856425,0
41,11867694471,785.0,544.2945476735081,True,2715.055650343101,20.0,5,0,0.30980043717090106,0
121,8094426714,810.0,555.204211939123,True,2783.786535216476,20.0,11,0,0.0,0
213,21645238,685.0,500.0807336646936,True,2436.5086220875683,0.0,7,0,0.0,0
4,21563009,580.0,444.2850133404843,True,2084.995584045051,0.0,3,0,0.0,0
129,25474562,1180.0,805.2748143062379,True,4359.231330129296,0.0,11,0,0.0,0
251,1938580083,645.0,481.26715042026626,True,2317.9830476476764,0.0,10,0,0.0,0
122,1685938741,510.0,408.6011615380807,True,1860.1873176899094,0.0,7,0,0.0,0
104,107797,755.0,542.8875549412824,True,2706.191596130079,5.0,9,0,0.13415854386786671,0
187,5838132444,275.0,266.58833364881275,True,965.5065019875201,0.0,5,0,0.0,0
54,2191480791,710.0,510.0322809555131,True,2499.203370019733,0.0,8,0,0.0,0
124,5932875004,600.0,440.5181223528394,True,2061.264170822888,0.0,5,0,0.0,0
197,1667203511,105.0,165.58946783672687,False,329.21364737137907,0.0,1,0,0.0,0
8,4116205016,1025.0,643.7823163426492,True,3341.828592958686,65.0,6,0,0.0,0
249,25524243,885.0,608.1535054138764,True,3117.3670841074195,0.0,9,0,0.0,0
133,25497446,265.0,257.0925274119314,True,905.6829226951681,0.0,2,0,0.0,0
75,2440630566,550.0,425.1536161178768,True,1964.4677815426235,0.0,8,0,0.0,0
148,3561398893,695.0,485.1186244903859,True,2342.247334289431,25.0,7,0,0.0,0
167,812004134,325.0,291.15585915204525,True,1120.281912657885,0.0,2,0,0.0,0
67,500486430,320.0,281.7901108922976,True,1061.2776986214749,0.0,4,0,0.0,0
98,9295694734,735.0,442.80373495290553,True,2075.6635302033046,280.0,9,0,0.0,0
111,1685751696,1135.0,578.3391449207379,True,2929.5366130006482,410.0,14,3,5.835535830520365,0
220,9576731320,1190.0,678.4497782710934,True,3560.2336031078794,275.0,7,6,5.26496487812847,0
246,9966771334,515.0,399.99574329972353,True,1805.973182788259,0.0,4,0,0.0,0
218,25257290,650.0,487.80160681344626,True,2359.150122924711,0.0,4,0,0.0,0
271,4328124794,765.0,540.8261995674544,True,2693.205057274963,0.0,10,0,0.0,0
261,21666010,570.0,416.5003945716507,True,1909.9524858014006,0.0,8,0,0.0,0
27,9521033,485.0,368.74703898204797,True,1609.1063455869032,0.0,5,0,0.0,0
56,1614926348,550.0,426.0486430464844,True,1970.1064511928525,550.0,6,10,22.28258657968924,5
227,25533321,865.0,569.707382271728,True,2875.1565083118844,20.0,8,1,0.29704260950119904,0
232,30514517,250.0,249.47745703984435,False,857.7079793510196,0.0,2,0,0.0,0
200,107835,925.0,505.5020417960977,True,2470.6628633154187,345.0,6,6,3.6230241253205464,0
139,25496785,1130.0,773.371116090764,True,4158.238031371816,0.0,15,0,0.0,0
13,10996228332,510.0,405.853095472529,True,1842.8745014769324,0.0,5,0,0.0,0
168,108258,1070.0,732.1691169150373,True,3898.665436564731,0.0,11,0,0.0,0
242,11124728841,485.0,385.29088311686525,True,1713.3325636362524,0.0,6,0,0.0,0
26,1678452807,925.0,594.6578688495887,True,3032.344573752404,45.0,11,0,0.9466153846153847,0
86,26591530,740.0,520.4998755132241,True,2565.149215733308,0.0,12,0,0.0,0
91,21665932,780.0,547.1813286479043,True,2733.242370481798,0.0,8,0,0.0,0
57,1616713423,280.0,265.29643972649427,True,957.3675702769134,0.0,2,0,0.0,0
158,7684091166,1015.0,686.8124985307635,True,3612.9187407438103,0.0,12,0,0.0,0
62,108055,270.0,260.9906604693239,True,930.2411609567406,0.0,2,0,0.0,0
5,25472180,1195.0,777.1071346940183,True,4181.774948572322,0.0,11,0,0.0,0
278,9791491,450.0,356.43108207026586,True,1531.5158170426735,5.0,2,0,0.08289569523142265,0
273,108045,525.0,409.270347905685,True,1864.4031918058163,0.0,6,0,0.0,0
25,8752950708,300.0,269.17015311657883,True,981.771964634446,0.0,3,0,0.0,0
276,1614846702,665.0,487.967509729217,True,2360.195311294068,0.0,5,0,0.0,0
212,972535576,635.0,474.1789765445732,True,2273.3275522308113,0.0,6,0,0.0,0
154,21665583,260.0,249.05182010213565,True,855.0264666434547,0.0,2,0,0.0,0
202,25257463,610.0,454.2927767007408,True,2148.044493214668,5.0,8,0,0.08289569523142265,0
289,3733175891,750.0,528.9784476908889,True,2618.5642204526025,0.0,9,0,0.0,0
226,8784101792,690.0,485.1195538515316,True,2342.253189264648,35.0,8,1,0.4996761332961449,0
43,4702603699,215.0,212.70738713584333,False,626.0565389558129,0.0,1,0,0.0,0
178,25507343,895.0,603.1375134484074,True,3085.7663347249695,0.0,16,0,0.0,0
93,25473424,570.0,415.0152438405038,True,1900.5960361951734,20.0,7,0,0.30980043717090106,0
145,9512926,510.0,371.6086347660229,True,1627.1343990259434,0.0,4,0,0.0,0
68,25472666,155.0,190.7663151842162,False,487.827785660562,0.0,1,0,0.0,0
81,21665926,710.0,521.0662668519509,True,2568.7174811672894,0.0,9,0,0.0,0
262,3175297197,445.0,327.4434877218335,True,1348.89397264755,55.0,1,1,1.6543338647945984,0
288,9791152,635.0,450.64250180118404,True,2125.047761347459,0.0,11,0,0.0,0
252,21665361,625.0,433.74829967553467,True,2018.6142879558683,30.0,8,0,0.0,0
177,10900901931,470.0,377.3208494778038,True,1663.1213517101644,0.0,6,0,0.0,0
108,21533912,685.0,500.8520351579294,True,2441.3678214949537,0.0,5,0,0.0,0
35,11156548927,470.0,382.69721919571464,True,1696.9924809330016,0.0,8,0,0.0,0
228,12725097483,560.0,416.7339732799897,True,1911.4240316639361,55.0,4,1,1.4825016540728424,0
107,1678452758,1035.0,679.706645988202,True,3568.15186972567,0.0,14,0,0.0,0
112,25714232,775.0,559.256290462577,True,2809.314629914238,0.0,7,0,0.0,0
149,9791495,400.0,337.3240183961849,True,1411.1413158959645,0.0,4,0,0.0,0
205,11170906155,960.0,600.6102544476345,True,3069.8446030200935,65.0,10,0,0.9279699618356977,0
188,30939229,910.0,599.6385294604105,True,3063.7227356005865,15.0,10,0,0.25029357873231767,0
88,1614926348,520.0,337.70198403795683,True,1413.5224994391283,520.0,5,23,26.52362489836884,4
2,9020945997,855.0,554.9945073182499,True,2782.465396104974,0.0,11,0,0.0,0
47,107791,455.0,336.43371919741554,True,1405.532430943718,55.0,4,0,0.36112307979708724,0
94,3531897238,405.0,348.09139485655686,True,1478.9757875963094,0.0,4,0,0.0,0
151,9512935,420.0,330.1860340435948,True,1366.1720144746478,40.0,7,1,1.526462235762365,0
239,1685938741,735.0,546.145033734607,True,2726.713712528026,0.0,7,0,0.0,0
165,108040,1115.0,704.8752786129118,True,3726.714255261342,70.0,12,3,1.4725128205128204,0
55,9371260474,610.0,467.8576214164485,True,2233.503014923626,0.0,6,0,0.0,0
40,108293,1075.0,688.2655086558253,True,3622.0727045316958,40.0,13,1,0.36112307979708724,0
221,25472904,875.0,581.0949552327658,True,2946.8982179664245,45.0,5,1,0.6424407428093292,0
106,101986,480.0,387.0976246696383,True,1724.715035418721,0.0,5,0,0.0,0
144,25496780,840.0,583.4550280229737,True,2961.766676544733,0.0,9,0,0.0,0
182,25534084,1075.0,697.0270669215371,True,3677.270521605684,30.0,16,0,0.12037435993236241,0
191,25495769,1055.0,713.7702286694628,True,3782.7524406176167,10.0,7,0,0.14251724377182345,0
85,1906612406,610.0,444.9999062291456,True,2089.4994092436164,0.0,7,0,0.0,0
23,1619464560,310.0,285.6787573273299,True,1085.7761711621788,0.0,1,0,0.0,0
29,9512935,715.0,490.7942690239077,True,2378.003894850619,65.0,8,2,2.0270704524035614,0
70,25473288,760.0,526.519110552224,True,2603.0703964790123,0.0,13,0,0.0,0
169,7921311835,705.0,504.29451519107613,True,2463.055445703781,0.0,6,0,0.0,0
247,2214979335,660.0,498.4275622958767,True,2426.0936424640227,0.0,4,0,0.0,0
279,107742,1275.0,765.302432045546,True,4107.405321886936,0.0,9,0,0.0,0
199,10544188928,350.0,281.9048434073983,True,1062.0005134666092,0.0,6,0,0.0,0
229,1614926348,655.0,386.085339287197,True,1718.337637509341,655.0,7,27,34.43745932372274,4
238,1685267218,1160.0,625.5561316511203,True,3227.0036294020456,370.0,17,6,3.856285855411182,0
64,25505558,505.0,406.94423596689364,True,1849.7486865914314,0.0,5,0,0.0,0
217,9512930,420.0,312.0954181951344,True,1252.201134629347,5.0,2,0,0.0957693851724817,0
6,25497892,875.0,612.9020321834836,True,3147.282802755946,0.0,10,0,0.0,0
174,7787603305,805.0,591.7451354734288,True,3013.9943534826,0.0,7,0,0.0,0
219,9512908,705.0,371.4335086309898,True,1626.0311043752372,375.0,4,3,3.9161125139315844,0
125,25473373,465.0,375.7927540869708,True,1653.4943507479163,0.0,3,0,0.0,0
214,1700140657,685.0,448.2636130814043,True,2110.0607624128465,65.0,4,0,0.9279699618356977,0
248,109391,730.0,538.2631786953157,True,2677.0580257804877,0.0,11,0,0.0,0
220,1953893710,195.0,215.9972260217801,False,646.7825239372146,0.0,1,0,0.0,0
130,26845543,660.0,464.73186496204227,True,2213.810749260868,0.0,4,0,0.0,0
95,4702603699,375.0,308.34659371082586,True,1228.5835403782023,0.0,3,0,0.0,0
223,12026764,1020.0,710.4041793806049,True,3761.546330097807,0.0,8,0,0.0,0
51,9475528,325.0,294.49493042321154,True,1141.3180616662326,0.0,1,0,0.0,0
42,25496892,805.0,562.902189516571,True,2832.2837939543942,35.0,9,0,0.0,0
266,3175297197,845.0,607.708848474261,True,3114.565745387843,0.0,8,0,0.0,0
28,2271422636,315.0,276.5975993781516,True,1028.5648760823547,0.0,2,0,0.0,0
72,10996228332,605.0,323.6970903872677,True,1325.2916694397884,365.0,4,1,3.8330545093971,0
286,9512930,390.0,313.42029502705947,True,1260.5478586704749,0.0,2,0,0.0,0
162,25497435,455.0,368.26727485078897,True,1606.0838315599703,0.0,7,0,0.0,0
80,1614926348,465.0,369.18892683749806,True,1611.8902390762385,465.0,2,13,19.075597753470632,4
114,25714232,585.0,434.27565766447015,True,2021.93664328616,0.0,3,0,0.0,0
209,13169144517,1160.0,733.2288402530913,True,3905.341693594473,60.0,9,0,0.0,0
12,26559581,695.0,507.1204523737097,True,2480.8588499543707,0.0,9,0,0.0,0
215,6319748554,335.0,286.15176251573206,True,1088.7561038491115,0.0,3,0,0.0,0
250,12391355483,690.0,514.6945881932522,True,2528.5759056174907,5.0,5,0,0.1351260130265559,0
78,12453538825,1005.0,663.592735821987,True,3466.6342356785176,0.0,7,0,0.0,0
243,25544136,505.0,341.6630324573815,True,1438.4771044815027,120.0,7,5,3.3029768595517917,0
181,107800,800.0,561.3978639328692,True,2822.8065427770794,0.0,8,0,0.0,0
255,3764054180,1025.0,662.4798691204122,True,3459.623175458592,0.0,11,0,0.0,0
10,25507334,1640.0,938.7125976194261,True,5199.889365002388,175.0,15,0,1.6513007514122764,0
142,2129184256,455.0,352.5626872707761,True,1507.1449298058894,0.0,5,0,0.0,0
91,1678452778,210.0,220.4361679883995,False,674.7478583269169,0.0,3,0,0.0,0
3,25507040,930.0,642.709279695679,True,3335.068462082782,0.0,10,0,0.0,0
291,1614926348,505.0,393.10161852851195,True,1762.5401967296254,505.0,10,20,30.11799900234683,4
153,25507331,650.0,491.42936146151885,True,2382.004977207568,0.0,11,0,0.0,0
77,25544131,610.0,468.3874895050983,True,2236.8411838821203,0.0,6,0,0.0,0
224,4356591932,430.0,344.999514238568,True,1459.496939702978,0.0,5,0,0.0,0
24,452514276,630.0,479.42522552125934,True,2306.378920783932,0.0,10,0,0.0,0
258,1232048712,1175.0,724.7925635854718,True,3852.1931505884704,65.0,15,0,0.0,0
49,9295694734,670.0,392.691772508425,True,1759.958166803076,270.0,4,0,0.0,0
48,9421095550,1070.0,708.6870773478829,True,3750.728587291659,0.0,9,0,0.0,0
170,25524243,1185.0,744.8900293390917,True,3978.8071848362774,65.0,20,0,0.0,0
124,7223638134,285.0,265.18105719077613,True,956.640660301889,0.0,4,0,0.0,0
83,9512908,490.0,360.1998907568253,True,1555.2593117680003,75.0,7,2,1.229442786833791,0
139,3077397235,260.0,251.33711808902393,True,869.4238439608513,10.0,4,0,0.0,0
135,26591526,440.0,360.7398600971947,True,1558.6611186123268,0.0,5,0,0.0,0
290,3552338823,745.0,520.4237636583586,True,2564.669711047661,0.0,5,0,0.0,0
33,1614926348,790.0,510.67359093903184,True,2503.2436229158975,790.0,5,30,31.29308252890069,4
172,4709189403,580.0,446.8499949441021,True,2101.1549681478436,0.0,6,0,0.0,0
110,271949877,870.0,606.5126679975385,True,3107.029808384488,5.0,9,0,0.08098213162743835,0
140,26845543,425.0,340.4894923621584,True,1431.0838018815975,0.0,6,0,0.0,0
187,107792,310.0,269.2812178757885,True,982.4716726174673,30.0,4,2,1.0370101591182255,0
25,9760819194,240.0,234.14802645876023,True,761.1325666901895,0.0,1,0,0.0,0
126,1694551560,1295.0,698.9608269470743,True,3689.4532097665574,380.0,9,5,4.202104579777241,0
233,25502544,460.0,364.8625678107618,True,1584.6341772077988,0.0,3,0,0.0,0
186,12058244775,750.0,511.2027772962855,True,2506.5774969665986,0.0,8,0,0.0,0
65,351771449,745.0,382.21990272302975,True,1693.9853871550893,405.0,6,5,4.223839027545149,0
253,194250,690.0,475.9645428233074,True,2284.5766197868365,0.0,8,0,0.0,0
127,1685938596,630.0,461.92321857369257,True,2196.1162770142632,0.0,8,0,0.0,0
263,26699545,860.0,473.55222535835935,True,2269.379019757663,340.0,3,2,5.632477217724637,0
267,1684410094,740.0,547.180216298054,True,2733.235362677738,0.0,6,0,0.0,0
216,25533613,1155.0,671.4412531257883,True,3516.079894692468,240.0,9,2,4.116449930218433,0
148,9791484,330.0,300.8654827080522,True,1181.452541060729,0.0,3,0,0.0,0
103,21665582,610.0,429.8053556561245,True,1993.773740633586,70.0,10,0,0.0,0
293,265124953,380.0,331.0828203012685,True,1371.8217678979909,0.0,2,0,0.0,0
264,1614926348,835.0,534.839604810182,True,2655.489510304145,835.0,10,25,34.64797563535212,4
105,25476020,1240.0,822.5845625271216,True,4468.2827439208695,10.0,9,0,0.2702520260531118,0
117,338504646,775.0,527.4269356411831,True,2608.7896945394514,0.0,10,0,0.0,0
115,7066266060,690.0,511.5287379036336,True,2508.6310487928918,0.0,4,0,0.0,0
119,25544131,985.0,614.9106230274381,True,3159.9369250728596,70.0,7,1,1.0237393470081795,0
118,2215490966,1105.0,602.7708941859443,True,3083.4566333714392,345.0,6,2,3.6230241253205464,0
207,25495442,520.0,405.6340476100159,True,1841.4944999430993,0.0,5,0,0.0,0
240,1685267218,440.0,363.754952411042,True,1577.6562001895654,0.0,4,0,0.0,0
255,25496892,95.0,159.43334301353852,False,290.4300609852927,0.0,0,0,0.0,0
161,9512924,905.0,597.0506229424401,True,3047.418924537372,60.0,8,0,0.0,0
82,2975783588,415.0,326.51034612056105,True,1343.0151805595347,0.0,5,0,0.0,0
134,25476020,1180.0,794.4445051716981,True,4291.000382581697,0.0,11,0,0.0,0
212,107320,305.0,277.39034819081763,True,1033.5591936021506,0.0,1,0,0.0,0
268,273194,1335.0,741.7555272427714,True,3959.059821629453,370.0,14,5,3.856285855411182,0
112,603756849,250.0,254.04916651881626,False,886.5097490685422,0.0,0,0,0.0,0
143,10365734,910.0,645.7400877303047,True,3354.1625527009214,0.0,9,0,0.0,0
30,110009,820.0,578.0684101210888,True,2927.83098376286,0.0,11,0,0.0,0
235,1635914201,550.0,421.6847152422523,True,1942.6137060261894,0.0,7,0,0.0,0
210,21665031,845.0,529.7815462064117,True,2623.623741100394,90.0,10,0,1.5788279935881802,0
87,109838,585.0,445.01740787398245,True,2089.60966960609,0.0,11,0,0.0,0
284,34709162,1010.0,686.4668300679702,True,3610.7410294282104,0.0,10,0,0.0,0
164,282569797,450.0,366.63551669847527,True,1595.803755200395,0.0,6,0,0.0,0
111,7198096092,390.0,326.57822762412815,True,1343.442834032008,0.0,2,0,0.0,0
249,311422343,400.0,327.2713277000837,True,1347.809364510528,0.0,4,0,0.0,0
1,5266874223,1120.0,726.9232145133313,True,3865.616251433986,60.0,6,0,0.0,0
279,317930342,210.0,226.7043805882144,False,714.2375977057505,0.0,1,0,0.0,0
16,2337311458,825.0,564.705813413179,True,2843.646624503029,0.0,10,0,0.0,0
152,107742,1305.0,770.0728971714295,True,4137.459252180008,160.0,8,3,6.058837908591942,0
39,25257323,715.0,516.1966980390661,True,2538.039197646114,0.0,9,0,0.0,0
141,1607738730,640.0,459.8017601622578,True,2182.751089022224,0.0,5,0,0.0,0
128,5811245211,1020.0,534.2627801588505,True,2651.85551500076,365.0,5,6,3.728039317358823,0
89,292252720,1090.0,719.353812580801,True,3817.929019259048,75.0,12,2,1.229442786833791,0
202,107698,345.0,305.18704089810944,True,1208.6783576580897,0.0,6,0,0.0,0
206,9512937,615.0,415.42154862765284,True,1903.1557563542121,0.0,4,0,0.0,0
58,8138324345,755.0,541.2895083955439,True,2696.1239028919244,0.0,8,0,0.0,0
234,1614926348,485.0,389.43939849387436,True,1739.4682105114086,485.0,5,16,19.960323744923787,4
96,26699544,1045.0,664.3349058129264,True,3471.309906621437,125.0,10,0,1.1331970095447652,0
226,26866991,360.0,315.2507312909616,True,1272.0796071330576,0.0,1,0,0.0,0
156,107793,950.0,496.13970167926425,True,2411.6801205793668,435.0,4,10,7.470916115136953,0
51,21590631,225.0,237.13990113345255,False,779.9813771407506,0.0,1,0,0.0,0
180,107797,735.0,466.892700591725,True,2227.42401372787,185.0,9,2,1.6771315741262536,0
50,1694551560,1250.0,765.3319103780951,True,4107.5910353819945,155.0,14,0,1.4051642918355094,0
47,25257275,305.0,280.03133741191397,True,1050.1974256950577,0.0,4,0,0.0,0
62,11707733695,400.0,342.079198387267,True,1441.0989498397826,0.0,7,0,0.0,0
198,107989,1220.0,684.5036676511946,True,3598.3731062025186,295.0,9,1,3.097948165129163,0
195,452514378,640.0,397.04103737537537,True,1787.3585354648665,185.0,3,1,1.6771315741262536,0
55,823745,300.0,277.4676439443129,True,1034.0461568491708,0.0,1,0,0.0,0
179,500486430,670.0,476.3215613825055,True,2286.8258367097847,30.0,13,1,0.4917771147335163,0
294,812264838,965.0,615.3734012281565,True,3162.8524277373854,65.0,14,0,0.0,0
78,1502785422,205.0,221.58447946768186,False,681.982220646396,0.0,1,0,0.0,0
282,5387300688,645.0,455.07241866585946,True,2152.9562375949135,10.0,9,1,0.15594338749253248,0
61,351771449,575.0,444.3109613257448,True,2085.1590563521936,0.0,9,0,0.0,0
37,1614926348,930.0,471.8059162011514,True,2258.377272067254,930.0,7,21,27.940526064356323,4
275,107318,825.0,541.857776545639,True,2699.7039922375247,0.0,3,0,0.0,0
281,3892184068,1285.0,823.9237897752697,True,4476.719875584196,50.0,15,0,0.0,0
244,109633,1005.0,639.2079639910158,True,3313.010173143396,70.0,15,0,0.0,0
132,5932875003,715.0,498.59012738254205,True,2427.1178025100153,0.0,6,0,0.0,0
23,1694551560,300.0,276.111066025429,True,1025.499715960202,0.0,3,0,0.0,0
231,25257053,710.0,499.3735238470275,True,2432.053200236273,5.0,12,0,0.04284282552834168,0
218,21665716,470.0,344.3906143730234,True,1455.660870550048,15.0,4,0,0.21377586565773518,0
163,1835289526,665.0,461.5234961730529,True,2193.5980258902346,45.0,10,0,0.0,0
193,370712148,725.0,469.55181825973233,True,2244.176455036314,135.0,4,0,1.2238527703083466,0
17,1614926348,785.0,536.512933490914,True,2666.031480992763,785.0,15,27,32.216363451439996,4
129,8972731452,510.0,397.7994460047956,True,1792.1365098302122,0.0,6,0,0.0,0
158,5560599866,435.0,357.57951571333257,True,1538.7509489939955,0.0,8,0,0.0,0
8,102035,485.0,388.60291452646567,True,1734.1983615167335,0.0,4,0,0.0,0
60,266481785,815.0,571.1190239478358,True,2884.0498508713613,0.0,18,0,0.0,0
45,107878,645.0,459.1470154319476,True,2178.626197221269,45.0,4,1,1.3819875239489545,0
145,9789817,415.0,348.64849166877354,True,1482.4854975132735,0.0,3,0,0.0,0
260,25258025,640.0,486.0746754712646,True,2348.270455468967,0.0,6,0,0.0,0
288,25544143,410.0,322.1810932704497,True,1315.7408876038323,20.0,6,0,0.17165850842977892,0
85,14017207475,325.0,290.4327623059365,True,1115.7264025273998,0.0,1,0,0.0,0
26,26652119,465.0,378.9394841770544,True,1673.3187503154434,0.0,3,0,0.0,0
160,25257810,845.0,597.9961178958245,True,3053.375542743692,0.0,5,0,0.0,0
32,1614926348,1325.0,706.7111574767907,True,3738.280292103776,1325.0,9,35,43.12342936071839,4
289,21665582,435.0,315.3687279011846,True,1272.8229857774618,15.0,2,0,0.21377586565773518,0
225,108045,1030.0,667.2884579808158,True,3489.917285279138,70.0,20,0,0.6345903253450684,0
229,21665585,325.0,291.3560668377711,True,1121.5432210779577,0.0,3,0,0.0,0
57,1115431319,470.0,365.0572616786805,True,1585.8607485756863,0.0,3,0,0.0,0
15,3142670557,940.0,630.2081563392281,True,3256.3113849371334,55.0,13,1,0.7852053523225134,0
177,2440630566,420.0,339.2010351547001,True,1422.9665214746108,25.0,4,0,0.0,0
151,107860,375.0,329.35174402411354,True,1360.9159873519152,0.0,2,0,0.0,0
120,820634109,1080.0,732.8744747717194,True,3903.109191061829,0.0,10,0,0.0,0
52,454368529,855.0,595.0665905533095,True,3034.9195204858493,0.0,13,0,0.0,0
136,1611442272,580.0,449.2032700317943,True,2115.980601200304,0.0,1,0,0.0,0
97,603751942,970.0,660.9781733056561,True,3450.1624918256302,0.0,10,0,0.0,0
196,25502544,1005.0,600.0277880056973,True,3066.175064435891,95.0,10,1,0.997644324363629,0
99,24973090,1200.0,792.9583799331753,True,4281.637793579009,45.0,11,0,0.7376656721002746,0
236,1493883140,1115.0,736.8934105107747,True,3928.428486217876,20.0,13,0,0.2855292190263685,0
13,368279307,515.0,391.6687779060345,True,1753.5133008080172,0.0,8,0,0.0,0
237,25472680,685.0,517.7795987733076,True,2548.011472271839,0.0,8,0,0.0,0
133,1685751696,550.0,428.95861658968926,True,1988.439284515043,0.0,6,0,0.0,0
282,275424,75.0,148.9969785261807,False,224.6809647149384,0.0,0,0,0.0,0
220,25502545,340.0,292.0350408220591,True,1125.8207571789733,0.0,1,0,0.0,0
283,2482696992,640.0,447.0490953454383,True,2102.4093006762623,55.0,10,0,0.0,0
252,108895,450.0,371.23430238009456,True,1624.776104994596,0.0,4,0,0.0,0
90,9791491,945.0,524.7438793017114,True,2591.886439600783,250.0,6,7,5.581769128621113,0
211,25472291,625.0,470.9370456728782,True,2252.903387739131,0.0,10,0,0.0,0
232,438170606,535.0,414.4077956924726,True,1896.7691128625781,0.0,8,0,0.0,0
101,21665926,635.0,458.5224733231603,True,2174.6915819359087,0.0,8,0,0.0,0
269,2337311458,690.0,436.67051914209435,True,2037.0242705951964,165.0,4,3,2.151159365190015,0
106,1678452758,395.0,300.33608256853466,True,1178.1173201817683,65.0,6,0,0.0,0
36,6777627310,1120.0,730.7312938622875,True,3889.6071513324105,0.0,11,0,0.0,0
186,25544143,255.0,249.15867086771394,True,855.6996264665978,0.0,5,0,0.0,0
18,26699537,975.0,535.3272941420229,True,2658.5619530947447,375.0,5,6,6.728669185726432,0
271,107348,555.0,433.3862138510509,True,2016.333147261621,0.0,10,0,0.0,0
265,12292980260,745.0,541.2197285373951,True,2695.6842897855877,5.0,8,0,0.0,0
224,5413338307,305.0,275.6258421358064,True,1022.4428054555801,0.0,1,0,0.0,0
157,25544119,1010.0,697.9854566605137,True,3683.308376961239,0.0,11,0,0.0,0
41,9791497,615.0,463.876098960356,True,2208.419423450242,0.0,9,0,0.0,0
14,3456413131,825.0,501.5459703396687,True,2445.739613139912,240.0,5,4,5.0486153846153865,0
79,25532840,750.0,542.141223025478,True,2701.4897050605114,0.0,7,0,0.0,0
92,21665590,670.0,459.86473823218375,True,2183.147850862756,0.0,6,0,0.0,0
142,2440651562,325.0,293.168239918046,True,1132.9599114836901,0.0,2,0,0.0,0
221,9806677456,425.0,353.23135822405254,True,1511.3575568115314,0.0,5,0,0.0,0
189,25533613,1015.0,589.8121341800255,True,3001.8164453341615,185.0,5,10,5.5916768197244755,0
127,194250,265.0,258.6884364140181,True,915.7371494083136,0.0,6,0,0.0,0
191,12292980260,420.0,329.6581534056323,True,1362.8463664554836,0.0,4,0,0.0,0
257,12265050664,1205.0,784.5416847745753,True,4228.612614079826,45.0,13,2,1.3819875239489545,0
123,2131643980,765.0,534.2965111311713,True,2652.06802012638,0.0,8,0,0.0,0
281,108258,120.0,173.24013766630293,False,377.4128672977084,0.0,2,0,0.0,0
66,25471089,800.0,501.5427985831857,True,2445.7196310740683,120.0,7,1,1.6721279174097148,0
75,1616122178,600.0,448.51502293484083,True,2111.644644489497,0.0,6,0,0.0,0
251,11582793599,625.0,467.6194529842406,True,2232.0025538007167,0.0,7,0,0.0,0
178,14069254029,520.0,410.76761521427386,True,1873.8359758499253,0.0,10,0,0.0,0
119,2271422636,250.0,250.01852426065415,False,861.1167028421212,0.0,3,0,0.0,0
259,102020,800.0,575.0498376201158,True,2908.813977006726,0.0,10,0,0.0,0
53,2934851447,675.0,513.1052304704855,True,2518.5629519640597,0.0,4,0,0.0,0
230,812264903,730.0,535.428695116651,True,2659.200779234898,0.0,5,0,0.0,0
242,452236138,575.0,438.7971303644407,True,2050.421921295977,0.0,4,0,0.0,0
208,1619316041,1430.0,907.9416280772605,True,5006.032256886745,0.0,20,0,0.0,0
147,110008,1035.0,698.9533744185494,True,3689.40625883686,0.0,8,0,0.0,0
192,5244680779,765.0,517.0744649061832,True,2543.5691289089536,50.0,6,2,0.811646207137221,0
166,358992920,795.0,582.2043104788592,True,2953.8871560168113,0.0,10,0,0.0,0
1,26699545,210.0,225.18301614146162,False,704.6530016912078,0.0,1,0,0.0,0
102,2586635296,670.0,499.74902513697816,True,2434.41885836296,0.0,4,0,0.0,0
182,9176400299,445.0,350.0836135115938,True,1491.5267651230397,0.0,5,0,0.0,0
223,3476508188,395.0,338.3476227018629,True,1417.5900230217367,0.0,3,0,0.0,0
69,109836,1110.0,615.7370370880966,True,3165.143333655004,265.0,9,10,8.781926844804824,0
286,11170906155,390.0,332.9519987259567,True,1383.5975919735265,0.0,4,0,0.0,0
160,4712556876,110.0,169.88597105103028,False,356.28161762149074,0.0,1,0,0.0,0
81,13250138,535.0,420.30518375172153,True,1933.9226576358476,0.0,9,0,0.0,0
126,9287396538,320.0,272.7415564428294,True,1004.271805589825,35.0,3,0,0.4996761332961449,0
172,26652357,340.0,288.6420244267546,True,1104.4447538885538,25.0,4,0,0.0,0
266,1684410075,410.0,331.6976729162207,True,1375.6953393721908,0.0,1,0,0.0,0
19,1685938740,1370.0,786.7845679834992,True,4242.7427782960385,255.0,12,2,6.010886600242009,0
203,12391355483,1050.0,697.6749349272651,True,3681.3520900417707,60.0,9,0,0.0,0
40,9791494,485.0,383.56822276027,True,1702.4798033897007,0.0,8,0,0.0,0
60,25257309,150.0,193.98337368395298,False,508.09525420890367,0.0,1,0,0.0,0
198,1616122178,185.0,213.27116798767983,False,629.6083583223827,0.0,4,0,0.0,0
124,9521029,360.0,299.63497304715196,True,1173.7003301970578,15.0,3,0,0.21377586565773518,0
130,25505558,440.0,354.87618115407656,True,1521.7199412706825,0.0,3,0,0.0,0
71,3887905014,1105.0,644.8355517741796,True,3348.4639761773224,220.0,5,5,4.627897435897436,0
137,12725097483,1075.0,716.1576265745001,True,3797.7930474193554,0.0,8,0,0.0,0
78,1619500464,185.0,211.5815897508626,False,618.9640154304345,0.0,1,0,0.0,0
74,3147915554,1345.0,856.9595225897328,True,4684.844992315316,65.0,19,0,0.0,0
146,8972710892,1020.0,654.7306460876663,True,3410.8030703523,40.0,6,1,0.42006076815310717,0
184,107793,710.0,468.1605888348288,True,2235.411709659421,30.0,8,0,0.2719672822907437,0
91,452514276,395.0,337.7910191029488,True,1414.0834203485776,0.0,2,0,0.0,0
76,21651908,825.0,588.6705139485263,True,2994.6242378757124,0.0,6,0,0.0,0
199,26559371,480.0,374.61571153062266,True,1646.0789826429218,0.0,4,0,0.0,0
53,110004,65.0,146.50677292903939,False,208.9926694529482,0.0,0,0,0.0,0
33,1607738730,380.0,330.72117388423163,True,1369.543395470659,0.0,5,0,0.0,0
84,1614926348,790.0,482.9457691290093,True,2328.558345512756,790.0,11,20,25.340563706091658,4
204,25522559,1140.0,633.2653456269799,True,3275.571677449962,320.0,4,7,5.6408524179834805,0
27,5387300688,675.0,485.2597492897065,True,2343.13642052515,0.0,9,0,0.0,0
267,25522558,360.0,307.8113919974728,True,1225.211769584079,0.0,3,0,0.0,0
63,1614846678,765.0,565.5022351085266,True,2848.6640811837183,0.0,11,0,0.0,0
37,9521022,220.0,230.11843454278812,False,735.7461376195646,0.0,2,0,0.0,0
228,9512937,580.0,429.8217146167872,True,1993.8768020857592,0.0,6,0,0.0,0
294,333722489,230.0,243.5673436932185,False,820.4742652672763,0.0,1,0,0.0,0
285,1174754892,1025.0,696.8596482831664,True,3676.2157841839494,0.0,9,0,0.0,0
274,1685938741,1080.0,718.3091584471846,True,3811.347698217263,0.0,10,0,0.0,0
100,8787730932,780.0,571.7312578843997,True,2887.906924671719,0.0,5,0,0.0,0
56,9521029,690.0,500.69097667351105,True,2440.353153043121,0.0,6,0,0.0,0
241,2191480791,980.0,670.1835178248699,True,3508.1561622966733,0.0,9,0,0.0,0
248,1616713423,505.0,401.4558104100405,True,1815.1716055832553,0.0,7,0,0.0,0
280,21665140,765.0,459.90816443550494,True,2183.421435943681,165.0,9,1,2.151159365190015,0
131,9521029,815.0,590.9820441058221,True,3009.186877866678,0.0,7,0,0.0,0
98,1678452820,715.0,490.22531127932587,True,2374.4194610597506,0.0,5,0,0.0,0
261,7261577394,705.0,503.4763427881604,True,2457.9009595654115,0.0,8,0,0.0,0
72,12839778767,495.0,382.6783643892303,True,1696.8736956521507,0.0,7,0,0.0,0
169,108214,540.0,429.5468243400374,True,1992.1449933422361,0.0,9,0,0.0,0
64,102020,535.0,420.56909206305806,True,1935.585279997265,0.0,7,0,0.0,0
142,9521006,140.0,184.00325542452305,False,445.22050917449513,0.0,2,0,0.0,0
168,317930352,700.0,478.08271104088954,True,2297.9210795576046,45.0,7,0,0.5866798268700041,0
115,9167793401,380.0,328.4998694742217,True,1355.5491776875963,0.0,2,0,0.0,0
4,1835289526,770.0,542.8694267864963,True,2706.077388754928,0.0,9,0,0.0,0
58,6312042614,305.0,286.92372660500865,True,1093.619477611554,0.0,2,0,0.0,0
200,8145826357,720.0,515.0772919630773,True,2530.9869393673875,0.0,7,0,0.0,0
173,25257043,855.0,544.6957860100936,True,2717.58345186359,30.0,7,0,0.2719672822907437,0
109,11747638084,1185.0,643.4918758923601,True,3339.998818121861,330.0,11,5,5.833019653845639,0
246,881889766,745.0,542.2505907363783,True,2702.1787216391813,0.0,8,0,0.0,0
150,9791495,1010.0,581.7970394176143,True,2951.321348330971,230.0,5,6,4.777665590172872,0
149,4784457202,635.0,440.8496809880267,True,2063.3529902245677,5.0,4,0,0.0622807528471459,0
59,9521025,845.0,597.2717066322132,True,3048.8117517829387,0.0,3,0,0.0,0
54,25714234,775.0,562.9653249179299,True,2832.681546982958,0.0,10,0,0.0,0
272,311422343,865.0,605.3481326069815,True,3099.693235423983,0.0,10,0,0.0,0
105,256794593,425.0,339.2916848509202,True,1423.537614560798,50.0,1,0,0.0,0
225,1685938740,250.0,248.23625580940953,False,849.88841159928,0.0,3,0,0.0,0
68,107793,680.0,510.87631240028287,True,2504.5207681217807,0.0,5,0,0.0,0
94,25714232,615.0,473.0099357993634,True,2265.9625955359875,0.0,11,0,0.0,0
219,21666010,575.0,421.4731615794652,True,1941.2809179506298,15.0,4,1,0.21377586565773518,0
237,25533437,240.0,241.02256235739833,False,804.4421428516093,0.0,3,0,0.0,0
132,9512937,310.0,281.00253131063045,True,1056.3159472569712,0.0,6,0,0.0,0
175,2191480791,885.0,609.4699759394197,True,3125.660848418341,0.0,8,0,0.0,0
21,11817103992,1455.0,815.4020892078948,True,4423.033162009727,290.0,16,5,5.312729595324252,0
108,24973082,695.0,491.4053953186754,True,2381.853990507656,30.0,3,0,0.2719672822907437,0
159,21665583,890.0,606.426233148464,True,3106.485268835324,5.0,7,0,0.1351260130265559,0
20,25502540,890.0,560.0738564596726,True,2814.4652956959367,85.0,12,2,0.7316052911745843,0
43,108901,720.0,515.6708648637317,True,2534.7264486415106,0.0,11,0,0.0,0
1,25417428,190.0,211.50284323191016,False,618.4679123610341,0.0,0,0,0.0,0
103,10983187054,470.0,377.95732353365696,True,1667.1311382620393,0.0,8,0,0.0,0
258,1614926348,535.0,391.45065009233724,True,1752.139095581726,535.0,8,19,19.906826070522808,4
44,25503707,1035.0,653.285213561253,True,3401.6968454358926,80.0,13,0,0.6882207464223135,0
88,1607738730,685.0,467.71914560053216,True,2232.6306172833515,0.0,5,0,0.0,0
171,9791487,1125.0,600.213791104561,True,3067.346883958727,350.0,5,5,7.028028242780601,0
110,1684410105,525.0,419.77929227902945,True,1930.609541357886,0.0,12,0,0.0,0
107,3479117427,695.0,525.5635822883849,True,2597.0505684168243,0.0,9,0,0.0,0
202,1685751696,395.0,330.4889274491965,True,1368.0802429299376,0.0,1,0,0.0,0
5,107995,765.0,557.8233330320647,True,2800.286998102008,0.0,6,0,0.0,0
51,107799,375.0,312.70959253784264,True,1256.0704329884084,0.0,6,0,0.0,0
85,6521887911,320.0,282.5586708126396,True,1066.119626119629,0.0,5,0,0.0,0
265,11267145959,255.0,248.43556867636846,True,851.1440826611212,0.0,4,0,0.0,0
90,1614846675,280.0,267.38593815936764,True,970.5314104040157,0.0,0,0,0.0,0
227,9512924,815.0,574.2523233184169,True,2903.789636906026,0.0,8,0,0.0,0
75,7787603288,230.0,239.40990552910802,False,794.2824048333804,0.0,0,0,0.0,0
36,9515379,260.0,253.64905424295378,True,883.989041730609,0.0,2,0,0.0,0
113,25498827,1065.0,749.4919473791525,True,4007.799268488665,0.0,16,0,0.0,0
254,9775220678,1090.0,573.1466009172573,True,2896.8235857787213,350.0,6,6,6.0113743222294325,0
138,282686499,1125.0,726.8418639140947,True,3865.103742658797,35.0,7,0,0.4996761332961449,0
247,634568069,650.0,477.5996535426405,True,2294.8778173186342,0.0,7,0,0.0,0
39,1694551560,420.0,344.1280385946997,True,1454.0066431466082,0.0,5,0,0.0,0
291,25544143,580.0,430.70023998820676,True,1999.4115119257033,15.0,6,0,0.0,0
223,273194,225.0,233.48860756148417,False,756.97822763735,0.0,1,0,0.0,0
197,7787603288,845.0,604.186472310926,True,3092.37477555883,0.0,9,0,0.0,0
24,972172588,570.0,444.5043316131947,True,2086.377289163128,0.0,2,0,0.0,0
183,194250,1060.0,670.1538920398233,True,3507.969519850892,30.0,11,0,0.2719672822907437,0
210,5838132444,455.0,364.2890974468293,True,1581.0213139150248,0.0,4,0,0.0,0
130,862398887,195.0,216.55106168640208,False,650.2716886243329,0.0,2,0,0.0,0
276,107809,785.0,526.1671456436519,True,2600.853017555005,15.0,6,0,0.21377586565773518,0
139,1614926348,560.0,414.43209766108373,True,1896.922215264828,560.0,8,18,23.14786652065069,5
239,25533613,700.0,461.3303499307963,True,2192.381204564016,5.0,6,0,0.0622807528471459,0
162,25473300,625.0,467.879086686042,True,2233.638246122064,0.0,5,0,0.0,0
87,6065422037,465.0,364.23211190491855,True,1580.662305000987,20.0,5,0,0.0,0
275,25472873,380.0,313.289939304936,True,1259.7266176210974,0.0,3,0,0.0,0
225,25474658,90.0,155.95040838002862,False,268.4875727941802,0.0,0,0,0.0,0
282,499122580,315.0,289.03927909937687,True,1106.9474583260744,0.0,1,0,0.0,0
245,27502435,1580.0,769.8583487699572,True,4136.107597250733,495.0,7,0,0.9518854880176025,0
72,9521022,145.0,179.23752402140002,False,415.19640133482005,0.0,0,0,0.0,0
172,271949877,235.0,240.24902935066308,False,799.5688849091774,0.0,0,0,0.0,0
184,108229,210.0,228.0062461840747,False,722.4393509596705,0.0,1,0,0.0,0
290,6262789333,590.0,448.1216041972221,True,2109.1661064424998,0.0,11,0,0.0,0
253,14077667431,560.0,433.94696255611257,True,2019.8658641035108,0.0,7,0,0.0,0
185,6173783039,1095.0,611.0183693999237,True,3135.4157272195116,305.0,8,7,5.6100763183658975,0
283,8977566932,330.0,301.24939262714025,True,1183.8711735509833,0.0,6,0,0.0,0
6,6183125373,680.0,471.7121841628016,True,2257.7867602256492,25.0,11,0,0.6680909067663574,0
196,1188884060,340.0,302.6999258161814,True,1193.0095326419428,0.0,4,0,0.0,0
2,26559655,745.0,497.6461477144074,True,2421.170730600766,65.0,12,0,0.0,0
134,25473424,520.0,366.973231370943,True,1597.9313576369416,90.0,3,0,0.0,0
264,1614926348,545.0,423.20946710587003,True,1952.2196427669815,545.0,4,14,19.685113102040894,4
249,1685938740,495.0,386.6590510684222,True,1721.9520217310594,0.0,11,0,0.0,0
170,380496980,615.0,447.1405075906196,True,2102.9851978209044,0.0,14,0,0.0,0
256,108014,1415.0,766.4042537621797,True,4114.3467987017175,355.0,12,6,6.055962989325381,0
49,9512935,625.0,436.1045938488854,True,2033.4589412479775,45.0,7,1,1.7172700152326605,0
70,25257053,715.0,529.9653391245716,True,2624.781636484801,0.0,9,0,0.0,0
287,7203575448,1180.0,745.6014944226296,True,3983.2894148625664,65.0,17,0,0.0,0
12,1678452807,660.0,470.4899810771545,True,2250.086880786072,5.0,2,0,0.0622807528471459,0
153,25500900,645.0,470.9310287390147,True,2252.8654810557928,0.0,7,0,0.0,0
140,7013554275,610.0,467.462175920768,True,2231.011708300838,0.0,4,0,0.0,0
177,281455009,385.0,317.27889419950765,True,1284.8570334568979,0.0,3,0,0.0,0
128,281454988,495.0,392.64539445382997,True,1759.6659850591295,0.0,5,0,0.0,0
206,6183125372,490.0,393.9101193307234,True,1767.633751783557,0.0,4,0,0.0,0
218,21533908,430.0,360.72581048093974,True,1558.5726060299205,0.0,3,0,0.0,0
25,9167793401,615.0,434.79720417436033,True,2025.22238629847,70.0,11,0,0.0,0
187,25257039,620.0,432.2274372185931,True,2009.0328544771376,0.0,4,0,0.0,0
270,9512908,1035.0,701.9722473045123,True,3708.425158018424,5.0,14,1,0.07398053503694642,0
278,9789817,860.0,555.6607025132754,True,2786.662425833634,125.0,10,3,1.3126899004784591,0
155,5922202130,985.0,652.7742868908157,True,3398.478007412141,65.0,14,0,0.0,0
194,1684410090,1160.0,723.1169052854491,True,3841.636503298327,140.0,17,1,1.4702126885358742,0
214,298205891,740.0,531.939769992421,True,2637.220550952254,0.0,7,0,0.0,0
180,4252666506,500.0,395.98364872612416,True,1780.6969869745813,0.0,9,0,0.0,0
104,12765774269,965.0,660.4424192037762,True,3446.7872409837896,0.0,5,0,0.0,0
113,26699545,115.0,169.6330421888508,False,354.6881657897599,0.0,0,0,0.0,0
9,7787603288,1045.0,719.2270554803879,True,3817.1304495264444,0.0,11,0,0.0,0
77,2191480791,685.0,502.5654632062358,True,2452.1624181992847,0.0,6,0,0.0,0
11,1614926348,1150.0,754.4523931824828,True,4039.0500770496446,1150.0,12,31,40.80708644806683,4
82,7889967240,590.0,450.07204576052277,True,2121.453888291293,0.0,6,0,0.0,0
293,9512925,625.0,477.3825262964251,True,2293.5099156674783,0.0,5,0,0.0,0
232,281454988,410.0,333.218898552041,True,1385.279060877858,0.0,4,0,0.0,0
48,25257789,690.0,489.92181910109025,True,2372.5074603368666,0.0,8,0,0.0,0
143,13565582698,590.0,430.8662990537394,True,2000.4576840385578,0.0,11,0,0.0,0
98,14017207475,265.0,254.45162462608857,True,889.045235144358,0.0,1,0,0.0,0
36,1614978560,150.0,188.09926783128893,False,471.02538733712015,0.0,4,0,0.0,0
95,1782919585,775.0,564.9354502956083,True,2845.093336862334,0.0,12,0,0.0,0
38,435144778,1170.0,781.5868345225588,True,4209.997057492119,0.0,13,0,0.0,0
7,2919558521,1140.0,641.1565539125703,True,3325.286289649187,285.0,8,6,6.790922872055323,0
205,25473373,870.0,528.0619634595375,True,2612.790369795083,125.0,4,2,1.6296661857500114,0
151,104315,470.0,390.76474559958484,True,1747.8178972773835,0.0,7,0,0.0,0
161,293813458,640.0,477.05739779124025,True,2291.461606084813,5.0,8,0,0.047165060733006185,0
80,21665031,775.0,467.4442256908602,True,2230.8986218524205,140.0,4,1,2.2251545255348795,0
46,333650017,1175.0,676.3003187968284,True,3546.692008420016,200.0,14,2,1.7741465399557697,0
121,294158442,1040.0,681.4015148163879,True,3578.829543343242,0.0,14,0,0.0,0
122,9521035,1025.0,607.2462766298858,True,3111.6515427682766,180.0,8,1,1.6145203091219977,0
260,5630569824,510.0,409.46788824005705,True,1865.6476959123595,0.0,5,0,0.0,0
206,25502540,90.0,157.78522257127779,False,280.04690219904995,0.0,0,0,0.0,0
31,25533613,1075.0,712.8011679474664,True,3776.647358069044,0.0,10,0,0.0,0
83,1685938741,735.0,541.3415503761411,True,2696.4517673696887,0.0,12,0,0.0,0
133,25496788,470.0,385.1845078899625,True,1712.6623997067643,0.0,9,0,0.0,0
70,25500807,115.0,170.54797142791776,False,360.4522199958817,0.0,0,0,0.0,0
273,25472348,970.0,648.8500661155836,True,3373.755416528183,0.0,12,0,0.0,0
115,13565582698,295.0,278.4927193233924,True,1040.5041317373718,0.0,5,0,0.0,0
251,2624195128,425.0,357.79478527097524,True,1540.1071472071437,0.0,6,0,0.0,0
172,1694551549,155.0,193.51781670771967,False,505.16224525863396,0.0,1,0,0.0,0
281,25501773,435.0,363.5628666333128,True,1576.4460597898712,0.0,6,0,0.0,0
250,9512926,785.0,551.769109413936,True,2762.1453893077964,0.0,6,0,0.0,0
47,1700140657,580.0,426.5106239696194,True,1973.0169310086021,0.0,9,0,0.0,0
1,333719185,230.0,215.44593507974105,True,643.3093910023688,15.0,1,0,0.2141469142697764,0
174,25470694,840.0,603.4886491120964,True,3087.978489406212,0.0,13,0,0.0,0
236,25472669,495.0,391.0720643092476,True,1749.7540051482595,0.0,7,0,0.0,0
193,534993859,560.0,416.1849259456152,True,1907.9650334573757,0.0,3,0,0.0,0
277,108299,1200.0,799.2749704815976,True,4321.432314034064,40.0,8,0,0.0,0
292,383974165,1225.0,703.5517545002756,True,3718.376053351727,240.0,8,11,4.866842924364769,0
10,9398043798,795.0,541.2912128105298,True,2696.1346407063374,70.0,8,0,0.0,0
201,9512926,1130.0,591.6112762991257,True,3013.1510406844886,395.0,4,9,6.989415775446434,0
289,4171766884,545.0,416.1560500519582,True,1907.7831153273362,0.0,8,0,0.0,0
176,108252,1115.0,626.4696617296394,True,3232.758868896721,325.0,13,4,3.412993741243993,0
93,251347512,985.0,591.4557136158647,True,3012.1709957799444,255.0,9,1,2.677887396976056,0
263,9791503,745.0,540.5300051664098,True,2691.339032548376,0.0,8,0,0.0,0
148,110004,740.0,548.7174219137654,True,2742.9197580567193,0.0,11,0,0.0,0
18,21665361,505.0,390.0577082355017,True,1743.3635618836609,0.0,7,0,0.0,0
238,1938580083,880.0,587.5829169471895,True,2987.772376767289,5.0,5,0,0.1351260130265559,0
62,311153342,620.0,454.4588999466328,True,2149.0910696637848,0.0,7,0,0.0,0
199,25501773,410.0,339.4479193755809,True,1424.52189206616,0.0,2,0,0.0,0
230,12957095289,475.0,386.7703317055992,True,1722.6530897452744,0.0,5,0,0.0,0
99,1637789617,535.0,398.41326101234944,True,1796.0035443778013,5.0,5,0,0.047165060733006185,0
45,8421658424,585.0,427.2459477450682,True,1977.6494707939294,10.0,2,0,0.2702520260531118,0
181,107799,830.0,565.8948959030375,True,2851.1378441891384,60.0,10,0,0.0,0
279,1614926348,680.0,475.5854750718813,True,2282.1884929528505,680.0,12,21,28.594031554561425,4
50,1106056863,630.0,465.9914010144879,True,2221.7458263912745,0.0,7,0,0.0,0
272,109618,320.0,292.8424621384807,True,1130.9075114724283,0.0,2,0,0.0,0
250,25544143,50.0,135.12694301787892,False,137.29974101263707,0.0,0,0,0.0,0
222,7223704403,1245.0,841.652401261881,True,4588.410127949857,0.0,17,0,0.0,0
209,5922202129,855.0,608.5464845478659,True,3119.8428526515536,0.0,9,0,0.0,0
190,7787603305,1465.0,882.942344043464,True,4848.536767473817,210.0,17,0,1.903770976035207,0
164,5398463417,695.0,479.9301799360701,True,2309.560133597241,0.0,5,0,0.0,0
41,8972731452,525.0,406.11798200783375,True,1844.5432866493518,0.0,10,0,0.0,0
212,6356649592,725.0,546.2164981077784,True,2727.163938079006,0.0,7,0,0.0,0
216,2833445980,770.0,539.350181776013,True,2683.906145188884,0.0,11,0,0.0,0
63,333725797,410.0,341.9571945271167,True,1440.330325520835,0.0,5,0,0.0,0
107,1230855633,285.0,269.3473718855765,True,982.888442879132,0.0,5,0,0.0,0
114,669891669,875.0,611.0230315754399,True,3135.44509892527,0.0,10,0,0.0,0
53,8622639982,435.0,365.30939975075415,True,1587.4492184297521,0.0,3,0,0.0,0
141,500486430,695.0,511.95327227985194,True,2511.305615363067,0.0,4,0,0.0,0
144,701608618,950.0,570.9139982263986,True,2882.758188826303,205.0,10,1,1.8584430956534164,0
265,6859207542,285.0,270.8675824581039,True,992.4657694860547,0.0,6,0,0.0,0
226,26559655,675.0,499.06936783128197,True,2430.137017337078,0.0,13,0,0.0,0
33,21665081,445.0,329.9478139955251,True,1364.6712281718085,25.0,1,0,0.3562931094295586,0
233,25256273,815.0,584.9787719652305,True,2971.3662633809518,0.0,7,0,0.0,0
91,1106056866,460.0,374.89223911174247,True,1647.8211064039774,0.0,4,0,0.0,0
122,21533912,110.0,166.35522138956608,False,334.03789475426623,0.0,2,0,0.0,0
117,25256620,785.0,556.7929991273229,True,2793.795894502136,0.0,13,0,0.0,0
97,333650017,590.0,460.5134738988428,True,2187.234885562707,0.0,7,0,0.0,0
169,4243601512,400.0,341.6059540226164,True,1438.1175103424841,0.0,4,0,0.0,0
167,5838132444,1130.0,691.3377307885382,True,3641.4277039677895,150.0,13,0,1.3598364114537187,0
105,25533578,360.0,311.1501097801079,True,1246.2456916146796,0.0,4,0,0.0,0
187,9791489,210.0,218.7049716711801,False,663.8413215284345,0.0,4,0,0.0,0
255,4739043743,785.0,539.7286673201953,True,2686.2906041172296,30.0,11,0,0.0,0
248,6355365945,425.0,348.65426873704695,True,1482.5218930433948,0.0,6,0,0.0,0
73,21533912,1395.0,733.7248786348331,True,3908.4667353994364,410.0,18,1,1.5806458064741127,0
228,5630569824,450.0,356.51591206863384,True,1532.0502460323928,5.0,9,0,0.047165060733006185,0
3,1678452766,885.0,628.7290281882189,True,3246.9928775857766,0.0,16,0,0.0,0
158,6065422037,660.0,479.49657484441855,True,2306.8284215198346,0.0,10,0,0.0,0
116,25507334,1505.0,942.5532016944654,True,5224.085170675133,50.0,18,0,0.0,0
55,1700140657,690.0,495.65958320058604,True,2408.655374163691,0.0,7,0,0.0,0
173,13329450969,405.0,321.84255049376924,True,1313.6080681107462,10.0,4,0,0.6861833375194666,0
102,25472666,535.0,413.93842267392773,True,1893.8120628457461,0.0,3,0,0.0,0
196,25472904,270.0,263.22065269580145,True,944.2901119835491,0.0,1,0,0.0,0
195,5244680779,695.0,491.92885904539105,True,2385.1518119859634,20.0,7,0,0.0,0
224,1614978560,580.0,444.2906468462294,True,2085.031075131246,0.0,7,0,0.0,0
235,25476041,780.0,566.5133478215754,True,2855.0340912759216,0.0,6,0,0.0,0
255,438170563,20.0,121.95394283157006,False,54.309839838891385,0.0,0,0,0.0,0
14,5094593324,590.0,435.71626676026114,True,2031.0124805896462,0.0,6,0,0.0,0
118,25502834,815.0,556.3315560402272,True,2790.8888030534313,0.0,10,0,0.0,0
131,6287158541,450.0,367.435517127717,True,1600.8437579046167,0.0,7,0,0.0,0
262,9791487,1080.0,689.9603114229398,True,3632.7499619645178,20.0,7,0,0.2607465897200018,0
276,107996,325.0,286.3596193819473,True,1090.0656021062682,0.0,2,0,0.0,0
160,8972731452,550.0,423.3330244500468,True,1952.9980540352967,0.0,5,0,0.0,0
165,10264011839,1025.0,693.639513538016,True,3655.9289352895075,0.0,11,0,0.0,0
88,25544130,360.0,314.78718427401054,True,1269.1592609262664,0.0,3,0,0.0,0
67,1685938740,1180.0,778.3041385948676,True,4189.316073147662,0.0,11,0,0.0,0
46,334688530,170.0,203.60534962478567,False,568.7137026361497,0.0,0,0,0.0,0
213,108329,1220.0,817.2187082325621,True,4434.477861865142,5.0,17,0,0.0,0
146,2493654751,530.0,401.2571102178345,True,1813.9197943723575,0.0,4,0,0.0,0
241,9521034,475.0,377.1396756429898,True,1661.9799565508367,0.0,1,0,0.0,0
129,1678452766,700.0,489.65561200757185,True,2370.8303556477013,25.0,6,1,0.3562931094295586,0
29,1684410086,1015.0,640.1382778378028,True,3318.8711503781565,145.0,5,1,3.050205128205127,0
152,9791494,785.0,570.4171273698513,True,2879.6279024300616,0.0,11,0,0.0,0
32,25533613,680.0,376.4319208083724,True,1657.5211010927478,355.0,6,4,3.728039317358823,0
200,11707733695,450.0,363.4316866810729,True,1575.619626090759,0.0,3,0,0.0,0
144,1666324140,80.0,153.66590457230498,False,254.09519880552122,0.0,1,0,0.0,0
207,289996665,840.0,582.8082391201132,True,2957.691906456715,0.0,15,0,0.0,0
96,351771449,765.0,544.5647319787898,True,2716.757811466374,0.0,15,0,0.0,0
259,9512937,595.0,432.8600121256625,True,2013.018076391673,0.0,4,0,0.0,0
145,4347844132,705.0,522.165620745865,True,2575.643410698949,0.0,4,0,0.0,0
188,108258,1080.0,721.5444570388246,True,3831.7300793445943,20.0,10,0,0.18131152152716246,0
59,7162259986,460.0,376.0832402417112,True,1655.3244135227799,0.0,6,0,0.0,0
286,9791503,605.0,465.77165823846076,True,2220.361446902303,0.0,5,0,0.0,0
151,109391,220.0,233.65309621379214,False,758.0145061468905,0.0,4,0,0.0,0
14,2587253639,65.0,139.6600907540588,False,165.8585717505703,0.0,0,0,0.0,0
125,9791152,1035.0,658.6579608900535,True,3435.54515360733,120.0,14,1,1.0878691291629745,0
208,9791153,630.0,466.6004930774342,True,2225.583106387835,0.0,5,0,0.0,0
42,1614926348,1025.0,709.7160295679563,True,3757.2109862781303,1025.0,11,26,38.78578054669317,4
249,5393414954,340.0,298.43211709839545,True,1166.1223377198917,10.0,3,0,0.6861833375194666,0
244,4216272819,770.0,551.669833146951,True,2761.5199488257917,0.0,10,0,0.0,0
291,21665000,405.0,332.34687431579147,True,1379.785308189485,45.0,2,2,1.7172700152326605,0
159,82710879,450.0,348.65321973692414,True,1482.5152843426222,10.0,7,0,0.14276460951318426,0
186,25256620,685.0,504.67793905194895,True,2465.4710160272775,0.0,10,0,0.0,0
112,9475528,875.0,491.0010018604861,True,2379.3063117210645,350.0,9,3,3.6755317213396848,0
280,7192163376,540.0,426.26173536581956,True,1971.4489328046632,0.0,2,0,0.0,0
215,5016867339,1010.0,655.4227297362828,True,3415.1631973385806,0.0,9,0,0.0,0
111,1614926348,860.0,608.4206868223987,True,3119.050326981117,860.0,6,23,29.181857622851847,4
13,5323722004,710.0,528.9064855229448,True,2618.1108587945496,0.0,7,0,0.0,0
106,4684520653,700.0,487.17819074801906,True,2355.222601712521,0.0,14,0,0.0,0
27,25522907,570.0,427.8258009023317,True,1981.3025456846897,0.0,9,0,0.0,0
242,1685938740,650.0,492.37208983340383,True,2387.9441659504423,0.0,1,0,0.0,0
30,107715,890.0,635.0896015214538,True,3287.064489585159,0.0,8,0,0.0,0
76,1614846692,610.0,403.0916935836511,True,1825.4776695770024,155.0,7,7,4.7316615165753655,0
15,1667203485,750.0,528.6573152649818,True,2616.5410861693827,0.0,8,0,0.0,0
135,1684410073,1005.0,702.9510088341101,True,3714.5913556548976,0.0,11,0,0.0,0
23,1782020193,810.0,453.63778385812316,True,2143.918038306177,255.0,2,0,0.0,0
269,1025502817,735.0,540.1232642257705,True,2688.7765646223547,0.0,9,0,0.0,0
264,9791484,405.0,318.2346750989452,True,1290.8784531233546,0.0,4,0,0.0,0
86,8972731452,1260.0,805.7975538937701,True,4362.5245895307535,20.0,6,0,0.4207179487179487,0
136,4347844156,755.0,544.7037361104215,True,2717.633537495656,0.0,10,0,0.0,0
252,25544143,745.0,542.3988952687813,True,2703.113040193322,0.0,9,0,0.0,0
60,12978761148,660.0,486.0330024900425,True,2348.0079156872675,0.0,8,0,0.0,0
123,5393414954,705.0,504.43225891907537,True,2463.9232311901737,0.0,6,0,0.0,0
154,490253680,1245.0,823.9872818085429,True,4477.1198753938215,0.0,19,0,0.0,0
7,101995,310.0,272.59158128215694,True,1003.3269620775885,0.0,1,0,0.0,0
37,534993866,615.0,449.50793912590603,True,2117.900016493208,0.0,4,0,0.0,0
34,25507041,1400.0,655.8786456800085,True,3418.035467784037,520.0,3,0,0.0,0
217,12689154,1125.0,645.629154514802,True,3353.463673443255,350.0,11,4,3.6755317213396848,0
79,9760809038,740.0,519.6642144182991,True,2559.884550835283,0.0,3,0,0.0,0
209,9791487,225.0,234.92438429773546,False,766.0236210757333,0.0,4,0,0.0,0
184,2833445980,450.0,336.68792327708434,True,1407.1339166456307,0.0,4,0,0.0,0
70,1614926348,300.0,254.61912334634957,True,890.100477082002,300.0,3,20,24.499054760539423,4
271,25544127,755.0,533.0764243820641,True,2644.3814736070035,25.0,9,0,0.3562931094295586,0
71,1684410105,680.0,500.4072681376198,True,2438.5657892670047,0.0,6,0,0.0,0
162,25375812,475.0,303.5982444644636,True,1198.6689401261212,185.0,0,5,5.6682911612547775,0
28,2191480791,1115.0,745.7226686953439,True,3984.052812780664,0.0,12,0,0.0,0
178,21665248,730.0,536.5389062673485,True,2666.1951094842925,0.0,7,0,0.0,0
267,9512939,645.0,484.6070099112845,True,2339.0241624410905,0.0,14,0,0.0,0
52,25378119,805.0,517.8977205257117,True,2548.755639311979,100.0,3,5,3.0399677868945316,0
231,9294989257,860.0,610.0046925663105,True,3129.029563167751,0.0,8,0,0.0,0
121,306499809,330.0,294.3344814602653,True,1140.3072331996711,0.0,1,0,0.0,0
89,1587616047,920.0,644.5891823181564,True,3346.9118486043876,0.0,11,0,0.0,0
75,3733175891,510.0,390.3461656704937,True,1745.1808437241102,0.0,5,0,0.0,0
61,1230997557,875.0,617.7841782344619,True,3178.0403228771042,0.0,8,0,0.0,0
126,25473616,715.0,528.3988457452652,True,2614.9127281951696,0.0,6,0,0.0,0
22,25472464,1520.0,771.0313017597567,True,4143.4972010864585,525.0,10,0,0.0,0
281,25501320,315.0,277.97260434251587,True,1037.2274073578494,30.0,2,2,0.9119903360683598,0
98,1614926348,365.0,302.20568125269216,True,1189.8957918919602,365.0,4,19,23.93386947116695,4
51,9791156,535.0,362.2573370411157,True,1568.22122335903,125.0,1,1,1.8935109212763748,0
109,11707733694,625.0,446.9163037914248,True,2101.572713885976,0.0,4,0,0.0,0
141,4347844156,265.0,256.10549444660904,True,899.4646150136366,0.0,1,0,0.0,0
183,5922202130,535.0,420.3403669929119,True,1934.1443120553454,0.0,4,0,0.0,0
234,291924584,950.0,664.6565949965162,True,3473.336548478049,0.0,6,0,0.0,0
147,25533613,770.0,548.6638824662225,True,2742.582459537202,0.0,8,0,0.0,0
229,4784457202,865.0,623.6094152959452,True,3214.7393163644547,0.0,11,0,0.0,0
19,107988,745.0,540.1174254312465,True,2688.739780216851,0.0,7,0,0.0,0
156,6893923114,950.0,641.890528537948,True,3329.9103297890724,5.0,8,0,0.20453492974196408,0
78,12955269409,740.0,504.40700278152224,True,2463.7641175235917,75.0,10,1,1.0707345713488818,0
250,255562,295.0,265.5567633730289,True,959.0076092500816,0.0,6,0,0.0,0
65,1188884060,1080.0,754.7373574466991,True,4040.8453519142054,0.0,15,0,0.0,0
69,14077667431,780.0,547.5232049172463,True,2735.396190978656,0.0,10,0,0.0,0
175,4222962219,600.0,462.17382515939323,True,2197.6950985041785,0.0,3,0,0.0,0
214,9791487,445.0,372.38970746788016,True,1632.055157047645,0.0,7,0,0.0,0
119,108045,795.0,536.377388486455,True,2665.177547464667,0.0,12,0,0.0,0
2,21665582,510.0,408.9308133170245,True,1862.2641238972556,0.0,5,0,0.0,0
245,452396959,525.0,420.79574613872495,True,1937.0132006739666,0.0,2,0,0.0,0
247,5925666943,560.0,409.456915167319,True,1865.5785655541094,5.0,8,1,0.20453492974196408,0
138,1614926348,560.0,425.7044680785422,True,1967.938148894817,560.0,7,19,24.49592044015439,4
54,25532839,640.0,475.1628298920512,True,2279.5258283199214,0.0,1,0,0.0,0
132,21665584,610.0,466.8519675017752,True,2227.167395261183,0.0,9,0,0.0,0
100,26559368,700.0,514.4615319963509,True,2527.107651577011,0.0,8,0,0.0,0
197,383974165,565.0,429.1828675760679,True,1989.8520657292286,0.0,6,0,0.0,0
161,5393414955,405.0,337.8872994584157,True,1414.6899865880187,0.0,1,0,0.0,0
179,742854915,950.0,532.8104556443556,True,2642.7058705594413,335.0,5,4,3.5180089332822697,0
26,25256620,905.0,635.1777577764045,True,3287.619873991352,0.0,11,0,0.0,0
104,6355365945,465.0,375.2953441640172,True,1650.3606682333093,0.0,5,0,0.0,0
74,21665588,760.0,479.1696649954756,True,2304.768889471496,30.0,8,1,0.5608280391715227,0
261,1614926348,695.0,479.400379697121,True,2306.222392091864,695.0,5,16,24.714195495826523,4
127,108059,825.0,567.5095397629717,True,2861.31010050672,0.0,15,0,0.0,0
262,25714232,245.0,243.4548080294783,False,819.7652905857135,0.0,2,0,0.0,0
108,452236138,620.0,467.3660086306902,True,2230.405854373348,0.0,5,0,0.0,0
8,21665929,930.0,628.3936417281413,True,3244.879942887287,0.0,10,0,0.0,0
42,5112906885,175.0,204.31075356819434,False,573.1577474796244,0.0,2,0,0.0,0
221,107348,835.0,496.1343367127222,True,2411.6463212901485,145.0,11,5,2.3834635888020688,0
73,5398463417,280.0,251.34441340415577,True,869.4698044461813,0.0,1,0,0.0,0
225,1630526800,560.0,436.1325950336205,True,2033.6353487118085,0.0,10,0,0.0,0
4,21665719,690.0,440.9489440013979,True,2063.978347208807,185.0,8,3,5.688002608143618,0
55,26652357,275.0,263.53670896117944,True,946.2812664554302,0.0,1,0,0.0,0
150,25531001,675.0,485.32020110680355,True,2343.517266972863,0.0,5,0,0.0,0
16,2784682596,1030.0,659.9444722981783,True,3443.650175478522,15.0,13,0,0.047165060733006185,0
288,25257027,930.0,665.4594781795491,True,3478.3947125311615,0.0,11,0,0.0,0
244,21665589,185.0,205.70495992338095,False,581.9412475172999,0.0,0,0,0.0,0
84,266481785,750.0,535.3753614365316,True,2658.8647770501507,0.0,7,0,0.0,0
130,1694551549,590.0,414.9676234946159,True,1900.29602801608,35.0,6,0,0.0,0
286,4739043742,210.0,224.93909128715785,False,703.1162751090944,0.0,3,0,0.0,0
240,11170906155,1090.0,560.5583484422559,True,2817.5175951862016,350.0,5,5,3.6755317213396848,0
243,317930380,1205.0,718.8120645815586,True,3814.516006863818,210.0,11,4,4.417538461538461,0
36,1938580083,465.0,370.34887556416305,True,1619.197916054227,0.0,4,0,0.0,0
52,27503587,110.0,168.56588016045643,False,347.9650450108755,0.0,2,0,0.0,0
40,1317156147,810.0,587.2715316601841,True,2985.810649459158,0.0,12,0,0.0,0
142,9576731320,720.0,400.3869443461279,True,1808.437749380608,345.0,2,2,3.6230241253205464,0
292,194250,400.0,342.46262669256254,True,1443.514548163143,0.0,6,0,0.0,0
192,972535576,855.0,604.5228557904801,True,3094.4939914800216,0.0,13,0,0.0,0
21,500486430,665.0,469.4735837142289,True,2243.6835773996427,0.0,3,0,0.0,0
62,6477034137,385.0,316.3923802448964,True,1279.2719955428472,0.0,1,0,0.0,0
203,25505558,835.0,535.8070352601632,True,2661.5843221390246,70.0,12,0,0.0,0
3,25496783,325.0,296.27138535111146,True,1152.5097277120024,0.0,1,0,0.0,0
285,534993866,785.0,542.1571588547039,True,2701.5901007846333,0.0,7,0,0.0,0
198,1115431333,845.0,478.7757767022549,True,2302.287393224207,350.0,2,5,3.6755317213396848,0
279,8972731452,400.0,348.26501561757215,True,1480.0695983907049,0.0,10,0,0.0,0
204,1607738730,805.0,565.5892422910775,True,2849.212226433788,0.0,6,0,0.0,0
66,526994269,895.0,541.5453639450606,True,2697.735792853881,55.0,6,1,1.2875229454994446,0
50,25533129,405.0,346.8482642955095,True,1471.14406506171,0.0,6,0,0.0,0
76,26559618,220.0,231.57816220079133,False,744.9424218649851,0.0,1,0,0.0,0
167,12648068962,370.0,310.13978650372707,True,1239.8806549734802,15.0,7,0,0.0,0
144,10264011847,310.0,284.76003253000374,True,1079.9882049390237,0.0,3,0,0.0,0
121,3943984250,165.0,199.19178782397447,False,540.908263291039,0.0,1,0,0.0,0
143,108901,535.0,423.9264189504517,True,1956.736439387845,0.0,12,0,0.0,0
158,25533321,355.0,306.6065594853165,True,1217.6213247574942,0.0,6,0,0.0,0
206,9791495,500.0,377.8641981331788,True,1666.5444482390265,0.0,5,0,0.0,0
28,30514517,180.0,208.53174465560343,False,599.7499913303014,0.0,2,0,0.0,0
94,107835,745.0,512.3140125025218,True,2513.5782787658854,0.0,7,0,0.0,0
9,6521887917,570.0,441.6604786327006,True,2068.461015386014,0.0,7,0,0.0,0
191,105511,935.0,594.7755621950397,True,3033.08604182875,125.0,5,1,1.820875386368661,0
133,1614926348,510.0,383.41571114892434,True,1701.5189802382242,510.0,2,33,33.43860431521055,4
199,9791495,460.0,341.3001819854323,True,1436.1911465082235,10.0,1,0,0.2702520260531118,0
246,9791495,790.0,555.3834061882591,True,2784.9154589860327,0.0,8,0,0.0,0
137,2191480791,900.0,596.1670366322186,True,3041.852330782977,15.0,8,0,0.2323582159617627,0
159,2191480791,295.0,279.5869470271775,True,1047.3977662712177,5.0,1,1,0.20453492974196408,0
236,107793,505.0,377.3074154648421,True,1663.0367174285059,0.0,5,0,0.0,0
20,25473288,755.0,476.3968264520175,True,2287.300006647711,200.0,8,5,6.143997776177799,0
49,1106056866,655.0,352.77620296024185,True,1508.4900786495266,365.0,0,3,3.8330545093971,0
162,9791497,225.0,236.01517134905055,False,772.8955794990183,0.0,0,0,0.0,0
61,1614926348,210.0,226.2364848293446,False,711.2898544248704,210.0,2,18,30.997901440418758,7
166,281454988,955.0,650.2186521058087,True,3382.3775082665948,0.0,9,0,0.0,0
257,1685938739,970.0,560.6180808365646,True,2817.8939092703586,175.0,14,0,3.1040266890297663,0
43,669891670,770.0,563.2477801068243,True,2834.4610146729933,0.0,11,0,0.0,0
226,12725097483,460.0,381.1425847158006,True,1687.1982837095431,0.0,3,0,0.0,0
113,25496815,625.0,448.40027294553863,True,2110.9217195568935,0.0,4,0,0.0,0
31,2441998875,565.0,448.22285519719287,True,2109.8039877423143,0.0,9,0,0.0,0
107,691084080,475.0,366.94190994988634,True,1597.7340326842855,35.0,5,1,0.4996761332961449,0
27,25306041,325.0,299.1974150974985,True,1170.9437151142413,0.0,4,0,0.0,0
263,5393414954,515.0,380.78154071177386,True,1684.9237064841752,0.0,5,0,0.0,0
98,500486430,235.0,236.17318660055813,False,773.8910755835162,0.0,2,0,0.0,0
101,435144778,1040.0,701.5127280818358,True,3705.5301869155655,0.0,13,0,0.0,0
120,108300,1065.0,671.9905690128011,True,3519.5405847806487,115.0,11,0,0.0,0
93,9398043798,530.0,417.70639362456194,True,1917.55027983474,0.0,5,0,0.0,0
264,2476787985,305.0,278.88573874134767,True,1042.9801540704898,0.0,4,0,0.0,0
83,107790,585.0,444.3471548385161,True,2085.387075482651,0.0,10,0,0.0,0
23,30939237,310.0,283.7305278437618,True,1073.5023254156988,0.0,1,0,0.0,0
35,5094593324,1505.0,964.9102803950019,True,5364.93476648852,0.0,20,0,0.0,0
140,25471089,700.0,381.11184162850316,True,1687.0046022595714,370.0,3,5,3.885562105416238,0
146,25472769,425.0,355.08431869287045,True,1523.0312077650842,0.0,3,0,0.0,0
265,534993866,500.0,391.3569960341023,True,1751.5490750148444,10.0,6,0,0.35122643095029815,0
171,9522438146,800.0,574.7239358372505,True,2906.760795774678,0.0,10,0,0.0,0
163,1614926348,1135.0,679.3439628115874,True,3565.8669657129944,1135.0,10,38,39.23027813026746,4
134,5453319326,730.0,480.9600767193532,True,2316.0484833319238,85.0,11,0,1.3222617008750381,0
169,25257810,490.0,396.90739594249897,True,1786.5165944377422,0.0,3,0,0.0,0
139,25496592,775.0,508.525368799073,True,2489.70982343416,30.0,9,1,0.8749063022957806,0
4,380494808,190.0,214.90582924907315,False,639.9067242691607,0.0,1,0,0.0,0
254,26573673,790.0,576.5827719153361,True,2918.4714630666185,0.0,11,0,0.0,0
220,294651404,1080.0,720.4361724087877,True,3824.7478861753602,0.0,10,0,0.0,0
239,5393414954,775.0,525.7944217401019,True,2598.504856962639,75.0,5,2,1.5776923076923075,0
108,1667118178,205.0,225.0381970570526,False,703.7406414594312,0.0,2,0,0.0,0
213,25495442,445.0,363.56752732477645,True,1576.4754221460905,0.0,4,0,0.0,0
42,1317156147,210.0,227.78357586268183,False,721.0365279348953,0.0,3,0,0.0,0
275,25472672,780.0,530.3122701980811,True,2626.9673022479133,0.0,6,0,0.0,0
97,108267,505.0,379.8053314386738,True,1678.7735880636449,0.0,2,0,0.0,0
81,1614926348,1020.0,660.6827241280532,True,3448.3011620067373,1020.0,15,33,34.5028358910645,4
193,9789819,595.0,455.7517900820743,True,2157.236277517068,0.0,4,0,0.0,0
157,25475387,1075.0,592.5840295921872,True,3019.279386430765,340.0,12,3,3.570516529301408,0
186,108260,390.0,332.1504989310677,True,1378.548143265726,0.0,2,0,0.0,0
18,601141518,570.0,422.2431284897756,True,1946.1317094855863,55.0,9,1,1.4832525064646545,0
219,14069254029,870.0,607.0302401900329,True,3110.2905131972047,0.0,9,0,0.0,0
25,21665910,730.0,474.1411543938873,True,2273.0892726814914,0.0,4,0,0.0,0
259,25496592,455.0,357.63794775116537,True,1539.1190708323418,0.0,1,0,0.0,0
1,358992904,620.0,465.3930726885121,True,2217.9763579376267,0.0,9,0,0.0,0
252,10983187054,365.0,313.3023640433385,True,1259.8048934730327,0.0,6,0,0.0,0
282,109631,795.0,544.364308422458,True,2715.495143061482,5.0,9,1,0.0534666213433212,0
17,1188884060,1180.0,794.6470826270582,True,4292.276620550469,0.0,15,0,0.0,0
85,282686499,835.0,545.5467668981114,True,2722.9446314580996,0.0,14,0,0.0,0
89,108902,325.0,287.3933767228424,True,1096.578273353907,0.0,4,0,0.0,0
227,9515370,840.0,591.6879721098356,True,3013.6342242919686,0.0,11,0,0.0,0
233,1614926348,550.0,421.51738141654886,True,1941.5595029242584,550.0,7,24,26.73447987466541,4
71,107812,340.0,268.6823039016441,True,978.6985145803579,70.0,4,0,0.0,0
268,1137916914,1305.0,876.3016771770256,True,4806.700566215269,0.0,16,0,0.0,0
269,9515379,385.0,324.3787457701349,True,1329.5860983518496,0.0,4,0,0.0,0
78,21665361,295.0,276.5765720054705,True,1028.432403634464,0.0,3,0,0.0,0
105,452589682,555.0,426.9499301085855,True,1975.7845596840893,0.0,8,0,0.0,0
273,823745,650.0,493.2025040251488,True,2393.175775358439,0.0,4,0,0.0,0
44,2564873543,880.0,489.97977299623597,True,2372.872569876287,365.0,5,3,3.8330545093971,0
189,13329450969,1110.0,631.4523558776569,True,3264.149842029242,345.0,9,2,3.6230241253205464,0
115,6943650957,665.0,499.06244226762476,True,2430.0933862860347,0.0,9,0,0.0,0
96,108236,500.0,402.10045591309864,True,1819.2328722525217,0.0,3,0,0.0,0
185,11052055761,825.0,556.184539222228,True,2789.962597100038,35.0,11,1,0.4996761332961449,0
256,2191480791,805.0,583.2577488030371,True,2960.5238174591304,0.0,8,0,0.0,0
261,435144778,295.0,278.2889179027889,True,1039.22018278757,0.0,3,0,0.0,0
266,9295694734,1080.0,750.730227062082,True,4015.6004304911207,0.0,16,0,0.0,0
64,12058244775,980.0,682.3024717019456,True,3584.505571722261,0.0,13,0,0.0,0
291,21533907,460.0,372.1092835451167,True,1630.2884863342344,0.0,4,0,0.0,0
124,1409010786,1075.0,684.4695110700017,True,3598.1579197410083,10.0,12,0,0.4339159927128572,0
27,2946815216,130.0,177.59734698779033,False,404.863286023079,0.0,0,0,0.0,0
205,25500120,725.0,454.5374645769124,True,2149.5860268345496,70.0,11,0,1.0659872582227528,0
260,1614926348,710.0,495.27363458726177,True,2406.2238978997475,710.0,10,20,31.89452986671824,4
154,380496980,415.0,324.332096714839,True,1329.2922093034845,0.0,3,0,0.0,0
11,25306041,775.0,554.9801122529803,True,2782.3747071937764,0.0,4,0,0.0,0
90,109391,900.0,633.3422613815267,True,3276.0562467036134,0.0,12,0,0.0,0
156,108059,340.0,301.66474097486633,True,1186.4878681416576,15.0,3,0,0.0,0
201,3887905014,675.0,486.487041231256,True,2350.868359756912,35.0,8,0,0.0,0
245,435144778,335.0,306.1107116926452,True,1214.4974836636648,0.0,5,0,0.0,0
184,1666324226,410.0,338.954630547358,True,1421.4141724483547,0.0,3,0,0.0,0
180,6762589361,795.0,570.1562021249255,True,2877.9840733870346,0.0,7,0,0.0,0
58,25498869,1005.0,713.4932360043914,True,3781.0073868276645,0.0,6,0,0.0,0
270,10996228332,820.0,584.9903477113721,True,2971.4391905816433,0.0,7,0,0.0,0
238,21666011,665.0,468.2658871186437,True,2236.075088847455,10.0,6,0,0.4339159927128572,0
132,1685938656,335.0,282.9944652693309,True,1068.8651311967844,0.0,3,0,0.0,0
99,3442281747,665.0,485.81767795837675,True,2346.651371137773,0.0,7,0,0.0,0
116,9176400299,595.0,447.754657054248,True,2106.8543394417625,0.0,9,0,0.0,0
215,25472291,495.0,394.46470528356264,True,1771.127643286445,0.0,2,0,0.0,0
24,2951109677,910.0,618.4666197005985,True,3182.339704113769,0.0,9,0,0.0,0
244,14023072777,315.0,285.94272314869346,True,1087.4391558367684,0.0,3,0,0.0,0
211,25531002,1200.0,682.4457057832155,True,3585.4079464342412,340.0,8,4,3.570516529301408,0
125,500486430,515.0,406.01800273750877,True,1843.9134172463048,0.0,10,0,0.0,0
294,25502541,1070.0,593.6185446006014,True,3025.7968309837793,360.0,10,6,3.570516529301408,0
47,11582793599,725.0,528.6054305688214,True,2616.2142125835767,0.0,5,0,0.0,0
114,21665582,660.0,485.26983881379135,True,2343.199984526886,0.0,5,0,0.0,0
223,11505302183,930.0,651.3948573878863,True,3389.7876015436855,0.0,10,0,0.0,0
153,9791495,860.0,588.2972102207718,True,2992.272424390865,0.0,4,0,0.0,0
284,108309,1385.0,911.8539630459975,True,5030.679967189787,25.0,10,0,0.0,0
292,108895,315.0,286.09130457137496,True,1088.3752187996618,0.0,2,0,0.0,0
165,1667203543,600.0,466.67984842394037,True,2226.0830450708227,0.0,8,0,0.0,0
39,9791156,945.0,595.144656648472,True,3035.411336885374,95.0,10,2,1.4471106269749516,0
77,10845640242,835.0,584.7659202844316,True,2970.02529779192,0.0,9,0,0.0,0
122,1309470394,675.0,488.7641328876284,True,2365.214037192058,0.0,8,0,0.0,0
218,9383554958,880.0,617.0530399099212,True,3173.4341514325056,0.0,5,0,0.0,0
293,25544143,835.0,595.5340253328435,True,3037.8643595969147,0.0,9,0,0.0,0
155,9512924,865.0,610.6220759142799,True,3132.9190782599603,0.0,10,0,0.0,0
168,102020,1070.0,648.3729380858728,True,3370.7495099409934,60.0,16,0,0.8565876570791056,0
196,25471086,650.0,490.65343590420895,True,2377.1166461965163,0.0,10,0,0.0,0
104,25503799,390.0,310.8548546792142,True,1244.3855844790498,0.0,2,0,0.0,0
269,9791489,125.0,177.28936442910202,False,402.92299590334255,0.0,0,0,0.0,0
5,2337311458,990.0,654.1653229135385,True,3407.24153435529,0.0,10,0,0.0,0
128,6287158541,895.0,579.6537440318006,True,2937.818587400341,30.0,10,1,0.39111988458000274,0
160,9791490,630.0,478.1716645576354,True,2298.481486713103,0.0,7,0,0.0,0
182,12725097483,1200.0,795.027828400049,True,4294.675318920307,0.0,9,0,0.0,0
68,12546153248,1045.0,725.1721639597728,True,3854.584632946561,0.0,13,0,0.0,0
59,358992920,595.0,461.0852632632568,True,2190.8371585585173,0.0,2,0,0.0,0
212,25524243,720.0,520.3412500489057,True,2564.149875308105,0.0,6,0,0.0,0
138,1685938740,420.0,356.21401357659914,True,1530.148285532575,0.0,3,0,0.0,0
286,12978761148,385.0,329.4086979471055,True,1361.2747970667647,0.0,4,0,0.0,0
133,1684410084,290.0,264.93212369114747,True,955.0723792542287,0.0,1,0,0.0,0
157,972535469,180.0,208.5239683624765,False,599.7010006836019,0.0,2,0,0.0,0
84,1691133703,395.0,331.10833404498663,True,1371.982504483416,0.0,7,0,0.0,0
161,6065422037,420.0,338.665132157909,True,1419.5903325948266,0.0,6,0,0.0,0
225,7162259986,405.0,347.6421589371832,True,1476.1456013042546,0.0,5,0,0.0,0
278,5094593324,910.0,599.7346039107355,True,3064.328004637632,0.0,9,0,0.0,0
34,102020,515.0,418.40326774918384,True,1921.940586819858,0.0,3,0,0.0,0
248,298205891,695.0,526.0857766977421,True,2600.340393195776,0.0,4,0,0.0,0
272,9521029,755.0,455.19030203125897,True,2153.698902796932,220.0,6,6,4.627897435897436,0
32,21665965,650.0,461.71810712211277,True,2194.824074869311,0.0,3,0,0.0,0
148,9760819194,765.0,553.9746601164024,True,2776.040358733332,0.0,9,0,0.0,0
63,1678452766,745.0,526.333222316306,True,2601.899300592726,0.0,11,0,0.0,0
174,107715,805.0,434.85171958272946,True,2025.565833371198,345.0,4,3,3.6230241253205464,0
186,9791487,195.0,217.33933439199683,False,655.23780666958,0.0,3,0,0.0,0
251,2191480791,815.0,553.5928621282121,True,2773.635031407741,0.0,4,0,0.0,0
136,2441107350,550.0,430.1680154851488,True,1996.0584975564382,0.0,9,0,0.0,0
135,108214,560.0,419.4592528367442,True,1928.5932928714894,0.0,9,0,0.0,0
263,21665965,260.0,253.3691710425706,True,882.2257775681946,0.0,5,0,0.0,0
53,1230374510,740.0,527.5578964980524,True,2609.6147479377287,0.0,11,0,0.0,0
288,25531001,415.0,353.31631712220184,True,1511.892797869871,0.0,4,0,0.0,0
274,109661,1155.0,772.5976877490197,True,4153.365432818828,0.0,20,0,0.0,0
169,9791482,230.0,239.36692686490966,False,794.0116392489309,0.0,1,0,0.0,0
16,25544135,420.0,352.01806024158003,True,1503.7137795219553,0.0,5,0,0.0,0
66,25257618,365.0,320.65980678590773,True,1306.1567827512185,0.0,1,0,0.0,0
9,25473260,335.0,300.7692320792403,True,1180.8461620992132,0.0,2,0,0.0,0
100,8421658424,455.0,366.086957162856,True,1592.3478301259927,0.0,7,0,0.0,0
12,21563009,960.0,673.1637060404768,True,3526.9313480550018,10.0,8,0,0.35122643095029815,0
60,12292980260,560.0,410.17244741866705,True,1870.0864187376017,0.0,4,0,0.0,0
167,107801,360.0,311.51584977626646,True,1248.5498535904785,0.0,1,0,0.0,0
110,25533437,1050.0,670.8260519372834,True,3512.204127204884,40.0,12,2,0.8414358974358975,0
67,21665582,690.0,450.09249631229693,True,2121.58272676747,55.0,7,0,0.0,0
202,25533578,1055.0,667.3746691843793,True,3490.4604158615844,0.0,9,0,0.0,0
150,3175297197,450.0,364.0937927533874,True,1579.7908943463412,0.0,2,0,0.0,0
149,21533911,1125.0,703.5033480076269,True,3718.0710924480513,10.0,13,0,0.4339159927128572,0
129,21533908,695.0,505.86383244829887,True,2472.942144424283,0.0,7,0,0.0,0
177,4917827758,975.0,681.1849179793055,True,3577.4649832696227,0.0,8,0,0.0,0
103,5922202129,1085.0,729.0739491459324,True,3879.16587961938,0.0,15,0,0.0,0
281,742854915,540.0,407.8633548133447,True,1855.5391353240723,5.0,6,0,0.0534666213433212,0
72,9475528,1030.0,699.5413573379972,True,3693.1105512293793,0.0,10,0,0.0,0
126,452417806,560.0,448.9536420775871,True,2114.4079450887984,0.0,8,0,0.0,0
102,452514269,755.0,525.7300450200041,True,2598.099283626026,0.0,15,0,0.0,0
194,3442281746,965.0,615.3633044354368,True,3162.788817943253,30.0,6,1,1.056110601173038,0
210,4784457207,1070.0,711.4320781046388,True,3768.022092059223,0.0,8,0,0.0,0
36,25532842,460.0,364.300791861223,True,1581.0949887257045,0.0,3,0,0.0,0
279,1938580083,425.0,320.25752361577787,True,1303.6223987794003,0.0,1,0,0.0,0
262,1678452814,500.0,364.204181311993,True,1580.4863422655553,0.0,2,0,0.0,0
217,25257284,605.0,381.1762368911985,True,1687.4102924145507,200.0,3,0,4.207179487179486,0
219,1685751700,270.0,262.92983119749096,True,942.4579365441928,0.0,2,0,0.0,0
92,12346819547,1345.0,789.8679739278202,True,4262.168235745278,0.0,10,0,0.0,0
190,25256949,830.0,580.2122840501899,True,2941.337389516191,0.0,9,0,0.0,0
97,1947328065,285.0,268.4365657722066,True,977.1503643649015,0.0,3,0,0.0,0
216,443449146,830.0,572.2626965227835,True,2891.254988093536,0.0,11,0,0.0,0
175,7567469020,540.0,423.8225946392748,True,1956.0823462274332,0.0,6,0,0.0,0
224,1678452766,780.0,559.4161282186641,True,2810.321607777581,0.0,8,0,0.0,0
222,2191480791,850.0,597.0875129431829,True,3047.6513315420516,0.0,8,0,0.0,0
276,6270734170,765.0,559.1757119963667,True,2808.80698557711,0.0,10,0,0.0,0
277,970857026,900.0,609.3780199901213,True,3125.0815259377623,0.0,11,0,0.0,0
75,109836,600.0,458.9921667110278,True,2177.6506502794746,0.0,3,0,0.0,0
180,4249404285,200.0,221.28525359009393,False,680.0970976175915,0.0,2,0,0.0,0
220,25473616,315.0,289.20020013615465,True,1107.9612608577738,0.0,2,0,0.0,0
29,25473408,760.0,532.8406931454025,True,2642.896366816033,0.0,7,0,0.0,0
289,12650816262,890.0,616.0772619049696,True,3167.2867500013103,25.0,11,0,0.0,0
170,452219937,1055.0,711.2830520445551,True,3767.0832278806993,0.0,17,0,0.0,0
187,25531002,815.0,514.0036446442837,True,2524.22296125899,170.0,6,4,3.5761025641025626,0
69,1614926348,560.0,427.0406129261072,True,1976.3558614344756,560.0,4,24,28.058671325586346,4
232,317930342,990.0,656.2264398901891,True,3420.226571308197,0.0,10,0,0.0,0
15,9791156,675.0,489.15541334444725,True,2367.6791040700173,10.0,9,0,0.17074907207056414,0
172,25496762,925.0,489.4182078460145,True,2369.3347094298974,350.0,6,5,3.6755317213396848,0
45,21665582,875.0,610.9156512469307,True,3134.768602855661,25.0,10,0,0.0,0
151,1455776376,730.0,516.0591327697276,True,2537.1725364492845,5.0,10,0,0.0,0
208,108258,720.0,528.4017988692309,True,2614.9313328761536,0.0,6,0,0.0,0
199,12292980260,420.0,352.5955257959201,True,1507.3518125142966,0.0,5,0,0.0,0
181,823745,880.0,581.2057026257374,True,2947.595926542143,0.0,9,0,0.0,0
56,972535469,1260.0,779.3029444893767,True,4195.608550283075,60.0,7,0,0.8565876570791056,0
47,4239701265,205.0,211.29312985741257,False,617.1467181016991,0.0,1,0,0.0,0
22,11170906155,625.0,420.3979274229429,True,1934.5069427645392,65.0,6,2,1.5442982297337668,0
246,311422343,430.0,362.7389789478463,True,1571.2555673714317,0.0,6,0,0.0,0
176,107860,915.0,651.0239372712588,True,3387.450804808929,0.0,8,0,0.0,0
252,25531002,315.0,286.887941721618,True,1093.3940328461933,0.0,1,0,0.0,0
65,25502544,590.0,438.20879022145056,True,2046.7153783951403,25.0,7,0,0.8215845631759193,0
37,25256260,680.0,501.85776238324047,True,2447.7039030144156,0.0,6,0,0.0,0
235,108045,825.0,585.276838830975,True,2973.244084635143,0.0,10,0,0.0,0
112,25375976,735.0,511.1175513981485,True,2506.0405738083377,0.0,4,0,0.0,0
88,25473373,810.0,551.2116509956605,True,2758.6334012726566,15.0,9,0,0.19555994229000134,0
290,5922202130,1120.0,629.2879405183611,True,3250.514025265664,345.0,9,5,3.6230241253205464,0
179,2934851453,590.0,447.2685235241894,True,2103.791698202395,0.0,9,0,0.0,0
6,255562,1120.0,697.5045410974751,True,3680.278608914093,10.0,7,0,0.4339159927128572,0
87,1614926348,1145.0,654.7336720077636,True,3410.8221336489014,1145.0,3,32,38.22307432528194,4
26,107791,595.0,423.09068532520615,True,1951.471317548799,80.0,9,0,0.0,0
123,108214,705.0,503.2022405959581,True,2456.174115754535,0.0,4,0,0.0,0
105,25472159,320.0,286.9398945451881,True,1093.7213356346845,0.0,4,0,0.0,0
43,4709189403,435.0,359.9253821510255,True,1553.5299075514602,0.0,6,0,0.0,0
234,292252720,635.0,477.09897014587887,True,2291.7235119190373,0.0,10,0,0.0,0
62,1843345666,550.0,407.492420541612,True,1853.2022494121563,0.0,2,0,0.0,0
178,107793,685.0,504.2775992132837,True,2462.948875043687,0.0,6,0,0.0,0
135,4784457207,165.0,190.55086736009807,False,486.4704643686179,0.0,0,0,0.0,0
68,108040,210.0,225.49400020432648,False,706.6122012872569,0.0,1,0,0.0,0
109,11799957533,650.0,480.67173322091776,True,2314.2319192917817,0.0,6,0,0.0,0
33,108209,915.0,643.129949061327,True,3337.7186790863598,0.0,16,0,0.0,0
231,1700140657,695.0,514.0326847288344,True,2524.4059137916574,0.0,6,0,0.0,0
209,21665932,720.0,504.0372595872652,True,2461.434735399769,0.0,7,0,0.0,0
38,383974165,1050.0,621.4927101041249,True,3201.4040736559823,225.0,3,3,4.733076923076924,0
260,21665911,320.0,277.1352182383484,True,1031.951874901595,40.0,5,0,0.0,0
294,108258,280.0,264.85736669106285,True,954.6014101536954,0.0,3,0,0.0,0
242,1678452758,785.0,557.5731522092311,True,2798.710858918151,10.0,10,0,0.17074907207056414,0
147,1614926348,670.0,498.43185051358284,True,2426.120658235574,670.0,6,19,26.356595770159064,4
57,13169144517,1540.0,943.8762285840744,True,5232.420240079667,55.0,18,0,0.0,0
113,1843345666,475.0,368.92858986646223,True,1610.250116158712,0.0,2,0,0.0,0
54,255562,655.0,471.30026623129635,True,2255.191677257166,0.0,9,0,0.0,0
117,21665361,935.0,527.8126764690772,True,2611.2198617551876,255.0,5,2,5.1241968076569275,0
99,3892184068,315.0,289.36872206928166,True,1109.0229490364738,0.0,0,0,0.0,0
253,108300,1190.0,805.3331501130899,True,4359.598845712463,0.0,17,0,0.0,0
255,1697772135,900.0,486.28041831417556,True,2349.566635379307,385.0,10,4,3.7805469133779614,0
119,1684410075,670.0,489.5332137495932,True,2370.0592466224357,0.0,7,0,0.0,0
212,1678452820,245.0,244.0411419935669,False,823.4591945594715,0.0,1,0,0.0,0
162,1630526800,510.0,399.76704821757255,True,1804.5324037707076,0.0,8,0,0.0,0
257,273194,500.0,397.0480881953119,True,1787.4029556304656,0.0,7,0,0.0,0
258,1607738730,1265.0,711.7546422490587,True,3770.054246169063,345.0,12,4,3.6230241253205464,0
76,8097790920,580.0,398.7114655374763,True,1797.8822328860992,50.0,4,0,0.7431409939043575,0
94,4301399715,565.0,411.47160342162294,True,1878.2711015562243,0.0,7,0,0.0,0
280,6521923987,830.0,455.7024368154949,True,2156.92535193762,345.0,9,2,3.6230241253205464,0
201,25502834,350.0,295.624090849488,True,1148.431772351774,0.0,2,0,0.0,0
10,25470679,1035.0,569.2406544236254,True,2872.216122868841,350.0,9,2,3.6755317213396848,0
21,9789819,625.0,465.70641124893933,True,2219.950390868319,0.0,6,0,0.0,0
227,14727249,415.0,319.1847476404033,True,1296.8639101345411,45.0,7,1,1.526462235762365,0
207,11170906155,895.0,596.6903411871047,True,3045.1491494787556,5.0,10,0,0.04280564489016864,0
264,11747202443,485.0,390.96460286466834,True,1749.076998047411,0.0,1,0,0.0,0
195,11747638084,940.0,516.8256740295426,True,2542.0017463861222,355.0,8,4,3.728039317358823,0
237,101995,1310.0,858.3155969553982,True,4693.388260819014,0.0,18,0,0.0,0
229,10983187054,715.0,524.4949321791975,True,2590.3180727289423,0.0,12,0,0.0,0
120,9521033,500.0,389.463293584032,True,1739.6187495794022,0.0,8,0,0.0,0
129,9521025,215.0,227.99115694860888,False,722.3442887762359,0.0,3,0,0.0,0
58,21665000,365.0,310.46374090693735,True,1241.9215677137056,0.0,4,0,0.0,0
144,9931305335,600.0,455.64979051532475,True,2156.5936802465453,0.0,8,0,0.0,0
2,500486430,715.0,523.5860328051822,True,2584.5920066726485,0.0,6,0,0.0,0
44,107319,425.0,358.44407052389704,True,1544.1976443005517,0.0,6,0,0.0,0
270,25533203,375.0,327.0912965965067,True,1346.6751685579923,0.0,2,0,0.0,0
59,107780,305.0,282.223038955725,True,1064.0051454210673,0.0,3,0,0.0,0
285,107793,640.0,442.99821038359494,True,2076.8887254166475,55.0,5,0,0.49860668419969667,0
121,2047806108,615.0,460.25889851308557,True,2185.63106063244,0.0,9,0,0.0,0
188,107818,920.0,644.6066892387723,True,3347.0221422042596,0.0,5,0,0.0,0
287,107320,1230.0,703.7789418023507,True,3719.8073333547964,170.0,8,2,3.3361455256056423,0
1,2191588310,475.0,339.46719117103805,True,1424.643304377539,45.0,3,1,0.6688268945139217,0
211,1614846702,385.0,321.35741263332585,True,1310.5516995899532,0.0,5,0,0.0,0
158,9791487,630.0,480.0841110297925,True,2310.5298994876894,0.0,0,0,0.0,0
247,21665719,745.0,493.02232138697616,True,2392.0406247379497,75.0,15,0,0.0,0
261,26559655,430.0,337.41162155336457,True,1411.6932157861972,0.0,6,0,0.0,0
41,21665006,1045.0,604.181904396644,True,3092.345997698856,165.0,10,3,3.230966038426155,0
71,25256256,470.0,365.8642494796567,True,1590.944771721838,0.0,3,0,0.0,0
214,2215490966,755.0,536.2560087022722,True,2664.412854824314,0.0,12,0,0.0,0
178,1685751707,125.0,174.46655066943225,False,385.1392692174232,0.0,1,0,0.0,0
82,338504649,1200.0,815.3084572337228,True,4422.44328057246,0.0,13,0,0.0,0
186,10600115027,305.0,282.35098277449737,True,1064.8111914793335,0.0,3,0,0.0,0
103,4243601512,270.0,263.43885308417555,True,945.6647744303059,0.0,3,0,0.0,0
108,1614926348,535.0,418.90262778848944,True,1925.086555067484,535.0,4,24,30.23816534493768,4
95,10559192943,1180.0,740.4079456719307,True,3950.5700577331627,105.0,9,3,1.6763225864834987,0
241,25500900,980.0,643.983499097052,True,3343.0960443114295,30.0,5,1,1.056110601173038,0
66,4705981002,305.0,286.1118198228941,True,1088.504464884233,0.0,1,0,0.0,0
46,12650816262,990.0,560.5072564291738,True,2817.195715503797,355.0,16,8,3.728039317358823,0
230,1283446717,1090.0,741.4423220848975,True,3957.0866291348552,0.0,11,0,0.0,0
55,104315,745.0,539.7909903287338,True,2686.683239071022,0.0,7,0,0.0,0
118,1667203485,1015.0,714.1263052729289,True,3784.995723219447,0.0,9,0,0.0,0
67,9791484,305.0,281.16988914456357,True,1057.3703016107502,0.0,5,0,0.0,0
276,25417431,235.0,238.57720583135784,False,789.0363967375541,0.0,3,0,0.0,0
80,1616713423,1185.0,774.9566486449752,True,4168.2268864633415,0.0,17,0,0.0,0
243,255562,735.0,510.2739648726133,True,2500.7259786974637,0.0,12,0,0.0,0
292,1614926348,410.0,341.82268257157364,True,1439.482900200914,410.0,8,12,18.135541701985176,4
89,2450775063,520.0,415.154695646631,True,1901.474582573774,0.0,5,0,0.0,0
163,108060,575.0,449.41349896004954,True,2117.3050434483116,0.0,5,0,0.0,0
267,108045,860.0,606.8420504339508,True,3109.1049177338914,0.0,14,0,0.0,0
32,25544136,350.0,292.9359796210352,True,1131.496671612521,15.0,2,0,0.5185050795591126,0
111,25257284,945.0,659.2176448761214,True,3439.0711627195647,0.0,11,0,0.0,0
283,489796745,1325.0,860.0420292895401,True,4704.264784524102,65.0,14,0,0.17074907207056414,0
3,6262789333,735.0,529.6408042924015,True,2622.73706704213,0.0,11,0,0.0,0
218,21590614,410.0,351.0643184900661,True,1497.7052064874154,0.0,5,0,0.0,0
134,12648068962,590.0,458.18073979909786,True,2172.5386607343144,0.0,9,0,0.0,0
204,21665031,720.0,439.5858031998892,True,2055.3905601592996,135.0,10,2,1.6763225864834987,0
145,108300,1010.0,708.2560277269696,True,3748.0129746799093,0.0,14,0,0.0,0
42,11618689213,580.0,412.4903117577625,True,1884.688964073904,25.0,6,0,0.21634382389925177,0
28,25257618,695.0,511.0627244386456,True,2505.6951639634694,0.0,8,0,0.0,0
256,9778345904,505.0,375.5020843797145,True,1651.6631315922011,30.0,3,0,0.9213250159659697,0
226,107319,640.0,484.44014940228897,True,2337.9729412344204,0.0,12,0,0.0,0
184,25476020,480.0,355.53207922303244,True,1525.8520991051043,25.0,5,0,0.21634382389925177,0
249,14728072,980.0,555.2464358339221,True,2784.05254575371,350.0,7,5,3.6755317213396848,0
246,12437380988,240.0,236.48051376016716,False,775.8272366890528,0.0,3,0,0.0,0
159,2191480791,675.0,455.5594709046271,True,2156.024666699151,50.0,3,3,0.7431409939043575,0
101,25472291,630.0,484.29736246131984,True,2337.073383506313,0.0,7,0,0.0,0
128,276071560,410.0,342.0928337720335,True,1441.1848527638115,0.0,4,0,0.0,0
91,108045,1105.0,619.9545743816421,True,3191.7138186043335,345.0,9,4,3.6230241253205464,0
161,12921761055,390.0,336.9585156905013,True,1408.8386488501587,0.0,3,0,0.0,0
39,108305,445.0,364.60918902512293,True,1583.0378908582743,0.0,4,0,0.0,0
223,25532843,460.0,373.5281894359834,True,1639.2275934466961,0.0,3,0,0.0,0
225,25473373,405.0,318.16131386812793,True,1290.4162773692062,0.0,1,0,0.0,0
51,5393414955,880.0,493.23096936063564,True,2393.355106972007,350.0,6,3,3.6755317213396848,0
191,1607738730,715.0,519.1812450809822,True,2556.841844010186,0.0,6,0,0.0,0
215,1843345666,490.0,382.90523286083123,True,1698.302967023237,0.0,5,0,0.0,0
202,26559618,375.0,313.3734555152878,True,1260.252769746313,0.0,3,0,0.0,0
139,1684410086,625.0,471.7344306536407,True,2257.926913117936,0.0,9,0,0.0,0
50,12292980260,755.0,542.1852320933174,True,2701.7669621879004,0.0,4,0,0.0,0
221,1174754892,825.0,591.377757477209,True,3011.6798721064183,0.0,7,0,0.0,0
173,1614926342,1100.0,724.6454175312609,True,3851.2661304469475,1100.0,14,23,29.74272888524817,0
269,9167793401,440.0,363.29867495317336,True,1574.7816522049932,0.0,4,0,0.0,0
228,452168037,1110.0,745.0674684445715,True,3979.9250512008034,0.0,17,0,0.0,0
287,4239164192,120.0,170.31631531945135,False,358.9927865125434,0.0,0,0,0.0,0
42,9046520718,35.0,129.39835569417366,False,101.20964087329403,0.0,0,0,0.0,0
137,3378994807,720.0,528.4540877944333,True,2615.2607531049275,0.0,4,0,0.0,0
288,25257292,415.0,348.08707138598487,True,1478.9485497317044,0.0,4,0,0.0,0
165,26699543,490.0,386.5261786429773,True,1721.1149254507573,0.0,4,0,0.0,0
52,11783244661,820.0,525.3787945718697,True,2595.8864058027766,105.0,4,3,2.7032075887356997,0
232,21665911,320.0,292.630542591894,True,1129.5724183289326,0.0,5,0,0.0,0
68,3378994807,250.0,246.43066187304743,False,838.5131698001987,0.0,1,0,0.0,0
149,107812,400.0,330.1291739458595,True,1365.8137958589143,0.0,7,0,0.0,0
96,9791495,585.0,431.7799430895577,True,2006.2136414642132,30.0,6,0,0.4282938285395528,0
250,2271422636,905.0,639.5135603256139,True,3314.9354300513664,0.0,11,0,0.0,0
40,6266808745,840.0,585.3416278840544,True,2973.6522556695404,25.0,10,0,0.0,0
49,25472806,740.0,534.6316301769708,True,2654.1792701149147,0.0,14,0,0.0,0
126,108045,395.0,342.1951064384903,True,1441.8291705624893,0.0,3,0,0.0,0
166,9789820,745.0,491.5177961728287,True,2382.5621158888207,100.0,7,0,0.906557607635812,0
192,9702441401,845.0,577.646251202856,True,2925.1713825779866,5.0,8,0,0.0,0
106,734769756,1055.0,709.4120723993668,True,3755.296056116011,0.0,10,0,0.0,0
233,2337311458,640.0,455.8051059698251,True,2157.5721676099,25.0,7,0,0.21634382389925177,0
13,1614926348,1060.0,722.0938253219989,True,3835.19109952859,1060.0,12,32,38.89600249213805,4
164,14077667431,1220.0,767.4018535360062,True,4120.631677276843,125.0,15,1,1.1331970095447652,0
268,25544130,640.0,479.0550985221329,True,2304.0471206894363,0.0,9,0,0.0,0
130,6065422037,880.0,600.0898712157359,True,3066.5661886591333,25.0,7,0,0.0,0
4,9512924,695.0,510.0308802418595,True,2499.1945455237137,5.0,17,0,0.0,0
275,14727249,680.0,494.36723999112024,True,2400.5136119440554,0.0,2,0,0.0,0
203,9512928,845.0,586.6272929806277,True,2981.7519457779517,0.0,11,0,0.0,0
30,6943758097,1050.0,706.9190967766733,True,3739.590309693041,0.0,14,0,0.0,0
78,21665583,635.0,441.7648196348339,True,2069.118363699452,75.0,4,0,0.0,0
67,333722489,140.0,184.489201874139,False,448.2819718070757,0.0,2,0,0.0,0
179,4360406511,320.0,287.12293953343834,True,1094.8745190606617,0.0,2,0,0.0,0
182,14017207475,515.0,405.01977780625646,True,1837.624600179415,0.0,10,0,0.0,0
155,109832,530.0,403.092009834795,True,1825.4796619592087,0.0,10,0,0.0,0
22,9512937,355.0,316.6810368950261,True,1281.090532438665,0.0,4,0,0.0,0
73,1678452758,910.0,610.7233301155217,True,3133.556979727786,0.0,8,0,0.0,0
127,1685751700,925.0,589.9563237644549,True,3002.724839716067,40.0,14,1,0.3626230430543249,0
122,9475518,545.0,428.7516790206888,True,1987.1355778303398,0.0,6,0,0.0,0
266,306499809,630.0,475.8868773822986,True,2284.0873275084814,0.0,11,0,0.0,0
56,2946815216,370.0,312.8338335355497,True,1256.8531512739628,0.0,2,0,0.0,0
252,435144778,365.0,322.5753420540579,True,1318.224654940565,0.0,2,0,0.0,0
157,25714234,520.0,406.30114560083274,True,1845.6972172852454,0.0,7,0,0.0,0
151,3531897238,395.0,338.35068593110526,True,1417.6093213659638,0.0,5,0,0.0,0
168,12453538825,550.0,425.92775735740366,True,1969.344871351642,0.0,6,0,0.0,0
193,21665910,710.0,476.43596214781724,True,2287.5465615312473,55.0,6,2,0.49860668419969667,0
282,526994269,690.0,514.0268502961269,True,2524.3691568656013,0.0,9,0,0.0,0
124,25473616,640.0,463.56796738252785,True,2206.478194509926,0.0,7,0,0.0,0
24,12765774269,610.0,467.14866763913966,True,2229.0366061265795,0.0,6,0,0.0,0
231,110004,325.0,296.1082322818741,True,1151.4818633758066,0.0,2,0,0.0,0
286,1678452742,545.0,415.28262415975377,True,1902.2805322064476,0.0,5,0,0.0,0
156,9512915,645.0,471.08076189668486,True,2253.8087999491127,0.0,9,0,0.0,0
8,1619500438,960.0,653.4869000824242,True,3402.967470519274,0.0,13,0,0.0,0
140,25544119,765.0,546.9289704054153,True,2731.652513554117,0.0,7,0,0.0,0
14,11767208,1145.0,644.4600808909994,True,3346.098509613295,345.0,8,5,3.6230241253205464,0
104,25473293,580.0,444.4488825272656,True,2086.0279599217743,0.0,8,0,0.0,0
248,108060,560.0,438.2398064148217,True,2046.9107804133764,0.0,3,0,0.0,0
204,844784035,185.0,206.5213101278305,False,587.0842538053319,0.0,1,0,0.0,0
197,3552338823,990.0,607.9854710346841,True,3116.3084675185087,125.0,10,2,1.6763225864834987,0
33,1619500281,365.0,320.25288947479555,True,1303.593203691212,0.0,4,0,0.0,0
31,1678452758,825.0,514.8269235742521,True,2529.409618517789,140.0,10,3,2.079353547326184,0
77,25475478,620.0,445.31416512568956,True,2091.479240291845,0.0,6,0,0.0,0
70,60728181,1090.0,697.916239063247,True,3682.8723060984494,15.0,9,0,0.35637651455394626,0
271,1685751707,1095.0,723.6162843822063,True,3844.7825916079014,0.0,8,0,0.0,0
272,1678452758,580.0,389.62834092113746,True,1740.6585478031666,20.0,6,0,0.17158414715343287,0
150,108045,540.0,418.0890850779016,True,1919.9612359907799,0.0,6,0,0.0,0
5,2784682598,615.0,467.398635055884,True,2230.611400852068,0.0,7,0,0.0,0
195,21563009,330.0,288.2430093598113,True,1101.9309589668114,0.0,4,0,0.0,0
23,107352,830.0,587.5294817596465,True,2987.4357350857786,0.0,8,0,0.0,0
133,14791174,610.0,437.9913014043248,True,2045.3451988472475,30.0,4,0,0.34310886966158394,0
6,454373621,435.0,362.8683518352041,True,1572.0706165617864,0.0,4,0,0.0,0
25,13329450969,785.0,557.4907311104913,True,2798.1916059960945,0.0,4,0,0.0,0
285,1614926348,315.0,293.03819557511645,True,1132.1406321232334,315.0,3,22,32.30483783823362,7
244,11198147395,690.0,459.6805153887112,True,2181.987246948882,50.0,5,0,0.5480474604701862,0
152,454368529,1255.0,723.4400436863506,True,3843.672275223998,340.0,6,4,3.570516529301408,0
208,4784457207,480.0,372.18547720618756,True,1630.768506398981,0.0,2,0,0.0,0
45,9791152,495.0,384.7101868835977,True,1709.6741773666665,0.0,2,0,0.0,0
171,1678452766,835.0,474.36851234003575,True,2274.5216277422255,350.0,5,2,3.6755317213396848,0
259,26652357,795.0,533.8323623720333,True,2649.143882943808,35.0,15,0,0.17158414715343287,0
20,25473423,900.0,570.5010883740871,True,2880.156856756747,50.0,8,0,0.21634382389925177,0
206,25476041,945.0,652.7171430454788,True,3398.1180011865176,0.0,8,0,0.0,0
100,10544188931,595.0,426.1027605597529,True,1970.4473915264434,15.0,5,0,0.12859771846688506,0
240,102025,1015.0,681.2098613997414,True,3577.6221268183704,0.0,11,0,0.0,0
196,12398519156,650.0,461.2317771052254,True,2191.760195762921,30.0,9,0,0.4282938285395528,0
209,9789808,415.0,340.1749817805983,True,1429.1023852177689,0.0,5,0,0.0,0
132,7567469020,715.0,532.1614475503901,True,2638.6171195674574,0.0,5,0,0.0,0
79,25500885,1145.0,702.4235886452859,True,3711.2686084652964,25.0,14,0,0.21634382389925177,0
115,108253,765.0,544.3105651860071,True,2715.156560671844,0.0,8,0,0.0,0
53,454368529,620.0,465.2184358908073,True,2216.876146112086,0.0,6,0,0.0,0
102,21665361,565.0,429.06028320401833,True,1989.079784185315,0.0,5,0,0.0,0
254,108055,850.0,593.9844564855168,True,3028.102075858756,0.0,11,0,0.0,0
12,4074522300,610.0,462.38387874597834,True,2199.018436099664,0.0,7,0,0.0,0
263,603751942,625.0,465.88202203321987,True,2221.0567388092845,0.0,6,0,0.0,0
114,500486430,710.0,517.7489521840128,True,2547.8183987592815,0.0,6,0,0.0,0
154,25626799,750.0,552.7093767686329,True,2768.0690736423867,0.0,12,0,0.0,0
245,1317141252,740.0,552.4590544674909,True,2766.4920431451937,0.0,5,0,0.0,0
180,9020945997,530.0,415.81478377945865,True,1905.6331378105883,0.0,5,0,0.0,0
116,9513010,730.0,533.819911109828,True,2649.065439991918,0.0,8,0,0.0,0
48,12957095286,1510.0,876.0158251492128,True,4804.899698440032,340.0,11,7,3.570516529301408,0
188,4301399715,350.0,309.2048181693781,True,1233.9903544670817,0.0,3,0,0.0,0
7,268272727,1175.0,667.4594113800761,True,3490.994291694472,330.0,9,1,3.4655013372631314,0
177,26845543,595.0,449.76116477212906,True,2119.4953380644124,0.0,11,0,0.0,0
293,6914171275,685.0,498.7903454097759,True,2428.379176081588,0.0,14,0,0.0,0
141,12198144,1110.0,755.3529724627218,True,4044.7237265151516,0.0,10,0,0.0,0
167,1667203511,625.0,478.16368582138495,True,2298.4312206747263,0.0,5,0,0.0,0
86,1619464655,1210.0,761.6338090481833,True,4084.292997003559,50.0,13,1,0.5480474604701862,0
217,4216274136,575.0,434.66435713783454,True,2024.385449968357,0.0,8,0,0.0,0
280,108045,415.0,342.4553014757227,True,1443.468399297054,0.0,6,0,0.0,0
253,742854915,435.0,360.2225529031997,True,1555.4020832901576,0.0,5,0,0.0,0
148,1607738730,660.0,481.83750565615543,True,2321.57628563378,0.0,6,0,0.0,0
35,6521883874,900.0,603.0955485477186,True,3085.5019558506256,10.0,11,0,0.08579207357671643,0
18,771982972,865.0,550.7726078461678,True,2755.867429430856,90.0,5,4,3.0573497265894516,0
108,25475391,345.0,309.86572374448184,True,1238.1540595902359,0.0,3,0,0.0,0
25,25257319,70.0,146.77270791376878,False,210.6680598567433,0.0,0,0,0.0,0
146,25475387,900.0,601.486663455962,True,3075.3659797725577,15.0,6,1,0.35637651455394626,0
194,110031,605.0,458.969455685156,True,2177.507570816482,0.0,7,0,0.0,0
174,107319,670.0,444.90959365211506,True,2088.930440008324,40.0,6,1,0.4282938285395528,0
120,1684410073,415.0,354.02120986085527,True,1516.3336221233894,0.0,3,0,0.0,0
281,454368529,625.0,458.70576623294926,True,2175.8463272675817,0.0,11,0,0.0,0
265,1685938596,910.0,613.4383138188749,True,3150.6613770589083,0.0,6,0,0.0,0
160,2476787985,715.0,464.5657325526671,True,2212.764115081802,20.0,8,0,0.17158414715343287,0
57,7192163376,475.0,391.6796271711422,True,1753.5816511781961,0.0,6,0,0.0,0
64,271242424,830.0,592.3604288845814,True,3017.8707019728604,0.0,14,0,0.0,0
239,107793,920.0,554.6865145860099,True,2780.5250418918613,170.0,8,1,2.481633301226739,0
88,4580163090,555.0,434.539890957774,True,2023.6013130339763,0.0,4,0,0.0,0
119,9167793401,480.0,366.1258841450547,True,1592.593070113845,0.0,6,0,0.0,0
128,21665911,330.0,299.56339044820635,True,1173.2493598237,0.0,3,0,0.0,0
214,452168032,405.0,349.3929117656855,True,1487.1753441238177,0.0,6,0,0.0,0
130,1614926348,235.0,238.2616563935668,False,787.0484352794706,235.0,0,14,20.235954033771698,4
178,1614926348,410.0,351.30647155025457,True,1499.2307707666043,410.0,3,12,19.1913738535351,4
110,452486137,695.0,497.01493148483246,True,2417.1940683544435,0.0,6,0,0.0,0
151,9512939,205.0,217.21396077307662,False,654.4479528703828,0.0,5,0,0.0,0
198,6943758097,1080.0,596.4453810191502,True,3043.6059004206472,340.0,4,6,3.570516529301408,0
153,25501328,795.0,547.0421844541853,True,2732.3657620613667,0.0,11,0,0.0,0
262,1614926348,645.0,356.3371469831262,True,1530.9240259936964,645.0,5,18,24.380201557052214,4
111,255576,365.0,288.68540432226365,True,1104.7180472302607,0.0,2,0,0.0,0
84,5094593324,740.0,449.5829039242192,True,2118.372294722583,240.0,4,0,0.0,0
189,21665000,875.0,590.3987525894017,True,3005.512141313226,60.0,11,0,0.0,0
242,25533129,525.0,418.8749090242835,True,1924.9119268529864,0.0,5,0,0.0,0
29,1614926348,620.0,473.5700089533493,True,2269.491056406102,620.0,6,21,25.23264717251257,4
156,12026767,195.0,213.13114209032113,False,628.726195169023,0.0,2,0,0.0,0
19,25496780,1200.0,788.5917098863272,True,4254.127772283856,10.0,7,2,0.34567005303940845,0
202,1678452807,330.0,281.626738229556,True,1060.2484508462026,0.0,6,0,0.0,0
25,9046526383,65.0,144.86791235847548,False,198.6678478583953,0.0,0,0,0.0,0
47,9522532106,610.0,469.265736092689,True,2242.374137383939,0.0,6,0,0.0,0
220,3326326775,635.0,470.2686769924387,True,2248.692665052363,0.0,7,0,0.0,0
138,21665712,765.0,544.2913190067967,True,2715.035309742821,0.0,11,0,0.0,0
264,603751942,495.0,400.07630867702125,True,1806.4807446652335,0.0,5,0,0.0,0
16,109717,735.0,526.9338604068972,True,2605.6833205634503,0.0,7,0,0.0,0
99,10845640242,525.0,369.281567880199,True,1612.4738776452525,75.0,6,7,2.079353547326184,0
235,293294720,600.0,468.01185496032303,True,2234.4746862500338,0.0,10,0,0.0,0
83,1684410113,990.0,648.4490137366204,True,3371.2287865407093,0.0,8,0,0.0,0
92,9512937,665.0,488.27644226459944,True,2362.1415862669774,0.0,8,0,0.0,0
90,1614926342,860.0,595.8111797882132,True,3039.610432665743,860.0,4,27,25.02274155842009,0
251,8916243,745.0,541.9895841155393,True,2700.5343799278985,0.0,5,0,0.0,0
258,1614926348,515.0,398.1158771579754,True,1794.1300260952446,515.0,3,21,30.328216465249053,4
121,25501320,470.0,376.894937298152,True,1660.4381049783574,0.0,2,0,0.0,0
159,338501923,375.0,321.5407667252289,True,1311.706830368942,0.0,2,0,0.0,0
277,1684410094,655.0,485.9383948420043,True,2347.4118875046274,0.0,7,0,0.0,0
4,14791188,280.0,264.5132982634143,True,952.4337790595097,0.0,5,0,0.0,0
107,812264903,1020.0,683.9030118262307,True,3594.5889745052555,0.0,11,0,0.0,0
269,21666011,345.0,299.0454916499593,True,1169.9865973947435,0.0,3,0,0.0,0
225,9791487,360.0,306.91919979606934,True,1219.5909587152366,0.0,2,0,0.0,0
215,25501958,355.0,303.7813732261499,True,1199.8226513247444,0.0,4,0,0.0,0
123,194250,595.0,448.7516771373612,True,2113.135565965375,0.0,7,0,0.0,0
288,2564873531,340.0,284.48672333471035,True,1078.266357008675,25.0,5,0,0.43856044706179,0
284,438170563,835.0,532.0126999622822,True,2637.6800097623777,105.0,7,1,3.0027717859460132,0
136,1700140657,775.0,521.792990811965,True,2573.2958421153794,40.0,4,1,1.2284333546212929,0
62,5568839679,610.0,453.3928371921982,True,2142.374874310848,0.0,6,0,0.0,0
27,3567188665,905.0,554.4552798954034,True,2779.068263341039,0.0,7,0,0.0,0
241,13565582698,465.0,360.70732640623663,True,1558.456156359291,5.0,3,0,0.0529622618222127,0
243,2453162764,440.0,346.98972720523113,True,1472.035281392957,0.0,5,0,0.0,0
131,25498869,1465.0,748.8775485901617,True,4003.928556118001,575.0,12,0,0.0,0
158,26699537,490.0,386.45430602112145,True,1720.6621279330664,0.0,2,0,0.0,0
183,1685938741,1255.0,744.4376676008967,True,3975.957305885648,155.0,14,6,4.678785043086058,0
172,108253,680.0,512.5577510274456,True,2515.113831472906,0.0,10,0,0.0,0
290,1678452807,645.0,464.70633087255317,True,2213.6498844970847,0.0,5,0,0.0,0
278,107812,810.0,558.2718234687717,True,2803.112487853261,0.0,10,0,0.0,0
89,5247841988,455.0,379.2986436840866,True,1675.5814552097456,0.0,2,0,0.0,0
165,7279228683,370.0,325.58350520721416,True,1337.1760828054491,0.0,1,0,0.0,0
76,107806,570.0,424.1069282715095,True,1957.873648110509,0.0,5,0,0.0,0
203,1678452758,325.0,294.63256873373456,True,1142.1851830225273,0.0,8,0,0.0,0
98,1614926340,1060.0,693.1235540667348,True,3652.678390620431,45.0,9,1,0.9466153846153847,0
65,452486132,665.0,493.76900293473886,True,2396.744718488854,0.0,9,0,0.0,0
234,108055,640.0,485.312560209127,True,2343.4691293174997,0.0,5,0,0.0,0
9,266481798,800.0,585.008784710867,True,2971.5553436784576,0.0,5,0,0.0,0
275,1614949613,340.0,305.2596256156502,True,1209.1356413785963,0.0,7,0,0.0,0
85,6460816408,1005.0,715.7402206123444,True,3795.1633898577725,0.0,14,0,0.0,0
21,634568069,575.0,440.9662114835647,True,2064.0871323464576,0.0,2,0,0.0,0
135,2191480791,650.0,466.54467777252466,True,2225.2314699669064,0.0,5,0,0.0,0
54,5811245211,610.0,473.1943506841743,True,2267.124409310298,0.0,2,0,0.0,0
223,14077667431,435.0,341.4933681399572,True,1437.4082192817305,0.0,0,0,0.0,0
127,25503802,335.0,293.7693950598919,True,1136.7471888773189,0.0,4,0,0.0,0
137,11170906155,405.0,326.58175648736164,True,1343.4650658703779,0.0,4,0,0.0,0
52,12283867782,400.0,324.4324940181853,True,1329.9247123145674,0.0,6,0,0.0,0
246,6313625295,455.0,365.5927774268688,True,1589.2344977892728,0.0,6,0,0.0,0
279,8098784582,765.0,549.9144347688858,True,2750.4609390439828,0.0,8,0,0.0,0
210,9421095550,765.0,514.3791572525123,True,2526.5886906908277,70.0,6,2,1.9278926006523813,0
11,380496980,960.0,555.3156329619851,True,2784.488487660501,225.0,4,2,4.868388001757358,0
231,14008789952,320.0,291.57928888225894,True,1122.9495199582311,0.0,3,0,0.0,0
273,435144778,1000.0,689.5541028645619,True,3630.1908480467414,0.0,11,0,0.0,0
66,11170906155,515.0,406.0494153614089,True,1844.1113167768765,0.0,4,0,0.0,0
170,1493458889,745.0,537.9355313482156,True,2674.9938474937594,0.0,5,0,0.0,0
212,4222962185,625.0,439.97472628008774,True,2057.840775564552,55.0,8,2,1.561773316768009,0
179,108258,370.0,324.00981852510614,True,1327.261856708168,0.0,1,0,0.0,0
272,26591534,275.0,259.8455743069681,True,923.0271181338987,0.0,4,0,0.0,0
97,1614846702,780.0,563.1006868393256,True,2833.534327087751,0.0,6,0,0.0,0
200,3892184068,1520.0,794.430469529396,True,4290.911958035187,590.0,11,0,0.0,0
195,25533578,280.0,263.5432645198098,True,946.3225664748012,0.0,1,0,0.0,0
176,452169196,730.0,523.9650923349719,True,2586.9800817103214,0.0,6,0,0.0,0
61,21665114,1155.0,669.2831426316653,True,3502.483798579486,200.0,7,9,6.09823481662863,0
155,21533912,380.0,305.37180415099584,True,1209.8423661512736,25.0,1,0,0.5459050767034269,0
74,11866625772,1315.0,843.3956128867519,True,4599.392361186537,5.0,17,1,0.17283502651970423,0
227,107801,640.0,465.1952070641183,True,2216.729804503946,0.0,2,0,0.0,0
90,1667203550,135.0,182.98192966484575,False,438.78615688852824,0.0,0,0,0.0,0
66,25498827,45.0,133.60427307036437,False,127.70692034329531,0.0,0,0,0.0,0
283,107996,535.0,428.0199310321145,True,1982.5255655023204,0.0,2,0,0.0,0
163,1614926348,550.0,431.4280499668153,True,2003.9967147909379,550.0,5,17,19.649305297396673,4
151,25475387,180.0,207.8855552439358,False,595.6789980367952,0.0,2,0,0.0,0
41,9791487,600.0,470.77268945662024,True,2251.867943576708,0.0,8,0,0.0,0
143,11200374910,1245.0,691.9475459548963,True,3645.2695395158566,285.0,8,0,0.0,0
185,1611442272,1050.0,707.6372251588533,True,3744.1145185007776,0.0,12,0,0.0,0
56,9789819,410.0,337.8028066672463,True,1414.1576820036528,0.0,1,0,0.0,0
255,108045,690.0,506.70715155693966,True,2478.2550548087183,0.0,11,0,0.0,0
34,25607361,930.0,646.4241482974202,True,3358.4721342737485,0.0,4,0,0.0,0
26,25504263,755.0,543.2032692274587,True,2708.180596132992,0.0,8,0,0.0,0
139,107987,510.0,403.0444812800316,True,1825.1802320642,0.0,4,0,0.0,0
291,9521033,1065.0,614.7713077013296,True,3159.0592385183763,160.0,6,5,3.3657435897435883,0
57,26591532,245.0,249.6716908445519,False,858.9316523206767,0.0,1,0,0.0,0
58,107715,670.0,489.74711638865926,True,2371.4068332485535,0.0,6,0,0.0,0
98,273194,135.0,182.39527801202556,False,435.09025147576085,0.0,4,0,0.0,0
232,9791487,510.0,391.7816639632402,True,1754.2244829684137,10.0,4,1,0.34567005303940845,0
284,21665582,180.0,200.5917989857024,False,549.7283336099249,0.0,1,0,0.0,0
145,289996665,580.0,449.4912253888195,True,2117.794719949563,0.0,5,0,0.0,0
253,9512925,295.0,269.4074137579986,True,983.266706675391,0.0,5,0,0.0,0
132,5244680779,340.0,296.0448535865028,True,1151.082577594967,0.0,3,0,0.0,0
6,1678452742,360.0,317.1082069346948,True,1283.7817036885763,0.0,4,0,0.0,0
2,9054849009,690.0,493.6838524433057,True,2396.208270392826,0.0,6,0,0.0,0
264,110055,215.0,229.93349425450288,False,734.5810138033678,0.0,1,0,0.0,0
227,14728072,75.0,149.63481631934135,False,228.69934281185039,0.0,0,0,0.0,0
260,8253476912,765.0,528.4054447800416,True,2614.9543021142663,25.0,8,0,0.5459050767034269,0
201,333722489,730.0,534.8903018255351,True,2655.8089015008704,0.0,7,0,0.0,0
274,6287158541,960.0,659.6002392309188,True,3441.4815071547905,0.0,3,0,0.0,0
36,1497135177,900.0,621.4387829817991,True,3201.064332785335,0.0,8,0,0.0,0
63,6983321037,975.0,595.4779881076079,True,3037.5113250779305,190.0,8,0,2.4770926023400173,0
252,21665911,470.0,368.60183858295056,True,1608.1915830725877,0.0,5,0,0.0,0
60,9791495,960.0,530.8535455504765,True,2630.3773369680057,210.0,8,7,4.417538461538461,0
128,25256289,265.0,258.2425774141933,True,912.9282377094179,0.0,1,0,0.0,0
82,4171766884,680.0,494.1092443406743,True,2398.8882393462486,0.0,6,0,0.0,0
37,3147915554,845.0,589.3813679585063,True,2999.102618138585,0.0,8,0,0.0,0
218,1938580050,625.0,461.5907133241731,True,2194.021493942291,0.0,8,0,0.0,0
134,503556078,625.0,453.30001092353325,True,2141.790068818259,0.0,2,0,0.0,0
222,7223704403,900.0,641.8018667310811,True,3329.3517604058125,0.0,8,0,0.0,0
248,21665589,440.0,349.38483725109216,True,1487.124474681881,0.0,6,0,0.0,0
186,2337311458,690.0,485.11940838585235,True,2342.252272830868,5.0,7,0,0.0865538842002512,0
83,11582793599,250.0,245.67773233223022,False,833.7697136930502,5.0,4,0,0.0,0
221,25256620,600.0,437.4080763965037,True,2041.670881297973,0.0,4,0,0.0,0
142,669891669,1405.0,780.7077301572133,True,4204.458699990435,365.0,9,6,7.63943967925256,0
117,1614846678,790.0,575.3856750194004,True,2910.9297526222244,0.0,9,0,0.0,0
257,21665360,785.0,539.1295656611754,True,2682.516263665406,0.0,8,0,0.0,0
190,25532341,930.0,595.6639591510414,True,3038.6829426515646,0.0,5,0,0.0,0
8,25533613,475.0,373.01744837874054,True,1636.0099247860655,0.0,6,0,0.0,0
87,1614926348,855.0,477.4622895786231,True,2294.0124243453274,855.0,11,19,30.008715813616547,5
72,5932959891,955.0,513.3027071900116,True,2519.8070552970744,295.0,8,5,5.562094944842106,0
73,2191480791,525.0,394.55408822596524,True,1771.6907558235825,0.0,8,0,0.0,0
195,9379487497,145.0,189.98674008075508,False,482.91646250875704,0.0,0,0,0.0,0
236,25532341,1315.0,721.6978593258474,True,3832.696513752824,375.0,12,1,4.051317953860099,0
28,25375955,650.0,485.2962042133204,True,2343.3660865439197,0.0,7,0,0.0,0
55,107324,695.0,514.7904980916691,True,2529.180137977513,0.0,8,0,0.0,0
144,25257618,760.0,549.3112142187729,True,2746.6606495782707,0.0,4,0,0.0,0
75,3552338823,935.0,637.4812653799085,True,3302.131971893425,5.0,7,0,0.17283502651970423,0
101,6273263209,655.0,475.2335103329589,True,2279.9711150976423,0.0,9,0,0.0,0
127,9791495,205.0,208.8741725875588,False,601.9072873016204,10.0,3,1,0.1915387703449634,0
183,1667118178,255.0,253.75157393135424,False,884.6349157675314,0.0,1,0,0.0,0
217,110031,385.0,322.4611482642606,True,1317.505234064841,0.0,5,0,0.0,0
51,25257045,650.0,471.2300060747393,True,2254.7490382708597,0.0,12,0,0.0,0
289,3378994807,940.0,585.5886996605857,True,2975.2088078616866,85.0,8,3,2.388555108635367,0
240,2191480791,430.0,353.27414361526695,True,1511.6271047761807,0.0,6,0,0.0,0
31,1614926348,485.0,394.2328757458489,True,1769.667117198849,485.0,7,28,37.6371124161621,7
292,11331184983,710.0,422.6644720214919,True,1948.7861737353999,240.0,4,3,3.128959076640022,0
258,108260,305.0,269.01921992961053,True,980.8210855565459,0.0,0,0,0.0,0
224,1614846702,965.0,660.4095500444129,True,3446.5801652798045,0.0,6,0,0.0,0
46,9046526383,730.0,524.1449124018011,True,2588.1129481313437,0.0,5,0,0.0,0
228,438170606,645.0,490.46964888980375,True,2375.9587880057625,0.0,7,0,0.0,0
95,823745,740.0,540.4697778863327,True,2690.959600683899,0.0,8,0,0.0,0
162,21704017,835.0,461.3737693653537,True,2192.6547470017304,345.0,6,4,3.6230241253205464,0
245,10983187054,430.0,343.4174580722928,True,1449.529985855444,0.0,7,0,0.0,0
110,26699551,345.0,294.03958117804115,True,1138.4493614216594,0.0,1,0,0.0,0
105,25524236,900.0,583.6379424665776,True,2962.9190375394364,0.0,8,0,0.0,0
10,11618689213,820.0,570.4792538293138,True,2880.019299124681,0.0,13,0,0.0,0
157,452169196,555.0,413.796609987016,True,1892.918642918201,10.0,4,0,0.19634143904156198,0
138,1666324225,320.0,290.5211608525999,True,1116.283313371379,0.0,2,0,0.0,0
243,21665135,275.0,256.7402885743112,True,903.4638180181603,0.0,0,0,0.0,0
211,107793,770.0,543.3442631193433,True,2709.0688576518623,0.0,4,0,0.0,0
206,25257044,455.0,370.2806295871577,True,1618.7679663990937,0.0,8,0,0.0,0
114,107319,435.0,351.7770638551466,True,1502.1955022874226,0.0,5,0,0.0,0
71,11799957533,770.0,548.575393732463,True,2742.024980514514,0.0,9,0,0.0,0
164,25473300,600.0,390.24812174819925,True,1744.5631670136565,205.0,6,2,2.6726525446300187,0
69,102049,965.0,662.25858949738,True,3458.229113833495,0.0,14,0,0.0,0
210,109348,235.0,244.26808946658224,False,824.8889636394682,0.0,0,0,0.0,0
20,1678452820,470.0,378.94463399058475,True,1673.3511941406844,0.0,5,0,0.0,0
282,362474930,575.0,432.1739045390484,True,2008.695598596005,0.0,4,0,0.0,0
93,12292980260,1335.0,704.9579625795819,True,3727.235164251352,425.0,10,5,7.380535660026439,0
153,25257319,360.0,313.95102123483986,True,1263.891433779491,0.0,2,0,0.0,0
270,452396959,810.0,571.8672559381355,True,2888.763712410253,0.0,9,0,0.0,0
72,9512926,75.0,149.96051321544377,False,230.75123325729567,0.0,2,0,0.0,0
214,1685751696,375.0,318.59522974602356,True,1293.1499473999481,0.0,3,0,0.0,0
27,108901,310.0,282.4296757009358,True,1065.3069569158952,0.0,7,0,0.0,0
50,3552338823,690.0,480.24335093103883,True,2311.5331108655446,0.0,4,0,0.0,0
268,534993859,620.0,472.1181218507934,True,2260.3441676599987,0.0,13,0,0.0,0
135,25532840,270.0,260.5856131037637,True,927.6893625537111,0.0,4,0,0.0,0
123,25475387,335.0,304.2822880268825,True,1202.9784145693595,0.0,5,0,0.0,0
179,5393414954,245.0,240.31535883889063,False,799.9867606850106,0.0,0,0,0.0,0
266,500486430,600.0,453.3819042915139,True,2142.3059970365384,0.0,8,0,0.0,0
275,281454988,285.0,264.41130262338055,True,951.7912065272973,0.0,2,0,0.0,0
199,255578,985.0,671.196880454993,True,3514.5403468664563,0.0,5,0,0.0,0
122,25471100,605.0,462.1563493972835,True,2197.5850012028855,0.0,5,0,0.0,0
178,25471086,390.0,315.2963868947654,True,1272.3672374370224,0.0,3,0,0.0,0
104,1614926342,565.0,426.7797830178513,True,1974.7126330124624,565.0,8,12,15.746144266554893,0
38,1614926348,920.0,609.2410135424186,True,3124.218385317235,920.0,7,22,31.579290883193924,4
286,27503587,585.0,437.12138682538796,True,2039.8647369999444,0.0,4,0,0.0,0
150,25476020,535.0,412.67202527171963,True,1885.8337592118357,0.0,3,0,0.0,0
103,11331184983,810.0,569.9788467915221,True,2876.866734786593,0.0,5,0,0.0,0
269,25495513,370.0,320.672581756081,True,1306.2372650633095,0.0,5,0,0.0,0
263,110055,500.0,403.76653957347514,True,1829.7291993128931,0.0,4,0,0.0,0
246,25714234,300.0,266.87393955462176,True,967.3058191941169,0.0,2,0,0.0,0
230,306499809,810.0,563.3045125287285,True,2834.8184289309897,0.0,10,0,0.0,0
121,26699551,385.0,311.5308330191204,True,1248.6442480204585,45.0,4,4,1.7172700152326605,0
284,107860,185.0,209.59932082906911,False,606.4757212231355,0.0,3,0,0.0,0
239,2337311458,435.0,357.785368157521,True,1540.0478193923827,0.0,4,0,0.0,0
116,9513010,505.0,390.4472224154507,True,1745.81750121734,0.0,5,0,0.0,0
285,25532341,545.0,381.2813393902301,True,1688.0724381584496,55.0,2,1,1.096687255166686,0
17,25532841,1335.0,742.3894780162879,True,3963.053711502601,350.0,14,0,3.6755317213396848,0
293,21665006,515.0,396.95499020202385,True,1786.8164382727505,0.0,6,0,0.0,0
204,25471100,600.0,458.64601786499964,True,2175.4699125494994,0.0,4,0,0.0,0
196,25375955,545.0,433.0412019499771,True,2014.1595722848551,0.0,4,0,0.0,0
125,282686499,1250.0,709.285819825657,True,3754.500664901646,270.0,6,0,0.0,0
161,1614926348,780.0,561.8861821943015,True,2825.8829478240996,780.0,13,23,31.535386937811914,4
55,25501320,130.0,177.683550180977,False,405.4063661401547,0.0,0,0,0.0,0
39,3943984250,780.0,542.8280668770399,True,2705.81682132535,0.0,8,0,0.0,0
280,9849094224,505.0,397.5372842720695,True,1790.4848909140364,0.0,5,0,0.0,0
92,21533913,420.0,350.4673960827075,True,1493.9445953210568,0.0,4,0,0.0,0
138,383974165,100.0,161.32911001366952,False,302.3733930861179,0.0,1,0,0.0,0
68,32921720,735.0,538.9331283333916,True,2681.2787085003683,0.0,4,0,0.0,0
167,6521887908,525.0,400.3938468328526,True,1808.4812350469706,20.0,4,0,0.0,0
276,25475744,840.0,586.1989902418592,True,2979.0536385237133,0.0,7,0,0.0,0
226,1614846678,800.0,547.5411074910402,True,2735.508977193553,25.0,7,0,0.43856044706179,0
129,282686499,915.0,600.9610114750062,True,3072.054372292541,0.0,5,0,0.0,0
181,3552338823,1060.0,538.5077440587092,True,2678.5987875698715,395.0,3,8,6.598054149099439,0
81,13300220281,1390.0,768.7567499132648,True,4129.167524453569,250.0,12,0,0.0,0
261,1614926348,895.0,634.4072176258255,True,3282.7654710426973,895.0,15,18,32.30088349524324,4
109,1684410087,1020.0,569.790438053322,True,2875.6797597359287,310.0,8,2,5.551675083791584,0
215,1614926348,440.0,346.2153054246606,True,1467.1564241753608,440.0,1,25,29.559657744618764,4
22,8145826353,715.0,517.1364439271055,True,2543.959596740765,0.0,8,0,0.0,0
43,9024001777,1045.0,707.6198077532603,True,3744.0047888455433,0.0,12,0,0.0,0
59,26591532,935.0,634.8203720170096,True,3285.368343707157,0.0,19,0,0.0,0
115,1614926348,595.0,441.73673175353593,True,2068.9414100472763,595.0,10,23,28.58797964980955,4
165,108258,410.0,347.8057955104037,True,1477.1765117155437,0.0,3,0,0.0,0
212,9512930,370.0,313.8067535499531,True,1262.9825473647047,0.0,7,0,0.0,0
19,25473300,485.0,381.58240192347176,True,1689.9691321178725,0.0,4,0,0.0,0
213,7921311835,1440.0,766.8887449081342,True,4117.399092921234,395.0,12,4,4.171071585790733,0
175,8138324345,1135.0,644.0960423992143,True,3343.80506711505,355.0,15,2,3.728039317358823,0
278,25473373,430.0,346.39108186265065,True,1468.2638157346992,15.0,8,0,0.0,0
44,806821384,960.0,625.7512976283738,True,3228.2331750587564,60.0,7,0,0.8150356902930938,0
13,25471086,765.0,412.16615826524475,True,1882.6467970710435,385.0,6,4,4.043084893473654,0
94,2654328051,1000.0,652.9792604818659,True,3399.769341035753,55.0,17,0,0.0,0
3,1614926320,890.0,634.2360521324953,True,3281.687128434719,0.0,10,0,0.0,0
193,25496788,745.0,536.9989824777491,True,2669.093589609816,0.0,6,0,0.0,0
219,9512926,1180.0,613.6149577379533,True,3151.774233749105,405.0,7,6,7.0436991494882415,0
177,107793,620.0,454.2908690270408,True,2148.0324748703574,10.0,10,0,0.1731077684005024,0
130,1667203543,550.0,431.7215300771179,True,2005.8456394858429,0.0,7,0,0.0,0
29,107698,535.0,417.2849259180844,True,1914.8950332839304,0.0,9,0,0.0,0
223,1667203491,435.0,358.5224828797001,True,1544.6916421421097,0.0,3,0,0.0,0
60,11751472416,285.0,264.2748147369916,True,950.9313328430469,0.0,1,0,0.0,0
220,107320,535.0,419.66092827203335,True,1929.86384811381,0.0,2,0,0.0,0
127,108252,230.0,227.99857011656243,False,722.3909917343434,0.0,2,0,0.0,0
146,1607738730,605.0,462.86839713295905,True,2202.0709019376427,0.0,6,0,0.0,0
30,1619500320,805.0,548.6478910444579,True,2742.4817135800836,50.0,5,1,1.0009178699942043,0
254,5932959891,650.0,487.8369902567856,True,2359.373038617749,0.0,9,0,0.0,0
25,25257321,540.0,417.2638456044168,True,1914.762227307826,0.0,9,0,0.0,0
247,107860,980.0,664.7780974730962,True,3474.1020140805026,25.0,16,0,0.0,0
23,4702603654,695.0,518.9199445660033,True,2555.1956507658215,0.0,16,0,0.0,0
168,21533909,775.0,558.4096967452015,True,2803.9810894947664,0.0,17,0,0.0,0
208,26699545,685.0,487.92148774201206,True,2359.905372774675,25.0,9,0,0.0,0
253,26699545,330.0,296.7047509140428,True,1155.2399307584692,0.0,2,0,0.0,0
207,4397152731,1045.0,556.124009795259,True,2789.581261710134,435.0,3,9,7.510908954886441,0
67,82710881,815.0,577.0301153438362,True,2921.2897266661657,0.0,8,0,0.0,0
222,21665719,295.0,274.8292632215848,True,1017.4243582959845,0.0,3,0,0.0,0
169,1230374510,1285.0,748.733567340157,True,4003.021474242988,235.0,12,4,2.972177800987991,0
48,3531897238,665.0,503.2881076179068,True,2456.7150779928133,0.0,13,0,0.0,0
272,11582793599,440.0,359.49797958685275,True,1550.8372713971728,0.0,6,0,0.0,0
241,298206178,515.0,399.4760314479077,True,1802.698998121819,0.0,3,0,0.0,0
66,1316072128,410.0,338.4071608853848,True,1417.9651135779245,0.0,2,0,0.0,0
147,1667203491,1105.0,727.7217637765556,True,3870.6471117923024,0.0,13,0,0.0,0
174,25472808,635.0,473.3042051130009,True,2267.8164922119054,0.0,5,0,0.0,0
77,9383618270,745.0,541.7427574650019,True,2698.9793720295106,0.0,8,0,0.0,0
69,21665926,235.0,234.56831265751867,False,763.7803697423675,0.0,1,0,0.0,0
250,21554364,870.0,494.0888300015575,True,2398.7596290098118,340.0,7,3,3.570516529301408,0
184,25498827,945.0,649.8998925988833,True,3380.3693233729623,55.0,4,0,0.0,0
187,12431465613,1220.0,788.669435597517,True,4254.617444264353,0.0,10,0,0.0,0
271,4784457202,750.0,548.3546888316035,True,2740.6345396391025,0.0,8,0,0.0,0
202,435144778,585.0,457.988946228825,True,2171.3303612415957,0.0,5,0,0.0,0
160,21665926,645.0,480.522962909045,True,2313.294666326984,0.0,10,0,0.0,0
256,9791487,960.0,600.6824644748137,True,3070.299526191326,120.0,11,3,1.2601823044593208,0
62,11156548930,545.0,418.8700071730196,True,1924.8810451900233,0.0,5,0,0.0,0
34,10996228332,415.0,341.29374825666287,True,1436.1506140169763,0.0,2,0,0.0,0
2,107860,370.0,318.05185479011055,True,1289.726685177697,20.0,1,1,0.5464198933043979,0
186,9512935,330.0,283.7282418661917,True,1073.4879237570074,25.0,5,0,0.0,0
277,25257309,580.0,350.6253228916086,True,1494.9395342171347,245.0,3,8,5.153794871794874,0
294,25474562,1140.0,728.9448204661372,True,3878.352368936663,30.0,7,1,0.31504557611483036,0
267,110004,990.0,698.8960406599894,True,3689.0450561579296,0.0,16,0,0.0,0
205,60728182,1470.0,786.247816904325,True,4239.361246497238,445.0,14,11,7.641282249746442,0
112,276071560,1200.0,771.1921297854809,True,4144.510417648528,0.0,8,0,0.0,0
287,11747638084,940.0,516.7453733644509,True,2541.4958521960407,360.0,6,3,3.7805469133779614,0
259,9791482,740.0,540.1698718956717,True,2689.070192942728,0.0,5,0,0.0,0
238,317930344,1455.0,764.0671243143055,True,4099.6228831801145,450.0,15,7,7.706468897176443,0
7,108307,710.0,513.7457057061196,True,2522.5979459485525,0.0,12,0,0.0,0
244,1646306203,755.0,549.2906786620721,True,2746.5312755710534,0.0,8,0,0.0,0
150,108214,240.0,247.17744400310704,False,843.2178972195742,0.0,6,0,0.0,0
88,10188265464,655.0,497.1703895530823,True,2418.1734541844176,0.0,9,0,0.0,0
54,21665006,535.0,411.4242149094052,True,1877.9725539292515,0.0,5,0,0.0,0
182,7889967240,880.0,601.5954365670069,True,3076.051250372141,35.0,7,0,0.0,0
125,9791495,200.0,218.78168478630022,False,664.3246141536912,0.0,1,0,0.0,0
47,1261962517,630.0,479.04828040820075,True,2304.004166571665,0.0,7,0,0.0,0
12,9512930,740.0,521.1925783000609,True,2569.5132432903847,0.0,6,0,0.0,0
100,1938580083,755.0,538.3610683343287,True,2677.6747305062704,0.0,7,0,0.0,0
87,6287158541,360.0,308.98357561883927,True,1232.5965263986875,0.0,3,0,0.0,0
156,5568839679,645.0,477.865700977013,True,2296.553916155182,0.0,5,0,0.0,0
18,11156548927,710.0,526.5126411254549,True,2603.0296390903623,0.0,10,0,0.0,0
252,452168086,405.0,349.18292943291686,True,1485.8524554273772,0.0,6,0,0.0,0
225,1938580083,630.0,445.7372987803344,True,2094.144982316107,80.0,7,0,0.0,0
106,25532839,925.0,652.2523255583416,True,3395.189651017547,0.0,6,0,0.0,0
138,1619464655,220.0,232.35882046295944,False,749.8605689166441,0.0,2,0,0.0,0
166,109619,930.0,609.2173418955946,True,3124.069253942245,55.0,11,0,0.0,0
141,3531897238,750.0,528.2390804418544,True,2613.9062067836835,0.0,6,0,0.0,0
28,9791495,370.0,322.33758743709035,True,1316.7268008536696,0.0,3,0,0.0,0
213,1938580083,165.0,197.7593686175084,False,531.8840222903027,0.0,1,0,0.0,0
70,25473300,825.0,564.250774160963,True,2840.7798772140627,65.0,13,0,0.0,0
64,14728072,700.0,508.6446969799963,True,2490.461590973976,0.0,8,0,0.0,0
286,25475739,280.0,266.71723723337544,True,966.3185945702648,0.0,3,0,0.0,0
32,9521022,1045.0,642.9624794203762,True,3336.6636203483695,145.0,11,0,1.5227202845550125,0
278,2191480791,165.0,192.4968787675057,False,498.73033623528573,0.0,0,0,0.0,0
52,25473371,570.0,342.1323037609335,True,1441.4335136938817,220.0,3,5,2.86821248692002,0
221,1614846678,395.0,331.34573594747064,True,1373.4781364690643,0.0,3,0,0.0,0
74,1409010786,520.0,385.423002756289,True,1714.1649173646213,0.0,5,0,0.0,0
167,12437380988,230.0,236.15907758024176,False,773.802188755523,0.0,2,0,0.0,0
111,2919558521,685.0,504.0858384302038,True,2461.740782110282,0.0,9,0,0.0,0
190,26001541,400.0,335.9796613711981,True,1402.6718666385489,0.0,5,0,0.0,0
229,452169167,1160.0,771.1372925509584,True,4144.164943071043,0.0,12,0,0.0,0
180,12725097483,785.0,562.5667011590501,True,2830.1702173020158,0.0,11,0,0.0,0
93,10962672180,330.0,294.2689763359483,True,1139.8945509164741,0.0,4,0,0.0,0
236,25257027,400.0,344.00327476721264,True,1453.2206310334393,0.0,2,0,0.0,0
129,11309776203,240.0,241.76047032207399,False,809.0909630290658,0.0,1,0,0.0,0
275,9849094224,320.0,278.03121572320686,True,1037.596659056203,0.0,3,0,0.0,0
231,25473303,595.0,440.54844635204705,True,2061.4552120178955,10.0,10,1,0.5114986941111569,0
162,9371260474,375.0,321.51114164770297,True,1311.520192380528,0.0,2,0,0.0,0
1,25524240,1150.0,745.5538170751854,True,3982.989047573668,5.0,11,0,0.0,0
24,25257810,925.0,649.6581534697924,True,3378.8463668596924,0.0,15,0,0.0,0
72,4239701265,350.0,307.72960630875855,True,1224.6965197451789,0.0,4,0,0.0,0
131,9512937,655.0,465.2329684859886,True,2216.9677014617278,0.0,10,0,0.0,0
45,1620855375,835.0,600.3057491448498,True,3067.92621961255,0.0,7,0,0.0,0
283,12292980260,550.0,422.46248356582015,True,1947.5136464646669,0.0,6,0,0.0,0
216,338501923,1365.0,741.525875473964,True,3957.613015485966,435.0,18,5,7.510908954886441,0
249,1493883140,1075.0,725.5065179808365,True,3856.691063279272,0.0,14,0,0.0,0
230,7198096092,310.0,285.9495860098978,True,1087.4823918623554,0.0,0,0,0.0,0
79,108329,830.0,607.1431238791773,True,3111.0016804388188,0.0,8,0,0.0,0
91,12026767,1080.0,716.6956803227806,True,3801.1827860335206,0.0,9,0,0.0,0
80,25257810,1125.0,699.7878598314268,True,3694.6635169379933,0.0,9,0,0.0,0
179,108070,365.0,316.01569473269257,True,1276.898876815963,10.0,3,0,0.0,0
268,1684410086,370.0,317.3960274895546,True,1285.5949731841945,0.0,3,0,0.0,0
49,4702603654,1020.0,616.5432443754636,True,3170.2224395654193,225.0,5,4,4.733076923076924,0
136,10574746,695.0,491.83767834593624,True,2384.5773735793973,0.0,12,0,0.0,0
20,2271422636,390.0,304.44281792502846,True,1203.9897529276786,0.0,1,0,0.0,0
163,4233926316,575.0,426.06948165293073,True,1970.2377344134627,0.0,7,0,0.0,0
206,26591526,405.0,342.0682700758544,True,1441.0301014778827,0.0,1,0,0.0,0
217,25496892,435.0,352.66837467480235,True,1507.8107604512552,0.0,2,0,0.0,0
122,12026767,375.0,319.31865070062236,True,1297.7074994139207,0.0,4,0,0.0,0
78,21665911,1005.0,689.7998574434466,True,3631.7391018937146,0.0,8,0,0.0,0
135,2453162764,380.0,318.12806137460507,True,1290.2067866600114,0.0,4,0,0.0,0
50,634568069,395.0,330.6451537203927,True,1369.064468438473,0.0,6,0,0.0,0
250,108903,170.0,198.9999511862231,False,539.6996924732051,0.0,2,0,0.0,0
237,351788581,1245.0,658.9427983726747,True,3437.3396297478434,445.0,9,13,7.641282249746442,0
118,25524240,1160.0,720.0222971032624,True,3822.1404717505534,60.0,13,0,0.0,0
15,3147915554,1390.0,715.7439482297278,True,3795.1868738472886,420.0,5,0,0.0,0
191,108899,1105.0,760.8840830050916,True,4079.56972293208,0.0,11,0,0.0,0
198,108329,775.0,542.7993078961614,True,2705.6356397458144,0.0,5,0,0.0,0
65,25505558,695.0,509.3886314523507,True,2495.1483781498087,0.0,7,0,0.0,0
232,351788581,560.0,381.21526876241904,True,1687.65619320324,35.0,4,0,0.36755317213396876,0
139,21665581,595.0,456.8824420361403,True,2164.359384827682,0.0,3,0,0.0,0
215,2476787985,310.0,285.636289415739,True,1085.5086233191555,0.0,2,0,0.0,0
82,6521883874,520.0,398.8564963421633,True,1798.795926955628,0.0,9,0,0.0,0
178,108045,395.0,333.4640246066831,True,1386.8233550221037,0.0,4,0,0.0,0
140,30939229,985.0,666.0532220607298,True,3482.135298982599,0.0,12,0,0.0,0
85,8421658424,695.0,511.06429489401944,True,2505.70505783232,0.0,15,0,0.0,0
22,10183404798,310.0,278.0709790051215,True,1037.8471677322652,0.0,2,0,0.0,0
69,25496592,200.0,225.10847653072068,False,704.1834021435404,0.0,0,0,0.0,0
285,5393414954,375.0,322.0005354693074,True,1314.6033734566367,0.0,3,0,0.0,0
156,109618,145.0,190.13358621024398,False,483.841593124537,0.0,1,0,0.0,0
169,25531990,230.0,234.37022369219687,False,762.5324092608403,0.0,2,0,0.0,0
185,26699543,625.0,478.4604907367201,True,2300.301091641336,0.0,11,0,0.0,0
86,1614926348,875.0,616.0704275484184,True,3167.2436935550345,875.0,9,32,34.11465972713544,4
266,9512935,430.0,328.6369272350888,True,1356.4126415810604,0.0,3,0,0.0,0
144,107818,505.0,385.91437287340983,True,1717.2605491024824,0.0,6,0,0.0,0
160,25496592,205.0,222.76624391749687,False,689.4273366802303,0.0,1,0,0.0,0
251,4705981002,795.0,580.7015074229796,True,2944.4194967647745,0.0,5,0,0.0,0
76,3567188470,735.0,553.4578926142674,True,2772.7847234698825,0.0,10,0,0.0,0
59,1614846678,330.0,293.00493181074427,True,1131.9310704076888,0.0,4,0,0.0,0
56,25501330,635.0,469.9681851148871,True,2246.799566223789,0.0,9,0,0.0,0
21,948928292,720.0,518.0083684924934,True,2549.4527215027088,0.0,9,0,0.0,0
218,295907913,555.0,423.039746084234,True,1951.150400330675,5.0,12,0,0.0,0
170,9702441401,700.0,479.63890654125726,True,2307.7251112099166,50.0,3,2,1.5355416932766162,0
290,6266808745,755.0,545.4247922003681,True,2722.176190862318,0.0,5,0,0.0,0
60,500486430,285.0,255.84939917645718,True,897.85121481168,0.0,1,0,0.0,0
103,3147915554,430.0,359.7431693382278,True,1552.3819668308345,0.0,0,0,0.0,0
107,454368529,810.0,588.3821141716777,True,2992.8073192815637,0.0,4,0,0.0,0
124,1614926348,1055.0,706.5904537566352,True,3737.5198586668007,1055.0,8,27,35.08515740803755,4
133,26001541,980.0,664.2387918891903,True,3470.704388901899,40.0,12,1,0.9503373721438566,0
171,25256260,965.0,565.5830064113147,True,2849.172940391291,170.0,7,0,0.0,0
235,1493458889,825.0,572.4218743036535,True,2892.257808113013,20.0,7,0,0.0,0
109,3142630784,375.0,325.7721980703397,True,1338.3648478431398,0.0,5,0,0.0,0
57,1188983785,645.0,470.2820378064103,True,2248.7768381803835,0.0,6,0,0.0,0
117,25473424,575.0,417.6734954536754,True,1917.3430213581553,85.0,10,0,0.0,0
36,13300220281,615.0,477.32562298293544,True,2293.151424792492,0.0,5,0,0.0,0
9,452169196,770.0,561.0280818403609,True,2820.4769155942736,0.0,9,0,0.0,0
205,1614926348,245.0,226.6593105895206,True,713.9536567139797,245.0,1,15,23.139601837707705,4
197,1667203491,1040.0,701.9705360986508,True,3708.4143774215017,0.0,16,0,0.0,0
224,1694551549,535.0,388.498964497493,True,1733.5434763342055,35.0,4,0,0.36755317213396876,0
177,25544138,330.0,289.68938642500837,True,1111.043134477553,0.0,2,0,0.0,0
26,1188939772,680.0,512.1463760712339,True,2512.522169248772,0.0,6,0,0.0,0
281,4347844132,920.0,462.39031878208567,True,2199.0590083271413,440.0,6,6,7.576095602316441,0
262,8784071418,875.0,623.0935829167689,True,3211.4895723756395,0.0,13,0,0.0,0
265,603751942,915.0,624.7529995572112,True,3221.94389721043,50.0,8,0,0.0,0
61,21665584,735.0,522.671932228113,True,2578.833173037111,0.0,9,0,0.0,0
233,1697813681,1135.0,654.4757623635089,True,3409.197302890099,235.0,13,2,2.981380507873813,0
149,25498827,1165.0,806.8680165761824,True,4369.268504429951,0.0,17,0,0.0,0
154,5006063180,970.0,658.5628467417779,True,3434.9459344732027,0.0,8,0,0.0,0
11,5932875003,760.0,539.7313490660789,True,2686.3074991162957,50.0,14,2,1.9080777947029561,0
292,25257290,550.0,419.5125597586169,True,1928.929126479286,0.0,4,0,0.0,0
230,21665911,150.0,192.75113322537942,False,500.3321393198904,0.0,0,0,0.0,0
242,11175085829,890.0,616.167245980518,True,3167.853649677262,0.0,6,0,0.0,0
227,21665009,650.0,408.8743478375769,True,1861.9083913767358,175.0,8,5,2.281532660050016,0
66,21665000,310.0,273.46177587623635,True,1008.8091880202885,45.0,2,2,1.7172700152326605,0
219,6521887911,355.0,305.13030403067313,True,1208.3209153932403,0.0,3,0,0.0,0
264,5453319326,655.0,474.9049943456487,True,2277.9014643775863,0.0,5,0,0.0,0
32,9791487,215.0,221.12403459539672,False,679.0814179509993,0.0,3,0,0.0,0
75,351771449,585.0,395.0953566312242,True,1775.100746776713,35.0,2,0,0.36755317213396876,0
38,333650017,510.0,409.9258455220135,True,1868.5328267886853,0.0,7,0,0.0,0
152,9295694734,1030.0,584.0787857155093,True,2965.696350007709,315.0,8,0,0.0,0
35,2919558521,965.0,576.3668156328265,True,2917.110938486798,245.0,9,9,6.010077794702962,0
17,26699537,480.0,385.6896103118066,True,1715.844544964382,0.0,8,0,0.0,0
68,25375955,460.0,368.8725684011717,True,1609.897180927382,0.0,7,0,0.0,0
5,1933585943,1050.0,671.5776284568927,True,3516.9390592784243,70.0,9,1,1.8535076925805962,0
31,1614926348,585.0,454.66866974121956,True,2150.4126193696848,585.0,3,19,19.828658399982547,4
164,333731862,565.0,436.45625195447343,True,2035.6743873131836,0.0,8,0,0.0,0
14,313181126,1110.0,706.0538296213011,True,3734.1391266142,35.0,11,0,0.36755317213396876,0
200,25377989,775.0,552.0113442119758,True,2763.6714685354486,0.0,10,0,0.0,0
176,5244680779,780.0,481.9356622730284,True,2322.194672320077,205.0,6,3,2.6726525446300187,0
8,1614926348,640.0,439.3189931441971,True,2053.709656808443,640.0,5,21,24.413508257198355,4
40,108258,1200.0,745.9038388389661,True,3985.194184685484,70.0,12,0,0.9482269471236948,0
155,1614846692,790.0,564.2212161865076,True,2840.593661975001,0.0,17,0,0.0,0
192,317930380,1195.0,706.0189238445489,True,3733.919220220648,225.0,15,3,2.851007213013812,0
247,454368529,375.0,318.6247338907414,True,1293.33582351167,0.0,0,0,0.0,0
120,8421658424,990.0,574.338047856403,True,2904.329701495339,225.0,7,4,4.733076923076924,0
98,110031,715.0,497.7894311462578,True,2422.073416221424,10.0,8,1,0.5114986941111569,0
111,25532840,250.0,252.63989987504794,False,877.6313692128018,0.0,1,0,0.0,0
269,13565582698,530.0,401.2645910856212,True,1813.9669238394122,0.0,12,0,0.0,0
214,25256275,575.0,445.92717239032623,True,2095.341186059055,0.0,5,0,0.0,0
234,25507041,855.0,607.0820405310584,True,3110.6168553456646,0.0,12,0,0.0,0
30,2946815216,385.0,329.5119050823585,True,1361.925002018859,0.0,1,0,0.0,0
108,7203575448,1005.0,686.9307821453947,True,3613.663927515987,0.0,8,0,0.0,0
64,3181698963,275.0,265.16136758506525,True,956.5166157859111,0.0,1,0,0.0,0
165,3077397235,460.0,298.57602242991584,True,1167.0289413084708,190.0,2,0,2.4770926023400173,0
243,452514276,615.0,470.03081112761276,True,2247.1941101039597,0.0,8,0,0.0,0
113,25472904,1480.0,813.5404116834231,True,4411.3045936055605,405.0,13,8,7.119789070306436,0
148,102031,1030.0,699.8183155592388,True,3694.8553880232057,0.0,10,0,0.0,0
18,1684410076,305.0,286.99056420807125,True,1094.040554510849,0.0,2,0,0.0,0
143,1106056866,785.0,554.2656073867706,True,2777.8733265366554,0.0,6,0,0.0,0
258,1614846678,635.0,446.83000917298364,True,2101.029057789795,0.0,10,0,0.0,0
90,25257053,805.0,570.6865722486964,True,2881.3254051667827,0.0,6,0,0.0,0
126,30514517,1240.0,827.2540332473794,True,4497.700409458493,0.0,15,0,0.0,0
99,25496592,955.0,657.309180344466,True,3427.047836170137,0.0,8,0,0.0,0
134,21533908,710.0,497.62692392332434,True,2421.0496207169426,0.0,10,0,0.0,0
53,11198147395,1075.0,667.9496775201227,True,3494.0829683767693,190.0,13,3,2.4770926023400173,0
27,26699551,605.0,437.10110764855636,True,2039.736978185904,0.0,3,0,0.0,0
39,108055,540.0,428.54372813765065,True,1985.8254872671998,0.0,4,0,0.0,0
190,3817942979,290.0,271.9092251694473,True,999.028118567518,0.0,1,0,0.0,0
55,9791489,545.0,435.16293123706606,True,2027.5264667935166,0.0,2,0,0.0,0
42,1678452758,1300.0,672.31192415011,True,3521.565122145686,430.0,4,7,7.49698944084849,0
248,21665911,710.0,519.5895015459149,True,2559.4138597392644,0.0,13,0,0.0,0
71,1614926348,640.0,470.574536492047,True,2250.619579899895,640.0,11,20,28.39197784014388,4
175,25417428,485.0,382.16816841783145,True,1693.6594610323382,0.0,4,0,0.0,0
141,2482696992,315.0,276.3789542321021,True,1027.1874116622434,25.0,4,0,0.0,0
241,107878,405.0,341.1994612151408,True,1435.5566056553878,0.0,3,0,0.0,0
159,12292980260,960.0,630.907716026738,True,3260.7186109684485,35.0,12,0,0.36755317213396876,0
96,24973090,1275.0,837.8222609976355,True,4564.280244285105,60.0,12,0,0.0,0
255,25533613,805.0,581.4562161406711,True,2949.1741616862273,0.0,6,0,0.0,0
33,292252720,1170.0,613.236698936942,True,3149.391203302725,445.0,6,0,0.0,0
89,26591526,925.0,634.7584705025497,True,3284.9783641660674,0.0,7,0,0.0,0
282,25502540,645.0,482.24486451804614,True,2324.14264646369,0.0,5,0,0.0,0
80,102000,260.0,253.4921924289883,True,883.000812302626,0.0,1,0,0.0,0
104,2919558521,625.0,454.11899557699013,True,2146.949672135038,50.0,5,2,1.9080777947029561,0
260,2191480791,770.0,570.1881085365156,True,2878.18508378005,0.0,13,0,0.0,0
293,12437379708,590.0,438.2172077952125,True,2046.7684091098392,0.0,5,0,0.0,0
47,21665135,375.0,307.90992191665975,True,1225.832508074956,0.0,2,0,0.0,0
221,107320,345.0,304.5432489471746,True,1204.6224683672008,0.0,4,0,0.0,0
142,21665583,745.0,509.37049019290475,True,2495.0340882152977,75.0,7,0,0.0,0
263,25473293,625.0,472.69644754494755,True,2263.9876195331703,0.0,8,0,0.0,0
125,9791487,400.0,335.53075690617635,True,1399.8437685089116,0.0,2,0,0.0,0
16,490253680,1020.0,484.3038354318959,True,2337.1141632209465,595.0,5,0,0.0,0
102,500486430,1140.0,622.0692015433743,True,3205.0359697232648,365.0,7,7,6.558303051116944,0
259,5393414955,415.0,300.22784538079577,True,1177.4354258990136,115.0,3,1,3.8601466968331404,0
145,25714232,820.0,594.7324837738603,True,3032.8146477753157,0.0,11,0,0.0,0
131,25475739,325.0,296.3948022057247,True,1153.287253896065,0.0,5,0,0.0,0
291,9770373583,845.0,623.24164506513,True,3212.4223639103225,0.0,13,0,0.0,0
103,5838132444,210.0,226.5405049288551,False,713.205181051787,0.0,3,0,0.0,0
114,8044483426,705.0,522.731271180495,True,2579.207008437115,0.0,5,0,0.0,0
173,9054849009,1380.0,749.1118460993106,True,4005.404630425647,360.0,9,7,6.668420322116864,0
112,1614926348,435.0,334.01476297626965,True,1390.2930067504994,435.0,6,19,26.90346408903096,4
3,333650017,530.0,425.40405889351524,True,1966.045571029146,0.0,4,0,0.0,0
277,107742,445.0,357.2930770762981,True,1536.946385580679,0.0,4,0,0.0,0
7,9167793401,435.0,340.88001569557,True,1433.5440988820912,30.0,2,0,1.0104663338746223,0
51,168272,745.0,530.9978734504144,True,2631.2866027376103,0.0,10,0,0.0,0
123,3531897238,695.0,501.80727904573405,True,2447.3858579881244,0.0,7,0,0.0,0
168,311422343,510.0,391.345510857099,True,1751.4767183997237,0.0,5,0,0.0,0
6,1106056866,840.0,609.0473129114172,True,3122.998071341925,0.0,12,0,0.0,0
183,5387300688,750.0,553.7172797632453,True,2774.4188625084444,0.0,10,0,0.0,0
65,7198096092,290.0,272.2860787730593,True,1001.4022962702735,0.0,4,0,0.0,0
240,311422338,755.0,557.1686892385152,True,2796.1627422026436,0.0,14,0,0.0,0
209,25524248,1190.0,796.4940725206576,True,4303.912656880142,0.0,15,0,0.0,0
128,108901,825.0,603.0046071489801,True,3084.9290250385775,0.0,4,0,0.0,0
210,3810553686,735.0,535.0812061654872,True,2657.0115988425696,0.0,3,0,0.0,0
166,9789814,415.0,346.381478502623,True,1468.2033145665246,0.0,3,0,0.0,0
172,21665582,1025.0,572.2136841133049,True,2890.9462099138223,380.0,3,8,6.353934595912078,0
4,102025,1060.0,693.4604135001489,True,3654.800605050938,0.0,18,0,0.0,0
62,25471086,490.0,386.3107421164636,True,1719.757675333721,0.0,5,0,0.0,0
236,107831,400.0,337.68464450999835,True,1413.41326041299,0.0,6,0,0.0,0
10,275424,760.0,545.4849260212133,True,2722.555033933642,0.0,10,0,0.0,0
188,6943750647,1190.0,787.6066502898979,True,4247.921896826361,50.0,7,3,1.5355416932766162,0
289,11505302183,785.0,569.6836045132119,True,2875.006708433236,0.0,5,0,0.0,0
137,108903,1000.0,585.1043232815194,True,2972.157236673572,210.0,10,1,2.737839192060019,0
92,25533613,660.0,490.0630635952328,True,2373.397300649965,0.0,6,0,0.0,0
186,26559618,495.0,322.0619341464084,True,1314.9901851223738,170.0,1,3,2.2163460126200154,0
217,1614926348,345.0,300.26182637998926,True,1177.6495061939327,345.0,5,11,18.948921716899733,4
257,108059,820.0,536.6301697845556,True,2666.7700696426973,70.0,8,1,0.6345903253450684,0
274,2337311458,860.0,516.963334412343,True,2542.8690067977623,210.0,8,5,2.737839192060019,0
275,298205891,405.0,315.34829387434377,True,1272.6942514083655,65.0,4,0,1.7523204465922,0
95,25504259,780.0,556.9395295182932,True,2794.7190359652454,0.0,9,0,0.0,0
199,25475387,735.0,531.0586661340907,True,2631.66959664477,0.0,8,0,0.0,0
136,25501325,365.0,299.1767423315916,True,1170.8134766890269,0.0,3,0,0.0,0
8,21665582,185.0,207.15511439300488,False,591.0772206759304,0.0,0,0,0.0,0
160,1607738730,300.0,280.8243714366761,True,1055.1935400510595,0.0,4,0,0.0,0
149,107860,240.0,241.75847037401246,False,809.0783633562783,0.0,1,0,0.0,0
216,109836,395.0,318.09729837538674,True,1290.012979764936,5.0,4,0,0.2655640011060924,0
290,490253699,290.0,278.00972494180195,True,1037.4612671333527,0.0,1,0,0.0,0
110,234290,785.0,566.2085991154726,True,2853.114174427473,0.0,10,0,0.0,0
252,9512935,465.0,357.4134762972341,True,1537.7049006725747,50.0,2,1,1.9080777947029561,0
208,3378994807,565.0,444.65936292384254,True,2087.3539864202066,0.0,7,0,0.0,0
271,21665911,530.0,398.44131425205074,True,1796.1802797879204,40.0,11,0,0.0,0
151,282686499,965.0,598.8282931379084,True,3058.6182467688236,135.0,9,3,2.365669004260642,0
239,108045,725.0,535.9019192985912,True,2662.182091581123,0.0,9,0,0.0,0
284,8138324345,725.0,533.5509898981851,True,2647.371236358566,0.0,6,0,0.0,0
278,1614926348,465.0,336.1329677071732,True,1403.6376965551913,465.0,4,24,31.550829518038576,4
36,25495441,280.0,268.31829149094625,True,976.4052363929611,0.0,5,0,0.0,0
43,25377990,660.0,504.86765756636055,True,2466.6662426680705,0.0,6,0,0.0,0
254,823745,595.0,446.74759102324094,True,2100.509823446418,0.0,12,0,0.0,0
140,26652357,355.0,308.57233108855564,True,1230.0056858579003,10.0,1,0,0.0,0
195,456363903,860.0,522.2086155746173,True,2575.9142781200912,215.0,6,1,2.8030258394900196,0
19,4174200043,655.0,490.32542127989,True,2375.050154063308,0.0,8,0,0.0,0
203,21665000,1075.0,588.2658929715121,True,2992.075125720532,425.0,6,7,6.980607262531571,0
276,21665000,710.0,424.72101429248977,True,1961.7423900426854,225.0,6,1,2.9333991343500205,0
77,1614926348,575.0,434.8836118752064,True,2025.7667548138006,575.0,5,15,23.13613886194812,4
223,25256620,630.0,472.15376661676993,True,2260.568729685651,0.0,7,0,0.0,0
150,1666324140,535.0,416.97679658236154,True,1912.9538184688781,0.0,7,0,0.0,0
50,2191588310,400.0,334.0910254301755,True,1390.7734602101052,0.0,2,0,0.0,0
167,3085005064,485.0,394.97448579617384,True,1774.3392605158958,0.0,4,0,0.0,0
270,1115431319,820.0,581.0938948522555,True,2946.89153756921,0.0,7,0,0.0,0
29,9176400299,645.0,417.7174344507509,True,1917.619837039732,155.0,3,0,2.020786070330014,0
97,25544143,1050.0,534.1940339509525,True,2651.4224138910026,460.0,8,8,7.714457430950748,0
256,25473300,580.0,436.3986113226925,True,2035.3112513329622,0.0,3,0,0.0,0
70,108903,515.0,413.3433551008622,True,1890.0631371354318,0.0,3,0,0.0,0
74,5339077113,505.0,379.67554429741983,True,1677.9559290737448,15.0,4,0,0.2141469142697764,0
286,1691133712,520.0,410.79100799414306,True,1873.9833503631012,0.0,7,0,0.0,0
44,25378119,690.0,487.49104888149225,True,2357.1936079533994,0.0,10,0,0.0,0
201,2191480791,955.0,645.0118640162095,True,3349.57474330212,0.0,12,0,0.0,0
60,108045,365.0,293.29919731460143,True,1133.7849430819892,5.0,1,1,0.07129558772794241,0
279,12264307320,1090.0,709.0080823509624,True,3752.750918811061,0.0,9,0,0.0,0
260,6312027034,185.0,211.6292888000028,False,619.2645194400172,0.0,1,0,0.0,0
93,21665582,505.0,344.1466129483191,True,1454.1236615744112,120.0,6,3,4.0285577524789105,0
190,9512925,220.0,227.1134299730327,False,716.814608830106,0.0,2,0,0.0,0
159,25522558,215.0,225.86761324881334,False,708.9659634675241,0.0,1,0,0.0,0
196,26559368,775.0,498.29208963760766,True,2425.2401647169277,125.0,12,1,1.2210603859935756,0
79,317930325,485.0,366.70574821762517,True,1596.2462137710377,5.0,4,0,0.07129558772794241,0
84,6262789333,1215.0,738.287586310458,True,3937.211793755874,205.0,13,4,4.312358974358974,0
202,4243601512,620.0,455.5753894863434,True,2156.1249537639624,0.0,11,0,0.0,0
58,25507343,1010.0,689.5620670088703,True,3630.2410221558853,0.0,13,0,0.0,0
38,9512908,315.0,267.558369295937,True,971.6177265644026,0.0,6,0,0.0,0
238,25473293,595.0,451.7730322224817,True,2132.1701030016347,0.0,6,0,0.0,0
23,452514269,665.0,477.2366325819481,True,2292.590785266273,35.0,8,0,0.3365567434745389,0
37,5932856691,960.0,621.7726114339529,True,3203.1674520339,0.0,7,0,0.0,0
231,603751942,510.0,407.31721760534896,True,1852.098470913699,0.0,8,0,0.0,0
13,1089089322,715.0,518.3345894705309,True,2551.507913664348,0.0,12,0,0.0,0
212,9515387,725.0,470.56094695244826,True,2250.533965800426,140.0,6,0,1.2691806506901373,0
26,1685938740,355.0,315.4453707675156,True,1273.3058358353483,0.0,4,0,0.0,0
165,1678452742,280.0,265.6983557422955,True,959.8996411764616,0.0,3,0,0.0,0
158,12437824276,1180.0,607.297661523905,True,3111.9752676005996,475.0,10,12,7.8700245334912635,0
181,11618689213,785.0,555.8108973652965,True,2787.608653401367,0.0,12,0,0.0,0
27,21665716,260.0,229.99047776994365,True,734.940009950645,30.0,1,0,1.0104663338746223,0
234,452169167,295.0,280.274984697428,True,1051.732403593796,0.0,2,0,0.0,0
185,25473373,430.0,347.530981039051,True,1475.445180546021,0.0,4,0,0.0,0
178,2441998875,450.0,362.055607179275,True,1566.9503252294326,30.0,4,1,1.5933840066365546,0
9,12765771304,385.0,329.51271476353327,True,1361.9301030102592,0.0,4,0,0.0,0
244,1614926348,625.0,395.8045792433117,True,1779.568849232863,625.0,6,20,30.52340681110162,4
221,9760819194,225.0,232.20825304389308,False,748.9119941765265,0.0,1,0,0.0,0
233,25496762,375.0,326.4653035244603,True,1342.7314122040991,0.0,5,0,0.0,0
121,255562,845.0,587.8897362961753,True,2989.7053386659036,0.0,7,0,0.0,0
115,9791156,775.0,553.0182920958825,True,2770.0152402040603,0.0,10,0,0.0,0
171,2191480791,420.0,342.0359957298791,True,1440.8267730982386,0.0,0,0,0.0,0
15,1685751707,495.0,389.17857419632645,True,1737.8250174368566,0.0,5,0,0.0,0
228,107878,945.0,625.4090997150405,True,3226.077328204752,15.0,9,0,0.2141469142697764,0
177,742854915,405.0,343.351195157085,True,1449.112529489635,0.0,7,0,0.0,0
106,26699544,605.0,446.9579648438485,True,2101.8351785162454,0.0,5,0,0.0,0
273,25533437,1160.0,641.3123884506771,True,3326.2680472392626,330.0,9,2,5.422118243365662,0
41,669891669,1105.0,729.3852863545657,True,3881.12730403376,35.0,9,0,0.8315452006258746,0
102,2271434264,235.0,236.3877641041276,False,775.2429138560036,0.0,1,0,0.0,0
54,9791503,650.0,464.48961846127906,True,2212.284596306057,15.0,3,0,0.5654764433164969,0
34,107349,680.0,507.8923032191868,True,2485.7215102808764,0.0,6,0,0.0,0
144,452486132,485.0,365.2574139865989,True,1587.1217081155733,0.0,7,0,0.0,0
78,1947328065,540.0,421.53923736308633,True,1941.697195387445,0.0,7,0,0.0,0
194,1667203550,1355.0,811.3255742122866,True,4397.351117537396,210.0,14,1,1.903770976035207,0
33,25501016,295.0,246.34852213258026,True,837.9956894352554,0.0,5,0,0.0,0
119,13329450969,1320.0,689.3199740675075,True,3628.715836625289,460.0,7,7,7.714457430950748,0
162,2191480791,590.0,452.3785281093224,True,2135.9847270887317,0.0,4,0,0.0,0
179,109613,560.0,434.84734777120707,True,2025.5382909586049,0.0,8,0,0.0,0
143,7261577394,335.0,267.4471769563749,True,970.9172148251616,5.0,1,1,0.07129558772794241,0
130,25714234,770.0,564.8979311360519,True,2844.8569661571278,0.0,10,0,0.0,0
280,108060,870.0,534.0104072485402,True,2650.265565665803,210.0,9,6,1.903770976035207,0
249,358992904,585.0,445.38490548290207,True,2091.924904542283,0.0,6,0,0.0,0
105,1188939772,975.0,663.5343425382655,True,3466.2663579910723,10.0,8,1,0.2702520260531118,0
184,25533437,720.0,503.07712187741856,True,2455.385867827738,0.0,10,0,0.0,0
250,25473375,550.0,416.7382276051266,True,1911.450833912297,0.0,2,0,0.0,0
63,13056074299,1070.0,650.2555974810373,True,3382.6102641305297,200.0,9,0,1.8131152152716257,0
132,12026767,1090.0,725.0574303116543,True,3853.8618109634176,0.0,13,0,0.0,0
193,6173754807,795.0,558.150624622594,True,2802.348935122341,0.0,12,0,0.0,0
189,317930344,1330.0,769.6985722966534,True,4135.1010054689095,290.0,10,5,4.620675185679248,0
46,2191480791,1005.0,694.0613120125826,True,3658.586265679269,0.0,8,0,0.0,0
138,107809,665.0,445.6763809929242,True,2093.7612002554224,115.0,5,3,3.8614774551350983,0
98,4307559861,395.0,336.4559172495148,True,1405.6722786719436,0.0,1,0,0.0,0
27,185620586,95.0,154.85572620441926,False,261.59107508784126,0.0,0,0,0.0,0
247,25473616,405.0,346.4831686854886,True,1468.8439627185778,0.0,5,0,0.0,0
95,294651409,220.0,232.7168249866951,False,752.1159974161787,0.0,1,0,0.0,0
168,21666010,270.0,255.51083270304042,True,895.7182460291546,0.0,3,0,0.0,0
170,25257618,520.0,388.8073434819982,True,1735.486263936589,0.0,4,0,0.0,0
232,435144778,570.0,433.0310963756036,True,2014.0959071663033,0.0,7,0,0.0,0
157,12026767,1015.0,651.0748807347433,True,3387.7717486288793,15.0,16,0,0.2141469142697764,0
22,25476020,560.0,405.9214975775781,True,1843.3054347387413,0.0,3,0,0.0,0
40,9513010,425.0,325.70101680585236,True,1337.9164058768695,35.0,2,0,0.5737399671891024,0
7,25544126,295.0,276.65233276010764,True,1028.9096963886777,0.0,4,0,0.0,0
4,9475528,265.0,255.45079076571113,True,895.3399818239798,0.0,2,0,0.0,0
90,10365737,390.0,327.982719633285,True,1352.2911336896952,0.0,3,0,0.0,0
73,25495442,1075.0,722.0827586155299,True,3835.121379277838,0.0,9,0,0.0,0
237,4457798822,595.0,376.04734340383953,True,1655.0982634441903,205.0,7,3,2.6726525446300187,0
88,5925666943,730.0,535.0141088166763,True,2656.5888855450607,5.0,12,0,0.1351260130265559,0
49,25476020,620.0,478.11383233590436,True,2298.117143716196,0.0,8,0,0.0,0
35,4356591932,465.0,373.6028986667694,True,1639.6982616006474,0.0,5,0,0.0,0
67,12741276764,800.0,535.5316125857526,True,2659.8491592902383,5.0,7,0,0.07129558772794241,0
281,9512926,500.0,382.69146684082267,True,1696.9562410971828,30.0,4,4,1.0024817840628755,0
188,26591532,270.0,244.81460461039563,True,828.3320090454926,15.0,2,1,0.5654764433164969,0
272,4457798822,800.0,554.1381382342109,True,2777.0702708755293,30.0,10,2,1.4223533848742203,0
294,10544188931,760.0,466.8994587588707,True,2227.466590180887,210.0,5,0,1.903770976035207,0
242,11747638084,485.0,362.90222566827475,True,1572.2840217101298,0.0,3,0,0.0,0
147,12546153248,795.0,555.0030486720791,True,2782.5192066340983,0.0,7,0,0.0,0
274,25471100,265.0,260.9246990349014,False,929.8256039198789,0.0,2,0,0.0,0
192,109619,445.0,366.061433569815,True,1592.1870314898333,0.0,5,0,0.0,0
146,280412704,835.0,587.4391911443068,True,2986.866904209128,0.0,14,0,0.0,0
218,281454988,560.0,418.2732441413305,True,1921.1214380903818,0.0,10,0,0.0,0
267,281454988,765.0,529.9938226615711,True,2624.961082767899,0.0,7,0,0.0,0
222,5094593324,820.0,536.0644382550531,True,2663.205961006833,10.0,5,2,0.16392570491117212,0
59,10365737,565.0,444.57901188326997,True,2086.8477748646005,0.0,9,0,0.0,0
86,5932856688,580.0,440.5748523911269,True,2061.621570064099,0.0,5,0,0.0,0
55,5568839679,410.0,336.723099710505,True,1407.3555281761812,0.0,4,0,0.0,0
187,26699537,795.0,543.2805511437908,True,2708.667472205883,40.0,10,0,0.0,0
235,1614926339,545.0,417.40181980992844,True,1915.6314648025493,0.0,7,0,0.0,0
97,9512935,210.0,222.40533627953792,False,687.1536185610886,0.0,1,0,0.0,0
118,2191480791,630.0,441.6803023630792,True,2068.585904887399,0.0,7,0,0.0,0
101,25524243,1090.0,762.4889947947414,True,4089.680667206869,0.0,8,0,0.0,0
287,14958918,780.0,545.5855907116699,True,2723.18922148352,15.0,14,1,0.1537039431064516,0
283,1614926348,685.0,483.0925400332609,True,2329.4830022095443,685.0,13,25,31.289180066360395,4
211,10996228332,1075.0,730.6302639791609,True,3888.970663068717,0.0,7,0,0.0,0
16,25473398,370.0,313.22829726477175,True,1259.3382727680626,0.0,2,0,0.0,0
56,9512908,575.0,411.5382203702117,True,1878.6907883323336,20.0,2,0,0.6736442225830815,0
124,25502540,570.0,397.41906522693404,True,1789.7401109296845,15.0,7,1,0.34932535021020583,0
230,6378017135,535.0,409.7070263313416,True,1867.154265887452,0.0,4,0,0.0,0
32,9475528,535.0,423.9881706875587,True,1957.1254753316198,0.0,11,0,0.0,0
265,9512926,560.0,413.40899011276343,True,1890.4766377104095,30.0,6,1,1.0024817840628755,0
122,4174200043,680.0,504.1309492011922,True,2462.024979967511,0.0,4,0,0.0,0
126,7875476264,465.0,375.97116357181574,True,1654.6183305024385,0.0,1,0,0.0,0
200,11124728841,520.0,384.7101192606065,True,1709.6737513418218,0.0,4,0,0.0,0
68,1614926348,535.0,426.60407194696705,True,1973.6056532658927,535.0,1,13,19.504648848833195,4
63,1685751707,120.0,174.50962853511663,False,385.41065977123475,0.0,0,0,0.0,0
167,9512928,270.0,255.3057779301705,True,894.4264009600739,15.0,3,0,0.0,0
30,9789808,500.0,360.6202181271189,True,1557.9073742008493,30.0,5,0,1.0104663338746223,0
162,11618689213,140.0,186.75762928006523,False,462.57306446441083,0.0,4,0,0.0,0
127,9262072924,905.0,639.4696070595671,True,3314.6585244752755,0.0,11,0,0.0,0
44,21666007,250.0,235.46090757927834,True,769.4037177494534,5.0,3,1,0.16841105564577039,0
28,1938580083,790.0,532.544852486584,True,2641.0325706654803,0.0,3,0,0.0,0
262,25473293,590.0,448.94350805240515,True,2114.3441007301535,5.0,3,0,0.18555166312466045,0
258,1685751696,495.0,387.03419238386556,True,1724.3154120183535,0.0,6,0,0.0,0
66,14958918,575.0,440.33732449563547,True,2060.1251443225033,0.0,9,0,0.0,0
116,11751472416,1060.0,661.7840423616706,True,3455.239466878521,200.0,14,0,1.8131152152716257,0
81,26699549,1010.0,615.971893313,True,3166.6229278718993,135.0,12,2,1.2238527703083466,0
278,25417431,335.0,302.4495256454032,True,1191.4320115660396,0.0,6,0,0.0,0
159,383974165,270.0,252.91260371784418,True,879.349403422418,0.0,1,0,0.0,0
226,1953627794,1035.0,696.0951766086761,True,3671.399612634657,0.0,4,0,0.0,0
288,1611022413,1455.0,892.9430870113447,True,4911.541448171465,175.0,17,1,1.5864758133626722,0
40,1938580083,135.0,181.19965718411433,False,427.55784025992034,0.0,2,0,0.0,0
43,2564873543,350.0,309.219457036321,True,1234.0825793288232,0.0,1,0,0.0,0
213,2639235429,830.0,594.4967771385401,True,3031.3296959728,0.0,13,0,0.0,0
145,9760819194,450.0,372.79187617106516,True,1634.5888198777104,0.0,6,0,0.0,0
161,107860,1065.0,648.8046285311132,True,3373.4691597460073,210.0,14,3,2.737839192060019,0
261,102035,1030.0,676.462339459119,True,3547.7127385924523,10.0,8,0,0.16377368708554538,0
219,9512908,610.0,394.0496438353708,True,1768.5127561628358,55.0,2,1,1.2254105907473078,0
94,2191480791,990.0,696.2441754322718,True,3672.33830522331,0.0,21,0,0.0,0
180,11707733695,810.0,589.6312359453683,True,3000.676786455817,0.0,15,0,0.0,0
173,822403,445.0,365.6476534777988,True,1589.5802169101319,0.0,1,0,0.0,0
76,25473371,685.0,517.6650647448354,True,2547.289907892465,0.0,7,0,0.0,0
204,3192197696,1080.0,626.3811332380369,True,3232.2011393996336,255.0,10,2,4.994626103527133,0
196,1619500464,295.0,278.02678640594166,True,1037.5687543574325,0.0,3,0,0.0,0
132,25532841,185.0,208.27440596615932,False,598.1287575868035,0.0,0,0,0.0,0
29,25502545,325.0,278.65186306827724,True,1041.5067373301463,0.0,4,0,0.0,0
108,21665582,570.0,352.2541351221222,True,1505.2010512693696,240.0,4,2,3.128959076640022,0
268,25544130,775.0,488.4406178724473,True,2363.1758925964173,110.0,10,3,0.9972133683993931,0
243,1614926348,565.0,406.66277162275503,True,1847.975461223357,565.0,5,22,29.73305414876145,4
255,25470789,530.0,422.30851242970044,True,1946.5436283071135,0.0,7,0,0.0,0
248,5247841988,545.0,413.3997379280482,True,1890.4183489467039,30.0,9,0,0.9857276171429512,0
266,2440630566,720.0,536.2363735153355,True,2664.289153146612,0.0,10,0,0.0,0
171,25544130,255.0,249.28295429384164,True,856.482612051202,0.0,0,0,0.0,0
270,881888313,350.0,251.84148198371238,True,872.6013364973878,120.0,2,3,3.2277150935236167,0
137,25497446,425.0,355.10591257385676,True,1523.1672492152984,0.0,2,0,0.0,0
174,10900901931,950.0,671.3756801972894,True,3515.666785242919,0.0,16,0,0.0,0
264,294651409,650.0,494.9477927223739,True,2404.171094150954,0.0,10,0,0.0,0
198,107821,765.0,491.71581482014346,True,2383.809633366904,80.0,12,1,0.36797849148738543,0
207,25472669,980.0,560.4417675959604,True,2816.783135854549,195.0,7,0,0.0,0
220,26389885,995.0,672.1149339856569,True,3520.324084109637,0.0,9,0,0.0,0
121,25533613,285.0,266.5386184195453,True,965.1932960431352,0.0,3,0,0.0,0
275,107769,435.0,364.0751991299432,True,1579.673754518643,0.0,5,0,0.0,0
12,6065422037,910.0,557.6689668861578,True,2799.3144913827946,175.0,9,4,2.020786070330014,0
229,10983187054,865.0,566.5385729826379,True,2855.1930097906193,140.0,9,2,2.94502564102564,0
1,1230855633,845.0,579.303679806911,True,2935.6131827835416,15.0,6,1,0.2141469142697764,0
18,1493458889,605.0,369.5133360321549,True,1613.9340170025764,225.0,6,1,2.9333991343500205,0
115,11582793599,300.0,277.6397589710547,True,1035.1304815176443,0.0,3,0,0.0,0
83,11783244661,1300.0,728.2701132980375,True,3874.1017137776294,330.0,8,6,5.70206812161207,0
227,6287158541,685.0,509.5737135993636,True,2496.3143956759914,0.0,7,0,0.0,0
3,26591526,515.0,397.04444043210793,True,1787.37997472228,0.0,3,0,0.0,0
182,4347844132,940.0,541.1559364968317,True,2695.2823999300335,295.0,6,4,4.80584035235771,0
166,13808848004,495.0,366.9605412294815,True,1597.8514097457337,30.0,7,3,1.0104663338746223,0
205,1106056863,715.0,493.42855725197165,True,2394.59991068742,30.0,7,0,0.4917771147335163,0
242,9789819,200.0,219.76518621523977,False,670.5206731560106,0.0,3,0,0.0,0
285,25473287,790.0,503.3849838780084,True,2457.3253984314524,85.0,13,1,0.36797849148738543,0
253,7223704403,1025.0,720.1143743451615,True,3822.720558374519,0.0,15,0,0.0,0
292,881887811,710.0,512.2694245549925,True,2513.297374696451,0.0,6,0,0.0,0
191,12120966378,820.0,591.9037642198293,True,3014.9937145849244,0.0,7,0,0.0,0
125,9287396538,555.0,422.51675375259344,True,1947.8555486413388,0.0,7,0,0.0,0
293,2271434264,580.0,424.3983489783852,True,1959.7095985638266,0.0,2,0,0.0,0
57,4457798822,745.0,537.6647238893977,True,2673.287760503206,0.0,6,0,0.0,0
104,1106056866,590.0,442.0609567488017,True,2070.98402751745,0.0,7,0,0.0,0
129,25257309,915.0,637.0210857389956,True,3299.2328401556724,0.0,8,0,0.0,0
31,21665909,700.0,511.6350165967832,True,2509.3006045597326,10.0,10,0,0.16392570491117212,0
153,11863161,1260.0,662.2630337896609,True,3458.2571128748505,420.0,12,7,7.275356172846951,0
209,25532840,540.0,408.3817225751203,True,1858.8048522232575,0.0,5,0,0.0,0
128,281454988,540.0,397.65584741396066,True,1791.2318387079526,5.0,5,0,0.07138230475659213,0
175,25473371,640.0,478.93628494973643,True,2303.2985951833402,15.0,6,0,0.40537803907966774,0
236,1619316041,530.0,415.99326864862417,True,1906.7575924863331,0.0,8,0,0.0,0
217,5935822696,525.0,404.84016102841105,True,1836.493014478989,0.0,4,0,0.0,0
146,25473291,250.0,248.35597297143806,False,850.6426297200594,0.0,1,0,0.0,0
71,9167793401,650.0,469.7992160447116,True,2245.7350610816834,45.0,9,1,0.7376656721002746,0
49,21665932,270.0,260.1085302342064,True,924.6837404755006,0.0,2,0,0.0,0
109,13349587,790.0,557.6753915820574,True,2799.3549669669615,0.0,10,0,0.0,0
69,25533613,850.0,591.2487440540463,True,3010.8670875404905,0.0,10,0,0.0,0
119,21665909,340.0,286.51623197295214,True,1091.0522614295985,5.0,4,0,0.16841105564577039,0
103,2191480791,595.0,444.59187260655887,True,2086.9287974213203,0.0,2,0,0.0,0
251,102020,830.0,601.2373655571887,True,3073.7954030102837,0.0,11,0,0.0,0
199,11135307178,530.0,397.57594174646044,True,1790.7284330026998,0.0,4,0,0.0,0
134,25473295,675.0,432.4489659838707,True,2010.428485698383,165.0,6,2,2.151159365190015,0
61,1508437746,775.0,511.50137442356026,True,2508.45865886843,0.0,7,0,0.0,0
232,5453319326,295.0,240.08656146006626,True,798.5453371984169,15.0,3,2,0.5052331669373111,0
160,1614926348,540.0,400.66178836029997,True,1810.1692666698889,540.0,5,14,27.58104095509449,4
26,108055,425.0,350.29337989339234,True,1492.8482933283715,0.0,5,0,0.0,0
155,25473300,725.0,494.68757958421895,True,2402.5317513805808,80.0,10,0,0.0,0
245,108322,1320.0,819.632897952576,True,4449.687257101228,50.0,9,0,0.0,0
82,8752950708,870.0,559.0419729940344,True,2807.964429862418,95.0,10,2,0.997644324363629,0
108,1666324108,140.0,189.60121170284225,False,480.48763372790614,0.0,0,0,0.0,0
62,25306041,565.0,421.89095507880694,True,1943.913016996484,0.0,6,0,0.0,0
178,9791497,415.0,345.12109354250225,True,1460.2628893177648,0.0,4,0,0.0,0
20,108300,915.0,627.1164703871377,True,3236.833763438965,0.0,9,0,0.0,0
95,25505558,325.0,295.6029003656259,True,1148.2982723034422,0.0,3,0,0.0,0
47,1685938740,650.0,491.9566721651162,True,2385.3270346402323,0.0,12,0,0.0,0
11,2191480791,800.0,588.2424927037993,True,2991.927704033931,0.0,12,0,0.0,0
194,14954215,375.0,320.8464580761411,True,1307.3326858796886,0.0,5,0,0.0,0
14,1610964471,760.0,488.75499343435865,True,2365.1564586364575,120.0,6,5,2.2706091027616115,0
30,6762589361,225.0,231.60766145981387,False,745.1282671968272,0.0,0,0,0.0,0
85,11135307178,890.0,501.92181099035525,True,2448.1074092392378,270.0,4,0,2.4495465665088885,0
60,1684410087,480.0,388.06619925898383,True,1730.8170553315979,0.0,6,0,0.0,0
212,25375955,455.0,371.9872548120596,True,1629.5197053159754,0.0,2,0,0.0,0
156,25257284,880.0,603.2814802915585,True,3086.6733258368185,0.0,12,0,0.0,0
223,1684410094,520.0,383.47921948673917,True,1701.919082766456,0.0,7,0,0.0,0
50,10996228332,520.0,384.84204133434025,True,1710.5048604063436,20.0,9,0,0.6913401060788169,0
216,107793,570.0,396.8738495116027,True,1786.3052519230973,0.0,9,0,0.0,0
284,5393414954,550.0,407.45216643400823,True,1852.9486485342502,0.0,5,0,0.0,0
274,107838,310.0,290.4551501091748,True,1115.8674456878011,0.0,0,0,0.0,0
291,12689154,645.0,459.42397641215234,True,2180.371051396558,0.0,3,0,0.0,0
56,1607738730,280.0,270.37951735713006,True,989.3909593499195,0.0,1,0,0.0,0
215,92696860,915.0,542.2253055291824,True,2702.0194248338507,240.0,4,4,2.520364608918641,0
21,10983187054,885.0,584.1298789728835,True,2966.0182375291656,15.0,13,0,0.34932535021020583,0
207,1667203491,160.0,197.47519494689212,False,530.0937281654201,0.0,0,0,0.0,0
141,1667203543,720.0,512.8668503835514,True,2517.061157416375,0.0,14,0,0.0,0
243,21665911,185.0,211.48198816414637,False,618.3365254341221,0.0,0,0,0.0,0
23,7684091166,485.0,376.7988564229874,True,1659.83279546482,0.0,3,0,0.0,0
169,1843348265,915.0,620.5948530350685,True,3195.747574120933,0.0,5,0,0.0,0
9,358992920,470.0,385.2991836620765,True,1713.3848570710816,0.0,1,0,0.0,0
151,25473371,580.0,443.7067160192883,True,2081.3523109215166,0.0,2,0,0.0,0
246,1232048712,1315.0,809.7798032351246,True,4387.612760381285,60.0,14,0,0.0,0
87,25476020,1080.0,709.2668941769472,True,3754.381433314767,75.0,9,1,1.229442786833791,0
114,13578418080,680.0,468.26492188221806,True,2236.0690078579755,70.0,10,2,1.147479934378205,0
176,21665006,810.0,436.4944456761967,True,2035.915007760042,345.0,7,3,3.6230241253205464,0
218,107860,345.0,305.0375492442824,True,1207.7365602389787,0.0,1,0,0.0,0
231,25714234,510.0,405.1038092317516,True,1838.153998160034,0.0,5,0,0.0,0
190,107812,530.0,396.81114149760293,True,1785.9101914348983,0.0,3,0,0.0,0
136,2214979335,625.0,481.3569588660587,True,2318.548840856169,0.0,2,0,0.0,0
263,107780,705.0,489.0467946680274,True,2366.9948064085734,15.0,4,0,0.5052331669373111,0
269,109631,815.0,583.4061107445687,True,2961.458497690784,0.0,9,0,0.0,0
233,1685938727,495.0,364.30970263170923,True,1581.1511265797672,40.0,3,0,0.571058438052737,0
8,108060,640.0,471.7664842618226,True,2258.128850849482,0.0,8,0,0.0,0
89,107812,755.0,522.248518957258,True,2576.165669430725,10.0,8,1,0.33682211129154077,0
122,25531001,315.0,293.4375990459127,True,1134.6568739892498,0.0,5,0,0.0,0
92,5244680779,655.0,456.1778360944775,True,2159.920367395208,0.0,4,0,0.0,0
149,1232048712,645.0,481.93745124978057,True,2322.2059428736184,0.0,4,0,0.0,0
65,1700140657,695.0,517.7667808508677,True,2547.9307193604686,0.0,10,0,0.0,0
88,21665582,400.0,332.7041878582366,True,1382.0363835068904,0.0,3,0,0.0,0
286,5411324111,575.0,428.0150404194897,True,1982.4947546427861,0.0,9,0,0.0,0
25,8752950708,1220.0,640.5431081055186,True,3321.4215810647584,425.0,11,5,7.340542820276952,0
165,14017207475,535.0,413.5321144551205,True,1891.252321067259,0.0,6,0,0.0,0
215,1614926348,70.0,145.27818406467026,False,201.25255960742246,70.0,0,7,15.082345124767553,4
41,60728181,495.0,392.001083102554,True,1755.6068235460896,0.0,7,0,0.0,0
276,3552338823,615.0,457.9172524472109,True,2170.878690417429,0.0,6,0,0.0,0
91,26405445,1045.0,690.6542671184872,True,3637.1218828464725,0.0,11,0,0.0,0
257,25498869,675.0,516.5912688084874,True,2540.5249934934723,0.0,3,0,0.0,0
200,334688530,345.0,302.5392868071461,True,1191.99750688502,0.0,3,0,0.0,0
111,9789808,855.0,577.4346350358386,True,2923.838200725784,45.0,14,0,0.0,0
210,295907939,710.0,520.4171850986222,True,2564.628266121318,0.0,8,0,0.0,0
173,9770373583,290.0,272.49651103110284,True,1002.7280194959477,0.0,3,0,0.0,0
158,25257304,555.0,437.4355058834397,True,2041.8436870656703,0.0,4,0,0.0,0
78,1684410086,495.0,348.4227036787053,True,1481.0630331758439,75.0,6,0,1.0707345713488818,0
174,21665911,265.0,251.90229845328284,True,872.9844802556815,0.0,1,0,0.0,0
38,25532843,585.0,429.9026191364065,True,1994.3865005593618,30.0,6,1,1.1448466768217738,0
13,13556857162,580.0,446.64344204664974,True,2099.8536848938948,0.0,5,0,0.0,0
131,2271434264,765.0,554.351860281571,True,2778.416719773901,0.0,7,0,0.0,0
130,25531990,495.0,398.0533607419578,True,1793.7361726743347,0.0,5,0,0.0,0
170,7223638134,465.0,376.5575801896976,True,1658.3127551950943,0.0,9,0,0.0,0
90,281454988,455.0,363.60832080652295,True,1576.7324210810943,0.0,4,0,0.0,0
197,4784457202,955.0,538.2250139591655,True,2676.8175879427426,195.0,3,1,3.298143121535914,0
225,9791156,1160.0,644.7403338268203,True,3347.864103108957,345.0,7,5,3.6230241253205464,0
125,107860,225.0,236.6976317719849,False,777.1950801635048,0.0,2,0,0.0,0
54,371564817,535.0,419.7480151333978,True,1930.4124953404073,0.0,5,0,0.0,0
241,21665135,835.0,598.5237343758481,True,3056.6995265678447,0.0,12,0,0.0,0
287,1684410094,425.0,359.4299071743002,True,1550.4084151980908,0.0,6,0,0.0,0
290,12689153,710.0,526.6888367528683,True,2604.1396715430674,0.0,12,0,0.0,0
123,500486430,760.0,511.55150956483845,True,2508.774510258482,65.0,6,0,1.065517081922619,0
208,12652780908,705.0,513.0759541144278,True,2518.3785109208948,0.0,10,0,0.0,0
52,8977566932,1165.0,779.3752802815108,True,4196.064265773519,0.0,15,0,0.0,0
224,25496777,975.0,544.573940976251,True,2716.8158281503875,335.0,4,0,3.5180089332822697,0
70,2191588310,660.0,485.21740509917413,True,2342.8696521247975,0.0,4,0,0.0,0
282,1938580083,840.0,570.7741199089016,True,2881.876955426081,60.0,17,0,0.0,0
206,14017207475,1095.0,739.6907440894909,True,3946.0516877637983,0.0,14,0,0.0,0
31,14727249,230.0,234.79769341979323,False,765.2254685446974,0.0,4,0,0.0,0
277,9512937,790.0,462.1181678720486,True,2197.3444575939056,150.0,8,3,2.945155933768437,0
142,12437824276,820.0,484.2520865897493,True,2336.788145515422,210.0,9,5,4.29755994229,0
152,27503587,950.0,677.4634621053675,True,3554.01981126381,0.0,9,0,0.0,0
185,11135307178,610.0,461.9311892740932,True,2196.1664924267848,0.0,10,0,0.0,0
2,6378017135,1250.0,699.5219402922359,True,3692.988223841075,360.0,8,2,3.776728068426998,0
48,1309470394,1280.0,767.3823142340817,True,4120.508579674706,220.0,12,4,4.627897435897436,0
139,9167793401,1075.0,562.2658253096146,True,2828.2746994505733,420.0,11,4,7.275356172846951,0
188,25522907,485.0,356.3467220772069,True,1530.9843490864032,20.0,5,0,0.6913401060788169,0
159,21665965,370.0,283.18218631799107,True,1070.0477738033437,90.0,5,4,2.770466040260548,0
72,108906,1145.0,752.3980740931635,True,4026.10786678693,0.0,9,0,0.0,0
157,109832,505.0,404.1149342497203,True,1831.9240857732395,0.0,8,0,0.0,0
161,25256260,365.0,313.4404546244835,True,1260.6748641342467,0.0,2,0,0.0,0
35,1678452820,500.0,390.12952340364023,True,1743.8159974429336,0.0,5,0,0.0,0
22,25496614,515.0,394.98665303239494,True,1774.4159141040886,0.0,2,0,0.0,0
50,21665581,175.0,192.46320737777896,False,498.5182064800074,0.0,1,0,0.0,0
203,9294989287,720.0,520.2992457155801,True,2563.885248008156,0.0,10,0,0.0,0
163,3567188665,1130.0,729.342250466693,True,3880.8561779401634,0.0,8,0,0.0,0
102,25533613,600.0,436.3469016701691,True,2034.9854805220652,0.0,8,0,0.0,0
221,9789820,625.0,473.02261561721093,True,2266.0424783884287,0.0,5,0,0.0,0
244,107351,630.0,472.50353799978785,True,2262.7722893986634,0.0,11,0,0.0,0
104,21665909,280.0,269.8026193922415,True,985.7565021711212,0.0,3,0,0.0,0
113,25474658,925.0,654.151267456132,True,3407.152984973633,0.0,11,0,0.0,0
226,26559616,405.0,346.12347187303243,True,1466.577872800104,0.0,6,0,0.0,0
240,25257618,815.0,575.0108358405449,True,2908.568265795432,0.0,4,0,0.0,0
37,8098784582,670.0,499.05143094774223,True,2430.024014970777,0.0,7,0,0.0,0
137,21665248,360.0,309.8501219189789,True,1238.0557680895672,10.0,0,0,0.0,0
164,282686499,985.0,650.3873682254779,True,3383.4404198205093,65.0,13,0,0.13573009336646616,0
281,9789819,525.0,401.49098678361526,True,1815.3932167367764,0.0,4,0,0.0,0
58,26651413,685.0,503.21388495208157,True,2456.2474751981167,0.0,7,0,0.0,0
294,691084080,535.0,419.7401637415573,True,1930.3630315718108,0.0,6,0,0.0,0
237,281454988,545.0,417.448158209062,True,1915.92339671709,0.0,6,0,0.0,0
133,1666324146,1070.0,721.6875610852469,True,3832.631634837059,0.0,16,0,0.0,0
120,2191480791,985.0,652.3456771700895,True,3395.7777661715595,0.0,13,0,0.0,0
186,25306041,815.0,556.3125416179195,True,2790.7690121928918,0.0,4,0,0.0,0
183,25375812,850.0,581.2226382341611,True,2947.702620875211,0.0,6,0,0.0,0
33,1508437746,625.0,470.2813772395266,True,2248.7726766090173,0.0,5,0,0.0,0
80,25532841,925.0,657.0344060415886,True,3425.316758062007,0.0,18,0,0.0,0
180,30939233,425.0,353.11826721912456,True,1510.6450834804846,0.0,7,0,0.0,0
77,9791497,770.0,547.3283624000676,True,2734.1686831204242,0.0,4,0,0.0,0
196,25532843,425.0,356.46720829986333,True,1531.7434122891395,0.0,3,0,0.0,0
15,12437719167,665.0,475.20113168053365,True,2279.767129587363,0.0,10,0,0.0,0
46,25500126,610.0,455.58653105905233,True,2156.1951456720294,0.0,4,0,0.0,0
117,5094593324,1085.0,679.3162384503102,True,3565.6923022369538,65.0,9,1,0.13573009336646616,0
93,25473512,750.0,537.1866854028666,True,2670.2761180380576,0.0,11,0,0.0,0
239,108903,810.0,576.8011549598153,True,2919.8472762468373,0.0,15,0,0.0,0
5,1678452778,1045.0,632.6509323988374,True,3271.700874112676,115.0,3,3,2.4506995127969775,0
189,9760819194,620.0,463.1222638151836,True,2203.6702620356577,0.0,10,0,0.0,0
195,1684410086,805.0,546.5760180834308,True,2729.428913925613,0.0,8,0,0.0,0
209,2271434264,335.0,303.5909300874855,True,1198.6228595511589,0.0,2,0,0.0,0
264,108260,420.0,324.97080027774047,True,1333.3160417497643,0.0,7,0,0.0,0
68,3476508188,525.0,409.3849765378872,True,1865.12535218869,0.0,3,0,0.0,0
138,334688530,635.0,483.3919782866365,True,2331.369463205811,0.0,6,0,0.0,0
75,452417806,1070.0,742.3490951154928,True,3962.7992992275995,0.0,17,0,0.0,0
58,107793,65.0,145.6283948745516,False,203.45888770967497,0.0,0,0,0.0,0
181,12283867782,740.0,526.7772093309734,True,2604.696418785131,0.0,4,0,0.0,0
24,334688530,1265.0,734.417072303727,True,3912.8275555134696,225.0,16,4,4.733076923076924,0
85,25473293,300.0,265.47546805772726,True,958.4954487636816,10.0,2,0,0.30399677868945324,0
36,21665367,840.0,511.83799398052713,True,2510.5793620773206,90.0,5,1,1.6625570645259997,0
44,435144778,530.0,424.1598331641947,True,1958.2069489344267,0.0,5,0,0.0,0
249,25257053,680.0,496.5400407985276,True,2414.202257030721,0.0,10,0,0.0,0
151,1684410094,265.0,241.18385984553942,True,805.4583170268985,0.0,4,0,0.0,0
236,1678452766,360.0,310.94235418893203,True,1244.936831390272,0.0,2,0,0.0,0
176,338504649,260.0,260.29473830619514,False,925.8568513290288,0.0,0,0,0.0,0
247,60728181,660.0,463.7149890618112,True,2207.4044310894096,0.0,7,0,0.0,0
110,2440634919,875.0,582.0294961319147,True,2952.7858256310583,10.0,11,0,0.0,0
48,107349,135.0,184.05903921597672,False,445.5719470606532,0.0,1,0,0.0,0
148,25474295,1045.0,692.6463306214721,True,3649.671882915276,65.0,10,1,0.9279699618356977,0
96,1678452758,1015.0,620.8792911649333,True,3197.5395343390783,110.0,6,1,1.9475915520696465,0
112,25533578,950.0,585.3323888674807,True,2973.5940498651307,90.0,10,3,1.79823506807938,0
279,5387300688,805.0,451.9013979902305,True,2132.9788073384557,380.0,5,0,3.990577297454515,0
147,107809,630.0,464.8594941569291,True,2214.6148131886544,0.0,7,0,0.0,0
79,10574746,800.0,559.2957761950163,True,2809.563390028599,0.0,9,0,0.0,0
123,6801479201,175.0,207.7502154913362,False,594.8263575954182,0.0,1,0,0.0,0
3,9475520,435.0,357.64615023140374,True,1539.1707464578433,0.0,7,0,0.0,0
130,2271422636,200.0,221.4864380227423,False,681.3645595432763,0.0,2,0,0.0,0
17,380494808,1115.0,624.1465296256068,True,3218.123136641318,350.0,13,3,3.6230241253205464,0
254,2305803831,870.0,602.5328285264815,True,3081.9568197168333,0.0,7,0,0.0,0
259,12725097483,980.0,689.1797973610086,True,3627.8327233743557,0.0,4,0,0.0,0
179,25471086,720.0,384.39867185432064,True,1707.7116326822209,375.0,3,3,3.9380697014353765,0
289,25256949,920.0,643.3114150338201,True,3338.8619147130667,0.0,16,0,0.0,0
212,350621322,335.0,298.5561828344553,True,1166.903951857068,0.0,4,0,0.0,0
193,25476020,700.0,522.0193518359823,True,2574.7219165666866,0.0,16,0,0.0,0
218,1620855390,290.0,270.85077207897996,True,992.3598640975733,0.0,6,0,0.0,0
100,1614926348,1390.0,682.7650127143737,True,3587.4195801005458,1390.0,13,31,45.88570454887986,4
135,12437719167,1275.0,674.0698946528948,True,3532.6403363132313,400.0,9,5,7.054602422876435,0
45,14017207475,1310.0,737.7196231915435,True,3933.6336261067177,325.0,12,3,5.996817031927451,0
171,4174200043,500.0,398.85281538231163,True,1798.7727369085635,0.0,9,0,0.0,0
178,107839,370.0,327.69859519382464,True,1350.5011497210958,0.0,3,0,0.0,0
42,9702441401,1055.0,657.1436010466308,True,3426.0046865937716,70.0,11,1,1.2310790999371912,0
53,3892184068,1060.0,722.3288091632955,True,3836.6714977287575,0.0,12,0,0.0,0
10,1938580083,935.0,519.4748326765354,True,2558.691445862174,355.0,5,1,3.728039317358823,0
177,1678452742,765.0,542.6635633398685,True,2704.7804490411695,0.0,13,0,0.0,0
140,25472873,890.0,596.6882382338464,True,3045.1359008732325,0.0,16,0,0.0,0
28,25503799,580.0,443.7037295162887,True,2081.3334959526187,0.0,8,0,0.0,0
20,298205891,375.0,331.5690495287776,True,1374.8850120312984,0.0,3,0,0.0,0
124,1678452758,630.0,475.15163640284925,True,2279.455309337952,0.0,6,0,0.0,0
98,7944696977,710.0,524.3701261029124,True,2589.5317944483436,0.0,6,0,0.0,0
9,9512908,325.0,284.3586044102454,True,1077.4592077845455,0.0,1,0,0.0,0
251,25533578,400.0,326.3303676552444,True,1341.8813162280405,0.0,3,0,0.0,0
119,13565582698,410.0,350.71028177931356,True,1495.474775209676,0.0,3,0,0.0,0
62,107349,395.0,324.93057568927446,True,1333.062626842429,0.0,5,0,0.0,0
246,108903,335.0,301.71287663466245,True,1186.7911227983736,0.0,2,0,0.0,0
40,102020,570.0,433.7604060248059,True,2018.690557956277,0.0,7,0,0.0,0
51,26652357,1005.0,642.3233726626914,True,3332.637247774956,95.0,6,2,2.1840893008740365,0
143,25495442,765.0,496.1782748956239,True,2411.9231318424304,95.0,6,1,1.9136975789786503,0
30,25472291,395.0,340.22004425109736,True,1429.3862787819128,0.0,1,0,0.0,0
207,25473373,365.0,316.12033364783605,True,1277.5581019813674,0.0,2,0,0.0,0
162,5630569619,630.0,463.39360337441906,True,2205.379701258839,0.0,10,0,0.0,0
150,109348,910.0,642.563763738651,True,3334.151711553506,0.0,9,0,0.0,0
284,9521022,390.0,284.9534470985334,True,1081.2067167207601,90.0,3,3,2.7359710082050785,0
123,25507041,70.0,147.3991193239946,False,214.61445174116574,0.0,1,0,0.0,0
222,9512937,700.0,507.21866456525186,True,2481.4775867610874,0.0,4,0,0.0,0
256,9512935,905.0,563.5766887658453,True,2836.533139224821,130.0,4,1,2.7346666666666657,0
255,9521006,565.0,438.6029885198802,True,2049.198827675245,0.0,8,0,0.0,0
231,25532843,355.0,316.5835414496578,True,1280.4763111328436,0.0,3,0,0.0,0
272,14791174,720.0,526.3588653870468,True,2602.060851938395,0.0,9,0,0.0,0
275,25471089,545.0,410.62255809807095,True,1872.9221160178458,0.0,6,0,0.0,0
71,691084080,460.0,360.2129788887093,True,1555.341766998869,0.0,3,0,0.0,0
19,25473300,945.0,635.700312417345,True,3290.9119682292753,20.0,15,0,0.0,0
34,25532843,810.0,555.5672751426754,True,2786.0738333988515,0.0,4,0,0.0,0
57,311153342,505.0,395.34330333274136,True,1776.662810996271,0.0,4,0,0.0,0
257,1667203548,325.0,296.7214222474061,True,1155.3449601586588,0.0,0,0,0.0,0
7,970857045,750.0,518.8866268311709,True,2554.9857490363743,0.0,8,0,0.0,0
214,21665965,1170.0,624.432835944789,True,3219.9268664521587,360.0,8,1,3.972349475530752,0
274,110031,415.0,356.28811347192743,True,1530.6151148731426,0.0,4,0,0.0,0
252,13349587,995.0,677.4459566618306,True,3553.9095269695326,0.0,12,0,0.0,0
210,11170906155,320.0,292.71395494874815,True,1130.0979161771131,0.0,3,0,0.0,0
262,25375812,660.0,475.88128075285124,True,2284.0520687429625,0.0,5,0,0.0,0
63,1678452823,680.0,491.7696706815152,True,2384.148925293544,0.0,10,0,0.0,0
250,21665585,805.0,577.9381085941839,True,2927.010084143357,0.0,12,0,0.0,0
74,25507341,935.0,650.1216583949497,True,3381.7664478881857,0.0,10,0,0.0,0
55,338504649,730.0,545.8195514452019,True,2724.6631741047704,0.0,10,0,0.0,0
228,6378017135,855.0,585.9896398745775,True,2977.7347312098354,0.0,10,0,0.0,0
290,107863,295.0,277.0244213461016,True,1031.25385448044,0.0,3,0,0.0,0
86,25473293,745.0,527.9694841158893,True,2612.2077499300985,0.0,7,0,0.0,0
265,25475744,700.0,496.0739809210934,True,2411.2660798028874,20.0,9,0,0.6913401060788169,0
27,5568839679,800.0,570.8460421779023,True,2882.330065720784,0.0,13,0,0.0,0
37,1685751696,240.0,241.7540493687652,False,809.0505110232205,0.0,4,0,0.0,0
261,25496815,640.0,477.7793723160445,True,2296.010045591082,0.0,7,0,0.0,0
65,6342450111,375.0,324.439341760665,True,1329.9678530921904,0.0,4,0,0.0,0
39,9515379,1165.0,741.8916611064072,True,3959.9174649703677,0.0,16,0,0.0,0
101,1832666009,750.0,549.4452807850083,True,2747.5052689455515,0.0,10,0,0.0,0
99,25524240,1180.0,796.2551702495113,True,4302.40757257192,0.0,11,0,0.0,0
234,1697813699,915.0,606.785770413426,True,3108.750353604583,0.0,9,0,0.0,0
187,1616122178,760.0,554.5784151616407,True,2779.8440155183353,0.0,11,0,0.0,0
217,1188939772,525.0,401.6082786276468,True,1816.1321553541752,0.0,6,0,0.0,0
16,10983187054,750.0,543.156969733989,True,2707.8889093241332,0.0,6,0,0.0,0
216,452486132,470.0,383.4480135407344,True,1701.7224853066252,0.0,6,0,0.0,0
107,25256616,1325.0,729.8566398067404,True,3884.096830782453,340.0,9,6,3.570516529301408,0
292,271242424,575.0,446.9267557210717,True,2101.638561042752,0.0,8,0,0.0,0
125,3442281746,340.0,288.5114936041497,True,1103.622409706143,0.0,2,0,0.0,0
76,107797,670.0,508.80382187140344,True,2491.464077789844,0.0,9,0,0.0,0
167,1614926348,735.0,517.9524620519437,True,2549.1005109272423,735.0,10,29,35.31378008436387,4
184,21665367,870.0,615.4778302689527,True,3163.5103306944025,0.0,9,0,0.0,0
92,14954215,420.0,344.55649797627854,True,1456.7059372505553,0.0,3,0,0.0,0
268,107812,670.0,462.81891300834366,True,2201.759151952566,105.0,7,2,3.191966176239258,0
253,9702441401,600.0,451.04739736256107,True,2127.5986033841323,0.0,5,0,0.0,0
6,4956890429,1120.0,725.2771903931144,True,3855.24629947662,0.0,8,0,0.0,0
155,9521022,530.0,407.2925331042421,True,1851.9429585567252,0.0,6,0,0.0,0
118,1678452807,805.0,543.2591110990147,True,2708.532399923792,0.0,8,0,0.0,0
60,25257028,520.0,409.6694769953015,True,1866.9177050703997,0.0,4,0,0.0,0
282,108901,355.0,311.9952131861716,True,1251.5698430728808,0.0,2,0,0.0,0
243,1614846678,490.0,393.9414769873924,True,1767.8313050205713,0.0,7,0,0.0,0
239,21665000,250.0,240.88144247181293,True,803.5530875724214,40.0,4,1,1.526462235762365,0
258,265124953,745.0,545.2071438890289,True,2720.805006500884,0.0,6,0,0.0,0
229,3442281746,655.0,495.4225182331107,True,2407.161864868598,0.0,6,0,0.0,0
241,104315,385.0,328.2780508825979,True,1354.1517205603664,0.0,5,0,0.0,0
287,14017207475,380.0,320.12538380784355,True,1302.7899179894143,0.0,1,0,0.0,0
227,25714234,635.0,480.7553349592415,True,2314.7586102432233,0.0,9,0,0.0,0
208,9522438169,375.0,310.505647931992,True,1242.1855819715493,30.0,5,0,0.0,0
64,54190727,1270.0,709.3593097494206,True,3754.9636514213403,350.0,11,7,3.6755317213396848,0
43,110009,725.0,515.645905509181,True,2534.569204707841,0.0,8,0,0.0,0
285,603751942,640.0,452.53009851565804,True,2136.939620648646,55.0,6,0,0.0,0
144,107838,930.0,515.8282892919384,True,2535.7182225392166,345.0,11,3,3.6230241253205464,0
203,9702441401,350.0,305.60597145330803,True,1211.317620155841,0.0,3,0,0.0,0
29,107818,715.0,502.47869213682395,True,2451.615760461991,0.0,13,0,0.0,0
278,108322,750.0,507.96388701491867,True,2486.1724881939876,20.0,7,1,0.7539685910886627,0
33,9521029,305.0,277.8957715077923,True,1036.743360499091,0.0,2,0,0.0,0
106,292252720,960.0,667.7760261108549,True,3492.988964498388,0.0,13,0,0.0,0
136,452514269,495.0,401.9807475155413,True,1818.4787093479101,0.0,6,0,0.0,0
66,280412704,770.0,537.3220196671415,True,2671.1287239029934,15.0,8,0,0.21768528051194758,0
204,6173783039,730.0,529.9504010980892,True,2624.687526917961,0.0,8,0,0.0,0
149,25529871,470.0,382.79364409228253,True,1697.5999577813811,0.0,5,0,0.0,0
235,25257657,850.0,528.9820667532335,True,2618.5870205453703,190.0,15,7,5.825217412321715,0
145,21665910,745.0,536.2893548200407,True,2664.6229353662548,0.0,4,0,0.0,0
211,12765771304,835.0,460.4281129735651,True,2186.697111733463,350.0,2,4,3.6755317213396848,0
190,25530236,510.0,368.77377082885374,True,1609.2747562217776,15.0,4,1,0.21768528051194758,0
215,25544127,480.0,376.81297995328686,True,1659.9217737057083,0.0,8,0,0.0,0
238,9295694734,1035.0,651.2796092694822,True,3389.061538397733,80.0,7,0,1.1912803415921578,0
18,194250,690.0,477.48232132307567,True,2294.138624335377,40.0,3,2,1.8762083039769488,0
131,7013554275,445.0,356.04045668605994,True,1529.054877122179,0.0,4,0,0.0,0
126,21590631,825.0,586.2804535951262,True,2979.566857649298,0.0,9,0,0.0,0
175,25375812,640.0,451.65887760789735,True,2131.450928929753,0.0,4,0,0.0,0
135,25531001,235.0,236.36938408635427,False,775.1271197440318,0.0,0,0,0.0,0
21,351788581,565.0,434.03621895682824,True,2020.4281794280168,0.0,10,0,0.0,0
202,25472904,1055.0,717.1085064265247,True,3803.7835904871063,0.0,12,0,0.0,0
116,25473423,805.0,509.5981570510546,True,2496.468389421643,180.0,12,6,5.50150918674342,0
94,496813005,770.0,550.3798650415794,True,2753.3931497619496,0.0,9,0,0.0,0
103,3567188470,630.0,484.087483389393,True,2335.7511453531756,0.0,12,0,0.0,0
201,4457798822,1090.0,706.7681450209126,True,3738.639313631743,0.0,11,0,0.0,0
132,2271434264,775.0,538.5422940222417,True,2678.81645234012,0.0,11,0,0.0,0
52,2214979329,445.0,372.74184868709824,True,1634.2736467287189,0.0,6,0,0.0,0
81,9054849009,815.0,439.6210987268146,True,2055.612921978935,355.0,6,2,3.728039317358823,0
171,970857026,255.0,241.5884809427603,True,808.0074299393898,0.0,4,0,0.0,0
83,452514269,725.0,542.4633434076442,True,2703.519063468156,0.0,7,0,0.0,0
244,25533613,410.0,342.3507893877139,True,1442.8099731425975,0.0,4,0,0.0,0
54,25471089,470.0,374.8037458421655,True,1647.263598805644,0.0,3,0,0.0,0
173,25500758,500.0,382.42262292308504,True,1695.262524415436,0.0,3,0,0.0,0
245,25532839,645.0,493.16517348309185,True,2392.9405929434793,0.0,4,0,0.0,0
59,9512926,920.0,614.0470415742376,True,3154.496361917695,0.0,11,0,0.0,0
112,1666324195,300.0,281.8075626863771,True,1061.387644924176,0.0,5,0,0.0,0
267,1614926348,930.0,505.01090716147075,True,2467.5687151172665,930.0,9,24,27.934638493008794,4
47,26699545,645.0,457.92902488779555,True,2170.952856793113,0.0,2,0,0.0,0
169,8784101792,600.0,435.9403378015895,True,2032.4241281500128,0.0,6,0,0.0,0
84,9054849009,1110.0,707.7181680192444,True,3744.624458521239,0.0,6,0,0.0,0
262,3531897238,195.0,217.87599767191253,False,658.6187853330487,0.0,3,0,0.0,0
122,21665911,565.0,420.33396179189356,True,1934.103959288929,0.0,6,0,0.0,0
168,25522907,980.0,649.3310626185922,True,3376.7856944971318,0.0,10,0,0.0,0
159,25501016,465.0,371.99511605891036,True,1629.569231171136,0.0,4,0,0.0,0
4,1611442272,970.0,676.515249753142,True,3548.046073444794,0.0,18,0,0.0,0
36,26699543,340.0,301.31181231633326,True,1184.2644175928997,0.0,3,0,0.0,0
67,107715,965.0,661.2332249228099,True,3451.769317013702,15.0,9,0,0.21768528051194758,0
192,25507343,955.0,626.0108453909045,True,3229.868325962697,40.0,7,0,0.6557028196446885,0
276,9770373583,555.0,425.7790987615677,True,1968.408322197875,0.0,3,0,0.0,0
61,25507343,685.0,479.50267308584796,True,2306.8668404408404,0.0,3,0,0.0,0
197,21665367,515.0,348.90347027744787,True,1484.0918627479218,135.0,5,1,1.7600394806100124,0
87,5006063180,610.0,460.3038872028888,True,2185.9144893781977,0.0,5,0,0.0,0
172,1619500281,1250.0,840.4180332280242,True,4580.633609336555,0.0,16,0,0.0,0
8,13565582698,590.0,443.68150985734826,True,2081.1935121012953,0.0,7,0,0.0,0
165,9791495,575.0,419.9236861886358,True,1931.519222988406,0.0,3,0,0.0,0
2,9791503,495.0,391.9861831582756,True,1755.5129538971355,0.0,5,0,0.0,0
209,9791491,400.0,334.98496940654434,True,1396.405307261229,0.0,2,0,0.0,0
213,4956890447,860.0,581.9174486514815,True,2952.0799265043324,20.0,8,0,0.7539685910886627,0
12,443449146,810.0,550.390675291854,True,2753.4612543386793,40.0,7,1,0.6557028196446885,0
72,9475528,510.0,408.93304581550234,True,1862.278188637664,0.0,3,0,0.0,0
91,26699543,595.0,444.7368824525232,True,2087.8423594508954,0.0,3,0,0.0,0
174,12652780908,570.0,423.95570824016755,True,1956.9209619130572,0.0,5,0,0.0,0
138,6777627310,405.0,344.50337940996275,True,1456.371290282765,0.0,3,0,0.0,0
239,25498869,165.0,202.23091555948653,False,560.054768024765,0.0,1,0,0.0,0
208,25472669,165.0,191.92374284001224,False,495.11957989207696,0.0,1,0,0.0,0
158,25473288,585.0,455.24667487587976,True,2154.0540517180434,0.0,9,0,0.0,0
120,9262072924,465.0,358.3950240098869,True,1543.8886512622867,0.0,4,0,0.0,0
160,1614926348,735.0,422.85037607002283,True,1949.9573692411464,735.0,9,24,31.119875451563665,4
25,1667203520,620.0,458.322685779783,True,2173.432920412633,0.0,5,0,0.0,0
106,10264011839,160.0,191.8721190687517,False,494.7943501331354,0.0,2,0,0.0,0
272,9791152,300.0,278.5573352643011,True,1040.9112121650967,0.0,5,0,0.0,0
283,12346819547,990.0,633.2641203257346,True,3275.5639580521297,0.0,8,0,0.0,0
134,9512908,745.0,547.9676763455434,True,2738.196360976924,0.0,8,0,0.0,0
62,452219937,335.0,290.0040988320117,True,1113.025822641674,0.0,0,0,0.0,0
260,25495450,1205.0,820.1425978214703,True,4452.898366275265,0.0,11,0,0.0,0
75,107860,430.0,334.86524098590473,True,1395.6510182111992,35.0,2,0,1.2292925083260435,0
56,108214,710.0,475.74587118510436,True,2283.198988466156,70.0,5,1,1.021371949854433,0
277,107807,555.0,419.5333287214079,True,1929.0599709448688,0.0,10,0,0.0,0
180,25507041,480.0,379.1476425254718,True,1674.6301479104732,0.0,2,0,0.0,0
105,25532341,1100.0,748.541655148157,True,4001.8124274333895,0.0,8,0,0.0,0
186,21665589,495.0,393.97771114769324,True,1768.0595802304692,0.0,4,0,0.0,0
185,1614926348,570.0,404.7227094460679,True,1835.7530695102284,570.0,5,22,27.716303675942378,4
294,25472350,510.0,378.48789547321013,True,1670.473741481224,0.0,5,0,0.0,0
73,452169167,1065.0,683.2025353423627,True,3590.175972656886,0.0,17,0,0.0,0
13,11331184983,625.0,462.08346658373455,True,2197.125839477527,0.0,6,0,0.0,0
198,21665006,900.0,600.1044257348175,True,3066.6578821293483,15.0,8,0,0.31553846153846155,0
22,25531001,570.0,439.01982711641017,True,2051.8249108333835,0.0,5,0,0.0,0
49,26652351,805.0,577.914508539469,True,2926.861403798652,0.0,6,0,0.0,0
154,3567188470,1575.0,865.2284753199256,True,4736.939394515515,420.0,9,4,4.7503828228817895,0
115,1667203491,880.0,606.4723801167049,True,3106.775994735237,0.0,14,0,0.0,0
264,25475387,480.0,387.5053333356919,True,1727.2836000148598,0.0,1,0,0.0,0
36,5560616877,120.0,175.1452983693129,False,389.41537972667123,0.0,1,0,0.0,0
269,2919558521,700.0,504.0045808209561,True,2461.2288591720217,20.0,4,1,0.5464198933043979,0
5,9512930,500.0,390.1312471422956,True,1743.8268569964619,0.0,8,0,0.0,0
121,6089552096,905.0,592.1350781620146,True,3016.450992420691,0.0,9,0,0.0,0
206,108329,610.0,473.51134325475397,True,2269.1214625049506,0.0,13,0,0.0,0
156,21533913,780.0,565.2651300954465,True,2847.170319601316,0.0,8,0,0.0,0
82,1607738730,805.0,564.3634610127059,True,2841.489804380048,0.0,7,0,0.0,0
270,9512937,930.0,634.6461068854087,True,3284.270473378072,20.0,4,3,0.6913401060788169,0
291,1697813699,765.0,559.1297894087869,True,2808.517673275358,0.0,8,0,0.0,0
1,972535469,900.0,637.4444978185323,True,3301.90033625675,0.0,9,0,0.0,0
144,108045,230.0,236.06053192147624,False,773.1813511053001,0.0,4,0,0.0,0
94,2493654751,185.0,206.3375207231432,False,585.9263805558022,0.0,0,0,0.0,0
164,107324,575.0,446.4468385079007,True,2098.6150825997747,0.0,5,0,0.0,0
262,108214,150.0,190.547330138596,False,486.4481798731546,0.0,1,0,0.0,0
232,293813469,825.0,596.1653533237876,True,3041.841725939859,0.0,10,0,0.0,0
163,26559618,595.0,399.6964000404369,True,1804.0873202547534,55.0,2,1,1.6719822827919926,0
228,271242424,345.0,308.5447052862975,True,1229.8316433036748,0.0,1,0,0.0,0
41,7066266061,705.0,495.8700247213479,True,2409.98115574449,0.0,6,0,0.0,0
157,9760819194,625.0,460.9374425371195,True,2189.905887983851,0.0,5,0,0.0,0
170,25473288,685.0,469.317529283251,True,2242.700434484481,85.0,10,0,0.0,0
245,9167793401,195.0,203.71711599592166,False,569.4178307743063,40.0,2,2,1.526462235762365,0
250,21665909,375.0,325.21741535948996,True,1334.8697167647865,0.0,4,0,0.0,0
69,5487714091,860.0,591.0937765523697,True,3009.8907922799267,20.0,8,0,0.36797849148738543,0
50,21665909,630.0,461.09580384452534,True,2190.9035642205076,0.0,5,0,0.0,0
219,108045,1005.0,671.6172237957876,True,3517.188509913458,60.0,12,2,0.7822397691600055,0
151,11267145952,515.0,392.1976929982241,True,1756.8454658888108,0.0,2,0,0.0,0
289,452169167,480.0,377.7122847469592,True,1665.5873939058436,0.0,6,0,0.0,0
113,13565582698,620.0,462.654843673752,True,2200.725515144638,0.0,11,0,0.0,0
7,276071560,390.0,335.2137847787647,True,1397.8468441062178,0.0,1,0,0.0,0
66,21665911,270.0,261.16985354989254,True,931.3700773643221,0.0,0,0,0.0,0
181,4955757609,530.0,418.59692378588994,True,1923.1606198511074,0.0,3,0,0.0,0
185,298205891,85.0,154.26748821980527,False,257.88517578477314,0.0,0,0,0.0,0
276,25504259,175.0,206.4527672105199,False,586.6524334262754,0.0,1,0,0.0,0
46,1493458889,565.0,387.45377436396865,True,1726.9587784930027,60.0,4,1,1.823980672136719,0
30,333650017,440.0,352.92675127367926,True,1509.4385330241794,0.0,3,0,0.0,0
141,1166056970,810.0,586.5648144172451,True,2981.3583308286447,0.0,7,0,0.0,0
284,9521031,430.0,358.023598447733,True,1541.5486702207181,0.0,6,0,0.0,0
52,972535572,230.0,238.24565201054523,False,786.947607666435,0.0,2,0,0.0,0
194,25500126,855.0,573.2253947196381,True,2897.3199867337216,0.0,9,0,0.0,0
279,10845640242,525.0,418.10845145644413,True,1920.0832441755992,0.0,10,0,0.0,0
78,5932856691,740.0,535.0094568884415,True,2656.55957839718,0.0,11,0,0.0,0
224,8622639982,695.0,504.6548522820158,True,2465.325569376703,0.0,13,0,0.0,0
233,107809,790.0,541.3419153775828,True,2696.4540668787727,0.0,3,0,0.0,0
139,452219937,685.0,506.7632360792118,True,2478.6083872990316,0.0,5,0,0.0,0
74,7223638134,425.0,354.5445791454082,True,1519.6308486160715,0.0,5,0,0.0,0
271,2440630566,1425.0,804.1835127748283,True,4352.356130481417,240.0,11,5,4.717074770089333,0
130,1614926348,535.0,379.6264730326654,True,1677.646780105792,535.0,5,22,28.66214282515836,4
189,107860,595.0,439.94463446013026,True,2057.6511970988195,0.0,6,0,0.0,0
220,25498827,1010.0,723.3591087661058,True,3843.162385226462,0.0,16,0,0.0,0
72,265124948,175.0,201.3681657307296,False,554.6194441035963,0.0,1,0,0.0,0
128,255576,935.0,639.6475658838066,True,3315.7796650679843,5.0,10,0,0.36797849148738543,0
31,11747638084,710.0,509.1089929790651,True,2493.3866557681067,0.0,2,0,0.0,0
171,25544143,270.0,262.80313144627263,True,941.6597281115172,0.0,1,0,0.0,0
80,1678452820,630.0,468.4482211272864,True,2237.223793101903,0.0,3,0,0.0,0
196,1215418697,630.0,465.5639794753587,True,2219.0530706947584,0.0,4,0,0.0,0
90,25504421,750.0,527.6962531481029,True,2610.4863948330494,25.0,11,0,0.0,0
199,1614926348,925.0,616.9072982205523,True,3172.515978789481,925.0,7,32,36.87326193001311,4
248,9295694734,1050.0,712.9176314200871,True,3777.3810779465452,0.0,8,0,0.0,0
191,21665912,985.0,642.5905317527003,True,3334.320350042015,15.0,5,0,0.21768528051194758,0
16,107839,415.0,348.11403080245117,True,1479.1183940554417,0.0,2,0,0.0,0
26,9921844608,930.0,657.1008676538507,True,3425.735466219258,0.0,11,0,0.0,0
146,9760819194,950.0,537.4300167125613,True,2671.809105289136,360.0,8,3,3.7805469133779614,0
134,107812,185.0,202.93059385695364,False,564.4627412988078,0.0,1,0,0.0,0
102,11707733694,710.0,509.5205686659981,True,2495.979582595784,0.0,6,0,0.0,0
97,2191480791,1195.0,794.8916625116728,True,4293.8174738235375,0.0,8,0,0.0,0
288,25495421,1105.0,700.0953772064921,True,3696.6008764008952,125.0,5,1,2.5083055393201006,0
242,9702441401,1015.0,588.0913791256513,True,2990.9756884916023,330.0,5,3,3.4655013372631314,0
187,1691133703,440.0,366.5049817801825,True,1594.9813852151508,0.0,2,0,0.0,0
62,107326,200.0,214.7433189930103,False,638.8829096559649,0.0,2,0,0.0,0
95,25533578,940.0,636.4171571324963,True,3295.428089934726,0.0,12,0,0.0,0
65,198854,460.0,378.3110449009954,True,1669.3595828762714,0.0,2,0,0.0,0
77,25496783,675.0,513.7648792569152,True,2522.718739318567,0.0,7,0,0.0,0
133,298206178,695.0,511.2607174141908,True,2506.942519709403,0.0,5,0,0.0,0
100,1611442272,580.0,439.74129245666916,True,2056.370142477015,0.0,4,0,0.0,0
283,5568839679,210.0,225.73084535183173,False,708.1043257165393,0.0,2,0,0.0,0
178,292252720,575.0,434.9095474854736,True,2025.9301491584843,0.0,3,0,0.0,0
216,2337311458,450.0,362.5033468280804,True,1569.771085016906,0.0,8,0,0.0,0
88,25257284,845.0,604.2168557606908,True,3092.566191292351,0.0,10,0,0.0,0
14,8145826357,940.0,625.8956014957702,True,3229.1422894233497,70.0,7,0,0.0,0
142,9789808,770.0,535.1707478282303,True,2657.5757113178515,40.0,9,1,0.6557028196446885,0
137,106203,730.0,531.0150142159554,True,2631.394589560519,0.0,11,0,0.0,0
6,2089584869,435.0,355.5654292337825,True,1526.0622041728302,0.0,2,0,0.0,0
11,25532341,955.0,660.2750946580046,True,3445.733096345425,0.0,9,0,0.0,0
53,107809,595.0,433.47087564512617,True,2016.8665165642951,0.0,6,0,0.0,0
63,1614926348,505.0,396.14531420133204,True,1781.7154794683906,505.0,0,10,20.41728235280867,4
108,25306041,975.0,637.3538883832122,True,3301.3294968142372,5.0,10,0,0.08196285245558606,0
246,1614926348,575.0,437.3765378333503,True,2041.4721883501081,575.0,7,27,37.49366310461859,7
44,107989,655.0,465.73098535893934,True,2220.105207761319,0.0,4,0,0.0,0
285,255576,410.0,320.8530565756064,True,1307.3742564263202,55.0,3,1,2.0988855741732517,0
127,8097790920,1190.0,804.304758241705,True,4353.1199769227405,0.0,13,0,0.0,0
135,25473423,365.0,297.5760226981274,True,1160.7289429982022,0.0,1,0,0.0,0
10,21665582,615.0,452.18490356547755,True,2134.7648924625087,0.0,2,0,0.0,0
32,25507041,1220.0,813.6450790361876,True,4411.9639979279855,0.0,5,0,0.0,0
110,338504646,655.0,485.58344744410516,True,2345.17571889786,0.0,6,0,0.0,0
121,108260,200.0,217.6964520445045,False,657.4876478803783,0.0,1,0,0.0,0
209,1614846678,305.0,287.8265681395343,True,1099.3073792790658,0.0,3,0,0.0,0
123,110004,580.0,447.08242027653034,True,2102.619247742141,0.0,4,0,0.0,0
213,9167793401,305.0,281.45602918695096,True,1059.172983877791,0.0,1,0,0.0,0
177,2191480791,635.0,491.32589457127057,True,2381.3531357990046,0.0,9,0,0.0,0
13,26699543,245.0,242.5498596410005,False,814.064115738303,0.0,1,0,0.0,0
253,6424675168,490.0,394.14145980686305,True,1769.0911967832365,0.0,0,0,0.0,0
166,25495442,1105.0,646.737503319761,True,3360.446270914494,200.0,10,2,2.1003038407655343,0
193,25473423,660.0,455.9560175598382,True,2158.5229106269794,25.0,8,0,0.0,0
258,21665911,475.0,378.9543177150107,True,1673.4122016045674,0.0,6,0,0.0,0
226,25256620,800.0,568.748260630331,True,2869.1140419710837,0.0,8,0,0.0,0
280,9498441980,1385.0,798.2965408937213,True,4315.268207630434,230.0,12,4,4.717074770089333,0
286,2271434264,920.0,623.3399860781811,True,3213.0419122925423,40.0,10,0,0.5923309069698394,0
207,13565582698,620.0,467.7884834195369,True,2233.067445543082,0.0,9,0,0.0,0
243,21554368,495.0,393.69803954651945,True,1766.2976491430725,0.0,2,0,0.0,0
157,9791482,210.0,224.10695808096355,False,697.8738359100703,0.0,3,0,0.0,0
27,25502552,560.0,417.3960626355866,True,1915.5951946041957,0.0,6,0,0.0,0
24,5112906884,720.0,518.7377675919925,True,2554.047935829552,0.0,8,0,0.0,0
265,2934851453,565.0,435.39211098493456,True,2028.9702992050868,0.0,7,0,0.0,0
68,2450775063,735.0,511.4769876746361,True,2508.3050223502055,0.0,9,0,0.0,0
119,12346819547,650.0,490.0010658463212,True,2373.0067148318235,0.0,8,0,0.0,0
252,6266808745,585.0,397.3303537859905,True,1789.181228851739,110.0,7,2,2.3139487179487173,0
144,9371260474,245.0,242.11382507795793,False,811.3170979911347,0.0,2,0,0.0,0
251,6173783039,665.0,464.8590925140297,True,2214.6122828383855,20.0,13,0,0.32785140982234423,0
182,102000,1140.0,666.2043771689808,True,3483.0875761645684,205.0,4,10,5.347131380900029,0
49,25501005,270.0,258.91042347306586,True,917.1356678803146,0.0,7,0,0.0,0
120,9791494,330.0,293.93665800617157,True,1137.800945438881,0.0,1,0,0.0,0
76,2476787985,560.0,430.3448985873748,True,1997.1728611004612,0.0,15,0,0.0,0
31,9512939,175.0,202.53570848116468,False,561.9749634313376,0.0,0,0,0.0,0
37,9512926,595.0,407.0177724707686,True,1850.2119665658422,60.0,5,2,1.823980672136719,0
195,21665585,785.0,479.4289411740215,True,2306.4023293963364,205.0,8,0,2.1528114367846727,0
275,25257789,645.0,477.78746464216493,True,2296.0610272456374,0.0,3,0,0.0,0
165,9789817,395.0,338.9707108769082,True,1421.5154785245215,0.0,3,0,0.0,0
287,1684410086,530.0,397.8294691785382,True,1792.3256558247906,0.0,6,0,0.0,0
223,13329450969,1060.0,623.122750045393,True,3211.673325285979,270.0,13,4,2.835410185033471,0
148,9791495,745.0,538.6609184713822,True,2679.563786369705,0.0,17,0,0.0,0
7,25530236,245.0,226.38315792255582,True,712.2138949121016,0.0,4,0,0.0,0
241,25375976,540.0,419.2545412628211,True,1927.3036099557726,0.0,5,0,0.0,0
257,25476041,650.0,496.41379774571925,True,2413.4069257980304,0.0,5,0,0.0,0
260,4784457212,355.0,310.8013765815908,True,1244.0486724640218,0.0,4,0,0.0,0
84,14017207475,435.0,350.9007178899371,True,1496.6745227066035,0.0,3,0,0.0,0
171,9791497,200.0,211.70476406290166,False,619.7400135962803,0.0,1,0,0.0,0
239,21665912,385.0,303.6761364507857,True,1199.15965963995,10.0,3,0,0.33682211129154077,0
154,21665911,325.0,293.37717996028863,True,1134.2762337498189,0.0,5,0,0.0,0
180,10572785,360.0,320.6008243645106,True,1305.7851934964176,0.0,9,0,0.0,0
188,311153342,920.0,639.0040645363655,True,3311.7256065791,0.0,15,0,0.0,0
274,1938580083,675.0,474.0272795069339,True,2272.371860893685,15.0,8,1,0.2458885573667582,0
238,4784457202,525.0,382.2624874230504,True,1694.2536707652175,45.0,3,0,1.5600157475768583,0
240,844784035,900.0,622.5369410897263,True,3207.9827288652777,0.0,11,0,0.0,0
67,7162259986,455.0,369.45986484156055,True,1613.597148501833,0.0,4,0,0.0,0
273,25508653,1525.0,898.9919337123297,True,4949.649182387676,185.0,13,3,4.926413432182079,0
18,12398519156,535.0,423.49563658377,True,1954.0225104777521,0.0,6,0,0.0,0
214,11767208,690.0,501.528940277254,True,2445.6323237466986,0.0,7,0,0.0,0
109,634568069,1160.0,645.1712650464862,True,3350.5789697928612,320.0,10,4,4.891816551010793,0
245,26652351,300.0,260.4399493807227,True,926.7716810985528,10.0,2,0,0.33682211129154077,0
51,6065422037,745.0,506.05898402748727,True,2474.171599373169,25.0,12,0,0.0,0
282,25473300,615.0,463.75540204288774,True,2207.6590328701927,0.0,9,0,0.0,0
261,881887811,675.0,493.22940500851615,True,2393.3452515536524,0.0,9,0,0.0,0
158,1614926348,440.0,353.6453924521963,True,1513.965972448835,440.0,8,13,25.529113942160933,4
229,9791482,615.0,464.42190901148757,True,2211.8580267723723,0.0,9,0,0.0,0
236,10996228332,840.0,574.5229143676682,True,2905.494360516309,0.0,13,0,0.0,0
249,11198147395,840.0,582.1424987467334,True,2953.4977421044227,0.0,3,0,0.0,0
250,691084080,325.0,285.45091141333614,True,1084.3407419040172,0.0,3,0,0.0,0
185,25495513,315.0,286.9519380146402,True,1093.7972094922327,0.0,4,0,0.0,0
98,107809,795.0,567.9119050282324,True,2863.8450016778647,0.0,6,0,0.0,0
152,380494808,990.0,569.6426353687153,True,2874.748602822901,265.0,13,4,4.001325945850369,0
45,271949877,810.0,592.7436639623398,True,3020.2850829627373,0.0,13,0,0.0,0
21,6355365945,570.0,429.0157956703738,True,1988.7995127233542,0.0,4,0,0.0,0
129,5458472046,1240.0,636.9780949828655,True,3298.9619983920475,455.0,7,9,8.162256221215774,0
155,25496815,655.0,467.8688688338201,True,2233.5738736530666,0.0,8,0,0.0,0
221,2934851453,970.0,670.456846829465,True,3509.878135025627,0.0,6,0,0.0,0
210,496813005,730.0,516.5933941593443,True,2540.538383203867,0.0,9,0,0.0,0
181,1684410155,340.0,300.78869870288383,True,1180.9688018281677,0.0,1,0,0.0,0
189,11198147395,300.0,276.2299768223696,True,1026.248853980928,0.0,6,0,0.0,0
146,26699537,265.0,249.85719596679,True,860.100334590777,0.0,3,0,0.0,0
31,108258,120.0,174.63135240081854,False,386.17752012515666,0.0,0,0,0.0,0
20,3147915643,815.0,572.0963042036444,True,2890.206716482957,0.0,7,0,0.0,0
230,1619464560,1445.0,787.96460772243,True,4250.177028651301,310.0,14,6,5.335633646214689,0
48,2564873525,860.0,607.3278580211901,True,3112.1655055334973,0.0,8,0,0.0,0
140,1666324225,820.0,595.3610385064902,True,3036.7745425908934,0.0,13,0,0.0,0
17,1614926348,845.0,562.4060846942921,True,2829.1583335740415,845.0,7,26,34.49955133238331,4
58,25532311,900.0,638.9654084768764,True,3311.482073404323,0.0,9,0,0.0,0
183,9791495,955.0,661.105451296104,True,3450.96434316545,0.0,14,0,0.0,0
102,435144778,285.0,262.8482682005893,True,941.9440896637122,0.0,1,0,0.0,0
96,108061,875.0,582.7979445592129,True,2957.6270507230374,50.0,17,0,1.519983893447266,0
284,7889967240,360.0,319.5384465142035,True,1299.0922130394822,0.0,3,0,0.0,0
254,2624195128,860.0,593.6189112543309,True,3025.7991409022875,10.0,15,0,0.0,0
28,25476041,840.0,575.9861981975456,True,2914.7130486445367,0.0,6,0,0.0,0
215,25505558,625.0,459.8737299118562,True,2183.2044984446943,0.0,6,0,0.0,0
279,1607738730,350.0,306.14711512038576,True,1214.7268252584304,0.0,4,0,0.0,0
169,2191480791,565.0,444.0983410667855,True,2083.8195487207477,0.0,1,0,0.0,0
159,9791152,555.0,411.1116523362601,True,1876.003409718439,0.0,5,0,0.0,0
205,108045,1305.0,707.3394209346718,True,3742.23835188843,360.0,13,9,5.733252448446693,0
206,107989,430.0,358.76818089990337,True,1546.239539669392,0.0,6,0,0.0,0
167,1614926348,715.0,500.41777440486976,True,2438.631978750681,715.0,1,22,32.332749979448664,4
64,25496892,670.0,478.7261116886227,True,2301.974503638322,20.0,6,1,0.32785140982234423,0
39,21665585,750.0,521.0562253847943,True,2568.6542199242026,20.0,12,1,0.32785140982234423,0
105,4215728338,480.0,387.3340176606554,True,1726.2043112621286,0.0,7,0,0.0,0
19,1678452758,800.0,575.9313140297012,True,2914.3672783871193,0.0,11,0,0.0,0
220,25544136,355.0,295.2808608336537,True,1146.2694232520178,0.0,1,0,0.0,0
92,9512930,725.0,530.6459194864759,True,2629.069292764795,0.0,12,0,0.0,0
204,108209,675.0,511.87889441390973,True,2510.8370348076323,0.0,9,0,0.0,0
15,3442281746,980.0,701.8426418703655,True,3707.6086437833046,0.0,14,0,0.0,0
283,109391,300.0,282.8188032438662,True,1067.7584604363567,0.0,2,0,0.0,0
85,25498869,935.0,646.4937796773232,True,3358.910811967138,5.0,11,0,0.08196285245558606,0
12,1685751696,555.0,408.85708877835884,True,1861.7996593036594,0.0,4,0,0.0,0
227,25471089,705.0,507.4364165783773,True,2482.8494244437793,10.0,6,2,0.34752685356167845,0
212,1678452758,900.0,603.6662882977251,True,3089.0976162756697,0.0,9,0,0.0,0
289,5393414954,420.0,347.6835584378679,True,1476.4064181585675,0.0,4,0,0.0,0
269,1607738730,475.0,374.335290738672,True,1644.3123316536341,0.0,4,0,0.0,0
91,2493654751,555.0,413.97346602973556,True,1894.032835987335,0.0,5,0,0.0,0
231,25476020,835.0,589.1337589818763,True,2997.542681585822,0.0,8,0,0.0,0
266,54190727,1405.0,733.556932709529,True,3907.4086760700247,450.0,11,3,8.017083894286799,0
143,12026767,865.0,581.0077103036855,True,2946.3485749132196,0.0,7,0,0.0,0
93,6940326497,985.0,544.3592828676545,True,2715.463482066215,305.0,9,4,5.776063281956935,0
237,107807,1030.0,554.0171528438333,True,2776.3080629161523,400.0,4,3,6.37472414713516,0
80,6827965360,380.0,301.7910771945477,True,1187.2837863256505,0.0,2,0,0.0,0
255,25256620,860.0,619.0506670612008,True,3186.0192024855596,0.0,18,0,0.0,0
37,10574746,210.0,224.94530993401793,False,703.1554525843128,0.0,2,0,0.0,0
86,9295694734,825.0,476.2173515085335,True,2286.169314503759,285.0,5,0,0.0,0
172,9512908,625.0,331.8235074962062,True,1376.4880972261005,355.0,4,4,3.728039317358823,0
2,1684410087,610.0,459.3551184335291,True,2179.9372461312346,0.0,4,0,0.0,0
194,1614926348,430.0,357.9873999705236,True,1541.3206198142984,430.0,3,10,18.06351041956049,4
232,9521035,485.0,384.08973394135404,True,1705.7653238305306,0.0,1,0,0.0,0
290,109608,840.0,609.2079917339493,True,3124.010347923876,0.0,8,0,0.0,0
257,9849094224,205.0,208.54918857745136,False,599.8598880379435,30.0,1,0,0.0,0
201,2440630566,680.0,478.5857720285958,True,2301.0903637801507,0.0,1,0,0.0,0
131,108045,715.0,532.4944285039784,True,2640.714899575066,0.0,10,0,0.0,0
36,25544131,525.0,419.26909660370717,True,1927.3953086033562,0.0,5,0,0.0,0
237,9295694734,35.0,128.0459244573855,False,92.68932408152851,0.0,0,0,0.0,0
136,25473423,740.0,527.8926167242566,True,2611.7234853628165,25.0,7,0,0.0,0
114,107742,1250.0,788.6261775313125,True,4254.344918447275,10.0,16,0,0.34752685356167845,0
271,107830,430.0,357.7436622735701,True,1539.78507232349,0.0,1,0,0.0,0
197,9167793401,645.0,467.8023678159045,True,2233.1549172401965,25.0,10,0,0.0,0
9,4249404271,930.0,628.3552154401948,True,3244.6378572732256,70.0,13,0,0.6345903253450684,0
179,107835,960.0,567.1619126395593,True,2859.12004962923,260.0,10,5,2.7303949929951945,0
198,25496780,545.0,418.69442844104225,True,1923.7748991785654,0.0,9,0,0.0,0
149,1409010786,750.0,543.8744902503214,True,2712.409288577024,0.0,4,0,0.0,0
222,2191480791,905.0,625.9027481347757,True,3229.187313249085,0.0,16,0,0.0,0
200,4249404271,1215.0,665.4003490474569,True,3478.022198998972,365.0,10,5,6.558303051116944,0
69,14069254029,495.0,392.6391245821766,True,1759.6264848677126,0.0,6,0,0.0,0
153,108045,1390.0,718.9064650729573,True,3815.1107299596183,470.0,12,6,8.357816163505776,0
35,9522532106,1140.0,599.5773182470124,True,3063.3371049561792,445.0,10,14,7.601289409996955,0
242,8145826353,410.0,346.05710016464826,True,1466.1597310372845,0.0,7,0,0.0,0
145,25531990,770.0,558.1709634695302,True,2802.477069858039,0.0,8,0,0.0,0
285,25257284,370.0,320.2243237358294,True,1303.413239535725,0.0,4,0,0.0,0
30,452169167,495.0,392.0835303502574,True,1756.1262412066221,0.0,6,0,0.0,0
125,10983187054,845.0,573.2487462236892,True,2897.4671012092435,0.0,8,0,0.0,0
99,8972731452,865.0,598.8856198375311,True,3058.979404976448,0.0,7,0,0.0,0
192,282686499,695.0,480.2483172684284,True,2311.564398791098,10.0,6,0,0.09106487762851344,0
22,25473291,585.0,419.98556570679074,True,1931.9090639527824,25.0,2,0,0.08196285245558606,0
190,25507041,780.0,578.5130412752111,True,2930.632160033828,0.0,5,0,0.0,0
74,2271434264,480.0,384.1425408402634,True,1706.0980072936597,0.0,6,0,0.0,0
139,1953893710,485.0,356.6563769455476,True,1532.93517475695,65.0,3,0,0.0,0
46,25257793,530.0,420.6784134866535,True,1936.2740049659176,0.0,2,0,0.0,0
111,1619464655,1255.0,775.6742488539588,True,4172.747767779944,140.0,10,1,1.2691806506901373,0
117,25498869,1100.0,757.0531447441246,True,4055.434811887985,0.0,18,0,0.0,0
170,7275521091,545.0,427.53904394935535,True,1979.4959768809379,0.0,5,0,0.0,0
126,102031,785.0,576.3059146373845,True,2916.727262215525,0.0,6,0,0.0,0
233,4211515634,510.0,401.4864756648034,True,1815.3647966882613,0.0,11,0,0.0,0
154,1614926348,275.0,263.0133827974134,True,942.9843116237043,275.0,3,17,21.643090463240924,4
40,1610951150,990.0,675.3754571012362,True,3540.8653797377888,0.0,11,0,0.0,0
206,108062,160.0,188.684734762891,False,474.713829006213,0.0,1,0,0.0,0
150,812264838,975.0,648.7079963572997,True,3372.8603770509917,0.0,10,0,0.0,0
187,25257027,460.0,373.6969474754902,True,1640.2907690955894,0.0,3,0,0.0,0
151,26559618,550.0,423.6495909276272,True,1954.992422844051,0.0,4,0,0.0,0
41,435144778,575.0,428.49044779608164,True,1985.489821115313,0.0,5,0,0.0,0
23,11200374910,1350.0,881.1074471297022,True,4836.97691691712,0.0,12,0,0.0,0
147,9789808,1060.0,683.1464855190433,True,3589.8228587699705,0.0,17,0,0.0,0
68,21665132,360.0,302.35281068780006,True,1190.82270733314,0.0,3,0,0.0,0
164,26845543,595.0,462.4641779602246,True,2199.524321149416,0.0,8,0,0.0,0
173,25473286,770.0,556.9083713216295,True,2794.522739326266,0.0,10,0,0.0,0
222,1835298197,70.0,146.15368448728665,False,206.76821226990577,0.0,0,0,0.0,0
191,603751942,490.0,386.5051028429603,True,1720.9821479106497,0.0,5,0,0.0,0
50,1667203548,575.0,437.8613076537424,True,2044.5262382185767,0.0,7,0,0.0,0
55,9475528,960.0,641.872356394343,True,3329.795845284363,0.0,11,0,0.0,0
215,9521029,195.0,215.34952073008492,False,642.7019805995346,0.0,2,0,0.0,0
292,25417431,920.0,593.8642026505316,True,3027.34447669835,155.0,15,0,1.4051642918355094,0
112,5266874223,785.0,553.5104152033465,True,2773.1156157810847,0.0,7,0,0.0,0
62,5393414954,490.0,325.9098864875281,True,1339.2322848714275,105.0,6,2,3.201821899683678,0
204,456363903,175.0,203.0311165851313,False,565.0960344863267,0.0,1,0,0.0,0
116,25474295,815.0,530.2055783506482,True,2626.295143609081,110.0,2,0,0.0,0
221,108253,240.0,242.89182423487875,False,816.2184926797358,0.0,2,0,0.0,0
291,295907913,630.0,476.91870413060565,True,2290.5878360228157,0.0,10,0,0.0,0
57,9512924,990.0,537.349061553719,True,2671.299087788431,370.0,9,9,6.623489698546944,0
56,25474658,690.0,513.9085018629802,True,2523.6235617367715,0.0,3,0,0.0,0
124,6943650957,1065.0,716.0017764989277,True,3796.8111919432413,25.0,6,0,0.0,0
104,4956890447,1225.0,816.1521193986362,True,4427.75835221141,30.0,12,0,0.0,0
259,2624195128,1090.0,612.0906823239131,True,3142.171298640648,195.0,6,3,2.7393516010786487,0
128,9167793401,555.0,407.42319628331404,True,1852.7661365848785,65.0,5,0,0.0,0
185,109619,280.0,269.67315074934464,True,984.9408497208709,0.0,2,0,0.0,0
34,2191480791,1020.0,691.3043913249383,True,3641.2176653471115,0.0,12,0,0.0,0
105,2337311458,215.0,226.5664397674165,False,713.3685705347239,0.0,2,0,0.0,0
132,108903,835.0,593.6936895808127,True,3026.2702443591184,0.0,18,0,0.0,0
160,25257810,730.0,547.5419842001742,True,2735.5145004611004,0.0,10,0,0.0,0
14,21665006,505.0,397.46530303571546,True,1790.0314091250082,5.0,6,0,0.08196285245558606,0
118,24973090,920.0,636.9259418037261,True,3298.6334333634754,0.0,10,0,0.0,0
43,1614926348,900.0,584.6891373597952,True,2969.541565366706,900.0,13,28,36.89725917861753,5
61,25473344,785.0,570.5154825352053,True,2880.247539971793,0.0,9,0,0.0,0
47,1614926342,805.0,432.8888841942638,True,2013.199970423864,805.0,2,12,17.514732383876865,0
42,107352,1095.0,655.3564976134004,True,3414.745934964417,220.0,7,2,4.627897435897436,0
106,25257618,730.0,547.1684037120455,True,2733.1609433858894,0.0,6,0,0.0,0
203,25375812,905.0,633.7852652302125,True,3278.8471709503424,0.0,7,0,0.0,0
267,9039467687,825.0,444.6911060920796,True,2087.553968380103,365.0,8,3,3.8330545093971,0
280,1316072261,445.0,363.95218935849226,True,1578.8987929585,0.0,2,0,0.0,0
79,25378075,1130.0,563.8289987039495,True,2838.1226918348607,570.0,9,0,0.0,0
275,30939233,400.0,344.6818038694313,True,1457.4953643774172,0.0,10,0,0.0,0
272,4356591932,750.0,545.0867394966612,True,2720.0464588289665,0.0,6,0,0.0,0
98,1678452766,310.0,276.06494082762515,True,1025.2091272140378,0.0,3,0,0.0,0
60,881887811,950.0,669.2433195336173,True,3502.2329130617873,0.0,10,0,0.0,0
6,108045,530.0,419.41240286794863,True,1928.298138068076,0.0,7,0,0.0,0
49,25522907,440.0,363.2685516469665,True,1574.5918753758879,0.0,3,0,0.0,0
33,9931305335,930.0,665.5823283513098,True,3479.1686686132493,0.0,9,0,0.0,0
266,255562,230.0,238.57812391259608,False,789.0421806493553,0.0,2,0,0.0,0
247,25524236,1170.0,800.0950863786112,True,4326.599044185246,0.0,12,0,0.0,0
37,108209,215.0,231.15760617751778,False,742.2929189183617,0.0,2,0,0.0,0
293,102025,1575.0,920.5869937485787,True,5085.698060616058,230.0,11,0,2.5081811737325648,0
184,5339077113,995.0,555.7102866044584,True,2786.97480560809,345.0,8,1,3.6230241253205464,0
97,11751472416,590.0,441.7977249011268,True,2069.325666877101,0.0,8,0,0.0,0
78,4709189403,645.0,488.108822157152,True,2361.0855795900593,0.0,5,0,0.0,0
1,108903,720.0,516.619346518524,True,2540.7018830667016,0.0,5,0,0.0,0
217,25532843,1025.0,697.76713073603,True,3681.9329236369917,0.0,14,0,0.0,0
95,9178184325,580.0,391.04562621718077,True,1749.5874451682373,0.0,6,0,0.0,0
18,25532839,390.0,327.4137952438235,True,1348.7069100360875,0.0,5,0,0.0,0
199,25533578,615.0,457.58622225045883,True,2168.7932001778904,0.0,9,0,0.0,0
243,1614926348,485.0,388.4055887108287,True,1732.9552088782214,485.0,9,28,36.62526668539021,7
5,9295694734,735.0,521.3659422856059,True,2570.6054363993153,0.0,4,0,0.0,0
168,2975783588,865.0,488.5928259362738,True,2364.134803398527,360.0,7,3,3.7805469133779614,0
25,25524243,800.0,584.5114724580106,True,2968.4222764854667,0.0,11,0,0.0,0
218,603756849,1170.0,663.8115150312536,True,3468.0125446968864,340.0,11,4,3.570516529301408,0
29,12391355483,960.0,655.0892368789587,True,3413.0621923374397,0.0,12,0,0.0,0
129,12957883928,350.0,307.91700344623854,True,1225.8771217113017,0.0,5,0,0.0,0
230,1684410094,335.0,300.68504887023664,True,1180.3158078824906,0.0,5,0,0.0,0
82,21533911,735.0,520.3281802203792,True,2564.0675353883885,0.0,8,0,0.0,0
156,9789821,740.0,534.6089757799778,True,2654.036547413859,25.0,10,0,0.0,0
70,1667203485,1365.0,736.2516462453626,True,3924.3853713457693,420.0,12,10,4.726041007217602,0
202,21554368,935.0,647.575326382975,True,3365.7245562127478,0.0,12,0,0.0,0
281,1667118060,1315.0,845.1099345550043,True,4610.1925876965215,0.0,11,0,0.0,0
54,108307,920.0,630.7063283432741,True,3259.4498685626268,0.0,10,0,0.0,0
75,25532839,815.0,556.8753567497432,True,2794.3147475233823,0.0,2,0,0.0,0
276,25476020,705.0,502.54374727305674,True,2452.0256078202547,0.0,5,0,0.0,0
27,25476041,515.0,397.11591678165667,True,1787.830275724438,0.0,11,0,0.0,0
178,291924683,610.0,464.8174658102969,True,2214.350034604871,0.0,4,0,0.0,0
171,1607738730,455.0,374.628054645511,True,1646.15674426672,0.0,4,0,0.0,0
94,5398463417,760.0,537.1238089307018,True,2669.879996263419,5.0,10,0,0.08196285245558606,0
71,12026767,1130.0,759.9674273041893,True,4073.7947920163906,0.0,11,0,0.0,0
253,1519252913,545.0,425.7667406977195,True,1968.330466395634,0.0,5,0,0.0,0
124,1667203543,120.0,175.46111199848903,False,391.4050055904808,0.0,1,0,0.0,0
225,306499809,1415.0,794.7006082519631,True,4292.613831987361,350.0,15,2,3.6755317213396848,0
273,9775255284,435.0,357.67645099400585,True,1539.3616412622375,0.0,5,0,0.0,0
103,9167793401,960.0,537.3511179662843,True,2671.312043187591,350.0,6,6,3.6755317213396848,0
87,2482696992,900.0,505.4309431303753,True,2470.2149417213664,230.0,2,6,4.838256410256411,0
32,2191480791,585.0,440.914181105323,True,2063.7593409635333,0.0,4,0,0.0,0
277,2784682616,835.0,569.031331914072,True,2870.8973910586515,0.0,12,0,0.0,0
174,289996665,870.0,626.0848689897313,True,3230.3346746353063,0.0,11,0,0.0,0
211,1230855633,1000.0,538.7166237485781,True,2679.9147296160454,355.0,8,6,3.728039317358823,0
144,21665590,540.0,421.4937230185086,True,1941.4104550166044,0.0,7,0,0.0,0
258,972535469,565.0,429.13432909939553,True,1989.5462733261916,0.0,8,0,0.0,0
89,282686499,1500.0,917.0355176645745,True,5063.3237612868315,10.0,14,0,0.34752685356167845,0
220,107319,345.0,294.0049012174873,True,1138.23087767017,0.0,1,0,0.0,0
228,8421658424,775.0,451.218015154372,True,2128.673495472546,245.0,6,6,4.972022411544256,0
100,25533132,645.0,457.45813794546194,True,2167.98626905641,0.0,6,0,0.0,0
13,5630569619,580.0,441.15350492132825,True,2065.267081004368,0.0,10,0,0.0,0
256,1587616047,1175.0,783.6038947454166,True,4222.704536896124,0.0,4,0,0.0,0
193,26699537,580.0,436.35407019986593,True,2035.0306422591552,25.0,16,0,0.0,0
10,107812,615.0,405.3869400557357,True,1839.9377223511356,105.0,7,3,3.201821899683678,0
207,4457798822,570.0,440.938714749842,True,2063.9139029240055,0.0,8,0,0.0,0
42,14728072,140.0,184.53052244433908,False,448.5422913993362,0.0,0,0,0.0,0
107,12959447,1110.0,632.5859629107638,True,3271.291566337803,330.0,9,4,3.4655013372631314,0
213,25496815,605.0,468.73164371349526,True,2239.0093553950214,0.0,6,0,0.0,0
65,108214,665.0,481.81190057043625,True,2321.4149735937494,0.0,8,0,0.0,0
165,102049,525.0,417.53976378254,True,1916.5005118300023,0.0,3,0,0.0,0
208,107860,890.0,588.6163722782928,True,2994.2831453532413,0.0,11,0,0.0,0
204,108258,180.0,207.4426225303975,False,592.888521941504,0.0,1,0,0.0,0
24,9791152,580.0,429.515834537692,True,1991.9497575874605,0.0,10,0,0.0,0
246,1614926348,645.0,467.27222168199705,True,2229.8149965965813,645.0,9,19,25.610166586791212,4
183,10264011847,410.0,336.0373318018836,True,1403.0351903518663,0.0,3,0,0.0,0
141,108901,775.0,517.1571290605383,True,2544.08991308139,0.0,11,0,0.0,0
161,26001541,1430.0,821.4823811096679,True,4461.3390009909035,230.0,17,3,4.838256410256411,0
110,25533578,640.0,463.4444227245013,True,2205.6998631643587,0.0,6,0,0.0,0
81,2919558521,1010.0,603.0660341367437,True,3085.316015061485,210.0,8,5,3.7111751127668735,0
177,1607738730,620.0,468.1431555333179,True,2235.3018798599023,0.0,6,0,0.0,0
151,21665584,235.0,227.09087886151747,True,716.6725368275601,40.0,3,3,1.526462235762365,0
85,2482696992,390.0,317.7165804031476,True,1287.6144565398295,0.0,6,0,0.0,0
138,107871,935.0,634.0232103264528,True,3280.346225056651,0.0,3,0,0.0,0
188,109618,535.0,423.76769090439865,True,1955.7364526977126,0.0,2,0,0.0,0
90,9515370,750.0,409.707753737937,True,1867.158848549005,380.0,5,2,3.990577297454515,0
67,107793,530.0,371.23675111258086,True,1624.7915320092598,30.0,7,0,0.39111988458000274,0
209,1667118060,655.0,477.01660335267394,True,2291.204601121845,0.0,5,0,0.0,0
59,4211515634,1020.0,572.0811195971962,True,2890.1110534623367,345.0,12,5,3.6230241253205464,0
264,3733175891,880.0,593.8485644361025,True,3027.2459559474432,10.0,8,0,0.33682211129154077,0
3,14017207476,1315.0,773.8378364352669,True,4161.178369542174,220.0,14,3,4.627897435897436,0
38,844784035,1530.0,730.2792448725696,True,3886.7592426971833,665.0,10,0,0.0,0
26,25522559,740.0,544.918803907716,True,2718.9884646186097,0.0,9,0,0.0,0
236,306499809,500.0,401.45502306875767,True,1815.1666453331718,0.0,7,0,0.0,0
226,3764054180,645.0,451.1292087011424,True,2128.1140148171967,0.0,4,0,0.0,0
200,12650816262,345.0,304.73628412535203,True,1205.8385899897175,0.0,5,0,0.0,0
157,7261577394,645.0,470.6420819352457,True,2251.0451161920473,0.0,6,0,0.0,0
108,107797,715.0,525.389084438411,True,2595.95123196199,0.0,13,0,0.0,0
8,380494808,1005.0,631.7095315515415,True,3265.7700487747134,110.0,11,2,1.43410624346001,0
127,11135307178,715.0,511.61515908507954,True,2509.175502236001,0.0,6,0,0.0,0
111,21665584,315.0,289.2594194635464,True,1108.334342620342,0.0,6,0,0.0,0
294,25503707,940.0,618.7764022231116,True,3184.2913340056,30.0,9,0,0.39111988458000274,0
244,25472904,1065.0,679.6007797009844,True,3567.484912116199,5.0,11,0,0.1351260130265559,0
115,107769,920.0,651.8475328163194,True,3392.639456742809,0.0,8,0,0.0,0
112,107837,270.0,266.65178963811775,False,965.9062747201422,0.0,2,0,0.0,0
259,21665081,255.0,233.68562979142405,True,758.2194676859712,0.0,4,0,0.0,0
50,9791152,290.0,263.81884868810806,True,948.05874673508,0.0,5,0,0.0,0
237,4457798822,390.0,319.0956001197631,True,1296.3022807545083,35.0,1,1,1.3356544562920694,0
16,25476020,790.0,579.4901560441801,True,2936.787983078338,0.0,8,0,0.0,0
51,1094124402,550.0,396.2688892265622,True,1782.4940021273414,0.0,3,0,0.0,0
265,5922202129,670.0,390.8458905770918,True,1748.3291106356774,275.0,0,1,5.239554414119946,0
166,108045,690.0,433.76036362331575,True,2018.690290826889,210.0,7,2,3.0161349661285244,0
231,3175297197,445.0,372.02695866526216,True,1629.769839591152,0.0,3,0,0.0,0
19,9512937,480.0,386.44798321016077,True,1720.6222942240133,0.0,0,0,0.0,0
101,4784457202,1240.0,686.739233206681,True,3612.457169202078,230.0,9,8,4.798263570506925,0
149,25533613,395.0,334.85930613971266,True,1395.6136286801907,0.0,1,0,0.0,0
2,25495441,430.0,357.0590654518284,True,1535.4721123465197,0.0,4,0,0.0,0
239,21665926,630.0,475.4476487627431,True,2281.320187205282,0.0,5,0,0.0,0
33,25496892,235.0,236.77819150632666,False,777.7026064898577,0.0,4,0,0.0,0
4,12283867782,1075.0,580.568708141258,True,2943.582861289931,360.0,5,5,3.7805469133779614,0
268,107319,1215.0,717.9217549218971,True,3808.907056007945,225.0,8,6,4.733076923076924,0
270,21665912,945.0,614.8141940462637,True,3159.3294224914584,15.0,4,2,0.40537803907966774,0
123,9789808,750.0,544.5856609316288,True,2716.8896638692627,0.0,5,0,0.0,0
109,9512924,615.0,454.24939873919766,True,2147.771212056945,0.0,6,0,0.0,0
91,9789819,485.0,394.9319393685736,True,1774.0712180220137,0.0,4,0,0.0,0
134,2191480791,840.0,600.5979246546729,True,3069.7669253244376,0.0,17,0,0.0,0
234,1614926348,1275.0,707.6164097712855,True,3743.983381559093,1275.0,13,37,41.35223208221465,4
49,107698,265.0,260.46455695981086,False,926.9267088468079,0.0,0,0,0.0,0
221,9789809,335.0,304.83849352676987,True,1206.48250921865,0.0,0,0,0.0,0
251,25476020,720.0,510.0936347342202,True,2499.5898988255867,0.0,10,0,0.0,0
189,5244680779,580.0,452.63913678282734,True,2137.62656173181,0.0,4,0,0.0,0
84,351771449,680.0,468.1831661386316,True,2235.5539466733776,50.0,8,2,1.6841105564577035,0
136,362474930,465.0,379.5764717519542,True,1677.3317720373109,0.0,4,0,0.0,0
217,25257284,265.0,256.886930576702,True,904.3876626332227,0.0,5,0,0.0,0
261,1614926342,625.0,451.5359263613152,True,2130.676336076285,625.0,10,19,22.307682962898607,0
159,9295694734,565.0,344.34492219093124,True,1455.3730098028673,260.0,10,0,0.0,0
63,2564873531,825.0,576.6915237540726,True,2919.1565996506556,0.0,11,0,0.0,0
240,1685938656,665.0,459.7666680693824,True,2182.5300088371073,0.0,11,0,0.0,0
281,2476787985,240.0,242.24337356290346,False,812.1332534462913,0.0,4,0,0.0,0
249,3552338823,630.0,473.7934134930627,True,2270.8985050062943,0.0,7,0,0.0,0
286,108059,770.0,536.8095529140561,True,2667.900183358552,0.0,8,0,0.0,0
66,14069254029,955.0,664.9630455406636,True,3475.2671869061783,0.0,17,0,0.0,0
7,26699545,710.0,503.8673334090174,True,2460.364200476811,0.0,7,0,0.0,0
172,107989,505.0,402.1308154804794,True,1819.424137527019,0.0,5,0,0.0,0
1,9521034,290.0,274.1557800455076,True,1013.1814142866978,0.0,2,0,0.0,0
98,25498869,320.0,287.96945965341644,True,1100.2075958165237,0.0,0,0,0.0,0
278,293812285,1255.0,755.8823446083135,True,4048.058771032373,240.0,5,6,2.520364608918641,0
158,266481798,660.0,495.6243109910857,True,2408.433159243841,0.0,9,0,0.0,0
229,25257284,660.0,482.75384539537436,True,2327.3492259908567,0.0,1,0,0.0,0
76,25256330,750.0,539.3776063582322,True,2684.078920056865,0.0,6,0,0.0,0
254,1678452820,605.0,459.4804754042839,True,2180.7269950469886,0.0,2,0,0.0,0
52,1316072128,965.0,633.5833221448326,True,3277.574929512447,0.0,9,0,0.0,0
219,4969460352,985.0,677.9084760167069,True,3556.823398905251,0.0,10,0,0.0,0
5,102020,300.0,278.518026023714,True,1040.663563949398,0.0,0,0,0.0,0
241,9512937,735.0,501.0247688462437,True,2442.4560437313353,30.0,8,0,0.39111988458000274,0
238,25476020,705.0,507.39213611338744,True,2482.57045751434,0.0,6,0,0.0,0
28,11618689213,615.0,468.1241937205348,True,2235.1824204393697,0.0,6,0,0.0,0
162,25472904,1420.0,763.3122439893725,True,4094.8671371330383,430.0,8,8,8.146626006401176,0
67,1684410094,175.0,201.2590172234534,False,553.9318085077564,0.0,2,0,0.0,0
35,108258,490.0,382.41581982788836,True,1695.219664915697,0.0,3,0,0.0,0
163,452396959,1025.0,726.6165314021384,True,3863.6841478334704,0.0,19,0,0.0,0
248,11767208,925.0,642.0271839069684,True,3330.7712586138978,0.0,4,0,0.0,0
256,21554368,240.0,225.36647058003226,True,705.8087646542031,0.0,1,0,0.0,0
269,25507331,580.0,446.88552617232455,True,2101.3788148856443,0.0,6,0,0.0,0
92,12650816262,605.0,467.7684720339711,True,2232.9413738140174,0.0,5,0,0.0,0
187,2129184256,455.0,376.72985409132633,True,1659.3980807753553,0.0,5,0,0.0,0
190,333725797,485.0,387.49569584892157,True,1727.2228838482054,0.0,7,0,0.0,0
212,10041422362,600.0,441.99234318738706,True,2070.551762080539,0.0,3,0,0.0,0
102,60728182,650.0,482.1248308931668,True,2323.386434626952,0.0,6,0,0.0,0
167,7875476264,640.0,488.427373509575,True,2363.092453110323,0.0,8,0,0.0,0
289,9791152,605.0,454.54514031578515,True,2149.634383989447,0.0,6,0,0.0,0
121,4928600902,885.0,592.715277388067,True,3020.106247544821,0.0,8,0,0.0,0
133,25498869,935.0,654.3757951909405,True,3408.567509702926,0.0,6,0,0.0,0
179,8977566932,560.0,438.9012415671252,True,2051.0778218728897,0.0,6,0,0.0,0
290,109838,575.0,448.71565092574525,True,2112.908600832194,0.0,10,0,0.0,0
282,107793,730.0,534.0634826734112,True,2650.5999408424873,0.0,10,0,0.0,0
6,26405445,390.0,340.07182922305407,True,1428.4525241052415,0.0,6,0,0.0,0
83,102020,1255.0,807.7905228839328,True,4375.080294168782,65.0,19,1,0.5892624449632778,0
184,691084080,375.0,317.3906078611316,True,1285.560829525129,0.0,3,0,0.0,0
57,107790,455.0,360.84516287235704,True,1559.32452609585,0.0,4,0,0.0,0
194,107793,590.0,450.61707367126223,True,2124.8875641289515,0.0,5,0,0.0,0
122,25500900,1240.0,728.9293692507489,True,3878.255026279708,255.0,8,8,5.000608925652614,0
21,9791152,715.0,434.3023726385128,True,2022.1049476226292,220.0,7,5,3.1465082609885253,0
195,108300,820.0,597.9665605574006,True,3053.189331511625,0.0,9,0,0.0,0
205,11052055761,675.0,489.46869425299406,True,2369.652773793862,0.0,8,0,0.0,0
227,25473556,645.0,480.42494007724906,True,2312.677122486666,0.0,2,0,0.0,0
161,5393414954,280.0,270.353942406033,True,989.2298371580077,0.0,4,0,0.0,0
58,1678452807,700.0,505.30534139766024,True,2469.4236508052595,0.0,6,0,0.0,0
176,108906,1585.0,813.5882750472131,True,4411.6061327974285,445.0,14,9,8.6146181704533,0
22,25476020,550.0,430.08567008014194,True,1995.539721504894,0.0,7,0,0.0,0
139,12346819547,540.0,424.8429054274463,True,1962.5103041929126,0.0,7,0,0.0,0
40,6827965363,525.0,407.3379930825401,True,1852.229356420005,0.0,6,0,0.0,0
235,107863,1350.0,754.3143393018116,True,4038.180337601411,375.0,12,6,6.688676345976945,0
201,11747638084,620.0,479.7694918369203,True,2308.5477985725997,0.0,2,0,0.0,0
116,234290,495.0,382.03965660410046,True,1692.8498366058316,0.0,6,0,0.0,0
73,25476020,1165.0,813.2328943316196,True,4409.367234289204,0.0,11,0,0.0,0
143,454212847,660.0,397.3642688965091,True,1789.394894048007,245.0,5,9,5.153794871794874,0
18,8972731452,405.0,343.6498129625437,True,1450.9938216640246,0.0,2,0,0.0,0
182,1614926342,880.0,589.4736711184568,True,2999.6841280462786,880.0,9,31,25.34624349548795,0
135,9295694734,955.0,654.8906200552431,True,3411.810906348033,0.0,12,0,0.0,0
125,11747638084,590.0,454.91410872045515,True,2151.9588849388674,0.0,6,0,0.0,0
186,107319,1190.0,684.8866462430759,True,3600.7858713313726,245.0,7,3,5.0885499889887305,0
11,24973086,980.0,655.5928625708524,True,3416.235034196371,0.0,9,0,0.0,0
153,25472873,605.0,427.6078200753608,True,1979.929266474773,0.0,6,0,0.0,0
283,823745,695.0,510.7589066512124,True,2503.7811119026373,0.0,9,0,0.0,0
138,1607738730,295.0,278.03800498455473,True,1037.639431402694,0.0,1,0,0.0,0
260,1619316041,855.0,592.645350090309,True,3019.665705568946,0.0,7,0,0.0,0
294,26699545,255.0,251.38238447752076,False,869.7090222083809,0.0,0,0,0.0,0
127,3079462323,265.0,251.13131221878692,True,868.1272669783569,0.0,0,0,0.0,0
37,5453319326,455.0,345.43551747498003,True,1462.243760092375,50.0,4,3,1.6841105564577035,0
284,25533132,745.0,531.9562915791136,True,2637.3246369484154,0.0,7,0,0.0,0
215,109832,540.0,413.4721163603716,True,1890.8743330703405,0.0,4,0,0.0,0
113,12026764,1125.0,670.7351160881803,True,3511.631231355533,235.0,6,0,2.4678570128995028,0
55,9791495,540.0,425.63431536023717,True,1967.4961867694942,0.0,3,0,0.0,0
30,25472904,615.0,465.6256770660905,True,2219.4417655163693,0.0,6,0,0.0,0
120,282686499,910.0,542.36242123862,True,2702.8832538033066,255.0,6,0,0.0,0
130,3378994807,1080.0,725.9021701610998,True,3859.183672014922,0.0,14,0,0.0,0
86,21665584,675.0,489.55248160918524,True,2370.180634137865,20.0,10,0,0.6736442225830815,0
274,603751942,850.0,608.1012814055413,True,3117.0380728549085,0.0,9,0,0.0,0
67,1666324108,130.0,180.5471855631334,False,423.4472690477406,0.0,0,0,0.0,0
119,25533578,935.0,646.8757419836736,True,3361.317174497144,0.0,11,0,0.0,0
261,9791497,185.0,204.66063911403452,False,575.3620264184175,0.0,3,0,0.0,0
198,21665912,650.0,460.38008547857817,True,2186.3945385150414,35.0,6,0,1.1788773895203926,0
262,8142633528,1170.0,792.9746361527226,True,4281.740207762157,0.0,14,0,0.0,0
126,3892184068,595.0,458.28815982425004,True,2173.2154068927753,0.0,6,0,0.0,0
222,25473284,575.0,404.06664499120114,True,1831.6198634445675,125.0,5,1,1.6296661857500114,0
47,9513010,525.0,408.849236461796,True,1861.7501897093148,0.0,6,0,0.0,0
29,2337311458,460.0,372.1634047032467,True,1630.6294496304556,0.0,6,0,0.0,0
208,5112906884,380.0,334.1004359742868,True,1390.832746638007,0.0,0,0,0.0,0
142,21665932,1035.0,595.3428611520359,True,3036.660025257826,240.0,10,4,4.983370501809243,0
246,2476787985,375.0,329.19873578282187,True,1359.9520354317776,0.0,3,0,0.0,0
152,21665006,825.0,590.2412902426628,True,3004.520128528776,0.0,10,0,0.0,0
164,2453162764,595.0,437.3811583338212,True,2041.501297503073,0.0,3,0,0.0,0
151,1619500464,370.0,317.8861369375258,True,1288.6826627064124,0.0,1,0,0.0,0
252,12590090729,965.0,569.3388154611027,True,2872.8345374049463,225.0,10,5,2.362841820861226,0
287,108899,925.0,634.935627169588,True,3286.0944511683997,0.0,10,0,0.0,0
155,9512937,830.0,498.4186923526015,True,2426.0377618213897,210.0,6,1,2.205319032803811,0
72,8787730925,1125.0,755.2873926660798,True,4044.3105737963037,0.0,11,0,0.0,0
268,25533613,270.0,264.2679282235941,True,950.8879478086421,0.0,5,0,0.0,0
263,27502435,1940.0,871.4643493251758,True,4776.225400748608,820.0,14,0,0.8612297272540214,0
231,1843345666,300.0,283.4176179369064,True,1071.530993002511,0.0,5,0,0.0,0
12,107812,770.0,507.54295741585594,True,2483.520631719891,130.0,5,1,1.694852833180012,0
17,2215490966,825.0,534.4538706783965,True,2653.0593852738984,85.0,5,5,0.8926291323253523,0
31,9295694734,835.0,592.6512486080013,True,3019.702866230406,0.0,10,0,0.0,0
257,5398463417,725.0,537.9612006282186,True,2675.1555639577764,0.0,12,0,0.0,0
244,25503725,335.0,301.6131452975456,True,1186.162815374537,0.0,4,0,0.0,0
210,3378994807,850.0,585.5886996605857,True,2975.2088078616857,0.0,10,0,0.0,0
65,534993866,430.0,332.2609792801429,True,1379.244169464901,45.0,9,1,1.7172700152326605,0
60,9167793401,550.0,402.58680653653033,True,1822.2968811801422,25.0,5,1,0.3259332371500023,0
84,4356572311,260.0,251.60974972794,True,871.1414232860216,0.0,0,0,0.0,0
171,24973086,485.0,387.24740952367443,True,1725.6586799991483,0.0,8,0,0.0,0
292,2271434264,625.0,445.0775658646064,True,2089.988664947019,0.0,2,0,0.0,0
197,21665716,730.0,532.5610064980987,True,2641.1343409380215,0.0,9,0,0.0,0
186,107318,110.0,168.4033099136879,False,346.9408524562337,0.0,0,0,0.0,0
68,21583363,650.0,500.13379132946386,True,2436.8428853756227,0.0,12,0,0.0,0
74,10574746,685.0,465.34877183125695,True,2217.697262536918,0.0,6,0,0.0,0
223,2215490963,970.0,620.4549622966304,True,3194.8662624687718,135.0,12,1,1.2238527703083466,0
181,881888313,870.0,615.202579678801,True,3161.7762519764447,45.0,11,2,1.7172700152326605,0
165,25257323,450.0,367.96829230350426,True,1604.200241512077,0.0,6,0,0.0,0
148,5016867339,985.0,677.4397619156271,True,3553.8705000684563,0.0,11,0,0.0,0
90,26866991,420.0,353.5079260834044,True,1513.0999343254475,0.0,2,0,0.0,0
247,5932875004,575.0,436.1906012310265,True,2034.000787755468,0.0,11,0,0.0,0
183,21544863,455.0,370.82469876904713,True,1622.1956022449974,0.0,4,0,0.0,0
203,2191480791,615.0,445.8099757330411,True,2094.602847118158,0.0,4,0,0.0,0
271,107793,765.0,518.3628037585473,True,2551.6856636788484,70.0,9,0,0.6345903253450684,0
26,25471086,415.0,330.69133805899236,True,1369.3554297716528,0.0,5,0,0.0,0
88,107349,1135.0,681.9282816135117,True,3582.1481741651232,180.0,7,3,3.7864615384615368,0
224,4303455916,1220.0,702.8157147539708,True,3713.7390029500143,250.0,8,9,6.552439867150682,0
41,4709189403,700.0,515.2503568091158,True,2532.077247897429,0.0,16,0,0.0,0
288,282686499,1170.0,704.2938659286526,True,3723.0513553505084,0.0,13,0,0.0,0
110,21665926,465.0,367.2951223128247,True,1599.959270570795,0.0,5,0,0.0,0
100,652425475,510.0,405.94603207072157,True,1843.4600020455468,0.0,6,0,0.0,0
168,107769,580.0,437.4736176577119,True,2042.0837912435852,0.0,5,0,0.0,0
61,1678452766,650.0,491.2014606159802,True,2380.5692018806726,0.0,5,0,0.0,0
272,21665911,625.0,483.23407902480386,True,2330.3746978562617,0.0,5,0,0.0,0
32,21666019,535.0,367.66235161786034,True,1602.27281519252,0.0,3,0,0.0,0
258,1684410076,525.0,414.32658878425565,True,1896.25750934081,0.0,7,0,0.0,0
196,25475387,1215.0,725.455357726728,True,3856.3687536783887,210.0,12,3,2.205319032803811,0
170,6270734169,730.0,533.2818817505017,True,2645.6758550281606,0.0,11,0,0.0,0
93,4457798822,845.0,589.0569879057174,True,2997.0590238060163,0.0,5,0,0.0,0
132,293813458,660.0,493.5460893887221,True,2395.3403631489477,0.0,7,0,0.0,0
139,333650017,200.0,217.60619360677686,False,656.919019722694,0.0,3,0,0.0,0
141,9512908,490.0,381.47778177191293,True,1689.3100251630506,0.0,2,0,0.0,0
293,5932856690,610.0,443.35645067320445,True,2079.1456392411874,0.0,10,0,0.0,0
104,7261577394,680.0,502.1033284670689,True,2449.2509693425345,0.0,7,0,0.0,0
279,1106056866,905.0,640.1449741727183,True,3318.913337288127,0.0,15,0,0.0,0
202,21665910,580.0,453.28982069073055,True,2141.725870351601,0.0,1,0,0.0,0
73,1938580083,195.0,217.63740491521472,False,657.1156509658526,0.0,0,0,0.0,0
45,4170421482,955.0,669.2238076710493,True,3502.1099883276106,0.0,9,0,0.0,0
226,9791482,455.0,377.47345409386384,True,1664.0827607913427,0.0,5,0,0.0,0
250,12265050664,970.0,614.1887785291501,True,3155.389304733648,130.0,8,4,1.3651974964975975,0
103,9521025,560.0,406.64512971080546,True,1847.8643171780739,0.0,3,0,0.0,0
212,255576,270.0,240.20561601961361,True,799.2953809235653,55.0,0,3,2.0988855741732517,0
131,1614926348,840.0,580.8268191154818,True,2945.208960427533,840.0,11,34,31.587252492612716,4
108,26559655,470.0,374.25927709052905,True,1643.8334456703326,0.0,6,0,0.0,0
237,1614926348,450.0,359.2249612624942,True,1549.117255953715,450.0,6,12,18.734105960664127,4
34,255562,705.0,509.65346412303467,True,2496.8168239751185,0.0,12,0,0.0,0
46,4328124794,785.0,556.2653573283403,True,2790.4717511685435,0.0,6,0,0.0,0
25,311422343,635.0,465.5307119003194,True,2218.8434849720124,0.0,9,0,0.0,0
4,1614926348,430.0,352.1254955257819,True,1504.390621812426,430.0,6,16,23.75501591789725,4
182,107863,235.0,240.59251946704708,False,801.7328726423967,0.0,0,0,0.0,0
291,1163913429,740.0,543.0046207439069,True,2706.9291106866162,0.0,10,0,0.0,0
283,107793,225.0,238.57558318449813,False,789.0261740623384,0.0,0,0,0.0,0
80,25503707,895.0,617.719430318051,True,3177.6324110037185,0.0,6,0,0.0,0
115,1614926348,475.0,373.32569739993875,True,1637.9518936196146,475.0,2,10,19.421170161028076,4
206,9294989257,790.0,552.7660258857458,True,2768.425963080195,0.0,7,0,0.0,0
85,4239164192,530.0,408.74913974764837,True,1861.1195804101858,0.0,7,0,0.0,0
122,107801,280.0,264.55139665406824,True,952.6737989206296,0.0,3,0,0.0,0
185,26389885,730.0,538.4855711604808,True,2678.4590983110293,0.0,14,0,0.0,0
94,13906740170,620.0,475.60552511346333,True,2282.314808214818,0.0,8,0,0.0,0
264,1614926348,525.0,410.85194305113663,True,1874.367241222161,525.0,9,23,37.167326143741164,7
166,9791491,480.0,386.32881223873636,True,1719.8715171040394,0.0,7,0,0.0,0
158,5932875003,370.0,296.1162120686492,True,1151.5321360324897,55.0,1,2,2.0988855741732517,0
146,1933585943,1010.0,693.6707686864032,True,3656.1258427243392,0.0,12,0,0.0,0
144,25502829,615.0,454.943773722333,True,2152.1457744506984,0.0,7,0,0.0,0
112,108300,500.0,398.68726413434257,True,1797.7297640463592,0.0,5,0,0.0,0
69,108045,870.0,599.9924501747381,True,3065.952436100851,0.0,4,0,0.0,0
56,14077667431,775.0,564.7515609957007,True,2843.9348342729136,0.0,10,0,0.0,0
228,25507334,625.0,478.99110844519066,True,2303.6439832047,0.0,6,0,0.0,0
89,108903,630.0,410.94325228631277,True,1874.9424894037718,140.0,5,5,4.50312274735094,0
256,1685751696,380.0,311.53102522867607,True,1248.64545894066,0.0,3,0,0.0,0
106,1667203491,765.0,523.7657375168427,True,2585.724146356108,0.0,10,0,0.0,0
63,102030,435.0,352.5167929355256,True,1506.8557954938115,0.0,4,0,0.0,0
42,25471098,625.0,408.5174809147109,True,1859.6601297626792,130.0,7,2,1.3651974964975975,0
211,25475739,650.0,424.22044967200407,True,1958.5888329336267,135.0,5,3,4.0436922958427575,0
175,12197370,1635.0,832.6802660181704,True,4531.885675914478,635.0,10,0,0.0,0
200,5387300688,550.0,433.0354072756679,True,2014.123065836707,0.0,10,0,0.0,0
92,5811245211,380.0,315.154094511005,True,1271.4707954193311,0.0,1,0,0.0,0
9,25503804,930.0,632.8346440285122,True,3272.8582573796275,0.0,8,0,0.0,0
15,7066266060,1000.0,688.8977642327493,True,3626.055914666322,0.0,11,0,0.0,0
35,92696860,410.0,344.94976451294093,True,1459.183516431527,0.0,3,0,0.0,0
232,1614926348,950.0,641.1254355530915,True,3325.090243984476,950.0,12,30,32.69640463069015,4
281,1614926348,460.0,366.92711905374796,True,1597.6408500386124,460.0,8,11,19.160834413172527,4
95,295930316,730.0,536.7514890465654,True,2667.5343809933634,0.0,9,0,0.0,0
219,108214,425.0,358.0694926286627,True,1541.8378035605751,0.0,4,0,0.0,0
160,107793,800.0,525.1827192474223,True,2594.6511312587572,0.0,4,0,0.0,0
286,334688530,460.0,377.7130903085245,True,1665.5924689437043,0.0,3,0,0.0,0
91,108214,505.0,403.67501234496615,True,1829.1525777732863,0.0,5,0,0.0,0
76,102020,430.0,349.633065345475,True,1488.688311676492,0.0,4,0,0.0,0
135,2557051152,330.0,303.4651031016723,True,1197.830149540535,0.0,5,0,0.0,0
218,21666011,735.0,480.3736167169551,True,2312.353785316816,0.0,7,0,0.0,0
150,362575101,875.0,610.4251268837685,True,3131.6782993677375,0.0,13,0,0.0,0
121,21665910,390.0,330.77604029437197,True,1369.8890538545427,0.0,6,0,0.0,0
50,25472904,560.0,398.4493746945462,True,1796.2310605756418,5.0,6,0,0.07138230475659213,0
33,25472159,530.0,427.3483444495215,True,1978.2945700319851,0.0,7,0,0.0,0
23,2089584869,875.0,519.62380899783,True,2559.6299966863303,280.0,6,0,0.0,0
124,452168037,705.0,531.5113026066821,True,2634.5212064220987,0.0,12,0,0.0,0
241,26559618,445.0,372.9380063144163,True,1635.5094397808234,0.0,2,0,0.0,0
19,12292980260,560.0,433.3123166856304,True,2015.8675951194728,0.0,7,0,0.0,0
107,6940326497,670.0,472.45198177062036,True,2262.4474851549076,0.0,5,0,0.0,0
190,5630940176,425.0,349.67243417996576,True,1488.936335333784,0.0,3,0,0.0,0
125,101995,335.0,292.87735098704354,True,1131.1273112183744,0.0,5,0,0.0,0
151,1611159818,275.0,263.80112955108024,True,947.9471161718055,0.0,4,0,0.0,0
117,1607738730,905.0,633.2830161961882,True,3275.6830020359826,0.0,15,0,0.0,0
44,6893923114,1310.0,654.1549945939498,True,3407.1764659418673,585.0,4,0,0.1351260130265559,0
242,1614926348,940.0,626.9378497651272,True,3235.7084535203035,940.0,7,25,32.841388590571555,4
14,9295694734,825.0,583.3074852378228,True,2960.837156998281,0.0,9,0,0.0,0
16,26848680,580.0,450.51964108714185,True,2124.273738848995,0.0,10,0,0.0,0
119,10574746,310.0,281.89850097453575,True,1061.9605561395751,0.0,4,0,0.0,0
147,8094426714,885.0,620.8544489555139,True,3197.3830284197393,0.0,12,0,0.0,0
65,634568069,245.0,247.23182657942533,False,843.5605074503793,0.0,1,0,0.0,0
215,21665719,330.0,291.5550520453896,True,1122.7968278859544,0.0,4,0,0.0,0
39,25533613,1070.0,684.9611371929366,True,3601.2551643155016,0.0,6,0,0.0,0
102,1614978621,430.0,366.9177429380078,True,1597.581780509449,0.0,4,0,0.0,0
70,1614926348,755.0,535.0356785933307,True,2656.724775137978,755.0,8,32,31.736546579784214,4
149,2833445980,575.0,442.2741356899331,True,2072.3270548465794,0.0,4,0,0.0,0
87,9775220678,730.0,522.4975033560582,True,2577.7342711431675,0.0,8,0,0.0,0
217,21533908,515.0,388.79642006027905,True,1735.4174463797583,0.0,0,0,0.0,0
207,21665911,700.0,485.9248018473027,True,2347.326251638006,60.0,6,0,0.0,0
105,107793,850.0,553.2852410007245,True,2771.697018304566,0.0,8,0,0.0,0
145,4211515634,955.0,634.7138204023496,True,3284.6970685348006,0.0,11,0,0.0,0
245,25533578,1165.0,629.3691299961816,True,3251.0255189759364,420.0,10,6,7.275356172846951,0
270,1188983785,565.0,430.3402588006437,True,1997.1436304440545,0.0,8,0,0.0,0
191,104315,910.0,648.9432638461309,True,3374.3425622306236,0.0,12,0,0.0,0
79,1684410058,850.0,539.0741334349751,True,2682.167040640347,35.0,6,0,0.14862819878087147,0
243,9789815,800.0,572.4793282911345,True,2892.619768234147,0.0,7,0,0.0,0
255,107349,1040.0,713.8624400983906,True,3783.3333726198634,0.0,9,0,0.0,0
275,1667203543,845.0,586.5775946698499,True,2981.4388464200547,0.0,8,0,0.0,0
263,25533437,310.0,286.2846754672713,True,1089.5934554438093,0.0,6,0,0.0,0
81,2493654751,695.0,513.6818931903299,True,2522.1959270990797,0.0,5,0,0.0,0
230,21666010,800.0,568.9283060798574,True,2870.2483283031047,0.0,9,0,0.0,0
43,5016867339,875.0,606.0785186383438,True,3104.2946674215646,0.0,12,0,0.0,0
180,4956890429,1230.0,817.8759255028348,True,4438.618330667857,0.0,15,0,0.0,0
251,11747638084,565.0,433.08860305916767,True,2014.4581992727565,0.0,7,0,0.0,0
134,10019788231,580.0,425.8428180701598,True,1968.8097538420072,0.0,5,0,0.0,0
13,25257284,745.0,543.8557239391633,True,2712.291060816731,0.0,12,0,0.0,0
246,107860,345.0,305.58424220504173,True,1211.1807258917624,0.0,2,0,0.0,0
99,25626801,990.0,673.6626297432236,True,3530.0745673823117,0.0,11,0,0.0,0
114,1667203543,1035.0,648.3243859066719,True,3370.4436312120342,10.0,14,0,0.14862819878087147,0
214,970857026,1215.0,677.7457114174221,True,3555.7979819297534,385.0,4,2,6.819049640836946,0
280,9791152,875.0,570.2093592549767,True,2878.318963306351,0.0,4,0,0.0,0
64,25472291,1125.0,755.8956038571988,True,4048.142304300346,0.0,15,0,0.0,0
123,8124381023,600.0,357.51245424089706,True,1538.3284617176525,245.0,6,3,5.153794871794874,0
252,25473556,345.0,307.3104000704583,True,1222.0555204438872,0.0,4,0,0.0,0
193,3552338823,755.0,517.7621668965481,True,2547.9016514482555,50.0,14,0,0.0,0
77,1614926333,1420.0,776.7041114789141,True,4179.235902317149,430.0,6,3,7.44572230745644,0
257,4233926316,330.0,282.56686128364265,True,1066.1712260869485,0.0,5,0,0.0,0
254,25533613,540.0,365.3483436044973,True,1587.694564708334,100.0,4,0,2.891107820220202,0
233,12708038730,980.0,673.6914352356997,True,3530.256041984912,0.0,8,0,0.0,0
266,2191480791,870.0,597.0875129431829,True,3047.6513315420525,0.0,8,0,0.0,0
57,25497446,480.0,390.4594501319321,True,1745.894535831172,0.0,4,0,0.0,0
36,333722500,1060.0,697.5566890437865,True,3680.607140975855,0.0,13,0,0.0,0
284,9512937,410.0,286.0597287096586,True,1088.176290870849,175.0,2,2,5.4822303400197985,0
85,107823,190.0,207.91562655361716,False,595.868447287788,0.0,2,0,0.0,0
66,1614926348,575.0,428.90062840458756,True,1988.073958948902,575.0,4,18,23.026924034179284,4
58,3378994807,470.0,382.82050151379843,True,1697.7691595369286,0.0,2,0,0.0,0
93,1678452742,265.0,258.6985921592487,True,915.8011306032664,0.0,4,0,0.0,0
148,26699549,310.0,267.80678250901593,True,973.1827298068004,15.0,1,0,0.2141469142697764,0
159,26573672,600.0,452.187516085481,True,2134.781351338529,0.0,9,0,0.0,0
78,1667203491,875.0,636.0227748446556,True,3292.943481521329,0.0,16,0,0.0,0
238,275424,565.0,429.90636171462717,True,1994.4100788021526,0.0,4,0,0.0,0
225,4712556876,825.0,557.2174439683871,True,2796.4698970008358,0.0,7,0,0.0,0
154,109819,1005.0,662.1884503683544,True,3457.7872373206287,0.0,5,0,0.0,0
209,26699549,735.0,501.75779068149495,True,2447.074081293419,50.0,10,1,1.9080777947029561,0
120,108059,425.0,339.04426534151645,True,1421.9788716515538,0.0,5,0,0.0,0
137,11505302188,1440.0,832.3659907176126,True,4529.90574152095,260.0,12,6,5.189383455086928,0
49,454368529,630.0,477.1202701351798,True,2291.857701851631,0.0,4,0,0.0,0
53,25524240,1440.0,742.7373100667247,True,3965.245053420362,585.0,10,0,0.0,0
262,6521883874,425.0,354.9154007679145,True,1521.9670248378611,0.0,5,0,0.0,0
62,110031,980.0,645.7075965824534,True,3353.9578584694545,0.0,7,0,0.0,0
38,1667203491,740.0,529.9081347416342,True,2624.4212488722956,0.0,10,0,0.0,0
101,25257657,690.0,522.5768576704548,True,2578.234203323865,0.0,11,0,0.0,0
177,4216272817,780.0,551.3067282323891,True,2759.2323878640536,0.0,7,0,0.0,0
157,25473293,740.0,531.2003896367106,True,2632.5624547112743,0.0,7,0,0.0,0
221,24973090,655.0,471.5621966759007,True,2256.841839058176,0.0,9,0,0.0,0
176,25375955,515.0,404.9755630562598,True,1837.3460472544368,0.0,8,0,0.0,0
178,25257045,870.0,620.3123509254691,True,3193.9678108304515,0.0,9,0,0.0,0
27,4580163090,880.0,623.6054613113091,True,3214.7144062612415,0.0,8,0,0.0,0
285,25533613,1085.0,641.6657810993072,True,3328.4944209256228,225.0,9,3,4.733076923076924,0
207,4702603702,125.0,177.94818908488233,False,407.07359123475857,0.0,1,0,0.0,0
216,25306041,1485.0,921.7686763324116,True,5093.142660894202,60.0,21,0,0.0,0
7,9791487,635.0,483.6853676537107,True,2333.217816218379,0.0,7,0,0.0,0
161,11170906170,525.0,410.53570027026797,True,1872.3749117026882,0.0,5,0,0.0,0
156,8916243,900.0,636.2386246231125,True,3294.30333512561,0.0,12,0,0.0,0
206,7944696976,255.0,251.41546796793,False,869.9174481979591,0.0,1,0,0.0,0
47,2453162764,455.0,372.5140654182339,True,1632.8386121348742,0.0,4,0,0.0,0
173,25533613,1045.0,686.8574450762673,True,3613.2019039804823,0.0,9,0,0.0,0
98,2441998875,635.0,472.18267232124623,True,2260.7508356238495,0.0,5,0,0.0,0
199,25471089,930.0,561.4495204251369,True,2823.131978678361,185.0,4,3,3.891641025641024,0
12,1678452742,425.0,342.44608944060036,True,1443.410363475782,5.0,4,0,0.08196285245558606,0
213,6273263209,850.0,580.7155884891818,True,2944.5082074818424,0.0,7,0,0.0,0
63,13578418080,225.0,230.12547285018894,False,735.7904789561903,0.0,2,0,0.0,0
108,5932875003,300.0,256.6056296197074,True,902.6154666041557,40.0,3,1,1.526462235762365,0
142,1667203511,470.0,384.71669840969565,True,1709.7151999810833,0.0,6,0,0.0,0
4,1614846678,290.0,267.293048078397,True,969.946202893901,0.0,2,0,0.0,0
247,21665912,380.0,323.95854651002503,True,1326.9388430131576,0.0,3,0,0.0,0
187,107860,630.0,475.89331137359704,True,2284.1278616536597,0.0,10,0,0.0,0
220,1587616047,890.0,639.5867197805572,True,3315.3963346175124,0.0,13,0,0.0,0
179,1317156147,600.0,460.38963731684623,True,2186.454715096132,0.0,7,0,0.0,0
163,1614926358,645.0,451.82116957519054,True,2132.4733683236996,35.0,9,0,0.4996761332961449,0
181,5393414954,420.0,342.67645150148525,True,1444.8616444593563,0.0,3,0,0.0,0
72,21665582,480.0,375.5221839591998,True,1651.789758942959,0.0,7,0,0.0,0
267,110031,1020.0,625.7907654781874,True,3228.4818225125773,195.0,9,0,0.0,0
231,11135307178,470.0,376.5912286602848,True,1658.5247405597947,0.0,4,0,0.0,0
208,3764054180,505.0,366.7089402955209,True,1596.266323861781,40.0,8,0,0.0,0
265,5393414955,790.0,544.6555213860306,True,2717.3297847319905,0.0,10,0,0.0,0
9,25496592,245.0,248.5993885788016,False,852.1761480464502,0.0,2,0,0.0,0
37,25533613,535.0,393.32707076882286,True,1763.9605458435847,15.0,9,0,0.2458885573667582,0
167,26699544,635.0,444.8737003655589,True,2088.704312303021,60.0,3,2,2.2896933536435475,0
273,11863161,940.0,630.429579677903,True,3257.706351970788,0.0,5,0,0.0,0
20,1667118119,1320.0,856.5896317301205,True,4682.514679899766,0.0,18,0,0.0,0
26,14023072774,425.0,342.4596442878098,True,1443.4957590132017,10.0,10,0,0.0,0
31,108209,485.0,376.7836800463122,True,1659.7371842917678,0.0,3,0,0.0,0
249,12198369,720.0,505.7813733396164,True,2472.422652039583,0.0,11,0,0.0,0
48,6250501803,1325.0,761.4056932436258,True,4082.8558674348337,225.0,7,4,4.733076923076924,0
130,102035,555.0,435.4518368428613,True,2029.3465721100254,0.0,6,0,0.0,0
202,1678452820,395.0,334.4116316060226,True,1392.7932791179423,0.0,2,0,0.0,0
11,5386341215,575.0,451.57804875363246,True,2130.9417071478842,0.0,8,0,0.0,0
96,452168037,1315.0,693.1013162310444,True,3652.5382922555814,410.0,4,0,0.0,0
135,13349587,265.0,247.9956835050971,True,848.3728060821111,0.0,1,0,0.0,0
67,11156548930,560.0,415.555469657988,True,1903.9994588453237,0.0,6,0,0.0,0
95,9791503,275.0,257.0004918994737,True,905.1030989666838,0.0,1,0,0.0,0
166,25544130,340.0,284.76937075525694,True,1080.047035758119,5.0,3,0,0.08098213162743835,0
128,109391,1090.0,666.0196847646935,True,3481.9240140175675,130.0,13,2,1.3651974964975975,0
195,109838,645.0,490.5160138234245,True,2376.2508870875736,0.0,11,0,0.0,0
25,1666324140,375.0,323.03615659475844,True,1321.127786546978,0.0,4,0,0.0,0
212,26591525,410.0,345.01899867033006,True,1459.61969162308,0.0,2,0,0.0,0
255,9512937,220.0,229.3347928227912,False,730.8091947835844,0.0,2,0,0.0,0
88,1927220454,465.0,376.98873424677583,True,1661.0290257546885,0.0,3,0,0.0,0
152,13349587,550.0,437.10821825072827,True,2039.7817749795877,0.0,2,0,0.0,0
101,6893923114,140.0,185.46267958667207,False,454.41488139603376,0.0,0,0,0.0,0
17,107995,530.0,385.1754319722342,True,1712.6052214250756,0.0,2,0,0.0,0
127,1614926348,595.0,457.4222488730137,True,2167.760167899986,595.0,5,14,20.11428295460104,4
33,25473288,285.0,264.2366874511774,True,950.6911309424171,20.0,2,0,0.0,0
256,108903,335.0,302.41519965658205,True,1191.2157578364672,0.0,4,0,0.0,0
29,6378017135,570.0,439.6803742967079,True,2055.98635806926,0.0,6,0,0.0,0
100,1619527484,455.0,374.12902904879263,True,1643.0128830073934,0.0,6,0,0.0,0
140,9294989287,1375.0,820.170074165609,True,4453.071467243338,210.0,13,2,4.417538461538461,0
60,317930344,525.0,409.39559368902235,True,1865.1922402408402,0.0,6,0,0.0,0
55,5398463417,600.0,412.95278707044207,True,1887.6025585437856,45.0,6,1,0.6420696941972879,0
194,25532843,685.0,517.708476659248,True,2547.5634029532607,0.0,10,0,0.0,0
84,7889967240,535.0,395.64992663091255,True,1778.5945377747494,0.0,6,0,0.0,0
153,25544131,630.0,442.43809115022265,True,2073.3599742464003,15.0,7,0,0.2458885573667582,0
294,25533203,625.0,464.5444112982934,True,2212.6297911792485,40.0,7,0,0.0,0
3,25257039,925.0,618.7383091705217,True,3184.051347774286,25.0,9,0,0.0,0
61,26699549,475.0,375.3686171045462,True,1650.8222877586409,0.0,2,0,0.0,0
118,358992920,1130.0,755.9747509606548,True,4048.6409310521262,0.0,19,0,0.0,0
290,25500758,705.0,513.8946288651382,True,2523.53616185037,0.0,8,0,0.0,0
146,4307559861,385.0,334.53277307997854,True,1393.5564704038648,0.0,5,0,0.0,0
190,5932856691,305.0,274.68968187004356,True,1016.5449957812741,0.0,5,0,0.0,0
217,21665081,285.0,263.3652710414747,True,945.2012075612902,0.0,5,0,0.0,0
196,25257275,475.0,371.080794024677,True,1623.8090023554662,0.0,7,0,0.0,0
169,110009,1375.0,881.0471800295197,True,4836.597234185974,10.0,15,0,0.07431409939043573,0
151,25533321,310.0,279.83215408963144,True,1048.9425707646778,0.0,3,0,0.0,0
168,1619354114,495.0,382.7797164612586,True,1697.5122137059282,0.0,2,0,0.0,0
215,1666324140,305.0,282.9922481853336,True,1068.8511635676014,0.0,1,0,0.0,0
164,8098784582,600.0,448.7100265398823,True,2112.873167201259,0.0,11,0,0.0,0
116,25473373,685.0,489.0764079332399,True,2367.1813699794147,0.0,5,0,0.0,0
24,881887811,995.0,687.9409289675881,True,3620.0278524958057,0.0,8,0,0.0,0
189,370711678,845.0,602.0260520546864,True,3078.7641279445247,0.0,10,0,0.0,0
248,669891616,780.0,526.8315718123491,True,2605.038902417803,0.0,8,0,0.0,0
152,108902,60.0,141.84706547784631,False,179.63651251043152,0.0,0,0,0.0,0
112,4955757609,415.0,345.80749926409436,True,1464.587245363794,0.0,3,0,0.0,0
5,1933585943,800.0,586.8288372690768,True,2983.0216747951836,0.0,5,0,0.0,0
113,6065422037,665.0,477.63544398042177,True,2295.1032970766555,25.0,11,0,0.0,0
287,25256612,625.0,462.0297155128049,True,2196.787207730671,0.0,9,0,0.0,0
89,109836,410.0,340.4331368683413,True,1430.7287622705499,0.0,4,0,0.0,0
188,25632144,980.0,673.3286172418876,True,3527.970288623895,0.0,9,0,0.0,0
155,4917827758,625.0,466.1711055342899,True,2222.877964866027,0.0,5,0,0.0,0
1,3933844368,825.0,516.4741161439216,True,2539.786931706702,220.0,9,6,4.627897435897436,0
258,9371260474,520.0,403.97666836263886,True,1831.0530106846243,0.0,8,0,0.0,0
165,1685938727,580.0,443.28668498543254,True,2078.7061154082257,0.0,2,0,0.0,0
126,2214979335,660.0,460.30880681388135,True,2185.945482927453,65.0,2,0,0.08098213162743835,0
261,109634,665.0,492.08197071320893,True,2386.1164154932158,0.0,11,0,0.0,0
259,110095,940.0,647.3569875113451,True,3364.3490213214736,0.0,16,0,0.0,0
270,1614926348,330.0,295.681448526239,True,1148.7931257153057,330.0,2,16,24.2429529899796,4
71,454212847,1080.0,643.6028953083113,True,3340.698240442362,190.0,6,1,1.9952886487272576,0
159,1619354114,255.0,253.49484122099128,False,883.0174996922448,0.0,2,0,0.0,0
2,6270734170,915.0,641.9115184233931,True,3330.0425660673754,0.0,10,0,0.0,0
253,333650017,1090.0,676.0673492533637,True,3545.2243002961886,155.0,10,1,3.2605641025641012,0
266,1614926348,280.0,264.7071637256461,True,953.6551314715707,280.0,3,7,16.24770856114687,4
276,9295694734,1100.0,733.7378002077861,True,3908.5481413090506,0.0,14,0,0.0,0
277,1614926348,1080.0,714.0605581799535,True,3784.5815165337067,1080.0,13,33,39.75188754413623,4
77,25473373,295.0,276.99888148292246,True,1031.0929533424112,0.0,3,0,0.0,0
286,1630526800,405.0,344.77839778872533,True,1458.1039060689704,0.0,6,0,0.0,0
6,9512940,780.0,546.153995252476,True,2726.7701700906023,15.0,5,0,0.2458885573667582,0
110,21554368,570.0,417.3485887732289,True,1915.2961092713408,20.0,3,0,0.2855292190263685,0
94,9167793401,490.0,369.86874729377865,True,1616.1731079508052,50.0,7,0,0.0,0
133,25544143,795.0,544.7248276911411,True,2717.7664144541873,5.0,6,0,0.07138230475659213,0
147,102000,385.0,334.40641260272093,True,1392.7603993971418,0.0,2,0,0.0,0
224,26699537,590.0,446.96353167272633,True,2101.870249538177,0.0,10,0,0.0,0
136,1614926348,900.0,612.3952351909389,True,3144.089981702919,900.0,12,28,31.343123508181744,4
192,293813469,1320.0,794.3697226114729,True,4290.529252452282,195.0,12,3,2.047796244746396,0
64,108214,325.0,296.3279168429321,True,1152.8658761104718,0.0,4,0,0.0,0
28,11267145959,855.0,532.4162372540237,True,2640.22229470035,130.0,7,1,1.3651974964975975,0
210,25256275,650.0,488.7136124304166,True,2364.8957583116235,0.0,7,0,0.0,0
292,4784457210,635.0,484.5524476933523,True,2338.68042046812,0.0,4,0,0.0,0
43,6410407480,350.0,309.53676678648276,True,1236.0816307548407,0.0,4,0,0.0,0
268,102035,680.0,513.4127622749347,True,2520.5004023320876,0.0,6,0,0.0,0
289,25470679,825.0,559.4701987176387,True,2810.662251921122,5.0,12,0,0.07138230475659213,0
18,104315,765.0,505.35615269351786,True,2469.7437619691623,50.0,3,1,0.6518664743000046,0
170,5568839679,590.0,444.96301327863966,True,2089.266983655431,0.0,5,0,0.0,0
288,9475528,605.0,465.5516452879686,True,2218.975365314203,0.0,6,0,0.0,0
228,108209,485.0,396.0601731493794,True,1781.1790908410896,0.0,4,0,0.0,0
97,25378075,1195.0,598.6746153422254,True,3057.650076656,570.0,7,0,0.0,0
203,9512933,625.0,465.7446653504322,True,2220.1913917077227,0.0,4,0,0.0,0
232,9398043798,465.0,358.49190596490524,True,1544.4990075789033,0.0,5,0,0.0,0
262,109608,305.0,278.71376104726335,True,1041.8966945977584,0.0,0,0,0.0,0
82,881889762,1185.0,733.2693477574319,True,3905.5968908718223,100.0,10,0,2.103589743589743,0
22,25496892,800.0,423.58858678646527,True,1954.6080967547334,390.0,9,10,8.556843993659031,0
129,14069254029,1185.0,758.5748950773644,True,4065.0218389873967,5.0,14,0,0.07138230475659213,0
162,14008789952,890.0,522.911464676074,True,2580.3422274592695,260.0,6,3,3.2043238433535546,0
140,25256623,150.0,188.38811060713653,False,472.8450968249601,0.0,2,0,0.0,0
93,11582793599,335.0,297.81250727416153,True,1162.2187958272177,0.0,5,0,0.0,0
219,102000,465.0,379.3538056252201,True,1675.928975438887,0.0,5,0,0.0,0
201,8094426714,800.0,564.9137472493599,True,2844.9566076709657,0.0,6,0,0.0,0
149,101995,430.0,350.15208420161105,True,1491.9581304701499,0.0,4,0,0.0,0
260,1684410105,785.0,547.1312164446276,True,2732.9266636011535,15.0,8,0,0.2141469142697764,0
68,25257284,685.0,487.71160189707473,True,2358.583091951572,0.0,2,0,0.0,0
106,701608618,510.0,393.58060606099735,True,1765.5578181842834,15.0,8,1,0.21377586565773518,0
109,25505558,995.0,634.0978145043429,True,3280.8162313773623,70.0,14,0,0.6345903253450684,0
282,11618689213,860.0,593.879563358906,True,3027.4412491611074,0.0,8,0,0.0,0
230,435144778,410.0,342.70111839726604,True,1445.0170459027756,0.0,6,0,0.0,0
73,1598214606,625.0,436.5103733360939,True,2036.0153520173906,70.0,5,1,0.6345903253450684,0
79,9398115367,425.0,349.74566755353425,True,1489.3977055872658,0.0,5,0,0.0,0
237,1614846692,590.0,452.53706247936225,True,2136.983493619983,0.0,8,0,0.0,0
66,1409010786,370.0,328.23505158160015,True,1353.8808249640806,0.0,8,0,0.0,0
164,11156548927,145.0,182.9761299452039,False,438.7496186547842,0.0,0,0,0.0,0
246,2354994932,415.0,347.2626909646864,True,1473.7549530775239,0.0,6,0,0.0,0
10,108258,1160.0,710.7033873750777,True,3763.4313404629906,110.0,7,0,1.4784143712565698,0
191,25256289,445.0,361.86982894134695,True,1565.779922330485,0.0,4,0,0.0,0
154,25533438,380.0,329.9170473412823,True,1364.4773982500778,0.0,4,0,0.0,0
52,1493458889,960.0,547.4153208352332,True,2734.716521261967,325.0,8,3,3.412993741243993,0
144,2482696992,580.0,416.11206142565203,True,1907.5059869816089,45.0,4,0,0.08098213162743835,0
239,12650816262,1060.0,710.7132539133385,True,3763.4934996540337,0.0,12,0,0.0,0
157,1409010786,365.0,321.8536930654478,True,1313.6782663123213,10.0,4,0,0.0,0
131,1614978560,640.0,490.6265784046078,True,2376.9474439490295,0.0,6,0,0.0,0
15,669891669,545.0,430.08383228315574,True,1995.528143383882,0.0,3,0,0.0,0
198,1667203511,825.0,577.313758500471,True,2923.07667855297,5.0,14,0,0.08098213162743835,0
16,26699537,510.0,395.8516507550497,True,1779.865399756814,0.0,8,0,0.0,0
227,25507343,900.0,620.9143339853458,True,3197.760304107679,0.0,10,0,0.0,0
46,6355365945,640.0,482.7432417950653,True,2327.282423308909,0.0,4,0,0.0,0
2,21665031,160.0,185.91140319358698,False,457.24184011959767,0.0,1,0,0.0,0
7,10544188928,375.0,275.1842978779569,True,1019.6610766311277,85.0,1,2,1.1081730063100077,0
200,9295694734,580.0,439.2033687643923,True,2052.981223215671,0.0,6,0,0.0,0
182,12725097483,645.0,483.76055566769924,True,2333.691500706505,0.0,4,0,0.0,0
250,25473293,680.0,487.7274545161554,True,2358.682963451779,5.0,12,0,0.08098213162743835,0
47,9167793401,375.0,292.28750695109085,True,1127.411293791873,0.0,0,0,0.0,0
76,14077667431,565.0,442.782394480968,True,2075.5290852300977,0.0,8,0,0.0,0
141,2214979329,705.0,476.544207318168,True,2288.2285061044586,70.0,4,0,0.6345903253450684,0
4,25501288,365.0,299.57681115162075,True,1173.33391025521,0.0,5,0,0.0,0
214,4356591932,480.0,384.16531127106197,True,1706.2414610076903,0.0,6,0,0.0,0
114,108216,485.0,394.5367104236462,True,1771.58127566897,0.0,7,0,0.0,0
291,2586614735,665.0,357.8152849003044,True,1540.2362948719203,360.0,3,5,3.7805469133779614,0
74,3552338823,785.0,544.3568581251408,True,2715.4482061883914,15.0,7,0,0.21377586565773518,0
245,1607738730,545.0,432.85718004384495,True,2013.0002342762236,0.0,7,0,0.0,0
41,2833448424,755.0,504.01800346474266,True,2461.313421827878,50.0,7,1,0.71345199895388,0
242,4712556876,570.0,415.83467502591435,True,1905.758452663259,5.0,5,0,0.08537453603528207,0
223,5932959891,805.0,554.192351379131,True,2777.411813688524,0.0,6,0,0.0,0
98,11331184983,410.0,335.8269202074073,True,1401.7095973066662,15.0,3,0,0.0,0
255,11329900032,310.0,270.73187314965065,True,991.6108008427989,0.0,1,0,0.0,0
257,289996665,495.0,401.61460805475207,True,1816.1720307449382,0.0,4,0,0.0,0
21,295907939,965.0,646.4234353833726,True,3358.4676429152505,0.0,13,0,0.0,0
34,25306041,705.0,518.4838936756095,True,2552.4485301563395,0.0,5,0,0.0,0
199,383974165,410.0,346.06120689153306,True,1466.1856034166585,0.0,10,0,0.0,0
115,603751942,685.0,507.4295186611303,True,2482.8059675651198,0.0,8,0,0.0,0
27,9791495,435.0,355.8119744413959,True,1527.6154389807944,0.0,5,0,0.0,0
26,26652357,355.0,302.61024753087054,True,1192.444559444484,20.0,3,0,0.0,0
275,21665712,545.0,423.2602491798776,True,1952.5395698332293,0.0,7,0,0.0,0
24,21533908,255.0,254.86745914468773,False,891.6649926115324,0.0,1,0,0.0,0
81,11618689213,545.0,407.607586694247,True,1853.9277961737573,0.0,11,0,0.0,0
262,1685938656,155.0,195.0333330456386,False,514.7099981875233,0.0,1,0,0.0,0
177,1614926348,465.0,361.64466500135046,True,1564.361389508508,465.0,5,11,18.939828089510563,4
51,12725097483,1175.0,749.9114634136209,True,4010.442219505816,0.0,8,0,0.0,0
278,333650017,1070.0,591.0900372178846,True,3009.86723447266,345.0,7,6,3.6230241253205464,0
40,1667203543,970.0,655.8121820450921,True,3417.6167468840813,5.0,16,0,0.08537453603528207,0
72,5386341215,390.0,336.1835713452778,True,1403.95649947525,0.0,4,0,0.0,0
244,1614926348,855.0,557.7134193349792,True,2799.594541810369,855.0,4,22,32.98243589834887,4
243,9791489,565.0,449.8185846532561,True,2119.8570833155136,0.0,1,0,0.0,0
229,8843558776,1070.0,584.2580356130339,True,2966.825624362101,345.0,3,5,3.6230241253205464,0
64,2476787985,210.0,227.99168260314076,False,722.3476003997863,0.0,3,0,0.0,0
222,9521029,915.0,611.0360354964446,True,3135.5270236276,15.0,7,2,0.31553846153846155,0
272,108299,785.0,564.2702118978519,True,2840.9023349564654,0.0,3,0,0.0,0
95,14069254029,360.0,318.63637366630695,True,1293.4091540977342,0.0,2,0,0.0,0
194,4927544936,320.0,285.16988892319637,True,1082.5703002161374,0.0,2,0,0.0,0
204,108214,1290.0,832.0916686715802,True,4528.177512630953,10.0,15,0,0.0,0
8,1614926348,1215.0,731.4701957903009,True,3894.262233478895,1215.0,9,42,41.83376435507968,4
286,25473373,235.0,234.50644121640133,False,763.3905796633283,0.0,1,0,0.0,0
142,25472680,440.0,363.44085026646286,True,1575.6773566787156,0.0,3,0,0.0,0
50,25498869,635.0,448.49051494358605,True,2111.4902441445925,70.0,4,1,0.6345903253450684,0
192,25534084,220.0,231.1743045993227,False,742.3981189757328,0.0,2,0,0.0,0
10,9521033,145.0,188.76170925846972,False,475.19876832835905,0.0,1,0,0.0,0
85,8784101792,535.0,424.39977784561796,True,1959.7186004273933,0.0,5,0,0.0,0
3,9512937,325.0,290.79384675353595,True,1118.0012345472765,0.0,3,0,0.0,0
277,108258,260.0,251.56144048504683,True,870.8370750557945,0.0,0,0,0.0,0
145,26591525,620.0,452.65172731598693,True,2137.7058820907173,0.0,3,0,0.0,0
83,526994269,1040.0,708.7040631773936,True,3750.835598017579,0.0,17,0,0.0,0
75,1616713425,1380.0,746.5040596684088,True,3988.97557591097,355.0,5,8,7.5600453117507485,0
209,25470694,540.0,405.98277376516245,True,1843.691474720522,5.0,1,0,0.08098213162743835,0
143,25500900,1005.0,651.189722705218,True,3388.4952530428695,85.0,13,1,1.7880512820512817,0
185,2191480791,755.0,558.7818589045585,True,2806.325711098716,0.0,5,0,0.0,0
39,108060,635.0,481.880436269542,True,2321.846748498113,0.0,9,0,0.0,0
211,6893923114,700.0,496.5558067802509,True,2414.301582715581,0.0,7,0,0.0,0
117,25533578,650.0,484.07257629186626,True,2335.6572306387557,0.0,7,0,0.0,0
269,12198538,1095.0,695.104699992111,True,3665.1596099502976,65.0,13,0,0.0,0
272,1684410087,50.0,135.2685924681422,False,138.19213254929582,0.0,1,0,0.0,0
46,234290,140.0,186.53520353356552,False,461.17178226146285,0.0,1,0,0.0,0
74,25508601,110.0,166.47390607076392,False,334.7856082458127,0.0,2,0,0.0,0
57,289996665,580.0,441.6261541695344,True,2068.2447712680673,0.0,11,0,0.0,0
248,1508437746,335.0,296.5580218012004,True,1154.3155373475624,10.0,0,0,0.33320148221305346,0
282,2191480791,210.0,225.93652754059843,False,709.4001235057702,0.0,1,0,0.0,0
12,21704017,505.0,398.1813033287604,True,1794.542210971191,0.0,2,0,0.0,0
147,333650017,285.0,272.3691262411667,True,1001.9254953193498,0.0,4,0,0.0,0
290,1678452758,375.0,324.9676869434316,True,1333.2964277436195,0.0,4,0,0.0,0
254,25714234,600.0,445.4547871424439,True,2092.3651589973947,10.0,5,1,0.21549002831838635,0
205,1614926348,1070.0,708.9246066078316,True,3752.2250216293405,1070.0,9,25,40.47845176024467,4
244,108902,75.0,149.2447287524047,False,226.2417911401496,0.0,1,0,0.0,0
42,2441998875,735.0,511.91817677769524,True,2511.0845136994817,0.0,7,0,0.0,0
173,11707733695,525.0,412.6903740520922,True,1885.94935652818,0.0,9,0,0.0,0
63,5387300688,520.0,408.469908326768,True,1859.3604224586381,0.0,8,0,0.0,0
150,1947324461,715.0,531.5782013627938,True,2634.9426685856006,0.0,5,0,0.0,0
138,1667203543,1040.0,699.1077728758677,True,3690.378969117963,0.0,11,0,0.0,0
273,7889967240,475.0,385.68856117565934,True,1715.8379354066535,0.0,4,0,0.0,0
207,25498869,550.0,412.1429001406237,True,1882.5002708859304,0.0,6,0,0.0,0
251,1614926348,645.0,487.24473800508054,True,2355.641849432005,645.0,6,18,22.08497043391761,4
226,972535469,860.0,591.8250230032075,True,3014.497644920203,0.0,8,0,0.0,0
3,2047806108,70.0,146.51473575558893,False,209.04283526021015,0.0,0,0,0.0,0
152,25532843,375.0,312.2850699733433,True,1253.3959408320632,0.0,3,0,0.0,0
14,21665582,710.0,494.32373413488824,True,2400.2395250497952,65.0,12,0,0.0,0
151,25256330,395.0,338.1937515926697,True,1416.620635033819,0.0,5,0,0.0,0
180,25504259,655.0,493.38255159491774,True,2394.3100750479807,0.0,5,0,0.0,0
250,12292980260,175.0,208.30394351716754,False,598.3148441581554,0.0,0,0,0.0,0
188,25500807,360.0,286.87974206981585,True,1093.3423750398395,55.0,3,3,1.8944377789361284,0
239,25483785,205.0,222.69772836207702,False,688.995688681085,0.0,1,0,0.0,0
225,5838132444,605.0,458.0306221934936,True,2171.5929198190097,0.0,4,0,0.0,0
174,6762589361,1425.0,778.4903864957777,True,4190.489434923387,350.0,6,6,3.732155847552046,0
175,4784457202,770.0,554.0799649359453,True,2776.7037790964546,0.0,6,0,0.0,0
111,1782919585,1315.0,822.8263481547249,True,4469.805993374765,45.0,16,0,0.0,0
27,9512939,135.0,170.0858496969557,False,357.54085309082075,0.0,1,0,0.0,0
92,9046526383,780.0,543.0607127118927,True,2707.2824900849237,0.0,6,0,0.0,0
68,107863,270.0,265.4449670656023,False,958.3032925132945,0.0,6,0,0.0,0
15,27502435,220.0,222.1250265905395,False,685.3876675203987,0.0,1,0,0.0,0
47,110004,195.0,217.9819677980899,False,659.2863971279661,0.0,0,0,0.0,0
217,1115431319,425.0,342.2238937868498,True,1442.0105308571544,0.0,6,0,0.0,0
87,2833448424,715.0,465.9974481117207,True,2221.78392310384,40.0,8,0,0.7459495669863052,0
30,12422012434,1060.0,649.2869528981703,True,3376.5078032584734,130.0,9,3,2.801370368139023,0
58,107838,640.0,466.996498748848,True,2228.0779421177417,0.0,12,0,0.0,0
160,24973090,765.0,525.3070682362618,True,2595.434529888448,0.0,6,0,0.0,0
90,1614926348,950.0,606.7884923757555,True,3108.7675019672615,950.0,8,31,32.82941026192315,4
5,771982972,400.0,328.6746035305835,True,1356.6500022426753,20.0,5,0,0.0,0
73,194250,280.0,269.6474745396298,True,984.7790895996673,0.0,1,0,0.0,0
240,291924584,1245.0,634.6114207294651,True,3284.051950595609,565.0,8,0,0.0,0
285,26699561,600.0,443.7792308071138,True,2081.8091540848163,5.0,2,1,0.08098213162743835,0
164,4222962219,280.0,262.98889212292545,True,942.8300203744302,0.0,1,0,0.0,0
135,338501923,500.0,398.3283660967485,True,1795.468706409516,0.0,6,0,0.0,0
67,1614846678,505.0,397.0404313079468,True,1787.3547172400654,0.0,6,0,0.0,0
31,8421658424,525.0,419.71068999896266,True,1930.177346993464,0.0,9,0,0.0,0
134,21665912,700.0,478.44208636368154,True,2300.1851440911955,15.0,12,0,0.13598364114537184,0
234,311422338,1285.0,699.9986082969677,True,3695.9912322708865,355.0,10,5,3.7846634435711843,0
59,1231977683,1385.0,694.1659948564139,True,3659.2457675953992,595.0,8,0,0.1351260130265559,0
121,1614846683,780.0,425.24156892643975,True,1965.0218842365719,370.0,4,0,3.885562105416238,0
169,21665912,450.0,364.7994736877792,True,1584.2366842330082,0.0,2,0,0.0,0
139,1230855633,930.0,508.5936979372899,True,2490.140297004928,355.0,7,2,3.728039317358823,0
65,107793,760.0,508.99057775650977,True,2492.6406398660133,40.0,5,0,0.7459495669863052,0
279,25504261,930.0,630.9321501164148,True,3260.8725457334112,0.0,9,0,0.0,0
218,110008,795.0,553.1185214128501,True,2770.646684900957,0.0,8,0,0.0,0
49,1607738730,665.0,488.2318279342585,True,2361.860515985828,0.0,5,0,0.0,0
284,281454988,690.0,502.72536386730906,True,2453.1697923640454,0.0,11,0,0.0,0
104,110008,940.0,633.8606284929851,True,3279.321959505808,0.0,11,0,0.0,0
186,8787730925,1010.0,703.947772627222,True,3720.8709675514997,0.0,5,0,0.0,0
156,5739837614,630.0,398.0606738643256,True,1793.7822453452486,135.0,5,2,2.9091153822982165,0
119,3764054180,790.0,553.268961983313,True,2771.594460494869,5.0,9,0,0.08537453603528207,0
206,26845543,640.0,481.7795890636779,True,2321.2114111011706,0.0,6,0,0.0,0
293,9295694734,970.0,653.9604610207132,True,3405.9509044304923,0.0,5,0,0.0,0
48,107793,570.0,407.3252412447031,True,1852.1490198416288,0.0,6,0,0.0,0
280,1684410075,740.0,543.6944380891086,True,2711.274959961384,0.0,10,0,0.0,0
253,11783244661,440.0,369.50326647115895,True,1613.8705787683007,0.0,4,0,0.0,0
281,4956890429,845.0,618.0987584978963,True,3180.022178536747,0.0,4,0,0.0,0
252,9521022,740.0,518.3880671829525,True,2551.8448232526043,10.0,4,1,0.2702520260531118,0
233,25507343,730.0,537.0067413175319,True,2669.1424703004504,0.0,7,0,0.0,0
221,3733175891,685.0,484.7459714562188,True,2339.899620174177,0.0,2,0,0.0,0
4,25257044,280.0,269.0325179641799,True,980.9048631743331,0.0,1,0,0.0,0
264,25504199,925.0,652.7095800347877,True,3398.0703542191586,0.0,7,0,0.0,0
204,12765774269,215.0,226.61023661398363,False,713.6444906680968,0.0,2,0,0.0,0
238,25257026,725.0,468.20210791615574,True,2235.673279871778,135.0,2,2,2.9091153822982165,0
13,25496892,775.0,537.1476562482702,True,2670.0302343641024,0.0,8,0,0.0,0
43,4174200043,430.0,353.58435982574963,True,1513.5814669022227,0.0,5,0,0.0,0
80,1278032912,945.0,630.7380172680474,True,3259.6495087886974,55.0,15,0,0.0,0
172,10962672180,1320.0,839.0451428300729,True,4571.984399829458,30.0,22,0,0.2719672822907437,0
66,25257657,365.0,318.7366563831627,True,1294.0409352139247,0.0,4,0,0.0,0
109,13607965455,375.0,308.6386556075438,True,1230.423530327525,20.0,7,0,0.4949583493646062,0
115,3733175891,260.0,250.25476037534315,True,862.6049903646615,0.0,2,0,0.0,0
99,2482696992,785.0,505.477565327443,True,2470.5086615628898,40.0,6,1,0.3626230430543249,0
79,7889967240,380.0,324.504297630866,True,1330.3770750744557,0.0,1,0,0.0,0
220,21665000,650.0,467.6390318317245,True,2232.1259005398642,50.0,8,3,1.9080777947029561,0
236,9791487,1475.0,744.2240361585153,True,3974.611427798643,525.0,10,13,10.376026481574653,0
197,107795,1090.0,668.8080589626001,True,3499.490771464383,150.0,13,1,3.1228912479559523,0
107,2564873543,860.0,582.6994708739028,True,2957.00666650559,0.0,6,0,0.0,0
247,10996228332,680.0,504.2889321093418,True,2463.0202722888534,0.0,5,0,0.0,0
50,25502540,235.0,243.45307076589563,False,819.7543458251425,0.0,1,0,0.0,0
263,26559618,825.0,582.3905832679999,True,2955.060674588401,0.0,13,0,0.0,0
145,12765771304,225.0,233.88096816331,False,759.4500994288529,0.0,2,0,0.0,0
37,11817103991,655.0,486.46531369331393,True,2350.7314762678784,0.0,8,0,0.0,0
242,380494808,310.0,286.1777357322463,True,1088.9197351131515,0.0,7,0,0.0,0
44,25472873,890.0,623.0941007410042,True,3211.492834668329,0.0,12,0,0.0,0
152,109348,175.0,204.19844118770658,False,572.4501794825512,0.0,1,0,0.0,0
124,6266808745,905.0,614.3953969461447,True,3156.691000760709,5.0,10,0,0.0,0
266,1666324249,530.0,420.6431581581959,True,1936.051896396635,0.0,4,0,0.0,0
64,25501773,285.0,268.2259533851641,True,975.8235063265334,0.0,2,0,0.0,0
171,25256620,1140.0,719.3276963542783,True,3817.7644870319564,80.0,10,1,0.7252460861086496,0
271,107790,1100.0,571.927327759886,True,2889.142164887281,430.0,10,9,7.342732405786179,0
155,108214,545.0,402.992527936675,True,1824.8529260010532,40.0,3,2,1.3769699479695956,0
88,1619500373,635.0,465.84932495467876,True,2220.8507472144756,0.0,4,0,0.0,0
38,7959924383,780.0,500.7120354238012,True,2440.4858231699436,125.0,4,1,2.69362535397983,0
105,26591530,890.0,577.7337922288187,True,2925.722891041555,50.0,11,0,0.4532788038179061,0
231,2191480791,710.0,519.6713705561581,True,2559.929634503795,0.0,4,0,0.0,0
89,21665584,570.0,445.39897800651966,True,2092.0135614410733,0.0,8,0,0.0,0
123,1616122178,850.0,566.4468965541697,True,2854.6154482912684,0.0,9,0,0.0,0
132,1231977962,1085.0,580.547081259484,True,2943.446611934757,360.0,13,0,0.0,0
146,25501065,615.0,451.5402152700716,True,2130.7033562014512,45.0,5,0,1.7172700152326605,0
230,5393414954,460.0,377.1229320320887,True,1661.8744718021603,0.0,5,0,0.0,0
82,108299,490.0,399.24113031103633,True,1801.21912095953,0.0,7,0,0.0,0
102,26559616,910.0,634.1639996391584,True,3281.2331977266977,5.0,13,0,0.0,0
46,9521033,255.0,253.27008228068564,False,881.6015183683196,0.0,3,0,0.0,0
126,107990,570.0,409.32687757461514,True,1864.7593287200757,20.0,3,0,0.4949583493646062,0
211,6262789333,280.0,266.92166422954654,True,967.6064846461427,0.0,4,0,0.0,0
129,452514276,500.0,390.53397942913745,True,1746.3640704035668,0.0,8,0,0.0,0
29,881888313,655.0,487.5125775950984,True,2357.329238849115,0.0,4,0,0.0,0
25,25257402,675.0,507.33024575923406,True,2482.180548283173,0.0,6,0,0.0,0
71,4211515634,575.0,457.3301226928886,True,2167.1797729651994,0.0,3,0,0.0,0
196,25472589,625.0,476.78029616964216,True,2289.715865868746,0.0,7,0,0.0,0
122,108258,1050.0,711.8369387413829,True,3770.5727140707118,0.0,16,0,0.0,0
84,9512935,655.0,461.17753846056104,True,2191.4184923015337,0.0,7,0,0.0,0
245,12959453,390.0,333.28293912961874,True,1385.6825165165985,0.0,2,0,0.0,0
190,12957883928,655.0,485.6365235796987,True,2345.5100985521017,0.0,7,0,0.0,0
86,25544119,1275.0,673.8743333709598,True,3531.4083002370435,490.0,12,7,8.023185394194543,0
215,5387300688,645.0,344.5843985118403,True,1456.8817106245958,360.0,4,5,3.7805469133779614,0
36,26699549,875.0,576.9424481717656,True,2920.737423482118,60.0,4,4,2.053540135997377,0
11,25532341,730.0,531.5083082077692,True,2634.5023417089446,0.0,5,0,0.0,0
195,6319748554,710.0,503.68473527019466,True,2459.213832202227,0.0,8,0,0.0,0
294,25501320,670.0,483.87492784784445,True,2334.412045441421,0.0,5,0,0.0,0
188,25472873,250.0,241.7552772366277,True,809.0582465907547,0.0,4,0,0.0,0
56,26699544,1050.0,574.0376812203211,True,2902.437391688017,350.0,8,3,3.6755317213396848,0
208,1614926348,760.0,555.1735151140821,True,2783.5931452187183,760.0,6,18,30.99358379187436,4
110,1614926348,590.0,460.4915426570245,True,2187.096718739254,590.0,6,16,20.92528108731635,4
120,5393414954,875.0,605.9814462182011,True,3103.6831111746683,0.0,10,0,0.0,0
150,1614926348,285.0,261.6320438346839,True,934.2818761585083,285.0,3,16,21.87214732771183,4
269,21665360,330.0,298.80825035721574,True,1168.4919772504588,0.0,8,0,0.0,0
265,5932959891,775.0,565.0177590194448,True,2845.6118818225027,0.0,8,0,0.0,0
116,21651908,660.0,504.11364069391095,True,2461.915936371639,0.0,5,0,0.0,0
62,107800,870.0,471.15365790685087,True,2254.2680448131614,350.0,4,2,3.6755317213396848,0
95,771982865,380.0,328.57527865474606,True,1356.0242555249001,0.0,4,0,0.0,0
125,4216272819,1000.0,572.7050577725473,True,2894.0418639670515,355.0,9,4,3.728039317358823,0
103,13329450969,1150.0,648.8346568829627,True,3373.6583383626576,285.0,8,5,5.515316692236932,0
35,25256256,1035.0,716.2700993799733,True,3798.5016260938305,0.0,14,0,0.0,0
31,8421658424,240.0,246.07418451359183,False,836.2673624356283,0.0,4,0,0.0,0
227,25501320,490.0,375.27190950157075,True,1650.2130298598959,0.0,7,0,0.0,0
274,1232048350,1325.0,840.0966554886788,True,4578.608929578673,50.0,22,0,0.0,0
157,25532839,500.0,373.4301126056043,True,1638.6097094153072,15.0,3,0,0.13376600128784444,0
235,3147915617,1375.0,670.1986024808975,True,3508.2511956296617,535.0,11,2,0.906557607635812,0
100,6521839582,735.0,507.8099199722879,True,2485.2024958254156,0.0,6,0,0.0,0
54,25497892,1755.0,863.864708851033,True,4728.347665761496,635.0,16,3,1.8584430956534164,0
162,10559192943,580.0,392.775385169181,True,1760.4849265658406,135.0,8,2,1.2238527703083466,0
33,6183125373,750.0,519.8051827872455,True,2560.7726515596487,0.0,10,0,0.0,0
288,435144778,600.0,440.0352293171173,True,2058.221944697838,0.0,3,0,0.0,0
112,2191480791,685.0,508.3214883380598,True,2488.4253765297767,0.0,4,0,0.0,0
216,456363903,875.0,479.8289532493068,True,2308.9224054706347,355.0,4,3,3.728039317358823,0
283,454368529,1140.0,699.2152779289185,True,3691.056250952182,180.0,11,2,1.6318036937444629,0
167,107793,805.0,515.1380810533436,True,2531.3699106360664,0.0,7,0,0.0,0
287,25257463,680.0,502.36053131249224,True,2450.8713472686973,0.0,6,0,0.0,0
48,452589682,225.0,231.75243705647324,False,746.0403534557813,0.0,2,0,0.0,0
234,3077397235,270.0,255.59254512190222,True,896.2330342679838,0.0,5,0,0.0,0
267,6460816408,825.0,578.3556166105856,True,2929.6403846466883,0.0,11,0,0.0,0
9,5387300688,825.0,604.5652263906483,True,3094.760926261083,0.0,16,0,0.0,0
45,10996228332,1200.0,819.6045055449939,True,4449.508384933468,0.0,9,0,0.0,0
184,25496815,1445.0,815.4358157100133,True,4423.245638973077,305.0,14,5,5.736070442207448,0
94,812004134,655.0,489.15468740116586,True,2367.6745306273447,0.0,11,0,0.0,0
114,25498869,495.0,398.11259944137106,True,1794.1093764806378,0.0,10,0,0.0,0
22,338504646,620.0,468.83906616845695,True,2239.6861168612772,0.0,9,0,0.0,0
137,25502829,940.0,627.56986067726,True,3239.690122266736,0.0,12,0,0.0,0
41,25626801,485.0,390.0366595599755,True,1743.230955227845,0.0,2,0,0.0,0
78,25472291,955.0,660.0615679716753,True,3444.387878221554,0.0,10,0,0.0,0
213,14727249,890.0,537.3455891062205,True,2671.277211369187,165.0,12,0,1.4958200525990908,0
75,25544136,415.0,338.6804108116391,True,1419.6865881133253,0.0,2,0,0.0,0
40,4249404271,470.0,371.5318723714146,True,1626.6507959399112,0.0,1,0,0.0,0
229,1614926348,470.0,368.05398151457473,True,1604.7400835418214,470.0,4,21,24.30087699636841,4
19,12026767,1085.0,610.6746402806515,True,3133.2502337681008,345.0,8,4,3.6230241253205464,0
165,25476020,720.0,455.78411154834293,True,2157.4399027545605,190.0,5,0,1.7224594545080443,0
23,12159581182,1105.0,683.8216707780892,True,3594.076525901959,205.0,4,1,1.8584430956534164,0
158,108258,1180.0,703.2236642448373,True,3716.3090847424733,200.0,7,0,1.8131152152716257,0
130,108260,850.0,596.9431588538779,True,3046.7419007794333,0.0,8,0,0.0,0
63,108060,390.0,330.28041356642456,True,1366.7666054684742,0.0,3,0,0.0,0
270,108214,735.0,498.3713615070801,True,2425.7395774946044,70.0,2,1,2.1173800771074354,0
238,1684410125,255.0,249.3490089653997,True,856.8987564820178,0.0,3,0,0.0,0
5,9791503,350.0,308.46897377354475,True,1229.3545347733316,0.0,5,0,0.0,0
108,9791503,910.0,497.898318485099,True,2422.759406456123,230.0,4,0,0.0,0
32,4368839072,1275.0,717.0862547712611,True,3803.643405058932,345.0,16,4,3.6230241253205464,0
106,25508601,645.0,489.2444367189935,True,2368.239951329659,0.0,5,0,0.0,0
143,2191480791,450.0,349.58558010489463,True,1488.3891546608365,0.0,3,0,0.0,0
175,1938580083,385.0,327.7045303796269,True,1350.538541391649,0.0,5,0,0.0,0
87,3552338823,370.0,307.8607340065575,True,1225.5226242413123,0.0,3,0,0.0,0
181,107793,910.0,622.1431331609882,True,3205.5017389142295,0.0,11,0,0.0,0
73,500486430,355.0,306.9071105704707,True,1219.514796593965,0.0,7,0,0.0,0
2,3476508187,585.0,446.76633997755073,True,2100.627941858569,0.0,4,0,0.0,0
118,4684520653,815.0,551.7784359529904,True,2762.2041465038415,55.0,9,1,0.49860668419969667,0
278,506328368,515.0,400.6184205790695,True,1809.8960496481386,0.0,6,0,0.0,0
69,3892184068,1200.0,799.0625588903325,True,4320.094121009099,0.0,14,0,0.0,0
256,21645238,840.0,557.3287258921858,True,2797.1709731207693,0.0,7,0,0.0,0
257,4249404285,540.0,418.04900372722466,True,1919.7087234815162,0.0,8,0,0.0,0
70,844784016,1110.0,763.4113459958587,True,4095.4914797739025,10.0,14,0,0.0,0
199,21262500,540.0,427.71013833224134,True,1980.5738714931222,0.0,4,0,0.0,0
183,281454988,1335.0,749.8113301493339,True,4009.8113799407943,305.0,10,8,5.736070442207448,0
284,194250,345.0,295.21779457197556,True,1145.8721058034464,0.0,1,0,0.0,0
168,110011,810.0,506.9129262317133,True,2479.5514352597943,145.0,6,4,2.1927197958332942,0
65,6940295978,360.0,318.6312108298258,True,1293.376628227903,0.0,3,0,0.0,0
222,11124728841,520.0,408.16306858141485,True,1857.4273320629147,0.0,3,0,0.0,0
166,21665716,880.0,596.7123740086944,True,3045.287956254774,60.0,16,0,0.0,0
113,2934851413,785.0,573.6347507597347,True,2899.8989297863295,0.0,11,0,0.0,0
18,9512935,730.0,510.6655250655233,True,2503.1928079127974,50.0,7,2,1.9080777947029561,0
207,10574746,440.0,364.1893139769068,True,1580.392678054513,0.0,3,0,0.0,0
197,108040,290.0,274.329091567989,True,1014.2732768783302,0.0,2,0,0.0,0
194,6273263209,530.0,415.35023288109494,True,1902.7064671508988,0.0,3,0,0.0,0
212,1607738730,890.0,615.7181480005747,True,3165.0243324036187,0.0,14,0,0.0,0
190,21665926,190.0,216.16181372532708,False,647.8194264695603,0.0,2,0,0.0,0
206,25507041,360.0,253.18957258000927,True,881.094307254058,185.0,3,1,1.6771315741262536,0
252,107792,345.0,287.8685203708815,True,1099.5716783365533,0.0,3,0,0.0,0
255,2354994932,590.0,448.2547442544392,True,2110.004888802967,0.0,9,0,0.0,0
275,1614926348,590.0,380.01526169472487,True,1680.0961486767676,590.0,6,19,28.076740334296368,4
80,14077667431,340.0,296.835018046074,True,1156.060613690266,0.0,2,0,0.0,0
289,110004,770.0,521.065810265998,True,2568.7146046757903,0.0,7,0,0.0,0
163,1134286819,985.0,686.8963202756283,True,3613.446817736455,0.0,19,0,0.0,0
67,109836,425.0,347.05734564757324,True,1472.4612775797116,0.0,5,0,0.0,0
30,4311813204,440.0,366.91325180780984,True,1597.5534863892015,0.0,5,0,0.0,0
7,25474676,655.0,478.15646783805414,True,2298.3857473797393,0.0,9,0,0.0,0
151,25497435,475.0,381.34807645565803,True,1688.4928816706451,0.0,9,0,0.0,0
250,280412704,475.0,376.87459875777046,True,1660.309972173954,0.0,4,0,0.0,0
34,25500885,605.0,461.50537630108516,True,2193.4838706968367,0.0,9,0,0.0,0
142,823745,565.0,423.03831095993525,True,1951.141359047593,0.0,7,0,0.0,0
228,110009,765.0,520.6271563327292,True,2565.951084896197,0.0,7,0,0.0,0
152,333670399,300.0,278.3685453184984,True,1039.7218355065397,0.0,5,0,0.0,0
272,1935967478,525.0,425.5516331696666,True,1966.9752889688996,0.0,3,0,0.0,0
42,21554368,505.0,400.7705295470749,True,1810.8543361465715,0.0,6,0,0.0,0
85,21665719,565.0,437.2584169384929,True,2040.728026712505,0.0,4,0,0.0,0
148,266481785,1100.0,611.2479462241323,True,3136.8620612120226,345.0,11,2,3.6230241253205464,0
189,1610951150,865.0,580.1618538543972,True,2941.0196792827005,0.0,9,0,0.0,0
244,25476041,510.0,409.40748701726113,True,1865.267168208745,0.0,5,0,0.0,0
259,14727249,840.0,576.7876741171506,True,2919.7623469380464,15.0,9,0,0.13376600128784444,0
210,25531002,795.0,571.3407534737427,True,2885.446746884577,0.0,16,0,0.0,0
185,102020,550.0,422.2674230366193,True,1946.284765130701,0.0,0,0,0.0,0
164,7921311787,450.0,365.7032333684594,True,1589.930370221295,0.0,6,0,0.0,0
241,25257789,1215.0,833.1914576583612,True,4535.106183247678,0.0,11,0,0.0,0
55,1684410087,920.0,626.5146390834843,True,3233.0422262259517,0.0,10,0,0.0,0
145,1684410086,330.0,287.6383422238823,True,1098.121556010458,0.0,4,0,0.0,0
286,3892184068,590.0,451.0097298563808,True,2127.3612980952,0.0,5,0,0.0,0
293,1493458889,405.0,340.63702004982616,True,1432.013226313904,0.0,5,0,0.0,0
1,25475739,865.0,582.4029309772825,True,2955.1384651568774,0.0,5,0,0.0,0
61,3810553686,915.0,647.7742948907901,True,3366.978057811977,0.0,19,0,0.0,0
39,102000,570.0,419.29119209484674,True,1927.5345101975352,0.0,5,0,0.0,0
213,14958918,160.0,197.72874140780502,False,531.6910708691714,0.0,3,0,0.0,0
281,275424,410.0,347.9406748310022,True,1478.0262514353133,0.0,3,0,0.0,0
191,881888313,745.0,546.51751816331,True,2729.060364428851,0.0,6,0,0.0,0
38,2214979340,320.0,292.648724518115,True,1129.686964464124,0.0,4,0,0.0,0
9,1230374510,185.0,208.2364226573927,False,597.889462741574,0.0,2,0,0.0,0
97,30514517,800.0,579.3196505750033,True,2935.7137986225157,0.0,9,0,0.0,0
235,9512930,215.0,227.51906690414106,False,719.3701214960885,0.0,0,0,0.0,0
127,25472680,960.0,658.0480386228834,True,3431.702643324166,30.0,7,0,0.0,0
93,26651413,800.0,569.1134101650388,True,2871.4144840397444,0.0,8,0,0.0,0
160,2441107350,500.0,395.62988228402236,True,1778.4682583893411,0.0,4,0,0.0,0
176,107320,1100.0,663.7140988252278,True,3467.3988225989297,210.0,7,2,4.417538461538461,0
20,108899,1015.0,687.885931545674,True,3619.681368737741,0.0,9,0,0.0,0
196,10983187054,305.0,271.13494831562076,True,994.1501743884107,0.0,0,0,0.0,0
219,3439409106,805.0,569.3719894247705,True,2873.0435333760524,0.0,7,0,0.0,0
101,21554364,975.0,665.3764350565341,True,3477.871540856168,0.0,9,0,0.0,0
29,1106056866,320.0,290.62851690413675,True,1116.9596564960614,0.0,3,0,0.0,0
98,2191480791,680.0,509.57099305725626,True,2496.2972562607133,0.0,7,0,0.0,0
16,12437379708,740.0,528.6646705374726,True,2616.587424386074,0.0,11,0,0.0,0
144,21554368,755.0,399.41478774765613,True,1802.313162810237,345.0,1,4,3.6230241253205464,0
4,25544143,425.0,323.78982998638253,True,1325.8759289142097,75.0,6,0,0.0,0
141,9054849009,715.0,509.36266426312875,True,2494.984784857712,0.0,9,0,0.0,0
60,108903,980.0,554.3332024691676,True,2778.299175555757,355.0,13,1,3.728039317358823,0
182,1232048350,730.0,526.87043495989,True,2605.2837402473037,0.0,8,0,0.0,0
142,9024001777,75.0,150.63449448953418,False,234.99731528406522,0.0,1,0,0.0,0
198,25522907,755.0,548.0075105771045,True,2738.4473166357557,0.0,9,0,0.0,0
81,107786,680.0,504.49309369669527,True,2464.3064902891792,0.0,13,0,0.0,0
222,102049,135.0,183.56494021665807,False,442.45912336494587,0.0,1,0,0.0,0
5,5932856688,165.0,192.02826638367893,False,495.77807821717704,5.0,3,0,0.17283502651970423,0
147,291924584,590.0,453.8325337278266,True,2145.1449624853094,0.0,10,0,0.0,0
249,5932856690,1045.0,595.9246630989543,True,3040.32537752341,260.0,10,2,5.269369134585903,0
117,25476020,625.0,460.86641935749356,True,2189.45844195221,5.0,5,0,0.045327880381790614,0
173,1106056866,585.0,441.62833155541466,True,2068.258488799112,0.0,8,0,0.0,0
6,25496780,900.0,642.4874048469059,True,3333.6706505355032,0.0,11,0,0.0,0
53,10900901931,1165.0,794.0471547846374,True,4288.497075143213,0.0,18,0,0.0,0
21,25257319,710.0,416.7624558553256,True,1911.603471888555,250.0,4,4,5.258974358974362,0
128,771982972,1035.0,655.5087324714806,True,3415.705014570332,90.0,14,0,0.8159018468722308,0
214,21590631,745.0,527.8312876845439,True,2611.3371124126265,0.0,10,0,0.0,0
77,102000,925.0,533.3455452673378,True,2646.0769351842205,240.0,12,4,4.866842924364769,0
285,14954215,545.0,417.00745793342827,True,1913.1469849805962,0.0,4,0,0.0,0
54,5932959891,275.0,265.65785624499097,True,959.644494343443,0.0,2,0,0.0,0
89,5393414954,380.0,295.23556634447084,True,1145.9840679701665,60.0,3,0,0.0,0
263,25495421,435.0,356.6655947236097,True,1532.9932467587416,0.0,7,0,0.0,0
246,276071560,830.0,579.7068613749362,True,2938.153226662097,0.0,6,0,0.0,0
268,351788581,900.0,627.6929260373005,True,3240.4654340349966,0.0,9,0,0.0,0
134,110009,545.0,418.62176609821597,True,1923.317126418761,0.0,10,0,0.0,0
29,9791497,50.0,135.97691706241855,False,142.65457749323681,0.0,0,0,0.0,0
10,3552338823,685.0,497.415388950056,True,2419.716950385353,20.0,5,0,0.0,0
273,25532328,615.0,441.59001573131434,True,2068.01709910728,0.0,7,0,0.0,0
119,1106056866,525.0,400.9358124463062,True,1811.8956184117287,35.0,5,2,1.2098451856379298,0
283,107830,290.0,270.8376668192124,True,992.2773009610383,0.0,1,0,0.0,0
14,9521022,620.0,453.57375902902766,True,2143.514681882873,0.0,5,0,0.0,0
187,25502540,1135.0,623.4218378775129,True,3213.5575786283193,355.0,13,6,3.6230241253205464,0
141,12026767,75.0,145.8497523580635,False,204.85343985579993,0.0,0,0,0.0,0
221,1316072261,510.0,405.9244328700046,True,1843.3239270810284,0.0,7,0,0.0,0
177,25473300,750.0,555.5502366901295,True,2785.966491147816,0.0,6,0,0.0,0
231,25532842,425.0,350.61621775750075,True,1494.8821718722543,0.0,6,0,0.0,0
178,1614926348,1205.0,783.3266586308431,True,4220.957949374315,1205.0,13,40,42.12612834457297,4
287,4709189403,325.0,268.839074781022,True,979.6861711204382,0.0,3,0,0.0,0
205,6943650957,675.0,498.232175604722,True,2424.8627063097465,0.0,6,0,0.0,0
170,4239164192,935.0,639.9073518555806,True,3317.416316690158,0.0,6,0,0.0,0
64,452589682,460.0,362.07591312437256,True,1567.078252683547,0.0,2,0,0.0,0
91,1409010786,1390.0,881.3516223056823,True,4838.515220525791,25.0,13,0,0.22663940190895307,0
123,25473287,445.0,355.2271946417298,True,1523.9313262428986,20.0,5,0,0.0,0
282,25531001,690.0,511.636919789645,True,2509.312594674761,0.0,5,0,0.0,0
171,9475528,465.0,348.03558181822444,True,1478.624165454815,40.0,8,1,1.3961817388561943,0
46,4356572311,440.0,343.01007377866233,True,1446.9634648055724,20.0,7,1,0.6913401060788169,0
76,1619464560,830.0,574.206805420264,True,2903.5028741476644,0.0,13,0,0.0,0
96,311422343,1130.0,644.3875932252587,True,3345.6418373191227,260.0,7,4,2.7303949929951945,0
243,107349,765.0,526.4840881308202,True,2602.8497552241665,0.0,6,0,0.0,0
229,107860,300.0,278.7918883501918,True,1042.388896606208,0.0,4,0,0.0,0
217,5458472046,645.0,484.8574286158688,True,2340.601800279973,0.0,6,0,0.0,0
99,12431465613,540.0,419.42269869902367,True,1928.3630018038498,0.0,8,0,0.0,0
35,452169196,390.0,338.3771940865889,True,1417.77632274551,0.0,5,0,0.0,0
103,108211,400.0,334.070239356512,True,1390.6425079460257,0.0,6,0,0.0,0
149,5413338306,955.0,531.8484037805259,True,2636.6449438173145,360.0,8,1,3.7805469133779614,0
17,25498869,1130.0,673.3366831307004,True,3528.02110372342,140.0,7,0,0.0,0
72,1678452758,805.0,583.1306038443194,True,2959.722804219214,0.0,7,0,0.0,0
131,25500900,905.0,563.3632755463688,True,2835.1886359421237,135.0,10,1,1.7600394806100124,0
122,591983272,470.0,382.23702150431694,True,1694.0932354771958,0.0,3,0,0.0,0
223,106203,840.0,605.4036641460237,True,3100.0430841199504,0.0,12,0,0.0,0
161,3378994807,1265.0,851.2242107855106,True,4648.712527948721,0.0,22,0,0.0,0
28,8124381023,1015.0,686.2675431900519,True,3609.4855220973286,45.0,6,0,0.0,0
239,1104463098,705.0,516.2900058275524,True,2538.62703671358,0.0,10,0,0.0,0
107,881887811,570.0,447.04083394335146,True,2102.3572538431144,0.0,6,0,0.0,0
169,108060,660.0,495.47328236151816,True,2407.4816788775643,10.0,13,0,0.0,0
57,5387300688,755.0,532.2427109695933,True,2639.1290791084357,10.0,5,0,0.2788791491902283,0
8,282686499,810.0,578.0752849079331,True,2927.874294919977,0.0,5,0,0.0,0
251,25473371,725.0,538.4932546524767,True,2678.507504310601,0.0,13,0,0.0,0
31,12725097483,425.0,356.70220976677945,True,1533.2239215307104,0.0,5,0,0.0,0
211,1614926348,500.0,389.39133653961886,True,1739.1654201995989,500.0,8,15,26.818910191540006,4
110,4784457212,455.0,364.12129117868113,True,1579.9641344256904,0.0,7,0,0.0,0
220,295930316,590.0,449.6533203054116,True,2118.815917924094,0.0,5,0,0.0,0
193,109391,1370.0,773.9822573357512,True,4162.088221215222,345.0,11,6,3.6230241253205464,0
25,1684410143,510.0,396.298506159341,True,1782.6805888038484,15.0,5,0,0.0,0
157,11309776203,435.0,345.7554998031286,True,1464.25964875971,0.0,4,0,0.0,0
262,298205891,855.0,598.0894978505845,True,3053.9638364586785,0.0,8,0,0.0,0
180,3892184068,735.0,512.1748375150064,True,2512.7014763445413,0.0,10,0,0.0,0
277,1684410087,815.0,570.0290865103008,True,2877.1832450148922,0.0,12,0,0.0,0
150,25533132,470.0,382.8201615522717,True,1697.7670177793116,0.0,2,0,0.0,0
203,9512925,1030.0,623.2859421452614,True,3212.7014355151473,215.0,6,4,4.522717948717949,0
230,820271,535.0,418.4816882501096,True,1922.4346359756905,0.0,9,0,0.0,0
121,107821,695.0,513.4145527678132,True,2520.511682437225,10.0,8,0,0.0,0
74,25522907,805.0,510.60080177188445,True,2502.785051162871,165.0,12,1,1.4958200525990908,0
138,9512935,775.0,495.8450707008418,True,2409.823945415304,145.0,3,2,1.314508531071928,0
112,21533908,450.0,374.1320766814185,True,1643.0320830929377,0.0,6,0,0.0,0
238,25501773,385.0,311.97963104944165,True,1251.4716756114822,0.0,3,0,0.0,0
200,292252720,955.0,668.8673815347994,True,3499.864503669234,0.0,8,0,0.0,0
49,6183125372,705.0,484.9556686562014,True,2341.220712534068,0.0,5,0,0.0,0
65,12437824276,355.0,290.74780967602186,True,1117.7112009589378,65.0,4,0,0.0,0
242,108309,600.0,467.1174824974826,True,2228.8401397341427,0.0,7,0,0.0,0
227,25471086,480.0,386.45921961644586,True,1720.6930835836076,0.0,5,0,0.0,0
166,9791495,355.0,314.13065913107056,True,1265.0231525257445,0.0,2,0,0.0,0
129,25473373,555.0,426.5680982993419,True,1973.3790192858535,0.0,7,0,0.0,0
111,12689777,765.0,556.5469931560694,True,2792.2460568832385,0.0,7,0,0.0,0
280,9775220678,690.0,502.68826186074443,True,2452.9360497226876,0.0,11,0,0.0,0
90,1231977962,755.0,484.6387596571568,True,2339.2241858400876,175.0,6,4,1.5864758133626722,0
141,25522907,155.0,194.14961190545634,False,509.14255500437497,0.0,1,0,0.0,0
162,25471371,480.0,387.4682514241227,True,1727.0499839719741,0.0,4,0,0.0,0
159,1685938727,1140.0,714.4889544171207,True,3787.2804128278585,75.0,12,2,0.679918205726859,0
92,168272,775.0,553.225596515022,True,2771.321258044639,0.0,9,0,0.0,0
247,21665912,645.0,484.80167592430814,True,2340.250558323142,0.0,4,0,0.0,0
252,1684410105,340.0,299.7927096585253,True,1174.6940708487098,0.0,4,0,0.0,0
183,26652351,380.0,324.9382355642393,True,1333.1108840547074,0.0,4,0,0.0,0
215,12765774269,550.0,418.3158097023499,True,1921.3896011248041,0.0,2,0,0.0,0
48,1936062451,485.0,354.98706132513405,True,1522.418486348343,65.0,4,0,0.0,0
291,9512926,970.0,606.639623394668,True,3107.8296273864103,170.0,14,3,1.5411479329808815,0
38,9791489,290.0,271.46830583296133,True,996.2503267476559,0.0,3,0,0.0,0
51,4174200043,925.0,633.0818110403972,True,3274.4154095545023,10.0,11,0,0.2788791491902283,0
233,1685938727,710.0,515.9527285511309,True,2536.5021898721247,0.0,9,0,0.0,0
237,1607738730,1060.0,699.4806965020467,True,3692.7283879628953,0.0,14,0,0.0,0
47,4397152731,790.0,506.19113301135894,True,2475.0041379715603,155.0,9,3,1.4051642918355094,0
82,255747713,600.0,460.59256078687014,True,2187.733132957281,0.0,6,0,0.0,0
97,25495442,300.0,280.88015357046953,True,1055.5449674939575,0.0,6,0,0.0,0
94,25502552,485.0,385.1284719760858,True,1712.3093734493405,0.0,7,0,0.0,0
232,4171766884,1110.0,722.519667925908,True,3837.8739079332227,60.0,8,0,0.0,0
115,12437824276,695.0,478.6701406236676,True,2301.6218859291043,80.0,11,0,0.0,0
135,25504199,790.0,578.1508124138023,True,2928.3501182069567,0.0,13,0,0.0,0
171,2191480791,170.0,201.37264510624172,False,554.6476641693229,0.0,2,0,0.0,0
270,362575101,450.0,378.01530589847977,True,1667.4964271604229,0.0,3,0,0.0,0
87,25500758,435.0,357.6412247402205,True,1539.1397158633888,0.0,3,0,0.0,0
44,9512924,655.0,485.33293688453165,True,2343.597502372549,0.0,7,0,0.0,0
86,435144778,585.0,454.0931046559266,True,2146.7865593323368,0.0,4,0,0.0,0
168,383974166,415.0,311.0589205271628,True,1245.6711993211256,0.0,1,0,0.0,0
133,333719185,1160.0,669.8595234138834,True,3506.1149975074622,260.0,6,1,2.7303949929951945,0
125,5568839679,555.0,409.0338146644475,True,1862.913032386019,0.0,9,0,0.0,0
188,13578418026,580.0,441.07419405197703,True,2064.767422527455,35.0,8,0,0.0,0
84,25473371,605.0,455.0515646300621,True,2152.8248571693907,0.0,5,0,0.0,0
145,25503707,350.0,315.49392013803623,True,1273.6116968696288,0.0,3,0,0.0,0
226,11170906155,865.0,586.4045910606222,True,2980.3489236819164,0.0,8,0,0.0,0
164,25471098,365.0,311.46028727657824,True,1248.199809842443,0.0,6,0,0.0,0
147,3181698963,295.0,271.5213077884902,True,996.5842390674879,0.0,1,0,0.0,0
278,1614846678,450.0,356.4656122756468,True,1531.7333573365747,0.0,6,0,0.0,0
67,1685751707,385.0,330.9516039608379,True,1370.995104953278,0.0,4,0,0.0,0
240,14791174,825.0,571.2761053225394,True,2885.039463531998,0.0,9,0,0.0,0
204,380494808,740.0,515.373479752917,True,2532.8529224433773,0.0,4,0,0.0,0
293,25501773,360.0,312.35763262326674,True,1253.85308552658,0.0,2,0,0.0,0
140,9789819,1140.0,734.0403614017554,True,3910.4542768310553,65.0,14,0,0.0,0
71,25505558,645.0,458.5539633669033,True,2174.889969211489,0.0,5,0,0.0,0
175,3764054180,470.0,360.9093794448,True,1559.7290905022392,0.0,5,0,0.0,0
63,25544136,490.0,397.7254167083412,True,1791.6701252625494,0.0,3,0,0.0,0
139,1232048712,820.0,561.6398801073491,True,2824.3312446763025,0.0,6,0,0.0,0
279,25257284,815.0,476.7350197111512,True,2289.430624180252,250.0,3,7,5.077201898723744,0
130,4171766884,500.0,400.82134094131123,True,1811.1744479302602,0.0,7,0,0.0,0
39,25496592,365.0,305.6805118937202,True,1211.7872249304364,0.0,3,0,0.0,0
66,9295694734,755.0,526.9233438000539,True,2605.617065940336,0.0,7,0,0.0,0
158,7198096092,505.0,408.6228320471694,True,1860.3238418971669,0.0,6,0,0.0,0
163,1607738730,410.0,348.0568096187678,True,1478.757900598237,0.0,1,0,0.0,0
154,9789819,1110.0,738.5168955675242,True,3938.656442075397,45.0,14,0,0.0,0
218,21666007,825.0,571.1080112953723,True,2883.9804711608444,0.0,8,0,0.0,0
23,25472680,515.0,386.9946455091513,True,1724.0662667076556,0.0,3,0,0.0,0
93,5244680780,365.0,317.7926438143055,True,1288.093656030125,0.0,8,0,0.0,0
234,25257319,575.0,433.5198271530808,True,2017.1749110644084,0.0,1,0,0.0,0
254,806821384,930.0,650.2320932071989,True,3382.462187205352,0.0,10,0,0.0,0
179,292252720,1415.0,831.303822271794,True,4523.214080312309,145.0,11,0,0.1351260130265559,0
195,25533578,650.0,490.4168084261705,True,2375.6258930848758,0.0,9,0,0.0,0
197,25256256,470.0,364.4942277190153,True,1582.313634629797,0.0,3,0,0.0,0
219,107990,375.0,311.92158927298476,True,1251.1060124198038,0.0,2,0,0.0,0
273,9521025,305.0,275.239118400496,True,1020.0064459231244,0.0,4,0,0.0,0
7,102035,435.0,365.60159100611844,True,1589.2900233385474,0.0,4,0,0.0,0
181,2215490967,515.0,391.6769589410396,True,1753.5648413285492,40.0,7,0,0.0,0
236,1614926348,775.0,530.6523426691998,True,2629.1097588159555,775.0,4,28,37.092845641978286,4
281,4356591932,405.0,343.55643747517905,True,1450.4055560936279,0.0,6,0,0.0,0
69,881887811,515.0,406.65503837444305,True,1847.9267417589906,0.0,6,0,0.0,0
108,108014,540.0,415.52399128881376,True,1903.8011451195275,0.0,8,0,0.0,0
201,107348,1200.0,729.338994957351,True,3880.8356682313124,85.0,18,2,0.8926291323253523,0
109,25257053,805.0,586.7344236791995,True,2982.426869178957,0.0,12,0,0.0,0
81,12026767,370.0,323.81754154677185,True,1326.0505117446621,0.0,3,0,0.0,0
206,9512924,490.0,367.4218546658289,True,1600.7576843947227,75.0,6,0,0.0,0
104,21665585,870.0,523.4540042419361,True,2583.7602267241973,250.0,7,5,3.2993252112495095,0
27,25257657,925.0,561.7536206081801,True,2825.047809831534,205.0,10,5,4.272366134609487,0
26,25257053,1065.0,715.7142051977469,True,3794.9994927458056,0.0,9,0,0.0,0
216,9789819,625.0,467.40278084880504,True,2230.637519347472,0.0,5,0,0.0,0
177,25257284,305.0,282.24556349271114,True,1064.1470500040796,0.0,2,0,0.0,0
59,25498869,895.0,627.2375508292037,True,3237.59657022398,0.0,9,0,0.0,0
22,25257284,600.0,457.87101255513335,True,2170.5873790973396,0.0,6,0,0.0,0
18,107797,515.0,386.4030552338673,True,1720.3392479733634,35.0,5,0,0.4563065320100032,0
155,7223638134,765.0,493.76173952847785,True,2396.69895902941,60.0,4,0,0.6300911522296606,0
68,7787603288,935.0,639.798069014187,True,3316.727834789379,0.0,9,0,0.0,0
36,4917827758,705.0,508.08316377848666,True,2486.9239318044665,0.0,8,0,0.0,0
209,6943758097,1025.0,650.905383602236,True,3386.7039166940876,115.0,7,1,1.2076747084401824,0
16,21665582,420.0,330.58511785715876,True,1368.6862425001,0.0,1,0,0.0,0
56,333650017,705.0,517.3017137055461,True,2545.0007963449384,0.0,2,0,0.0,0
88,21665930,770.0,555.3428891431091,True,2784.6602016015845,0.0,12,0,0.0,0
192,21665590,1060.0,591.8580911568835,True,3014.7059742883566,325.0,8,1,0.8612297272540214,0
61,13704551667,465.0,361.9925831638372,True,1566.5532739321736,0.0,3,0,0.0,0
6,1614926348,400.0,340.363636023004,True,1430.290906944925,400.0,3,8,17.600510791064767,4
113,107863,550.0,423.100601108113,True,1951.5337869811121,0.0,4,0,0.0,0
261,26389885,1330.0,881.883828753422,True,4841.868121146561,55.0,10,0,0.0,0
45,108045,645.0,489.96674588067367,True,2372.790499048244,0.0,8,0,0.0,0
80,821341516,510.0,396.56841799862246,True,1784.381033391321,0.0,6,0,0.0,0
64,25533437,330.0,299.5120149108001,True,1172.9256939380405,0.0,3,0,0.0,0
245,25495769,735.0,538.2859139148967,True,2677.2012576638513,0.0,8,0,0.0,0
263,1614926348,390.0,333.1413985018943,True,1384.7908105619347,390.0,2,11,17.509897574677524,4
294,12453538825,725.0,526.6426605239557,True,2603.8487613009215,0.0,7,0,0.0,0
15,1614846678,960.0,625.7691441301919,True,3228.345608020211,0.0,8,0,0.0,0
132,4347844132,780.0,489.50657848443876,True,2369.8914444519646,250.0,10,6,3.259332371500023,0
170,25496592,340.0,301.96399541517303,True,1188.3731711155901,0.0,6,0,0.0,0
138,109618,220.0,231.2435817229586,False,742.8345648546391,0.0,3,0,0.0,0
259,380494808,505.0,398.0832475539666,True,1793.92445958999,0.0,5,0,0.0,0
136,9300541907,1310.0,757.5492111732395,True,4058.5600303914093,200.0,13,0,3.247351333191805,0
211,734320209,265.0,259.4905129199488,True,920.7902313956772,0.0,3,0,0.0,0
12,298173828,1030.0,699.4650767568713,True,3692.6299835682876,0.0,9,0,0.0,0
258,25524250,1365.0,879.8553005420919,True,4829.088393415181,60.0,11,0,0.0,0
52,25471086,1220.0,700.360070829698,True,3698.2684462270977,195.0,8,5,3.0621861665133445,0
284,9167793401,585.0,411.85020169964594,True,1880.65627070777,65.0,7,0,0.0,0
137,8843558776,660.0,478.129377302786,True,2298.2150770075496,0.0,9,0,0.0,0
253,107860,905.0,589.219270024964,True,2998.081401157273,0.0,8,0,0.0,0
265,107818,725.0,508.7388597992708,True,2491.0548167354073,0.0,4,0,0.0,0
186,25544115,940.0,607.8115279908149,True,3115.2126263421337,0.0,8,0,0.0,0
129,25473300,225.0,230.98367459164982,False,741.1971499273936,10.0,1,0,0.0,0
126,12453538825,790.0,573.4172115090535,True,2898.5284325070365,0.0,13,0,0.0,0
264,21666007,890.0,565.8392596201089,True,2850.7873356066834,140.0,10,2,1.2691806506901373,0
50,107860,870.0,595.371134446067,True,3036.838147010221,0.0,11,0,0.0,0
117,25257028,450.0,368.0901836297632,True,1604.9681568675073,0.0,2,0,0.0,0
202,110004,1500.0,882.3710905520207,True,4844.937870477726,215.0,10,2,2.38093224827896,0
105,9512928,825.0,561.4407462974962,True,2823.0767016742248,0.0,11,0,0.0,0
76,25504263,365.0,316.5546922255017,True,1280.294561020661,0.0,2,0,0.0,0
189,25256620,540.0,417.76401713629053,True,1917.9133079586286,0.0,8,0,0.0,0
150,21665911,285.0,271.4539919465083,True,996.1601492630024,0.0,0,0,0.0,0
212,12453538825,590.0,426.36021208844625,True,1972.0693361572119,20.0,4,0,0.5412388684842926,0
71,10983187054,165.0,193.92629187213313,False,507.7356387944384,0.0,1,0,0.0,0
169,25256620,325.0,297.3863370082208,True,1159.53392315179,0.0,4,0,0.0,0
218,5393414954,150.0,190.15939429063272,False,484.004184030986,0.0,2,0,0.0,0
127,25533578,525.0,412.7798189778749,True,1886.5128595606116,0.0,9,0,0.0,0
274,25501328,750.0,447.44169800184443,True,2104.882697411622,205.0,3,1,4.312358974358974,0
20,8752950708,515.0,397.88162456949254,True,1792.654234787802,0.0,2,0,0.0,0
35,14017207476,370.0,310.52581821856904,True,1242.3126547769846,0.0,1,0,0.0,0
237,25532341,240.0,238.47829608288242,False,788.4132653221591,0.0,1,0,0.0,0
159,9791495,270.0,263.3693858862196,True,945.2271310831837,0.0,2,0,0.0,0
151,2191480791,585.0,444.37566316164754,True,2085.566677918379,0.0,10,0,0.0,0
286,25471371,565.0,411.4173581978012,True,1877.9293566461477,10.0,6,1,0.14259117545588482,0
70,107797,655.0,483.3350182816828,True,2331.0106151745995,0.0,6,0,0.0,0
120,1678452766,800.0,586.0190444415513,True,2977.919979981774,0.0,10,0,0.0,0
60,6361125447,520.0,412.9630333642134,True,1887.6671101945453,0.0,11,0,0.0,0
34,5112906884,595.0,454.4320766826812,True,2148.92208310089,0.0,9,0,0.0,0
41,1936062451,735.0,497.7535268495044,True,2421.847219151876,65.0,4,0,0.0,0
13,4969460352,960.0,643.0862853935909,True,3337.4435979796212,0.0,12,0,0.0,0
241,5838132444,590.0,450.03724292698485,True,2121.234630440005,0.0,3,0,0.0,0
47,4216274136,270.0,261.84670382757645,True,935.6342341137316,0.0,4,0,0.0,0
144,12765771304,540.0,420.46596485284186,True,1934.935578572905,0.0,4,0,0.0,0
91,1630526800,435.0,357.07505321342194,True,1535.5728352445594,0.0,4,0,0.0,0
83,1684410086,1160.0,654.5447874912562,True,3409.6321611949083,240.0,8,2,2.643470228374652,0
55,109838,600.0,462.2805985032594,True,2198.3677705705336,0.0,7,0,0.0,0
165,1685751707,730.0,520.5946902765878,True,2565.7465487425043,0.0,5,0,0.0,0
233,734769756,285.0,263.976400469595,True,949.0513229584486,0.0,3,0,0.0,0
65,25532844,325.0,290.48312855231484,True,1116.0437098795835,0.0,1,0,0.0,0
243,11751472416,445.0,366.7107121074319,True,1596.2774862768213,0.0,6,0,0.0,0
95,5387300688,825.0,579.1650803094577,True,2934.7400059495817,0.0,9,0,0.0,0
2,25533613,705.0,524.1012952895461,True,2587.838160324138,0.0,12,0,0.0,0
119,281454988,500.0,402.0425411864773,True,1818.8680094748074,0.0,2,0,0.0,0
93,1678452758,215.0,226.46498899665085,False,712.7294306789001,0.0,1,0,0.0,0
173,108214,550.0,431.8713668844846,True,2006.7896113722525,0.0,5,0,0.0,0
32,26699537,730.0,496.84773123187057,True,2416.140706760784,70.0,8,0,0.0,0
143,26591525,735.0,518.2651197121386,True,2551.070254186475,25.0,5,0,0.0,0
33,1696027870,820.0,592.034874898843,True,3015.819711862709,0.0,7,0,0.0,0
290,1614926348,1170.0,589.657408455376,True,3000.8416732688593,1170.0,12,31,38.9235624467797,4
292,12547908639,1450.0,869.8962485756713,True,4766.3463660267225,185.0,13,1,1.6771315741262536,0
262,25473616,410.0,350.1395322305985,True,1491.8790530527695,0.0,1,0,0.0,0
260,108309,1415.0,895.6933068015524,True,4928.867832849771,50.0,20,0,0.0,0
153,102025,1575.0,852.3676100699018,True,4655.915943440375,370.0,6,9,5.416813512172419,0
101,1616713425,625.0,467.82412926833996,True,2233.292014390544,0.0,9,0,0.0,0
194,5244680779,735.0,536.0076765457701,True,2662.8483622383496,0.0,8,0,0.0,0
149,1614926348,480.0,385.7175030178302,True,1716.0202690123313,480.0,4,14,18.6834215066214,4
275,1685938740,705.0,526.3406161339403,True,2601.945881643822,0.0,8,0,0.0,0
79,25524240,1040.0,703.6846625200784,True,3719.213373876496,0.0,12,0,0.0,0
49,1614926348,405.0,323.55323136672524,True,1324.38535761037,405.0,4,24,28.173254076986595,4
74,1611442272,415.0,343.4462987760902,True,1449.7116822893695,0.0,7,0,0.0,0
57,3567188665,465.0,388.54696511219333,True,1733.8458802068185,0.0,5,0,0.0,0
210,1614926348,700.0,502.757738022146,True,2453.3737495395194,700.0,8,23,29.27415916356897,4
58,2971399444,1160.0,650.4261668226924,True,3383.684850982958,360.0,10,3,5.77324528819618,0
156,1685751707,1115.0,604.3734495110072,True,3093.5527319193325,335.0,11,2,3.5180089332822697,0
235,25544119,670.0,405.1070515928303,True,1838.1744250348308,140.0,5,2,1.2238527703083466,0
222,294651404,635.0,469.95116051405637,True,2246.692311238556,0.0,5,0,0.0,0
230,11707733695,445.0,366.1930973820734,True,1593.0165135070622,0.0,5,0,0.0,0
244,25626801,715.0,531.2876184629541,True,2633.1119963166084,0.0,7,0,0.0,0
287,1614926348,560.0,439.00652334475194,True,2051.7410970719366,560.0,9,18,21.61233707821364,4
100,12026767,910.0,643.0065730828923,True,3336.941410422222,0.0,7,0,0.0,0
271,108329,1025.0,722.2726893985689,True,3836.3179432109846,0.0,12,0,0.0,0
225,25533613,1215.0,643.4927222849698,True,3340.0041503953007,405.0,7,7,7.039803390807462,0
146,862398887,1010.0,645.4842375768609,True,3352.5506967342276,60.0,9,0,0.5439345645814873,0
277,9791489,480.0,389.55559578807794,True,1740.2002534648898,0.0,6,0,0.0,0
231,9512939,585.0,427.7305369421575,True,1980.702382735593,35.0,9,0,0.0,0
122,4969460352,515.0,310.2689353805966,True,1240.6942928977587,260.0,4,0,0.0,0
242,454373621,450.0,362.24281075697434,True,1568.1297077689392,10.0,4,0,0.0,0
257,1614926348,815.0,524.1589129341565,True,2588.201151485186,815.0,7,26,32.204855335988675,4
185,9176400299,735.0,526.6019419156469,True,2603.5922340685734,0.0,9,0,0.0,0
124,11783244661,1045.0,594.9211260799458,True,3034.00309430365,330.0,8,6,3.4655013372631314,0
9,108253,710.0,518.1482147345756,True,2550.3337528278225,0.0,5,0,0.0,0
19,26559655,865.0,534.5998014681204,True,2653.978749249161,180.0,9,0,1.6318036937444629,0
249,102031,665.0,486.27287765003695,True,2349.5191291952324,0.0,7,0,0.0,0
240,21665911,365.0,299.49210969969977,True,1172.800291108108,10.0,0,0,0.14251724377182345,0
198,25502552,675.0,476.4085347561594,True,2287.373768963805,50.0,3,0,1.9080777947029561,0
283,21665590,630.0,480.50825344637803,True,2313.201996712183,0.0,7,0,0.0,0
206,107995,300.0,283.28088967301875,True,1070.669604940018,0.0,3,0,0.0,0
174,12026767,1240.0,793.0576117411171,True,4282.262953969035,0.0,12,0,0.0,0
127,25714232,190.0,216.5123318852505,False,650.0276908770777,0.0,4,0,0.0,0
123,21665581,585.0,441.19419188572044,True,2065.5234088800385,0.0,4,0,0.0,0
103,7889967240,555.0,368.50965160646143,True,1607.6108051207066,175.0,1,6,2.281532660050016,0
248,1614926348,1290.0,665.671623168486,True,3479.7312259614546,1290.0,8,28,43.52238618484299,4
224,14069254029,1575.0,851.1464922664828,True,4648.222901278843,390.0,13,3,6.84424344851746,0
207,435144778,825.0,581.476108819988,True,2949.2994855659267,0.0,7,0,0.0,0
172,1232048712,1130.0,759.7330542650723,True,4072.3182418699557,0.0,15,0,0.0,0
92,21665135,465.0,378.066739772698,True,1667.8204605679973,0.0,8,0,0.0,0
116,6313624586,985.0,583.8264729194,True,2964.1067793922143,265.0,7,9,6.345167451130103,0
214,1835289526,685.0,493.7348008773308,True,2396.5292455271847,5.0,12,0,0.0,0
145,25496592,425.0,351.6586708695537,True,1501.4496264781887,0.0,3,0,0.0,0
125,25496785,430.0,363.229488176324,True,1574.3457755108418,0.0,3,0,0.0,0
31,8972731452,555.0,437.3939702996841,True,2041.58201288801,0.0,2,0,0.0,0
180,1684410076,540.0,435.44536026588844,True,2029.3057696750973,0.0,5,0,0.0,0
255,490253680,820.0,447.0042995559569,True,2102.1270872025293,395.0,7,0,0.0,0
29,25531001,675.0,508.10819754257136,True,2487.0816445181986,0.0,9,0,0.0,0
53,21665031,710.0,427.29487005521446,True,1977.9576813478504,205.0,4,1,2.6726525446300187,0
3,9791503,1290.0,755.0844852453363,True,4043.032257045615,205.0,13,0,2.1855991615971515,0
205,1938580083,640.0,472.2179851761831,True,2260.973306609953,0.0,9,0,0.0,0
153,2271434264,130.0,182.2107228873904,False,433.92755419055936,0.0,0,0,0.0,0
187,6089552096,670.0,511.549262685702,True,2508.7603549199216,0.0,8,0,0.0,0
215,25497435,485.0,388.2683732735724,True,1732.0907516235059,0.0,3,0,0.0,0
211,1607738730,295.0,275.5834484643945,True,1022.1757253256849,0.0,3,0,0.0,0
128,107809,720.0,520.8107676011759,True,2567.107835887409,0.0,7,0,0.0,0
110,1614926348,570.0,429.62429967488765,True,1992.6330879517916,570.0,3,27,28.326187455107508,5
30,1614846678,825.0,598.6504205719774,True,3057.4976496034546,0.0,5,0,0.0,0
266,25500629,1115.0,754.0692431640065,True,4036.636231933244,0.0,18,0,0.0,0
129,9791495,290.0,255.15886401038523,True,893.500843265427,0.0,5,0,0.0,0
219,1685751707,395.0,338.02718288631525,True,1415.5712521837859,0.0,4,0,0.0,0
77,273194,725.0,533.3187691429031,True,2645.908245600288,0.0,7,0,0.0,0
288,25532843,1000.0,675.5473262354612,True,3541.9481552834036,0.0,8,0,0.0,0
250,107801,840.0,595.6652894682737,True,3038.691323650124,0.0,6,0,0.0,0
162,275424,525.0,428.15984035953585,True,1983.4069942650763,0.0,5,0,0.0,0
37,4784457202,1160.0,574.2247742998419,True,2903.6160780889927,425.0,11,9,8.767448707399996,0
221,489796745,690.0,521.2739406963234,True,2570.02582638684,0.0,4,0,0.0,0
158,5568839679,435.0,352.8950709276988,True,1509.2389468445024,0.0,2,0,0.0,0
276,108216,1675.0,925.7080007192473,True,5117.960404531256,365.0,15,3,4.534316518754441,0
142,25378078,775.0,563.2273508516076,True,2834.3323103651273,0.0,9,0,0.0,0
134,9262072924,740.0,520.4696770856061,True,2564.9589656393173,10.0,6,0,0.14259117545588482,0
73,21583363,945.0,640.5276160656229,True,3321.3239812134234,10.0,9,0,0.14259117545588482,0
118,12292980260,935.0,652.6363775480825,True,3397.6091785529184,0.0,11,0,0.0,0
286,2271422636,270.0,259.68506442449296,True,922.0159058743053,0.0,4,0,0.0,0
228,21665582,860.0,605.8092114279323,True,3102.598031995977,0.0,9,0,0.0,0
272,2934851413,865.0,619.4565179554215,True,3188.5760631191542,0.0,10,0,0.0,0
42,1678452778,865.0,596.1456209571082,True,3041.7174120297823,0.0,8,0,0.0,0
114,1635864532,1010.0,682.8978617789766,True,3588.2565292075546,0.0,8,0,0.0,0
213,107698,830.0,457.6991875096681,True,2169.5048813109115,360.0,6,1,3.7805469133779614,0
14,3552338823,730.0,523.9569501437303,True,2586.9287859055016,0.0,8,0,0.0,0
40,108299,990.0,667.6464543578242,True,3492.1726624542916,65.0,14,0,0.0,0
152,7787603288,870.0,606.9320611794911,True,3109.6719854307935,0.0,5,0,0.0,0
216,8421658424,415.0,314.27174026840726,True,1265.9119636909659,0.0,5,0,0.0,0
178,452486137,720.0,500.4645551521828,True,2438.926697458749,5.0,11,0,0.06518664743000045,0
265,2453947049,350.0,317.30106750377877,True,1284.9967252738056,0.0,3,0,0.0,0
28,3764054180,655.0,473.32736043662055,True,2267.9623707507108,0.0,7,0,0.0,0
167,21665000,1045.0,582.4248016135093,True,2955.276250165112,355.0,13,4,3.728039317358823,0
270,1614926348,535.0,390.8631832711945,True,1748.4380546085254,535.0,7,19,26.985444366935607,4
25,107806,635.0,481.17604483753485,True,2317.4090824764676,0.0,4,0,0.0,0
43,11679091624,1250.0,631.9588972838116,True,3267.341052888008,440.0,8,6,8.834762290266243,0
226,9791156,515.0,374.39163981586546,True,1644.6673308399527,0.0,6,0,0.0,0
108,4174200043,445.0,336.42603512985755,True,1405.484021318104,0.0,2,0,0.0,0
238,4347844132,605.0,444.21564172154746,True,2084.5585428457503,35.0,5,0,0.0,0
26,107809,440.0,349.61248297475174,True,1488.558642740936,5.0,5,0,0.0,0
281,12431465613,460.0,372.489969589555,True,1632.6868084141956,0.0,6,0,0.0,0
99,1614926320,705.0,480.1983259827594,True,2311.2494536913846,5.0,3,0,0.17561321547514908,0
24,14069254029,1515.0,791.0820968834636,True,4269.817210365812,420.0,19,6,8.466367321456536,0
69,2440651562,465.0,380.8319109520573,True,1685.2410389979607,0.0,4,0,0.0,0
98,108236,845.0,589.2222039092036,True,2998.0998846279826,0.0,13,0,0.0,0
46,821341516,740.0,518.3659028150962,True,2551.7051877351064,0.0,11,0,0.0,0
190,1230374510,955.0,518.18733772116,True,2550.580227643307,375.0,7,4,3.8941553264277924,0
176,1614926348,870.0,607.0284124645458,True,3110.2789985266377,870.0,7,33,31.94378726860713,4
6,26699544,425.0,347.749571733223,True,1476.8223019193044,10.0,6,2,0.5412388684842926,0
7,26699537,485.0,354.65614670647716,True,1520.3337242508067,55.0,3,0,0.0,0
21,9167793401,830.0,598.3196279301027,True,3055.41365595965,0.0,10,0,0.0,0
279,12159581182,530.0,413.2799067156647,True,1889.6634123086876,0.0,8,0,0.0,0
196,2564873531,875.0,617.6689474262022,True,3177.314368785076,0.0,12,0,0.0,0
239,1614926348,705.0,347.93851064168126,True,1478.0126170425942,705.0,3,16,25.28298321620786,4
290,9371260474,275.0,258.48336738807814,True,914.4452145448918,0.0,1,0,0.0,0
80,1614926358,435.0,361.0545610578517,True,1560.6437346644652,0.0,4,0,0.0,0
50,21665585,395.0,333.1485935364894,True,1384.8361392798838,0.0,2,0,0.0,0
241,3552338823,335.0,292.0885986397223,True,1126.1581714302501,0.0,4,0,0.0,0
256,1667118111,1015.0,660.3185103285222,True,3446.0066150696916,0.0,11,0,0.0,0
104,5112906884,485.0,375.28718546540097,True,1650.309268432027,25.0,8,0,0.0,0
124,108040,195.0,216.54600150939396,False,650.2398095091819,0.0,1,0,0.0,0
4,3943984250,885.0,631.622485624406,True,3265.2216594337547,0.0,14,0,0.0,0
212,108210,390.0,335.18832722087757,True,1397.6864614915285,0.0,1,0,0.0,0
209,9054849009,470.0,377.481746511491,True,1664.1350030223934,0.0,5,0,0.0,0
285,25257657,850.0,466.5203547615889,True,2225.0782349980113,350.0,5,3,3.6755317213396848,0
193,102020,705.0,513.2937170769807,True,2519.7504175849804,0.0,8,0,0.0,0
192,2047806084,470.0,365.8719481621893,True,1590.993273421792,0.0,4,0,0.0,0
116,1614846678,175.0,198.64050139543733,False,537.435158791255,0.0,1,0,0.0,0
191,383974165,925.0,607.1773646245256,True,3111.217397134513,30.0,12,0,0.2719672822907437,0
12,21665248,450.0,369.03493104456646,True,1610.920065580769,0.0,11,0,0.0,0
172,107792,185.0,206.758662147644,False,588.579571530157,0.0,4,0,0.0,0
22,25256616,500.0,379.64236055182516,True,1677.7468714764989,0.0,3,0,0.0,0
5,438170606,890.0,534.6675209533493,True,2654.4053820060994,155.0,9,1,2.6606715063218007,0
208,6355365939,1195.0,641.9572945669886,True,3330.330955772017,380.0,6,5,3.9466629224469307,0
267,106203,1135.0,751.7569067644032,True,4022.0685126157405,0.0,9,0,0.0,0
246,2476787985,865.0,478.4742669181146,True,2300.3878815841244,360.0,4,3,3.7805469133779614,0
199,1666324140,1050.0,726.7210714718852,True,3864.342750272878,0.0,14,0,0.0,0
106,9791156,1075.0,715.405382855262,True,3793.0539119881464,0.0,10,0,0.0,0
78,6521839583,1115.0,605.7910130830902,True,3102.4833824234606,415.0,10,8,7.170176685667464,0
23,25257309,575.0,445.48312441406586,True,2092.543683808615,0.0,7,0,0.0,0
89,3764054180,885.0,621.6058261084501,True,3202.1167044832378,0.0,6,0,0.0,0
214,25533613,210.0,225.56724778863412,False,707.0736610683946,0.0,1,0,0.0,0
229,5247841988,810.0,562.8183687838306,True,2831.755723338134,25.0,9,0,0.3259332371500023,0
84,25533203,640.0,482.51409065330654,True,2325.8387711158302,0.0,7,0,0.0,0
195,4171766884,575.0,451.5968150252701,True,2131.059934659203,0.0,4,0,0.0,0
41,1620855375,410.0,348.60899391333027,True,1482.2366616539803,0.0,4,0,0.0,0
232,2271434264,660.0,498.30198676665015,True,2425.3025166298976,0.0,4,0,0.0,0
129,25714234,190.0,216.4609538914852,False,649.7040095163567,0.0,2,0,0.0,0
59,1614846678,550.0,424.2258262307881,True,1958.6227052539648,0.0,2,0,0.0,0
203,4955757609,750.0,533.7673956267614,True,2648.734592448594,0.0,6,0,0.0,0
269,12120966382,1220.0,682.0798957610131,True,3583.1033432943705,350.0,11,4,3.6755317213396848,0
244,1230855633,290.0,269.3473718855765,True,982.8884428791314,0.0,1,0,0.0,0
268,25257319,900.0,594.6399927585677,True,3032.231954378979,65.0,11,0,0.0,0
223,2833448424,790.0,541.0664577595602,True,2694.718683885228,25.0,6,0,0.3259332371500023,0
161,110055,795.0,585.4201565316939,True,2974.146986149675,0.0,10,0,0.0,0
154,108903,615.0,460.6593047452877,True,2188.153619895313,0.0,6,0,0.0,0
286,5932883504,165.0,200.99877080605793,False,552.2922560781648,0.0,0,0,0.0,0
175,25498932,640.0,480.888518637739,True,2315.5976674177546,0.0,9,0,0.0,0
289,14958918,1045.0,723.8355432910231,True,3846.1639227334467,0.0,16,0,0.0,0
82,1678452814,705.0,478.25655717845996,True,2299.0163102242977,20.0,8,2,0.5577582983804567,0
139,26699543,645.0,444.1707552663357,True,2084.2757581779156,60.0,7,0,0.0,0
103,108060,270.0,264.8152068998923,True,954.3358034693211,0.0,1,0,0.0,0
27,26591525,585.0,442.4259869368328,True,2073.2837177020465,0.0,7,0,0.0,0
253,108260,520.0,415.884090732215,True,1906.0697716129537,0.0,8,0,0.0,0
102,1230855633,1325.0,678.32548704983,True,3559.450568413921,460.0,6,9,9.055516040236757,0
39,1115431319,655.0,493.46478207125176,True,2394.8281270488883,0.0,2,0,0.0,0
112,12431465613,770.0,551.3605935134857,True,2759.571739134958,0.0,5,0,0.0,0
45,383974166,555.0,416.6526979761331,True,1910.911997249639,0.0,4,0,0.0,0
261,25714234,565.0,441.07061653074675,True,2064.744884143705,0.0,12,0,0.0,0
61,9521022,565.0,426.39897479430135,True,1972.313541204099,0.0,8,0,0.0,0
152,1684410086,185.0,205.38203725831198,False,579.9068347273652,0.0,1,0,0.0,0
54,255562,955.0,646.5580786945736,True,3359.315895775817,30.0,11,1,0.2719672822907437,0
235,1678452820,350.0,306.37005089377857,True,1216.1313206308048,0.0,5,0,0.0,0
165,107793,445.0,358.06035518323614,True,1541.7802376543868,0.0,8,0,0.0,0
236,7921311835,625.0,464.3696033472563,True,2211.528501087713,0.0,13,0,0.0,0
150,107823,510.0,393.15136121596595,True,1762.853575660587,0.0,6,0,0.0,0
197,8752950708,635.0,467.21665398030416,True,2229.4649200759154,0.0,8,0,0.0,0
157,25533613,810.0,554.4553503752587,True,2779.0687073641307,0.0,8,0,0.0,0
151,2047806108,490.0,367.8576992817849,True,1603.503505475245,0.0,3,0,0.0,0
90,1614926348,770.0,562.4060846942921,True,2829.1583335740397,770.0,7,26,31.465086065027794,4
76,25500807,530.0,419.83689762049073,True,1930.9724550090918,0.0,7,0,0.0,0
56,7198096092,590.0,440.3420888533024,True,2060.1551597758053,0.0,7,0,0.0,0
254,108299,660.0,499.03925417114453,True,2429.94730127821,0.0,5,0,0.0,0
73,1283446717,220.0,234.34821061603978,False,762.3937268810502,0.0,4,0,0.0,0
249,9257019321,330.0,297.85568046576105,True,1162.4907869342953,0.0,4,0,0.0,0
85,12265050664,1100.0,737.7602891019467,True,3933.8898213422663,25.0,20,0,0.3562931094295586,0
163,7889967240,700.0,487.8104898782591,True,2359.206086233031,0.0,5,0,0.0,0
189,9791494,555.0,422.5459563187327,True,1948.0395248080158,0.0,7,0,0.0,0
275,3552338823,410.0,339.1565837691183,True,1422.686477745445,0.0,4,0,0.0,0
278,107793,730.0,508.01051977810084,True,2486.466274602033,30.0,6,0,0.2719672822907437,0
257,107352,360.0,318.5466735933729,True,1292.844043638249,0.0,3,0,0.0,0
