sim_minutes,n_riders_active,mean_stress_level,mean_congestion_index,pct_on_pavement,n_conflicts_this_step,cumulative_conflicts,deliveries_completed,pct_overdue
0.0,294,0.0,0.0,0.0,0,0,0,0.0
0.08333333333333333,294,0.0,0.28835065704090723,0.05102040816326531,28,28,0,0.0
0.16666666666666666,294,0.012034162302198175,0.28561062496414047,0.05102040816326531,29,57,0,0.0
0.25,294,0.024068324604396354,0.2822079429900299,0.05102040816326531,31,88,0,0.0
0.3333333333333333,294,0.03610248690659453,0.28833835965251653,0.05442176870748299,31,119,0,0.0
0.4166666666666667,294,0.04813664920879271,0.2983129466679199,0.05442176870748299,33,152,0,0.0
0.5,293,0.059694798887443175,0.2917529069111394,0.05460750853242321,36,188,1,0.0
0.5833333333333334,294,0.07139010642457491,0.297882276453705,0.05782312925170068,32,220,1,0.0
0.6666666666666666,294,0.08328845749533739,0.28432121544366445,0.05782312925170068,40,260,1,0.0
0.75,294,0.09522468684381531,0.29490230102475,0.05442176870748299,37,297,1,0.0
0.8333333333333334,294,0.10716091619229325,0.2910321915423956,0.05442176870748299,20,317,1,0.0
0.9166666666666666,294,0.11909714554077117,0.2849392198881995,0.05442176870748299,21,338,1,0.0
1.0,294,0.13103337488924907,0.293547844823355,0.05442176870748299,16,354,1,0.0
1.0833333333333333,294,0.14296960423772703,0.2889392164902369,0.05442176870748299,17,371,1,0.0
1.1666666666666667,294,0.15490583358620494,0.2932556106025494,0.06802721088435375,22,393,1,0.0
1.25,294,0.16684206293468284,0.29276298153849173,0.06802721088435375,16,409,1,0.0
1.3333333333333333,294,0.17877829228316078,0.29936883788924606,0.0782312925170068,23,432,1,0.0
1.4166666666666667,294,0.1907145216316387,0.298664286528718,0.08163265306122448,18,450,1,0.0
1.5,294,0.20265075098011665,0.3153733616561605,0.09523809523809523,17,467,1,0.0
1.5833333333333333,293,0.21337913548330087,0.31187640302706127,0.08191126279863481,20,487,2,0.0
1.6666666666666667,294,0.2244821618917374,0.30094565163807147,0.0782312925170068,13,500,2,0.0
1.75,294,0.2363109676725661,0.3019842105847937,0.07482993197278912,16,516,2,0.0
1.8333333333333333,294,0.24817474305765844,0.30617237610677844,0.08163265306122448,8,524,2,0.0
1.9166666666666667,294,0.2600385184427507,0.29890485386915194,0.06802721088435375,4,528,2,0.0
2.0,293,0.27056117906340216,0.29212729651126795,0.07167235494880546,9,537,3,0.0
2.0833333333333335,294,0.2814063569864615,0.29903983658430955,0.05782312925170068,10,547,3,0.0
2.1666666666666665,294,0.2931718110287841,0.304073453271704,0.06462585034013606,9,556,3,0.0
2.25,294,0.304997419200011,0.3136486286632059,0.0782312925170068,13,569,3,0.0
2.3333333333333335,294,0.3168230273712379,0.3032738870566859,0.0782312925170068,10,579,3,0.0
2.4166666666666665,294,0.3286486355424648,0.2850100283044889,0.07482993197278912,9,588,3,0.0
2.5,293,0.3389864817774457,0.28803731599249177,0.07508532423208192,14,602,4,0.0
2.5833333333333335,294,0.34956801342244936,0.27677929978030347,0.06462585034013606,15,617,4,0.0
2.6666666666666665,294,0.36130256031159397,0.28640251858719573,0.05102040816326531,12,629,4,0.0
2.75,294,0.3730742057506668,0.2901690940374447,0.0782312925170068,17,646,4,0.0
2.8333333333333335,292,0.38184432463224127,0.2781517379120119,0.06506849315068493,16,662,6,0.0
2.9166666666666665,294,0.39084871972263374,0.27796589276181116,0.06802721088435375,13,675,6,0.0
3.0,292,0.3993713223135576,0.28675527288540986,0.0684931506849315,19,694,8,0.0
3.0833333333333335,293,0.40658423096738,0.2938644593934696,0.08191126279863481,19,713,9,0.0
3.1666666666666665,294,0.4166224195950795,0.2972078469527449,0.08503401360544217,12,725,9,0.0
3.25,294,0.4281201456334035,0.3035233851560382,0.09183673469387756,15,740,9,0.0
3.3333333333333335,294,0.43965005411106384,0.30034336411887436,0.09183673469387756,21,761,9,0.0
3.4166666666666665,292,0.4481292115570236,0.2847244365223818,0.06506849315068493,13,774,11,0.0
3.5,294,0.45645814077014346,0.27756246021552144,0.05782312925170068,14,788,11,0.0
3.5833333333333335,292,0.46472050792366415,0.2820578679311556,0.05821917808219178,8,796,13,0.0
3.6666666666666665,293,0.47124752779137447,0.2901034978385808,0.07849829351535836,21,817,14,0.0
3.75,292,0.4776234425407435,0.3075087682016159,0.08561643835616438,20,837,16,0.0
3.8333333333333335,293,0.48386709733852845,0.2908206415793839,0.07167235494880546,17,854,17,0.0
3.9166666666666665,293,0.4915868807527035,0.2890714995572044,0.07167235494880546,21,875,18,0.003401360544217687
4.0,294,0.5010205308238306,0.29643743477863044,0.06802721088435375,20,895,18,0.0
4.083333333333333,293,0.5106587964596795,0.29539132653467126,0.06825938566552901,14,909,19,0.0
4.166666666666667,293,0.5183810814970671,0.30392912368098407,0.08532423208191127,14,923,20,0.0
4.25,293,0.5259452141023325,0.2992811550398413,0.06825938566552901,13,936,21,0.01020408163265306
4.333333333333333,293,0.5333720655905294,0.29325421838150534,0.09556313993174062,20,956,22,0.017006802721088437
4.416666666666667,292,0.5390633263778037,0.30005387001508366,0.0958904109589041,19,975,24,0.02040816326530612
4.5,293,0.5444980314586045,0.28101423637495193,0.08191126279863481,28,1003,25,0.013605442176870748
4.583333333333333,293,0.5516620670001673,0.2738830948581449,0.07167235494880546,18,1021,26,0.023809523809523808
4.666666666666667,294,0.5602563949092022,0.2738728017492972,0.07482993197278912,15,1036,26,0.023809523809523808
4.75,294,0.5706672979113215,0.27592703156566634,0.061224489795918366,16,1052,26,0.04081632653061224
4.833333333333333,293,0.5794521314862198,0.2712024232354937,0.06825938566552901,12,1064,27,0.05102040816326531
4.916666666666667,291,0.5832956825894934,0.272564177274451,0.06872852233676977,11,1075,30,0.047619047619047616
5.0,293,0.5859134339960115,0.2597291231515075,0.06825938566552901,19,1094,31,0.047619047619047616
5.083333333333333,289,0.5866618108382831,0.2603922317646257,0.07958477508650519,16,1110,36,0.06462585034013606
5.166666666666667,293,0.5848831626620982,0.2671015053561081,0.07508532423208192,19,1129,37,0.05782312925170068
5.25,294,0.5924562211764755,0.26322712295024747,0.06462585034013606,11,1140,37,0.05782312925170068
5.333333333333333,292,0.5993990919552669,0.27591360965561784,0.06506849315068493,15,1155,39,0.07142857142857142
5.416666666666667,291,0.6006784564353602,0.271080685255943,0.07216494845360824,18,1173,42,0.08163265306122448
5.5,294,0.6037841055410168,0.27018274620315436,0.07142857142857142,14,1187,42,0.07482993197278912
5.583333333333333,291,0.6090708853556359,0.26330201871438985,0.07216494845360824,23,1210,45,0.07482993197278912
5.666666666666667,292,0.6095405523669011,0.2757168060250252,0.07191780821917808,15,1225,47,0.07482993197278912
5.75,293,0.6131817062757638,0.2758977749592084,0.07167235494880546,17,1242,48,0.08843537414965986
5.833333333333333,292,0.6175051834743687,0.27379661814593326,0.06506849315068493,27,1269,50,0.09523809523809523
5.916666666666667,294,0.6222565912732024,0.28076356749826137,0.06462585034013606,16,1285,50,0.09863945578231292
6.0,293,0.6298596889917426,0.2757098703344437,0.06484641638225255,23,1308,51,0.1054421768707483
6.083333333333333,291,0.6328829009850047,0.26497730982267065,0.06529209621993128,14,1322,54,0.1054421768707483
6.166666666666667,291,0.6315327737148448,0.28008507065944477,0.07560137457044673,15,1337,57,0.10204081632653061
6.25,291,0.6300941092118243,0.2766579422323163,0.08247422680412371,14,1351,60,0.09863945578231292
6.333333333333333,294,0.6324819472909077,0.2614585072650319,0.08163265306122448,14,1365,60,0.09523809523809523
6.416666666666667,293,0.6401527078952848,0.2761430876959047,0.08532423208191127,25,1390,61,0.09523809523809523
6.5,293,0.6457506419377277,0.29799337528704195,0.10921501706484642,13,1403,62,0.09863945578231292
6.583333333333333,292,0.6500763222530085,0.2939717720927654,0.0958904109589041,20,1423,64,0.09863945578231292
6.666666666666667,292,0.6521198409894109,0.31052112972578255,0.10616438356164383,21,1444,66,0.09863945578231292
6.75,289,0.6504898249690778,0.30469767674158554,0.10380622837370242,14,1458,71,0.10204081632653061
6.833333333333333,291,0.6445341188056499,0.2975487574136703,0.10309278350515463,15,1473,74,0.09183673469387756
6.916666666666667,294,0.6466095101958307,0.30190225259215914,0.09523809523809523,15,1488,74,0.09183673469387756
7.0,294,0.6553553044392614,0.29503808636210366,0.09863945578231292,19,1507,74,0.10204081632653061
7.083333333333333,293,0.6629337651351098,0.293811780669327,0.10238907849829351,23,1530,75,0.11224489795918367
7.166666666666667,291,0.6658843224790962,0.3068387269760994,0.13402061855670103,13,1543,78,0.11564625850340136
7.25,293,0.6664460704154221,0.28931242824213455,0.10238907849829351,15,1558,79,0.11904761904761904
7.333333333333333,294,0.6725510321308737,0.2899142567473062,0.09523809523809523,19,1577,79,0.12585034013605442
7.416666666666667,294,0.6809241625478634,0.2931339220296537,0.09523809523809523,10,1587,79,0.13945578231292516
7.5,292,0.6875024126578,0.29504150893554937,0.0958904109589041,16,1603,81,0.1598639455782313
7.583333333333333,294,0.69065541937402,0.29298543654686443,0.10884353741496598,13,1616,81,0.18027210884353742
7.666666666666667,292,0.6962189939579675,0.28946786019898474,0.10616438356164383,17,1633,83,0.20068027210884354
7.75,292,0.6968977840059946,0.2857330390840267,0.08904109589041095,18,1651,85,0.2108843537414966
7.833333333333333,291,0.6964538514723012,0.27570325240382865,0.0859106529209622,14,1665,88,0.20748299319727892
7.916666666666667,294,0.6967284613611123,0.2794686234869205,0.08843537414965986,25,1690,88,0.21428571428571427
8.0,294,0.7040707025097024,0.29396272726673855,0.10884353741496598,18,1708,88,0.22108843537414966
8.083333333333334,293,0.7104644525723421,0.2948328034211287,0.10921501706484642,27,1735,89,0.22789115646258504
8.166666666666666,293,0.7143501926428021,0.29251795660864405,0.10580204778156997,19,1754,90,0.23809523809523808
8.25,292,0.7171095467841847,0.29874794970196145,0.10616438356164383,15,1769,92,0.24489795918367346
8.333333333333334,293,0.7183106510987813,0.2881106460579888,0.10580204778156997,15,1784,93,0.24829931972789115
8.416666666666666,293,0.7219749640098868,0.2858402297090742,0.11262798634812286,20,1804,94,0.24489795918367346
8.5,294,0.7266109136290765,0.30737722082474267,0.11904761904761904,16,1820,94,0.25170068027210885
8.583333333333334,293,0.7326926423631616,0.3104900313944683,0.13310580204778158,20,1840,95,0.2687074829931973
8.666666666666666,294,0.7370527012633843,0.31589956717507733,0.13945578231292516,22,1862,95,0.2755102040816326
8.75,292,0.7420837602810052,0.3157174256489325,0.16095890410958905,19,1881,97,0.282312925170068
8.833333333333334,294,0.743692346046747,0.3239011744113785,0.16326530612244897,26,1907,97,0.29591836734693877
8.916666666666666,293,0.7493427999378374,0.3301161011911865,0.15699658703071673,15,1922,98,0.30952380952380953
9.0,294,0.7532676944151396,0.31391518566923216,0.1598639455782313,18,1940,98,0.3197278911564626
9.083333333333334,292,0.7579743674647067,0.3160045447126222,0.1643835616438356,18,1958,100,0.32653061224489793
9.166666666666666,290,0.7563734918509448,0.3177419050100382,0.16551724137931034,28,1986,104,0.3333333333333333
9.25,293,0.7512981959833617,0.30968117148239543,0.13993174061433447,19,2005,105,0.3401360544217687
9.333333333333334,291,0.7521786566872971,0.3069417412911903,0.13402061855670103,19,2024,108,0.35714285714285715
9.416666666666666,291,0.7478972935084427,0.3020975686635125,0.13402061855670103,18,2042,111,0.3673469387755102
9.5,290,0.7427674877096576,0.30312315079556457,0.1310344827586207,25,2067,115,0.36394557823129253
9.583333333333334,291,0.7358515202626249,0.3074188411817278,0.13402061855670103,25,2092,118,0.35714285714285715
9.666666666666666,291,0.7315981813175406,0.31504414496502725,0.13745704467353953,18,2110,121,0.35714285714285715
9.75,292,0.7283259545305226,0.3114094586080091,0.11986301369863013,18,2128,123,0.35714285714285715
9.833333333333334,293,0.7285209969083142,0.29382492413883793,0.10921501706484642,16,2144,124,0.35714285714285715
9.916666666666666,289,0.7274794404748677,0.30509692778542863,0.1245674740484429,19,2163,129,0.3673469387755102
10.0,293,0.7201598450543131,0.3099630460551962,0.12286689419795221,15,2178,130,0.3673469387755102
10.083333333333334,292,0.721743388323712,0.3079759091745393,0.14726027397260275,23,2201,132,0.3707482993197279
10.166666666666666,291,0.7201059438666525,0.30843037260563033,0.14776632302405499,16,2217,135,0.3707482993197279
10.25,291,0.7159383423412256,0.3045417163973865,0.14776632302405499,16,2233,138,0.3673469387755102
10.333333333333334,291,0.7117829279948213,0.31180960805408525,0.15807560137457044,26,2259,141,0.3741496598639456
10.416666666666666,292,0.7086237507067921,0.302512933359313,0.136986301369863,20,2279,143,0.3673469387755102
10.5,293,0.7089832907930912,0.30026888843319854,0.12627986348122866,26,2305,144,0.3673469387755102
10.583333333333334,291,0.7101233830076121,0.3066912554000564,0.12714776632302405,30,2335,147,0.391156462585034
10.666666666666666,293,0.7078264577872828,0.29846755341383696,0.13993174061433447,18,2353,148,0.3979591836734694
10.75,291,0.7083415445440417,0.2989271136889338,0.140893470790378,29,2382,151,0.4013605442176871
10.833333333333334,292,0.7048942228398677,0.28137316483443076,0.136986301369863,23,2405,153,0.42857142857142855
10.916666666666666,292,0.7037515603358967,0.2776570746604993,0.1267123287671233,19,2424,155,0.42517006802721086
11.0,291,0.7016716772593122,0.2833596910916499,0.11683848797250859,15,2439,158,0.42517006802721086
11.083333333333334,292,0.6981717690628009,0.29642333503634877,0.1232876712328767,23,2462,160,0.4217687074829932
11.166666666666666,292,0.6971018413459011,0.28449393072680745,0.11986301369863013,21,2483,162,0.4217687074829932
11.25,291,0.6950807501287423,0.28050238230650604,0.12027491408934708,20,2503,165,0.41496598639455784
11.333333333333334,292,0.6917427698829011,0.27172158163832705,0.11986301369863013,20,2523,167,0.41156462585034015
11.416666666666666,293,0.6918168776380028,0.2716653623741214,0.11945392491467577,22,2545,168,0.42517006802721086
11.5,293,0.6951735110792875,0.2717725021989919,0.11262798634812286,18,2563,169,0.4217687074829932
11.583333333333334,292,0.6965543598898871,0.27610167700907934,0.1095890410958904,14,2577,171,0.42857142857142855
11.666666666666666,293,0.6965707824163374,0.27396657282309667,0.11262798634812286,18,2595,172,0.43197278911564624
11.75,290,0.6957746276117078,0.2749142276290383,0.10344827586206896,14,2609,176,0.42857142857142855
11.833333333333334,291,0.6888951855218469,0.2791024213742021,0.09965635738831616,17,2626,179,0.42517006802721086
11.916666666666666,293,0.6865502091011315,0.27456732708880527,0.09897610921501707,15,2641,180,0.41836734693877553
12.0,293,0.6891021727269105,0.28889690157196335,0.09897610921501707,21,2662,181,0.4217687074829932
12.083333333333334,292,0.690658964014241,0.2824611873413243,0.09931506849315068,16,2678,183,0.42857142857142855
12.166666666666666,292,0.6897779987748185,0.2913354501166816,0.09931506849315068,11,2689,185,0.43197278911564624
12.25,289,0.6862069768625533,0.2871954973654614,0.10380622837370242,12,2701,190,0.42857142857142855
12.333333333333334,291,0.677073614572828,0.28916030998693604,0.10309278350515463,16,2717,193,0.41836734693877553
12.416666666666666,293,0.6749189917572511,0.29919237347264516,0.09215017064846416,12,2729,194,0.41836734693877553
12.5,290,0.6742218962552105,0.28649112381871,0.09310344827586207,21,2750,198,0.42517006802721086
12.583333333333334,293,0.6699834044077833,0.2754550246871066,0.09215017064846416,13,2763,199,0.41156462585034015
12.666666666666666,292,0.6714988923655029,0.27709038488148074,0.09246575342465753,22,2785,201,0.41836734693877553
12.75,292,0.6708542337988403,0.2750457020148801,0.0958904109589041,21,2806,203,0.41836734693877553
12.833333333333334,294,0.6723716724120591,0.274334433518107,0.09523809523809523,27,2833,203,0.42517006802721086
12.916666666666666,294,0.6785101538110664,0.2738090046763516,0.09523809523809523,19,2852,203,0.42517006802721086
13.0,294,0.68470528992845,0.2624801502352523,0.08503401360544217,14,2866,203,0.42857142857142855
13.083333333333334,292,0.6890038720850077,0.26880788541747447,0.0821917808219178,17,2883,205,0.4387755102040816
13.166666666666666,292,0.6881301373656625,0.25390920913181186,0.07876712328767123,24,2907,207,0.4421768707482993
13.25,291,0.6861492596594975,0.26477180703984826,0.08247422680412371,15,2922,210,0.4387755102040816
13.333333333333334,292,0.6828682394910506,0.2769003732188664,0.0821917808219178,14,2936,212,0.43537414965986393
13.416666666666666,290,0.6802394952497545,0.2831989370782474,0.08275862068965517,15,2951,216,0.43197278911564624
13.5,292,0.6748011321449292,0.27377757326387464,0.0821917808219178,18,2969,218,0.42517006802721086
13.583333333333334,289,0.6707159646204447,0.27995479146559377,0.07612456747404844,18,2987,223,0.41836734693877553
13.666666666666666,293,0.6643973872001488,0.27611927290273386,0.08191126279863481,17,3004,224,0.40816326530612246
13.75,290,0.6637773467074576,0.28558695203392803,0.08620689655172414,12,3016,228,0.40816326530612246
13.833333333333334,294,0.6611929923690496,0.28114799099364757,0.08503401360544217,11,3027,228,0.3979591836734694
13.916666666666666,291,0.6642276299858612,0.2878179584631771,0.09278350515463918,23,3050,231,0.3979591836734694
14.0,290,0.6593708054400466,0.28954200047541306,0.09655172413793103,22,3072,235,0.3945578231292517
14.083333333333334,292,0.6545774617607175,0.2928190819310328,0.11301369863013698,21,3093,237,0.3843537414965986
14.166666666666666,291,0.6532361100755512,0.29437429695161654,0.09621993127147767,14,3107,240,0.37755102040816324
14.25,293,0.6522466738908267,0.2824241079360533,0.08191126279863481,13,3120,241,0.3707482993197279
14.333333333333334,290,0.6522148387894555,0.2848109744661469,0.07931034482758621,17,3137,245,0.3707482993197279
14.416666666666666,292,0.6478948347968755,0.26909715094646597,0.07876712328767123,17,3154,247,0.36394557823129253
14.5,292,0.6480010439640748,0.27068522231193465,0.0821917808219178,17,3171,249,0.36054421768707484
14.583333333333334,291,0.647611049394225,0.2642569629683032,0.0859106529209622,14,3185,252,0.36054421768707484
14.666666666666666,293,0.6467078567176732,0.2642544978722453,0.07849829351535836,16,3201,253,0.35714285714285715
14.75,292,0.6494288640356403,0.2635901864497755,0.0821917808219178,16,3217,255,0.36394557823129253
14.833333333333334,294,0.6518838343379886,0.2729733796060327,0.08843537414965986,21,3238,255,0.36394557823129253
14.916666666666666,294,0.6587041675054902,0.28107577418801905,0.09523809523809523,16,3254,255,0.3673469387755102
15.0,293,0.664370187067791,0.27725482708417865,0.09556313993174062,21,3275,256,0.37755102040816324
15.083333333333334,292,0.6665967532397071,0.2831463722730846,0.0958904109589041,16,3291,258,0.37755102040816324
15.166666666666666,291,0.665329342386885,0.2811097264705512,0.09965635738831616,19,3310,261,0.3741496598639456
15.25,291,0.6617380874862515,0.2901030050514587,0.09965635738831616,23,3333,264,0.3741496598639456
15.333333333333334,291,0.658113721059899,0.2948940521105469,0.11683848797250859,23,3356,267,0.3673469387755102
15.416666666666666,290,0.6533906391318756,0.2979626312384933,0.11724137931034483,20,3376,271,0.35714285714285715
15.5,290,0.6465318699088343,0.29494366744366746,0.1103448275862069,13,3389,275,0.3435374149659864
15.583333333333334,293,0.6434186463250245,0.2809853873847048,0.07508532423208192,15,3404,276,0.336734693877551
15.666666666666666,291,0.6446934326442973,0.290163262254573,0.07560137457044673,22,3426,279,0.3333333333333333
15.75,292,0.6429317488653604,0.28002717276200645,0.07534246575342465,20,3446,281,0.3333333333333333
15.833333333333334,291,0.6420940099270797,0.2807829041628747,0.07560137457044673,17,3463,284,0.3299319727891156
15.916666666666666,291,0.6391072405924845,0.27446605377385935,0.07560137457044673,20,3483,287,0.3231292517006803
16.0,288,0.635857000329366,0.2788647887606221,0.0763888888888889,17,3500,292,0.32653061224489793
16.083333333333332,291,0.6264678431635817,0.27382396145282745,0.08247422680412371,23,3523,295,0.30952380952380953
16.166666666666668,292,0.6249787439359847,0.28037582660870336,0.06506849315068493,15,3538,297,0.29931972789115646
16.25,289,0.6221349129576081,0.2879223525417297,0.09688581314878893,18,3556,302,0.29931972789115646
16.333333333333332,291,0.6152469684747512,0.2715085029518019,0.08934707903780069,16,3572,305,0.2891156462585034
16.416666666666668,291,0.6131731772632152,0.2774245513936236,0.06872852233676977,10,3582,308,0.2789115646258503
16.5,289,0.6082242849329164,0.2670331494725959,0.06920415224913495,13,3595,313,0.282312925170068
16.583333333333332,292,0.6032498138336669,0.25810696153161905,0.06506849315068493,14,3609,315,0.2687074829931973
16.666666666666668,293,0.6054570307935457,0.27141619283257507,0.06825938566552901,20,3629,316,0.2755102040816326
16.75,291,0.6070885477312339,0.27387590454600763,0.06529209621993128,15,3644,319,0.2789115646258503
16.833333333333332,293,0.6072746159383455,0.25321868153161553,0.06143344709897611,12,3656,320,0.272108843537415
16.916666666666668,293,0.611635492319502,0.2667507694664338,0.06143344709897611,18,3674,321,0.2755102040816326
17.0,293,0.6159926931660566,0.2666249472416355,0.06825938566552901,19,3693,322,0.2789115646258503
17.083333333333332,289,0.6151755967133896,0.265453768896505,0.06920415224913495,14,3707,327,0.2789115646258503
17.166666666666668,290,0.6075126351366785,0.256467267656753,0.06896551724137931,17,3724,331,0.2755102040816326
17.25,294,0.6066755867541476,0.25592284564587775,0.06802721088435375,17,3741,331,0.272108843537415
17.333333333333332,291,0.6102066759259334,0.25912601961939224,0.06872852233676977,18,3759,334,0.2891156462585034
17.416666666666668,290,0.607354218181312,0.2598913046449992,0.07241379310344828,20,3779,338,0.2857142857142857
17.5,291,0.6026998447950025,0.2555839503877612,0.07216494845360824,23,3802,341,0.2789115646258503
17.583333333333332,293,0.6024993797627765,0.2617566792068804,0.07167235494880546,15,3817,342,0.2789115646258503
17.666666666666668,292,0.6051161725356284,0.2547407844938973,0.07534246575342465,17,3834,344,0.2857142857142857
17.75,291,0.604356251915119,0.26561250558493427,0.07560137457044673,17,3851,347,0.2857142857142857
17.833333333333332,293,0.6041520414816,0.25012295251203104,0.07508532423208192,34,3885,348,0.2857142857142857
17.916666666666668,293,0.6080528026473649,0.256747064084948,0.07167235494880546,19,3904,349,0.2925170068027211
18.0,292,0.6106782076251773,0.24906402577635453,0.0684931506849315,12,3916,351,0.2891156462585034
18.083333333333332,293,0.6125273960381079,0.24686833833591512,0.06484641638225255,18,3934,352,0.2857142857142857
18.166666666666668,289,0.6111532773443007,0.24546542461767373,0.0657439446366782,24,3958,357,0.2857142857142857
18.25,290,0.6026772876674414,0.2520307565997221,0.06896551724137931,13,3971,361,0.2789115646258503
18.333333333333332,290,0.5962530442932439,0.2589207344379758,0.06896551724137931,20,3991,365,0.2687074829931973
18.416666666666668,291,0.5921791811116062,0.2633669881092562,0.07216494845360824,18,4009,368,0.2653061224489796
18.5,292,0.5907580462294163,0.2679190672341357,0.07534246575342465,11,4020,370,0.2619047619047619
18.583333333333332,293,0.5929035494596858,0.2626926069758834,0.08191126279863481,14,4034,371,0.25510204081632654
18.666666666666668,291,0.5943916798895454,0.2745588699196947,0.0859106529209622,26,4060,374,0.2585034013605442
18.75,291,0.5951800175000446,0.2771427312664426,0.10309278350515463,13,4073,376,0.2619047619047619
18.833333333333332,291,0.5925170461396898,0.2738798429520079,0.10309278350515463,11,4084,379,0.2585034013605442
18.916666666666668,291,0.5898598190543947,0.2710066661097589,0.0859106529209622,25,4109,382,0.25510204081632654
19.0,293,0.5907711771750404,0.268925073788555,0.08873720136518772,10,4119,383,0.2585034013605442
19.083333333333332,293,0.5949412256721585,0.27936486153209705,0.08873720136518772,9,4128,384,0.2619047619047619
19.166666666666668,290,0.5950414510088825,0.2691634514910377,0.0896551724137931,12,4140,388,0.2619047619047619
19.25,293,0.5931315686649098,0.26991386505038384,0.08532423208191127,16,4156,389,0.2619047619047619
19.333333333333332,291,0.594327791652041,0.2618043741018704,0.07560137457044673,18,4174,392,0.2789115646258503
19.416666666666668,293,0.5976275000247772,0.2595774803234579,0.07849829351535836,13,4187,392,0.282312925170068
19.5,292,0.6002290341295231,0.25625291619665397,0.07534246575342465,14,4201,394,0.282312925170068
19.583333333333332,293,0.6021481229574758,0.2552741329313733,0.07849829351535836,15,4216,395,0.2789115646258503
19.666666666666668,289,0.600643050605276,0.26118475910863453,0.07612456747404844,10,4226,400,0.2789115646258503
19.75,291,0.5936252244855053,0.2616207675486026,0.06529209621993128,19,4245,403,0.2687074829931973
19.833333333333332,293,0.5935241752303987,0.2517168743277958,0.06825938566552901,12,4257,404,0.2619047619047619
19.916666666666668,289,0.5919984710138274,0.2588342996023852,0.07958477508650519,16,4273,409,0.272108843537415
20.0,290,0.5837321882440424,0.2564967087621458,0.08620689655172414,25,4298,413,0.25510204081632654
20.083333333333332,291,0.5824539704171265,0.26250297670220946,0.07903780068728522,19,4317,415,0.24489795918367346
20.166666666666668,294,0.5842859744842009,0.2637208266818749,0.09523809523809523,19,4336,415,0.24149659863945577
20.25,290,0.5864489249458746,0.26057509403568513,0.09310344827586207,17,4353,419,0.24489795918367346
20.333333333333332,293,0.5849725265067679,0.2708081059738788,0.09556313993174062,22,4375,420,0.23469387755102042
20.416666666666668,291,0.5881390721239595,0.27434846422328013,0.08934707903780069,17,4392,423,0.23469387755102042
20.5,292,0.5872289943137005,0.27103457669749254,0.07191780821917808,16,4408,425,0.22789115646258504
20.583333333333332,290,0.5856613414445265,0.2587011729376261,0.06551724137931035,18,4426,429,0.22448979591836735
20.666666666666668,293,0.5841947644303483,0.2651671977732436,0.06825938566552901,17,4443,430,0.21428571428571427
20.75,292,0.587360803806357,0.27861518102467225,0.07191780821917808,16,4459,432,0.21428571428571427
20.833333333333332,291,0.5871861977857288,0.2777145153433813,0.07560137457044673,14,4473,435,0.21428571428571427
20.916666666666668,289,0.5855584988944726,0.27881754923277413,0.0726643598615917,15,4488,439,0.21768707482993196
21.0,294,0.5836582217782503,0.26860418493071553,0.07482993197278912,8,4496,439,0.20068027210884354
21.083333333333332,294,0.5917598385886391,0.26515205316225726,0.07482993197278912,6,4502,439,0.20748299319727892
21.166666666666668,293,0.5987089595990627,0.2709858306274689,0.07167235494880546,14,4516,440,0.21768707482993196
21.25,294,0.6049111596663544,0.2669749656994555,0.07142857142857142,18,4534,440,0.21768707482993196
21.333333333333332,292,0.6103207542602087,0.2712461340029833,0.0684931506849315,14,4548,442,0.23809523809523808
21.416666666666668,291,0.6101520556685245,0.26979289324650146,0.06872852233676977,14,4562,445,0.24829931972789115
21.5,294,0.6117743417725613,0.2744956951589605,0.06802721088435375,13,4575,445,0.24149659863945577
21.583333333333332,293,0.618320657918968,0.26832826824294403,0.07167235494880546,16,4591,446,0.24829931972789115
21.666666666666668,292,0.621511899950237,0.26473328802095925,0.07191780821917808,16,4607,448,0.25510204081632654
21.75,291,0.6211656564257927,0.2728132596689298,0.07216494845360824,18,4625,451,0.2585034013605442
21.833333333333332,291,0.6186650729766521,0.27005542185954556,0.06872852233676977,15,4640,454,0.24829931972789115
21.916666666666668,293,0.6188561882708398,0.26288946169492244,0.07167235494880546,15,4655,455,0.24149659863945577
22.0,293,0.623396118064077,0.27349584431495694,0.07849829351535836,12,4667,456,0.24489795918367346
22.083333333333332,293,0.6278262016540885,0.2815012537708783,0.08532423208191127,10,4677,457,0.25510204081632654
22.166666666666668,292,0.630999899552822,0.2931903237553922,0.08904109589041095,19,4696,459,0.25510204081632654
22.25,293,0.6332460067337206,0.2845433103112284,0.08873720136518772,16,4712,460,0.2585034013605442
22.333333333333332,292,0.6373091319658831,0.2796145064980681,0.09246575342465753,19,4731,462,0.2619047619047619
22.416666666666668,292,0.6381916530091073,0.27832394013900863,0.09246575342465753,18,4749,464,0.2619047619047619
22.5,294,0.6415466539311173,0.27862490872694956,0.09183673469387756,15,4764,464,0.25510204081632654
22.583333333333332,290,0.6451588942097276,0.28054036002311866,0.0896551724137931,22,4786,468,0.2585034013605442
22.666666666666668,291,0.6408097129062428,0.27916043483053793,0.07903780068728522,17,4803,471,0.2585034013605442
22.75,294,0.6417092628821296,0.28616999969040785,0.09863945578231292,23,4826,471,0.2585034013605442
22.833333333333332,293,0.6479413997254384,0.3001555801043856,0.10580204778156997,15,4841,472,0.2789115646258503
22.916666666666668,290,0.6484346276289439,0.28926778202640274,0.10344827586206896,19,4860,476,0.2789115646258503
23.0,290,0.6421542242627848,0.2825646192887572,0.0896551724137931,14,4874,480,0.2755102040816326
23.083333333333332,290,0.635773938303781,0.2760979154944672,0.08620689655172414,14,4888,484,0.272108843537415
23.166666666666668,290,0.6293356222067603,0.27614131079648324,0.08620689655172414,23,4911,488,0.272108843537415
23.25,291,0.6243335057201644,0.28273225438173893,0.0859106529209622,10,4921,491,0.2653061224489796
23.333333333333332,291,0.6216351260277223,0.2765444838876605,0.09278350515463918,20,4941,494,0.2619047619047619
23.416666666666668,294,0.6229114991171736,0.2681179452841507,0.08503401360544217,13,4954,494,0.25510204081632654
23.5,293,0.6295855033107745,0.27295136209416465,0.08532423208191127,14,4968,495,0.2653061224489796
23.583333333333332,293,0.633765251446663,0.2644475196556562,0.09556313993174062,21,4989,496,0.272108843537415
23.666666666666668,293,0.6379013063996499,0.2684377848682272,0.09556313993174062,15,5004,497,0.272108843537415
23.75,290,0.638281812370099,0.27444335410857035,0.10344827586206896,18,5022,501,0.2789115646258503
23.833333333333332,293,0.6357495660637427,0.2705994285085225,0.09897610921501707,26,5048,502,0.272108843537415
23.916666666666668,291,0.6406625253315533,0.2673957376829247,0.09278350515463918,13,5061,504,0.2789115646258503
24.0,290,0.6366109632197553,0.27252426692081866,0.0896551724137931,20,5081,508,0.2755102040816326
24.083333333333332,291,0.6349718014691359,0.2633045171704966,0.09621993127147767,14,5095,510,0.2687074829931973
24.166666666666668,291,0.6326467913498557,0.26752739433151806,0.09278350515463918,23,5118,513,0.2585034013605442
24.25,294,0.6336568286828279,0.2733047470292368,0.10204081632653061,16,5134,513,0.2653061224489796
24.333333333333332,293,0.6399617144259352,0.2762439494521406,0.10921501706484642,17,5151,514,0.2755102040816326
24.416666666666668,290,0.6403868407786557,0.28200257596809325,0.12413793103448276,14,5165,518,0.2857142857142857
24.5,293,0.6378384666622456,0.27486421428400953,0.10921501706484642,12,5177,519,0.2789115646258503
24.583333333333332,292,0.6405604039248597,0.28835443475854433,0.11301369863013698,22,5199,521,0.2789115646258503
24.666666666666668,293,0.6423952837786653,0.28134100446387134,0.10921501706484642,23,5222,522,0.282312925170068
24.75,291,0.6439585944956785,0.2805355679067019,0.10652920962199312,15,5237,525,0.2789115646258503
24.833333333333332,288,0.6375831291823785,0.28140800172050173,0.1076388888888889,23,5260,531,0.272108843537415
24.916666666666668,292,0.6294652693218125,0.2891168762744105,0.10616438356164383,19,5279,533,0.2585034013605442
25.0,293,0.6314278242809517,0.2863381499047028,0.10238907849829351,16,5295,534,0.25510204081632654
25.083333333333332,293,0.6357114620003207,0.28016563451717036,0.08532423208191127,16,5311,535,0.25510204081632654
25.166666666666668,291,0.6376132019136707,0.27892200392200395,0.08247422680412371,19,5330,538,0.25510204081632654
25.25,290,0.6341831530510263,0.28911714722059545,0.0896551724137931,14,5344,542,0.24829931972789115
25.333333333333332,294,0.633169679842568,0.29023413283617366,0.09183673469387756,17,5361,542,0.25510204081632654
25.416666666666668,291,0.6379647778916817,0.3040047196608441,0.10996563573883161,21,5382,545,0.2653061224489796
25.5,290,0.63405219190602,0.2988041457211533,0.1103448275862069,20,5402,549,0.2619047619047619
25.583333333333332,292,0.6304612052209758,0.2948772685277213,0.11643835616438356,12,5414,551,0.2585034013605442
25.666666666666668,291,0.6299040881859579,0.298074270357788,0.10996563573883161,18,5432,554,0.25510204081632654
25.75,292,0.628575733730757,0.3014129027093802,0.11643835616438356,26,5458,556,0.25170068027210885
25.833333333333332,291,0.6281002057719466,0.2884395090555265,0.11683848797250859,10,5468,559,0.25170068027210885
25.916666666666668,291,0.6255228398868313,0.2873577065040041,0.10652920962199312,20,5488,562,0.24829931972789115
26.0,291,0.6229606481275316,0.2873993996605721,0.09965635738831616,15,5503,565,0.24489795918367346
26.083333333333332,292,0.6217022268346329,0.29132389610667897,0.10616438356164383,15,5518,567,0.24149659863945577
26.166666666666668,292,0.6225348328507595,0.29082298942107293,0.10273972602739725,14,5532,569,0.25170068027210885
26.25,291,0.6226240898489513,0.2894887277727154,0.09278350515463918,20,5552,572,0.24489795918367346
26.333333333333332,293,0.6225284340709913,0.29594271728596444,0.10921501706484642,21,5573,573,0.2653061224489796
26.416666666666668,292,0.6253693572259592,0.29754378042049273,0.1095890410958904,16,5589,575,0.2653061224489796
26.5,292,0.626136114456355,0.2969462438050062,0.11986301369863013,14,5603,577,0.2619047619047619
26.583333333333332,292,0.628627080473427,0.2962670048552193,0.1095890410958904,14,5617,579,0.25510204081632654
26.666666666666668,292,0.6293250718170368,0.2913489206563132,0.08904109589041095,19,5636,581,0.2653061224489796
26.75,292,0.6300515745341584,0.2999672623078386,0.09246575342465753,15,5651,583,0.2619047619047619
26.833333333333332,293,0.6320305902788603,0.30925929561918736,0.09897610921501707,15,5666,584,0.2653061224489796
26.916666666666668,293,0.6361782880201861,0.318897997181509,0.11604095563139932,25,5691,585,0.2687074829931973
27.0,293,0.6402849681121519,0.3134081135346288,0.1296928327645051,16,5707,586,0.282312925170068
27.083333333333332,293,0.6442973962744966,0.31103929252393414,0.10921501706484642,23,5730,587,0.2789115646258503
27.166666666666668,293,0.6483379000443334,0.30057566878266406,0.11262798634812286,25,5755,588,0.282312925170068
27.25,291,0.6499439401046191,0.31420432626497785,0.13402061855670103,12,5767,591,0.30272108843537415
27.333333333333332,289,0.6447752468268506,0.3051735087619827,0.13494809688581316,18,5785,596,0.29591836734693877
27.416666666666668,292,0.6385435720012189,0.30416802664086556,0.13356164383561644,19,5804,598,0.282312925170068
27.5,291,0.6378009563234862,0.3064092370349036,0.13058419243986255,15,5819,601,0.282312925170068
27.583333333333332,291,0.6369040829595234,0.2963101818327556,0.1134020618556701,19,5838,604,0.2925170068027211
27.666666666666668,292,0.6354810753009738,0.30685028540189146,0.1404109589041096,14,5852,606,0.2857142857142857
27.75,294,0.6382798449481805,0.3141847072063264,0.14965986394557823,19,5871,606,0.2857142857142857
27.833333333333332,293,0.644276559255044,0.3111954362437145,0.13993174061433447,18,5889,607,0.2891156462585034
27.916666666666668,290,0.6479422897244819,0.31884990976075644,0.14482758620689656,11,5900,610,0.29931972789115646
28.0,294,0.6462663714215815,0.3129539840368278,0.13945578231292516,16,5916,610,0.2891156462585034
28.083333333333332,291,0.6498082581626036,0.3136465577187227,0.13745704467353953,18,5934,613,0.2925170068027211
28.166666666666668,290,0.6455246832544097,0.3207456623835934,0.14482758620689656,12,5946,617,0.2891156462585034
28.25,290,0.6399822827231169,0.3096244655727414,0.13448275862068965,18,5964,621,0.2755102040816326
28.333333333333332,293,0.6371631457830823,0.3052503810182991,0.1296928327645051,19,5983,622,0.2687074829931973
28.416666666666668,290,0.6372819723423744,0.3150190709673468,0.12758620689655173,21,6004,626,0.272108843537415
28.5,291,0.6321980659447342,0.3100180079561523,0.13058419243986255,17,6021,629,0.2653061224489796
28.583333333333332,294,0.6331008760022572,0.3156449748286483,0.11904761904761904,21,6042,629,0.2653061224489796
28.666666666666668,292,0.6380069634250246,0.3219514286539727,0.1267123287671233,20,6062,631,0.2789115646258503
28.75,293,0.6398063494933804,0.31468795438810065,0.1296928327645051,22,6084,632,0.2891156462585034
28.833333333333332,294,0.6448341368850072,0.31447237434846764,0.1292517006802721,11,6095,632,0.29591836734693877
28.916666666666668,292,0.6497355355082569,0.3146273898964701,0.1404109589041096,19,6114,634,0.30272108843537415
29.0,294,0.6525220009195356,0.32105037819323534,0.1292517006802721,19,6133,634,0.30612244897959184
29.083333333333332,292,0.6573156513083087,0.3312457234546276,0.13356164383561644,20,6153,636,0.30952380952380953
29.166666666666668,294,0.6599939392903784,0.31206950645726156,0.1292517006802721,24,6177,636,0.30612244897959184
29.25,294,0.6670548299873768,0.32279755392000287,0.1360544217687075,17,6194,636,0.3129251700680272
29.333333333333332,290,0.6696684128691731,0.33064372409199994,0.13448275862068965,23,6217,640,0.3231292517006803
29.416666666666668,290,0.6663858577356071,0.3298513651099858,0.13793103448275862,11,6228,643,0.3231292517006803
29.5,292,0.6622804910254317,0.3213882391816969,0.136986301369863,14,6242,645,0.3197278911564626
29.583333333333332,293,0.6634396016161264,0.33316425738162825,0.14675767918088736,20,6262,646,0.3197278911564626
29.666666666666668,293,0.6670037788803305,0.34288912642708497,0.13310580204778158,8,6270,647,0.3299319727891156
29.75,291,0.6682806561921798,0.3264099684258511,0.13745704467353953,21,6291,650,0.32653061224489793
29.833333333333332,291,0.6650305029803784,0.3155640464974549,0.11683848797250859,20,6311,653,0.3231292517006803
29.916666666666668,294,0.6652079541552585,0.3180270976189344,0.11904761904761904,17,6328,653,0.3231292517006803
30.0,291,0.6688794148995226,0.32124427691438,0.13745704467353953,27,6355,656,0.32653061224489793
30.083333333333332,291,0.6655803511130864,0.32427742170010215,0.12714776632302405,15,6370,659,0.32653061224489793
30.166666666666668,292,0.6633730335411702,0.31271348514499203,0.1232876712328767,21,6391,661,0.32653061224489793
30.25,291,0.6622871608373027,0.3171603692222249,0.13745704467353953,13,6404,664,0.3231292517006803
30.333333333333332,294,0.6624711951805705,0.320406898468123,0.13945578231292516,15,6419,664,0.3231292517006803
30.416666666666668,293,0.6683129230563741,0.3240457481193707,0.13651877133105803,18,6437,665,0.3299319727891156
30.5,290,0.6686218801703386,0.32202604729698325,0.1310344827586207,22,6459,669,0.3333333333333333
30.583333333333332,291,0.6631292960889034,0.30575644150754605,0.12371134020618557,19,6478,672,0.32653061224489793
30.666666666666668,291,0.6599227221313095,0.3069654177165223,0.11683848797250859,25,6503,675,0.3163265306122449
30.75,292,0.658026261731301,0.3075065155544608,0.1095890410958904,15,6518,677,0.3163265306122449
30.833333333333332,294,0.6607123415192007,0.30414693016733835,0.10884353741496598,18,6536,677,0.3197278911564626
30.916666666666668,293,0.6667301616289012,0.2984487639777742,0.12286689419795221,18,6554,678,0.3231292517006803
31.0,294,0.6716644653683135,0.29724231739537865,0.11564625850340136,22,6576,678,0.3231292517006803
31.083333333333332,293,0.6777256165861957,0.30364806789721466,0.11604095563139932,17,6593,679,0.3299319727891156
31.166666666666668,292,0.6803603424718778,0.3085497360326127,0.1267123287671233,14,6607,681,0.3299319727891156
31.25,293,0.6817848233078246,0.3159462740520761,0.13993174061433447,13,6620,682,0.32653061224489793
31.333333333333332,291,0.6831923612916931,0.3118347560910153,0.13058419243986255,18,6638,685,0.3435374149659864
31.416666666666668,292,0.6809265901866153,0.3077804506865172,0.13013698630136986,22,6660,687,0.3333333333333333
31.5,294,0.683111629118644,0.29464138399495793,0.1292517006802721,21,6681,687,0.336734693877551
31.583333333333332,293,0.6889094117443944,0.3091376017236405,0.13310580204778158,18,6699,688,0.3435374149659864
31.666666666666668,291,0.6902691894452817,0.30495611878477147,0.12371134020618557,29,6728,691,0.3469387755102041
31.75,290,0.6891289788709696,0.30763358487199155,0.11724137931034483,14,6742,694,0.3469387755102041
31.833333333333332,292,0.6846308119378218,0.2906301382502415,0.11986301369863013,18,6760,696,0.3401360544217687
31.916666666666668,292,0.6844391726381741,0.29194688657041445,0.11986301369863013,19,6779,698,0.35034013605442177
32.0,291,0.6832914416535756,0.29683532423158376,0.12371134020618557,26,6805,701,0.35374149659863946
32.083333333333336,293,0.6817075400870991,0.2936131271657968,0.11262798634812286,15,6820,702,0.35714285714285715
32.166666666666664,290,0.681470228052558,0.30132313089768903,0.1103448275862069,18,6838,706,0.3707482993197279
32.25,290,0.674139207044424,0.29703194315822545,0.11724137931034483,14,6852,710,0.36394557823129253
32.333333333333336,292,0.6691101802245347,0.29625837508159186,0.11986301369863013,17,6869,712,0.35714285714285715
32.416666666666664,293,0.6699554692463829,0.29791048038959067,0.11262798634812286,14,6883,713,0.35034013605442177
32.5,292,0.6720814515794179,0.2903835605034235,0.11301369863013698,16,6899,715,0.35374149659863946
32.583333333333336,292,0.6719597512706755,0.3013570897538857,0.11986301369863013,27,6926,717,0.3469387755102041
32.666666666666664,290,0.6695632597733064,0.3041166872610473,0.1206896551724138,17,6943,721,0.3469387755102041
32.75,290,0.6626744588237541,0.3036159427947856,0.12758620689655173,22,6965,725,0.3333333333333333
32.833333333333336,290,0.6556636605993653,0.307718871167147,0.1206896551724138,22,6987,729,0.32653061224489793
32.916666666666664,291,0.649967946171729,0.29771175750557194,0.12027491408934708,18,7005,732,0.3197278911564626
33.0,293,0.649047154606417,0.30764882633483315,0.12286689419795221,22,7027,733,0.3231292517006803
33.083333333333336,290,0.6489791514573519,0.31031236962271447,0.1310344827586207,23,7050,737,0.336734693877551
33.166666666666664,292,0.6446757727240562,0.30514112844103064,0.13013698630136986,15,7065,739,0.3231292517006803
33.25,292,0.6448448000919224,0.2992879348309877,0.1267123287671233,12,7077,741,0.3163265306122449
33.333333333333336,289,0.6416993312807517,0.2983914009865567,0.12802768166089964,20,7097,746,0.3163265306122449
33.416666666666664,292,0.6389157260153173,0.2911766981116296,0.11986301369863013,18,7115,747,0.30612244897959184
33.5,290,0.6368433081290187,0.29417593900352523,0.11379310344827587,15,7130,751,0.3129251700680272
33.583333333333336,294,0.6354809206932802,0.2911673647071254,0.10884353741496598,20,7150,751,0.30272108843537415
33.666666666666664,294,0.6428113436179506,0.28981993096173253,0.11224489795918367,11,7161,751,0.3163265306122449
33.75,290,0.645314934957213,0.29133847028912424,0.1103448275862069,17,7178,755,0.3231292517006803
33.833333333333336,293,0.6425361326157805,0.28933286124647783,0.11262798634812286,16,7194,756,0.3163265306122449
33.916666666666664,291,0.6437517507654321,0.28856966820884344,0.11683848797250859,13,7207,759,0.3333333333333333
34.0,292,0.6418849339616037,0.292547197855417,0.11643835616438356,17,7224,761,0.3299319727891156
34.083333333333336,291,0.6434812006988846,0.29133664159437356,0.11683848797250859,20,7244,764,0.3231292517006803
34.166666666666664,289,0.6380219562883265,0.2917214849740801,0.11764705882352941,24,7268,769,0.3163265306122449
34.25,294,0.6342519959371433,0.2882811066484536,0.11564625850340136,23,7291,769,0.3129251700680272
34.333333333333336,292,0.6388483055848803,0.29104250011784255,0.11643835616438356,22,7313,771,0.3231292517006803
34.416666666666664,290,0.638664321971608,0.27836045180872765,0.09310344827586207,22,7335,775,0.3197278911564626
34.5,292,0.6345677405888797,0.28446374781991224,0.09246575342465753,20,7355,777,0.30952380952380953
34.583333333333336,294,0.6373643475311288,0.28684641101624847,0.09523809523809523,20,7375,777,0.3129251700680272
34.666666666666664,292,0.6437971185016547,0.2942512907178225,0.10273972602739725,21,7396,779,0.3197278911564626
34.75,288,0.6393315298852562,0.2863239420295923,0.10069444444444445,15,7411,785,0.3197278911564626
34.833333333333336,292,0.6377891926342105,0.2793184689153699,0.09931506849315068,22,7433,785,0.3163265306122449
34.916666666666664,291,0.6369612278165661,0.281478777139585,0.09621993127147767,24,7457,788,0.3197278911564626
35.0,293,0.6364976154260121,0.28649700697482267,0.09556313993174062,13,7470,789,0.3163265306122449
35.083333333333336,291,0.6378604998634326,0.2869066214427039,0.11683848797250859,17,7487,792,0.32653061224489793
35.166666666666664,290,0.633572872389226,0.2917446633825944,0.11724137931034483,9,7496,796,0.32653061224489793
35.25,292,0.6304074414775291,0.28124504871080214,0.1095890410958904,30,7526,798,0.3231292517006803
35.333333333333336,292,0.630742968492021,0.2890800599704709,0.11986301369863013,16,7542,800,0.3197278911564626
35.416666666666664,294,0.6336715086827871,0.28785722058065477,0.11564625850340136,14,7556,800,0.3231292517006803
35.5,294,0.6408577876969113,0.29732672877465277,0.11564625850340136,24,7580,800,0.3333333333333333
35.583333333333336,293,0.6467805142956945,0.29736239333744335,0.10238907849829351,21,7601,801,0.3401360544217687
35.666666666666664,291,0.6479865159274205,0.2992525137566019,0.09965635738831616,16,7617,804,0.3435374149659864
35.75,293,0.6471322264557667,0.2981212507634966,0.10580204778156997,17,7634,805,0.3401360544217687
35.833333333333336,291,0.6482765177180508,0.3054786211467331,0.1134020618556701,21,7655,808,0.336734693877551
35.916666666666664,292,0.6496777353495058,0.30063548791090083,0.11301369863013698,20,7675,809,0.336734693877551
36.0,292,0.6499167491474085,0.29866224235888816,0.1232876712328767,17,7692,811,0.3299319727891156
36.083333333333336,293,0.6529659906552873,0.2978395068307033,0.12286689419795221,17,7709,812,0.32653061224489793
36.166666666666664,293,0.6565891687930919,0.29338749955109067,0.12286689419795221,21,7730,813,0.336734693877551
36.25,292,0.6590313891679107,0.2956091184890233,0.1232876712328767,20,7750,815,0.3333333333333333
36.333333333333336,290,0.6569161880677578,0.3019973892592245,0.1310344827586207,21,7771,819,0.32653061224489793
36.416666666666664,291,0.6526760352832864,0.2914247929056596,0.12371134020618557,23,7794,822,0.3163265306122449
36.5,293,0.651815151125448,0.2998272551411689,0.12286689419795221,26,7820,823,0.3129251700680272
36.583333333333336,289,0.650823946247102,0.30134705405285594,0.1245674740484429,21,7841,828,0.30952380952380953
36.666666666666664,291,0.6468040623687747,0.28198042556110164,0.12027491408934708,19,7860,830,0.29931972789115646
36.75,293,0.6462872437010846,0.28727552927886285,0.11945392491467577,18,7878,831,0.29591836734693877
36.833333333333336,289,0.6457940329117714,0.2902067655527863,0.12802768166089964,24,7902,836,0.30612244897959184
36.916666666666664,292,0.6430555534139089,0.2891905659028947,0.1267123287671233,16,7918,837,0.30612244897959184
37.0,290,0.6410225112401432,0.2953805677081539,0.12758620689655173,22,7940,841,0.30272108843537415
37.083333333333336,294,0.639616007967253,0.29153582558978614,0.12585034013605442,15,7955,841,0.2925170068027211
37.166666666666664,291,0.6432750205758306,0.2852180935921981,0.12371134020618557,16,7971,844,0.30612244897959184
37.25,292,0.6415076873980345,0.2875790964382211,0.1232876712328767,26,7997,846,0.30272108843537415
37.333333333333336,291,0.6406640139895741,0.2869978045847345,0.12027491408934708,15,8012,849,0.29931972789115646
37.416666666666664,292,0.6389904872626637,0.28533510722824634,0.11643835616438356,14,8026,851,0.2925170068027211
37.5,292,0.6395642671520366,0.28459777475188436,0.11643835616438356,28,8054,853,0.2857142857142857
37.583333333333336,293,0.6414046049024273,0.2792937532698625,0.11604095563139932,20,8074,854,0.2891156462585034
37.666666666666664,292,0.6467847283815807,0.2837359558249969,0.11643835616438356,15,8089,856,0.29931972789115646
37.75,293,0.6482538298889707,0.28671288893131897,0.11604095563139932,18,8107,857,0.3129251700680272
37.833333333333336,292,0.6507063840659227,0.2932225784109346,0.11643835616438356,16,8123,859,0.30952380952380953
37.916666666666664,291,0.6497211273695448,0.2904339912614465,0.11683848797250859,20,8143,862,0.30952380952380953
38.0,293,0.6489428285161347,0.28650393027526133,0.10921501706484642,19,8162,863,0.30272108843537415
38.083333333333336,292,0.6514157594354091,0.2829170924205171,0.09931506849315068,24,8186,865,0.30612244897959184
38.166666666666664,292,0.6517202419975824,0.29544984125463575,0.1095890410958904,19,8205,867,0.30612244897959184
38.25,291,0.6508015793276392,0.28558960131125083,0.10996563573883161,21,8226,870,0.3129251700680272
38.333333333333336,291,0.6475967472666195,0.28538311631095137,0.10996563573883161,15,8241,873,0.30612244897959184
38.416666666666664,288,0.6407124680763732,0.28732795946337614,0.11458333333333333,15,8256,879,0.30272108843537415
38.5,290,0.6296683637670418,0.2770886078891005,0.11379310344827587,15,8271,883,0.2925170068027211
38.583333333333336,292,0.625702843756635,0.2778752232763974,0.1095890410958904,12,8283,885,0.2891156462585034
38.666666666666664,292,0.6260594659774399,0.26857787108520964,0.1095890410958904,21,8304,887,0.2925170068027211
38.75,291,0.6252840886312393,0.27313244901610145,0.10652920962199312,22,8326,890,0.2891156462585034
38.833333333333336,292,0.6237545112896707,0.2723978348244493,0.1095890410958904,12,8338,892,0.30272108843537415
38.916666666666664,294,0.6266088683165768,0.26803457043981826,0.1054421768707483,16,8354,892,0.29931972789115646
39.0,291,0.6301510540854045,0.2695185494154566,0.10309278350515463,14,8368,895,0.29931972789115646
39.083333333333336,293,0.62980073702612,0.27281263484335155,0.09897610921501707,17,8385,896,0.30272108843537415
39.166666666666664,291,0.6310641759625897,0.2760196180299273,0.07903780068728522,20,8405,899,0.3163265306122449
39.25,293,0.6305910980746223,0.27325438118953477,0.08191126279863481,20,8425,900,0.3129251700680272
39.333333333333336,294,0.6356049094497292,0.26814352503128014,0.0782312925170068,26,8451,900,0.3129251700680272
39.416666666666664,291,0.6390819865162625,0.2778661582785294,0.06529209621993128,14,8465,903,0.3197278911564626
39.5,292,0.6371852728090721,0.2738439832617915,0.06164383561643835,20,8485,905,0.3197278911564626
39.583333333333336,292,0.6375328248441072,0.26381546503441095,0.07534246575342465,21,8506,907,0.3197278911564626
39.666666666666664,291,0.6364378019338005,0.2757039539889444,0.08247422680412371,22,8528,910,0.3231292517006803
39.75,289,0.6305842068973438,0.27148918907026937,0.08304498269896193,21,8549,915,0.3231292517006803
39.833333333333336,294,0.626797817590155,0.257878978222285,0.0782312925170068,12,8561,915,0.30612244897959184
39.916666666666664,293,0.6325228250847978,0.26045962948693324,0.07849829351535836,12,8573,916,0.3129251700680272
40.0,291,0.6337429354340678,0.2666542792831452,0.07903780068728522,18,8591,919,0.30952380952380953
40.083333333333336,292,0.6318540586068901,0.2739125220289604,0.0821917808219178,22,8613,921,0.30612244897959184
40.166666666666664,294,0.6345779226260864,0.27581940923777654,0.08163265306122448,20,8633,921,0.30612244897959184
40.25,289,0.6354286570392111,0.2780150453160834,0.08304498269896193,16,8649,926,0.3129251700680272
40.333333333333336,293,0.6304592453941392,0.2551283471931936,0.07849829351535836,17,8666,927,0.30272108843537415
40.416666666666664,289,0.6290711455675959,0.26644345658186486,0.0726643598615917,17,8683,932,0.30272108843537415
40.5,291,0.621753805622439,0.2662361502567688,0.08247422680412371,14,8697,935,0.2925170068027211
40.583333333333336,291,0.6187457140232967,0.27740174106153487,0.08247422680412371,16,8713,938,0.2891156462585034
40.666666666666664,293,0.6185434823620901,0.2765325497407408,0.09556313993174062,17,8730,939,0.282312925170068
40.75,292,0.6213715580182044,0.2857288924925911,0.0958904109589041,26,8756,941,0.2789115646258503
40.833333333333336,290,0.6208007324503813,0.284826638878363,0.1103448275862069,19,8775,945,0.2755102040816326
40.916666666666664,291,0.6159869470159967,0.28872245346743447,0.1134020618556701,22,8797,948,0.272108843537415
41.0,292,0.6146049701499187,0.29260173606334383,0.11643835616438356,22,8819,950,0.2653061224489796
41.083333333333336,292,0.6161801641290476,0.29675578417016774,0.11643835616438356,12,8831,952,0.2653061224489796
41.166666666666664,293,0.6183734758008588,0.2853889663616626,0.10238907849829351,20,8851,953,0.2653061224489796
41.25,292,0.6213713031504273,0.2782027333397196,0.10273972602739725,15,8866,955,0.2687074829931973
41.333333333333336,293,0.6235909351027591,0.2925178064256563,0.10238907849829351,22,8888,956,0.2619047619047619
41.416666666666664,292,0.626666996515774,0.2920876402896951,0.0958904109589041,22,8910,958,0.2653061224489796
41.5,291,0.6268839215049044,0.2966176040181931,0.09621993127147767,22,8932,961,0.2619047619047619
41.583333333333336,293,0.6268635309843957,0.29338418334835953,0.09556313993174062,18,8950,962,0.2619047619047619
41.666666666666664,292,0.6298951113126504,0.2975139323488595,0.11301369863013698,16,8966,964,0.2653061224489796
41.75,293,0.6320997947736811,0.3017267547875013,0.1296928327645051,18,8984,965,0.2653061224489796
41.833333333333336,294,0.6375780015224998,0.3063002684492437,0.14285714285714285,14,8998,965,0.2755102040816326
41.916666666666664,292,0.6428436557324254,0.30509351198493345,0.1506849315068493,18,9016,967,0.2755102040816326
42.0,294,0.6461289833306523,0.29615890534257877,0.14965986394557823,31,9047,967,0.2857142857142857
42.083333333333336,294,0.6536409660137552,0.3123942761697864,0.14285714285714285,15,9062,967,0.2925170068027211
42.166666666666664,289,0.65524804757293,0.3134841613066169,0.1384083044982699,18,9080,972,0.30272108843537415
42.25,290,0.6466951497818626,0.3129175138509265,0.1413793103448276,19,9099,976,0.2925170068027211
42.333333333333336,292,0.6427548740774159,0.3089864571737505,0.1404109589041096,12,9111,978,0.2857142857142857
42.416666666666664,291,0.6421401001936344,0.3150034581157937,0.140893470790378,16,9127,981,0.2857142857142857
42.5,294,0.6430532637649169,0.30728596930215507,0.14285714285714285,24,9151,981,0.2891156462585034
42.583333333333336,290,0.6456606260593309,0.30600542211124854,0.1413793103448276,24,9175,985,0.29591836734693877
42.666666666666664,290,0.6407359391323593,0.300916689005274,0.13793103448275862,16,9191,989,0.2857142857142857
42.75,294,0.6392049518894993,0.29426849637968566,0.1360544217687075,15,9206,989,0.282312925170068
42.833333333333336,291,0.6432981270781628,0.3016937247029675,0.13402061855670103,22,9228,992,0.2925170068027211
42.916666666666664,294,0.6440271460860992,0.30264070774274854,0.1292517006802721,18,9246,992,0.2925170068027211
43.0,294,0.6512616410774178,0.30349087798067387,0.1292517006802721,19,9265,992,0.29591836734693877
43.083333333333336,290,0.6538734328419922,0.31406247966592793,0.1413793103448276,16,9281,996,0.29931972789115646
43.166666666666664,290,0.6474560676847252,0.31269699649009997,0.1413793103448276,20,9301,1000,0.29931972789115646
43.25,292,0.6432377496243376,0.30239454229180257,0.14383561643835616,22,9323,1002,0.30272108843537415
43.333333333333336,292,0.6435491836838593,0.2938567710827985,0.1267123287671233,20,9343,1004,0.29931972789115646
43.416666666666664,292,0.6439214754340608,0.3070670007313843,0.13013698630136986,18,9361,1006,0.30272108843537415
43.5,294,0.6466429281069301,0.3009713264815305,0.11224489795918367,16,9377,1006,0.30612244897959184
43.583333333333336,291,0.6501580494928345,0.2991400066142334,0.12371134020618557,19,9396,1009,0.3163265306122449
43.666666666666664,292,0.6516365500852024,0.2972837569584145,0.10616438356164383,15,9411,1010,0.3129251700680272
43.75,292,0.6534658076489199,0.2970896873294134,0.0958904109589041,22,9433,1012,0.3197278911564626
43.833333333333336,291,0.6523658829433208,0.2981886002504559,0.09965635738831616,16,9449,1015,0.3163265306122449
43.916666666666664,289,0.6466188249157749,0.29989526078000006,0.12110726643598616,23,9472,1020,0.3163265306122449
44.0,289,0.6432683130675432,0.3134957030136603,0.1245674740484429,17,9489,1023,0.3163265306122449
44.083333333333336,290,0.6346908592000158,0.3057970002648956,0.1206896551724138,9,9498,1027,0.3129251700680272
44.166666666666664,293,0.6315489063232312,0.30563801987245554,0.12286689419795221,18,9516,1028,0.3163265306122449
44.25,292,0.6337015968240124,0.3128512469265894,0.13013698630136986,16,9532,1030,0.3197278911564626
44.333333333333336,291,0.6326006409469825,0.31213153017276724,0.12714776632302405,7,9539,1033,0.3197278911564626
44.416666666666664,287,0.6243901062501033,0.3136185630088069,0.13240418118466898,18,9557,1040,0.3129251700680272
44.5,294,0.6162772520884175,0.2954465979976184,0.11904761904761904,17,9574,1040,0.29931972789115646
44.583333333333336,291,0.6192529658537328,0.2971269696840817,0.11683848797250859,15,9589,1043,0.30272108843537415
44.666666666666664,293,0.6220116873189389,0.2964665065682447,0.11604095563139932,18,9607,1043,0.30952380952380953
44.75,292,0.6241894716643498,0.3048396385082612,0.1232876712328767,25,9632,1045,0.3129251700680272
44.833333333333336,291,0.6230538579181978,0.31393176969694636,0.12371134020618557,14,9646,1048,0.30952380952380953
44.916666666666664,292,0.6210229547999351,0.3144961582849598,0.1232876712328767,22,9668,1050,0.30612244897959184
45.0,293,0.6224417214395729,0.3203289883710705,0.10580204778156997,18,9686,1051,0.30272108843537415
45.083333333333336,290,0.6221524431489787,0.31229192159971847,0.1103448275862069,12,9698,1055,0.3129251700680272
45.166666666666664,292,0.6180130677831928,0.3106943166115512,0.1095890410958904,15,9713,1057,0.30272108843537415
45.25,293,0.6228387294779548,0.3076534458030448,0.11604095563139932,14,9727,1057,0.30612244897959184
45.333333333333336,294,0.6277270524059799,0.3022708573703849,0.09863945578231292,18,9745,1057,0.30612244897959184
45.416666666666664,292,0.6322511604182044,0.29520258123234033,0.09931506849315068,19,9764,1059,0.30612244897959184
45.5,294,0.6350020155698242,0.29959991854784257,0.11224489795918367,22,9786,1059,0.30272108843537415
45.583333333333336,289,0.635824130501185,0.3002200317944263,0.11418685121107267,23,9809,1064,0.30612244897959184
45.666666666666664,293,0.6308287216496699,0.2927004262328494,0.10921501706484642,20,9829,1065,0.29931972789115646
45.75,293,0.6344035048623947,0.2883106843857697,0.10921501706484642,15,9844,1066,0.29931972789115646
45.833333333333336,293,0.6380979366873543,0.30247230963954513,0.10921501706484642,13,9857,1067,0.30272108843537415
45.916666666666664,293,0.6417511165496127,0.28838096899765725,0.10921501706484642,16,9873,1068,0.30272108843537415
46.0,291,0.6429813898329687,0.29045327557592043,0.10996563573883161,15,9888,1071,0.29931972789115646
46.083333333333336,290,0.6385783174419999,0.29347033267960737,0.1103448275862069,9,9897,1075,0.29591836734693877
46.166666666666664,291,0.6331446834638448,0.3011333934725332,0.09965635738831616,14,9911,1078,0.2925170068027211
46.25,291,0.6300259460596788,0.2986935843316931,0.10996563573883161,17,9928,1081,0.2891156462585034
46.333333333333336,290,0.6257390571923548,0.28903626265397964,0.1103448275862069,22,9950,1085,0.282312925170068
46.416666666666664,293,0.6233151927762061,0.3005273302142786,0.10580204778156997,15,9965,1086,0.2687074829931973
46.5,291,0.6248786261768434,0.306076089714554,0.13745704467353953,13,9978,1089,0.2755102040816326
46.583333333333336,293,0.6248605435972304,0.3041234522933946,0.13993174061433447,17,9995,1090,0.272108843537415
46.666666666666664,293,0.6291189751358521,0.30311872133985823,0.12286689419795221,10,10005,1091,0.2687074829931973
46.75,292,0.6324287280613424,0.30442674420000826,0.1232876712328767,19,10024,1093,0.272108843537415
46.833333333333336,291,0.6319429903700711,0.30710693863022337,0.09965635738831616,11,10035,1096,0.272108843537415
46.916666666666664,293,0.631798185695594,0.29198109632969,0.09556313993174062,19,10054,1097,0.2653061224489796
47.0,290,0.6322775194124663,0.30618427747440824,0.0896551724137931,13,10067,1101,0.2653061224489796
47.083333333333336,292,0.6287936995699985,0.30304945245013737,0.09246575342465753,25,10092,1103,0.2619047619047619
47.166666666666664,291,0.628340682805068,0.3004266161482656,0.09278350515463918,14,10106,1106,0.2585034013605442
47.25,294,0.6297208647216627,0.2937443036932833,0.1054421768707483,18,10124,1106,0.25170068027210885
47.333333333333336,293,0.6362405711830919,0.29402354376757106,0.11262798634812286,18,10142,1107,0.2619047619047619
47.416666666666664,293,0.6407127480369198,0.3008347549303181,0.11262798634812286,18,10160,1108,0.2653061224489796
47.5,291,0.6427046843153634,0.3079118762108453,0.11683848797250859,22,10182,1111,0.2653061224489796
47.583333333333336,293,0.6427408575713842,0.3105832354979112,0.11945392491467577,18,10200,1112,0.2585034013605442
47.666666666666664,293,0.6470897940688969,0.31743504883436624,0.10921501706484642,18,10218,1113,0.2687074829931973
47.75,291,0.6507697205946185,0.3147174513153895,0.09621993127147767,16,10234,1116,0.2789115646258503
47.833333333333336,291,0.6480807041282362,0.3109955418497392,0.11683848797250859,13,10247,1119,0.2755102040816326
47.916666666666664,292,0.6465893249614506,0.3030003468481942,0.11301369863013698,26,10273,1121,0.272108843537415
48.0,289,0.6475761511231825,0.2891721106377557,0.09688581314878893,15,10288,1125,0.272108843537415
48.083333333333336,291,0.6404609178130728,0.2870981034456734,0.09621993127147767,15,10303,1128,0.2653061224489796
48.166666666666664,293,0.6402006435535526,0.3027181943686088,0.10238907849829351,17,10320,1129,0.2687074829931973
48.25,291,0.6419835001319707,0.29652273897487447,0.09965635738831616,20,10340,1132,0.272108843537415
48.333333333333336,292,0.6425547217331559,0.29207789791204664,0.0958904109589041,18,10358,1134,0.272108843537415
48.416666666666664,292,0.643229908911883,0.276725736755091,0.09246575342465753,15,10373,1136,0.2755102040816326
48.5,290,0.6414723951649843,0.28064946547705166,0.09310344827586207,24,10397,1140,0.2789115646258503
48.583333333333336,293,0.6397466771934774,0.28798318670332324,0.10238907849829351,15,10412,1141,0.2755102040816326
48.666666666666664,292,0.6424763062934279,0.2856565143380212,0.10273972602739725,15,10427,1143,0.282312925170068
48.75,293,0.6443877623931584,0.27008419014757384,0.09897610921501707,17,10444,1144,0.2857142857142857
48.833333333333336,293,0.6484731865218057,0.285412136484784,0.10238907849829351,16,10460,1145,0.2891156462585034
48.916666666666664,292,0.6513378778421693,0.2717137545537741,0.10273972602739725,9,10469,1147,0.29591836734693877
49.0,290,0.649550755916624,0.2802899153391764,0.10344827586206896,11,10480,1151,0.2925170068027211
49.083333333333336,292,0.6495304971139981,0.2922591623423326,0.10273972602739725,17,10497,1152,0.30272108843537415
49.166666666666664,293,0.6511322258368811,0.299147730486102,0.10580204778156997,21,10518,1153,0.30612244897959184
49.25,291,0.6526405777079765,0.29872462262005706,0.13058419243986255,18,10536,1156,0.30612244897959184
49.333333333333336,294,0.6533402651202042,0.30572041202507677,0.1360544217687075,13,10549,1156,0.30272108843537415
49.416666666666664,290,0.6565526827027299,0.3072658745195691,0.1310344827586207,16,10565,1160,0.3129251700680272
49.5,291,0.6512484343073096,0.30147626196963456,0.13058419243986255,15,10580,1163,0.3163265306122449
49.583333333333336,292,0.6496439526270557,0.29449614176864664,0.1095890410958904,23,10603,1165,0.30952380952380953
49.666666666666664,292,0.6499695809786054,0.29816078137995944,0.09931506849315068,19,10622,1167,0.30952380952380953
49.75,292,0.6503876821600698,0.28513565962196097,0.09246575342465753,16,10638,1169,0.30612244897959184
49.833333333333336,294,0.6531565125246975,0.2901612182224427,0.09863945578231292,18,10656,1169,0.30612244897959184
49.916666666666664,290,0.6557497317216014,0.290846280156625,0.1,15,10671,1173,0.30952380952380953
50.0,291,0.655641467643343,0.2896088352273919,0.09621993127147767,19,10690,1175,0.30272108843537415
50.083333333333336,292,0.653742606763794,0.2799772525799923,0.07534246575342465,18,10708,1177,0.30272108843537415
50.166666666666664,291,0.6529397800475075,0.28795850960799413,0.07903780068728522,15,10723,1180,0.3129251700680272
50.25,292,0.6509313058607116,0.2890720485754732,0.07534246575342465,15,10738,1182,0.30952380952380953
50.333333333333336,290,0.6487685651790499,0.2807730392213151,0.05862068965517241,19,10757,1186,0.30952380952380953
50.416666666666664,291,0.6433553145231052,0.28302073070114303,0.058419243986254296,14,10771,1189,0.30272108843537415
50.5,293,0.642592746956439,0.2785951060695088,0.05802047781569966,8,10779,1190,0.30272108843537415
50.583333333333336,292,0.6450655365984312,0.2822771881847224,0.05821917808219178,14,10793,1192,0.30612244897959184
50.666666666666664,292,0.64535109032674,0.2811845608851795,0.05821917808219178,15,10808,1194,0.30952380952380953
50.75,293,0.6468544827811036,0.27719961268623605,0.051194539249146756,22,10830,1195,0.30952380952380953
50.833333333333336,293,0.6507122893705883,0.2717634011920041,0.051194539249146756,24,10854,1196,0.30952380952380953
50.916666666666664,293,0.654364842166494,0.2645831510165981,0.05802047781569966,10,10864,1197,0.3129251700680272
51.0,292,0.6568990248967962,0.25635619137331467,0.0547945205479452,15,10879,1199,0.3129251700680272
51.083333333333336,291,0.656000940012326,0.24765818374065798,0.05154639175257732,21,10900,1202,0.3129251700680272
51.166666666666664,292,0.6539441692081727,0.2583065336489994,0.05821917808219178,18,10918,1204,0.3129251700680272
51.25,292,0.6541992795529287,0.2498255644659754,0.0547945205479452,16,10934,1206,0.3129251700680272
51.333333333333336,290,0.6535351153353642,0.24975375232509597,0.05517241379310345,17,10951,1210,0.3163265306122449
51.416666666666664,292,0.649136983783325,0.2604094063706723,0.05821917808219178,20,10971,1212,0.3163265306122449
51.5,291,0.6480185778660681,0.2563939214134735,0.058419243986254296,24,10995,1215,0.3129251700680272
51.583333333333336,291,0.6447725111672084,0.2562831498454243,0.058419243986254296,17,11012,1218,0.30952380952380953
51.666666666666664,292,0.6427724926864423,0.24975000233881126,0.05821917808219178,17,11029,1220,0.30952380952380953
51.75,291,0.6426917843196456,0.24715765269670564,0.044673539518900345,29,11058,1223,0.30952380952380953
51.833333333333336,292,0.6406833552007601,0.25521308915783025,0.04794520547945205,23,11081,1225,0.3197278911564626
51.916666666666664,294,0.6432750827431962,0.2538215746102291,0.04421768707482993,13,11094,1225,0.3197278911564626
52.0,292,0.6478601602118097,0.2543768446165707,0.0410958904109589,18,11112,1227,0.336734693877551
52.083333333333336,293,0.6491824069053133,0.25682744445543076,0.040955631399317405,15,11127,1228,0.3333333333333333
52.166666666666664,291,0.6502647144073685,0.2522274374122935,0.041237113402061855,17,11144,1231,0.336734693877551
52.25,292,0.6481288057522456,0.2530408583963142,0.04794520547945205,18,11162,1233,0.3299319727891156
52.333333333333336,291,0.6470102445374097,0.25279413875219064,0.020618556701030927,11,11173,1236,0.32653061224489793
52.416666666666664,291,0.6437411111812399,0.25372645681924033,0.044673539518900345,17,11190,1239,0.3163265306122449
52.5,292,0.6417507693733207,0.2494795824419112,0.04452054794520548,8,11198,1241,0.30612244897959184
52.583333333333336,292,0.6420326209496062,0.2524180537879168,0.04452054794520548,20,11218,1243,0.30272108843537415
52.666666666666664,291,0.6412196166338139,0.26038548126176997,0.044673539518900345,14,11232,1246,0.29931972789115646
52.75,291,0.63822986783571,0.26318370442081784,0.044673539518900345,17,11249,1249,0.2891156462585034
52.833333333333336,290,0.6364571133004272,0.25751573139504175,0.05172413793103448,17,11266,1253,0.2891156462585034
52.916666666666664,293,0.6336434647476452,0.26755688376848785,0.04778156996587031,15,11281,1254,0.2925170068027211
53.0,293,0.6373535737101788,0.2706799173522723,0.051194539249146756,17,11298,1255,0.29931972789115646
53.083333333333336,291,0.6387359759510401,0.26023839657860276,0.05154639175257732,17,11315,1258,0.30272108843537415
53.166666666666664,292,0.6403519006140106,0.2577063727748659,0.0547945205479452,31,11346,1259,0.30952380952380953
53.25,291,0.6394989925013009,0.26329535298607465,0.030927835051546393,17,11363,1262,0.3129251700680272
53.333333333333336,292,0.6376414811983268,0.2635821465444753,0.030821917808219176,16,11379,1264,0.30952380952380953
53.416666666666664,288,0.6339802751408422,0.2693893413277799,0.027777777777777776,17,11396,1270,0.30272108843537415
53.5,293,0.6269496128332831,0.2597795378282419,0.027303754266211604,17,11413,1271,0.29591836734693877
53.583333333333336,293,0.6307323204697646,0.2609499639133438,0.027303754266211604,25,11438,1272,0.29931972789115646
53.666666666666664,293,0.6348237837866677,0.26071306428197094,0.027303754266211604,18,11456,1273,0.30952380952380953
53.75,292,0.6375813940291484,0.25754587579130866,0.04794520547945205,16,11472,1275,0.3197278911564626
53.833333333333336,291,0.6403402927138997,0.2648176900257594,0.048109965635738834,15,11487,1277,0.3231292517006803
53.916666666666664,293,0.6399087779700926,0.26187772669506587,0.034129692832764506,19,11506,1278,0.3129251700680272
54.0,294,0.6450919843203753,0.26385084562458844,0.034013605442176874,16,11522,1278,0.30952380952380953
54.083333333333336,290,0.6478172521425489,0.28192009765859644,0.034482758620689655,17,11539,1282,0.3163265306122449
54.166666666666664,292,0.6439911213507444,0.2734488271788431,0.03424657534246575,16,11555,1284,0.30952380952380953
54.25,293,0.6457550512685133,0.26649458480231397,0.034129692832764506,12,11567,1285,0.30952380952380953
54.333333333333336,292,0.6484638454813803,0.25769413789564866,0.03424657534246575,20,11587,1287,0.3299319727891156
54.416666666666664,292,0.6488596093254926,0.2536965753364423,0.03424657534246575,12,11599,1289,0.3299319727891156
54.5,287,0.6431307111487997,0.26193910281707056,0.03484320557491289,13,11612,1296,0.32653061224489793
54.583333333333336,293,0.6337882936299314,0.26435539242706474,0.05460750853242321,14,11626,1297,0.30952380952380953
54.666666666666664,288,0.6313974292518068,0.26359540343915344,0.034722222222222224,17,11643,1303,0.3129251700680272
54.75,291,0.6225758175784124,0.26166001810331707,0.03436426116838488,12,11655,1306,0.30612244897959184
54.833333333333336,290,0.618344291519268,0.2507910384634523,0.034482758620689655,20,11675,1310,0.30272108843537415
54.916666666666664,291,0.6135120934012113,0.2532887311237827,0.030927835051546393,12,11687,1313,0.2925170068027211
55.0,293,0.6151403308302754,0.24991373813899412,0.030716723549488054,17,11704,1314,0.2857142857142857
55.083333333333336,293,0.6194867247119252,0.23748535309968757,0.030716723549488054,16,11720,1315,0.2891156462585034
55.166666666666664,291,0.6213415767161151,0.24641361883629925,0.030927835051546393,17,11737,1318,0.2857142857142857
55.25,293,0.6215770178527387,0.2608250206373073,0.04436860068259386,12,11749,1319,0.2789115646258503
55.333333333333336,290,0.6221645513625352,0.25994374399546816,0.04482758620689655,16,11765,1323,0.2789115646258503
55.416666666666664,293,0.6203029138963629,0.25604855894958284,0.051194539249146756,16,11781,1324,0.272108843537415
55.5,292,0.6234985290248646,0.266229679757077,0.05136986301369863,11,11792,1326,0.2755102040816326
55.583333333333336,292,0.6245828611104596,0.2602519721526571,0.05136986301369863,17,11809,1328,0.2789115646258503
55.666666666666664,290,0.6230716039744266,0.2541497582876893,0.05517241379310345,17,11826,1332,0.2755102040816326
55.75,292,0.6199058179513426,0.24216050311940723,0.04452054794520548,19,11845,1334,0.2653061224489796
55.833333333333336,291,0.6196856901933945,0.2483082495969094,0.048109965635738834,20,11865,1337,0.272108843537415
55.916666666666664,292,0.6221235149973611,0.25061251533854273,0.05136986301369863,16,11881,1338,0.2687074829931973
56.0,291,0.6219295157604208,0.2552480642686828,0.05154639175257732,12,11893,1341,0.2687074829931973
56.083333333333336,294,0.6235913897769171,0.2512752459181031,0.05102040816326531,14,11907,1341,0.2585034013605442
56.166666666666664,293,0.6304224689610574,0.25175812052945157,0.051194539249146756,23,11930,1342,0.2585034013605442
56.25,290,0.6318497109294471,0.26005608376298034,0.05862068965517241,15,11945,1346,0.2687074829931973
56.333333333333336,292,0.628702105243042,0.2505340454826756,0.06506849315068493,21,11966,1348,0.2653061224489796
56.416666666666664,291,0.6285350122833959,0.2553971419950802,0.061855670103092786,17,11983,1351,0.2687074829931973
56.5,293,0.6289071141093598,0.25368114062653313,0.05460750853242321,18,12001,1352,0.2653061224489796
56.583333333333336,292,0.6326619653657823,0.25311101569663214,0.04794520547945205,20,12021,1354,0.272108843537415
56.666666666666664,291,0.632990767793992,0.25704671426320913,0.05154639175257732,13,12034,1357,0.2755102040816326
56.75,292,0.6323040277405673,0.27015481664454266,0.0547945205479452,17,12051,1359,0.2755102040816326
56.833333333333336,292,0.63326759262009,0.27063844640899437,0.06506849315068493,21,12072,1361,0.2755102040816326
56.916666666666664,291,0.6342301234157094,0.2680974809840789,0.054982817869415807,18,12090,1364,0.272108843537415
57.0,293,0.6342289859222238,0.26050099881157907,0.05460750853242321,15,12105,1365,0.2789115646258503
57.083333333333336,291,0.6360696710534549,0.25590409051127144,0.054982817869415807,18,12123,1368,0.2755102040816326
57.166666666666664,292,0.6348143592315891,0.25828945630551675,0.0547945205479452,21,12144,1370,0.2789115646258503
57.25,291,0.6365812048221359,0.258255633584464,0.07216494845360824,19,12163,1373,0.2789115646258503
57.333333333333336,292,0.6351774629157553,0.26309291008157326,0.07534246575342465,17,12180,1375,0.2755102040816326
57.416666666666664,290,0.6335800078257748,0.25915145199627954,0.07586206896551724,16,12196,1379,0.272108843537415
57.5,292,0.6300051674889332,0.2638443177826739,0.07876712328767123,22,12218,1381,0.2755102040816326
57.583333333333336,292,0.6307296021398608,0.26484633137030394,0.07191780821917808,13,12231,1383,0.272108843537415
57.666666666666664,291,0.6303194792912762,0.2812457683591704,0.07903780068728522,16,12247,1386,0.272108843537415
57.75,291,0.6277383287659083,0.27437260801107227,0.07560137457044673,24,12271,1389,0.2619047619047619
57.833333333333336,289,0.622590393985109,0.28127939620601594,0.07612456747404844,19,12290,1394,0.2619047619047619
57.916666666666664,291,0.6157493592682035,0.2734376639015814,0.058419243986254296,16,12306,1397,0.25510204081632654
58.0,293,0.6159500572910083,0.27570872434353666,0.06484641638225255,14,12320,1398,0.25510204081632654
58.083333333333336,290,0.61647744463118,0.2750940630250975,0.06551724137931035,16,12336,1402,0.25510204081632654
58.166666666666664,292,0.6133684514296192,0.2815654855038417,0.0684931506849315,16,12352,1404,0.24829931972789115
58.25,294,0.6170870778945274,0.2751151154212379,0.07142857142857142,15,12367,1404,0.24489795918367346
58.333333333333336,290,0.6200283599443651,0.27491174534277985,0.07586206896551724,22,12389,1408,0.25170068027210885
58.416666666666664,293,0.6181853507990314,0.26272202389949834,0.07508532423208192,15,12404,1409,0.25510204081632654
58.5,293,0.6236250906481154,0.2650721765909479,0.07508532423208192,22,12426,1410,0.2585034013605442
58.583333333333336,293,0.627995418418357,0.2690797541480135,0.07508532423208192,28,12454,1411,0.2687074829931973
58.666666666666664,289,0.6272841857027384,0.27200208480485294,0.07958477508650519,14,12468,1416,0.2755102040816326
58.75,291,0.6204993361557058,0.26515847847166724,0.0859106529209622,25,12493,1419,0.2687074829931973
58.833333333333336,290,0.6163915760581444,0.27446322075335156,0.0896551724137931,22,12515,1423,0.2755102040816326
58.916666666666664,291,0.6114316623439461,0.27576468146144645,0.08934707903780069,15,12530,1426,0.272108843537415
59.0,291,0.6086735040647927,0.2721617074976478,0.0859106529209622,15,12545,1429,0.272108843537415
59.083333333333336,293,0.6086934858147981,0.2732467867544954,0.08191126279863481,13,12558,1430,0.272108843537415
59.166666666666664,294,0.6141603373423643,0.2750741797363894,0.0782312925170068,19,12577,1430,0.272108843537415
59.25,294,0.6217465344449277,0.27994315807475556,0.07482993197278912,17,12594,1430,0.2755102040816326
59.333333333333336,291,0.6255276621608153,0.2751896455771322,0.07560137457044673,14,12608,1433,0.2789115646258503
59.416666666666664,293,0.6253632831569533,0.27106607835730717,0.07167235494880546,18,12626,1434,0.2857142857142857
59.5,293,0.6293564983347522,0.28566389048071655,0.07167235494880546,28,12654,1435,0.2857142857142857
59.583333333333336,291,0.630925726294892,0.2654753703253018,0.07903780068728522,22,12676,1438,0.2925170068027211
59.666666666666664,291,0.6281039991359564,0.26724622261161796,0.07560137457044673,16,12692,1441,0.282312925170068
59.75,290,0.624000127404696,0.2729627173592691,0.07241379310344828,17,12709,1445,0.2789115646258503
59.833333333333336,293,0.6223942546386098,0.26894817355568207,0.06825938566552901,15,12724,1446,0.2789115646258503
59.916666666666664,293,0.6263743671648316,0.2716779428383524,0.07167235494880546,24,12748,1447,0.282312925170068
60.0,293,0.6304553584340062,0.27590835406535064,0.07849829351535836,17,12765,1448,0.282312925170068
60.083333333333336,288,0.6280663360467478,0.2795507925716259,0.09375,17,12782,1454,0.29931972789115646
60.166666666666664,293,0.6211331687753479,0.2765653478110816,0.09215017064846416,11,12793,1455,0.2925170068027211
60.25,293,0.6257302325323278,0.2854755597076416,0.08873720136518772,14,12807,1456,0.30272108843537415
60.333333333333336,292,0.6280580373800907,0.2826884112843017,0.07191780821917808,14,12821,1458,0.3129251700680272
60.416666666666664,290,0.6256636284722742,0.27816031669479946,0.07931034482758621,15,12836,1462,0.3129251700680272
60.5,291,0.620196921778822,0.2743791813379442,0.07903780068728522,15,12851,1465,0.30272108843537415
60.583333333333336,294,0.620855956673481,0.2811021839083064,0.0782312925170068,11,12862,1465,0.29591836734693877
60.666666666666664,291,0.624133339776618,0.28540724262373746,0.06872852233676977,11,12873,1468,0.30272108843537415
60.75,292,0.6223365835019169,0.2791567735917051,0.06506849315068493,15,12888,1470,0.30272108843537415
60.833333333333336,288,0.6173587111683173,0.2739393033663867,0.06597222222222222,14,12902,1476,0.30272108843537415
60.916666666666664,292,0.6092109246043679,0.27814260511178324,0.07191780821917808,23,12925,1478,0.2891156462585034
61.0,290,0.6068450550067637,0.274623642640884,0.07241379310344828,13,12938,1482,0.2925170068027211
61.083333333333336,291,0.6061956639768626,0.2913464733052362,0.07903780068728522,16,12954,1484,0.2925170068027211
61.166666666666664,294,0.6071077431639401,0.28915456236884807,0.0782312925170068,14,12968,1484,0.2925170068027211
61.25,291,0.6103309148154847,0.2747069926745921,0.08247422680412371,16,12984,1487,0.29591836734693877
61.333333333333336,294,0.6113387625782247,0.2565801815072952,0.07482993197278912,17,13001,1487,0.2891156462585034
61.416666666666664,293,0.617269966857428,0.26343508460768333,0.07167235494880546,16,13017,1488,0.2891156462585034
61.5,292,0.6199156434262495,0.27418120176192584,0.07534246575342465,19,13036,1490,0.2891156462585034
61.583333333333336,290,0.6178202902324539,0.27070841003921076,0.07241379310344828,12,13048,1494,0.282312925170068
61.666666666666664,293,0.6154435032158336,0.27776901678243726,0.08191126279863481,16,13064,1495,0.272108843537415
61.75,292,0.6180172823769483,0.27937535225525706,0.08904109589041095,10,13074,1497,0.282312925170068
61.833333333333336,293,0.6198337228043523,0.27722285266972024,0.08873720136518772,12,13086,1498,0.282312925170068
61.916666666666664,291,0.6211406645734469,0.2789565147157319,0.09621993127147767,18,13104,1501,0.282312925170068
62.0,287,0.6128635321191876,0.2743952234370353,0.09059233449477352,16,13120,1508,0.2789115646258503
62.083333333333336,290,0.6035399109555386,0.2669372294372295,0.07931034482758621,22,13142,1511,0.2687074829931973
62.166666666666664,291,0.5985828304561301,0.28485721658222257,0.08247422680412371,10,13152,1514,0.25510204081632654
62.25,290,0.5945444539137383,0.2893407543321129,0.08275862068965517,8,13160,1518,0.24489795918367346
62.333333333333336,292,0.5913551367730696,0.28290708461083114,0.0821917808219178,14,13174,1520,0.24149659863945577
62.416666666666664,293,0.5937202865917091,0.2820144297021225,0.07849829351535836,11,13185,1521,0.23469387755102042
62.5,294,0.5996036675208595,0.2883552037141059,0.08503401360544217,14,13199,1521,0.23809523809523808
62.583333333333336,291,0.6036782071489109,0.2892827821018365,0.09621993127147767,15,13214,1524,0.24829931972789115
62.666666666666664,294,0.6052912190681746,0.2827868891996267,0.09183673469387756,19,13233,1524,0.24489795918367346
62.75,291,0.6090163084996679,0.28457445110484575,0.09278350515463918,12,13245,1527,0.24829931972789115
62.833333333333336,292,0.6079861420125146,0.2803999774565434,0.0684931506849315,13,13258,1529,0.25170068027210885
62.916666666666664,290,0.6061513282210521,0.28466950772836624,0.07241379310344828,10,13268,1533,0.25510204081632654
63.0,292,0.6028662947290705,0.28202764766593297,0.0684931506849315,12,13280,1535,0.25170068027210885
63.083333333333336,292,0.6036521860343783,0.2755443095192741,0.06506849315068493,16,13296,1537,0.2653061224489796
63.166666666666664,293,0.6058726816268026,0.2674348404779185,0.06484641638225255,9,13305,1538,0.2585034013605442
63.25,292,0.60891164073358,0.28358471585088596,0.0684931506849315,14,13319,1540,0.25510204081632654
63.333333333333336,293,0.6112983222704493,0.27346454981854873,0.06143344709897611,16,13335,1541,0.25170068027210885
63.416666666666664,293,0.6161098601344144,0.27847758044557314,0.06484641638225255,13,13348,1542,0.25170068027210885
63.5,292,0.6193069457321202,0.2787891145620243,0.0684931506849315,16,13364,1544,0.25510204081632654
63.583333333333336,289,0.6171220941443657,0.2827584087815564,0.06920415224913495,15,13379,1549,0.25510204081632654
63.666666666666664,292,0.6117298353950336,0.28048418509271134,0.0547945205479452,23,13402,1551,0.24829931972789115
63.75,293,0.6140144387681498,0.2821178537048844,0.05460750853242321,22,13424,1552,0.24489795918367346
63.833333333333336,292,0.617198564091975,0.2796173480248823,0.07191780821917808,12,13436,1554,0.25510204081632654
63.916666666666664,291,0.6168663836857656,0.27091869233442,0.07216494845360824,11,13447,1557,0.2585034013605442
64.0,289,0.6119678111756917,0.2729344535814319,0.05536332179930796,16,13463,1562,0.25510204081632654
64.08333333333333,293,0.6078732009231208,0.25923454161396153,0.051194539249146756,20,13483,1563,0.24829931972789115
64.16666666666667,293,0.6121809557941221,0.2616118950152057,0.06484641638225255,20,13503,1564,0.25170068027210885
64.25,292,0.6152453422092684,0.25708203245451433,0.06506849315068493,19,13522,1566,0.2619047619047619
64.33333333333333,294,0.6187548347235775,0.2654450397945797,0.06462585034013606,20,13542,1566,0.2619047619047619
64.41666666666667,292,0.6238870345730096,0.2672612571707484,0.04794520547945205,16,13558,1568,0.2653061224489796
64.5,291,0.6235045648649512,0.2687528662941159,0.054982817869415807,5,13563,1571,0.2653061224489796
64.58333333333333,294,0.6247088914861095,0.2707609159584502,0.047619047619047616,15,13578,1571,0.2653061224489796
64.66666666666667,291,0.6284536861923821,0.28190847738787134,0.054982817869415807,16,13594,1574,0.272108843537415
64.75,292,0.6270959854947964,0.2773390704244547,0.06506849315068493,13,13607,1576,0.2653061224489796
64.83333333333333,292,0.6280212707514077,0.2711221807112218,0.06506849315068493,13,13620,1578,0.2619047619047619
64.91666666666667,294,0.6313531603446054,0.27758702937274365,0.06802721088435375,10,13630,1578,0.2585034013605442
65.0,292,0.6365310361210668,0.28653389038663013,0.0684931506849315,14,13644,1580,0.2619047619047619
65.08333333333333,293,0.6386824048159694,0.2785099333734146,0.06825938566552901,17,13661,1581,0.25510204081632654
65.16666666666667,293,0.6430062343850053,0.2753461555509337,0.06825938566552901,19,13680,1582,0.25170068027210885
65.25,292,0.6464217913730851,0.2702450422484669,0.0547945205479452,13,13693,1584,0.25510204081632654
65.33333333333333,292,0.6507938798472203,0.2678317673302996,0.04794520547945205,10,13703,1585,0.2585034013605442
65.41666666666667,292,0.652348607571169,0.26789146790369883,0.05821917808219178,13,13716,1587,0.2687074829931973
65.5,290,0.6506484788876272,0.2798984239624634,0.06206896551724138,20,13736,1591,0.2755102040816326
65.58333333333333,293,0.6480644420420884,0.2677443892582849,0.051194539249146756,14,13750,1592,0.2653061224489796
65.66666666666667,293,0.6521453562993361,0.26236488198945535,0.051194539249146756,12,13762,1593,0.2687074829931973
65.75,293,0.6563259179660312,0.25985529449693273,0.05460750853242321,20,13782,1594,0.2653061224489796
65.83333333333333,293,0.6604956700059643,0.2485043019172712,0.05460750853242321,27,13809,1595,0.272108843537415
65.91666666666667,292,0.6634827959261967,0.25876616724219464,0.04452054794520548,13,13822,1597,0.272108843537415
66.0,294,0.6665359302219294,0.25185555185555186,0.04421768707482993,15,13837,1597,0.2653061224489796
66.08333333333333,288,0.6673420892676093,0.2623663180954848,0.05555555555555555,15,13852,1603,0.2687074829931973
66.16666666666667,292,0.6590789257713267,0.25955690998499215,0.04452054794520548,11,13863,1605,0.25170068027210885
66.25,294,0.6622472692036039,0.2559856149141863,0.04081632653061224,27,13890,1605,0.25170068027210885
66.33333333333333,292,0.6677135562231811,0.2538276397987749,0.04794520547945205,18,13908,1607,0.2687074829931973
66.41666666666667,290,0.6665999628072182,0.2554049863655775,0.06206896551724138,19,13927,1611,0.272108843537415
66.5,291,0.6613431332344963,0.24933493250871747,0.061855670103092786,9,13936,1614,0.282312925170068
66.58333333333333,290,0.6571215588040209,0.26170811809974376,0.07241379310344828,18,13954,1618,0.272108843537415
66.66666666666667,293,0.6544443148729472,0.2679061065701729,0.07849829351535836,19,13973,1619,0.2653061224489796
66.75,291,0.656265201325186,0.27500720792326094,0.07903780068728522,15,13988,1622,0.2653061224489796
66.83333333333333,292,0.6549167708443586,0.26709026187989005,0.07191780821917808,25,14013,1624,0.2585034013605442
66.91666666666667,293,0.6570099553188632,0.2727520942211585,0.07167235494880546,20,14033,1625,0.2585034013605442
67.0,292,0.660241676941822,0.271724308151926,0.07191780821917808,22,14055,1627,0.2619047619047619
67.08333333333333,291,0.6601959080501724,0.27149535203440495,0.07560137457044673,21,14076,1630,0.2585034013605442
67.16666666666667,292,0.6587255925480786,0.2715166682632436,0.0821917808219178,19,14095,1632,0.2755102040816326
67.25,290,0.6581018409057703,0.28997685128226997,0.09310344827586207,21,14116,1636,0.2925170068027211
67.33333333333333,293,0.6585987140157085,0.28993199497831385,0.08532423208191127,20,14136,1636,0.29591836734693877
67.41666666666667,288,0.6565379869126214,0.2966505413678033,0.09375,19,14155,1642,0.30952380952380953
67.5,289,0.6443052197748057,0.2966824107951147,0.08996539792387544,22,14177,1647,0.2925170068027211
67.58333333333333,292,0.6385341265569848,0.29231669824812545,0.08561643835616438,23,14200,1649,0.2789115646258503
67.66666666666667,293,0.6402194407402375,0.29113249900613974,0.08873720136518772,23,14223,1650,0.2789115646258503
67.75,293,0.6442810980397168,0.29174260183467265,0.09556313993174062,17,14240,1651,0.2789115646258503
67.83333333333333,291,0.6459414806834924,0.28253498745586975,0.09278350515463918,19,14259,1654,0.282312925170068
67.91666666666667,290,0.6418263231217954,0.2791530021702435,0.09310344827586207,15,14274,1658,0.2925170068027211
68.0,293,0.6391283124027122,0.28278037521033,0.09215017064846416,15,14289,1659,0.2891156462585034
68.08333333333333,293,0.6445334078647007,0.2736525576354134,0.08873720136518772,18,14307,1660,0.2925170068027211
68.16666666666667,293,0.6484225308756654,0.2699465732248946,0.08873720136518772,25,14332,1661,0.29931972789115646
68.25,293,0.6522686401386434,0.27470257820745014,0.08873720136518772,21,14353,1662,0.30612244897959184
68.33333333333333,293,0.6560656602628167,0.26804361633460977,0.08873720136518772,14,14367,1663,0.30612244897959184
68.41666666666667,294,0.6610897266385308,0.26890414849347194,0.09183673469387756,23,14390,1663,0.3129251700680272
68.5,293,0.6671528524172232,0.2798409595190812,0.09556313993174062,19,14409,1664,0.3163265306122449
68.58333333333333,290,0.667539432376247,0.2751126172677897,0.09310344827586207,12,14421,1668,0.3163265306122449
68.66666666666667,294,0.6655551956390675,0.2784713208182596,0.09863945578231292,20,14441,1668,0.3129251700680272
68.75,290,0.6680900174794635,0.27507920240678857,0.1,19,14460,1672,0.3197278911564626
68.83333333333333,293,0.665036683765317,0.2831530812759482,0.12286689419795221,21,14481,1673,0.30612244897959184
68.91666666666667,291,0.6665144449003818,0.28066841520449765,0.12371134020618557,20,14501,1676,0.30612244897959184
69.0,291,0.6634508747694093,0.2696361389660359,0.09965635738831616,16,14517,1679,0.3129251700680272
69.08333333333333,290,0.6614798181107274,0.28099126926713136,0.10344827586206896,11,14528,1683,0.30612244897959184
69.16666666666667,289,0.6543851306655655,0.283780627292738,0.10726643598615918,18,14546,1688,0.3129251700680272
69.25,294,0.6502153671064229,0.282393607903812,0.1054421768707483,13,14559,1688,0.29931972789115646
69.33333333333333,291,0.6541679266289134,0.27944938795454255,0.10652920962199312,26,14585,1691,0.30272108843537415
69.41666666666667,292,0.6523026536290661,0.2762562114445676,0.10616438356164383,23,14608,1693,0.30952380952380953
69.5,294,0.6549292356762864,0.26251316710500383,0.10204081632653061,16,14624,1693,0.3129251700680272
69.58333333333333,291,0.6595936497593011,0.2700282120624964,0.10652920962199312,18,14642,1696,0.32653061224489793
69.66666666666667,294,0.6596694242826479,0.263860654190507,0.10884353741496598,22,14664,1696,0.3333333333333333
69.75,291,0.6629903003226366,0.27957922805681135,0.1134020618556701,20,14684,1699,0.336734693877551
69.83333333333333,290,0.6583533324146233,0.2650665775906353,0.1103448275862069,28,14712,1703,0.3401360544217687
69.91666666666667,291,0.6537046366569981,0.2718744504826979,0.10996563573883161,14,14726,1706,0.336734693877551
70.0,294,0.6536627645490968,0.2645208532963635,0.1054421768707483,18,14744,1706,0.3299319727891156
70.08333333333333,293,0.6592825638368307,0.2706359042658409,0.10580204778156997,21,14765,1707,0.3333333333333333
70.16666666666667,290,0.6592794016029033,0.2657808557069641,0.1103448275862069,14,14779,1711,0.336734693877551
70.25,288,0.6502409151506718,0.26572729794455985,0.1111111111111111,25,14804,1717,0.3333333333333333
70.33333333333333,291,0.6399360899752539,0.2685311906225014,0.1134020618556701,26,14830,1720,0.32653061224489793
70.41666666666667,292,0.6376327864073466,0.26337853546757656,0.11301369863013698,17,14847,1722,0.3197278911564626
70.5,291,0.636518046991169,0.2698954634521645,0.1134020618556701,24,14871,1725,0.3231292517006803
70.58333333333333,291,0.6332545352507051,0.2766849031657698,0.1134020618556701,16,14887,1728,0.3163265306122449
70.66666666666667,291,0.6300283586633396,0.2739628829179764,0.10996563573883161,16,14903,1731,0.30952380952380953
70.75,289,0.6243102410706399,0.2810994173656187,0.11072664359861592,23,14926,1736,0.30612244897959184
70.83333333333333,294,0.620880812667225,0.27590761468312486,0.10884353741496598,14,14940,1736,0.29591836734693877
70.91666666666667,291,0.6242994108548856,0.29032637847070836,0.12027491408934708,21,14961,1739,0.30952380952380953
71.0,293,0.6239204845368883,0.2811670790339732,0.11945392491467577,19,14980,1740,0.3129251700680272
71.08333333333333,294,0.6290132229944642,0.27492835962223716,0.11564625850340136,18,14998,1740,0.3129251700680272
71.16666666666667,291,0.6325632017336185,0.27675780691244606,0.11683848797250859,22,15020,1743,0.3163265306122449
71.25,294,0.6333810277491753,0.2709509500325827,0.11564625850340136,25,15045,1743,0.3129251700680272
71.33333333333333,293,0.6393230376815888,0.27359195601516423,0.10921501706484642,24,15069,1744,0.3231292517006803
71.41666666666667,292,0.6419930794526059,0.263155394833477,0.11301369863013698,24,15093,1746,0.3231292517006803
71.5,289,0.6387362373658425,0.2757611964061075,0.11418685121107267,14,15107,1751,0.3163265306122449
71.58333333333333,293,0.6339243334395946,0.277269233127183,0.11945392491467577,15,15122,1752,0.30272108843537415
71.66666666666667,290,0.6362055036238914,0.2903023033908884,0.1206896551724138,23,15145,1756,0.3129251700680272
71.75,294,0.6347209809494629,0.2951413197014886,0.12585034013605442,15,15160,1756,0.30952380952380953
71.83333333333333,293,0.6406959200342107,0.2871427495000521,0.11604095563139932,14,15174,1757,0.3163265306122449
71.91666666666667,293,0.6445410384455601,0.2838614741345117,0.11604095563139932,16,15190,1758,0.3163265306122449
72.0,293,0.648382328766225,0.2852484546170553,0.10580204778156997,24,15214,1759,0.3129251700680272
72.08333333333333,292,0.6509680358463199,0.29055260759027884,0.10616438356164383,11,15225,1761,0.3299319727891156
72.16666666666667,292,0.6511848964637946,0.2899016223502525,0.10616438356164383,13,15238,1763,0.3299319727891156
72.25,294,0.6537512078455827,0.2778928460050909,0.1054421768707483,16,15254,1763,0.3435374149659864
72.33333333333333,288,0.6535562785832095,0.2764699035532369,0.1076388888888889,18,15272,1769,0.3469387755102041
72.41666666666667,292,0.6447438963731622,0.2759124342172287,0.10616438356164383,16,15288,1771,0.32653061224489793
72.5,289,0.6411980181659598,0.2691474327287476,0.10034602076124567,16,15304,1776,0.3197278911564626
72.58333333333333,291,0.6337020154634051,0.27195007169233976,0.09965635738831616,15,15319,1779,0.3129251700680272
72.66666666666667,293,0.6331722408328398,0.27490313061985416,0.09897610921501707,20,15339,1780,0.30952380952380953
72.75,291,0.6345773919922397,0.2698052710939309,0.09965635738831616,20,15359,1783,0.3197278911564626
72.83333333333333,293,0.6341651642781848,0.2531166406593028,0.08532423208191127,21,15380,1784,0.3129251700680272
72.91666666666667,291,0.6356408761562509,0.2671058799924779,0.10652920962199312,17,15397,1787,0.30952380952380953
73.0,291,0.6335055551812877,0.25710414060929526,0.09621993127147767,26,15423,1790,0.3129251700680272
73.08333333333333,292,0.635269370547997,0.2524107361436128,0.0958904109589041,12,15435,1791,0.30952380952380953
73.16666666666667,290,0.6333230901181695,0.25839782822541446,0.09310344827586207,18,15453,1795,0.30952380952380953
73.25,294,0.6321159758094835,0.249356292395651,0.09183673469387756,19,15472,1795,0.29931972789115646
73.33333333333333,292,0.636989760198111,0.24797481901088542,0.08904109589041095,24,15496,1797,0.3129251700680272
73.41666666666667,290,0.6387217554446424,0.2509637593000744,0.0896551724137931,17,15513,1801,0.3129251700680272
73.5,294,0.637269740952203,0.2463118428000448,0.09183673469387756,24,15537,1801,0.30612244897959184
73.58333333333333,293,0.6434068830012896,0.25325132703955483,0.09556313993174062,25,15562,1802,0.3129251700680272
73.66666666666667,294,0.6486145485671466,0.25121555569303633,0.09523809523809523,14,15576,1802,0.3197278911564626
73.75,292,0.6536051961356917,0.2584597290076742,0.0958904109589041,23,15599,1804,0.3197278911564626
73.83333333333333,292,0.6541272610693009,0.2534486632089372,0.0958904109589041,16,15615,1806,0.3231292517006803
73.91666666666667,289,0.6509939128964818,0.25091389771320566,0.10034602076124567,18,15633,1811,0.3197278911564626
74.0,293,0.6460114748841679,0.25070186734009264,0.09897610921501707,23,15656,1812,0.30612244897959184
74.08333333333333,291,0.6487134377138204,0.25360425180012813,0.0859106529209622,18,15674,1815,0.30612244897959184
74.16666666666667,292,0.6470155161467586,0.2543373958613685,0.08904109589041095,18,15692,1817,0.30612244897959184
74.25,292,0.6474300270643641,0.2622621670566876,0.10616438356164383,19,15711,1819,0.3197278911564626
74.33333333333333,292,0.6477989974231517,0.2625995104590995,0.10616438356164383,13,15724,1821,0.3197278911564626
74.41666666666667,291,0.6469637469592847,0.2677708889049095,0.09621993127147767,25,15749,1824,0.3197278911564626
74.5,293,0.6462540060217966,0.2619087681374371,0.07849829351535836,18,15767,1825,0.3197278911564626
74.58333333333333,291,0.6475923775479189,0.2578620215218153,0.07903780068728522,22,15789,1828,0.3197278911564626
74.66666666666667,291,0.6446300773052893,0.25627243127243127,0.07903780068728522,18,15807,1831,0.3129251700680272
74.75,294,0.6452088091879005,0.2620397082131776,0.08843537414965986,25,15832,1831,0.30952380952380953
74.83333333333333,293,0.6512223405146949,0.2580059682448761,0.08873720136518772,20,15852,1832,0.3197278911564626
74.91666666666667,288,0.6493629003870719,0.25005863156904823,0.0798611111111111,14,15866,1838,0.3231292517006803
75.0,290,0.6383230124373196,0.252216537926649,0.07931034482758621,21,15887,1842,0.30612244897959184
75.08333333333333,290,0.6317923092625536,0.23948538019549126,0.05517241379310345,23,15910,1846,0.29591836734693877
75.16666666666667,291,0.6267461122767005,0.23883400835611215,0.05154639175257732,17,15927,1849,0.2857142857142857
75.25,288,0.6234814197905529,0.2486410673248597,0.04861111111111111,15,15942,1854,0.2925170068027211
75.33333333333333,291,0.6177205473006572,0.24587626038034854,0.06529209621993128,24,15966,1856,0.2857142857142857
75.41666666666667,293,0.6176002540082093,0.24457700087628298,0.06484641638225255,19,15985,1857,0.282312925170068
75.5,290,0.6213727086259027,0.2444104270679776,0.05172413793103448,22,16007,1860,0.282312925170068
75.58333333333333,292,0.6180113839067252,0.24792659808306952,0.06164383561643835,20,16027,1862,0.2755102040816326
75.66666666666667,293,0.6200676501711744,0.24552870337853272,0.05802047781569966,10,16037,1863,0.2789115646258503
75.75,291,0.6217110462611161,0.2514639903815162,0.054982817869415807,14,16051,1866,0.282312925170068
75.83333333333333,289,0.6167269216655061,0.2440368743136909,0.04152249134948097,16,16067,1871,0.2789115646258503
75.91666666666667,290,0.6086274023943035,0.23671736309667343,0.041379310344827586,14,16081,1875,0.2755102040816326
76.0,292,0.6051332049529604,0.23688380683243696,0.0410958904109589,12,16093,1877,0.2687074829931973
76.08333333333333,293,0.6072714805907979,0.23658955757931865,0.04436860068259386,25,16118,1878,0.272108843537415
76.16666666666667,294,0.612826592439117,0.24268799983085695,0.05442176870748299,17,16135,1878,0.282312925170068
76.25,291,0.6165097819277064,0.23993786854611596,0.054982817869415807,17,16152,1881,0.2857142857142857
76.33333333333333,293,0.6165999826554351,0.23146777509493766,0.05460750853242321,19,16171,1882,0.2755102040816326
76.41666666666667,291,0.6188362008674163,0.22373658355705991,0.054982817869415807,9,16180,1885,0.2755102040816326
76.5,291,0.616248490424995,0.2318933275385462,0.054982817869415807,19,16199,1888,0.272108843537415
76.58333333333333,292,0.6149672600355989,0.22882652106199577,0.0547945205479452,12,16211,1890,0.2653061224489796
76.66666666666667,288,0.6139946106781804,0.2537847004262234,0.059027777777777776,22,16233,1895,0.2653061224489796
76.75,292,0.6066465834674639,0.2394525470724101,0.05821917808219178,11,16244,1897,0.25510204081632654
76.83333333333333,288,0.6019472633569185,0.24961622097038763,0.05555555555555555,13,16257,1903,0.2653061224489796
76.91666666666667,291,0.5931818779846225,0.247287620741229,0.058419243986254296,16,16273,1906,0.24489795918367346
77.0,291,0.5906110765601554,0.2501276787359262,0.058419243986254296,14,16287,1909,0.24489795918367346
77.08333333333333,291,0.5882356603322736,0.24895858246373712,0.054982817869415807,11,16298,1912,0.24149659863945577
77.16666666666667,291,0.5858801495111391,0.2531006031006031,0.061855670103092786,14,16312,1915,0.24489795918367346
77.25,292,0.584917489303154,0.25125089902487163,0.06506849315068493,18,16330,1917,0.24149659863945577
77.33333333333333,294,0.5888489941656242,0.24812048306946263,0.07142857142857142,13,16343,1917,0.23469387755102042
77.41666666666667,293,0.5954860197452558,0.25096625975465564,0.06143344709897611,16,16359,1918,0.24149659863945577
77.5,292,0.5987498844564851,0.24882301868603238,0.06164383561643835,19,16378,1920,0.24829931972789115
77.58333333333333,291,0.598518900476024,0.2560865919113342,0.05154639175257732,14,16392,1923,0.24149659863945577
77.66666666666667,290,0.5948472364428425,0.2535357937082075,0.06551724137931035,13,16405,1927,0.23809523809523808
77.75,292,0.5920023289212542,0.23730191992178293,0.05136986301369863,17,16422,1929,0.22448979591836735
77.83333333333333,292,0.5933428670071482,0.23690987143718908,0.04794520547945205,8,16430,1931,0.22789115646258504
77.91666666666667,292,0.598144547132253,0.2415295858171774,0.04794520547945205,11,16441,1932,0.22789115646258504
78.0,292,0.5995465593149822,0.24225731128805356,0.04794520547945205,18,16459,1934,0.22789115646258504
78.08333333333333,292,0.6008567384898948,0.2466036442723834,0.04794520547945205,23,16482,1936,0.23129251700680273
78.16666666666667,292,0.6022317360074261,0.25276806916291533,0.06506849315068493,20,16502,1938,0.22448979591836735
78.25,293,0.6056698980887881,0.2547189941929413,0.07508532423208192,23,16525,1939,0.23129251700680273
78.33333333333333,293,0.6103560767402897,0.2495848752796583,0.06143344709897611,27,16552,1940,0.23809523809523808
78.41666666666667,292,0.6138529700307662,0.2483829798164436,0.05136986301369863,16,16568,1942,0.23469387755102042
78.5,293,0.6163137938387021,0.24934866823775914,0.05802047781569966,13,16581,1943,0.25170068027210885
78.58333333333333,292,0.6202954699525765,0.25371554647069594,0.0684931506849315,17,16598,1945,0.2585034013605442
78.66666666666667,292,0.6213960907267921,0.26006385949709115,0.07191780821917808,17,16615,1947,0.2653061224489796
78.75,293,0.6234989947885392,0.2556754962898308,0.07508532423208192,24,16639,1948,0.2619047619047619
78.83333333333333,290,0.6239515882108683,0.2572961521237383,0.07931034482758621,25,16664,1952,0.2619047619047619
78.91666666666667,291,0.6192661826643392,0.26526857068094184,0.08247422680412371,21,16685,1955,0.25510204081632654
79.0,291,0.6167255968496448,0.26240433902182925,0.0859106529209622,22,16707,1958,0.24829931972789115
79.08333333333333,292,0.6156056144383715,0.25349448909616595,0.0821917808219178,23,16730,1960,0.24489795918367346
79.16666666666667,292,0.6166257372430494,0.25018248527046355,0.08904109589041095,25,16755,1962,0.24149659863945577
79.25,289,0.6136993933414827,0.2532193876335387,0.07958477508650519,21,16776,1967,0.24489795918367346
79.33333333333333,292,0.6083634227020271,0.2529424437814849,0.07876712328767123,24,16800,1969,0.23469387755102042
79.41666666666667,291,0.6080052391169444,0.26293983793983794,0.07560137457044673,15,16815,1972,0.23809523809523808
79.5,291,0.605730165696248,0.26608568979703,0.07903780068728522,12,16827,1975,0.23469387755102042
79.58333333333333,290,0.6021875105636924,0.27166135588549384,0.08275862068965517,20,16847,1979,0.22789115646258504
79.66666666666667,294,0.6019605498485638,0.27955430812573673,0.08503401360544217,18,16865,1979,0.22448979591836735
79.75,294,0.6100090014302569,0.2695891410177125,0.08503401360544217,22,16887,1979,0.23129251700680273
79.83333333333333,293,0.6167405106303476,0.2705771285976064,0.08873720136518772,18,16905,1980,0.24489795918367346
79.91666666666667,292,0.6200012287197371,0.26658670477163626,0.08561643835616438,13,16918,1982,0.24829931972789115
80.0,292,0.6210689902931882,0.27040671467041333,0.09246575342465753,11,16929,1984,0.24829931972789115
80.08333333333333,289,0.6187325448001232,0.28304233252330135,0.11072664359861592,21,16950,1989,0.24149659863945577
80.16666666666667,293,0.6147140391978484,0.2874068757579488,0.11262798634812286,16,16966,1990,0.23809523809523808
80.25,293,0.6191196630044992,0.2827131621905151,0.10238907849829351,11,16977,1991,0.24829931972789115
80.33333333333333,294,0.6250244752146448,0.2828297168836775,0.10884353741496598,15,16992,1991,0.25170068027210885
80.41666666666667,293,0.6317990896419021,0.27795833258608754,0.10921501706484642,18,17010,1992,0.25510204081632654
80.5,290,0.6326600491816948,0.26957340552168135,0.11379310344827587,16,17026,1996,0.272108843537415
80.58333333333333,290,0.6270749661502122,0.26939307818618163,0.10344827586206896,16,17042,2000,0.2653061224489796
80.66666666666667,293,0.6249309393275111,0.272673051256669,0.10580204778156997,10,17052,2001,0.2687074829931973
80.75,288,0.6228559759261968,0.2658488887655554,0.09722222222222222,16,17068,2007,0.272108843537415
80.83333333333333,292,0.6154164343639886,0.27338729573318615,0.09931506849315068,9,17077,2009,0.25170068027210885
80.91666666666667,293,0.6177613357984556,0.26922869476088657,0.09897610921501707,12,17089,2010,0.25170068027210885
81.0,292,0.621132856486408,0.2730189423029567,0.09931506849315068,16,17105,2012,0.25170068027210885
81.08333333333333,292,0.6224687189386193,0.2747936516119126,0.09931506849315068,18,17123,2014,0.24829931972789115
81.16666666666667,289,0.6201656064653251,0.2662668258894286,0.09688581314878893,20,17143,2019,0.25170068027210885
81.25,289,0.611010722623149,0.2709704943268957,0.09688581314878893,14,17157,2024,0.24829931972789115
81.33333333333333,294,0.6085562139411824,0.27642525717824806,0.09523809523809523,17,17174,2024,0.23809523809523808
81.41666666666667,294,0.6166181448743735,0.2738157634973258,0.09523809523809523,17,17191,2024,0.24829931972789115
81.5,291,0.6209153196383937,0.2741103786340189,0.0859106529209622,10,17201,2027,0.25170068027210885
81.58333333333333,292,0.6201169412892877,0.2831504879154855,0.08561643835616438,17,17218,2029,0.24829931972789115
81.66666666666667,294,0.6239105965552171,0.27685955487679625,0.08503401360544217,14,17232,2029,0.24829931972789115
81.75,289,0.6257118704407509,0.26836927970145963,0.09342560553633218,25,17257,2034,0.25170068027210885
81.83333333333333,294,0.623213444971611,0.26106410596206514,0.09863945578231292,13,17270,2034,0.24489795918367346
81.91666666666667,292,0.6287990368426274,0.2696171408500176,0.09246575342465753,18,17288,2036,0.24829931972789115
82.0,290,0.6277520923839021,0.27213568998051757,0.0896551724137931,12,17300,2040,0.2585034013605442
82.08333333333333,291,0.6232738918860886,0.262499051158845,0.08247422680412371,19,17319,2043,0.2585034013605442
82.16666666666667,291,0.6209068908649276,0.261172008594689,0.08247422680412371,14,17333,2046,0.2585034013605442
82.25,293,0.6211943297641438,0.26008514617729633,0.08191126279863481,15,17348,2047,0.25510204081632654
82.33333333333333,293,0.6260105341690019,0.25799625099966395,0.08191126279863481,19,17367,2048,0.2619047619047619
82.41666666666667,294,0.6317948832134742,0.2633948446580396,0.08503401360544217,24,17391,2048,0.2619047619047619
82.5,291,0.6359222999596529,0.2673532945573472,0.0859106529209622,27,17418,2051,0.2755102040816326
82.58333333333333,293,0.6359272940259303,0.2744502767510888,0.09215017064846416,15,17433,2052,0.2755102040816326
82.66666666666667,291,0.6377418153146938,0.2771189018878319,0.09278350515463918,19,17452,2055,0.2789115646258503
82.75,292,0.6372059762708907,0.2791456273742528,0.09246575342465753,15,17467,2057,0.2789115646258503
82.83333333333333,292,0.6381542495339924,0.28541111698882127,0.09246575342465753,13,17480,2059,0.282312925170068
82.91666666666667,293,0.6401415432231032,0.27240608305690095,0.09215017064846416,11,17491,2060,0.2789115646258503
83.0,293,0.6444161654932122,0.28006313936348065,0.09215017064846416,24,17515,2061,0.2789115646258503
83.08333333333333,291,0.6463326862880665,0.2787376807995365,0.09621993127147767,16,17531,2064,0.2857142857142857
83.16666666666667,294,0.6473999888571504,0.27037729843852293,0.09523809523809523,14,17545,2064,0.282312925170068
83.25,293,0.6538892000992395,0.2739896243309213,0.09556313993174062,28,17573,2065,0.2857142857142857
83.33333333333333,292,0.6586581217724056,0.2700984422730998,0.09246575342465753,26,17599,2067,0.2925170068027211
83.41666666666667,291,0.6581965788743019,0.26748104892434793,0.09965635738831616,11,17610,2070,0.30272108843537415
83.5,293,0.6577066772702596,0.27063736415272255,0.09897610921501707,21,17631,2071,0.30272108843537415
83.58333333333333,292,0.6610561261833384,0.26362492150163386,0.09931506849315068,13,17644,2073,0.30272108843537415
83.66666666666667,293,0.6628444847039396,0.26042950223837597,0.08873720136518772,31,17675,2074,0.29931972789115646
83.75,291,0.6646152947248497,0.2695482638781608,0.08934707903780069,21,17696,2077,0.30272108843537415
83.83333333333333,293,0.6640724581348746,0.2661289696272631,0.08532423208191127,13,17709,2078,0.30612244897959184
83.91666666666667,294,0.6691777536943022,0.265293823712191,0.08163265306122448,17,17726,2078,0.30612244897959184
84.0,292,0.6743494353471146,0.2614341328382424,0.07876712328767123,15,17741,2080,0.3197278911564626
84.08333333333333,291,0.677290459681704,0.26280574958778197,0.07903780068728522,22,17763,2082,0.3197278911564626
84.16666666666667,293,0.6765327459229249,0.26222589372272453,0.06143344709897611,25,17788,2083,0.3163265306122449
84.25,291,0.6781295848163262,0.26146197663134335,0.07903780068728522,20,17808,2086,0.3231292517006803
84.33333333333333,294,0.6783981536581492,0.2664781808732246,0.06462585034013606,22,17830,2086,0.3231292517006803
84.41666666666667,291,0.6823067207302213,0.2606837170901972,0.061855670103092786,17,17847,2089,0.336734693877551
84.5,292,0.6801492824698758,0.24964231789085017,0.06164383561643835,26,17873,2091,0.336734693877551
84.58333333333333,292,0.6802677030943534,0.24598874299216764,0.07191780821917808,15,17888,2093,0.336734693877551
84.66666666666667,290,0.6795145317853579,0.24573668668496254,0.06896551724137931,25,17913,2097,0.3299319727891156
84.75,292,0.6749785182803218,0.25549322253089374,0.05821917808219178,19,17932,2099,0.3197278911564626
84.83333333333333,292,0.6750425827374584,0.26191054949616593,0.07191780821917808,11,17943,2101,0.3299319727891156
84.91666666666667,293,0.6762705025440975,0.2525847966974247,0.07167235494880546,11,17954,2102,0.32653061224489793
85.0,289,0.6754481957533621,0.24678474159443017,0.058823529411764705,21,17975,2107,0.3299319727891156
85.08333333333333,291,0.6676387498154615,0.24880584287800783,0.058419243986254296,21,17996,2110,0.3231292517006803
85.16666666666667,290,0.6636359232117215,0.25407633554185277,0.05862068965517241,26,18022,2114,0.3231292517006803
85.25,292,0.6591383396372157,0.25473727186055956,0.07191780821917808,16,18038,2116,0.3231292517006803
85.33333333333333,294,0.6614405651631202,0.25999820318082106,0.07482993197278912,21,18059,2116,0.3333333333333333
85.41666666666667,288,0.6613781410078464,0.2603805148794373,0.0763888888888889,16,18075,2122,0.3435374149659864
85.5,293,0.6535789132424136,0.25619196914654135,0.07508532423208192,18,18093,2123,0.3231292517006803
85.58333333333333,291,0.6547090671814247,0.2646252567066644,0.07216494845360824,19,18112,2126,0.3197278911564626
85.66666666666667,292,0.6527669248166154,0.2565644781398206,0.07191780821917808,15,18127,2128,0.30952380952380953
85.75,292,0.6530128137392646,0.26007586401422017,0.05821917808219178,17,18144,2130,0.3129251700680272
85.83333333333333,291,0.6521109448402028,0.24781387984374123,0.058419243986254296,16,18160,2133,0.3129251700680272
85.91666666666667,288,0.6455680365890611,0.24836713281397188,0.059027777777777776,26,18186,2139,0.3129251700680272
86.0,292,0.6402997661605947,0.2512786493803263,0.06164383561643835,19,18205,2140,0.3197278911564626
86.08333333333333,291,0.6391859572266086,0.2511968370926778,0.061855670103092786,21,18226,2143,0.3231292517006803
86.16666666666667,294,0.6397104174103904,0.24910803514779586,0.061224489795918366,22,18248,2143,0.3231292517006803
86.25,283,0.6335698449947755,0.25415947421247775,0.06007067137809187,13,18261,2154,0.3231292517006803
86.33333333333333,292,0.6142121185633832,0.24364368508204123,0.06506849315068493,17,18278,2156,0.29591836734693877
86.41666666666667,290,0.6117121056268626,0.2499463276187414,0.05517241379310345,17,18295,2160,0.2891156462585034
86.5,290,0.6088491863686716,0.2499065685272582,0.06206896551724138,19,18314,2163,0.29591836734693877
86.58333333333333,293,0.6065085867300363,0.2423802306908109,0.06143344709897611,17,18331,2164,0.29591836734693877
86.66666666666667,291,0.6077982113268965,0.2634800282974317,0.07903780068728522,17,18348,2167,0.29591836734693877
86.75,293,0.6077598551556009,0.26250567722193796,0.07849829351535836,26,18374,2168,0.2891156462585034
86.83333333333333,290,0.6078583342331323,0.26117158638491195,0.09310344827586207,25,18399,2172,0.29931972789115646
86.91666666666667,291,0.6033554773382674,0.2571631302279564,0.08934707903780069,23,18422,2175,0.2891156462585034
87.0,291,0.6004331025510424,0.26784086540574276,0.08934707903780069,21,18443,2178,0.2925170068027211
87.08333333333333,291,0.601009415854829,0.26896305364133305,0.09278350515463918,25,18468,2180,0.2891156462585034
87.16666666666667,293,0.6010281721289604,0.2615688356861712,0.08532423208191127,26,18494,2181,0.282312925170068
87.25,291,0.6024570609320393,0.26241943089741576,0.09621993127147767,31,18525,2184,0.282312925170068
87.33333333333333,291,0.5998912911904866,0.25587990219039936,0.08934707903780069,20,18545,2187,0.2755102040816326
87.41666666666667,291,0.5973477726656131,0.2520590942903167,0.09278350515463918,19,18564,2190,0.2653061224489796
87.5,290,0.5954581343256841,0.26118353562517377,0.09655172413793103,18,18582,2194,0.25510204081632654
87.58333333333333,292,0.5923462228557601,0.26287543187792783,0.09246575342465753,10,18592,2196,0.25510204081632654
87.66666666666667,292,0.5933631488112122,0.2660998221864669,0.09246575342465753,16,18608,2198,0.25170068027210885
87.75,293,0.5959380523929833,0.26554186515966216,0.09556313993174062,14,18622,2199,0.24489795918367346
87.83333333333333,294,0.6018931437633399,0.2657250693409709,0.09863945578231292,21,18643,2199,0.25170068027210885
87.91666666666667,293,0.6085224578916666,0.26558822833810647,0.09897610921501707,14,18657,2200,0.2653061224489796
88.0,291,0.6103668125115426,0.26728679464320115,0.08934707903780069,19,18676,2203,0.2687074829931973
88.08333333333333,294,0.6118463933510929,0.2574564014432819,0.08843537414965986,16,18692,2203,0.2789115646258503
88.16666666666667,289,0.6128590812635066,0.2581574039186496,0.09342560553633218,19,18711,2208,0.282312925170068
88.25,291,0.6060770278199882,0.2564400757699727,0.09278350515463918,18,18729,2211,0.272108843537415
88.33333333333333,290,0.6020991611966853,0.2512221785349015,0.09310344827586207,12,18741,2215,0.2619047619047619
88.41666666666667,293,0.6003630751873289,0.24347340216176278,0.08873720136518772,19,18760,2216,0.24829931972789115
88.5,292,0.6035129416608047,0.25734242958794207,0.08904109589041095,12,18772,2218,0.25510204081632654
88.58333333333333,293,0.6060819780081814,0.2510947341858252,0.08532423208191127,15,18787,2219,0.25170068027210885
88.66666666666667,289,0.6052841891466803,0.2586124563633214,0.08650519031141868,20,18807,2224,0.2619047619047619
88.75,291,0.5993656218261727,0.25846701027113395,0.0859106529209622,29,18836,2227,0.25510204081632654
88.83333333333333,293,0.5996880785066807,0.2580331215996745,0.09556313993174062,20,18856,2228,0.25510204081632654
88.91666666666667,294,0.605614737443085,0.26073540027621656,0.09863945578231292,25,18881,2228,0.2619047619047619
89.0,291,0.6096701459449728,0.26590498085343445,0.09965635738831616,18,18899,2231,0.2619047619047619
89.08333333333333,293,0.6102169229300916,0.2648341893222439,0.10921501706484642,17,18916,2232,0.2585034013605442
89.16666666666667,290,0.6116249448042614,0.26724333138126244,0.1103448275862069,29,18945,2236,0.25510204081632654
89.25,292,0.6086973966235725,0.26139236524510495,0.10616438356164383,16,18961,2238,0.24489795918367346
89.33333333333333,289,0.6094071940733031,0.2705041852577946,0.12110726643598616,24,18985,2242,0.24489795918367346
89.41666666666667,293,0.6063564994054613,0.2647525368985884,0.10921501706484642,21,19006,2243,0.23129251700680273
89.5,294,0.6124326006971467,0.2756427783257481,0.10884353741496598,22,19028,2243,0.23469387755102042
89.58333333333333,293,0.6194454018342103,0.2757924195637506,0.11604095563139932,19,19047,2244,0.24149659863945577
89.66666666666667,289,0.6202358936352894,0.2739418885612657,0.11764705882352941,21,19068,2249,0.24489795918367346
89.75,294,0.6177811342053889,0.26623637133841216,0.11224489795918367,25,19093,2249,0.23809523809523808
89.83333333333333,293,0.6244840464454279,0.27581162675019333,0.11604095563139932,16,19109,2250,0.24829931972789115
89.91666666666667,292,0.6288302754398163,0.27760493882069226,0.11301369863013698,20,19129,2252,0.24489795918367346
90.0,288,0.6251262331461978,0.2686021829250996,0.10416666666666667,14,19143,2258,0.24829931972789115
90.08333333333333,292,0.6177238576179065,0.2734295480014658,0.10616438356164383,18,19161,2260,0.23809523809523808
90.16666666666667,293,0.6201482582808295,0.28428615238707877,0.1296928327645051,20,19181,2261,0.24149659863945577
90.25,293,0.6248303507765685,0.2794377679311858,0.13310580204778158,11,19192,2262,0.25510204081632654
90.33333333333333,292,0.6281404718179839,0.28216932284936197,0.11301369863013698,22,19214,2264,0.2653061224489796
90.41666666666667,293,0.6304850952706044,0.28582443105594135,0.12627986348122866,24,19238,2265,0.2653061224489796
90.5,291,0.6327014942406578,0.28967631021869,0.12027491408934708,17,19255,2268,0.2687074829931973
90.58333333333333,289,0.6276907918603164,0.29599175093234786,0.12802768166089964,15,19270,2273,0.2755102040816326
90.66666666666667,293,0.6232432005504391,0.293643528367969,0.12627986348122866,31,19301,2274,0.272108843537415
90.75,293,0.6274087969817412,0.2903333004843622,0.13310580204778158,17,19318,2275,0.2789115646258503
90.83333333333333,292,0.6303744212392628,0.3114813934163249,0.1541095890410959,24,19342,2277,0.2857142857142857
90.91666666666667,292,0.6310956833756924,0.3101341770862319,0.14383561643835616,20,19362,2279,0.2891156462585034
91.0,291,0.6305286132702593,0.31048367440120017,0.15807560137457044,19,19381,2282,0.282312925170068
91.08333333333333,293,0.6304301080319596,0.304302326051748,0.15017064846416384,16,19397,2283,0.2789115646258503
91.16666666666667,288,0.6286932998410006,0.3101625520786692,0.1597222222222222,29,19426,2289,0.282312925170068
91.25,293,0.6219990977407913,0.30778044531232834,0.15699658703071673,17,19443,2290,0.272108843537415
91.33333333333333,291,0.624213267549368,0.2989662484482453,0.15120274914089346,20,19463,2293,0.2755102040816326
91.41666666666667,291,0.6214894525881663,0.28763315586406063,0.13058419243986255,17,19480,2296,0.2755102040816326
91.5,292,0.6200763619272753,0.2732050011923694,0.1232876712328767,15,19495,2298,0.272108843537415
91.58333333333333,293,0.6220720673295125,0.28412544950405766,0.13310580204778158,16,19511,2299,0.2755102040816326
91.66666666666667,292,0.6249971640786649,0.29378110441785854,0.14383561643835616,21,19532,2301,0.2789115646258503
91.75,292,0.6258182625718365,0.29538658607471,0.14726027397260275,14,19546,2303,0.272108843537415
91.83333333333333,290,0.6240586798527674,0.29309954380965486,0.1482758620689655,23,19569,2307,0.272108843537415
91.91666666666667,292,0.6206504658358932,0.2903517426837023,0.14726027397260275,18,19587,2309,0.2619047619047619
92.0,291,0.620211658236416,0.2855277498952145,0.12371134020618557,15,19602,2312,0.2653061224489796
92.08333333333333,293,0.6202824839776491,0.28346797273736596,0.12286689419795221,16,19618,2313,0.2755102040816326
92.16666666666667,293,0.6245867651450621,0.2793332091316126,0.12627986348122866,20,19638,2314,0.272108843537415
92.25,292,0.6276753312430691,0.2852938914785908,0.13013698630136986,23,19661,2316,0.272108843537415
92.33333333333333,292,0.6286052531425456,0.2828206515706516,0.13013698630136986,15,19676,2318,0.2687074829931973
92.41666666666667,293,0.6312818519339284,0.2830845870095017,0.12627986348122866,19,19695,2319,0.2789115646258503
92.5,291,0.632910427155593,0.2897822585966916,0.12027491408934708,19,19714,2322,0.282312925170068
92.58333333333333,290,0.6288812152113324,0.2832799575903024,0.12413793103448276,22,19736,2326,0.2789115646258503
92.66666666666667,292,0.6252824394464382,0.2787415115326074,0.1232876712328767,15,19751,2328,0.2653061224489796
92.75,292,0.6260813070665178,0.27696951884818816,0.1232876712328767,20,19771,2330,0.2653061224489796
92.83333333333333,293,0.6281760431413854,0.28048315788442557,0.11945392491467577,17,19788,2331,0.272108843537415
92.91666666666667,293,0.6323358907004034,0.2805391030768895,0.11945392491467577,16,19804,2332,0.282312925170068
93.0,290,0.632664310118722,0.27329062459349535,0.10689655172413794,17,19821,2336,0.2891156462585034
93.08333333333333,291,0.6275936322192397,0.27912216409753354,0.10996563573883161,20,19841,2339,0.2857142857142857
93.16666666666667,292,0.6259810526874076,0.27917463901799894,0.10616438356164383,18,19859,2341,0.2755102040816326
93.25,294,0.6291942686852141,0.29086109172050123,0.11224489795918367,18,19877,2341,0.2687074829931973
93.33333333333333,292,0.6342346651730344,0.3003633794968615,0.11301369863013698,21,19898,2343,0.2789115646258503
93.41666666666667,290,0.6324135492405366,0.2951726308714805,0.11379310344827587,23,19921,2347,0.282312925170068
93.5,293,0.629994232929203,0.28242607492664284,0.11262798634812286,22,19943,2348,0.2755102040816326
93.58333333333333,294,0.6351589111526061,0.27817651957342315,0.11224489795918367,22,19965,2348,0.2857142857142857
93.66666666666667,290,0.637705867364065,0.2833216690826679,0.12758620689655173,23,19988,2352,0.2925170068027211
93.75,292,0.6348856262523388,0.2798835395434356,0.11301369863013698,17,20005,2354,0.2789115646258503
93.83333333333333,291,0.6343052829394382,0.28192421255377353,0.10996563573883161,16,20021,2357,0.2755102040816326
93.91666666666667,290,0.6301878277247978,0.2744420426316978,0.09310344827586207,14,20035,2361,0.2789115646258503
94.0,291,0.6258134652945176,0.28255968943650067,0.10309278350515463,15,20050,2364,0.2653061224489796
94.08333333333333,292,0.6242792830006803,0.2858132356459482,0.1095890410958904,21,20071,2366,0.2585034013605442
94.16666666666667,293,0.6264601795470265,0.29304354176761027,0.12627986348122866,17,20088,2367,0.25170068027210885
94.25,291,0.6280887514343999,0.27073730983061595,0.10309278350515463,24,20112,2370,0.2653061224489796
94.33333333333333,291,0.6253846441704477,0.27532800342078695,0.12027491408934708,24,20136,2373,0.2653061224489796
94.41666666666667,289,0.6200538351548918,0.27369762110246537,0.11072664359861592,18,20154,2378,0.25510204081632654
94.5,293,0.6162803034570666,0.26258603080128323,0.09897610921501707,20,20174,2379,0.25170068027210885
94.58333333333333,293,0.6203611863881849,0.2612692777780456,0.09897610921501707,15,20189,2380,0.2585034013605442
94.66666666666667,291,0.6220152630167408,0.2603744308571387,0.10652920962199312,29,20218,2383,0.2653061224489796
94.75,291,0.620029112033931,0.26560196391972335,0.1134020618556701,16,20234,2386,0.2585034013605442
94.83333333333333,292,0.6185712227614614,0.26198144703441956,0.11301369863013698,17,20251,2388,0.2585034013605442
94.91666666666667,292,0.6209175512596117,0.2735162002205156,0.09931506849315068,14,20265,2390,0.2585034013605442
95.0,294,0.624093472340142,0.26991489841706456,0.10204081632653061,23,20288,2390,0.2585034013605442
95.08333333333333,292,0.6290176476083504,0.2669862349575265,0.10616438356164383,20,20308,2392,0.2619047619047619
95.16666666666667,291,0.6284056052867694,0.27053982302304347,0.10996563573883161,20,20328,2395,0.2687074829931973
95.25,291,0.6255666941676323,0.2691106111448955,0.09965635738831616,13,20341,2398,0.2585034013605442
95.33333333333333,291,0.6227877513569791,0.2737381747691026,0.10309278350515463,13,20354,2401,0.25170068027210885
95.41666666666667,294,0.6239927954435338,0.28113532078546655,0.10204081632653061,18,20372,2401,0.24829931972789115
95.5,293,0.630342526694121,0.2867819967598881,0.11262798634812286,19,20391,2402,0.2585034013605442
95.58333333333333,289,0.6310431213944142,0.2908571508150488,0.11418685121107267,25,20416,2407,0.2619047619047619
95.66666666666667,293,0.6264392492879401,0.26744171403841205,0.10238907849829351,19,20435,2408,0.25170068027210885
95.75,292,0.6291682904495796,0.275724482412265,0.10273972602739725,17,20452,2410,0.2653061224489796
95.83333333333333,292,0.6297239009556397,0.2774674227707496,0.09931506849315068,24,20476,2412,0.2789115646258503
95.91666666666667,293,0.6314602892424395,0.2814000750860819,0.09897610921501707,18,20494,2413,0.2755102040816326
96.0,292,0.6341403345808201,0.27133067688098395,0.11986301369863013,16,20510,2415,0.272108843537415
96.08333333333333,294,0.637134494964048,0.2688667439371169,0.10204081632653061,18,20528,2415,0.2789115646258503
96.16666666666667,292,0.641909564369499,0.2578862731112377,0.09931506849315068,20,20548,2417,0.2857142857142857
96.25,290,0.6397253601534061,0.2598711349424786,0.09655172413793103,17,20565,2421,0.29931972789115646
96.33333333333333,292,0.6355296483345709,0.25688316662867916,0.0958904109589041,15,20580,2423,0.2857142857142857
96.41666666666667,294,0.6382144769477576,0.26233277304705876,0.09523809523809523,12,20592,2423,0.2857142857142857
96.5,290,0.6404042363701554,0.2749795319622906,0.10344827586206896,21,20613,2427,0.2891156462585034
96.58333333333333,292,0.6363508694706581,0.26581369543698313,0.09931506849315068,7,20620,2429,0.2789115646258503
96.66666666666667,293,0.6378735119480373,0.2706135351186546,0.09897610921501707,7,20627,2430,0.282312925170068
96.75,292,0.6403740263362336,0.27557830297556324,0.09931506849315068,11,20638,2432,0.2925170068027211
96.83333333333333,294,0.6431384706303446,0.27814479549173426,0.09863945578231292,13,20651,2432,0.2891156462585034
96.91666666666667,293,0.6490711208239,0.27964606497029704,0.10238907849829351,19,20670,2433,0.2925170068027211
97.0,292,0.6516387129461958,0.28337510092647084,0.10273972602739725,13,20683,2435,0.29591836734693877
97.08333333333333,291,0.6507066314313485,0.27881251051354144,0.10309278350515463,16,20699,2438,0.29591836734693877
97.16666666666667,292,0.6521651667077646,0.27718833677737786,0.10273972602739725,16,20715,2439,0.2925170068027211
97.25,290,0.650068446734637,0.2749737427323634,0.1103448275862069,25,20740,2443,0.29591836734693877
97.33333333333333,294,0.6483318792253588,0.2689116722279988,0.10884353741496598,24,20764,2443,0.2891156462585034
97.41666666666667,292,0.6530564681656085,0.27667155903457274,0.11301369863013698,22,20786,2445,0.2891156462585034
97.5,294,0.6558387507240514,0.270403755352735,0.1054421768707483,19,20805,2445,0.29931972789115646
97.58333333333333,293,0.6616539567539944,0.28152439142200236,0.11604095563139932,25,20830,2446,0.3163265306122449
97.66666666666667,293,0.6651805927481228,0.2773467241897276,0.11262798634812286,22,20852,2447,0.3197278911564626
97.75,293,0.6686792651840895,0.2804746637511143,0.11262798634812286,20,20872,2448,0.3197278911564626
97.83333333333333,288,0.6668470160545565,0.2884639376826877,0.11805555555555555,20,20892,2454,0.3231292517006803
97.91666666666667,291,0.6564779582732351,0.28174531653913093,0.11683848797250859,13,20905,2457,0.32653061224489793
98.0,291,0.6527902919499549,0.28182700270329136,0.11683848797250859,20,20925,2460,0.336734693877551
98.08333333333333,286,0.6430448634692031,0.2787085680442324,0.11538461538461539,25,20950,2468,0.32653061224489793
98.16666666666667,294,0.6322735506821099,0.27840534371146614,0.11224489795918367,18,20968,2468,0.30612244897959184
98.25,294,0.6390546693331027,0.28467109232415355,0.11564625850340136,19,20987,2468,0.3163265306122449
98.33333333333333,292,0.643663045794473,0.2896268780686589,0.11986301369863013,16,21003,2470,0.3231292517006803
98.41666666666667,294,0.6462276653790802,0.2877841451821044,0.11904761904761904,12,21015,2470,0.32653061224489793
98.5,293,0.6519130457230865,0.2955717301280441,0.11945392491467577,19,21034,2471,0.3299319727891156
98.58333333333333,292,0.6542621005489416,0.2897353027490014,0.11643835616438356,16,21050,2473,0.3299319727891156
98.66666666666667,294,0.656663318537288,0.29535599510089305,0.12244897959183673,23,21073,2473,0.336734693877551
98.75,292,0.6611064624942165,0.3016728990187894,0.13013698630136986,14,21087,2475,0.3435374149659864
98.83333333333333,292,0.6610310493026564,0.29462225369759615,0.1232876712328767,15,21102,2477,0.336734693877551
98.91666666666667,289,0.6573843052078094,0.2969012148942945,0.11072664359861592,21,21123,2482,0.336734693877551
99.0,294,0.6528873601900803,0.2962056084505064,0.10884353741496598,7,21130,2482,0.32653061224489793
99.08333333333333,293,0.6584511526179294,0.29788706742631654,0.10921501706484642,14,21144,2483,0.3299319727891156
99.16666666666667,291,0.6598022773085417,0.2969007987049224,0.11683848797250859,17,21161,2486,0.3299319727891156
99.25,293,0.6586854924899733,0.29609971939323476,0.11945392491467577,20,21181,2487,0.32653061224489793
99.33333333333333,292,0.6608736385179474,0.28753458299691176,0.10616438356164383,22,21203,2489,0.336734693877551
99.41666666666667,292,0.6608738146739619,0.285765784824004,0.1095890410958904,18,21221,2491,0.336734693877551
99.5,292,0.6606471791447384,0.28191747074895396,0.10273972602739725,17,21238,2493,0.3435374149659864
99.58333333333333,290,0.661550518356469,0.2795137591302871,0.10344827586206896,23,21261,2496,0.3469387755102041
99.66666666666667,293,0.6579944931595034,0.28333909170086646,0.10580204778156997,25,21286,2497,0.336734693877551
99.75,291,0.6588819486537608,0.28625944502233164,0.10652920962199312,19,21305,2500,0.336734693877551
99.83333333333333,292,0.6564626035112829,0.28261061617226,0.10273972602739725,17,21322,2502,0.3333333333333333
99.91666666666667,291,0.6550908594707354,0.287747676149738,0.10996563573883161,15,21337,2505,0.3333333333333333
100.0,289,0.6491335228335984,0.2952258333746223,0.11418685121107267,18,21355,2510,0.32653061224489793
100.08333333333333,287,0.6396995394136881,0.29270820159321903,0.10452961672473868,17,21372,2516,0.3129251700680272
100.16666666666667,293,0.6300160388475881,0.2842223760312497,0.09897610921501707,21,21393,2517,0.30272108843537415
100.25,290,0.6296447985265375,0.2819391910771221,0.1,18,21411,2521,0.30272108843537415
100.33333333333333,291,0.6241628642379464,0.28134285531192743,0.11683848797250859,17,21428,2524,0.30272108843537415
100.41666666666667,292,0.62208265592371,0.29232318154774123,0.11986301369863013,13,21441,2526,0.29931972789115646
100.5,293,0.6235735495743234,0.29127614760232995,0.12286689419795221,16,21457,2527,0.2925170068027211
100.58333333333333,293,0.6272616064667829,0.283637000628712,0.11262798634812286,20,21477,2528,0.29931972789115646
100.66666666666667,291,0.6283816429956063,0.2889716608052396,0.12027491408934708,21,21498,2531,0.30272108843537415
100.75,292,0.6299691963820088,0.28468940518428065,0.11986301369863013,18,21516,2532,0.29591836734693877
100.83333333333333,290,0.6277054163943925,0.2905177851195218,0.11379310344827587,16,21532,2536,0.29591836734693877
100.91666666666667,289,0.6197839303580157,0.2916926019002144,0.11072664359861592,20,21552,2541,0.2891156462585034
101.0,290,0.611056538745657,0.2819189144189144,0.1103448275862069,15,21567,2545,0.2789115646258503
101.08333333333333,294,0.6099792081592678,0.28840516059903815,0.09523809523809523,22,21589,2545,0.2687074829931973
101.16666666666667,292,0.6147750944778112,0.2860981959440863,0.0821917808219178,15,21604,2547,0.2755102040816326
101.25,293,0.6167476863221745,0.27723065709413836,0.08191126279863481,19,21623,2548,0.2755102040816326
101.33333333333333,292,0.6194393571905863,0.28412790563794743,0.09931506849315068,11,21634,2550,0.2857142857142857
101.41666666666667,293,0.6213353619059032,0.2857965694345633,0.10238907849829351,20,21654,2551,0.2891156462585034
101.5,290,0.6213676833241308,0.28134863188632914,0.10689655172413794,20,21674,2555,0.2925170068027211
101.58333333333333,292,0.6177044507328565,0.28105038986888303,0.11643835616438356,14,21688,2557,0.2789115646258503
101.66666666666667,293,0.6196445218395649,0.29251052322724674,0.11945392491467577,13,21701,2558,0.2755102040816326
101.75,289,0.6188711392275137,0.30370272749165483,0.12802768166089964,20,21721,2563,0.2789115646258503
101.83333333333333,294,0.6159080562772297,0.30161016232444804,0.12585034013605442,17,21738,2563,0.2653061224489796
101.91666666666667,291,0.6195818561262272,0.295204604482955,0.11683848797250859,19,21757,2566,0.272108843537415
102.0,291,0.6170394078057992,0.29161388439738956,0.11683848797250859,20,21777,2569,0.2687074829931973
102.08333333333333,293,0.6170623019141243,0.2851899048998025,0.11262798634812286,21,21798,2570,0.2653061224489796
102.16666666666667,291,0.6187005592169537,0.30104494556704936,0.1134020618556701,18,21816,2573,0.272108843537415
102.25,292,0.6179263979424536,0.3082441337781482,0.11301369863013698,19,21835,2575,0.2687074829931973
102.33333333333333,290,0.6160196266698199,0.2957748761401596,0.1206896551724138,21,21856,2579,0.2687074829931973
102.41666666666667,292,0.6125752692896079,0.2872033119667784,0.1095890410958904,13,21869,2581,0.2619047619047619
102.5,290,0.6107459480925924,0.28822353924315874,0.1,19,21888,2585,0.2619047619047619
102.58333333333333,291,0.6061536531407223,0.28553039204478947,0.09965635738831616,15,21903,2588,0.25510204081632654
102.66666666666667,293,0.6063843463439736,0.2881097577902333,0.10238907849829351,20,21923,2589,0.24829931972789115
102.75,292,0.6095974356097806,0.2869598064508315,0.10273972602739725,21,21944,2591,0.24829931972789115
102.83333333333333,294,0.6134783478177323,0.2885269296662179,0.10204081632653061,13,21957,2591,0.24489795918367346
102.91666666666667,289,0.6158777943215702,0.28957861493699355,0.10034602076124567,13,21970,2596,0.24829931972789115
103.0,292,0.6141302128787167,0.28284495999760184,0.1095890410958904,15,21985,2597,0.24149659863945577
103.08333333333333,292,0.6152423731644466,0.29362302325854184,0.1095890410958904,21,22006,2599,0.23809523809523808
103.16666666666667,293,0.6176918605167024,0.2879491073420864,0.08191126279863481,24,22030,2600,0.24489795918367346
103.25,292,0.6208969175856994,0.2780467714573295,0.0821917808219178,20,22050,2602,0.24489795918367346
103.33333333333333,294,0.6246045056318795,0.28030699357530287,0.08503401360544217,12,22062,2602,0.24829931972789115
103.41666666666667,294,0.6324312576105933,0.28345788022959095,0.08503401360544217,15,22077,2602,0.2585034013605442
103.5,293,0.6390468655061637,0.277296369022932,0.08873720136518772,17,22094,2603,0.2619047619047619
103.58333333333333,293,0.6434680141160076,0.289660930345878,0.10580204778156997,17,22111,2604,0.2653061224489796
103.66666666666667,292,0.64654376907044,0.2913784496832442,0.1095890410958904,14,22125,2606,0.272108843537415
103.75,294,0.6497288903031612,0.2930217772904848,0.11224489795918367,12,22137,2606,0.2789115646258503
103.83333333333333,293,0.6560277837188038,0.295776455247445,0.11604095563139932,11,22148,2607,0.2857142857142857
103.91666666666667,291,0.6584100801437618,0.30685591613426666,0.12027491408934708,19,22167,2610,0.2857142857142857
104.0,292,0.6602249675348262,0.3120049284285231,0.11986301369863013,16,22183,2611,0.2857142857142857
104.08333333333333,290,0.658493946411713,0.31186135835362944,0.12413793103448276,14,22197,2615,0.2925170068027211
104.16666666666667,292,0.6545343846869252,0.31963238566923025,0.13356164383561644,19,22216,2617,0.2891156462585034
104.25,293,0.6561896745069539,0.31172884887136976,0.12627986348122866,14,22230,2618,0.29591836734693877
104.33333333333333,290,0.6600870797339182,0.3134929164507048,0.1310344827586207,22,22252,2621,0.29931972789115646
104.41666666666667,294,0.6584302335403808,0.30194938411863115,0.12585034013605442,18,22270,2621,0.29591836734693877
104.5,290,0.662146341082294,0.3040369305024478,0.12413793103448276,14,22284,2625,0.29931972789115646
104.58333333333333,289,0.6546096035383284,0.30375917750265297,0.11764705882352941,11,22295,2630,0.2891156462585034
104.66666666666667,294,0.6508052965883981,0.2932144471015104,0.09863945578231292,14,22309,2630,0.2789115646258503
104.75,292,0.655955427015594,0.30180886336272916,0.09931506849315068,22,22331,2632,0.2789115646258503
104.83333333333333,290,0.654459550009207,0.2970113111448588,0.09655172413793103,13,22344,2636,0.2755102040816326
104.91666666666667,293,0.6519593071763181,0.299073717333103,0.09556313993174062,21,22365,2637,0.2755102040816326
105.0,291,0.6537506562094508,0.2977707668429318,0.09278350515463918,11,22376,2640,0.282312925170068
105.08333333333333,294,0.6546452057352206,0.3024969456091905,0.09183673469387756,19,22395,2640,0.2755102040816326
105.16666666666667,292,0.6598457059030545,0.3017454482351743,0.0958904109589041,14,22409,2642,0.2891156462585034
105.25,294,0.6629964340025154,0.2986527927854458,0.09523809523809523,14,22423,2642,0.29591836734693877
105.33333333333333,290,0.6659226755478957,0.2839638713776645,0.09310344827586207,26,22449,2646,0.30272108843537415
105.41666666666667,290,0.6596897707601053,0.29399708529018875,0.08275862068965517,11,22460,2650,0.29591836734693877
105.5,291,0.6559739887379524,0.2899824974567242,0.08247422680412371,10,22470,2653,0.2891156462585034
105.58333333333333,292,0.6544050711849354,0.29251251982416365,0.08561643835616438,19,22489,2655,0.2857142857142857
105.66666666666667,292,0.655215480360016,0.2941864547172766,0.08561643835616438,12,22501,2657,0.2891156462585034
105.75,290,0.6536790404242482,0.3005527996907307,0.08275862068965517,18,22519,2661,0.2891156462585034
105.83333333333333,294,0.6524239889571232,0.30031307538344837,0.08163265306122448,16,22535,2661,0.282312925170068
105.91666666666667,291,0.6570155641930943,0.29760294148847294,0.08247422680412371,15,22550,2664,0.2857142857142857
106.0,289,0.6522356578005328,0.2972289728195945,0.08650519031141868,16,22566,2669,0.2925170068027211
106.08333333333333,294,0.6487071725752468,0.28993246015589436,0.09183673469387756,17,22583,2669,0.2857142857142857
106.16666666666667,293,0.6551662842487571,0.29473927697712565,0.10580204778156997,20,22603,2670,0.30952380952380953
106.25,293,0.6593740930260521,0.2977375014064434,0.10580204778156997,24,22627,2671,0.30952380952380953
106.33333333333333,290,0.6631636962175709,0.31646878026188374,0.13448275862068965,19,22646,2675,0.3163265306122449
106.41666666666667,291,0.657896334574437,0.30488926880679457,0.13402061855670103,21,22667,2678,0.3163265306122449
106.5,293,0.6572333911821973,0.31037705572618574,0.13651877133105803,20,22687,2679,0.30612244897959184
106.58333333333333,292,0.6600293639244108,0.30648817896179226,0.1404109589041096,19,22706,2681,0.30952380952380953
106.66666666666667,291,0.6594697897367624,0.30712556820804243,0.13745704467353953,17,22723,2684,0.30952380952380953
106.75,293,0.6589979885409498,0.3038161970755827,0.1296928327645051,16,22739,2685,0.30612244897959184
106.83333333333333,291,0.6606755388925827,0.30096604290271445,0.12714776632302405,18,22757,2688,0.3129251700680272
106.91666666666667,293,0.6601696040226991,0.2892640148734737,0.12286689419795221,20,22777,2689,0.3129251700680272
107.0,290,0.6606361517516426,0.304597489264977,0.1310344827586207,17,22794,2693,0.3163265306122449
107.08333333333333,293,0.6593935117408686,0.30289399505635484,0.13993174061433447,14,22808,2694,0.30952380952380953
107.16666666666667,291,0.6609195049161517,0.32181382818348947,0.14432989690721648,15,22823,2697,0.3197278911564626
107.25,292,0.6590568142123382,0.3136704619581332,0.136986301369863,17,22840,2699,0.3231292517006803
107.33333333333333,292,0.6593642021603883,0.30915544691229624,0.1267123287671233,21,22861,2701,0.3231292517006803
107.41666666666667,292,0.6597786913630714,0.3080782801673213,0.1232876712328767,18,22879,2703,0.3197278911564626
107.5,292,0.6601871252477651,0.3087394340818998,0.1267123287671233,13,22892,2705,0.3231292517006803
107.58333333333333,290,0.6582180180297476,0.3131755108602399,0.12413793103448276,12,22904,2709,0.3197278911564626
107.66666666666667,294,0.6564412329229361,0.31167356695782356,0.11564625850340136,14,22918,2709,0.3163265306122449
107.75,290,0.6596366622079116,0.3066504458868991,0.11379310344827587,16,22934,2713,0.32653061224489793
107.83333333333333,293,0.6566423129272407,0.29888474081137434,0.10921501706484642,12,22946,2714,0.3231292517006803
107.91666666666667,288,0.6544237868895678,0.3105614372437415,0.125,22,22968,2720,0.3299319727891156
108.0,292,0.6457710539936569,0.2966954078920465,0.11986301369863013,13,22981,2722,0.3129251700680272
108.08333333333333,292,0.6460696899411646,0.29275094198594837,0.11643835616438356,15,22996,2724,0.3129251700680272
108.16666666666667,292,0.6474481106396427,0.3026370403590407,0.1232876712328767,23,23019,2726,0.30952380952380953
108.25,293,0.6497544242866738,0.30023693631437537,0.12286689419795221,23,23042,2727,0.3163265306122449
108.33333333333333,292,0.6522288055742036,0.30966161915028234,0.1267123287671233,14,23056,2729,0.32653061224489793
108.41666666666667,289,0.6489258325007735,0.31210018388457716,0.12802768166089964,17,23073,2734,0.336734693877551
108.5,293,0.6436150074074832,0.3103009811053827,0.12627986348122866,16,23089,2735,0.32653061224489793
108.58333333333333,289,0.6423604959036672,0.3143323423451093,0.1314878892733564,18,23107,2740,0.32653061224489793
108.66666666666667,292,0.6361452493175092,0.30867088581129676,0.13013698630136986,16,23123,2742,0.3231292517006803
108.75,293,0.6376794240227553,0.3001716523900824,0.1296928327645051,20,23143,2743,0.3231292517006803
108.83333333333333,291,0.6392186227159726,0.31449729155914724,0.13745704467353953,28,23171,2746,0.3231292517006803
108.91666666666667,293,0.6386849837140116,0.3121966012750996,0.13993174061433447,15,23186,2747,0.3197278911564626
109.0,292,0.6415178624639832,0.31639109526415077,0.14383561643835616,22,23208,2749,0.32653061224489793
109.08333333333333,289,0.6380540344337444,0.3172093951051197,0.1453287197231834,22,23230,2754,0.3299319727891156
109.16666666666667,293,0.6329729573026098,0.31609214574014716,0.14334470989761092,16,23246,2755,0.3163265306122449
109.25,294,0.6379098510186079,0.3118428145192241,0.1360544217687075,14,23260,2755,0.3163265306122449
109.33333333333333,290,0.6406383435433377,0.3095439043714906,0.13793103448275862,10,23270,2759,0.3163265306122449
109.41666666666667,293,0.6379552383486359,0.3197316809091553,0.15358361774744028,24,23294,2760,0.30952380952380953
109.5,293,0.6417533500584284,0.3128433473996614,0.15017064846416384,22,23316,2761,0.3129251700680272
109.58333333333333,289,0.6407459848142415,0.32859822799269167,0.1522491349480969,21,23337,2766,0.3231292517006803
109.66666666666667,291,0.6333251876703145,0.3252708536213691,0.14432989690721648,14,23351,2769,0.3129251700680272
109.75,291,0.6302717030345049,0.3262244900683781,0.15807560137457044,10,23361,2772,0.30612244897959184
109.83333333333333,293,0.6303412364078617,0.32914921499758165,0.17064846416382254,13,23374,2773,0.29931972789115646
109.91666666666667,292,0.6329698106119199,0.3161967775103783,0.14383561643835616,8,23382,2775,0.3129251700680272
110.0,291,0.6356525174840215,0.3144004702546676,0.12714776632302405,16,23398,2777,0.30952380952380953
110.08333333333333,294,0.6365164528530701,0.30845798225284504,0.1292517006802721,17,23415,2777,0.29931972789115646
110.16666666666667,293,0.6426462560729398,0.3090596930040263,0.11604095563139932,18,23433,2778,0.30272108843537415
110.25,292,0.6454209056043575,0.3071341143111337,0.11643835616438356,15,23448,2780,0.30272108843537415
110.33333333333333,293,0.6471266011046752,0.3028518602603574,0.11604095563139932,21,23469,2781,0.30272108843537415
110.41666666666667,293,0.651062248459164,0.3013254413397008,0.11262798634812286,18,23487,2782,0.30272108843537415
110.5,293,0.655057263065505,0.3052367736338821,0.10921501706484642,20,23507,2783,0.30272108843537415
110.58333333333333,291,0.656744131418938,0.3095567763126045,0.10652920962199312,15,23522,2786,0.30272108843537415
110.66666666666667,293,0.6562887706240808,0.3125806589959314,0.10580204778156997,25,23547,2787,0.30612244897959184
110.75,292,0.6590036614171071,0.31206990230851467,0.10616438356164383,12,23559,2789,0.3197278911564626
110.83333333333333,294,0.6618361820594223,0.30953232890711274,0.11564625850340136,26,23585,2789,0.3197278911564626
110.91666666666667,291,0.6656275563000495,0.3059999355036923,0.10652920962199312,12,23597,2792,0.3299319727891156
111.0,294,0.66605170682309,0.2931943616870978,0.11224489795918367,18,23615,2792,0.3231292517006803
111.08333333333333,292,0.6709744844892067,0.300925083288097,0.1232876712328767,24,23639,2794,0.3333333333333333
111.16666666666667,293,0.6724597458131515,0.2979766062530568,0.13310580204778158,16,23655,2795,0.336734693877551
111.25,291,0.673871581962238,0.29198584920234405,0.12371134020618557,16,23671,2798,0.3401360544217687
111.33333333333333,294,0.6739997999623436,0.2982050185521607,0.1292517006802721,20,23691,2798,0.336734693877551
111.41666666666667,294,0.680991974790955,0.30103877577635835,0.1292517006802721,14,23705,2798,0.3469387755102041
111.5,291,0.6852440270259996,0.3025730205526075,0.12714776632302405,13,23718,2801,0.35374149659863946
111.58333333333333,291,0.6817840775768081,0.2902724822211413,0.10652920962199312,10,23728,2804,0.35034013605442177
111.66666666666667,291,0.6782978578895014,0.2818121917901005,0.09621993127147767,16,23744,2807,0.3435374149659864
111.75,290,0.6745938422900007,0.28689708621974636,0.09655172413793103,16,23760,2811,0.336734693877551
111.83333333333333,291,0.6689291151504307,0.30307974766737655,0.10309278350515463,16,23776,2814,0.3401360544217687
111.91666666666667,288,0.6621189226714007,0.2916814955877456,0.09375,20,23796,2820,0.3401360544217687
112.0,294,0.6556404426290947,0.27781988419743525,0.08843537414965986,18,23814,2820,0.32653061224489793
112.08333333333333,291,0.6592098945662348,0.2861821073161279,0.09278350515463918,20,23834,2823,0.336734693877551
112.16666666666667,293,0.658553258492135,0.27508141270939906,0.07508532423208192,15,23849,2824,0.3299319727891156
112.25,293,0.6623555918851111,0.27720717848704196,0.07849829351535836,21,23870,2825,0.3333333333333333
112.33333333333333,292,0.6650354513092951,0.2823619778243066,0.09246575342465753,19,23889,2827,0.3435374149659864
112.41666666666667,289,0.6654243547175752,0.2891749906137085,0.09688581314878893,10,23899,2831,0.3401360544217687
112.5,292,0.6589980745822032,0.28424694397567507,0.0958904109589041,12,23911,2833,0.3333333333333333
112.58333333333333,291,0.6604125440763113,0.2730280792136462,0.0859106529209622,26,23937,2836,0.3299319727891156
112.66666666666667,291,0.657265447403168,0.2660337371677578,0.08934707903780069,16,23953,2839,0.3333333333333333
112.75,292,0.6553710527584506,0.2765361446012131,0.09246575342465753,25,23978,2841,0.3333333333333333
112.83333333333333,289,0.6521669011392056,0.27920296735175626,0.09688581314878893,17,23995,2846,0.336734693877551
112.91666666666667,289,0.6421581519937043,0.27555490420864887,0.08996539792387544,16,24011,2851,0.32653061224489793
113.0,294,0.6385069872650146,0.2661566604795591,0.08163265306122448,26,24037,2851,0.3129251700680272
113.08333333333333,291,0.6423561799495618,0.27250630207995225,0.0859106529209622,22,24059,2854,0.3163265306122449
113.16666666666667,292,0.6409674506658634,0.2710486143052315,0.0821917808219178,20,24079,2856,0.3231292517006803
113.25,291,0.6404459220877265,0.27635585109811917,0.08247422680412371,17,24096,2859,0.3163265306122449
113.33333333333333,290,0.6366286459363163,0.27797813297813295,0.08620689655172414,16,24112,2863,0.30952380952380953
113.41666666666667,291,0.631966873585888,0.2871088152015987,0.0859106529209622,19,24131,2866,0.29591836734693877
113.5,293,0.6322586220852588,0.2757034016419682,0.08532423208191127,24,24155,2867,0.2857142857142857
113.58333333333333,294,0.638235631862354,0.2799734845653213,0.08503401360544217,19,24174,2867,0.2891156462585034
113.66666666666667,293,0.6452228749364801,0.27826774098105156,0.08191126279863481,17,24191,2868,0.29931972789115646
113.75,292,0.6486887217201616,0.27371269331885767,0.08561643835616438,10,24201,2870,0.30612244897959184
113.83333333333333,291,0.6485882763870192,0.27768442897308876,0.08247422680412371,18,24219,2873,0.30952380952380953
113.91666666666667,294,0.6498063053518978,0.2791912547014588,0.08163265306122448,21,24240,2873,0.30612244897959184
114.0,288,0.6507128994496676,0.2834878470295137,0.08333333333333333,16,24256,2879,0.3129251700680272
114.08333333333333,291,0.6416369733162472,0.27558904304117854,0.07903780068728522,19,24275,2882,0.29591836734693877
114.16666666666667,292,0.6404040458536051,0.2717495099016874,0.07876712328767123,15,24290,2884,0.30612244897959184
114.25,293,0.6441156028476988,0.27454013363718427,0.08532423208191127,18,24308,2885,0.30272108843537415
114.33333333333333,291,0.6459821995459684,0.2776183803142691,0.0859106529209622,12,24320,2888,0.3231292517006803
114.41666666666667,293,0.6457949344248458,0.27849165402384585,0.08532423208191127,14,24334,2889,0.32653061224489793
114.5,293,0.6498899620828689,0.26952533624888575,0.08532423208191127,16,24350,2890,0.336734693877551
114.58333333333333,293,0.6539539982654363,0.26971435845155983,0.08532423208191127,17,24367,2891,0.3401360544217687
114.66666666666667,292,0.6568803674257714,0.2750092373380044,0.07876712328767123,20,24387,2893,0.3401360544217687
114.75,291,0.6563101806835397,0.27352762739360675,0.07560137457044673,11,24398,2896,0.3435374149659864
114.83333333333333,288,0.6552084993978471,0.2676440361336195,0.0798611111111111,27,24425,2901,0.35034013605442177
114.91666666666667,289,0.6463147053615884,0.2667778300131241,0.06920415224913495,14,24439,2905,0.3469387755102041
115.0,292,0.6399670123636368,0.26973234147891684,0.0821917808219178,18,24457,2907,0.336734693877551
115.08333333333333,292,0.640459258659678,0.2765221086843666,0.08561643835616438,19,24476,2909,0.3435374149659864
115.16666666666667,291,0.6397442290623219,0.28629348952847,0.09965635738831616,20,24496,2912,0.3435374149659864
115.25,292,0.6384481386038068,0.27163645020281774,0.09931506849315068,13,24509,2914,0.336734693877551
115.33333333333333,291,0.6377534915709532,0.2746555951586168,0.08934707903780069,18,24527,2917,0.3333333333333333
115.41666666666667,288,0.6328524159016095,0.28461250428743246,0.09722222222222222,27,24554,2923,0.3231292517006803
115.5,293,0.6259727975095379,0.28404104427995214,0.10238907849829351,22,24576,2924,0.3231292517006803
115.58333333333333,292,0.6286470022936115,0.29215595097444413,0.10616438356164383,27,24603,2926,0.3197278911564626
115.66666666666667,292,0.6294024669248024,0.29274002253454307,0.10616438356164383,23,24626,2928,0.3129251700680272
115.75,293,0.6314221910828985,0.2895274899541111,0.10921501706484642,22,24648,2929,0.30952380952380953
115.83333333333333,292,0.634437378540241,0.2904526186443198,0.08904109589041095,22,24670,2931,0.30612244897959184
115.91666666666667,290,0.6335369870505354,0.28833875560419264,0.08620689655172414,14,24684,2935,0.3129251700680272
116.0,290,0.6277823385189327,0.28896192553770744,0.07931034482758621,25,24709,2939,0.30612244897959184
116.08333333333333,291,0.6227440805302966,0.2838505771735213,0.08247422680412371,11,24720,2942,0.30952380952380953
116.16666666666667,292,0.6212613990904152,0.29529148553121154,0.08904109589041095,15,24735,2944,0.30612244897959184
116.25,292,0.6219731406808335,0.2863133536934907,0.08904109589041095,13,24748,2946,0.29931972789115646
116.33333333333333,289,0.6187802880140015,0.2755740414909965,0.09342560553633218,26,24774,2951,0.30272108843537415
116.41666666666667,292,0.6131801731122103,0.26593968246365507,0.0958904109589041,13,24787,2953,0.2891156462585034
116.5,291,0.616304202184852,0.2702038702038702,0.09621993127147767,26,24813,2955,0.2857142857142857
116.58333333333333,290,0.6158772300828163,0.26888331017641365,0.08620689655172414,14,24827,2958,0.282312925170068
116.66666666666667,292,0.6125249631859866,0.26157289248042676,0.0821917808219178,19,24846,2960,0.2789115646258503
116.75,291,0.6120797817541925,0.2690733855682309,0.08934707903780069,22,24868,2963,0.272108843537415
116.83333333333333,294,0.6135907161622822,0.2769814369304165,0.08503401360544217,17,24885,2963,0.2687074829931973
116.91666666666667,290,0.6164193227339191,0.28360485333136937,0.10689655172413794,15,24900,2967,0.2687074829931973
117.0,288,0.611413519267897,0.2831090478190448,0.1076388888888889,20,24920,2972,0.2653061224489796
117.08333333333333,293,0.6052633778301996,0.28920745574564566,0.10580204778156997,24,24944,2973,0.25510204081632654
117.16666666666667,290,0.6055484510167339,0.28349608279156435,0.10689655172413794,18,24962,2977,0.2619047619047619
117.25,291,0.6011934402705028,0.2841313999952464,0.10996563573883161,26,24988,2980,0.2619047619047619
117.33333333333333,291,0.5988754256186001,0.28447274375109427,0.1134020618556701,21,25009,2983,0.25170068027210885
117.41666666666667,290,0.5955244169948302,0.27939037016623225,0.1103448275862069,14,25023,2987,0.24829931972789115
117.5,290,0.5898147555826244,0.27213124997607757,0.0896551724137931,17,25040,2991,0.24489795918367346
117.58333333333333,291,0.5855261370765232,0.2801210816674734,0.09278350515463918,18,25058,2994,0.23809523809523808
117.66666666666667,294,0.5877257891791114,0.2759932810953219,0.10884353741496598,14,25072,2994,0.23129251700680273
117.75,291,0.5924550278906229,0.29608377358745547,0.11683848797250859,19,25091,2997,0.24149659863945577
117.83333333333333,291,0.5903731558520517,0.2898902248681336,0.10652920962199312,13,25104,3000,0.24829931972789115
117.91666666666667,291,0.5881820937717581,0.28272985946034546,0.0859106529209622,19,25123,3003,0.23809523809523808
118.0,292,0.5879667398111088,0.2705861191428706,0.08904109589041095,21,25144,3005,0.24149659863945577
118.08333333333333,294,0.5919531715929787,0.26926355822128417,0.08843537414965986,23,25167,3005,0.24489795918367346
118.16666666666667,289,0.5930581547927128,0.2864165822643331,0.08650519031141868,21,25188,3010,0.24829931972789115
118.25,291,0.5902903028980205,0.2645196809408886,0.0859106529209622,23,25211,3012,0.23809523809523808
118.33333333333333,293,0.5909565937256911,0.25156544116807406,0.08191126279863481,20,25231,3013,0.22789115646258504
118.41666666666667,294,0.5972101009781656,0.2574856913413765,0.08163265306122448,16,25247,3013,0.22448979591836735
118.5,293,0.6042222523945441,0.2526947915295063,0.07508532423208192,23,25270,3014,0.22789115646258504
118.58333333333333,290,0.6051708732643624,0.2636755854982456,0.07241379310344828,19,25289,3018,0.23129251700680273
118.66666666666667,292,0.6024173177813743,0.26687421216530804,0.0821917808219178,21,25310,3020,0.23469387755102042
118.75,292,0.6036778759324987,0.25997818771791376,0.0684931506849315,13,25323,3022,0.24149659863945577
118.83333333333333,293,0.6063761983047976,0.2703155680118138,0.06825938566552901,17,25340,3023,0.23469387755102042
118.91666666666667,294,0.6124917711105493,0.26694888633664143,0.06802721088435375,16,25356,3023,0.24489795918367346
119.0,292,0.6180991770924239,0.2738258985542878,0.06506849315068493,16,25372,3025,0.2585034013605442
119.08333333333333,291,0.6180938446238174,0.2745888898661739,0.06529209621993128,18,25390,3028,0.2585034013605442
119.16666666666667,291,0.6159446007323847,0.2622380772576294,0.061855670103092786,27,25417,3031,0.25510204081632654
119.25,293,0.6162687948243881,0.25995646501707464,0.06825938566552901,18,25435,3032,0.2653061224489796
119.33333333333333,289,0.6155411965321856,0.27303759425821233,0.07612456747404844,24,25459,3037,0.2653061224489796
119.41666666666667,294,0.6129908890156722,0.28036238268469094,0.07482993197278912,23,25482,3037,0.2585034013605442
119.5,293,0.6196411259051148,0.26037145481066865,0.07508532423208192,21,25503,3038,0.2585034013605442
119.58333333333333,291,0.6217663896726853,0.255882434046316,0.08247422680412371,26,25529,3041,0.2687074829931973
119.66666666666667,289,0.6225943058673894,0.2577005462818612,0.07958477508650519,19,25548,3045,0.272108843537415
119.75,290,0.6151483945418029,0.25773566471842335,0.07931034482758621,16,25564,3049,0.2687074829931973
119.83333333333333,294,0.6144513722232288,0.25746563527175775,0.07142857142857142,20,25584,3049,0.2619047619047619
119.91666666666667,293,0.6210157154252041,0.2651903246003685,0.07167235494880546,20,25604,3050,0.2619047619047619
120.0,292,0.6278071734174206,0.2662801212703365,0.07191780821917808,21,25625,3051,0.2687074829931973
120.08333333333333,292,0.6289757780612968,0.2740757407954081,0.07191780821917808,15,25640,3053,0.2653061224489796
120.16666666666667,291,0.6287696667003896,0.2753402559367213,0.07216494845360824,15,25655,3056,0.2755102040816326
120.25,290,0.6251147616074985,0.2692749765286711,0.09655172413793103,13,25668,3060,0.2687074829931973
120.33333333333333,292,0.6222695261760872,0.25721655627477547,0.0958904109589041,19,25687,3062,0.25510204081632654
120.41666666666667,293,0.624674775829131,0.262655821614866,0.10238907849829351,13,25700,3063,0.2585034013605442
120.5,293,0.6292960128358366,0.2676943932063386,0.09215017064846416,17,25717,3064,0.2585034013605442
120.58333333333333,290,0.6304630654373196,0.2691660446832861,0.09310344827586207,16,25733,3068,0.2653061224489796
120.66666666666667,292,0.627734193772141,0.28919186787337475,0.10616438356164383,21,25754,3070,0.2585034013605442
120.75,292,0.6292339323446884,0.2828172018240512,0.0958904109589041,20,25774,3072,0.25510204081632654
120.83333333333333,292,0.6305525389160849,0.27407451756766826,0.07876712328767123,18,25792,3074,0.2585034013605442
120.91666666666667,291,0.6302982214364482,0.272696146922951,0.0859106529209622,16,25808,3077,0.2585034013605442
121.0,293,0.6304239810450804,0.27339913594179804,0.08532423208191127,10,25818,3078,0.2585034013605442
121.08333333333333,293,0.6347920270717138,0.28185154814847646,0.10580204778156997,17,25835,3079,0.2619047619047619
121.16666666666667,290,0.6357298817864784,0.2881037640520399,0.11379310344827587,19,25854,3083,0.2619047619047619
121.25,291,0.631038123397376,0.28928780268986454,0.1134020618556701,19,25873,3086,0.2619047619047619
121.33333333333333,292,0.6297146599716937,0.2922733183863321,0.11643835616438356,19,25892,3088,0.2585034013605442
121.41666666666667,291,0.6293570363435788,0.29064630482156256,0.1134020618556701,15,25907,3091,0.2653061224489796
121.5,293,0.629441586433914,0.2904062187338638,0.11604095563139932,9,25916,3092,0.2619047619047619
121.58333333333333,291,0.6313106491113891,0.28908483650751693,0.12371134020618557,25,25941,3095,0.2687074829931973
121.66666666666667,292,0.6301172689667157,0.28179033675609017,0.1232876712328767,26,25967,3097,0.272108843537415
121.75,292,0.6310023429170203,0.2943304507516836,0.1232876712328767,21,25988,3099,0.272108843537415
121.83333333333333,292,0.6318619358094839,0.29612755015152276,0.1267123287671233,21,26009,3101,0.282312925170068
121.91666666666667,291,0.6325348517786954,0.29182889466394624,0.12371134020618557,18,26027,3104,0.2755102040816326
122.0,290,0.6285520569282218,0.2904833863454553,0.1206896551724138,24,26051,3108,0.2789115646258503
122.08333333333333,292,0.6249488552576831,0.2808235999160657,0.10273972602739725,25,26076,3110,0.2687074829931973
122.16666666666667,292,0.6257220865349549,0.2758657628520642,0.10273972602739725,18,26094,3112,0.2687074829931973
122.25,293,0.6278946812023265,0.28557773284735744,0.11262798634812286,21,26115,3113,0.2653061224489796
122.33333333333333,292,0.6309842255513476,0.2823892906940852,0.11643835616438356,16,26131,3115,0.2653061224489796
122.41666666666667,290,0.6300916864308791,0.2798418535487501,0.11379310344827587,18,26149,3119,0.2619047619047619
122.5,293,0.6279846966605206,0.2840241764303198,0.11945392491467577,22,26171,3120,0.25510204081632654
122.58333333333333,291,0.6298363419658922,0.2934251121740201,0.11683848797250859,23,26194,3123,0.2619047619047619
122.66666666666667,293,0.6299726025234651,0.2922132945372953,0.11262798634812286,19,26213,3124,0.2585034013605442
122.75,293,0.6343578425512774,0.28799790464166525,0.11604095563139932,24,26237,3125,0.2687074829931973
122.83333333333333,294,0.64001344731186,0.2979233449324934,0.12244897959183673,18,26255,3125,0.2687074829931973
122.91666666666667,289,0.6432580614716596,0.30378211754205475,0.14186851211072665,19,26274,3130,0.272108843537415
123.0,291,0.636267336461736,0.288809157629164,0.140893470790378,14,26288,3133,0.2687074829931973
123.08333333333333,292,0.6348690191702713,0.2879471647654257,0.136986301369863,19,26307,3135,0.2619047619047619
123.16666666666667,293,0.6370175093273641,0.2860218200579315,0.11945392491467577,22,26329,3136,0.2619047619047619
123.25,291,0.6388866742672955,0.291162933680393,0.12027491408934708,24,26353,3139,0.272108843537415
123.33333333333333,294,0.6400576327983108,0.2789902761759246,0.11904761904761904,16,26369,3139,0.2653061224489796
123.41666666666667,292,0.6452599855599723,0.2676500250130387,0.10616438356164383,9,26378,3141,0.2755102040816326
123.5,294,0.6484863010905444,0.26945072123643554,0.1054421768707483,25,26403,3141,0.2789115646258503
123.58333333333333,290,0.6513065601029433,0.27690779526986425,0.10344827586206896,17,26420,3145,0.282312925170068
123.66666666666667,292,0.6478314107045438,0.2744163751013066,0.10273972602739725,25,26445,3147,0.2687074829931973
123.75,292,0.6485940601444928,0.282941592273784,0.11301369863013698,27,26472,3149,0.2755102040816326
123.83333333333333,292,0.6493123534320463,0.2808888504950149,0.11301369863013698,15,26487,3151,0.2857142857142857
123.91666666666667,294,0.6522577107826025,0.2749740944036695,0.11224489795918367,25,26512,3151,0.29591836734693877
124.0,292,0.6572840376426496,0.2761542910080413,0.10616438356164383,13,26525,3153,0.30612244897959184
124.08333333333333,292,0.6577694451223737,0.2646111537799726,0.10273972602739725,25,26550,3155,0.30952380952380953
124.16666666666667,291,0.6569315034735458,0.27382551974405955,0.10309278350515463,20,26570,3158,0.3163265306122449
124.25,291,0.6538106674646952,0.26966972508209625,0.10309278350515463,15,26585,3161,0.3129251700680272
124.33333333333333,290,0.650074097950831,0.27052094457266873,0.1,18,26603,3165,0.30952380952380953
124.41666666666667,291,0.6446584726985237,0.2783245677575575,0.10996563573883161,19,26622,3168,0.30612244897959184
124.5,294,0.6451926122355253,0.2907976471751982,0.11224489795918367,21,26643,3168,0.30272108843537415
124.58333333333333,293,0.6511528251404316,0.29532224506627236,0.13310580204778158,17,26660,3169,0.3163265306122449
124.66666666666667,291,0.6525944947651884,0.28311130450305705,0.12714776632302405,23,26683,3172,0.3163265306122449
124.75,290,0.648339720305593,0.29253767305491446,0.12758620689655173,16,26699,3176,0.30612244897959184
124.83333333333333,290,0.6418387755409156,0.2942058611886198,0.12758620689655173,18,26717,3180,0.29931972789115646
124.91666666666667,292,0.6377352857226143,0.29712125638006265,0.1095890410958904,17,26734,3182,0.30612244897959184
125.0,293,0.6392592510150314,0.29555953012803327,0.10580204778156997,23,26757,3183,0.30272108843537415
125.08333333333333,291,0.6406789919776824,0.29532920169886295,0.10996563573883161,20,26777,3186,0.30272108843537415
125.16666666666667,291,0.6376970801168055,0.29215907095141264,0.10652920962199312,12,26789,3189,0.29591836734693877
125.25,291,0.6347139091728037,0.2923334779004882,0.10309278350515463,12,26801,3192,0.2891156462585034
125.33333333333333,293,0.6347375974277659,0.2964691925442779,0.12286689419795221,12,26813,3193,0.2891156462585034
125.41666666666667,293,0.6397474515608136,0.29241165546626297,0.11945392491467577,11,26824,3194,0.2925170068027211
125.5,291,0.6410116382180445,0.2956553564800988,0.12027491408934708,27,26851,3197,0.30952380952380953
125.58333333333333,293,0.640278569752102,0.2879054771546239,0.13993174061433447,24,26875,3198,0.30612244897959184
125.66666666666667,292,0.6427036552829215,0.28758467424074075,0.14383561643835616,21,26896,3200,0.30612244897959184
125.75,294,0.6454570300789788,0.2823873200046793,0.1360544217687075,19,26915,3200,0.30952380952380953
125.83333333333333,290,0.6477349947254035,0.30143478957100894,0.1413793103448276,18,26933,3204,0.3163265306122449
125.91666666666667,291,0.6423391207000436,0.296468087308306,0.140893470790378,20,26953,3207,0.30952380952380953
126.0,293,0.6415476346344543,0.2903094440637103,0.12627986348122866,15,26968,3208,0.30612244897959184
126.08333333333333,290,0.641471568039406,0.2889009649354477,0.12758620689655173,17,26985,3212,0.3163265306122449
126.16666666666667,289,0.6334643409659914,0.2875748089841345,0.11418685121107267,24,27009,3217,0.30952380952380953
126.25,291,0.6257966623461872,0.27909889280093775,0.10996563573883161,16,27025,3220,0.29931972789115646
126.33333333333333,294,0.6264335094225664,0.2990498202651097,0.12244897959183673,19,27044,3220,0.2925170068027211
126.41666666666667,292,0.6311092879579165,0.2999269471016046,0.13356164383561644,18,27062,3222,0.29591836734693877
126.5,291,0.6302843703950228,0.29208786495237155,0.12371134020618557,14,27076,3225,0.2925170068027211
126.58333333333333,291,0.627287135471681,0.29678021345915306,0.12027491408934708,13,27089,3228,0.282312925170068
126.66666666666667,292,0.6256360193736691,0.28837469472254207,0.1095890410958904,15,27104,3230,0.2857142857142857
126.75,291,0.624801245235354,0.2838499020752334,0.1134020618556701,16,27120,3233,0.2857142857142857
126.83333333333333,292,0.6231911314473556,0.2791320931731891,0.11301369863013698,20,27140,3235,0.2789115646258503
126.91666666666667,292,0.6237356303944923,0.2841615671238959,0.1095890410958904,8,27148,3237,0.2789115646258503
127.0,293,0.6256065728278384,0.2889495790519681,0.10921501706484642,19,27167,3238,0.2857142857142857
127.08333333333333,293,0.6294477008069277,0.28350081713075376,0.10238907849829351,20,27187,3239,0.2925170068027211
127.16666666666667,292,0.6320644397951435,0.28201968177506337,0.10273972602739725,10,27197,3241,0.30272108843537415
127.25,291,0.631207120720932,0.28325034889836065,0.10996563573883161,23,27220,3244,0.29591836734693877
127.33333333333333,293,0.6320419997006627,0.270008374798721,0.10921501706484642,10,27230,3245,0.2891156462585034
127.41666666666667,289,0.6342072392100825,0.28046172260210817,0.11072664359861592,18,27248,3249,0.2891156462585034
127.5,292,0.6281044689704273,0.27099078623051226,0.11643835616438356,19,27267,3251,0.282312925170068
127.58333333333333,292,0.6283976958486205,0.28585008978844595,0.1267123287671233,15,27282,3253,0.2925170068027211
127.66666666666667,290,0.6260835525348499,0.28648721967687485,0.11724137931034483,24,27306,3257,0.29591836734693877
127.75,291,0.6207396828361023,0.28287172926348186,0.13058419243986255,20,27326,3260,0.2891156462585034
127.83333333333333,291,0.621036674002492,0.2846982246466782,0.11683848797250859,19,27345,3262,0.2857142857142857
127.91666666666667,292,0.6192067855474941,0.27851479760726333,0.11301369863013698,21,27366,3264,0.2891156462585034
128.0,292,0.6194810683269185,0.2787408645968603,0.1095890410958904,22,27388,3266,0.29931972789115646
128.08333333333334,293,0.6210581078358611,0.28645240864595595,0.10580204778156997,18,27406,3267,0.30272108843537415
128.16666666666666,294,0.6258849370360917,0.30424597194226227,0.10884353741496598,11,27417,3267,0.3129251700680272
128.25,293,0.6316422283925176,0.29350222269235704,0.10921501706484642,13,27430,3268,0.3129251700680272
128.33333333333334,292,0.6340474003931086,0.29108715670815005,0.11301369863013698,18,27448,3270,0.30952380952380953
128.41666666666666,293,0.6355373812098842,0.2795396771892678,0.11262798634812286,15,27463,3271,0.30612244897959184
128.5,293,0.6391971504039088,0.28266968012214233,0.11262798634812286,29,27492,3272,0.30952380952380953
128.58333333333334,292,0.6416411740957714,0.2959829255328277,0.1095890410958904,21,27513,3274,0.3197278911564626
128.66666666666666,291,0.6406502631503795,0.29840590735288824,0.10996563573883161,14,27527,3277,0.3129251700680272
128.75,294,0.6411369876371967,0.2982840086703061,0.11904761904761904,16,27543,3277,0.30952380952380953
128.83333333333334,291,0.6445217548935324,0.301553438924573,0.11683848797250859,14,27557,3280,0.3197278911564626
128.91666666666666,291,0.6413581078026128,0.2976435730853993,0.10996563573883161,15,27572,3283,0.3129251700680272
129.0,291,0.6381792304398423,0.2934546736778721,0.09965635738831616,24,27596,3286,0.30272108843537415
129.08333333333334,291,0.6350920642925242,0.2869765679729623,0.09965635738831616,17,27613,3289,0.30272108843537415
129.16666666666666,290,0.6306832137857276,0.29197678687316875,0.08620689655172414,23,27636,3293,0.30272108843537415
129.25,292,0.6267006477321774,0.29262867276270677,0.08904109589041095,22,27658,3295,0.29591836734693877
129.33333333333334,292,0.6270159261116065,0.28964131575137714,0.08904109589041095,15,27673,3297,0.29931972789115646
129.41666666666666,293,0.6287150029701674,0.27187647457742786,0.08873720136518772,26,27699,3298,0.29591836734693877
129.5,293,0.6325272689260953,0.28609062599294444,0.09897610921501707,20,27719,3299,0.30272108843537415
129.58333333333334,292,0.635097580604899,0.28859338025906284,0.10273972602739725,23,27742,3301,0.30612244897959184
129.66666666666666,291,0.6342107403109578,0.2961350219082178,0.10652920962199312,18,27760,3304,0.30612244897959184
129.75,292,0.6323026821758694,0.2947815214285495,0.10616438356164383,25,27785,3306,0.30272108843537415
129.83333333333334,291,0.6313219092379332,0.29035994519132735,0.10652920962199312,18,27803,3309,0.29931972789115646
129.91666666666666,291,0.6282883909585075,0.2913370026091445,0.10309278350515463,23,27826,3312,0.2925170068027211
130.0,291,0.6253029255686479,0.2955659075668088,0.10309278350515463,16,27842,3315,0.2857142857142857
130.08333333333334,289,0.6198591300678805,0.2994054196003333,0.10380622837370242,21,27863,3320,0.2755102040816326
130.16666666666666,294,0.6167938479305526,0.28902937571757314,0.10204081632653061,20,27883,3320,0.2687074829931973
130.25,291,0.6204078522701756,0.28890575001488616,0.10996563573883161,25,27908,3323,0.2789115646258503
130.33333333333334,291,0.6212400483574073,0.28800549915688645,0.10996563573883161,24,27932,3325,0.282312925170068
130.41666666666666,293,0.6211201576069532,0.28601889881242093,0.10921501706484642,27,27959,3326,0.2755102040816326
130.5,291,0.6261241723361889,0.2951343096362124,0.1134020618556701,16,27975,3328,0.2789115646258503
130.58333333333334,291,0.6236501005407031,0.28815689415364226,0.12371134020618557,33,28008,3331,0.2789115646258503
130.66666666666666,292,0.6222043042646013,0.28444904885089567,0.1232876712328767,18,28026,3333,0.272108843537415
130.75,290,0.620404944582404,0.2927219159745722,0.11379310344827587,15,28041,3337,0.2789115646258503
130.83333333333334,292,0.6170061025313067,0.279661616554016,0.11301369863013698,23,28064,3339,0.2653061224489796
130.91666666666666,288,0.6126671108847178,0.2852796027275194,0.11458333333333333,20,28084,3345,0.2585034013605442
131.0,292,0.6053441854591299,0.27866711067937316,0.11643835616438356,22,28106,3347,0.24829931972789115
131.08333333333334,290,0.6042985651839354,0.2952661243095059,0.12413793103448276,24,28130,3351,0.24489795918367346
131.16666666666666,293,0.6027985514411819,0.2947598491884521,0.11604095563139932,17,28147,3352,0.23469387755102042
131.25,293,0.6079491987964236,0.29236772897182456,0.1296928327645051,24,28171,3353,0.23469387755102042
131.33333333333334,292,0.6113939154736401,0.2961829171589445,0.13356164383561644,15,28186,3355,0.24149659863945577
131.41666666666666,293,0.6139821570436921,0.29576145318466135,0.12627986348122866,22,28208,3356,0.24829931972789115
131.5,292,0.617239083772412,0.3033930206019247,0.11986301369863013,17,28225,3358,0.25170068027210885
131.58333333333334,293,0.6196924177512626,0.30659688212907393,0.13651877133105803,19,28244,3359,0.25510204081632654
131.66666666666666,293,0.6242419019639623,0.3129298646565957,0.13651877133105803,19,28263,3360,0.25170068027210885
131.75,292,0.6294567333247597,0.3231474002225105,0.1404109589041096,13,28276,3362,0.25510204081632654
131.83333333333334,290,0.6283901055399762,0.31162797897602107,0.1310344827586207,19,28295,3366,0.25170068027210885
131.91666666666666,294,0.6276196449035463,0.30240771101632397,0.1292517006802721,17,28312,3366,0.24829931972789115
132.0,294,0.6353846834038218,0.3075215695113654,0.1292517006802721,22,28334,3366,0.25510204081632654
132.08333333333334,291,0.6395604278481881,0.3098187036331366,0.13058419243986255,18,28352,3369,0.2619047619047619
132.16666666666666,292,0.6386969816707837,0.3086368064963955,0.136986301369863,19,28371,3371,0.2687074829931973
132.25,293,0.6406811996634865,0.3052622008253407,0.13651877133105803,21,28392,3372,0.272108843537415
132.33333333333334,292,0.6436254551166585,0.30027827923695116,0.11643835616438356,21,28413,3374,0.2789115646258503
132.41666666666666,294,0.6468037490560479,0.3022566810183552,0.10884353741496598,19,28432,3374,0.2755102040816326
132.5,292,0.6519419875203488,0.2980767326860896,0.11301369863013698,17,28449,3376,0.2857142857142857
132.58333333333334,292,0.6525977901156559,0.31432195055801976,0.11986301369863013,16,28465,3378,0.29591836734693877
132.66666666666666,292,0.6530972467434802,0.3146872150499966,0.13013698630136986,22,28487,3380,0.29591836734693877
132.75,293,0.6547864841345016,0.31264608542765543,0.11945392491467577,20,28507,3381,0.2925170068027211
132.83333333333334,291,0.6564137165758474,0.31758864328820147,0.13058419243986255,22,28529,3384,0.30272108843537415
132.91666666666666,293,0.6558390685144397,0.3097316015729109,0.13310580204778158,15,28544,3385,0.29931972789115646
133.0,293,0.659748951059358,0.3045926658025758,0.1296928327645051,20,28564,3386,0.29931972789115646
133.08333333333334,294,0.6648620648529903,0.3069886446060039,0.11564625850340136,19,28583,3386,0.30612244897959184
133.16666666666666,293,0.6710766815946836,0.2954535699416246,0.11262798634812286,21,28604,3387,0.30952380952380953
133.25,292,0.6737554108382721,0.2866498057393192,0.11301369863013698,27,28631,3389,0.32653061224489793
133.33333333333334,291,0.6733957696889213,0.2912263681993508,0.12027491408934708,22,28653,3392,0.3197278911564626
133.41666666666666,291,0.6704352178995789,0.2894730333908002,0.10996563573883161,23,28676,3395,0.3197278911564626
133.5,292,0.6688773233073202,0.2832707548634608,0.136986301369863,19,28695,3397,0.3231292517006803
133.58333333333334,291,0.6677754375447015,0.28551733779806227,0.13745704467353953,23,28718,3400,0.32653061224489793
133.66666666666666,294,0.6678014838145245,0.2912907009845785,0.13945578231292516,24,28742,3400,0.3197278911564626
133.75,292,0.6724839970442246,0.2999261203028326,0.14383561643835616,17,28759,3402,0.3231292517006803
133.83333333333334,294,0.6748902836296131,0.28878912125745343,0.14285714285714285,21,28780,3402,0.3197278911564626
133.91666666666666,293,0.6806900694091689,0.2778473520647229,0.1296928327645051,19,28799,3403,0.32653061224489793
134.0,291,0.6819516224598992,0.28204542721961845,0.12714776632302405,18,28817,3406,0.3401360544217687
134.08333333333334,290,0.6772984062191064,0.27498439196460256,0.10689655172413794,22,28839,3410,0.336734693877551
134.16666666666666,293,0.673692111073665,0.2660709567366583,0.10921501706484642,17,28856,3411,0.32653061224489793
134.25,291,0.6748557574342751,0.26895182427117936,0.1134020618556701,24,28880,3414,0.3299319727891156
134.33333333333334,290,0.6702896596618474,0.26368464595065577,0.11379310344827587,25,28905,3418,0.32653061224489793
134.41666666666666,291,0.6646371805460733,0.25140498921794946,0.10652920962199312,20,28925,3421,0.3163265306122449
134.5,288,0.6590232725472096,0.2536285460020579,0.10069444444444445,24,28949,3427,0.3129251700680272
134.58333333333334,292,0.6500756251210361,0.26269014270996965,0.1095890410958904,26,28975,3429,0.30612244897959184
134.66666666666666,291,0.6489924944066368,0.2605373244548502,0.10309278350515463,25,29000,3432,0.30272108843537415
134.75,293,0.6484392819003432,0.24980881873608718,0.10238907849829351,16,29016,3433,0.2925170068027211
134.83333333333334,293,0.6524195506240584,0.26695063596322866,0.10238907849829351,22,29038,3434,0.29591836734693877
134.91666666666666,291,0.6539523713313073,0.26410130566724954,0.10996563573883161,23,29061,3437,0.3163265306122449
135.0,293,0.653274035106657,0.26031226106546806,0.11262798634812286,20,29081,3438,0.3129251700680272
135.08333333333334,290,0.6562427408166175,0.264386906197251,0.11379310344827587,23,29104,3442,0.3163265306122449
135.16666666666666,292,0.6520006749236643,0.2567212087760033,0.09931506849315068,19,29123,3444,0.3231292517006803
135.25,292,0.6521933749350416,0.27383835427942654,0.09931506849315068,16,29139,3446,0.3163265306122449
135.33333333333334,292,0.6525234896537736,0.2692320492450393,0.10273972602739725,16,29155,3448,0.3129251700680272
135.41666666666666,291,0.6517138628395021,0.2695378218574095,0.09965635738831616,21,29176,3451,0.30952380952380953
135.5,286,0.6425085570785428,0.26679111486803797,0.0979020979020979,23,29199,3459,0.30952380952380953
135.58333333333334,293,0.6309804920719575,0.26354978008797003,0.10238907849829351,22,29221,3460,0.282312925170068
135.66666666666666,292,0.6335793053529511,0.2798015724237973,0.1095890410958904,23,29244,3462,0.2891156462585034
135.75,291,0.632868856936728,0.2697965363624802,0.10996563573883161,17,29261,3465,0.2925170068027211
135.83333333333334,294,0.6337420528827926,0.2546009926815697,0.1054421768707483,20,29281,3465,0.2857142857142857
135.91666666666666,292,0.6385816585030294,0.2621544554616118,0.10616438356164383,17,29298,3467,0.29931972789115646
136.0,291,0.637874532850056,0.26356265918121585,0.10309278350515463,25,29323,3470,0.30612244897959184
136.08333333333334,290,0.6335009393589568,0.26149144916386297,0.10344827586206896,21,29344,3474,0.30272108843537415
136.16666666666666,291,0.6282035573583099,0.25081978922185105,0.09965635738831616,25,29369,3477,0.29931972789115646
136.25,291,0.6250740493589324,0.25930033153637844,0.10309278350515463,20,29389,3480,0.30612244897959184
136.33333333333334,291,0.622020148241875,0.2642732792273062,0.09965635738831616,18,29407,3483,0.30272108843537415
136.41666666666666,290,0.6177376730505144,0.261454866977701,0.1,13,29420,3487,0.30272108843537415
136.5,291,0.6126769752551812,0.25703094331507276,0.09621993127147767,19,29439,3490,0.2925170068027211
136.58333333333334,293,0.6125002784690958,0.2543887210363301,0.09556313993174062,17,29456,3491,0.2857142857142857
136.66666666666666,292,0.6163609513550729,0.25612635255463956,0.0958904109589041,8,29464,3493,0.29931972789115646
136.75,292,0.6169464732371542,0.24912246412951825,0.0958904109589041,18,29482,3495,0.29931972789115646
136.83333333333334,290,0.6155295928751238,0.24376335662021306,0.1,13,29495,3499,0.29591836734693877
136.91666666666666,292,0.6122266084548253,0.24769695677229922,0.09931506849315068,20,29515,3501,0.29591836734693877
137.0,293,0.6140032842616302,0.25118169657418804,0.09897610921501707,19,29534,3502,0.29591836734693877
137.08333333333334,294,0.6193367240475233,0.2544068554272636,0.09863945578231292,14,29548,3502,0.29591836734693877
137.16666666666666,291,0.6230067740240718,0.25918435716475263,0.09965635738831616,15,29563,3505,0.29591836734693877
137.25,290,0.6190203307161266,0.2546479900352145,0.1,17,29580,3509,0.2891156462585034
137.33333333333334,292,0.6154760540406613,0.25583439971212263,0.09931506849315068,21,29601,3511,0.282312925170068
137.41666666666666,294,0.6188165642956268,0.2590101452764551,0.09863945578231292,21,29622,3511,0.282312925170068
137.5,291,0.6232042842350861,0.2666644829015963,0.09965635738831616,19,29641,3514,0.2857142857142857
137.58333333333334,291,0.620589746025586,0.26860717556593844,0.09965635738831616,16,29657,3517,0.2857142857142857
137.66666666666666,292,0.6192306937525128,0.2730255094981123,0.10273972602739725,16,29673,3519,0.282312925170068
137.75,290,0.6180152354943195,0.2719213356995759,0.09655172413793103,19,29692,3523,0.282312925170068
137.83333333333334,291,0.6132572162241586,0.2675921447250989,0.09621993127147767,19,29711,3526,0.2789115646258503
137.91666666666666,293,0.6133047777759855,0.26560326319947364,0.09556313993174062,16,29727,3527,0.2789115646258503
138.0,289,0.6123966902288935,0.27521443410955404,0.09688581314878893,19,29746,3532,0.2925170068027211
138.08333333333334,291,0.6059283124826749,0.27554110646894153,0.09621993127147767,18,29764,3535,0.2891156462585034
138.16666666666666,293,0.6056652924380646,0.26975041454563636,0.09556313993174062,15,29779,3536,0.29931972789115646
138.25,293,0.6095978281182696,0.2756020335371871,0.09556313993174062,13,29792,3537,0.30272108843537415
138.33333333333334,291,0.6109401870623254,0.27729212368387623,0.09965635738831616,15,29807,3540,0.30272108843537415
138.41666666666666,292,0.6128779111779586,0.2778197734533351,0.09931506849315068,15,29822,3541,0.29931972789115646
138.5,292,0.6134903839612447,0.27373657544890423,0.09931506849315068,20,29842,3543,0.2925170068027211
138.58333333333334,292,0.614140068099885,0.2704589170342595,0.09931506849315068,16,29858,3545,0.2925170068027211
138.66666666666666,292,0.6148343976755296,0.27305530276420686,0.10273972602739725,17,29875,3547,0.2857142857142857
138.75,293,0.6168529265671135,0.2638723809372273,0.09897610921501707,28,29903,3548,0.2891156462585034
138.83333333333334,292,0.620625873684949,0.25952700132005413,0.0958904109589041,13,29916,3550,0.2857142857142857
138.91666666666666,293,0.6225186725516055,0.26343080371603045,0.09556313993174062,21,29937,3551,0.2925170068027211
139.0,292,0.6252457145309643,0.266329065313899,0.09246575342465753,20,29957,3553,0.29591836734693877
139.08333333333334,290,0.6235807237420028,0.2569913310553704,0.07931034482758621,22,29979,3557,0.29931972789115646
139.16666666666666,290,0.6186073118904089,0.25510091474122387,0.07931034482758621,19,29998,3561,0.2925170068027211
139.25,290,0.6122762693727037,0.24925432837739614,0.07931034482758621,14,30012,3565,0.2857142857142857
139.33333333333334,293,0.6098515304659446,0.24937089867359377,0.07849829351535836,15,30027,3566,0.2755102040816326
139.41666666666666,290,0.613309709526135,0.25279762416207124,0.07931034482758621,11,30038,3569,0.282312925170068
139.5,294,0.6124430603210649,0.24639397693333553,0.0782312925170068,17,30055,3569,0.2789115646258503
139.58333333333334,293,0.618444952503276,0.25632418261623524,0.08532423208191127,19,30074,3570,0.2857142857142857
139.66666666666666,291,0.6198675807397402,0.25565974586339224,0.0859106529209622,17,30091,3573,0.282312925170068
139.75,291,0.61702500431018,0.2509000630109258,0.0859106529209622,26,30117,3576,0.2789115646258503
139.83333333333334,293,0.6167864573778733,0.24943759209718624,0.08532423208191127,16,30133,3577,0.2687074829931973
139.91666666666666,291,0.6191781010183337,0.2590496572721955,0.0859106529209622,17,30150,3580,0.272108843537415
140.0,294,0.6202426293901987,0.25803902388174027,0.08503401360544217,18,30168,3580,0.2755102040816326
140.08333333333334,292,0.625030339617133,0.2618835122315323,0.08561643835616438,16,30184,3582,0.2857142857142857
140.16666666666666,294,0.6282185770920273,0.26166398794501466,0.08503401360544217,13,30197,3582,0.2789115646258503
140.25,287,0.6273531489366004,0.27449112714992524,0.08710801393728224,11,30208,3589,0.2789115646258503
140.33333333333334,291,0.6159911392212661,0.2667823272020621,0.09278350515463918,11,30219,3592,0.2585034013605442
140.41666666666666,292,0.6179606079910113,0.26522946367613687,0.09246575342465753,15,30234,3593,0.2585034013605442
140.5,291,0.6174902958650773,0.271587638892499,0.08934707903780069,14,30248,3596,0.25510204081632654
140.58333333333334,289,0.6124535271537797,0.27766132916899106,0.09342560553633218,14,30262,3601,0.24829931972789115
140.66666666666666,291,0.6056894245222677,0.2660441301457502,0.07903780068728522,13,30275,3604,0.23469387755102042
140.75,292,0.6046363556957651,0.2679853333229067,0.07876712328767123,18,30293,3606,0.23809523809523808
140.83333333333334,291,0.6043470708226096,0.2776110078761036,0.07216494845360824,10,30303,3609,0.23809523809523808
140.91666666666666,293,0.6048052394304344,0.26684257830040375,0.07508532423208192,14,30317,3610,0.23809523809523808
141.0,292,0.608034886315274,0.2752965641664272,0.07876712328767123,10,30327,3612,0.24149659863945577
141.08333333333334,293,0.6105521136776441,0.28014898482710654,0.07849829351535836,19,30346,3613,0.23809523809523808
141.16666666666666,291,0.6125302446648196,0.28419584360644934,0.07903780068728522,13,30359,3616,0.23469387755102042
141.25,291,0.6103926199073545,0.2741940771530699,0.07560137457044673,12,30371,3619,0.22789115646258504
141.33333333333334,293,0.6134819562227574,0.2747020621971711,0.08873720136518772,19,30390,3620,0.22789115646258504
141.41666666666666,294,0.6192409373338806,0.2744729580140019,0.08843537414965986,18,30408,3620,0.24149659863945577
141.5,292,0.6245128014070711,0.27734460038765324,0.07534246575342465,18,30426,3622,0.2585034013605442
141.58333333333334,291,0.6241351582713488,0.2705869622659019,0.07903780068728522,15,30441,3625,0.25510204081632654
141.66666666666666,291,0.6216051157071985,0.2599497853916116,0.07560137457044673,14,30455,3628,0.24829931972789115
141.75,292,0.620407851140459,0.2642229892961675,0.0684931506849315,24,30479,3630,0.24829931972789115
141.83333333333334,292,0.6230119063403667,0.2694345028858611,0.0684931506849315,10,30489,3632,0.24829931972789115
141.91666666666666,292,0.6237378102613872,0.25815249151823333,0.0684931506849315,26,30515,3634,0.2687074829931973
142.0,293,0.6256809157638495,0.2553526955809018,0.06825938566552901,19,30534,3635,0.272108843537415
142.08333333333334,291,0.6273483208713787,0.2570626185251382,0.06529209621993128,17,30551,3638,0.272108843537415
142.16666666666666,292,0.6258293721211028,0.2712212330725797,0.08561643835616438,21,30572,3640,0.272108843537415
142.25,290,0.6238765242416758,0.2730081693421845,0.09310344827586207,13,30585,3644,0.2653061224489796
142.33333333333334,294,0.6229340124374728,0.26913540854651197,0.08503401360544217,18,30603,3644,0.2585034013605442
142.41666666666666,292,0.6279865266877345,0.27264652204720696,0.08561643835616438,20,30623,3646,0.2653061224489796
142.5,292,0.6289081608125121,0.27078944647437797,0.08561643835616438,23,30646,3648,0.2653061224489796
142.58333333333334,291,0.6284914474865232,0.2649036401853472,0.0859106529209622,16,30662,3651,0.2653061224489796
142.66666666666666,291,0.6263455074845782,0.26675407115948957,0.09278350515463918,17,30679,3654,0.25510204081632654
142.75,291,0.6245225420899694,0.26523629754786593,0.09278350515463918,16,30695,3657,0.25510204081632654
142.83333333333334,291,0.6218999208173205,0.27607625941875563,0.10652920962199312,22,30717,3660,0.25510204081632654
142.91666666666666,291,0.619259930887401,0.26928553533601524,0.09278350515463918,17,30734,3663,0.2585034013605442
143.0,292,0.6180072742396486,0.2638937074577131,0.08904109589041095,22,30756,3665,0.24829931972789115
143.08333333333334,291,0.6184628175481176,0.2725739994492216,0.09278350515463918,21,30777,3668,0.25510204081632654
143.16666666666666,293,0.6184985363307167,0.27103168920575066,0.09556313993174062,12,30789,3669,0.25170068027210885
143.25,293,0.622727806978574,0.27710604309184234,0.09215017064846416,22,30811,3670,0.2585034013605442
143.33333333333334,294,0.6281191146736687,0.2673395630328936,0.08843537414965986,23,30834,3670,0.272108843537415
143.41666666666666,289,0.6292024127871153,0.2587035955704774,0.08996539792387544,20,30854,3675,0.2857142857142857
143.5,294,0.6257817150313366,0.25279683095849365,0.09183673469387756,19,30873,3675,0.2789115646258503
143.58333333333334,285,0.6229657303718918,0.26108200414725546,0.08771929824561403,16,30889,3684,0.282312925170068
143.66666666666666,292,0.6085303099332461,0.24926853050376904,0.08561643835616438,15,30904,3686,0.2585034013605442
143.75,290,0.6063238889632007,0.25623825408308165,0.08620689655172414,23,30927,3690,0.2687074829931973
143.83333333333334,293,0.6041086171844223,0.2574105549361522,0.09556313993174062,20,30947,3691,0.2653061224489796
143.91666666666666,293,0.6080288275808605,0.25480806641216197,0.07167235494880546,19,30966,3692,0.2687074829931973
144.0,291,0.6094086452055985,0.26155317572843345,0.07903780068728522,13,30979,3695,0.2653061224489796
144.08333333333334,292,0.6079526710276373,0.2567834467663235,0.07876712328767123,19,30998,3697,0.2585034013605442
144.16666666666666,293,0.6099039680163723,0.24785675075777466,0.07508532423208192,15,31013,3698,0.2585034013605442
144.25,294,0.6152704159317895,0.2546365170133643,0.07142857142857142,10,31023,3698,0.2619047619047619
144.33333333333334,294,0.6227910160035238,0.25362415069487554,0.06802721088435375,16,31039,3698,0.2619047619047619
144.41666666666666,294,0.6303022245255526,0.2525136304517022,0.06802721088435375,15,31054,3698,0.272108843537415
144.5,290,0.632781402061031,0.25118564385805764,0.06896551724137931,27,31081,3702,0.272108843537415
144.58333333333334,290,0.6299955288466533,0.2461749361749362,0.06551724137931035,11,31092,3705,0.2653061224489796
144.66666666666666,291,0.6257011850024744,0.2550027673739014,0.07216494845360824,15,31107,3708,0.25510204081632654
144.75,292,0.6242161291267276,0.26761025314107506,0.07876712328767123,21,31128,3710,0.2585034013605442
144.83333333333334,292,0.6249717027009115,0.26842550524057374,0.07876712328767123,29,31157,3712,0.2585034013605442
144.91666666666666,291,0.6245104269596509,0.2763090465962337,0.07903780068728522,24,31181,3715,0.25510204081632654
145.0,294,0.6257606845537115,0.2670094027576183,0.0782312925170068,22,31203,3715,0.25170068027210885
145.08333333333334,293,0.6322277106026586,0.26887799918995803,0.07849829351535836,27,31230,3716,0.25510204081632654
145.16666666666666,292,0.6354194155778033,0.2690193901029653,0.0684931506849315,20,31250,3718,0.25510204081632654
145.25,293,0.6375832321867545,0.2764910846796891,0.09215017064846416,21,31271,3719,0.2585034013605442
145.33333333333334,294,0.6431182500628921,0.2828709731042093,0.09863945578231292,30,31301,3719,0.2653061224489796
145.41666666666666,292,0.6483816214774915,0.2853059513365411,0.10273972602739725,31,31332,3721,0.272108843537415
145.5,294,0.6515150564028666,0.2875765671035474,0.08843537414965986,28,31360,3721,0.2789115646258503
145.58333333333334,292,0.6565873730984564,0.276310979413487,0.08561643835616438,21,31381,3723,0.2891156462585034
145.66666666666666,293,0.6584289570147176,0.2672594565086032,0.08532423208191127,27,31408,3724,0.2857142857142857
145.75,291,0.6601711143389429,0.2780065963055654,0.10309278350515463,31,31439,3727,0.2857142857142857
145.83333333333334,291,0.6574993223964088,0.27918450392677197,0.09278350515463918,17,31456,3730,0.2755102040816326
145.91666666666666,293,0.6571858143782121,0.2731149775518376,0.09215017064846416,20,31476,3731,0.2687074829931973
146.0,293,0.6614750509245686,0.2732607930560149,0.09897610921501707,17,31493,3732,0.272108843537415
146.08333333333334,292,0.6645259829116243,0.282301488465872,0.09931506849315068,16,31509,3734,0.2755102040816326
146.16666666666666,292,0.6657557561904778,0.2812415291250111,0.09931506849315068,19,31528,3736,0.282312925170068
146.25,291,0.6652433503668389,0.2810853965732891,0.09965635738831616,21,31549,3739,0.282312925170068
146.33333333333334,290,0.6612679638264795,0.2736597181665345,0.1,16,31565,3743,0.282312925170068
146.41666666666666,291,0.6561526255745711,0.2642222387307499,0.09965635738831616,12,31577,3746,0.2755102040816326
146.5,291,0.6544449215493114,0.26364468864468865,0.0859106529209622,20,31597,3749,0.282312925170068
146.58333333333334,292,0.6526352266641674,0.2679124338370914,0.09931506849315068,23,31620,3751,0.2789115646258503
146.66666666666666,292,0.6531804474660043,0.27246493042725917,0.09931506849315068,19,31639,3753,0.282312925170068
146.75,294,0.6561182580807451,0.2601697905269334,0.09863945578231292,20,31659,3753,0.2891156462585034
146.83333333333334,292,0.6611458415216016,0.26626878638864937,0.0958904109589041,21,31680,3755,0.30272108843537415
146.91666666666666,286,0.6544292078328308,0.2697863034401496,0.0979020979020979,26,31706,3763,0.30612244897959184
147.0,291,0.6400603038922904,0.25489301649095464,0.09621993127147767,23,31729,3766,0.2857142857142857
147.08333333333334,293,0.6394250503976777,0.2526369156061989,0.07508532423208192,16,31745,3767,0.2789115646258503
147.16666666666666,293,0.643427222397664,0.2571850788574338,0.08873720136518772,16,31761,3768,0.282312925170068
147.25,293,0.6474882849272977,0.2760353317520553,0.10238907849829351,15,31776,3769,0.2891156462585034
147.33333333333334,291,0.6502680800330909,0.2863146876033474,0.10309278350515463,11,31787,3772,0.2925170068027211
147.41666666666666,291,0.6472562643781822,0.27398952708231056,0.09621993127147767,18,31805,3775,0.2925170068027211
147.5,292,0.645488611026208,0.2684069070199207,0.07876712328767123,16,31821,3777,0.2891156462585034
147.58333333333334,291,0.6460628371874095,0.27286592750510275,0.10652920962199312,22,31843,3780,0.2891156462585034
147.66666666666666,291,0.6431131502501959,0.28200185648639253,0.10652920962199312,16,31859,3783,0.2891156462585034
147.75,291,0.6401459258790956,0.28399030195790137,0.1134020618556701,17,31876,3786,0.2857142857142857
147.83333333333334,294,0.6409275607880841,0.2861163766047148,0.11904761904761904,21,31897,3786,0.2857142857142857
147.91666666666666,291,0.644677930666057,0.2756718544641962,0.13058419243986255,25,31922,3789,0.29591836734693877
148.0,293,0.6443440702818989,0.2773271557523142,0.1296928327645051,23,31945,3790,0.2925170068027211
148.08333333333334,292,0.6471269143562688,0.28514708139218903,0.1232876712328767,21,31966,3792,0.2925170068027211
148.16666666666666,291,0.6464560571596092,0.2900427178777694,0.12714776632302405,17,31983,3795,0.30612244897959184
148.25,291,0.6438078546008495,0.2828294271593241,0.12027491408934708,20,32003,3798,0.30612244897959184
148.33333333333334,291,0.6440988679265862,0.28267858525590484,0.11683848797250859,18,32021,3800,0.3163265306122449
148.41666666666666,292,0.6456510313331159,0.27686408910723975,0.1232876712328767,21,32042,3801,0.3163265306122449
148.5,294,0.6482856234891419,0.2839094484502648,0.11564625850340136,25,32067,3801,0.3197278911564626
148.58333333333334,290,0.650571025577203,0.29741129560095075,0.1206896551724138,28,32095,3805,0.3231292517006803
148.66666666666666,293,0.6476055722788477,0.3031557558861313,0.11945392491467577,19,32114,3806,0.3163265306122449
148.75,294,0.6524655283705685,0.29685055927767295,0.12244897959183673,18,32132,3806,0.3129251700680272
148.83333333333334,290,0.6549559080605366,0.29489650059847106,0.11379310344827587,13,32145,3810,0.3197278911564626
148.91666666666666,293,0.6519953606157137,0.28128059707776915,0.11262798634812286,22,32167,3811,0.3129251700680272
149.0,292,0.6552220860801908,0.27291064013177513,0.1095890410958904,18,32185,3813,0.3231292517006803
149.08333333333334,293,0.6564804256597652,0.2758803293786229,0.10921501706484642,14,32199,3814,0.3299319727891156
149.16666666666666,294,0.6610888918664296,0.2734809597054495,0.10884353741496598,15,32214,3814,0.3333333333333333
149.25,288,0.6620780104824162,0.2727689459460293,0.1111111111111111,14,32228,3820,0.3333333333333333
149.33333333333334,292,0.6529676288731036,0.27513427402126034,0.11301369863013698,21,32249,3822,0.32653061224489793
149.41666666666666,293,0.6540141854646574,0.2653651998361896,0.11262798634812286,14,32263,3823,0.3231292517006803
149.5,291,0.6551950622102858,0.2617270282218736,0.10996563573883161,15,32278,3826,0.32653061224489793
149.58333333333334,292,0.6530968143440227,0.2674322633226743,0.11301369863013698,18,32296,3828,0.3231292517006803
149.66666666666666,293,0.6544319059920166,0.27929642409164596,0.11262798634812286,16,32312,3829,0.3197278911564626
149.75,291,0.6557492199404588,0.27726773989660586,0.11683848797250859,16,32328,3832,0.3231292517006803
149.83333333333334,290,0.6512548099926562,0.27979355756449353,0.1206896551724138,26,32354,3836,0.3333333333333333
149.91666666666666,293,0.6480992302723201,0.292264948335158,0.1296928327645051,14,32368,3837,0.32653061224489793
150.0,289,0.6468013722983754,0.30462666761480406,0.12802768166089964,15,32383,3842,0.3333333333333333
150.08333333333334,294,0.6427341385073175,0.298430619648562,0.12244897959183673,9,32392,3842,0.3231292517006803
150.16666666666666,292,0.6472351017664215,0.2974532395234575,0.11301369863013698,19,32411,3844,0.32653061224489793
150.25,289,0.6437648855493766,0.29641767306688366,0.11418685121107267,13,32424,3849,0.3333333333333333
150.33333333333334,290,0.634758289497923,0.2800087750801187,0.11379310344827587,19,32443,3853,0.3299319727891156
150.41666666666666,290,0.6278588095820741,0.28434195181222527,0.11379310344827587,10,32453,3857,0.3197278911564626
150.5,292,0.623788139375907,0.29120864931268803,0.10616438356164383,15,32468,3859,0.30612244897959184
150.58333333333334,290,0.6215514457514472,0.2963897220496507,0.10689655172413794,15,32483,3863,0.30612244897959184
150.66666666666666,292,0.6195224627741494,0.28961347752426775,0.10616438356164383,22,32505,3865,0.2925170068027211
150.75,293,0.6212949833744873,0.29807666600694394,0.11262798634812286,18,32523,3866,0.2891156462585034
150.83333333333334,289,0.6201749137309651,0.30084820847302307,0.11418685121107267,15,32538,3871,0.2891156462585034
150.91666666666666,289,0.6141452251790331,0.2986937692943625,0.11418685121107267,18,32556,3875,0.2789115646258503
151.0,291,0.6077005669870023,0.3038297217973212,0.12714776632302405,16,32572,3878,0.2653061224489796
151.08333333333334,293,0.6076968709633485,0.30016567618956697,0.12627986348122866,13,32585,3879,0.2585034013605442
151.16666666666666,292,0.6107535638550352,0.307118347786156,0.11643835616438356,15,32600,3881,0.25510204081632654
151.25,293,0.6131894416396311,0.3024668732859859,0.11604095563139932,20,32620,3882,0.24829931972789115
151.33333333333334,293,0.6176915277279501,0.3012947424210223,0.11945392491467577,15,32635,3883,0.25170068027210885
151.41666666666666,293,0.6222405579102129,0.31801880334303545,0.13310580204778158,21,32656,3884,0.2585034013605442
151.5,293,0.6267645334755452,0.32290683340171394,0.11604095563139932,9,32665,3885,0.2585034013605442
151.58333333333334,294,0.6325160491787744,0.32026852588077076,0.11564625850340136,15,32680,3885,0.2653061224489796
151.66666666666666,293,0.6391128829000569,0.32021093241229764,0.11604095563139932,13,32693,3886,0.2687074829931973
151.75,290,0.6398256774776626,0.3156107781107781,0.11724137931034483,21,32714,3890,0.2755102040816326
151.83333333333334,294,0.6388276238102687,0.3093658325801183,0.11224489795918367,11,32725,3890,0.2755102040816326
151.91666666666666,292,0.6440011486186843,0.31141250302209206,0.1267123287671233,14,32739,3892,0.282312925170068
152.0,292,0.6448267533216905,0.30072774415559417,0.11643835616438356,21,32760,3894,0.2857142857142857
152.08333333333334,293,0.6467806094557942,0.28801998121428907,0.09556313993174062,19,32779,3895,0.2891156462585034
152.16666666666666,289,0.6460538599692558,0.2897684780242988,0.08996539792387544,24,32803,3900,0.2925170068027211
152.25,288,0.6353613008845577,0.2944094864645712,0.09722222222222222,13,32816,3906,0.282312925170068
152.33333333333334,291,0.6293592684242805,0.28221560798880385,0.09278350515463918,23,32839,3908,0.2755102040816326
152.41666666666666,292,0.6278134753682847,0.27691789755145924,0.09246575342465753,20,32859,3910,0.272108843537415
152.5,293,0.6297562660962348,0.29331361660713196,0.10580204778156997,19,32878,3911,0.2755102040816326
152.58333333333334,293,0.6336961810096827,0.2926353983521219,0.09215017064846416,16,32894,3912,0.29931972789115646
152.66666666666666,293,0.6375338789443951,0.27901619616636686,0.09215017064846416,13,32907,3913,0.30272108843537415
152.75,293,0.6413909713872901,0.28727538104671213,0.10238907849829351,17,32924,3914,0.29931972789115646
152.83333333333334,293,0.6452360625519915,0.28721296716177264,0.10238907849829351,19,32943,3915,0.30612244897959184
152.91666666666666,292,0.6478506447305874,0.2850108795314275,0.10273972602739725,21,32964,3917,0.30612244897959184
153.0,291,0.6470101454115194,0.2741806589744734,0.08934707903780069,19,32983,3920,0.30952380952380953
153.08333333333334,292,0.6451550053026601,0.26734543994817966,0.07534246575342465,9,32992,3922,0.29931972789115646
153.16666666666666,292,0.6454746686112736,0.28263381405504695,0.0821917808219178,17,33009,3924,0.30952380952380953
153.25,293,0.6470431395472265,0.2780706400160325,0.07508532423208192,18,33027,3925,0.30272108843537415
153.33333333333334,291,0.6486601909296539,0.27273477763168485,0.07560137457044673,18,33045,3928,0.3197278911564626
153.41666666666666,293,0.6483613160065042,0.2497834743421421,0.07167235494880546,20,33065,3929,0.3163265306122449
153.5,291,0.6500959868258497,0.2526334914066348,0.06529209621993128,24,33089,3932,0.3163265306122449
153.58333333333334,294,0.6503309626827075,0.24129857712505584,0.06802721088435375,18,33107,3932,0.3231292517006803
153.66666666666666,291,0.6536306714030025,0.2530229605682858,0.07903780068728522,16,33123,3935,0.3231292517006803
153.75,290,0.649081209596631,0.24910687047131755,0.07931034482758621,15,33138,3939,0.3197278911564626
153.83333333333334,293,0.6458052448782393,0.2552731587714523,0.08532423208191127,17,33155,3940,0.3197278911564626
153.91666666666666,293,0.6492659185153695,0.2569693487635114,0.08191126279863481,24,33179,3941,0.3231292517006803
154.0,291,0.6508903827582142,0.24652285509910823,0.07560137457044673,17,33196,3944,0.32653061224489793
154.08333333333334,291,0.6473825267082544,0.24313867723039428,0.07903780068728522,11,33207,3947,0.3299319727891156
154.16666666666666,289,0.6418797794810628,0.2559329562640624,0.07958477508650519,14,33221,3952,0.3197278911564626
154.25,290,0.6361948435476513,0.25836050922257814,0.09310344827586207,23,33244,3955,0.3163265306122449
154.33333333333334,292,0.6319243464039777,0.2567512111176495,0.08904109589041095,20,33264,3957,0.30272108843537415
154.41666666666666,291,0.6308915574351985,0.26033569332538403,0.0859106529209622,21,33285,3960,0.30612244897959184
154.5,289,0.6249984387309376,0.2560138902163249,0.07958477508650519,17,33302,3965,0.3129251700680272
154.58333333333334,293,0.6199846052873014,0.25556161532101335,0.08873720136518772,20,33322,3966,0.29931972789115646
154.66666666666666,293,0.6235615681019068,0.26801792086605614,0.09556313993174062,13,33335,3967,0.29931972789115646
154.75,293,0.6273446635288324,0.2601978023601622,0.08532423208191127,12,33347,3968,0.29591836734693877
154.83333333333334,294,0.6323464691611377,0.25706195596866155,0.08503401360544217,14,33361,3968,0.30612244897959184
154.91666666666666,292,0.6369430767646869,0.2440868960967057,0.0684931506849315,18,33379,3970,0.3197278911564626
155.0,293,0.6383302373939803,0.24696727175179192,0.08532423208191127,21,33400,3971,0.3197278911564626
155.08333333333334,293,0.641843220277585,0.24849146807121006,0.08532423208191127,10,33410,3972,0.3163265306122449
155.16666666666666,291,0.6429087429068092,0.25761276650233494,0.0859106529209622,22,33432,3975,0.3231292517006803
155.25,293,0.6419749193279328,0.24859650145269396,0.07849829351535836,13,33445,3976,0.3163265306122449
155.33333333333334,294,0.6466947052475576,0.2463760634679002,0.0782312925170068,17,33462,3976,0.3163265306122449
155.41666666666666,292,0.6512460569656001,0.24802744819868108,0.07876712328767123,18,33480,3978,0.32653061224489793
155.5,292,0.6526483246984002,0.2542537089478516,0.08904109589041095,21,33501,3980,0.32653061224489793
155.58333333333334,293,0.6537177926647357,0.2617882405277957,0.08873720136518772,21,33522,3981,0.3231292517006803
155.66666666666666,293,0.6571284374505098,0.2718291574652643,0.09556313993174062,19,33541,3982,0.32653061224489793
155.75,291,0.6582059253770464,0.2717653582477614,0.09621993127147767,25,33566,3985,0.32653061224489793
155.83333333333334,288,0.6546164097598718,0.2707343293280793,0.09722222222222222,22,33588,3990,0.3333333333333333
155.91666666666666,292,0.6454997107069146,0.2655764693558236,0.0958904109589041,16,33604,3992,0.3231292517006803
156.0,293,0.6465720418786776,0.27019939538223303,0.09556313993174062,15,33619,3993,0.3197278911564626
156.08333333333334,293,0.649977323114318,0.2725440833071257,0.09556313993174062,22,33641,3994,0.3197278911564626
156.16666666666666,286,0.6449088333021419,0.2790494176191106,0.10839160839160839,15,33656,4002,0.3163265306122449
156.25,291,0.6303984697521516,0.2756392963256376,0.10996563573883161,13,33669,4005,0.29591836734693877
156.33333333333334,292,0.6281756324612894,0.28507238248582534,0.1095890410958904,13,33682,4007,0.2925170068027211
156.41666666666666,289,0.6244974461514867,0.2814836517735933,0.11418685121107267,22,33704,4012,0.2891156462585034
156.5,292,0.6183129425161028,0.2841321254848652,0.0958904109589041,10,33714,4014,0.282312925170068
156.58333333333334,291,0.6171850471206827,0.27739657282849606,0.09621993127147767,15,33729,4017,0.282312925170068
156.66666666666666,292,0.6153496520214642,0.2710515325093738,0.0958904109589041,23,33752,4019,0.282312925170068
156.75,291,0.6142455954596393,0.2631488214018175,0.09278350515463918,21,33773,4022,0.2857142857142857
156.83333333333334,294,0.6150824481160687,0.26558921993147117,0.09523809523809523,11,33784,4022,0.2789115646258503
156.91666666666666,291,0.6183059840907554,0.26178711514320396,0.10309278350515463,22,33806,4025,0.2857142857142857
157.0,291,0.6152170706236484,0.27070885395627664,0.10652920962199312,13,33819,4028,0.2857142857142857
157.08333333333334,292,0.6168187287157468,0.27267119296228887,0.10616438356164383,24,33843,4029,0.2857142857142857
157.16666666666666,291,0.6158820986476059,0.2761952060921133,0.09965635738831616,22,33865,4032,0.282312925170068
157.25,289,0.6101398641870069,0.2862720228637184,0.12110726643598616,18,33883,4037,0.2755102040816326
157.33333333333334,291,0.6034398096805834,0.29960080011626405,0.13058419243986255,12,33895,4040,0.2585034013605442
157.41666666666666,292,0.6017466147564698,0.2908037135159626,0.1232876712328767,12,33907,4042,0.2585034013605442
157.5,293,0.6036202909033677,0.29294926396283644,0.12286689419795221,17,33924,4043,0.25170068027210885
157.58333333333334,292,0.6072847763665735,0.2906814803457842,0.11986301369863013,21,33945,4045,0.2653061224489796
157.66666666666666,293,0.6090180081642889,0.2944313613696172,0.11945392491467577,21,33966,4046,0.2619047619047619
157.75,292,0.611507771654307,0.30084201344794564,0.1267123287671233,14,33980,4048,0.2653061224489796
157.83333333333334,293,0.613119072825585,0.31302956581885677,0.13651877133105803,22,34002,4049,0.272108843537415
157.91666666666666,294,0.6180622113127644,0.2955048446930421,0.1360544217687075,20,34022,4049,0.2755102040816326
158.0,293,0.6238406885580633,0.29451906640073894,0.12627986348122866,18,34040,4050,0.2789115646258503
158.08333333333334,293,0.6274827149707309,0.29484723652413086,0.12627986348122866,23,34063,4051,0.2857142857142857
158.16666666666666,293,0.6310457176074246,0.29908744113757646,0.1296928327645051,17,34080,4052,0.2857142857142857
158.25,292,0.6334027190143501,0.2925450880930333,0.136986301369863,21,34101,4054,0.282312925170068
158.33333333333334,289,0.6297778901556867,0.2951196919189999,0.14186851211072665,25,34126,4059,0.2891156462585034
158.41666666666666,292,0.623437228971932,0.286217492553109,0.13356164383561644,19,34145,4061,0.2891156462585034
158.5,291,0.6220037131853163,0.29770430028161987,0.13745704467353953,22,34167,4064,0.29591836734693877
158.58333333333334,289,0.6193783452068531,0.29750785546633296,0.14186851211072665,15,34182,4068,0.2891156462585034
158.66666666666666,293,0.614386232972972,0.2885944165807647,0.14675767918088736,22,34204,4069,0.2755102040816326
158.75,293,0.6178487175445462,0.30591981018602177,0.15017064846416384,26,34230,4070,0.2755102040816326
158.83333333333334,292,0.620226071851017,0.30409966745583183,0.1404109589041096,11,34241,4072,0.2755102040816326
158.91666666666666,293,0.6220333528617734,0.3101075457436526,0.13993174061433447,18,34259,4073,0.272108843537415
159.0,293,0.6256109113255997,0.30703799489253175,0.13993174061433447,23,34282,4074,0.2789115646258503
159.08333333333334,293,0.6292054097861518,0.3061946781789079,0.13993174061433447,20,34302,4075,0.2857142857142857
159.16666666666666,290,0.6289352973878999,0.30662438202569,0.1482758620689655,19,34321,4079,0.2857142857142857
159.25,292,0.6246952961085934,0.30648554261567956,0.14383561643835616,13,34334,4081,0.2789115646258503
159.33333333333334,293,0.6260822488807902,0.3024409985160838,0.13993174061433447,15,34349,4082,0.2755102040816326
159.41666666666666,290,0.6258792957566172,0.30253885003885,0.1310344827586207,15,34364,4086,0.2755102040816326
159.5,294,0.62442263627663,0.29597617990475134,0.1292517006802721,7,34371,4086,0.2687074829931973
159.58333333333334,292,0.6289378905395032,0.2989609040122739,0.1267123287671233,19,34390,4088,0.272108843537415
159.66666666666666,291,0.6280135354833958,0.3022165596907865,0.13058419243986255,11,34401,4091,0.2653061224489796
159.75,290,0.6236345297027635,0.301691785226268,0.14482758620689656,13,34414,4095,0.25510204081632654
159.83333333333334,293,0.6210528228761026,0.2968057634439887,0.14334470989761092,19,34433,4096,0.2585034013605442
159.91666666666666,293,0.6248767742341899,0.30629788300436767,0.13993174061433447,21,34454,4097,0.25510204081632654
160.0,291,0.6262606212880547,0.3029782741122947,0.13402061855670103,14,34468,4100,0.2687074829931973
160.08333333333334,293,0.6256917416592064,0.30665244880261944,0.13651877133105803,13,34481,4101,0.2687074829931973
160.16666666666666,293,0.6294038558787207,0.3035659259208747,0.14675767918088736,17,34498,4102,0.2687074829931973
160.25,291,0.630703516551319,0.3086631390755102,0.14776632302405499,26,34524,4105,0.2687074829931973
160.33333333333334,291,0.6276951394752291,0.3127923622768984,0.13402061855670103,21,34545,4108,0.2653061224489796
160.41666666666666,293,0.627129122691671,0.3012090393489711,0.13310580204778158,22,34567,4109,0.2653061224489796
160.5,292,0.6296468165712261,0.31011625360940426,0.136986301369863,20,34587,4111,0.2619047619047619
160.58333333333334,291,0.6288279093907208,0.31648067472809743,0.13745704467353953,22,34609,4114,0.2585034013605442
160.66666666666666,292,0.6270825789085219,0.3078288818723396,0.1404109589041096,13,34622,4116,0.2585034013605442
160.75,292,0.6275099153790675,0.3154562335921571,0.1541095890410959,10,34632,4118,0.25510204081632654
160.83333333333334,293,0.6293409775141398,0.3093765452833359,0.13310580204778158,20,34652,4119,0.25510204081632654
160.91666666666666,290,0.6295282239231518,0.30790501676946386,0.13448275862068965,18,34670,4123,0.2585034013605442
161.0,293,0.6270294522192681,0.3051262260159518,0.15017064846416384,20,34690,4124,0.25510204081632654
161.08333333333334,294,0.6321542954296074,0.3034428062489287,0.1326530612244898,15,34705,4124,0.2653061224489796
161.16666666666666,294,0.6395041434506618,0.3016360057176384,0.12585034013605442,13,34718,4124,0.2653061224489796
161.25,292,0.6444543827544937,0.2900587901444066,0.11986301369863013,21,34739,4126,0.272108843537415
161.33333333333334,291,0.643711472560975,0.2994326311336621,0.12027491408934708,12,34751,4129,0.2789115646258503
161.41666666666666,293,0.6443931219467132,0.30058240962677824,0.11945392491467577,23,34774,4130,0.282312925170068
161.5,292,0.6468228439384941,0.28974538589264615,0.11986301369863013,21,34795,4132,0.29591836734693877
161.58333333333334,292,0.6470658077055488,0.28013573049042717,0.11986301369863013,24,34819,4134,0.2925170068027211
161.66666666666666,291,0.6461146094029045,0.2796035743016597,0.12371134020618557,19,34838,4137,0.2925170068027211
161.75,291,0.6428949828450264,0.28263941217356314,0.1134020618556701,11,34849,4140,0.29591836734693877
161.83333333333334,292,0.6408871827253125,0.2825166012353222,0.11301369863013698,17,34866,4142,0.2857142857142857
161.91666666666666,294,0.6435651183211257,0.2834308196242431,0.11224489795918367,16,34882,4142,0.2857142857142857
162.0,294,0.6507391754997938,0.2861760632586996,0.11904761904761904,12,34894,4142,0.2891156462585034
162.08333333333334,291,0.6544414696338826,0.2874974053231616,0.10309278350515463,11,34905,4145,0.29931972789115646
162.16666666666666,293,0.6536771369749484,0.28223823108488283,0.11262798634812286,27,34932,4146,0.29591836734693877
162.25,292,0.6561371289684842,0.2883165550530926,0.11301369863013698,17,34949,4148,0.30272108843537415
162.33333333333334,292,0.6563833257204164,0.2864357030931002,0.11301369863013698,19,34968,4150,0.30272108843537415
162.41666666666666,291,0.6553337286066541,0.281764896331769,0.1134020618556701,16,34984,4153,0.30952380952380953
162.5,294,0.6555834821279388,0.2889343576893235,0.11564625850340136,23,35007,4153,0.30272108843537415
162.58333333333334,291,0.6590159398415805,0.2962179539738878,0.12027491408934708,20,35027,4156,0.3129251700680272
162.66666666666666,292,0.6571286488074618,0.2935109744546326,0.11643835616438356,12,35039,4158,0.30612244897959184
162.75,293,0.6583500987453431,0.2887484387844394,0.12286689419795221,13,35052,4159,0.3129251700680272
162.83333333333334,292,0.660631061109832,0.2991454750377633,0.13013698630136986,11,35063,4161,0.3197278911564626
162.91666666666666,293,0.661800506736499,0.293069301357941,0.11945392491467577,13,35076,4162,0.3197278911564626
163.0,294,0.6663537602314792,0.28989194856541795,0.11564625850340136,19,35095,4162,0.3231292517006803
163.08333333333334,293,0.6720449893412518,0.2919860098187743,0.11945392491467577,20,35115,4163,0.3299319727891156
163.16666666666666,289,0.6708797236692967,0.2831942855299257,0.10034602076124567,16,35131,4168,0.336734693877551
163.25,291,0.6660735382539483,0.2767544883524265,0.09965635738831616,14,35145,4170,0.3333333333333333
163.33333333333334,294,0.6658423822736382,0.2858759721004619,0.10204081632653061,23,35168,4170,0.3231292517006803
163.41666666666666,291,0.6692366160105978,0.2945602984262778,0.10652920962199312,26,35194,4173,0.3231292517006803
163.5,291,0.6659794689841448,0.309467880344169,0.10652920962199312,17,35211,4176,0.3163265306122449
163.58333333333334,291,0.6661279997707295,0.2974192474192474,0.10996563573883161,22,35233,4178,0.3163265306122449
163.66666666666666,292,0.6640012794125404,0.2955051322345843,0.1095890410958904,24,35257,4180,0.3129251700680272
163.75,290,0.6635385707065945,0.2943448601207222,0.11379310344827587,23,35280,4184,0.3129251700680272
163.83333333333334,293,0.6600981834367928,0.29440935439228955,0.11604095563139932,20,35300,4185,0.3197278911564626
163.91666666666666,291,0.6611269106573934,0.2955961468848067,0.12027491408934708,30,35330,4188,0.3197278911564626
164.0,291,0.6577494664715641,0.2860264878306115,0.12027491408934708,21,35351,4191,0.3129251700680272
164.08333333333334,293,0.6567588234940278,0.2756010011982708,0.11604095563139932,21,35372,4192,0.30272108843537415
164.16666666666666,291,0.6580423990968292,0.2730210231632201,0.09965635738831616,15,35387,4195,0.30612244897959184
164.25,290,0.6537112298171023,0.27784141344188906,0.09655172413793103,21,35408,4199,0.29931972789115646
164.33333333333334,292,0.6515451384549242,0.26694036753673034,0.0958904109589041,19,35427,4201,0.30272108843537415
164.41666666666666,293,0.6528698357405827,0.27406654027520216,0.09556313993174062,15,35442,4202,0.30272108843537415
164.5,291,0.6541908200802307,0.27870288557277534,0.09965635738831616,10,35452,4205,0.29931972789115646
164.58333333333334,292,0.6522865257526955,0.27055157682814746,0.0958904109589041,12,35464,4207,0.2925170068027211
164.66666666666666,290,0.650663628455997,0.27223080559287455,0.09655172413793103,15,35479,4211,0.2925170068027211
164.75,293,0.6476599301044534,0.2728459159346531,0.09215017064846416,16,35495,4212,0.2891156462585034
164.83333333333334,292,0.6500523448103703,0.27041011689984296,0.10273972602739725,15,35510,4214,0.30952380952380953
164.91666666666666,290,0.647803106390286,0.2773469059675956,0.1206896551724138,21,35531,4218,0.3163265306122449
165.0,290,0.6409413353236222,0.27161109005936596,0.1206896551724138,17,35548,4222,0.3129251700680272
165.08333333333334,293,0.6378351935680692,0.2734444736151221,0.10580204778156997,23,35571,4223,0.30952380952380953
165.16666666666666,292,0.6401600565083352,0.28060327229847776,0.11986301369863013,20,35591,4225,0.30612244897959184
165.25,293,0.6416777666404185,0.27779975996699546,0.11262798634812286,21,35612,4226,0.30272108843537415
165.33333333333334,292,0.6441022584255895,0.26916363697185614,0.11301369863013698,14,35626,4228,0.30952380952380953
165.41666666666666,294,0.6468008161228886,0.273081593927075,0.11224489795918367,16,35642,4228,0.30952380952380953
165.5,292,0.6514462787392494,0.28234894725843845,0.11301369863013698,19,35661,4230,0.3163265306122449
165.58333333333334,291,0.6505323655535149,0.27914973397300347,0.09621993127147767,19,35680,4233,0.3129251700680272
165.66666666666666,293,0.6497845361328703,0.26825858874859365,0.09215017064846416,26,35706,4234,0.30272108843537415
165.75,292,0.6528036145479365,0.26560298393713266,0.0821917808219178,18,35724,4236,0.30612244897959184
165.83333333333334,292,0.6532001144720361,0.2660426135147519,0.07534246575342465,17,35741,4238,0.30952380952380953
165.91666666666666,290,0.6511406892818762,0.2679161923536558,0.07241379310344828,16,35757,4242,0.30612244897959184
166.0,292,0.6470407914229159,0.2635610577797715,0.07191780821917808,18,35775,4244,0.29591836734693877
166.08333333333334,293,0.6486514593085265,0.2720058092476673,0.07167235494880546,22,35797,4245,0.2925170068027211
166.16666666666666,292,0.6513159203062044,0.28178297023698196,0.07191780821917808,19,35816,4247,0.29931972789115646
166.25,291,0.650527517548379,0.279981052330095,0.07560137457044673,20,35836,4250,0.30612244897959184
166.33333333333334,291,0.6473220863107088,0.28288195059181803,0.07903780068728522,14,35850,4253,0.30272108843537415
166.41666666666666,293,0.6464924450548214,0.276681536676661,0.08191126279863481,21,35871,4254,0.29931972789115646
166.5,294,0.6513486346896504,0.2818116313014272,0.08163265306122448,18,35889,4254,0.30272108843537415
166.58333333333334,290,0.6537718057235496,0.28951637443016753,0.08275862068965517,22,35911,4258,0.30612244897959184
166.66666666666666,291,0.6487437521155319,0.2789021307062544,0.08247422680412371,17,35928,4261,0.30272108843537415
166.75,290,0.6461821919190953,0.2995428900601314,0.08275862068965517,20,35948,4265,0.30612244897959184
166.83333333333334,294,0.644213766521751,0.28974340096789075,0.08163265306122448,13,35961,4265,0.30612244897959184
166.91666666666666,293,0.6498639838533747,0.2908314476573862,0.08532423208191127,19,35980,4266,0.3163265306122449
167.0,292,0.6521898374514379,0.2974743109721853,0.11301369863013698,19,35999,4268,0.3197278911564626
167.08333333333334,291,0.6510672154263923,0.29544877677654074,0.1134020618556701,12,36011,4271,0.3129251700680272
167.16666666666666,293,0.6500846162696229,0.30032094407756404,0.13310580204778158,19,36030,4272,0.3129251700680272
167.25,292,0.6524230901046594,0.3039598817704628,0.1404109589041096,16,36046,4274,0.3163265306122449
167.33333333333334,293,0.6537826920239463,0.2962842144582759,0.13993174061433447,20,36066,4275,0.30952380952380953
167.41666666666666,290,0.6538466047651904,0.3000888561356541,0.1413793103448276,16,36082,4279,0.3163265306122449
167.5,293,0.6509366668074407,0.2995466219137599,0.13651877133105803,17,36099,4280,0.30952380952380953
167.58333333333334,294,0.6555827283775891,0.3085397110178451,0.13945578231292516,16,36115,4280,0.3197278911564626
167.66666666666666,291,0.6590635480502177,0.2966744677348506,0.11683848797250859,14,36129,4283,0.3299319727891156
167.75,293,0.6581704573101508,0.3032455693718492,0.11945392491467577,19,36148,4284,0.3231292517006803
167.83333333333334,290,0.6582452586545533,0.3257793738828222,0.1206896551724138,20,36168,4288,0.32653061224489793
167.91666666666666,291,0.6531378952853074,0.32039769127397993,0.13058419243986255,14,36182,4291,0.3163265306122449
168.0,290,0.6486006802748832,0.3180566751256407,0.1310344827586207,21,36203,4295,0.3129251700680272
168.08333333333334,289,0.6405712066927077,0.310559221631886,0.1314878892733564,10,36213,4300,0.3163265306122449
168.16666666666666,293,0.6387855122760754,0.3215411531964433,0.14334470989761092,16,36229,4300,0.30952380952380953
168.25,293,0.6424559283573528,0.31900904366774674,0.14334470989761092,18,36247,4301,0.30612244897959184
168.33333333333334,294,0.6474593620195429,0.3100944595842555,0.14285714285714285,13,36260,4301,0.30952380952380953
168.41666666666666,293,0.6534707189586438,0.3109977817874723,0.14334470989761092,16,36276,4302,0.3197278911564626
168.5,292,0.656005151847805,0.3144409060209722,0.1506849315068493,25,36301,4304,0.3197278911564626
168.58333333333334,293,0.6574349045240769,0.31357482173652584,0.14675767918088736,23,36324,4305,0.3197278911564626
168.66666666666666,292,0.659947202845881,0.29803073704231003,0.13356164383561644,13,36337,4307,0.3197278911564626
168.75,294,0.6625432050633104,0.29642910065147926,0.11904761904761904,19,36356,4307,0.3197278911564626
168.83333333333334,292,0.6673261445869536,0.29596420578057325,0.1232876712328767,19,36375,4309,0.3231292517006803
168.91666666666666,292,0.6676528406347899,0.3043833259586684,0.13356164383561644,21,36396,4311,0.3163265306122449
169.0,289,0.6645274236333486,0.3183786609392146,0.14186851211072665,25,36421,4316,0.3129251700680272
169.08333333333334,291,0.6570733444216651,0.3196998305245728,0.13745704467353953,22,36443,4319,0.30952380952380953
169.16666666666666,290,0.6526762203043095,0.3210558407110131,0.14482758620689656,18,36461,4323,0.30952380952380953
169.25,289,0.6462564357768726,0.3070071316611109,0.1245674740484429,11,36472,4328,0.30272108843537415
169.33333333333334,292,0.6398942050447683,0.3046212539363224,0.13356164383561644,10,36482,4330,0.2925170068027211
169.41666666666666,293,0.641485827452467,0.3075060889054063,0.13651877133105803,23,36505,4331,0.2857142857142857
169.5,292,0.6476647108690538,0.3050592196996307,0.136986301369863,16,36521,4332,0.2857142857142857
169.58333333333334,291,0.6470010174207431,0.29904910858519107,0.13745704467353953,18,36539,4335,0.2925170068027211
169.66666666666666,292,0.6453578019642526,0.30281204716136223,0.1404109589041096,13,36552,4337,0.2891156462585034
169.75,292,0.6457120768637664,0.30232559487696475,0.13356164383561644,7,36559,4339,0.2925170068027211
169.83333333333334,292,0.6470482598780981,0.2960572437455999,0.136986301369863,18,36577,4341,0.30272108843537415
169.91666666666666,293,0.6485526041658429,0.2971467667713401,0.13993174061433447,21,36598,4342,0.30612244897959184
170.0,292,0.6510418817276822,0.289912988457509,0.136986301369863,17,36615,4344,0.3163265306122449
170.08333333333334,291,0.6501355423347206,0.2988036114324774,0.13058419243986255,9,36624,4347,0.3129251700680272
170.16666666666666,292,0.6482275842768654,0.2942895099573182,0.1267123287671233,21,36645,4349,0.30272108843537415
170.25,293,0.6497970766545462,0.29434634383439845,0.10921501706484642,19,36664,4350,0.30952380952380953
170.33333333333334,294,0.6548245729782625,0.2943702178396056,0.10884353741496598,15,36679,4350,0.3163265306122449
170.41666666666666,291,0.6593028413984421,0.29158742328014026,0.09965635738831616,16,36695,4353,0.3231292517006803
170.5,292,0.6572034691929557,0.2926810647618204,0.09246575342465753,19,36714,4355,0.3333333333333333
170.58333333333334,294,0.6596172983619794,0.2850656052186665,0.10204081632653061,11,36725,4355,0.3333333333333333
170.66666666666666,292,0.6642311880697429,0.2922339171483007,0.11301369863013698,17,36742,4357,0.336734693877551
170.75,289,0.6608355823983253,0.2998134311488367,0.12110726643598616,20,36762,4362,0.336734693877551
170.83333333333334,293,0.6555964287999256,0.2919332181480038,0.11945392491467577,15,36777,4363,0.3299319727891156
170.91666666666666,291,0.6567269675931641,0.30620730897683546,0.12371134020618557,22,36799,4366,0.3333333333333333
171.0,293,0.6558759200588008,0.3034175339838555,0.11262798634812286,15,36814,4367,0.3231292517006803
171.08333333333334,292,0.6583499581419948,0.3029395642409341,0.1232876712328767,14,36828,4369,0.3231292517006803
171.16666666666666,292,0.6586326786371437,0.3032511723436381,0.10616438356164383,15,36843,4371,0.3333333333333333
171.25,291,0.6577009265159843,0.3033163476462446,0.10652920962199312,14,36857,4374,0.32653061224489793
171.33333333333334,290,0.6533496517441175,0.30797743444295167,0.10344827586206896,16,36873,4378,0.3197278911564626
171.41666666666666,293,0.6537842300871065,0.3013022908074102,0.10238907849829351,18,36891,4378,0.3129251700680272
171.5,291,0.6552722950906325,0.3036255172853111,0.1134020618556701,12,36903,4381,0.3129251700680272
171.58333333333334,291,0.652259994020359,0.2892702848888416,0.10652920962199312,13,36916,4384,0.3129251700680272
171.66666666666666,292,0.6510872854251313,0.28604100427730567,0.10616438356164383,22,36938,4386,0.30952380952380953
171.75,291,0.6500665939700013,0.29656795094939425,0.10996563573883161,18,36956,4389,0.3163265306122449
171.83333333333334,293,0.6492449689314527,0.29241707964282315,0.10580204778156997,17,36973,4390,0.3197278911564626
171.91666666666666,291,0.6517081062837591,0.29845205113982726,0.10309278350515463,14,36987,4393,0.32653061224489793
172.0,291,0.6484106675050164,0.291508880092497,0.09965635738831616,18,37005,4396,0.3231292517006803
172.08333333333334,291,0.645083587417063,0.2928987559669089,0.11683848797250859,16,37021,4399,0.3163265306122449
172.16666666666666,291,0.6418378211651963,0.2888752893882141,0.11683848797250859,21,37042,4402,0.3129251700680272
172.25,291,0.6385595670058442,0.2868044230976535,0.10309278350515463,24,37066,4405,0.3129251700680272
172.33333333333334,293,0.6378385284126706,0.2881007720980652,0.10580204778156997,17,37083,4406,0.30612244897959184
172.41666666666666,293,0.6415378673050031,0.29280858635042467,0.10921501706484642,14,37097,4407,0.30952380952380953
172.5,292,0.644065553072719,0.2869611443751905,0.1095890410958904,18,37115,4409,0.3129251700680272
172.58333333333334,293,0.6455510350872816,0.29414280021048794,0.11604095563139932,20,37135,4410,0.30952380952380953
172.66666666666666,293,0.6492252486243392,0.2833257352125356,0.09556313993174062,22,37157,4411,0.3129251700680272
172.75,292,0.6551936900917339,0.2776267193341557,0.0958904109589041,24,37181,4412,0.32653061224489793
172.83333333333334,293,0.6565890616200224,0.2836422867992834,0.09556313993174062,12,37193,4413,0.3333333333333333
172.91666666666666,293,0.6600797244917587,0.28921385781454045,0.09556313993174062,21,37214,4414,0.336734693877551
173.0,288,0.6587176861886466,0.29258395958288197,0.09722222222222222,15,37229,4420,0.35034013605442177
173.08333333333334,293,0.650731457031771,0.2789324349757444,0.09556313993174062,17,37246,4421,0.3435374149659864
173.16666666666666,292,0.6527716136743934,0.29706993952093147,0.09246575342465753,14,37260,4423,0.3435374149659864
173.25,292,0.6527407579321888,0.2872987936196486,0.08561643835616438,20,37280,4425,0.3435374149659864
173.33333333333334,292,0.6569817829224225,0.2806364454719823,0.08561643835616438,26,37306,4426,0.35374149659863946
173.41666666666666,290,0.6544306422834438,0.2765581607201495,0.08620689655172414,19,37325,4430,0.35374149659863946
173.5,290,0.647516529833849,0.2709873231870092,0.08275862068965517,19,37344,4434,0.3401360544217687
173.58333333333334,291,0.6423389447960063,0.26393134945680974,0.0859106529209622,22,37366,4437,0.336734693877551
173.66666666666666,293,0.641162235306719,0.26841410262478116,0.08532423208191127,14,37380,4438,0.336734693877551
173.75,291,0.642060241011207,0.2744463332048515,0.08934707903780069,11,37391,4441,0.336734693877551
173.83333333333334,291,0.6386197989337109,0.27290717077979004,0.08934707903780069,16,37407,4444,0.3299319727891156
173.91666666666666,292,0.6363802670667806,0.2694885685671035,0.08904109589041095,18,37425,4446,0.3299319727891156
174.0,293,0.6376144772845486,0.27345714581209457,0.09215017064846416,14,37439,4447,0.32653061224489793
174.08333333333334,293,0.6411253529822781,0.2777933954555115,0.08873720136518772,15,37454,4448,0.3333333333333333
174.16666666666666,294,0.6458054441437209,0.2753541243337162,0.08843537414965986,13,37467,4448,0.336734693877551
174.25,292,0.6503347872308126,0.2786975299670151,0.08561643835616438,21,37488,4450,0.3401360544217687
174.33333333333334,291,0.6500909797081258,0.27063654209939314,0.08247422680412371,20,37508,4453,0.3401360544217687
174.41666666666666,290,0.6453202777377909,0.27202118795460056,0.08275862068965517,26,37534,4457,0.3435374149659864
174.5,293,0.6419943745073502,0.2528854160106367,0.07849829351535836,16,37550,4458,0.3333333333333333
174.58333333333334,293,0.6453919267907469,0.25792937627962154,0.07849829351535836,15,37565,4459,0.3333333333333333
174.66666666666666,291,0.6464799057571797,0.266087835094475,0.07903780068728522,16,37581,4462,0.3299319727891156
174.75,290,0.6418979732791541,0.26109508275346965,0.0896551724137931,17,37598,4466,0.32653061224489793
174.83333333333334,293,0.6387500941026247,0.2481340710862895,0.05802047781569966,17,37615,4467,0.3231292517006803
174.91666666666666,293,0.6421523168571853,0.25618947794715713,0.05460750853242321,16,37631,4468,0.336734693877551
175.0,292,0.6443601189852902,0.2587231737060504,0.0547945205479452,15,37646,4470,0.336734693877551
175.08333333333334,291,0.6430814882927309,0.2577432777808455,0.05154639175257732,17,37663,4473,0.3333333333333333
175.16666666666666,293,0.6420443183266406,0.25986354341621304,0.051194539249146756,16,37679,4474,0.32653061224489793
175.25,290,0.6417542835987234,0.25459131831867077,0.05172413793103448,22,37701,4478,0.3299319727891156
175.33333333333334,292,0.6373891916409778,0.2661595919301399,0.0547945205479452,18,37719,4480,0.3197278911564626
175.41666666666666,294,0.6398352228956629,0.26298226527818364,0.05442176870748299,18,37737,4480,0.3197278911564626
175.5,293,0.6455166202955385,0.26987860452024276,0.051194539249146756,20,37757,4481,0.3231292517006803
175.58333333333334,292,0.6478516530821566,0.2573991077415735,0.05136986301369863,14,37771,4483,0.3197278911564626
175.66666666666666,291,0.6467547885811342,0.25444632686900726,0.05154639175257732,11,37782,4486,0.3163265306122449
175.75,291,0.6434191443865696,0.2537052676227934,0.05154639175257732,16,37798,4489,0.3129251700680272
175.83333333333334,292,0.641330688507273,0.2693468441756113,0.05136986301369863,16,37814,4491,0.30612244897959184
175.91666666666666,291,0.6404256377384302,0.26416986030388095,0.05154639175257732,16,37830,4494,0.30612244897959184
176.0,293,0.6395672157551013,0.2559685290060717,0.051194539249146756,19,37849,4495,0.3163265306122449
176.08333333333334,292,0.6417999148781622,0.24935454575865537,0.04794520547945205,17,37866,4497,0.3231292517006803
176.16666666666666,292,0.6419152365274882,0.25012679481857564,0.04794520547945205,23,37889,4499,0.3163265306122449
176.25,288,0.6370920439417265,0.24554962448009932,0.04861111111111111,16,37905,4505,0.3129251700680272
176.33333333333334,293,0.6298357908196017,0.251081385917484,0.04436860068259386,20,37925,4506,0.29591836734693877
176.41666666666666,291,0.6309939916973523,0.25737400868664356,0.044673539518900345,19,37944,4509,0.29591836734693877
176.5,292,0.6293537777199167,0.2537288401397194,0.04794520547945205,19,37963,4511,0.2891156462585034
176.58333333333334,292,0.6298793522793502,0.26032923507238576,0.04794520547945205,12,37975,4513,0.282312925170068
176.66666666666666,289,0.6266773107856789,0.2580950963154757,0.031141868512110725,17,37992,4518,0.2789115646258503
176.75,292,0.6208020601331375,0.24714992992626436,0.03424657534246575,26,38018,4520,0.272108843537415
176.83333333333334,292,0.6213482083761481,0.2492381283735875,0.03424657534246575,14,38032,4522,0.2687074829931973
176.91666666666666,285,0.6133363905321493,0.2467867495450846,0.03508771929824561,21,38053,4531,0.2687074829931973
177.0,292,0.5992921069454454,0.2429910252356685,0.03767123287671233,23,38076,4533,0.24489795918367346
177.08333333333334,292,0.5999396597794345,0.2501664696542636,0.03767123287671233,12,38088,4535,0.25170068027210885
177.16666666666666,290,0.5979750807738484,0.25427929213643496,0.034482758620689655,19,38107,4539,0.25170068027210885
177.25,293,0.596034247113663,0.23857818328808092,0.034129692832764506,16,38123,4540,0.24829931972789115
177.33333333333334,292,0.5991105814778439,0.2476615659834838,0.03424657534246575,22,38145,4542,0.25170068027210885
177.41666666666666,289,0.5958076485590889,0.23865638398510372,0.03460207612456748,15,38160,4547,0.2585034013605442
177.5,293,0.5918944380455834,0.23547584383761858,0.034129692832764506,23,38183,4548,0.24149659863945577
177.58333333333334,291,0.593430155093847,0.23691428846068022,0.041237113402061855,17,38200,4551,0.24829931972789115
177.66666666666666,292,0.5923308732727484,0.2396773888212244,0.0547945205479452,19,38219,4553,0.24489795918367346
177.75,293,0.5946395147331144,0.24360783287722604,0.051194539249146756,21,38240,4554,0.24829931972789115
177.83333333333334,291,0.5961914978102109,0.24243762123807555,0.054982817869415807,25,38265,4557,0.2585034013605442
177.91666666666666,293,0.5963441927566311,0.2426949516742425,0.05460750853242321,19,38284,4558,0.25510204081632654
178.0,292,0.5991839065909254,0.2457009596767549,0.05821917808219178,26,38310,4560,0.2585034013605442
178.08333333333334,294,0.6027858951057207,0.2408596505535281,0.05782312925170068,24,38334,4560,0.2585034013605442
178.16666666666666,292,0.6078148317364634,0.24429431869500365,0.05821917808219178,16,38350,4562,0.2619047619047619
178.25,292,0.6087439116927662,0.24731947086399142,0.05821917808219178,17,38367,4564,0.2619047619047619
178.33333333333334,293,0.6108992140026004,0.24853601082270022,0.05802047781569966,18,38385,4565,0.2619047619047619
178.41666666666666,291,0.6132438658105973,0.2435783670319753,0.058419243986254296,17,38402,4568,0.2687074829931973
178.5,290,0.6091395873116012,0.2440468248226869,0.05862068965517241,9,38411,4572,0.272108843537415
178.58333333333334,293,0.6068970311782519,0.24253503417325942,0.07849829351535836,21,38432,4573,0.2619047619047619
178.66666666666666,291,0.6083126359827907,0.2516972431920885,0.06529209621993128,19,38451,4576,0.2585034013605442
178.75,294,0.6097684979061418,0.24081643979603165,0.06462585034013606,14,38465,4576,0.24829931972789115
178.83333333333334,291,0.6135314086242954,0.25229183760111595,0.06529209621993128,20,38485,4579,0.2585034013605442
178.91666666666666,292,0.6123708821185762,0.2521603675263415,0.0684931506849315,17,38502,4581,0.25170068027210885
179.0,290,0.6108120543095741,0.24171166890775306,0.05862068965517241,16,38518,4585,0.2585034013605442
179.08333333333334,292,0.60740047151625,0.24351018019464732,0.06164383561643835,17,38535,4587,0.25170068027210885
179.16666666666666,291,0.6068178378653283,0.25324511239241276,0.08934707903780069,15,38550,4590,0.25510204081632654
179.25,294,0.608412060816521,0.2574694283149094,0.11904761904761904,25,38575,4590,0.24489795918367346
179.33333333333334,292,0.61364079378188,0.2608468382563295,0.09931506849315068,22,38597,4592,0.24489795918367346
179.41666666666666,293,0.616155950240623,0.26558917814402944,0.12286689419795221,28,38625,4593,0.24489795918367346
179.5,291,0.618100652507385,0.2640826976983089,0.10996563573883161,22,38647,4596,0.24829931972789115
179.58333333333334,290,0.614748789913204,0.2663253095600511,0.10689655172413794,19,38666,4600,0.24489795918367346
179.66666666666666,290,0.6097560495061886,0.25540287266470785,0.10344827586206896,28,38694,4604,0.24149659863945577
179.75,292,0.6064895695448491,0.25428238015886034,0.10273972602739725,25,38719,4606,0.23809523809523808
179.83333333333334,290,0.6048017999742381,0.2568984173499077,0.1,15,38734,4610,0.23469387755102042
179.91666666666666,291,0.6038523147195942,0.25226937056833965,0.08934707903780069,18,38752,4612,0.23129251700680273
180.0,294,0.6056448718223209,0.262106062871369,0.08843537414965986,21,38773,4612,0.22108843537414966
