sim_minutes,n_riders_active,mean_stress_level,mean_congestion_index,pct_on_pavement,n_conflicts_this_step,cumulative_conflicts,deliveries_completed,pct_overdue
0.0,296,0.0,0.0,0.0,0,0,0,0.0
0.08333333333333333,296,0.0,0.24282728376374554,0.013513513513513514,8,8,0,0.0
0.16666666666666666,296,0.011904191349634968,0.24126798532944713,0.013513513513513514,11,19,0,0.0
0.25,296,0.023808382699269937,0.24502159845806026,0.013513513513513514,12,31,0,0.0
0.3333333333333333,296,0.03571257404890491,0.254230070166532,0.013513513513513514,12,43,0,0.0
0.4166666666666667,296,0.04761676539853988,0.252929227347832,0.013513513513513514,11,54,0,0.0
0.5,296,0.059520956748174855,0.24884968634968635,0.013513513513513514,10,64,0,0.0
0.5833333333333334,296,0.07142514809780982,0.2592454186204186,0.030405405405405407,21,85,0,0.0
0.6666666666666666,296,0.08332933944744479,0.26550977175977175,0.033783783783783786,24,109,0,0.0
0.75,296,0.09523353079707976,0.2741675427721939,0.033783783783783786,23,132,0,0.0
0.8333333333333334,296,0.10713772214671473,0.2753943752490264,0.033783783783783786,26,158,0,0.0
0.9166666666666666,296,0.11904191349634971,0.2762738917535429,0.033783783783783786,22,180,0,0.0
1.0,295,0.13006931354496212,0.2729769256276942,0.03728813559322034,24,204,1,0.0
1.0833333333333333,296,0.14141442566006324,0.26177763677763677,0.037162162162162164,26,230,1,0.0
1.1666666666666667,296,0.15319896113173517,0.2671242796242796,0.02364864864864865,16,246,1,0.0
1.25,296,0.1650376535206108,0.27294105106605104,0.02364864864864865,18,264,1,0.0
1.3333333333333333,296,0.17687634590948642,0.27502722502722504,0.033783783783783786,15,279,1,0.0
1.4166666666666667,296,0.1887150382983621,0.27372317997317996,0.057432432432432436,16,295,1,0.0
1.5,296,0.20055373068723772,0.27544398169398165,0.05067567567567568,12,307,1,0.0
1.5833333333333333,296,0.21239242307611333,0.2719893657393657,0.05405405405405406,20,327,1,0.0
1.6666666666666667,296,0.22423111546498897,0.28013221763221763,0.05405405405405406,17,344,1,0.0
1.75,296,0.2360698078538646,0.2826048576048576,0.0472972972972973,20,364,1,0.0
1.8333333333333333,296,0.24790850024274022,0.2919711200961201,0.0472972972972973,20,384,1,0.0
1.9166666666666667,296,0.25974719263161583,0.27778523091023094,0.0472972972972973,19,403,1,0.0
2.0,296,0.2715858850204915,0.2887192574692575,0.0472972972972973,17,420,1,0.0
2.0833333333333335,296,0.28342457740936716,0.2915360727860728,0.060810810810810814,27,447,1,0.0
2.1666666666666665,296,0.2952632697982428,0.28704847142347145,0.037162162162162164,11,458,1,0.0
2.25,296,0.30710196218711844,0.2878567941067941,0.04054054054054054,11,469,1,0.0
2.3333333333333335,296,0.318940654575994,0.28736807486807486,0.04054054054054054,12,481,1,0.0
2.4166666666666665,296,0.33077934696486966,0.28046783359283356,0.04054054054054054,8,489,1,0.0
2.5,296,0.3426180393537453,0.2817162192162192,0.04054054054054054,13,502,1,0.0
2.5833333333333335,296,0.35445673174262093,0.2817466317466318,0.04391891891891892,10,512,1,0.0
2.6666666666666665,296,0.36629542413149657,0.2652714687197446,0.0472972972972973,14,526,1,0.0
2.75,295,0.3767323662802361,0.2585112348525557,0.03389830508474576,14,540,2,0.0
2.8333333333333335,296,0.38721473622840985,0.26755681475509063,0.07432432432432433,25,565,2,0.0
2.9166666666666665,296,0.3989698506572601,0.27065242410069995,0.10472972972972973,28,593,2,0.0
3.0,296,0.41076281031416234,0.27955538300365884,0.10135135135135136,25,618,2,0.0
3.0833333333333335,295,0.4210938499182334,0.28469289655730334,0.11186440677966102,24,642,3,0.0
3.1666666666666665,296,0.431384069261452,0.29662398412398416,0.12837837837837837,17,659,3,0.0
3.25,294,0.4401185386763743,0.29427663228683637,0.12244897959183673,23,682,5,0.0
3.3333333333333335,295,0.4472704100614694,0.2932084582084582,0.11186440677966102,22,704,6,0.0
3.4166666666666665,295,0.45583049588438534,0.284714908443722,0.11864406779661017,17,721,7,0.0
3.5,296,0.46582823946611795,0.2818448912198912,0.12837837837837837,29,750,7,0.0
3.5833333333333335,295,0.4759031338052946,0.28490829321337796,0.17288135593220338,31,781,8,0.0
3.6666666666666665,295,0.48439589556747836,0.28742886148204677,0.13898305084745763,21,802,9,0.0
3.75,294,0.4910930946632303,0.304355773048595,0.17687074829931973,29,831,11,0.0
3.8333333333333335,296,0.49919647995201477,0.3012214150145185,0.19256756756756757,31,862,11,0.0
3.9166666666666665,295,0.5090402724468532,0.29488806050758126,0.20677966101694914,30,892,12,0.0033783783783783786
4.0,295,0.5170595596027896,0.2937681070147464,0.21694915254237288,29,921,13,0.0033783783783783786
4.083333333333333,295,0.5249181202390145,0.2925223837789589,0.2271186440677966,24,945,14,0.013513513513513514
4.166666666666667,294,0.5310271771087821,0.2736497915773074,0.23129251700680273,36,981,16,0.013513513513513514
4.25,295,0.536936574888506,0.278670820704719,0.23728813559322035,21,1002,17,0.010135135135135136
4.333333333333333,295,0.5446859515155861,0.27483758237995526,0.21016949152542372,25,1027,18,0.010135135135135136
4.416666666666667,295,0.5524464633915946,0.2839830038135123,0.24067796610169492,27,1054,19,0.010135135135135136
4.5,294,0.5585098392938774,0.29978354034476484,0.2755102040816326,33,1087,21,0.02364864864864865
4.583333333333333,295,0.5640813870514843,0.29709140098720127,0.2711864406779661,32,1119,22,0.016891891891891893
4.666666666666667,296,0.5729516785831533,0.3079593631933533,0.30743243243243246,31,1150,22,0.02364864864864865
4.75,295,0.5822179033312727,0.3150374944417693,0.3559322033898305,46,1196,23,0.030405405405405407
4.833333333333333,295,0.5894801057095331,0.314396092529181,0.37966101694915255,34,1230,24,0.04054054054054054
4.916666666666667,296,0.5979015260703786,0.300273692684407,0.36486486486486486,42,1272,24,0.04391891891891892
5.0,292,0.6044654237953004,0.28874734474049546,0.386986301369863,48,1320,28,0.05405405405405406
5.083333333333333,292,0.6010300183093155,0.28632235344564116,0.386986301369863,45,1365,32,0.05067567567567568
5.166666666666667,295,0.6015529006046378,0.27871016930338965,0.3864406779661017,38,1403,33,0.04054054054054054
5.25,293,0.6056453062092542,0.27799146246245227,0.41638225255972694,42,1445,36,0.04391891891891892
5.333333333333333,293,0.6075715240534368,0.2972907168152549,0.46075085324232085,38,1483,39,0.033783783783783786
5.416666666666667,295,0.6135062064995404,0.2956811835479281,0.4440677966101695,38,1521,39,0.04391891891891892
5.5,294,0.6188344537832576,0.31467146831326986,0.46598639455782315,43,1564,41,0.0472972972972973
5.583333333333333,295,0.6232927888954108,0.31936032926097213,0.4847457627118644,47,1611,42,0.05405405405405406
5.666666666666667,296,0.6310253581685438,0.31431127056127056,0.5033783783783784,55,1666,42,0.057432432432432436
5.75,295,0.6395277847619062,0.3201673938114616,0.5186440677966102,47,1713,43,0.07094594594594594
5.833333333333333,295,0.6457372980120208,0.30695795729694036,0.5254237288135594,60,1773,44,0.08108108108108109
5.916666666666667,294,0.6505793741252685,0.3127671176140564,0.5272108843537415,55,1828,46,0.0945945945945946
6.0,294,0.6530711409509831,0.311159975700792,0.5476190476190477,55,1883,48,0.09121621621621621
6.083333333333333,295,0.6567197712816916,0.30179251069081575,0.5423728813559322,57,1940,49,0.09121621621621621
6.166666666666667,294,0.6614409144292178,0.2847974021443409,0.5476190476190477,55,1995,51,0.0945945945945946
6.25,294,0.6639221935858862,0.2820897053576968,0.5578231292517006,49,2044,53,0.08783783783783784
6.333333333333333,295,0.6675112723704166,0.2891370399844976,0.5661016949152542,56,2100,54,0.09121621621621621
6.416666666666667,295,0.6732302312771471,0.2934013726386608,0.576271186440678,57,2157,55,0.10472972972972973
6.5,294,0.6777822436450341,0.2903019697090774,0.5816326530612245,46,2203,57,0.11148648648648649
6.583333333333333,293,0.6787910024191147,0.27521365659826297,0.5631399317406144,54,2257,60,0.125
6.666666666666667,294,0.6782914841234945,0.2835177779319229,0.564625850340136,51,2308,62,0.14864864864864866
6.75,294,0.6799103744118323,0.2819676934736752,0.5578231292517006,49,2357,64,0.1554054054054054
6.833333333333333,294,0.6814960807866953,0.2849142949864273,0.5714285714285714,50,2407,66,0.16216216216216217
6.916666666666667,292,0.6808193388262936,0.2956578809540708,0.5753424657534246,60,2467,70,0.16891891891891891
7.0,294,0.6776245281236103,0.30526420762617523,0.5850340136054422,47,2514,72,0.16891891891891891
7.083333333333333,295,0.679981447914921,0.28276218037037854,0.5864406779661017,45,2559,73,0.17905405405405406
7.166666666666667,295,0.6845840831320146,0.27773293529541737,0.5796610169491525,58,2617,74,0.19256756756756757
7.25,296,0.6902275283870087,0.27832987207987203,0.5912162162162162,62,2679,74,0.19594594594594594
7.333333333333333,294,0.6960699002641902,0.2698499063294982,0.5952380952380952,58,2737,76,0.20608108108108109
7.416666666666667,296,0.6991754578035042,0.2698412698412698,0.6114864864864865,62,2799,76,0.21621621621621623
7.5,294,0.7047175271485322,0.25761134179501527,0.6156462585034014,59,2858,78,0.24324324324324326
7.583333333333333,295,0.7063419102857805,0.26317655978672927,0.6169491525423729,56,2914,79,0.25675675675675674
7.666666666666667,295,0.7102447098328751,0.23898251466048076,0.6169491525423729,53,2967,80,0.25675675675675674
7.75,296,0.7151817332900534,0.24996193746193746,0.6283783783783784,72,3039,80,0.2668918918918919
7.833333333333333,296,0.7224118419933003,0.2499051999051999,0.6283783783783784,65,3104,80,0.27364864864864863
7.916666666666667,294,0.7277207097053748,0.25365349880656,0.6462585034013606,57,3161,82,0.28716216216216217
8.0,295,0.7288390669844956,0.2576545676545676,0.6474576271186441,50,3211,83,0.30405405405405406
8.083333333333334,290,0.7276917888221959,0.26004473359153163,0.6413793103448275,61,3272,89,0.30405405405405406
8.166666666666666,292,0.7160087608561834,0.24175300400838562,0.6404109589041096,51,3323,93,0.28378378378378377
8.25,292,0.7092035574664478,0.2478272379935785,0.6301369863013698,58,3381,97,0.2939189189189189
8.333333333333334,295,0.7055464948216106,0.2553956011704196,0.6203389830508474,53,3434,98,0.28378378378378377
8.416666666666666,296,0.710110881807888,0.26291672854172854,0.6317567567567568,52,3486,98,0.2972972972972973
8.5,295,0.7161644011708288,0.26801084038372175,0.6644067796610169,62,3548,99,0.2972972972972973
8.583333333333334,292,0.7169145655817282,0.25454689906744704,0.6575342465753424,59,3607,103,0.3108108108108108
8.666666666666666,293,0.7111560645288152,0.25603012838507716,0.658703071672355,59,3666,106,0.3141891891891892
8.75,294,0.7087218481187026,0.2654696871533606,0.6530612244897959,55,3721,108,0.3141891891891892
8.833333333333334,292,0.7067781210694797,0.2566019026635465,0.6472602739726028,40,3761,112,0.32432432432432434
8.916666666666666,294,0.7020164073722638,0.2524545749035545,0.6326530612244898,42,3803,114,0.3141891891891892
9.0,292,0.7016678756494837,0.2596660569263309,0.636986301369863,53,3856,118,0.3141891891891892
9.083333333333334,292,0.6959327698198456,0.2621306680382023,0.6335616438356164,56,3912,122,0.3141891891891892
9.166666666666666,293,0.6900111131071197,0.2610610663511687,0.6279863481228669,61,3973,125,0.3141891891891892
9.25,294,0.6875439323970463,0.251460661409641,0.6156462585034014,48,4021,127,0.32094594594594594
9.333333333333334,290,0.683173986162554,0.2524722978171254,0.603448275862069,47,4068,133,0.3141891891891892
9.416666666666666,295,0.6749766906112249,0.2472745333762283,0.6067796610169491,49,4117,134,0.30405405405405406
9.5,294,0.6772786004634813,0.24816716762529573,0.6020408163265306,57,4174,136,0.3108108108108108
9.583333333333334,293,0.676339089837956,0.2461209063451031,0.5938566552901023,57,4231,139,0.30743243243243246
9.666666666666666,291,0.6708314438287383,0.24006922952888116,0.5876288659793815,56,4287,144,0.30743243243243246
9.75,291,0.6605405032040973,0.25563823478860803,0.570446735395189,53,4340,149,0.3108108108108108
9.833333333333334,294,0.6573002406971871,0.25127769203929307,0.5680272108843537,39,4379,150,0.31756756756756754
9.916666666666666,294,0.6572406818770485,0.25265364881637575,0.5782312925170068,45,4424,152,0.31756756756756754
10.0,295,0.6583927977705926,0.26737815754514427,0.576271186440678,57,4481,153,0.3310810810810811
10.083333333333334,294,0.660637764214512,0.2728747432803932,0.5782312925170068,42,4523,155,0.3277027027027027
10.166666666666666,295,0.6618707262077184,0.28155038026458246,0.5830508474576271,43,4566,156,0.32432432432432434
10.25,294,0.6641662450552785,0.2875094107940695,0.5918367346938775,58,4624,158,0.3344594594594595
10.333333333333334,294,0.6641950652131907,0.2776130996222481,0.5952380952380952,53,4677,160,0.3344594594594595
10.416666666666666,295,0.6653124817936068,0.28469251866388046,0.5966101694915255,52,4729,161,0.33783783783783783
10.5,292,0.668753614353978,0.3007399409504187,0.6095890410958904,51,4780,164,0.34459459459459457
10.583333333333334,293,0.6629982391949659,0.28931297537597706,0.590443686006826,46,4826,167,0.34797297297297297
10.666666666666666,294,0.6606039724788894,0.29032151511653337,0.5850340136054422,47,4873,169,0.34121621621621623
10.75,294,0.6604871335825425,0.289398071591049,0.5816326530612245,48,4921,171,0.34459459459459457
10.833333333333334,293,0.659238795970907,0.2845664388179393,0.5802047781569966,46,4967,174,0.34797297297297297
10.916666666666666,293,0.6557075889177688,0.29143080122837683,0.5733788395904437,44,5011,177,0.34797297297297297
11.0,294,0.6567178428285579,0.29730143250551416,0.5680272108843537,51,5062,178,0.3547297297297297
11.083333333333334,293,0.6553752196464769,0.29609885753230464,0.5563139931740614,43,5105,181,0.35135135135135137
11.166666666666666,292,0.6541326077347227,0.2906689961484482,0.5513698630136986,43,5148,184,0.34797297297297297
11.25,295,0.6509130257857856,0.2879835255661168,0.5491525423728814,39,5187,185,0.34797297297297297
11.333333333333334,294,0.6529021206586271,0.30546876550501556,0.5476190476190477,56,5243,187,0.3581081081081081
11.416666666666666,291,0.6491412019661282,0.2949869427555253,0.5360824742268041,37,5280,192,0.3614864864864865
11.5,294,0.6423053560087723,0.28437770614865004,0.5238095238095238,43,5323,194,0.34797297297297297
11.583333333333334,293,0.6409214361406043,0.2826334574179776,0.5119453924914675,54,5377,197,0.34459459459459457
11.666666666666666,294,0.6387453137699142,0.2849770064906119,0.5272108843537415,44,5421,199,0.33783783783783783
11.75,293,0.637610073513995,0.29440878928933534,0.5290102389078498,48,5469,202,0.3310810810810811
11.833333333333334,293,0.6343329114055581,0.3038332953861964,0.5187713310580204,32,5501,205,0.3277027027027027
11.916666666666666,291,0.628622533615879,0.3022632134315983,0.5189003436426117,43,5544,210,0.32432432432432434
12.0,295,0.6237720487570027,0.29855993661078406,0.5186440677966102,38,5582,211,0.3141891891891892
12.083333333333334,295,0.6275171281316917,0.2971985077069823,0.535593220338983,54,5636,212,0.32094594594594594
12.166666666666666,295,0.6314238542675195,0.30056603471857707,0.535593220338983,50,5686,213,0.32432432432432434
12.25,294,0.6340637600272354,0.3109109899926227,0.5340136054421769,40,5726,215,0.33783783783783783
12.333333333333334,293,0.6331519694091216,0.31119931420590874,0.5324232081911263,41,5767,218,0.34459459459459457
12.416666666666666,293,0.6300551642103348,0.32103358308454627,0.5290102389078498,42,5809,221,0.3344594594594595
12.5,293,0.6269836005599058,0.32170720790492874,0.5255972696245734,40,5849,224,0.3310810810810811
12.583333333333334,296,0.6277650067631159,0.30670822099393524,0.5067567567567568,42,5891,224,0.3277027027027027
12.666666666666666,294,0.632468595839396,0.3140409369272343,0.5204081632653061,39,5930,226,0.3310810810810811
12.75,295,0.6342082586739951,0.3067176971535325,0.511864406779661,44,5974,227,0.3344594594594595
12.833333333333334,295,0.6413620907146443,0.31237218525354116,0.5186440677966102,42,6016,227,0.34121621621621623
12.916666666666666,294,0.643935112522981,0.3019318644318644,0.5170068027210885,55,6071,229,0.34459459459459457
13.0,296,0.6466360708745622,0.30368915993915996,0.5033783783783784,42,6113,229,0.35135135135135137
13.083333333333334,293,0.6500297057372271,0.301842810204585,0.5017064846416383,37,6150,232,0.3581081081081081
13.166666666666666,295,0.6492643003868332,0.29501203128321773,0.5152542372881356,40,6190,233,0.34797297297297297
13.25,296,0.6539850419155743,0.2912285537285537,0.5135135135135135,43,6233,233,0.3547297297297297
13.333333333333334,291,0.6553421059548631,0.2980747011674847,0.5051546391752577,45,6278,238,0.36486486486486486
13.416666666666666,295,0.6498258407538176,0.2855089166953574,0.5016949152542373,39,6317,239,0.3581081081081081
13.5,294,0.6519710430756297,0.2919846313407186,0.5068027210884354,39,6356,241,0.3581081081081081
13.583333333333334,293,0.6509143012540052,0.3016051926314372,0.5051194539249146,38,6394,244,0.3581081081081081
13.666666666666666,291,0.6452465217793676,0.3085291010815362,0.5051546391752577,42,6436,249,0.34797297297297297
13.75,295,0.6401014499517662,0.29651709029231343,0.5084745762711864,43,6479,250,0.3344594594594595
13.833333333333334,295,0.6437215322964016,0.3044814319445569,0.5084745762711864,38,6517,251,0.33783783783783783
13.916666666666666,294,0.6463562834283347,0.2983001777029616,0.5068027210884354,47,6564,253,0.33783783783783783
14.0,294,0.6468878859023978,0.2982115208233125,0.5034013605442177,52,6616,255,0.3310810810810811
14.083333333333334,293,0.6467931251057114,0.29646401223981944,0.5085324232081911,42,6658,258,0.3277027027027027
14.166666666666666,294,0.6451282869845552,0.2960025336432796,0.5102040816326531,48,6706,260,0.3310810810810811
14.25,295,0.6477321719535151,0.29248864227531673,0.511864406779661,39,6745,261,0.32432432432432434
14.333333333333334,294,0.6539498633178257,0.289303535688124,0.5102040816326531,36,6781,262,0.3310810810810811
14.416666666666666,296,0.6568514248932301,0.2873362008060284,0.5135135135135135,32,6813,262,0.33783783783783783
14.5,294,0.6617957445195867,0.2804785539479417,0.5136054421768708,49,6862,264,0.34797297297297297
14.583333333333334,293,0.6611608789678041,0.2736113052665954,0.5119453924914675,41,6903,267,0.34797297297297297
14.666666666666666,293,0.6582011423491143,0.2749908510147418,0.5051194539249146,40,6943,270,0.34121621621621623
14.75,294,0.6564653049168381,0.2811010418153275,0.5,43,6986,272,0.33783783783783783
14.833333333333334,289,0.6510176230222122,0.27288428570758055,0.4982698961937716,44,7030,279,0.33783783783783783
14.916666666666666,295,0.641697459631069,0.26363779314942776,0.488135593220339,52,7082,280,0.32094594594594594
15.0,295,0.6455975249706377,0.2570640843723291,0.49491525423728816,40,7122,281,0.32432432432432434
15.083333333333334,295,0.6496972068251418,0.2577883698222681,0.5016949152542373,44,7166,282,0.3277027027027027
15.166666666666666,293,0.6514230167056038,0.2511989520349614,0.5051194539249146,40,7206,285,0.32432432432432434
15.25,292,0.6475521672486582,0.24922963023248132,0.5034246575342466,50,7256,289,0.32094594594594594
15.333333333333334,292,0.6435792375232483,0.24187139811886757,0.4931506849315068,46,7302,293,0.3108108108108108
15.416666666666666,294,0.6431831909978888,0.25096638897407975,0.4965986394557823,42,7344,294,0.3108108108108108
15.5,292,0.6414559127461384,0.2402599116492598,0.5068493150684932,45,7389,298,0.3108108108108108
15.583333333333334,296,0.6403126234206475,0.23653569591069593,0.5033783783783784,40,7429,298,0.30405405405405406
15.666666666666666,294,0.6455087103540383,0.245651872692689,0.5102040816326531,48,7477,300,0.31756756756756754
15.75,295,0.6473084324340908,0.2346596623715268,0.5084745762711864,41,7518,301,0.3310810810810811
15.833333333333334,295,0.6511325844524793,0.2373669456720304,0.5084745762711864,45,7563,302,0.3310810810810811
15.916666666666666,294,0.6538429257870467,0.22585589958038935,0.5102040816326531,46,7609,304,0.3344594594594595
16.0,293,0.6531213403342822,0.2270311504953143,0.5051194539249146,55,7664,307,0.3344594594594595
16.083333333333332,295,0.652517730656994,0.22612252154625034,0.49830508474576274,46,7710,308,0.3277027027027027
16.166666666666668,294,0.6550358137400126,0.22497012624563648,0.5068027210884354,43,7753,310,0.33783783783783783
16.25,293,0.6548334928789056,0.23649945049262458,0.5085324232081911,49,7802,313,0.33783783783783783
16.333333333333332,293,0.6524790075790486,0.23055744975540196,0.5051194539249146,45,7847,316,0.3344594594594595
16.416666666666668,294,0.6504536585151814,0.24482428946714663,0.5204081632653061,40,7887,318,0.3344594594594595
16.5,296,0.6531030299850943,0.25635590948090947,0.527027027027027,49,7936,318,0.3277027027027027
16.583333333333332,292,0.655802113374863,0.2550018953124763,0.5445205479452054,41,7977,322,0.3277027027027027
16.666666666666668,291,0.6480363399698537,0.2505339738009486,0.5360824742268041,35,8012,327,0.3344594594594595
16.75,293,0.6404030656240504,0.2459559310094793,0.5255972696245734,40,8052,330,0.32432432432432434
16.833333333333332,294,0.6385274516505258,0.23784677184571623,0.5204081632653061,32,8084,332,0.3141891891891892
16.916666666666668,292,0.636636591141853,0.25062291828379757,0.5171232876712328,46,8130,336,0.3108108108108108
17.0,295,0.6341990521161043,0.26311163084714523,0.5186440677966102,46,8176,337,0.30405405405405406
17.083333333333332,293,0.6363004528231269,0.2639164272508189,0.515358361774744,30,8206,340,0.30067567567567566
17.166666666666668,294,0.634856667476436,0.2645955485478504,0.5102040816326531,31,8237,342,0.30067567567567566
17.25,293,0.6345301077206145,0.27401544227482794,0.5051194539249146,38,8275,345,0.2972972972972973
17.333333333333332,294,0.6330436873583796,0.26332191995457305,0.5068027210884354,50,8325,347,0.2972972972972973
17.416666666666668,295,0.634962032043212,0.2703510425544324,0.5050847457627119,34,8359,348,0.2905405405405405
17.5,293,0.636660452516978,0.2440658128371439,0.5051194539249146,52,8411,351,0.2905405405405405
17.583333333333332,292,0.6329632171848859,0.24313933783111863,0.5,41,8452,355,0.2939189189189189
17.666666666666668,295,0.6305469884388264,0.23858513458747238,0.49830508474576274,47,8499,356,0.2905405405405405
17.75,295,0.6346145648675698,0.2474038770502827,0.49830508474576274,44,8543,357,0.2939189189189189
17.833333333333332,292,0.6389814133080967,0.2454570831991711,0.4965753424657534,42,8585,360,0.2972972972972973
17.916666666666668,294,0.6351876780075262,0.24825070087209428,0.4965986394557823,50,8635,362,0.30405405405405406
18.0,293,0.6343300082467582,0.25096286913693056,0.4880546075085324,42,8677,365,0.30743243243243246
18.083333333333332,292,0.6300937895049445,0.23720781691672102,0.4828767123287671,46,8723,369,0.30405405405405406
18.166666666666668,291,0.622362363412035,0.23978051502993306,0.47766323024054985,43,8766,374,0.30405405405405406
18.25,293,0.6150750834682133,0.24475088827017863,0.4709897610921502,43,8809,377,0.2972972972972973
18.333333333333332,291,0.6109732734917447,0.2494112879974441,0.4639175257731959,33,8842,382,0.2905405405405405
18.416666666666668,294,0.6051904142059951,0.25282207264714557,0.46938775510204084,43,8885,384,0.28716216216216217
18.5,296,0.6083448552403883,0.25069712301855157,0.47297297297297297,44,8929,384,0.28040540540540543
18.583333333333332,294,0.6131117392972092,0.26120932841049455,0.47959183673469385,46,8975,386,0.28716216216216217
18.666666666666668,294,0.6138256520547142,0.2537865937647279,0.47619047619047616,41,9016,388,0.28378378378378377
18.75,295,0.6157491183350148,0.26241461793519905,0.4847457627118644,34,9050,389,0.28716216216216217
18.833333333333332,295,0.6197296484671485,0.269626258863547,0.49830508474576274,54,9104,390,0.2905405405405405
18.916666666666668,293,0.6212015448948076,0.2759422128876054,0.5017064846416383,47,9151,393,0.2939189189189189
19.0,291,0.6162278266402766,0.2716078308861814,0.49828178694158076,48,9199,398,0.2905405405405405
19.083333333333332,293,0.6090538507320974,0.27730124445141513,0.4778156996587031,30,9229,401,0.28716216216216217
19.166666666666668,290,0.6020759269082282,0.26814842245876724,0.4827586206896552,47,9276,407,0.27702702702702703
19.25,295,0.5964848242961746,0.2597575020657468,0.4711864406779661,40,9316,408,0.2668918918918919
19.333333333333332,294,0.5991666718354604,0.26420874067449646,0.47959183673469385,46,9362,410,0.28040540540540543
19.416666666666668,293,0.5986206243608325,0.2670626958574549,0.4778156996587031,43,9405,413,0.28040540540540543
19.5,294,0.5974738856191559,0.26456003919895466,0.47278911564625853,37,9442,415,0.2702702702702703
19.583333333333332,294,0.601665206675188,0.26071496201420263,0.46938775510204084,34,9476,416,0.27702702702702703
19.666666666666668,293,0.6012141903608041,0.26201664898585286,0.4641638225255973,42,9518,419,0.28040540540540543
19.75,295,0.6013845522454491,0.2588798147751355,0.46440677966101696,38,9556,420,0.27364864864864863
19.833333333333332,293,0.6029634262461976,0.2734414395472664,0.47440273037542663,40,9596,423,0.27364864864864863
19.916666666666668,294,0.6018665505087928,0.26565839344413245,0.48299319727891155,24,9620,425,0.2635135135135135
20.0,293,0.601498509733773,0.26531508678415106,0.4778156996587031,41,9661,428,0.26013513513513514
20.083333333333332,295,0.6018872275544519,0.2657228250971838,0.4915254237288136,38,9699,429,0.25
20.166666666666668,293,0.6037248366576947,0.2622830809690878,0.4778156996587031,43,9742,432,0.25
20.25,294,0.6029135379230808,0.2613704794827244,0.47619047619047616,36,9778,434,0.23986486486486486
20.333333333333332,296,0.6068968700709275,0.25610598110598115,0.47635135135135137,43,9821,434,0.23648648648648649
20.416666666666668,293,0.6111508153705516,0.25259310276375124,0.47440273037542663,42,9863,437,0.23986486486486486
20.5,293,0.6126761417737644,0.25332731356622146,0.4709897610921502,43,9906,439,0.24324324324324326
20.583333333333332,290,0.6066212946336871,0.24860898679864196,0.46551724137931033,53,9959,445,0.23986486486486486
20.666666666666668,291,0.6001567793899576,0.2514215261637942,0.46048109965635736,47,10006,449,0.22297297297297297
20.75,294,0.5954924596019178,0.24510798773375897,0.45918367346938777,50,10056,451,0.22297297297297297
20.833333333333332,295,0.5984138865458387,0.2526751934615553,0.4576271186440678,42,10098,452,0.22297297297297297
20.916666666666668,292,0.5994044471819405,0.23782859397849074,0.4589041095890411,34,10132,456,0.22297297297297297
21.0,293,0.5990742732977296,0.24135006386122376,0.45733788395904434,44,10176,458,0.21283783783783783
21.083333333333332,293,0.5989257899366928,0.22900812393574543,0.45051194539249145,51,10227,461,0.20270270270270271
21.166666666666668,293,0.5972574358761852,0.2419495843557277,0.447098976109215,44,10271,464,0.20270270270270271
21.25,294,0.5969563872717645,0.24419210796761817,0.445578231292517,37,10308,466,0.20608108108108109
21.333333333333332,293,0.5973561853291498,0.25088267818643245,0.447098976109215,41,10349,469,0.19932432432432431
21.416666666666668,294,0.5970880443791923,0.25357034311115945,0.4489795918367347,42,10391,471,0.20608108108108109
21.5,294,0.5990932369491558,0.2547839348859757,0.4489795918367347,48,10439,473,0.19932432432432431
21.583333333333332,294,0.6007782910579315,0.25966611179196214,0.4523809523809524,44,10483,475,0.20270270270270271
21.666666666666668,295,0.6037971748023238,0.2524145364096938,0.4576271186440678,46,10529,476,0.20608108108108109
21.75,295,0.6088637761445097,0.24785026828610365,0.47796610169491527,39,10568,477,0.20608108108108109
21.833333333333332,295,0.613870744545361,0.25036197503509855,0.48135593220338985,43,10611,478,0.22297297297297297
21.916666666666668,295,0.618814085468996,0.25423400695797793,0.4915254237288136,42,10653,479,0.2195945945945946
22.0,294,0.622451872708481,0.26285229635569773,0.4965986394557823,52,10705,481,0.22297297297297297
22.083333333333332,294,0.6239697355741277,0.2593577095834896,0.4931972789115646,45,10750,483,0.2195945945945946
22.166666666666668,294,0.625493972239022,0.25694345716923717,0.4931972789115646,49,10799,485,0.22297297297297297
22.25,293,0.625839684901774,0.26138134114478706,0.4948805460750853,37,10836,488,0.23986486486486486
22.333333333333332,293,0.6236941392481474,0.2623647904419981,0.4948805460750853,47,10883,491,0.25
22.416666666666668,294,0.6232271832678419,0.27132351743213035,0.5102040816326531,51,10934,493,0.23986486486486486
22.5,296,0.6270553918280417,0.2824066508388542,0.5168918918918919,59,10993,493,0.24662162162162163
22.583333333333332,294,0.6335152891027125,0.2886159006815861,0.5238095238095238,54,11047,495,0.24662162162162163
22.666666666666668,293,0.6336099782529332,0.28453955228405037,0.5119453924914675,47,11094,498,0.24324324324324326
22.75,294,0.6327502038452197,0.27885991754746153,0.5068027210884354,53,11147,500,0.24324324324324326
22.833333333333332,296,0.6365298979692647,0.28189135570601087,0.5101351351351351,52,11199,500,0.23986486486486486
22.916666666666668,295,0.6433693925063102,0.2837046964983844,0.535593220338983,39,11238,501,0.25675675675675674
23.0,294,0.646868496333035,0.27809395982889223,0.5340136054421769,42,11280,503,0.26013513513513514
23.083333333333332,293,0.6475829489057269,0.2890990412229713,0.5358361774744027,54,11334,506,0.26013513513513514
23.166666666666668,296,0.6488786606690051,0.29547393570846464,0.5371621621621622,49,11383,506,0.2635135135135135
23.25,294,0.6543304589751964,0.3001777633900783,0.5374149659863946,43,11426,508,0.27364864864864863
23.333333333333332,293,0.654198933576369,0.3038509397843472,0.5460750853242321,54,11480,511,0.28378378378378377
23.416666666666668,292,0.6504263056481582,0.309039992784816,0.5445205479452054,47,11527,515,0.28716216216216217
23.5,294,0.646855364297452,0.3216909255293214,0.5374149659863946,50,11577,517,0.2905405405405405
23.583333333333332,292,0.6451620592610772,0.30187906011018467,0.523972602739726,42,11619,521,0.2939189189189189
23.666666666666668,295,0.6427663773624622,0.29021647209270385,0.5254237288135594,46,11665,522,0.28378378378378377
23.75,295,0.646989321362006,0.28011702359159985,0.535593220338983,43,11708,523,0.28378378378378377
23.833333333333332,294,0.6500626001101183,0.2927460043106302,0.5306122448979592,46,11754,525,0.2939189189189189
23.916666666666668,292,0.6485115310805631,0.2854977151210028,0.523972602739726,43,11797,529,0.2939189189189189
24.0,295,0.6460932157860239,0.2904606412701094,0.5220338983050847,48,11845,530,0.2905405405405405
24.083333333333332,292,0.6466617682313023,0.2993797877536659,0.5205479452054794,45,11890,534,0.2939189189189189
24.166666666666668,295,0.6448125495376875,0.2865605119170286,0.5254237288135594,46,11936,535,0.28716216216216217
24.25,294,0.6476700559466881,0.2810752656870414,0.5136054421768708,55,11991,537,0.30067567567567566
24.333333333333332,294,0.6483259814775854,0.28433374805138323,0.5102040816326531,50,12041,539,0.30405405405405406
24.416666666666668,294,0.6489506970750156,0.28277280899044416,0.5136054421768708,52,12093,541,0.30067567567567566
24.5,295,0.6507610173652704,0.28335206610560876,0.5220338983050847,50,12143,542,0.30743243243243246
24.583333333333332,295,0.6547169588111184,0.2753613280301249,0.5152542372881356,44,12187,543,0.3141891891891892
24.666666666666668,294,0.6582566426145697,0.290391534013983,0.5170068027210885,53,12240,545,0.32094594594594594
24.75,294,0.6586610500947331,0.27673351780494637,0.5238095238095238,56,12296,547,0.31756756756756754
24.833333333333332,294,0.659078567137778,0.2754910622257561,0.5340136054421769,49,12345,549,0.31756756756756754
24.916666666666668,295,0.6606648253022511,0.27753787643618155,0.5491525423728814,48,12393,550,0.3108108108108108
25.0,294,0.6633275613593302,0.2899730277281298,0.5544217687074829,47,12440,552,0.32094594594594594
25.083333333333332,295,0.6647606356393089,0.29897760335996476,0.5491525423728814,46,12486,553,0.32094594594594594
25.166666666666668,296,0.6694295181075947,0.31534692689353705,0.5608108108108109,50,12536,553,0.34121621621621623
25.25,291,0.670773681654131,0.32088600496778025,0.5670103092783505,44,12580,558,0.34459459459459457
25.333333333333332,294,0.6674693868632157,0.32220811027884705,0.564625850340136,45,12625,559,0.3310810810810811
25.416666666666668,293,0.6664312868608194,0.31783190168103687,0.5733788395904437,51,12676,562,0.3344594594594595
25.5,291,0.6608391160122578,0.3137995827406975,0.5567010309278351,36,12712,567,0.3310810810810811
25.583333333333332,294,0.6542371913948789,0.3131138884943797,0.5510204081632653,52,12764,569,0.3141891891891892
25.666666666666668,292,0.6522150737672823,0.3289139503790073,0.5513698630136986,55,12819,573,0.31756756756756754
25.75,292,0.6457275855406137,0.32533700981576535,0.5376712328767124,43,12862,577,0.32094594594594594
25.833333333333332,293,0.6405097829125195,0.31697519329554963,0.5187713310580204,35,12897,580,0.3108108108108108
25.916666666666668,296,0.6413232330393432,0.3156406000156,0.5202702702702703,42,12939,580,0.30743243243243246
26.0,296,0.6487153079591439,0.3059726500459259,0.527027027027027,61,13000,580,0.3141891891891892
26.083333333333332,292,0.6514528284338638,0.3154514917062154,0.5273972602739726,54,13054,584,0.31756756756756754
26.166666666666668,292,0.6452352597619951,0.312180761295074,0.5308219178082192,44,13098,588,0.3141891891891892
26.25,293,0.6427176271314408,0.3123972450470038,0.5324232081911263,52,13150,591,0.30405405405405406
26.333333333333332,291,0.6374560610853078,0.2970725634518738,0.5395189003436426,57,13207,596,0.2972972972972973
26.416666666666668,291,0.6279196457139689,0.29562014922839663,0.5257731958762887,42,13249,601,0.28716216216216217
26.5,293,0.6211285755792689,0.2882455617950499,0.5255972696245734,48,13297,604,0.27364864864864863
26.583333333333332,295,0.6212120605689633,0.27392984604849013,0.511864406779661,49,13346,605,0.2702702702702703
26.666666666666668,296,0.626957377635855,0.26446921134421136,0.5168918918918919,40,13386,605,0.27702702702702703
26.75,293,0.6310773147307515,0.2876297201941547,0.5255972696245734,45,13431,608,0.28040540540540543
26.833333333333332,295,0.6313650339986246,0.2931292254728841,0.5288135593220339,55,13486,609,0.2702702702702703
26.916666666666668,295,0.6359312435358587,0.2859106436780312,0.5322033898305085,41,13527,610,0.2668918918918919
27.0,296,0.6418089767332109,0.29052251304406473,0.5337837837837838,60,13587,610,0.2668918918918919
27.083333333333332,294,0.6474406950235069,0.2754799999697959,0.5272108843537415,50,13637,612,0.27364864864864863
27.166666666666668,293,0.6474678922061986,0.27373719378838834,0.5358361774744027,51,13688,615,0.27364864864864863
27.25,295,0.6475882453970283,0.26910029706639876,0.5288135593220339,51,13739,616,0.27702702702702703
27.333333333333332,291,0.6472641579937577,0.2774703627796411,0.5326460481099656,47,13786,621,0.28040540540540543
27.416666666666668,296,0.6442158385876435,0.26689445126945127,0.5304054054054054,54,13840,621,0.2702702702702703
27.5,295,0.6508823884516234,0.26870817506410727,0.5322033898305085,56,13896,622,0.28378378378378377
27.583333333333332,294,0.6543126598057672,0.27259889581318153,0.5374149659863946,52,13948,624,0.28378378378378377
27.666666666666668,295,0.6565101989353278,0.28635473754117824,0.5457627118644067,48,13996,625,0.30067567567567566
27.75,295,0.6608346538536668,0.29250116173844987,0.5457627118644067,57,14053,626,0.30405405405405406
27.833333333333332,293,0.6628422599850001,0.29374649809803394,0.5426621160409556,41,14094,629,0.3108108108108108
27.916666666666668,296,0.6637729427418044,0.2920312607812608,0.543918918918919,52,14146,629,0.30405405405405406
28.0,296,0.6713066328554991,0.2925527181992699,0.5675675675675675,57,14203,629,0.31756756756756754
28.083333333333332,291,0.6741913171504663,0.2944531610902034,0.5738831615120275,54,14257,634,0.3277027027027027
28.166666666666668,295,0.6689839416130398,0.2853716911051803,0.5627118644067797,58,14315,635,0.32432432432432434
28.25,294,0.6716933197422212,0.2697042193347612,0.5544217687074829,63,14378,637,0.3277027027027027
28.333333333333332,294,0.6721790318368757,0.281010231916284,0.564625850340136,52,14430,639,0.3310810810810811
28.416666666666668,292,0.6703484262337287,0.2819626150105602,0.5582191780821918,59,14489,643,0.3310810810810811
28.5,291,0.6633391208105901,0.27122153037545854,0.5292096219931272,56,14545,648,0.32094594594594594
28.583333333333332,295,0.6581262106593228,0.2739163057027306,0.535593220338983,58,14603,649,0.32432432432432434
28.666666666666668,295,0.6619444709021702,0.26125839320754574,0.5322033898305085,54,14657,650,0.3310810810810811
28.75,292,0.66245875011629,0.2605785291572963,0.547945205479452,55,14712,654,0.3310810810810811
28.833333333333332,293,0.6582220899064597,0.26391225384399447,0.5494880546075085,50,14762,657,0.32094594594594594
28.916666666666668,291,0.6532963255062878,0.26397897635011036,0.5326460481099656,56,14818,662,0.32094594594594594
29.0,296,0.6494261016861873,0.2618354524604525,0.5202702702702703,59,14877,662,0.31756756756756754
29.083333333333332,295,0.6554161398863806,0.26920588692985786,0.5423728813559322,58,14935,663,0.3277027027027027
29.166666666666668,293,0.6569983719939132,0.2761068837982539,0.5494880546075085,59,14994,666,0.32432432432432434
29.25,292,0.6528603672740484,0.26997645483457616,0.5547945205479452,43,15037,670,0.3277027027027027
29.333333333333332,289,0.6471568647047353,0.2733946178622721,0.5467128027681661,46,15083,676,0.32432432432432434
29.416666666666668,293,0.6386007890628793,0.26385372459632067,0.5426621160409556,39,15122,678,0.3141891891891892
29.5,296,0.639220057924698,0.27898353674563353,0.5371621621621622,55,15177,678,0.3141891891891892
29.583333333333332,293,0.6428735874856689,0.2678625413267052,0.5324232081911263,50,15227,681,0.3141891891891892
29.666666666666668,293,0.6400937786657841,0.273612555438494,0.5392491467576792,45,15272,684,0.30743243243243246
29.75,294,0.6385154902878214,0.2797281017762067,0.5374149659863946,43,15315,686,0.30067567567567566
29.833333333333332,295,0.6404641422778242,0.2839983341920388,0.535593220338983,49,15364,687,0.30067567567567566
29.916666666666668,292,0.6410883094530602,0.2868994752801015,0.5376712328767124,48,15412,691,0.2972972972972973
30.0,292,0.6352759661458866,0.28555143215123646,0.5308219178082192,48,15460,695,0.28378378378378377
30.083333333333332,292,0.6295665780558892,0.27871791450558575,0.5205479452054794,44,15504,699,0.28716216216216217
30.166666666666668,291,0.6222804562860721,0.271542804274763,0.5085910652920962,40,15544,704,0.2905405405405405
30.25,293,0.6154657333270703,0.2655223710684461,0.49146757679180886,43,15587,707,0.28716216216216217
30.333333333333332,291,0.6104035049870913,0.27088572939088407,0.47766323024054985,40,15627,712,0.28040540540540543
30.416666666666668,291,0.6010159891537625,0.27379321572988735,0.4742268041237113,55,15682,717,0.27702702702702703
30.5,293,0.5944909104487618,0.2722394202038278,0.4641638225255973,38,15720,720,0.2668918918918919
30.583333333333332,294,0.5935273286136646,0.2669904250808041,0.46258503401360546,50,15770,722,0.2635135135135135
30.666666666666668,294,0.5946812052068802,0.2726193105566283,0.46598639455782315,36,15806,724,0.2635135135135135
30.75,292,0.5951778980349469,0.27851272585861625,0.4657534246575342,44,15850,728,0.2702702702702703
30.833333333333332,296,0.5948481491809215,0.2860003550736309,0.46283783783783783,39,15889,728,0.2702702702702703
30.916666666666668,293,0.5984922285769014,0.28075352817909016,0.45733788395904434,45,15934,731,0.28378378378378377
31.0,294,0.5973642826612302,0.28255676706591554,0.46258503401360546,44,15978,733,0.28040540540540543
31.083333333333332,294,0.6000212050647316,0.27229178639277163,0.46598639455782315,37,16015,735,0.27702702702702703
31.166666666666668,296,0.6035043984776957,0.2787860225360225,0.46621621621621623,38,16053,735,0.27702702702702703
31.25,294,0.6084197218602005,0.2800535915331834,0.46598639455782315,43,16096,737,0.28378378378378377
31.333333333333332,295,0.6105269343885392,0.27743375268799,0.4711864406779661,40,16136,738,0.28378378378378377
31.416666666666668,293,0.6119586083825287,0.279854120942152,0.48464163822525597,45,16181,741,0.2905405405405405
31.5,294,0.6139426294239979,0.27618008083901047,0.4897959183673469,46,16227,742,0.28716216216216217
31.583333333333332,293,0.6133063670143876,0.2755028300677513,0.48464163822525597,46,16273,745,0.28378378378378377
31.666666666666668,293,0.6108937461071875,0.270463105953648,0.4641638225255973,40,16313,748,0.28378378378378377
31.75,290,0.604010714018567,0.27881555096634,0.47586206896551725,44,16357,754,0.28378378378378377
31.833333333333332,295,0.597801067702364,0.26672883581674156,0.46779661016949153,40,16397,755,0.27364864864864863
31.916666666666668,293,0.5991685748111993,0.275464183143364,0.4641638225255973,42,16439,758,0.2702702702702703
32.0,294,0.5979902090763419,0.2897396726478359,0.47278911564625853,44,16483,760,0.2668918918918919
32.083333333333336,296,0.6015530535975673,0.27945830414050754,0.47297297297297297,38,16521,760,0.2668918918918919
32.166666666666664,292,0.6038399507589204,0.2817292198488507,0.476027397260274,48,16569,764,0.27364864864864863
32.25,295,0.6020053719899743,0.2707380469445968,0.4745762711864407,40,16609,765,0.26013513513513514
32.333333333333336,295,0.6062789810712538,0.27330606305182575,0.4847457627118644,51,16660,766,0.26013513513513514
32.416666666666664,294,0.6093348107724416,0.2732536066694607,0.47959183673469385,51,16711,768,0.2668918918918919
32.5,291,0.6107660325155572,0.270342390442944,0.48109965635738833,56,16767,772,0.27364864864864863
32.583333333333336,292,0.6059763605260331,0.2756066696966049,0.4726027397260274,39,16806,775,0.2702702702702703
32.666666666666664,293,0.6046391334474024,0.27240813691073446,0.46757679180887374,38,16844,777,0.2635135135135135
32.75,294,0.6034513354608221,0.2802105669427475,0.47619047619047616,43,16887,779,0.25675675675675674
32.833333333333336,296,0.6070728713918657,0.278532035105311,0.47297297297297297,48,16935,779,0.2533783783783784
32.916666666666664,294,0.6122932035818003,0.27273700444003046,0.47619047619047616,43,16978,781,0.2533783783783784
33.0,292,0.6108218795566928,0.2742797350526448,0.476027397260274,43,17021,785,0.24662162162162163
33.083333333333336,292,0.6050472465640959,0.26139107277805906,0.4657534246575342,48,17069,789,0.25
33.166666666666664,295,0.6032904089680878,0.27224251266624144,0.4610169491525424,57,17126,790,0.23986486486486486
33.25,290,0.6009911043555037,0.27660384634522567,0.4517241379310345,45,17171,796,0.24662162162162163
33.333333333333336,294,0.5939964224722054,0.2675264739040249,0.4421768707482993,49,17220,798,0.23648648648648649
33.416666666666664,295,0.5964233046061878,0.2672247150213252,0.44745762711864406,39,17259,799,0.23648648648648649
33.5,295,0.6010635580253452,0.272035600933906,0.4440677966101695,50,17309,800,0.23310810810810811
33.583333333333336,296,0.6070452695569943,0.26780744593244593,0.4527027027027027,45,17354,800,0.24662162162162163
33.666666666666664,296,0.6149697087991401,0.26916896916896915,0.46959459459459457,45,17399,800,0.25
33.75,293,0.6190193409288753,0.28342513572889,0.47440273037542663,47,17446,803,0.2635135135135135
33.833333333333336,292,0.6152709061759534,0.28650196835128344,0.4657534246575342,38,17484,807,0.2702702702702703
33.916666666666664,293,0.6106085681627511,0.29502815159811746,0.49146757679180886,47,17531,810,0.26013513513513514
34.0,293,0.6081116099620154,0.29221518905819244,0.48464163822525597,53,17584,813,0.26013513513513514
34.083333333333336,294,0.6070303554147978,0.28371860565738116,0.46258503401360546,41,17625,815,0.25
34.166666666666664,295,0.6093816518123387,0.2887473449337856,0.46440677966101696,46,17671,816,0.25675675675675674
34.25,295,0.6137590746214829,0.2791756360400428,0.4745762711864407,41,17712,817,0.2635135135135135
34.333333333333336,294,0.6167817815683031,0.2887592660551844,0.4965986394557823,48,17760,819,0.27702702702702703
34.416666666666664,294,0.6175972320989269,0.28743207850350705,0.5034013605442177,50,17810,821,0.27702702702702703
34.5,295,0.6196182476077469,0.29776039403158044,0.488135593220339,42,17852,822,0.28040540540540543
34.583333333333336,294,0.6224244837153676,0.29041407383244117,0.47959183673469385,49,17901,824,0.28378378378378377
34.666666666666664,293,0.6218659238094606,0.29099378058422426,0.48464163822525597,46,17947,827,0.28378378378378377
34.75,294,0.6204539773859975,0.2801148681250722,0.48639455782312924,50,17997,829,0.27364864864864863
34.833333333333336,294,0.6212150763591938,0.2954025283106916,0.4897959183673469,43,18040,831,0.27364864864864863
34.916666666666664,296,0.6246243714002329,0.2926100644850645,0.49324324324324326,48,18088,831,0.2702702702702703
35.0,296,0.6321778160237844,0.291375057000057,0.5033783783783784,58,18146,831,0.28716216216216217
35.083333333333336,296,0.6396356972027216,0.29444811913032254,0.5135135135135135,43,18189,831,0.2972972972972973
35.166666666666664,295,0.6458070807158025,0.2897232146439667,0.5152542372881356,55,18244,832,0.30405405405405406
35.25,295,0.6508405046217733,0.3019791037642626,0.5186440677966102,41,18285,833,0.30405405405405406
35.333333333333336,296,0.6557805569158791,0.30569400601728186,0.5202702702702703,52,18337,833,0.3108108108108108
35.416666666666664,293,0.6594551718056667,0.3113815568005282,0.5221843003412969,47,18384,836,0.3141891891891892
35.5,295,0.65870675327418,0.29957355554374837,0.5220338983050847,58,18442,837,0.30743243243243246
35.583333333333336,292,0.6595496824798892,0.3014038502435999,0.5171232876712328,60,18502,841,0.3108108108108108
35.666666666666664,292,0.6529941599409561,0.2979694992065091,0.5102739726027398,54,18556,845,0.30067567567567566
35.75,294,0.6488095827440522,0.2884380010611538,0.5034013605442177,52,18608,847,0.2972972972972973
35.833333333333336,295,0.6503038957172625,0.28852549651789866,0.5084745762711864,66,18674,848,0.2905405405405405
35.916666666666664,293,0.6517695970408879,0.29240638044627687,0.515358361774744,57,18731,851,0.2939189189189189
36.0,292,0.6475787878983873,0.29721707136090697,0.5171232876712328,57,18788,855,0.2905405405405405
36.083333333333336,295,0.6446872792184927,0.2927908249942148,0.5186440677966102,58,18846,856,0.2972972972972973
36.166666666666664,296,0.6495924541900119,0.2878641628641629,0.5168918918918919,53,18899,856,0.2972972972972973
36.25,294,0.654419498103772,0.2975189964985883,0.5034013605442177,48,18947,858,0.30405405405405406
36.333333333333336,295,0.6559852231859534,0.300850420765675,0.5254237288135594,44,18991,859,0.30067567567567566
36.416666666666664,296,0.6608921701325144,0.30997765373313296,0.5304054054054054,52,19043,859,0.2972972972972973
36.5,293,0.66468243723329,0.30143028189656806,0.5392491467576792,51,19094,862,0.2972972972972973
36.583333333333336,294,0.662853776319681,0.29603598405170467,0.54421768707483,35,19129,864,0.2905405405405405
36.666666666666664,292,0.6609242594739059,0.29931335652292257,0.5376712328767124,40,19169,868,0.2972972972972973
36.75,294,0.6568251604716238,0.29924284763934905,0.5374149659863946,54,19223,870,0.2905405405405405
36.833333333333336,294,0.6572931607594742,0.3015851293183655,0.5340136054421769,49,19272,872,0.2972972972972973
36.916666666666664,295,0.6590203580156715,0.29790021520045734,0.5389830508474577,42,19314,873,0.30067567567567566
37.0,292,0.6594513210685559,0.2938864788179857,0.5445205479452054,48,19362,877,0.3141891891891892
37.083333333333336,296,0.6577968892039638,0.3004731285981286,0.543918918918919,41,19403,877,0.30067567567567566
37.166666666666664,290,0.6584355506270948,0.2960923275429815,0.5413793103448276,49,19452,883,0.30067567567567566
37.25,294,0.650043011725488,0.28961510932833945,0.5374149659863946,36,19488,885,0.30405405405405406
37.333333333333336,295,0.6516257466954894,0.3041564082498118,0.5423728813559322,33,19521,886,0.2972972972972973
37.416666666666664,294,0.6545555901598212,0.2984148501412245,0.5510204081632653,49,19570,888,0.2972972972972973
37.5,293,0.6541220336178692,0.301563471911132,0.5563139931740614,47,19617,891,0.2972972972972973
37.583333333333336,295,0.6538257934897006,0.3035967795545899,0.5491525423728814,40,19657,892,0.2905405405405405
37.666666666666664,294,0.6569012525232769,0.30036297823947367,0.54421768707483,60,19717,894,0.2939189189189189
37.75,293,0.6566280563284683,0.3060795862696533,0.552901023890785,45,19762,897,0.2972972972972973
37.833333333333336,291,0.6517058822047948,0.30272181078259996,0.5463917525773195,52,19814,902,0.2905405405405405
37.916666666666664,295,0.6470663633669289,0.3001209336802557,0.5491525423728814,44,19858,903,0.28378378378378377
38.0,296,0.6525268481851856,0.30813277375777376,0.5506756756756757,46,19904,903,0.28378378378378377
38.083333333333336,294,0.6579696016005726,0.3022475634720533,0.5476190476190477,51,19955,905,0.2939189189189189
38.166666666666664,293,0.658056195985189,0.3084662777495542,0.552901023890785,49,20004,908,0.2905405405405405
38.25,295,0.6577585776694631,0.2951554095621892,0.5525423728813559,46,20050,909,0.2939189189189189
38.333333333333336,290,0.6560661927169679,0.3081521830659762,0.5482758620689655,49,20099,915,0.30067567567567566
38.416666666666664,293,0.6466950020302014,0.2880637564937906,0.5324232081911263,45,20144,918,0.2939189189189189
38.5,295,0.6463799443503235,0.290277245656447,0.5389830508474577,48,20192,919,0.28378378378378377
38.583333333333336,293,0.6482710991874079,0.2989038827327715,0.5358361774744027,37,20229,922,0.28716216216216217
38.666666666666664,291,0.6444954588924794,0.2962443525566014,0.5326460481099656,50,20279,927,0.28378378378378377
38.75,292,0.6361943902945675,0.297066973477468,0.5308219178082192,41,20320,931,0.2702702702702703
38.833333333333336,294,0.632705724790528,0.29195718206873517,0.5238095238095238,41,20361,933,0.2668918918918919
38.916666666666664,293,0.6323767357480901,0.292091721808366,0.5187713310580204,41,20402,936,0.27702702702702703
39.0,295,0.6323293100353379,0.29328220415331174,0.5186440677966102,41,20443,937,0.27702702702702703
39.083333333333336,293,0.6348986498174087,0.29508724732948877,0.5221843003412969,33,20476,940,0.28716216216216217
39.166666666666664,296,0.6358669682829665,0.29252798300763416,0.5202702702702703,35,20511,940,0.2939189189189189
39.25,294,0.6407847241393236,0.2944350339758503,0.5170068027210885,41,20552,942,0.2972972972972973
39.333333333333336,295,0.6426569954754477,0.28906825754283383,0.5288135593220339,56,20608,943,0.2972972972972973
39.416666666666664,294,0.6454604338555563,0.29571524334643867,0.5306122448979592,38,20646,945,0.2939189189189189
39.5,292,0.6437493802948976,0.3000690125812435,0.5273972602739726,40,20686,949,0.2905405405405405
39.583333333333336,293,0.6388744729614146,0.2993712095369823,0.5187713310580204,46,20732,952,0.28040540540540543
39.666666666666664,293,0.6362139549841591,0.27981747923239875,0.5051194539249146,49,20781,955,0.28378378378378377
39.75,296,0.6373144692909429,0.28224887912387914,0.5135135135135135,51,20832,955,0.28378378378378377
39.833333333333336,292,0.6399833187714105,0.28267790998955383,0.5205479452054794,46,20878,959,0.2905405405405405
39.916666666666664,295,0.6377743100542953,0.2783007199956352,0.5186440677966102,53,20931,960,0.28040540540540543
40.0,295,0.6420220662152165,0.2897760337590846,0.5152542372881356,46,20977,961,0.28040540540540543
40.083333333333336,291,0.6418828794526636,0.2876634438490109,0.5120274914089347,39,21016,966,0.28716216216216217
40.166666666666664,294,0.6368253887818442,0.2849049570988346,0.5,47,21063,968,0.28040540540540543
40.25,294,0.637873804221722,0.2902170678384612,0.5,43,21106,970,0.2972972972972973
40.333333333333336,295,0.6398014258716892,0.28478251536112437,0.5016949152542373,40,21146,971,0.30405405405405406
40.416666666666664,290,0.6376618035870987,0.2857557197063737,0.4896551724137931,48,21194,977,0.31756756756756754
40.5,295,0.6308526376932964,0.27861069283336964,0.488135593220339,36,21230,978,0.30405405405405406
40.583333333333336,295,0.6353827544646388,0.2949687336747347,0.49491525423728816,35,21265,979,0.30067567567567566
40.666666666666664,294,0.6384013543339261,0.29495451790547245,0.4965986394557823,41,21306,981,0.30405405405405406
40.75,294,0.639224466784282,0.2922557333189328,0.5068027210884354,52,21358,983,0.3108108108108108
40.833333333333336,294,0.6399888413648605,0.28360107390719635,0.4965986394557823,45,21403,985,0.30743243243243246
40.916666666666664,293,0.639513362732283,0.28310444769489135,0.4948805460750853,57,21460,988,0.31756756756756754
41.0,294,0.6380144509662611,0.2808649400486135,0.4965986394557823,45,21505,990,0.30743243243243246
41.083333333333336,295,0.6399667317776008,0.27550570898028526,0.5016949152542373,47,21552,991,0.30067567567567566
41.166666666666664,295,0.6441178563350927,0.27513771539195264,0.5016949152542373,46,21598,992,0.3108108108108108
41.25,292,0.644774581333869,0.2686633666941886,0.5034246575342466,44,21642,996,0.3108108108108108
41.333333333333336,296,0.6434446274380969,0.24889970202470202,0.5067567567567568,52,21694,996,0.30405405405405406
41.416666666666664,290,0.6435971136562482,0.25657358924600304,0.506896551724138,46,21740,1002,0.3141891891891892
41.5,294,0.6402629058582597,0.25833406077072507,0.5170068027210885,48,21788,1003,0.2972972972972973
41.583333333333336,292,0.638298854944435,0.26690339786702566,0.5136986301369864,52,21840,1007,0.3108108108108108
41.666666666666664,293,0.6367338627493193,0.2631390421198589,0.5085324232081911,45,21885,1009,0.30743243243243246
41.75,293,0.6337208863116001,0.2731946198375526,0.5017064846416383,49,21934,1012,0.3141891891891892
41.833333333333336,293,0.6308017804993382,0.28488985515288917,0.49829351535836175,47,21981,1015,0.30743243243243246
41.916666666666664,293,0.6279835344960548,0.28183746477261834,0.4948805460750853,43,22024,1018,0.30067567567567566
42.0,294,0.6265420897166124,0.2750265135469217,0.48639455782312924,36,22060,1020,0.2972972972972973
42.083333333333336,296,0.6296488387088448,0.2751635657885658,0.48986486486486486,49,22109,1020,0.30067567567567566
42.166666666666664,295,0.6357863463936487,0.2867016596031247,0.5016949152542373,44,22153,1021,0.3108108108108108
42.25,292,0.6371664376286785,0.2886333032084135,0.5102739726027398,48,22201,1025,0.30743243243243246
42.333333333333336,293,0.6321488261725345,0.2883561259190344,0.5051194539249146,41,22242,1028,0.30405405405405406
42.416666666666664,296,0.6330323825157783,0.2807232540661717,0.5033783783783784,44,22286,1028,0.30067567567567566
42.5,295,0.6392385075471946,0.28545048037784115,0.5152542372881356,51,22337,1029,0.30743243243243246
42.583333333333336,295,0.6441037966586389,0.28598461339325126,0.5254237288135594,44,22381,1030,0.30743243243243246
42.666666666666664,295,0.6481472726111607,0.2913042560857753,0.5220338983050847,47,22428,1031,0.3108108108108108
42.75,293,0.6498192637243254,0.2953040006179144,0.5221843003412969,37,22465,1034,0.3108108108108108
42.833333333333336,294,0.6482182876386025,0.28272280440647785,0.5238095238095238,39,22504,1036,0.30743243243243246
42.916666666666664,293,0.6476299750879166,0.28949586628767515,0.5324232081911263,45,22549,1039,0.30405405405405406
43.0,293,0.6483005182193603,0.28475708023489593,0.5290102389078498,53,22602,1041,0.30405405405405406
43.083333333333336,295,0.6479375535249061,0.2767230509603391,0.5288135593220339,56,22658,1042,0.2972972972972973
43.166666666666664,295,0.6519055833816677,0.28884540965287486,0.5322033898305085,59,22717,1043,0.30743243243243246
43.25,294,0.6546771872328333,0.2842638559475294,0.5408163265306123,41,22758,1045,0.31756756756756754
43.333333333333336,293,0.6539764656869703,0.28205034442235805,0.5358361774744027,39,22797,1048,0.3141891891891892
43.416666666666664,295,0.6533763518659801,0.279888454943978,0.5322033898305085,38,22835,1049,0.3108108108108108
43.5,291,0.652472870440318,0.2797303596983654,0.5360824742268041,35,22870,1054,0.3141891891891892
43.583333333333336,294,0.6463234627357953,0.2736536331627817,0.5306122448979592,33,22903,1056,0.30405405405405406
43.666666666666664,294,0.6467292745685007,0.28029209107674974,0.5272108843537415,45,22948,1058,0.30743243243243246
43.75,294,0.647242733597707,0.2749209505015276,0.5272108843537415,42,22990,1060,0.30405405405405406
43.833333333333336,295,0.6489854424308419,0.26976913890706994,0.535593220338983,49,23039,1061,0.30743243243243246
43.916666666666664,292,0.6493291728748073,0.26698641954015123,0.5376712328767124,38,23077,1065,0.3141891891891892
44.0,294,0.6454085161086393,0.2624473979769546,0.5340136054421769,51,23128,1067,0.30743243243243246
44.083333333333336,294,0.6459001175086213,0.25969863502411006,0.5306122448979592,39,23167,1069,0.30743243243243246
44.166666666666664,294,0.6464886729232066,0.2695280912821377,0.5272108843537415,45,23212,1071,0.30405405405405406
44.25,291,0.6434441705820303,0.27064835698856315,0.5463917525773195,46,23258,1076,0.30743243243243246
44.333333333333336,295,0.6386816701500176,0.2677140185614762,0.5389830508474577,38,23296,1077,0.30067567567567566
44.416666666666664,296,0.6438246726941411,0.26495459307959307,0.5405405405405406,58,23354,1077,0.2972972972972973
44.5,295,0.650019606264702,0.27249840554925303,0.5491525423728814,40,23394,1078,0.3141891891891892
44.583333333333336,292,0.650392731140883,0.2646007163250754,0.541095890410959,55,23449,1082,0.31756756756756754
44.666666666666664,295,0.6476162118860157,0.2719620034145893,0.5423728813559322,43,23492,1083,0.3141891891891892
44.75,295,0.651476136218061,0.28040401338202303,0.5491525423728814,46,23538,1084,0.3108108108108108
44.833333333333336,295,0.655513349828151,0.2763855726768683,0.5389830508474577,48,23586,1085,0.3108108108108108
44.916666666666664,292,0.6559972513417017,0.26117523078139515,0.5308219178082192,51,23637,1089,0.32094594594594594
45.0,294,0.6520535203264122,0.2593096151769621,0.5340136054421769,53,23690,1091,0.3108108108108108
45.083333333333336,293,0.6514143844733951,0.269550036614883,0.5426621160409556,55,23745,1094,0.30405405405405406
45.166666666666664,293,0.6486667878160153,0.28307703862311373,0.5324232081911263,52,23797,1097,0.30405405405405406
45.25,291,0.6433661104488702,0.27770816430610246,0.5223367697594502,44,23841,1102,0.30405405405405406
45.333333333333336,292,0.6348339332522399,0.28634785181490424,0.5102739726027398,40,23881,1106,0.30067567567567566
45.416666666666664,295,0.632299469778139,0.2857290738354444,0.5152542372881356,47,23928,1107,0.2939189189189189
45.5,295,0.6363273476417504,0.28420653799087464,0.5016949152542373,42,23970,1108,0.2972972972972973
45.583333333333336,294,0.6391586469276309,0.27800366743012767,0.5068027210884354,37,24007,1110,0.2972972972972973
45.666666666666664,292,0.6373312864182772,0.28165944661280046,0.5068493150684932,46,24053,1114,0.2972972972972973
45.75,295,0.6347919572064534,0.2740670064398878,0.5050847457627119,45,24098,1115,0.2972972972972973
45.833333333333336,293,0.6362071933166812,0.27363818396241607,0.5017064846416383,40,24138,1118,0.30067567567567566
45.916666666666664,293,0.6334249864398914,0.26783978251555046,0.49146757679180886,37,24175,1121,0.2905405405405405
46.0,293,0.6324678412239046,0.2618961432954607,0.49146757679180886,37,24212,1124,0.28040540540540543
46.083333333333336,294,0.6308645180020177,0.2597699727153204,0.4931972789115646,44,24256,1126,0.28716216216216217
46.166666666666664,294,0.6313272525626492,0.2639190266092722,0.5,42,24298,1128,0.30405405405405406
46.25,294,0.6317119411376138,0.2537345398941732,0.5068027210884354,38,24336,1130,0.30405405405405406
46.333333333333336,292,0.6295660549380777,0.24704529646629714,0.5034246575342466,51,24387,1134,0.30743243243243246
46.416666666666664,294,0.6255868284589534,0.24236824211314006,0.4965986394557823,39,24426,1136,0.30405405405405406
46.5,293,0.6246742381404352,0.2589673504349272,0.49146757679180886,46,24472,1139,0.2972972972972973
46.583333333333336,291,0.6192237673053305,0.2647048159934758,0.4879725085910653,45,24517,1144,0.28716216216216217
46.666666666666664,292,0.610880356691868,0.2658814264122483,0.4691780821917808,36,24553,1148,0.28040540540540543
46.75,296,0.6099795336342142,0.2689202876702877,0.4797297297297297,38,24591,1148,0.27364864864864863
46.833333333333336,293,0.6135598929136026,0.27898549118685634,0.48464163822525597,33,24624,1151,0.28378378378378377
46.916666666666664,295,0.6135753539305355,0.2696348848891222,0.48135593220338985,43,24667,1152,0.28378378378378377
47.0,292,0.6139819696116227,0.2744973348569239,0.4794520547945205,38,24705,1156,0.28378378378378377
47.083333333333336,295,0.6118446587235951,0.2625292504106064,0.47796610169491527,42,24747,1157,0.27702702702702703
47.166666666666664,294,0.6180246620092404,0.27173147147636945,0.4897959183673469,38,24785,1158,0.28378378378378377
47.25,293,0.6174650929562698,0.26715272781825683,0.4880546075085324,40,24825,1161,0.2905405405405405
47.333333333333336,293,0.6181177198174018,0.26866694787164663,0.4880546075085324,44,24869,1163,0.2939189189189189
47.416666666666664,294,0.6167213731198515,0.26929393028704846,0.48299319727891155,34,24903,1165,0.28716216216216217
47.5,292,0.6148170573896724,0.2721021050027103,0.4794520547945205,39,24942,1169,0.28378378378378377
47.583333333333336,293,0.6100659941932683,0.26856268028810065,0.47440273037542663,40,24982,1172,0.27702702702702703
47.666666666666664,289,0.601921614925267,0.2641283635351851,0.45674740484429066,48,25030,1179,0.27364864864864863
47.75,295,0.5938638409180544,0.26486258428147047,0.46440677966101696,48,25078,1180,0.25675675675675674
47.833333333333336,292,0.5939218817516141,0.27147415940224157,0.4623287671232877,41,25119,1184,0.25675675675675674
47.916666666666664,294,0.5909106394936025,0.26751258945136497,0.46938775510204084,47,25166,1186,0.24324324324324326
48.0,294,0.5919715375163392,0.2638652824877315,0.47619047619047616,49,25215,1188,0.23986486486486486
48.083333333333336,295,0.5943525704554349,0.26198043011602334,0.48135593220338985,38,25253,1189,0.2533783783783784
48.166666666666664,294,0.5973615737362405,0.27278120594447125,0.4897959183673469,34,25287,1191,0.2533783783783784
48.25,293,0.5969711031061385,0.27357617733044354,0.49146757679180886,46,25333,1194,0.2533783783783784
48.333333333333336,293,0.5945174221985384,0.2801028039082647,0.4812286689419795,40,25373,1197,0.2533783783783784
48.416666666666664,295,0.5948164978754826,0.2715020290444019,0.47796610169491527,40,25413,1198,0.25
48.5,292,0.5951636511406373,0.26799873452270717,0.4657534246575342,34,25447,1202,0.24662162162162163
48.583333333333336,294,0.592252193936029,0.2724599285823776,0.46598639455782315,40,25487,1204,0.24324324324324326
48.666666666666664,294,0.5933170627641391,0.2656903093127583,0.46938775510204084,28,25515,1206,0.24324324324324326
48.75,296,0.597221455568841,0.26556799994299995,0.46959459459459457,49,25564,1206,0.23648648648648649
48.833333333333336,295,0.6037802163549443,0.27859309240665175,0.4711864406779661,39,25603,1207,0.2533783783783784
48.916666666666664,294,0.6069304369174338,0.28167092733419263,0.46938775510204084,44,25647,1209,0.2635135135135135
49.0,291,0.6046501417057687,0.28107319233976086,0.4639175257731959,45,25692,1214,0.26013513513513514
49.083333333333336,294,0.5994004841178069,0.27114500875433817,0.45918367346938777,35,25727,1216,0.24662162162162163
49.166666666666664,296,0.6030583825831383,0.2824685315756744,0.46283783783783783,39,25766,1216,0.24324324324324326
49.25,294,0.6090558351644169,0.2768408327446228,0.46598639455782315,48,25814,1218,0.24324324324324326
49.333333333333336,292,0.6075043412951184,0.2813764689865473,0.4623287671232877,44,25858,1222,0.24662162162162163
49.416666666666664,295,0.6057301272152331,0.27145923621710544,0.4610169491525424,46,25904,1223,0.25
49.5,295,0.6099020913881854,0.2824687540062843,0.4576271186440678,44,25948,1224,0.2668918918918919
49.583333333333336,293,0.611514657985606,0.28325032949606327,0.45051194539249145,33,25981,1227,0.2668918918918919
49.666666666666664,292,0.6076082088770582,0.2800474642792782,0.4486301369863014,36,26017,1231,0.2635135135135135
49.75,293,0.6029748303716874,0.28273471915345516,0.46075085324232085,46,26063,1234,0.25
49.833333333333336,293,0.6005043980903816,0.2817913792169412,0.46075085324232085,41,26104,1237,0.2533783783783784
49.916666666666664,295,0.6008564375152884,0.2838733397909318,0.4610169491525424,31,26135,1238,0.24324324324324326
50.0,295,0.6057245718134203,0.28569253721796095,0.46440677966101696,39,26174,1239,0.24324324324324326
50.083333333333336,294,0.6089004438462191,0.2995994368443348,0.47278911564625853,52,26226,1241,0.2533783783783784
50.166666666666664,294,0.6133165064305918,0.29813608538098335,0.48299319727891155,48,26274,1242,0.2635135135135135
50.25,295,0.6156389633019773,0.2999205784799005,0.49830508474576274,45,26319,1243,0.25675675675675674
50.333333333333336,294,0.618754240377294,0.3031023587146036,0.4897959183673469,37,26356,1245,0.25675675675675674
50.416666666666664,293,0.6185168049479373,0.293948325418256,0.4880546075085324,42,26398,1248,0.26013513513513514
50.5,296,0.6200280379427919,0.2864621774104533,0.4864864864864865,35,26433,1248,0.2533783783783784
50.583333333333336,296,0.6278366809489091,0.29406029438357023,0.5,34,26467,1248,0.25675675675675674
50.666666666666664,292,0.6309915463371519,0.2920511759405241,0.5,45,26512,1252,0.2635135135135135
50.75,294,0.6281028972723164,0.2860699768863034,0.4897959183673469,25,26537,1254,0.26013513513513514
50.833333333333336,291,0.6250766437752463,0.2875107614798336,0.4879725085910653,41,26578,1259,0.26013513513513514
50.916666666666664,295,0.6208766285727955,0.2741858424061814,0.4847457627118644,45,26623,1260,0.25
51.0,295,0.6251428278578218,0.272495771648314,0.4915254237288136,42,26665,1261,0.26013513513513514
51.083333333333336,294,0.6282147385896311,0.27136677602898573,0.4897959183673469,39,26704,1263,0.2668918918918919
51.166666666666664,295,0.6303499286009087,0.27973035471574337,0.4915254237288136,38,26742,1264,0.2668918918918919
51.25,294,0.633383306525575,0.27706047764105474,0.4931972789115646,40,26782,1266,0.2668918918918919
51.333333333333336,292,0.6318444638460753,0.2785922889371165,0.4897260273972603,45,26827,1270,0.26013513513513514
51.416666666666664,295,0.6297525534850197,0.28453209690497827,0.4847457627118644,43,26870,1271,0.25675675675675674
51.5,293,0.6326776665431362,0.29057073946152445,0.48464163822525597,37,26907,1274,0.2635135135135135
51.583333333333336,294,0.6314425389490261,0.2847805633519919,0.48639455782312924,35,26942,1276,0.2702702702702703
51.666666666666664,294,0.6321874762183224,0.2967807891277279,0.4897959183673469,31,26973,1278,0.27702702702702703
51.75,295,0.6341966418878581,0.2935546844868879,0.488135593220339,28,27001,1279,0.27702702702702703
51.833333333333336,293,0.6363902298280091,0.2992716710201745,0.49146757679180886,41,27042,1282,0.28040540540540543
51.916666666666664,294,0.6348918128375238,0.29035102307997385,0.4897959183673469,28,27070,1284,0.27702702702702703
52.0,294,0.6355241069168664,0.29673522780936995,0.48639455782312924,43,27113,1286,0.27702702702702703
52.083333333333336,295,0.6376511046829146,0.2874102834035077,0.49830508474576274,44,27157,1287,0.27364864864864863
52.166666666666664,293,0.6391865777612133,0.2761120190915453,0.4948805460750853,36,27193,1290,0.28378378378378377
52.25,294,0.6375661494424946,0.27454405071072135,0.4965986394557823,45,27238,1292,0.27702702702702703
52.333333333333336,295,0.6392884529344772,0.2750662516965304,0.49830508474576274,33,27271,1293,0.28378378378378377
52.416666666666664,292,0.6395318858176285,0.2811513828637116,0.4965753424657534,40,27311,1297,0.28378378378378377
52.5,293,0.6345594791141678,0.27517209752704636,0.49146757679180886,53,27364,1300,0.27364864864864863
52.583333333333336,296,0.6355363598006221,0.268387984012984,0.4966216216216216,46,27410,1300,0.2668918918918919
52.666666666666664,293,0.6392895510744616,0.2699469472507015,0.49829351535836175,47,27457,1303,0.28040540540540543
52.75,296,0.6402278599601704,0.26555565305565304,0.4966216216216216,50,27507,1303,0.27702702702702703
52.833333333333336,293,0.6439977710737792,0.2798415558654467,0.49829351535836175,40,27547,1306,0.28040540540540543
52.916666666666664,295,0.6437655388625722,0.2728042115038024,0.5050847457627119,47,27594,1307,0.2702702702702703
53.0,294,0.6468274195867596,0.26390442545439025,0.5102040816326531,52,27646,1309,0.27364864864864863
53.083333333333336,294,0.6474526845284714,0.26946890066172263,0.5102040816326531,41,27687,1311,0.28378378378378377
53.166666666666664,294,0.6480460337842661,0.27616963567878416,0.5136054421768708,50,27737,1313,0.28378378378378377
53.25,294,0.6486225423462519,0.2784021914827685,0.5204081632653061,42,27779,1315,0.28716216216216217
53.333333333333336,296,0.6515052696092731,0.28476549726549727,0.527027027027027,49,27828,1315,0.2939189189189189
53.416666666666664,294,0.6564424352344534,0.2866819310696862,0.5340136054421769,56,27884,1317,0.30067567567567566
53.5,295,0.6581205792784421,0.28846397450103284,0.5457627118644067,43,27927,1318,0.30067567567567566
53.583333333333336,294,0.6610419835390849,0.28669671188695744,0.5374149659863946,36,27963,1320,0.30743243243243246
53.666666666666664,295,0.6625331936810975,0.2811986879984582,0.5322033898305085,33,27996,1321,0.31756756756756754
53.75,293,0.6638442245192503,0.2803289997829247,0.5324232081911263,37,28033,1324,0.3310810810810811
53.833333333333336,294,0.6617600380950194,0.26937594750754495,0.5306122448979592,37,28070,1326,0.32094594594594594
53.916666666666664,294,0.6619598979964804,0.26727717704142756,0.5374149659863946,52,28122,1328,0.3141891891891892
54.0,294,0.6622388657765935,0.26846182815319236,0.5340136054421769,50,28172,1330,0.3141891891891892
54.083333333333336,293,0.6614347653371588,0.2690124237880589,0.5426621160409556,37,28209,1333,0.3141891891891892
54.166666666666664,294,0.6594428622259169,0.26759088854318575,0.5374149659863946,50,28259,1335,0.3108108108108108
54.25,292,0.6573656811251993,0.2626478394947084,0.5308219178082192,35,28294,1339,0.3141891891891892
54.333333333333336,295,0.6577872512447311,0.2717850954533763,0.5322033898305085,50,28344,1339,0.30405405405405406
54.416666666666664,294,0.6605413036299056,0.26456871198124843,0.5340136054421769,42,28386,1341,0.30067567567567566
54.5,294,0.6609818131084808,0.27346436092791776,0.5408163265306123,43,28429,1343,0.30405405405405406
54.583333333333336,294,0.6613648305307716,0.2732572119598359,0.5408163265306123,39,28468,1345,0.3108108108108108
54.666666666666664,295,0.6628075879213239,0.27418054638393624,0.535593220338983,42,28510,1346,0.3141891891891892
54.75,290,0.6611634424618013,0.275544503389331,0.5344827586206896,50,28560,1352,0.31756756756756754
54.833333333333336,291,0.6488228554667486,0.2715173619812795,0.5292096219931272,45,28605,1357,0.30405405405405406
54.916666666666664,294,0.6424133224036525,0.27172792249322864,0.5238095238095238,48,28653,1359,0.2905405405405405
55.0,292,0.640714926560707,0.26506818904079177,0.5068493150684932,45,28698,1363,0.28378378378378377
55.083333333333336,296,0.6392794894014493,0.26991417928917927,0.5168918918918919,47,28745,1363,0.28040540540540543
55.166666666666664,293,0.6428698263631041,0.26854133796584073,0.5187713310580204,39,28784,1366,0.28716216216216217
55.25,289,0.6397308771496623,0.2617455212461775,0.5155709342560554,52,28836,1372,0.2972972972972973
55.333333333333336,294,0.6290097037152106,0.2501670479415026,0.5136054421768708,50,28886,1374,0.2905405405405405
55.416666666666664,294,0.6290909770080386,0.25521734533873874,0.5034013605442177,43,28929,1376,0.2972972972972973
55.5,294,0.6293620880483827,0.2582334237946483,0.5068027210884354,45,28974,1378,0.30067567567567566
55.583333333333336,291,0.6258576718749822,0.2647862542192439,0.49828178694158076,43,29017,1383,0.2972972972972973
55.666666666666664,294,0.6198171646064532,0.26954057879462523,0.5,45,29062,1385,0.28378378378378377
55.75,293,0.6189112333393328,0.27944697542202546,0.5085324232081911,36,29098,1388,0.27702702702702703
55.833333333333336,295,0.6186736239228727,0.28692679292913076,0.5084745762711864,44,29142,1389,0.2702702702702703
55.916666666666664,293,0.6201425871611355,0.28798152960504375,0.515358361774744,42,29184,1392,0.2702702702702703
56.0,293,0.6174601591653822,0.2983450095077729,0.5085324232081911,42,29226,1395,0.2635135135135135
56.083333333333336,295,0.6173879985378521,0.29042583625868257,0.5050847457627119,46,29272,1396,0.26013513513513514
56.166666666666664,290,0.6150736567429439,0.2981625370269841,0.5,33,29305,1402,0.26013513513513514
56.25,295,0.6089058271977471,0.29817185671656743,0.49491525423728816,30,29335,1403,0.24662162162162163
56.333333333333336,296,0.6144345831666015,0.30565414315414313,0.5033783783783784,34,29369,1403,0.25675675675675674
56.416666666666664,295,0.6208671508386355,0.29855538967719375,0.5084745762711864,39,29408,1404,0.2668918918918919
56.5,293,0.6226333071691781,0.30936058600199284,0.515358361774744,45,29453,1407,0.2668918918918919
56.583333333333336,296,0.6239368750747627,0.2993327052649087,0.5135135135135135,45,29498,1407,0.26013513513513514
56.666666666666664,296,0.6315502592252181,0.29073996573996574,0.5135135135135135,47,29545,1407,0.2668918918918919
56.75,294,0.6367726964079226,0.29875533574513163,0.5272108843537415,47,29592,1409,0.2702702702702703
56.833333333333336,292,0.6385735691444808,0.2990191600636806,0.5308219178082192,43,29635,1412,0.27364864864864863
56.916666666666664,294,0.6350303391593927,0.300707012186604,0.5238095238095238,37,29672,1414,0.2635135135135135
57.0,295,0.6370639019846528,0.2913422923592415,0.5254237288135594,53,29725,1415,0.2668918918918919
57.083333333333336,295,0.6413018690003697,0.2899223657698234,0.5288135593220339,36,29761,1416,0.2702702702702703
57.166666666666664,296,0.6467315649777847,0.2969207969207969,0.5337837837837838,48,29809,1416,0.27364864864864863
57.25,294,0.6518921017629435,0.28240164974858856,0.5374149659863946,44,29853,1418,0.2905405405405405
57.333333333333336,295,0.6537248582957301,0.2753446647514444,0.5389830508474577,49,29902,1419,0.2939189189189189
57.416666666666664,294,0.6565230176234239,0.2670549974825133,0.54421768707483,52,29954,1421,0.2972972972972973
57.5,295,0.6582903010884695,0.27627421640537175,0.5559322033898305,56,30010,1422,0.2939189189189189
57.583333333333336,291,0.657646667411042,0.2937628151157045,0.5567010309278351,52,30062,1427,0.2939189189189189
57.666666666666664,293,0.6503772650737517,0.28038412198374935,0.5494880546075085,41,30103,1430,0.2905405405405405
57.75,293,0.6475910086195146,0.2789925673296275,0.5392491467576792,37,30140,1433,0.28378378378378377
57.833333333333336,294,0.6461528023106551,0.2729618174199455,0.5306122448979592,44,30184,1435,0.28716216216216217
57.916666666666664,293,0.6455977422657891,0.2795523778458932,0.5221843003412969,40,30224,1438,0.2939189189189189
58.0,295,0.6452868471078866,0.28540854625600387,0.5220338983050847,43,30267,1439,0.28716216216216217
58.083333333333336,295,0.6493801461201372,0.27823549332023906,0.5152542372881356,43,30310,1440,0.2905405405405405
58.166666666666664,294,0.6523623749706919,0.2903525707097136,0.5204081632653061,40,30350,1442,0.2972972972972973
58.25,293,0.6519101364179058,0.28425285370677866,0.5221843003412969,38,30388,1445,0.2939189189189189
58.333333333333336,293,0.6492198857759064,0.2887005516817407,0.5119453924914675,37,30425,1448,0.28716216216216217
58.416666666666664,294,0.6484462178729656,0.2894210254141436,0.5068027210884354,39,30464,1450,0.2939189189189189
58.5,296,0.6513828546513147,0.2929218271514783,0.5101351351351351,50,30514,1450,0.2939189189189189
58.583333333333336,296,0.6587465671928241,0.29858563594028714,0.5135135135135135,38,30552,1450,0.30405405405405406
58.666666666666664,295,0.6648819926842748,0.29265619174763835,0.5220338983050847,45,30597,1451,0.32432432432432434
58.75,294,0.6675245545037364,0.2981312116753503,0.5204081632653061,47,30644,1453,0.3310810810810811
58.833333333333336,294,0.6677106868364578,0.3103026758876308,0.5340136054421769,44,30688,1455,0.33783783783783783
58.916666666666664,294,0.6678725636342143,0.30459688706039667,0.5306122448979592,35,30723,1457,0.3310810810810811
59.0,292,0.6658128536006469,0.3030227516949951,0.5308219178082192,44,30767,1461,0.33783783783783783
59.083333333333336,294,0.6617905239320817,0.2898787570124138,0.5272108843537415,41,30808,1463,0.3310810810810811
59.166666666666664,296,0.6641891456435705,0.2956945456945457,0.5304054054054054,50,30858,1463,0.3277027027027027
59.25,293,0.6677166569072739,0.31590680872486215,0.5426621160409556,43,30901,1466,0.34459459459459457
59.333333333333336,295,0.6666278337770677,0.31212187189393503,0.5661016949152542,47,30948,1467,0.34459459459459457
59.416666666666664,294,0.6688635488206092,0.328419268848544,0.5714285714285714,46,30994,1469,0.34797297297297297
59.5,294,0.6688756557200694,0.3361950625937255,0.5782312925170068,50,31044,1471,0.34459459459459457
59.583333333333336,295,0.6700243468912339,0.33307244122849033,0.5728813559322034,48,31092,1472,0.34459459459459457
59.666666666666664,293,0.6712193231769495,0.3292822796441721,0.5665529010238908,41,31133,1475,0.34459459459459457
59.75,296,0.6712540058402994,0.3215327588172416,0.5574324324324325,40,31173,1475,0.33783783783783783
59.833333333333336,294,0.6764068578202523,0.30931524199469307,0.564625850340136,44,31217,1477,0.35135135135135137
59.916666666666664,294,0.6764622203856817,0.3023646151461071,0.5544217687074829,41,31258,1479,0.34797297297297297
60.0,292,0.6742411737465521,0.30308861610231475,0.547945205479452,44,31302,1483,0.35135135135135137
60.083333333333336,294,0.669598058849104,0.3058350946106048,0.5544217687074829,46,31348,1485,0.34797297297297297
60.166666666666664,289,0.6638499895423549,0.3108992506916382,0.5363321799307958,50,31398,1492,0.34459459459459457
60.25,294,0.6526554594897691,0.3097733615590758,0.5272108843537415,41,31439,1494,0.32432432432432434
60.333333333333336,296,0.6551268702183665,0.30260619603839944,0.5337837837837838,42,31481,1494,0.32432432432432434
60.416666666666664,294,0.6599262258036728,0.30076131319645677,0.5374149659863946,51,31532,1496,0.33783783783783783
60.5,292,0.6579066028399084,0.2992736902186635,0.5342465753424658,46,31578,1500,0.3310810810810811
60.583333333333336,293,0.6524941547451125,0.2866683184089327,0.5358361774744027,54,31632,1503,0.3277027027027027
60.666666666666664,295,0.6517003051718857,0.29446713330080176,0.5288135593220339,38,31670,1504,0.32432432432432434
60.75,293,0.6531046394678561,0.2885256757472874,0.5119453924914675,44,31714,1507,0.32432432432432434
60.833333333333336,291,0.6477437598828135,0.29283309250983547,0.5051546391752577,42,31756,1512,0.32094594594594594
60.916666666666664,294,0.6416049029241734,0.2961917995191591,0.5170068027210885,37,31793,1514,0.30743243243243246
61.0,293,0.6409248204096517,0.2889545993347335,0.5187713310580204,50,31843,1517,0.30405405405405406
61.083333333333336,293,0.6415339915947456,0.2850701447676851,0.5187713310580204,39,31882,1519,0.30405405405405406
61.166666666666664,295,0.6412432695978122,0.28816581788235796,0.511864406779661,45,31927,1520,0.30405405405405406
61.25,293,0.6428116251797552,0.28725811541511204,0.5051194539249146,42,31969,1523,0.3108108108108108
61.333333333333336,294,0.6412147626613698,0.2746004529405099,0.5034013605442177,47,32016,1525,0.3108108108108108
61.416666666666664,294,0.6417760325243033,0.275925469571649,0.5204081632653061,59,32075,1527,0.3108108108108108
61.5,293,0.6411232088446899,0.27711789207344406,0.5187713310580204,49,32124,1530,0.3108108108108108
61.583333333333336,294,0.6395618797708787,0.27638513839866474,0.5068027210884354,42,32166,1532,0.3108108108108108
61.666666666666664,295,0.6413495373395297,0.2804954932073576,0.5254237288135594,48,32214,1533,0.30743243243243246
61.75,291,0.640542816436797,0.29673247714484824,0.5223367697594502,42,32256,1538,0.3108108108108108
61.833333333333336,295,0.6359607101750211,0.3010641147929284,0.5288135593220339,53,32309,1539,0.30067567567567566
61.916666666666664,295,0.640011333259892,0.30283467944484893,0.5288135593220339,35,32344,1540,0.30405405405405406
62.0,292,0.640492824310957,0.29292686005014773,0.5273972602739726,48,32392,1544,0.30405405405405406
62.083333333333336,294,0.6368974634097754,0.2887361315932745,0.5204081632653061,48,32440,1546,0.2939189189189189
62.166666666666664,290,0.6360430298422456,0.28218674046260256,0.5172413793103449,35,32475,1551,0.30405405405405406
62.25,296,0.6305860862786279,0.28851116976116975,0.5168918918918919,42,32517,1551,0.2939189189189189
62.333333333333336,292,0.6330170628951742,0.2967735841023512,0.5136986301369864,42,32559,1555,0.30067567567567566
62.416666666666664,293,0.6283314841057503,0.3089415798460167,0.515358361774744,29,32588,1558,0.2905405405405405
62.5,295,0.6282412535316855,0.2995591414235482,0.511864406779661,37,32625,1559,0.2939189189189189
62.583333333333336,290,0.6261603916781643,0.3107482255019201,0.5103448275862069,44,32669,1565,0.2939189189189189
62.666666666666664,293,0.6172867637355526,0.3170057744411718,0.515358361774744,44,32713,1568,0.27364864864864863
62.75,295,0.6174818670235687,0.31253870288979246,0.511864406779661,44,32757,1569,0.27364864864864863
62.833333333333336,294,0.6207798751448906,0.3142338751303766,0.5136054421768708,46,32803,1571,0.28378378378378377
62.916666666666664,295,0.6232051804096355,0.3131984211645229,0.511864406779661,42,32845,1572,0.28378378378378377
63.0,296,0.6289737772281454,0.30408831033831035,0.5202702702702703,42,32887,1572,0.28378378378378377
63.083333333333336,296,0.6368996729549383,0.30034252534252537,0.5236486486486487,35,32922,1572,0.28716216216216217
63.166666666666664,291,0.6390191614316363,0.3085774957619963,0.5257731958762887,38,32960,1577,0.28716216216216217
63.25,295,0.6347669817841136,0.29244291522491406,0.5220338983050847,46,33006,1578,0.28716216216216217
63.333333333333336,294,0.6378788784089052,0.3033207347686588,0.5374149659863946,46,33052,1580,0.28378378378378377
63.416666666666664,293,0.6377711703724823,0.29387639317908826,0.5255972696245734,42,33094,1583,0.28040540540540543
63.5,295,0.6379381229916996,0.29021814343848246,0.5322033898305085,46,33140,1584,0.28040540540540543
63.583333333333336,294,0.6411702962142805,0.288135220788282,0.5340136054421769,49,33189,1586,0.28378378378378377
63.666666666666664,291,0.6390350306751483,0.28635118086517203,0.5360824742268041,36,33225,1591,0.28040540540540543
63.75,295,0.6357228977769996,0.2889605014302351,0.535593220338983,42,33267,1592,0.27702702702702703
63.833333333333336,293,0.6395401386369134,0.2925762411379184,0.5221843003412969,43,33310,1595,0.27702702702702703
63.916666666666664,293,0.637241778671403,0.28350804350316783,0.5221843003412969,40,33350,1598,0.2702702702702703
64.0,292,0.6338794297444633,0.28164873558709175,0.5171232876712328,35,33385,1602,0.2635135135135135
64.08333333333333,293,0.6293917227479285,0.28500857314850486,0.49829351535836175,38,33423,1605,0.25675675675675674
64.16666666666667,292,0.6292823951157812,0.2940334874410217,0.4965753424657534,43,33466,1608,0.25675675675675674
64.25,295,0.6274310584636901,0.2824680780612984,0.4915254237288136,41,33507,1609,0.25675675675675674
64.33333333333333,294,0.6306713124383113,0.28330605524483077,0.5034013605442177,52,33559,1611,0.26013513513513514
64.41666666666667,294,0.6319232224230024,0.2838459065499882,0.5,52,33611,1613,0.25675675675675674
64.5,296,0.6356343903588765,0.27409202096702096,0.5033783783783784,49,33660,1613,0.2533783783783784
64.58333333333333,296,0.6436558393009459,0.28144995823567254,0.5101351351351351,43,33703,1613,0.2635135135135135
64.66666666666667,292,0.6469205044891946,0.28109199454600625,0.5136986301369864,40,33743,1617,0.2702702702702703
64.75,291,0.6431031012888605,0.2935076936917879,0.5085910652920962,38,33781,1622,0.2635135135135135
64.83333333333333,294,0.6373511227106617,0.2849435698196631,0.5034013605442177,47,33828,1624,0.2635135135135135
64.91666666666667,293,0.6370160706071858,0.2797032887476573,0.5085324232081911,45,33873,1627,0.2668918918918919
65.0,295,0.6370530897396786,0.27841373315949586,0.5016949152542373,43,33916,1628,0.27702702702702703
65.08333333333333,291,0.636301754949677,0.28927989193544595,0.5085910652920962,35,33951,1633,0.2905405405405405
65.16666666666667,296,0.6331144335591792,0.2959019909812338,0.5067567567567568,49,34000,1633,0.28716216216216217
65.25,294,0.6387799814480484,0.29237232613989894,0.5068027210884354,37,34037,1635,0.2972972972972973
65.33333333333333,294,0.6394890530863206,0.2917811467221889,0.5238095238095238,46,34083,1637,0.30743243243243246
65.41666666666667,294,0.6400061648735204,0.28956266743916287,0.5272108843537415,48,34131,1639,0.31756756756756754
65.5,295,0.6416372345770961,0.28889606524949263,0.5288135593220339,59,34190,1640,0.3277027027027027
65.58333333333333,294,0.6440502996588021,0.2836496971336621,0.5238095238095238,42,34232,1642,0.33783783783783783
65.66666666666667,293,0.6430745332644395,0.2856636862243883,0.5324232081911263,46,34278,1645,0.33783783783783783
65.75,291,0.6373052192598401,0.2849562876440638,0.5292096219931272,54,34332,1650,0.34459459459459457
65.83333333333333,292,0.6288361223754136,0.2813985169538007,0.5205479452054794,46,34378,1654,0.3277027027027027
65.91666666666667,295,0.6260201088978867,0.28952121190619984,0.5186440677966102,27,34405,1655,0.31756756756756754
66.0,294,0.6284865021185343,0.3039889154685073,0.5238095238095238,55,34460,1657,0.31756756756756754
66.08333333333333,295,0.6301914713726369,0.3014014039839952,0.5220338983050847,41,34501,1658,0.32432432432432434
66.16666666666667,294,0.63269503697318,0.3011445278653857,0.5170068027210885,43,34544,1660,0.32432432432432434
66.25,291,0.6293163785604109,0.2935085625152024,0.5051546391752577,30,34574,1665,0.32094594594594594
66.33333333333333,293,0.6221788753045459,0.30144877843148216,0.49829351535836175,36,34610,1668,0.31756756756756754
66.41666666666667,296,0.6228961496280565,0.2850716756966757,0.49324324324324326,43,34653,1668,0.3108108108108108
66.5,296,0.6301518646904516,0.2825872513372513,0.4966216216216216,44,34697,1668,0.31756756756756754
66.58333333333333,294,0.6349956856533865,0.27945136873708304,0.5034013605442177,37,34734,1670,0.32432432432432434
66.66666666666667,293,0.6342585450612958,0.2683018536260857,0.5051194539249146,37,34771,1673,0.32094594594594594
66.75,295,0.6338029027142593,0.26351120630781644,0.49830508474576274,37,34808,1674,0.32094594594594594
66.83333333333333,293,0.6351514375937083,0.2572579297835271,0.4948805460750853,40,34848,1677,0.31756756756756754
66.91666666666667,295,0.6346740366127013,0.26291873851195885,0.49491525423728816,45,34893,1678,0.3141891891891892
67.0,296,0.639661294140655,0.254898508023508,0.49324324324324326,32,34925,1678,0.32094594594594594
67.08333333333333,296,0.6467322168006359,0.2707632551382551,0.5,35,34960,1678,0.3310810810810811
67.16666666666667,294,0.6514451175356889,0.27150381742218477,0.5034013605442177,43,35003,1680,0.3344594594594595
67.25,295,0.6528614259054436,0.25687100093879756,0.49830508474576274,37,35040,1681,0.3344594594594595
67.33333333333333,295,0.6563748223815913,0.2570834438631049,0.49830508474576274,49,35089,1682,0.34121621621621623
67.41666666666667,295,0.6598726313548939,0.2578831996628607,0.5016949152542373,42,35131,1683,0.34797297297297297
67.5,293,0.6610346862051607,0.2550345653587974,0.5085324232081911,48,35179,1686,0.34797297297297297
67.58333333333333,292,0.6565402352778911,0.2653470007922063,0.5136986301369864,45,35224,1690,0.33783783783783783
67.66666666666667,292,0.6496651012191741,0.25767425084525153,0.5,38,35262,1694,0.33783783783783783
67.75,295,0.6498863087729713,0.2595564883901569,0.5050847457627119,39,35301,1694,0.3277027027027027
67.83333333333333,293,0.6510643865679973,0.26451689906202425,0.5085324232081911,43,35344,1697,0.3310810810810811
67.91666666666667,291,0.6489640431652228,0.2583895768807528,0.5085910652920962,41,35385,1701,0.3277027027027027
68.0,292,0.6401920373298355,0.25619403427622606,0.5,37,35422,1705,0.31756756756756754
68.08333333333333,294,0.6361156842747209,0.26822334883559373,0.4965986394557823,33,35455,1707,0.30743243243243246
68.16666666666667,294,0.6366299301629694,0.27383511235552055,0.4965986394557823,34,35489,1709,0.30743243243243246
68.25,294,0.637224227875378,0.26993702631457733,0.5034013605442177,36,35525,1711,0.30743243243243246
68.33333333333333,294,0.6378081308180701,0.27278629344955874,0.4965986394557823,36,35561,1713,0.30743243243243246
68.41666666666667,294,0.6384007996525115,0.2818442234258561,0.4965986394557823,33,35594,1715,0.30743243243243246
68.5,293,0.6377583062340769,0.28142098705238633,0.4948805460750853,28,35622,1718,0.3141891891891892
68.58333333333333,291,0.6326310029207856,0.28399557677908194,0.4845360824742268,38,35660,1723,0.3141891891891892
68.66666666666667,294,0.6264993929736984,0.27829216189274497,0.47959183673469385,32,35692,1725,0.30743243243243246
68.75,291,0.6231321820059306,0.2835582979176499,0.47079037800687284,32,35724,1730,0.30743243243243246
68.83333333333333,292,0.614831247377689,0.2697317223980629,0.4657534246575342,37,35761,1734,0.2905405405405405
68.91666666666667,294,0.6114176954000389,0.25650351025715457,0.46938775510204084,41,35802,1736,0.28040540540540543
69.0,294,0.6125295590732868,0.268062613395377,0.47619047619047616,44,35846,1738,0.27702702702702703
69.08333333333333,294,0.6141623955792403,0.25953703299119474,0.47959183673469385,36,35882,1740,0.28040540540540543
69.16666666666667,294,0.6150891127981128,0.26274245784384986,0.48299319727891155,34,35916,1742,0.27702702702702703
69.25,296,0.6186815248672293,0.26915265102700664,0.49324324324324326,40,35956,1742,0.27364864864864863
69.33333333333333,296,0.6264813826156701,0.2676417289803703,0.5101351351351351,40,35996,1742,0.27702702702702703
69.41666666666667,291,0.6279919851745601,0.2552152110694084,0.5154639175257731,42,36038,1747,0.28378378378378377
69.5,293,0.6212322980133816,0.2526328051925322,0.5085324232081911,35,36073,1750,0.27364864864864863
69.58333333333333,293,0.6187031456889992,0.24900788111360378,0.5051194539249146,38,36111,1753,0.2702702702702703
69.66666666666667,291,0.6148800591957959,0.2561399035129213,0.49828178694158076,39,36150,1758,0.2668918918918919
69.75,294,0.6096102756354395,0.2578898662590777,0.4931972789115646,42,36192,1760,0.26013513513513514
69.83333333333333,293,0.6093252182638992,0.26538647651462727,0.48464163822525597,37,36229,1763,0.26013513513513514
69.91666666666667,294,0.6084131129229193,0.2661567066450448,0.48299319727891155,42,36271,1765,0.25675675675675674
70.0,295,0.6125757422971596,0.2669987343837223,0.47796610169491527,42,36313,1766,0.26013513513513514
70.08333333333333,293,0.614392153049883,0.26530738885687694,0.48464163822525597,47,36360,1769,0.2635135135135135
70.16666666666667,293,0.6119934248787307,0.2576000317467894,0.47440273037542663,34,36394,1772,0.2668918918918919
70.25,295,0.6121415119527962,0.24920846573388947,0.47796610169491527,40,36434,1773,0.26013513513513514
70.33333333333333,293,0.6138563472428294,0.2449262815303771,0.48464163822525597,35,36469,1776,0.2668918918918919
70.41666666666667,294,0.6128983428263677,0.2540635290635291,0.48299319727891155,33,36502,1778,0.25675675675675674
70.5,296,0.6164744539689612,0.260504173004173,0.48986486486486486,44,36546,1778,0.26013513513513514
70.58333333333333,294,0.6222558877401507,0.2743553593043389,0.4897959183673469,43,36589,1780,0.2702702702702703
70.66666666666667,294,0.6244018204156128,0.2664782968354397,0.48639455782312924,49,36638,1782,0.2702702702702703
70.75,292,0.6224579235688121,0.26817386380742547,0.476027397260274,39,36677,1786,0.28040540540540543
70.83333333333333,293,0.6175571313653048,0.26540455183799894,0.46757679180887374,44,36721,1789,0.2702702702702703
70.91666666666667,294,0.6167724198652493,0.2739301801230021,0.46938775510204084,41,36762,1791,0.2668918918918919
71.0,291,0.6136194499245833,0.2775452023585689,0.46735395189003437,45,36807,1796,0.2668918918918919
71.08333333333333,295,0.6095361734532686,0.26390529562651127,0.46440677966101696,39,36846,1797,0.26013513513513514
71.16666666666667,293,0.6111698408502347,0.2717152409396731,0.46757679180887374,47,36893,1800,0.26013513513513514
71.25,296,0.6126447550175909,0.27706297210607556,0.46283783783783783,36,36929,1800,0.26013513513513514
71.33333333333333,292,0.6151039891996346,0.2742931453813598,0.4657534246575342,38,36967,1804,0.2635135135135135
71.41666666666667,294,0.611883052207223,0.26996569999485454,0.46598639455782315,39,37006,1806,0.25
71.5,291,0.6099883308365265,0.26982489533782,0.4639175257731959,44,37050,1811,0.2533783783783784
71.58333333333333,289,0.5978044933951064,0.2739992407786909,0.4532871972318339,31,37081,1818,0.25
71.66666666666667,294,0.5884998781667966,0.2668344778013522,0.445578231292517,42,37123,1820,0.23648648648648649
71.75,292,0.5867288030707853,0.26923680423916607,0.4452054794520548,47,37170,1824,0.23310810810810811
71.83333333333333,296,0.5869375650516191,0.2561449439682198,0.4527027027027027,36,37206,1824,0.2195945945945946
71.91666666666667,295,0.5942254981216615,0.25366711411095205,0.44745762711864406,39,37245,1825,0.22972972972972974
72.0,294,0.5982132903212901,0.2479305177636205,0.445578231292517,45,37290,1827,0.23986486486486486
72.08333333333333,295,0.6010147422856361,0.24154944834921854,0.44745762711864406,51,37341,1828,0.24324324324324326
72.16666666666667,290,0.5989982409094431,0.2584227933570424,0.4517241379310345,46,37387,1834,0.25
72.25,294,0.5922965391138687,0.26627180421715185,0.4557823129251701,49,37436,1836,0.22972972972972974
72.33333333333333,292,0.590943904699176,0.2670431547143876,0.4520547945205479,49,37485,1840,0.23310810810810811
72.41666666666667,294,0.5885500900894749,0.25700988354049575,0.4387755102040816,39,37524,1842,0.23310810810810811
72.5,296,0.5928885632733973,0.2602847415347415,0.44256756756756754,36,37560,1842,0.23310810810810811
72.58333333333333,295,0.6000287928507737,0.2576045779970847,0.4576271186440678,48,37608,1843,0.23648648648648649
72.66666666666667,294,0.6038626122768541,0.2630131301049668,0.4523809523809524,54,37662,1845,0.23986486486486486
72.75,295,0.6069022003421563,0.2539121612850426,0.46440677966101696,36,37698,1846,0.24662162162162163
72.83333333333333,294,0.6106074990701853,0.2612275951561666,0.48299319727891155,42,37740,1848,0.24662162162162163
72.91666666666667,295,0.6144647144391328,0.2670442551798484,0.49491525423728816,47,37787,1849,0.24662162162162163
73.0,294,0.6180516044946692,0.2687685145021528,0.5068027210884354,55,37842,1851,0.25675675675675674
73.08333333333333,293,0.6199290132931802,0.260912163627828,0.4948805460750853,47,37889,1854,0.26013513513513514
73.16666666666667,292,0.6190417956195547,0.2726093226184541,0.5102739726027398,43,37932,1858,0.25675675675675674
73.25,293,0.614672855179259,0.27167669645420245,0.49146757679180886,46,37978,1861,0.25675675675675674
73.33333333333333,294,0.615185361947871,0.27681195755726234,0.4897959183673469,50,38028,1863,0.2533783783783784
73.41666666666667,294,0.6163742782205939,0.2723034855196358,0.5,46,38074,1865,0.2533783783783784
73.5,293,0.6177843291632621,0.27319643355723316,0.5017064846416383,41,38115,1868,0.25
73.58333333333333,292,0.6149737991252792,0.2694118449500054,0.4931506849315068,53,38168,1872,0.24662162162162163
73.66666666666667,294,0.6137234069860247,0.27196847801804075,0.47619047619047616,51,38219,1874,0.24662162162162163
73.75,296,0.6173439708854788,0.2743806855413998,0.48986486486486486,50,38269,1874,0.25
73.83333333333333,295,0.6239328734544624,0.2861361492959556,0.4847457627118644,53,38322,1875,0.26013513513513514
73.91666666666667,295,0.6283569514638593,0.2788372805564089,0.47796610169491527,54,38376,1876,0.2635135135135135
74.0,296,0.6339879851462642,0.2857746982746983,0.48986486486486486,40,38416,1876,0.2668918918918919
74.08333333333333,296,0.6417613250806734,0.29293850856350856,0.5,41,38457,1876,0.27702702702702703
74.16666666666667,291,0.6434144188331635,0.28675071587442724,0.5051546391752577,47,38504,1881,0.2905405405405405
74.25,294,0.637673077066907,0.29067782180027074,0.5,53,38557,1883,0.28040540540540543
74.33333333333333,295,0.6396807898878781,0.2791192611531595,0.49830508474576274,38,38595,1884,0.28040540540540543
74.41666666666667,293,0.6422940896863869,0.2708633800783971,0.49829351535836175,49,38644,1887,0.28716216216216217
74.5,294,0.6408191508524343,0.26081316642541136,0.4931972789115646,40,38684,1889,0.2939189189189189
74.58333333333333,296,0.6438489693273328,0.264139136014136,0.49324324324324326,52,38736,1889,0.2972972972972973
74.66666666666667,293,0.6476869307262526,0.2585649087355572,0.5085324232081911,54,38790,1892,0.2972972972972973
74.75,290,0.6414986733201967,0.25991054988082335,0.5,58,38848,1898,0.28716216216216217
74.83333333333333,291,0.6317890351998113,0.25884854997012835,0.5017182130584192,50,38898,1903,0.28040540540540543
74.91666666666667,294,0.6258771424878312,0.2652536782814756,0.48639455782312924,37,38935,1905,0.27702702702702703
75.0,294,0.6272787309332808,0.2640679214834739,0.4897959183673469,52,38987,1907,0.28378378378378377
75.08333333333333,294,0.6285597131968536,0.2610595476798855,0.4931972789115646,48,39035,1909,0.2939189189189189
75.16666666666667,295,0.6303727309122575,0.257990756889062,0.49491525423728816,51,39086,1910,0.2972972972972973
75.25,293,0.6318444212724342,0.2597490210677218,0.49829351535836175,48,39134,1913,0.2939189189189189
75.33333333333333,293,0.6302410634381491,0.2547366273181267,0.5017064846416383,52,39186,1916,0.28378378378378377
75.41666666666667,294,0.6286241831897043,0.24657785590227532,0.4897959183673469,51,39237,1918,0.28378378378378377
75.5,294,0.6292922849030704,0.24745211522129185,0.4965986394557823,46,39283,1920,0.27702702702702703
75.58333333333333,292,0.6282178263718868,0.24813641654099852,0.4965753424657534,38,39321,1924,0.27364864864864863
75.66666666666667,293,0.6232947247444415,0.2364798278885604,0.49146757679180886,47,39368,1927,0.27364864864864863
75.75,293,0.6205272515843386,0.24522865297844704,0.48464163822525597,47,39415,1930,0.2635135135135135
75.83333333333333,294,0.6191971669389483,0.2515750881250529,0.47959183673469385,50,39465,1932,0.2533783783783784
75.91666666666667,295,0.6213631864790113,0.25116759887946327,0.47796610169491527,44,39509,1933,0.25675675675675674
76.0,290,0.6193748814255693,0.25172957655432837,0.4724137931034483,44,39553,1939,0.26013513513513514
76.08333333333333,293,0.6104595119484674,0.23658616090076168,0.46757679180887374,44,39597,1942,0.2533783783783784
76.16666666666667,292,0.6065227572093224,0.2437919610836667,0.4657534246575342,48,39645,1946,0.25
76.25,295,0.6081347445540908,0.23985664392165418,0.4711864406779661,37,39682,1946,0.24324324324324326
76.33333333333333,294,0.6112711242852534,0.24665648032994972,0.47619047619047616,39,39721,1948,0.24662162162162163
76.41666666666667,294,0.6123252306403865,0.2492933181708692,0.47278911564625853,49,39770,1950,0.25
76.5,295,0.6146941754551734,0.2403404975438874,0.4711864406779661,39,39809,1951,0.24662162162162163
76.58333333333333,294,0.6191199429002561,0.23555594065798147,0.47959183673469385,36,39845,1953,0.26013513513513514
76.66666666666667,296,0.6224904049282742,0.23966906645478073,0.4797297297297297,41,39886,1953,0.2702702702702703
76.75,294,0.6274495475239698,0.2349444759430182,0.47619047619047616,45,39931,1955,0.28040540540540543
76.83333333333333,294,0.628148184638314,0.24748896061652398,0.47278911564625853,39,39970,1957,0.28716216216216217
76.91666666666667,291,0.6249527990474651,0.24504699026865223,0.46735395189003437,47,40017,1962,0.28378378378378377
77.0,289,0.6126873804473676,0.23505006933900927,0.45674740484429066,44,40061,1969,0.27364864864864863
77.08333333333333,295,0.6041594811849484,0.2342632965635387,0.45084745762711864,41,40102,1970,0.2635135135135135
77.16666666666667,293,0.6064385238014556,0.23444995331879778,0.447098976109215,48,40150,1973,0.2668918918918919
77.25,295,0.6064741211075109,0.24163918809197263,0.45084745762711864,41,40191,1974,0.2668918918918919
77.33333333333333,293,0.6079521234525361,0.24175501079450373,0.45051194539249145,41,40232,1977,0.2635135135135135
77.41666666666667,295,0.6080918913888849,0.24035915926957088,0.4440677966101695,41,40273,1978,0.2533783783783784
77.5,294,0.6110676029946933,0.25364823811074405,0.4557823129251701,49,40322,1980,0.25675675675675674
77.58333333333333,295,0.6133458028060653,0.25186816493835323,0.46779661016949153,33,40355,1981,0.26013513513513514
77.66666666666667,294,0.6163553265547194,0.24806398736910834,0.46598639455782315,46,40401,1983,0.2635135135135135
77.75,296,0.6198613313496469,0.25463137936615987,0.4864864864864865,40,40441,1983,0.2635135135135135
77.83333333333333,295,0.626230584188991,0.2507107380793103,0.4847457627118644,49,40490,1984,0.28040540540540543
77.91666666666667,291,0.6253452693256506,0.24948653866179638,0.48109965635738833,46,40536,1989,0.28040540540540543
78.0,295,0.6209367295406298,0.2497559126372686,0.488135593220339,42,40578,1990,0.27702702702702703
78.08333333333333,295,0.6249497574981023,0.26675520336537284,0.4915254237288136,45,40623,1991,0.28040540540540543
78.16666666666667,295,0.6290968432748798,0.26782550782550785,0.4915254237288136,47,40670,1992,0.28040540540540543
78.25,296,0.6345059096655227,0.266470503970504,0.5,46,40716,1992,0.28040540540540543
78.33333333333333,290,0.6345971841417725,0.27404450913071604,0.49310344827586206,39,40755,1998,0.28716216216216217
78.41666666666667,294,0.6268248083448736,0.25793161864590436,0.4931972789115646,46,40801,2000,0.2702702702702703
78.5,295,0.6287223456345347,0.2741290630273681,0.488135593220339,42,40843,2001,0.2702702702702703
78.58333333333333,293,0.63035864867887,0.26659162826633703,0.48464163822525597,36,40879,2004,0.27364864864864863
78.66666666666667,292,0.6264319142666978,0.26903381186860165,0.4897260273972603,38,40917,2008,0.27364864864864863
78.75,292,0.620506799148687,0.2607747003560655,0.4828767123287671,46,40963,2012,0.2635135135135135
78.83333333333333,295,0.6183835528262318,0.261025755204598,0.4847457627118644,48,41011,2013,0.2635135135135135
78.91666666666667,294,0.6213228498745292,0.26234680884575323,0.47619047619047616,37,41048,2015,0.2668918918918919
79.0,295,0.6235396189542902,0.2671005645435803,0.4915254237288136,48,41096,2016,0.2635135135135135
79.08333333333333,295,0.6278657592850745,0.27395246905732396,0.4847457627118644,40,41136,2017,0.2668918918918919
79.16666666666667,295,0.6322342744590487,0.2732024660893198,0.488135593220339,37,41173,2018,0.2635135135135135
79.25,294,0.6353878734850611,0.27705711711365405,0.4897959183673469,37,41210,2020,0.2635135135135135
79.33333333333333,296,0.6388081134765491,0.2705130736435529,0.5,44,41254,2020,0.26013513513513514
79.41666666666667,294,0.6440308740954406,0.27487121754363136,0.5102040816326531,46,41300,2022,0.28040540540540543
79.5,293,0.6437123606387479,0.2720707051765072,0.5119453924914675,35,41335,2025,0.27702702702702703
79.58333333333333,295,0.643573667880504,0.2747904825870927,0.5152542372881356,50,41385,2026,0.27364864864864863
79.66666666666667,294,0.6467721540087991,0.2631633011735052,0.5170068027210885,46,41431,2028,0.27364864864864863
79.75,291,0.6442779178002498,0.2727684495725733,0.5223367697594502,47,41478,2033,0.28040540540540543
79.83333333333333,293,0.6371351212216231,0.26963376836609404,0.5085324232081911,50,41528,2036,0.2702702702702703
79.91666666666667,291,0.6318927284062837,0.2691593330032211,0.5017182130584192,44,41572,2041,0.2702702702702703
80.0,294,0.6262343521560336,0.27408036872071256,0.5102040816326531,50,41622,2043,0.2635135135135135
80.08333333333333,293,0.6257963119379203,0.2727497084980398,0.5085324232081911,52,41674,2046,0.2668918918918919
80.16666666666667,295,0.6259102853356823,0.2728974123016872,0.5050847457627119,43,41717,2047,0.26013513513513514
80.25,295,0.6305828833190184,0.28128689475896623,0.5084745762711864,49,41766,2048,0.26013513513513514
80.33333333333333,296,0.6362463206988409,0.281348896973897,0.5067567567567568,58,41824,2048,0.2668918918918919
80.41666666666667,294,0.6416204901457877,0.28645799622224677,0.5102040816326531,44,41868,2050,0.2702702702702703
80.5,294,0.6426722698569218,0.2822697996871114,0.5068027210884354,45,41913,2052,0.2635135135135135
80.58333333333333,292,0.6412140816507962,0.28779301971318977,0.5034246575342466,42,41955,2056,0.2635135135135135
80.66666666666667,293,0.636608832728729,0.28263850327225637,0.49146757679180886,40,41995,2059,0.2533783783783784
80.75,294,0.6354335463829096,0.27611793945361857,0.48639455782312924,39,42034,2061,0.24662162162162163
80.83333333333333,293,0.6352453301446659,0.2722142665828673,0.48464163822525597,44,42078,2064,0.24662162162162163
80.91666666666667,296,0.6366547270970585,0.2721615284115284,0.49324324324324326,50,42128,2064,0.23986486486486486
81.0,295,0.6432786395358953,0.2705205521608637,0.4915254237288136,40,42168,2065,0.25
81.08333333333333,294,0.6465306471947873,0.2573579768161049,0.4897959183673469,43,42211,2067,0.26013513513513514
81.16666666666667,296,0.6498853057310279,0.2628651569384328,0.5067567567567568,41,42252,2067,0.26013513513513514
81.25,295,0.6562790562764849,0.2670197037847535,0.5288135593220339,44,42296,2068,0.28040540540540543
81.33333333333333,293,0.6581287249624781,0.2669892302850994,0.5358361774744027,51,42347,2071,0.28378378378378377
81.41666666666667,295,0.6577199742258506,0.27575655982435643,0.535593220338983,53,42400,2072,0.28040540540540543
81.5,293,0.6595400602327123,0.2647626738070424,0.5392491467576792,52,42452,2075,0.28040540540540543
81.58333333333333,292,0.6555532975890661,0.2658823770833691,0.5308219178082192,49,42501,2079,0.28716216216216217
81.66666666666667,292,0.6492137862553656,0.26574243869319847,0.5273972602739726,35,42536,2083,0.28040540540540543
81.75,296,0.6477268070445488,0.2604275135579928,0.5304054054054054,49,42585,2083,0.27364864864864863
81.83333333333333,291,0.6492081169530053,0.26206770511451566,0.5395189003436426,30,42615,2088,0.28378378378378377
81.91666666666667,296,0.6456252714673716,0.2665719978219978,0.5405405405405406,46,42661,2088,0.28716216216216217
82.0,292,0.6480995121593651,0.27768830294515223,0.5376712328767124,49,42710,2092,0.30067567567567566
82.08333333333333,295,0.6456161503406875,0.27690478071834,0.5423728813559322,38,42748,2093,0.28716216216216217
82.16666666666667,294,0.6484841966202377,0.2958104348410471,0.564625850340136,41,42789,2095,0.2939189189189189
82.25,296,0.6516318804702557,0.29962629369956956,0.5675675675675675,54,42843,2095,0.2905405405405405
82.33333333333333,292,0.6544233408048128,0.30159544635808216,0.565068493150685,56,42899,2099,0.30067567567567566
82.41666666666667,294,0.651286576862612,0.30365998357729534,0.5680272108843537,50,42949,2101,0.30067567567567566
82.5,294,0.6517639305639356,0.3113306670132849,0.5714285714285714,60,43009,2103,0.30067567567567566
82.58333333333333,294,0.6523740904924755,0.30497309757513835,0.5612244897959183,45,43054,2105,0.2972972972972973
82.66666666666667,295,0.6541766355323951,0.29785472531235246,0.5661016949152542,48,43102,2106,0.2972972972972973
82.75,289,0.6510400445711191,0.31956967484649146,0.5605536332179931,54,43156,2113,0.30067567567567566
82.83333333333333,291,0.636876589452217,0.31222020629237124,0.5395189003436426,55,43211,2118,0.27702702702702703
82.91666666666667,295,0.6322095338376036,0.3198473560337967,0.5389830508474577,41,43252,2119,0.2702702702702703
83.0,296,0.6375571240644572,0.31655016342516346,0.5472972972972973,52,43304,2119,0.27702702702702703
83.08333333333333,295,0.6437805544515108,0.31596790215434284,0.5559322033898305,50,43354,2120,0.2905405405405405
83.16666666666667,292,0.6441252500612764,0.3163925020945569,0.547945205479452,62,43416,2124,0.30067567567567566
83.25,294,0.6407056655187897,0.30810574400224544,0.5408163265306123,52,43468,2126,0.28716216216216217
83.33333333333333,294,0.6410435916972005,0.29845243030374224,0.5374149659863946,50,43518,2128,0.30067567567567566
83.41666666666667,294,0.6415393302486041,0.2986984175005689,0.5306122448979592,54,43572,2130,0.30405405405405406
83.5,294,0.641792547117333,0.29346615285482114,0.5340136054421769,58,43630,2132,0.3108108108108108
83.58333333333333,291,0.6397680774696128,0.28800737527362613,0.5326460481099656,59,43689,2137,0.30743243243243246
83.66666666666667,290,0.6317925650703811,0.28463754089929116,0.5206896551724138,67,43756,2142,0.30743243243243246
83.75,294,0.6244357526897136,0.28981852258894314,0.5170068027210885,48,43804,2144,0.2939189189189189
83.83333333333333,292,0.6218880464907971,0.28701896364314544,0.5068493150684932,53,43857,2148,0.30743243243243246
83.91666666666667,294,0.6178129498866625,0.2700311973974887,0.5,53,43910,2150,0.2972972972972973
84.0,294,0.6179822701059277,0.2645998090579372,0.5068027210884354,39,43949,2152,0.30405405405405406
84.08333333333333,295,0.6194311921701241,0.26722159229172676,0.5084745762711864,54,44003,2153,0.3141891891891892
84.16666666666667,296,0.6242409892468224,0.26565011597339183,0.5067567567567568,51,44054,2153,0.3108108108108108
84.25,294,0.628690428385121,0.2718184687572443,0.5136054421768708,46,44100,2155,0.3141891891891892
84.33333333333333,295,0.6301954334444355,0.275081020674241,0.511864406779661,42,44142,2156,0.3141891891891892
84.41666666666667,294,0.6333727440743613,0.27845656799738433,0.5136054421768708,44,44186,2158,0.3141891891891892
84.5,293,0.6322305894234443,0.28049064132681883,0.5085324232081911,49,44235,2161,0.31756756756756754
84.58333333333333,296,0.632670976705749,0.2729416510666511,0.5067567567567568,48,44283,2161,0.3141891891891892
84.66666666666667,294,0.6370893608660964,0.27830762397088926,0.5068027210884354,53,44336,2163,0.31756756756756754
84.75,294,0.6373247126528094,0.2849905196843972,0.5,46,44382,2165,0.3141891891891892
84.83333333333333,294,0.6374766510682549,0.2680043541924008,0.4965986394557823,45,44427,2167,0.31756756756756754
84.91666666666667,295,0.6389151416854536,0.278543625815551,0.49830508474576274,43,44470,2168,0.3141891891891892
85.0,293,0.6400683087062178,0.28454797378079943,0.49829351535836175,43,44513,2171,0.32094594594594594
85.08333333333333,294,0.6380414683499684,0.2860151129546297,0.5034013605442177,43,44556,2173,0.32432432432432434
85.16666666666667,295,0.6393629780376953,0.2810122538209705,0.5050847457627119,48,44604,2174,0.32094594594594594
85.25,294,0.6416988834642029,0.2887648443770893,0.5068027210884354,43,44647,2176,0.32432432432432434
85.33333333333333,295,0.6430939789640129,0.2906715513202947,0.5016949152542373,44,44691,2177,0.32094594594594594
85.41666666666667,292,0.6430108979810225,0.2941003067420167,0.4931506849315068,40,44731,2181,0.32094594594594594
85.5,294,0.6388774031630859,0.27929184578551225,0.4897959183673469,38,44769,2183,0.30743243243243246
85.58333333333333,295,0.6403398597776143,0.2838232126338497,0.4847457627118644,27,44796,2184,0.3108108108108108
85.66666666666667,293,0.6416777052769407,0.27802857824090926,0.4812286689419795,39,44835,2187,0.30743243243243246
85.75,293,0.6386929541467962,0.2682574241478096,0.4709897610921502,37,44872,2190,0.30743243243243246
85.83333333333333,292,0.6358349961388826,0.2811694953848479,0.4657534246575342,30,44902,2194,0.3108108108108108
85.91666666666667,295,0.6329000134427827,0.28459723655599084,0.4610169491525424,37,44939,2195,0.32094594594594594
86.0,294,0.6352635119242351,0.2759546356929862,0.46598639455782315,32,44971,2197,0.31756756756756754
86.08333333333333,294,0.6356566935516544,0.27963432038579045,0.46258503401360546,46,45017,2199,0.3141891891891892
86.16666666666667,294,0.6361258333025938,0.2741887833076003,0.46258503401360546,48,45065,2201,0.3108108108108108
86.25,293,0.6352778911126137,0.27041291094745656,0.46075085324232085,49,45114,2204,0.3141891891891892
86.33333333333333,295,0.6347582342845064,0.2646795674615663,0.4542372881355932,43,45157,2205,0.30743243243243246
86.41666666666667,290,0.6323739610139562,0.26674225233083737,0.44482758620689655,39,45196,2211,0.30743243243243246
86.5,295,0.6255797771894791,0.26309590630163393,0.45084745762711864,34,45230,2212,0.28716216216216217
86.58333333333333,295,0.6295119432176608,0.268103553696774,0.4610169491525424,35,45265,2213,0.2905405405405405
86.66666666666667,295,0.6335608419827498,0.26471795624337996,0.46779661016949153,45,45310,2214,0.2939189189189189
86.75,295,0.6410180641713489,0.26285317319215623,0.47796610169491527,45,45355,2214,0.2972972972972973
86.83333333333333,293,0.6427671452890801,0.2524913652900001,0.4778156996587031,49,45404,2217,0.30067567567567566
86.91666666666667,296,0.6435716935431549,0.2589464780197539,0.4831081081081081,38,45442,2217,0.2972972972972973
87.0,291,0.6448718280654454,0.25921176984987865,0.47766323024054985,43,45485,2222,0.30067567567567566
87.08333333333333,293,0.6377242593923149,0.2631911133470507,0.47440273037542663,33,45518,2225,0.28378378378378377
87.16666666666667,294,0.636175542739491,0.2810959829520702,0.47959183673469385,40,45558,2227,0.28040540540540543
87.25,295,0.63813264130991,0.26984103499591516,0.49491525423728816,35,45593,2228,0.27702702702702703
87.33333333333333,294,0.6410555460864228,0.26813996554881675,0.5034013605442177,42,45635,2230,0.28378378378378377
87.41666666666667,292,0.6394023280281265,0.274154144417068,0.5034246575342466,36,45671,2234,0.28716216216216217
87.5,296,0.638263821043381,0.26985333413904844,0.5135135135135135,46,45717,2234,0.28378378378378377
87.58333333333333,295,0.6445469855597675,0.2775530106159646,0.5254237288135594,48,45765,2235,0.2905405405405405
87.66666666666667,294,0.647612952387121,0.28180012407417654,0.5238095238095238,46,45811,2237,0.2939189189189189
87.75,290,0.6435424918974324,0.277459379700759,0.5206896551724138,49,45860,2243,0.2939189189189189
87.83333333333333,296,0.6380657302515264,0.2680596993096993,0.5236486486486487,35,45895,2243,0.27702702702702703
87.91666666666667,293,0.6420364953283326,0.2792428087649931,0.5290102389078498,43,45938,2246,0.28378378378378377
88.0,293,0.6396242814823672,0.262151282543774,0.5255972696245734,46,45984,2249,0.27702702702702703
88.08333333333333,295,0.6396514405508437,0.2845770993082507,0.5254237288135594,47,46031,2250,0.2702702702702703
88.16666666666667,295,0.6440953351280586,0.29751935479287905,0.5389830508474577,43,46074,2251,0.27364864864864863
88.25,296,0.6497485001999506,0.291556998130274,0.5405405405405406,52,46126,2251,0.27702702702702703
88.33333333333333,292,0.6528934476022521,0.29049931265920875,0.5445205479452054,52,46178,2255,0.27702702702702703
88.41666666666667,292,0.6471341114607911,0.2747316705364651,0.523972602739726,43,46221,2259,0.2668918918918919
88.5,295,0.6449328096428323,0.26751297666551904,0.5220338983050847,44,46265,2260,0.2635135135135135
88.58333333333333,292,0.6457612746639682,0.26503281725884464,0.5171232876712328,40,46305,2264,0.2635135135135135
88.66666666666667,294,0.6425621039747146,0.2642521594052206,0.5272108843537415,46,46351,2266,0.2533783783783784
88.75,291,0.6402938950614815,0.27164444947950106,0.5189003436426117,50,46401,2271,0.25675675675675674
88.83333333333333,291,0.6346581078494283,0.2804551309705949,0.5257731958762887,60,46461,2275,0.24662162162162163
88.91666666666667,295,0.630656975548362,0.2790368859012927,0.5220338983050847,65,46526,2276,0.23986486486486486
89.0,295,0.638715279266864,0.2794073628819392,0.5288135593220339,52,46578,2276,0.24662162162162163
89.08333333333333,291,0.6390047023319293,0.2750116435683446,0.5223367697594502,58,46636,2281,0.25
89.16666666666667,294,0.6337340432343924,0.2781566506056302,0.5204081632653061,42,46678,2283,0.24324324324324326
89.25,294,0.6348830174385229,0.3037503690564915,0.5204081632653061,53,46731,2285,0.24662162162162163
89.33333333333333,292,0.6336497715289017,0.29514186014862986,0.5171232876712328,48,46779,2289,0.25
89.41666666666667,293,0.6293115900907078,0.2858945537364186,0.5085324232081911,42,46821,2292,0.24662162162162163
89.5,293,0.6270865423792025,0.28285121011993153,0.5085324232081911,53,46874,2295,0.24324324324324326
89.58333333333333,295,0.6274145413939859,0.2855893421201888,0.511864406779661,38,46912,2296,0.25675675675675674
89.66666666666667,295,0.631990391683072,0.2940759153288747,0.511864406779661,40,46952,2297,0.2533783783783784
89.75,294,0.6354779007203029,0.2858923018604074,0.5136054421768708,41,46993,2299,0.25675675675675674
89.83333333333333,293,0.6355635675358223,0.2825870277493283,0.5119453924914675,35,47028,2302,0.2668918918918919
89.91666666666667,290,0.6302087379349325,0.27557529668112307,0.5,55,47083,2308,0.2635135135135135
90.0,293,0.6211857854838567,0.27184750399177127,0.4948805460750853,39,47122,2311,0.26013513513513514
90.08333333333333,295,0.6211549663237436,0.27606352400681317,0.4915254237288136,42,47164,2312,0.26013513513513514
90.16666666666667,295,0.6254233210760661,0.29611126194410825,0.511864406779661,48,47212,2313,0.27364864864864863
90.25,293,0.6271674591539428,0.2884061145006185,0.5119453924914675,55,47267,2316,0.2702702702702703
90.33333333333333,295,0.6272741069735746,0.2808204225153378,0.5152542372881356,46,47313,2317,0.2635135135135135
90.41666666666667,295,0.6316041078330793,0.2689237974831195,0.5152542372881356,46,47359,2318,0.27364864864864863
90.5,294,0.634786982812999,0.28988616259024425,0.5102040816326531,53,47412,2320,0.27702702702702703
90.58333333333333,293,0.635220240746454,0.2843373444909281,0.5051194539249146,41,47453,2323,0.2702702702702703
90.66666666666667,295,0.6352121650113413,0.29016837824287567,0.5084745762711864,48,47501,2324,0.2702702702702703
90.75,296,0.6407397307996926,0.2850018192314704,0.5101351351351351,34,47535,2324,0.27364864864864863
90.83333333333333,294,0.6460550121484797,0.2826088089080495,0.5170068027210885,50,47585,2326,0.2905405405405405
90.91666666666667,294,0.6473040414031118,0.2879512731061989,0.5170068027210885,48,47633,2328,0.30405405405405406
91.0,294,0.6478335353504954,0.2736686297181924,0.5102040816326531,53,47686,2330,0.31756756756756754
91.08333333333333,294,0.6483563604723644,0.2746256753180951,0.5170068027210885,44,47730,2332,0.3108108108108108
91.16666666666667,294,0.6489727874290748,0.2825247584722803,0.5238095238095238,39,47769,2334,0.3108108108108108
91.25,294,0.6495929896906958,0.27907676224002753,0.5170068027210885,45,47814,2336,0.30743243243243246
91.33333333333333,294,0.650186979041266,0.2712199176484891,0.5204081632653061,43,47857,2338,0.3141891891891892
91.41666666666667,292,0.6484151962022915,0.2701763799366539,0.5273972602739726,43,47900,2342,0.31756756756756754
91.5,293,0.6439350795060622,0.2873053662302809,0.5290102389078498,44,47944,2345,0.3108108108108108
91.58333333333333,294,0.6422597213597016,0.2914911052666155,0.5204081632653061,39,47983,2347,0.31756756756756754
91.66666666666667,293,0.6417116832579003,0.3010743522688915,0.5187713310580204,40,48023,2350,0.3108108108108108
91.75,291,0.640671813974969,0.2963526512735336,0.5154639175257731,38,48061,2354,0.3141891891891892
91.83333333333333,294,0.6347706393629057,0.3204488033806971,0.5102040816326531,43,48104,2356,0.30743243243243246
91.91666666666667,294,0.6354899290236002,0.32655454436253134,0.5102040816326531,41,48145,2358,0.30405405405405406
92.0,295,0.6375739068583033,0.3259445404718224,0.5186440677966102,48,48193,2359,0.30405405405405406
92.08333333333333,295,0.6418190985925302,0.32776887761149265,0.5322033898305085,40,48233,2360,0.30743243243243246
92.16666666666667,293,0.6436613216270187,0.3136537699799523,0.515358361774744,46,48279,2363,0.3141891891891892
92.25,293,0.6410693875196023,0.311386840311755,0.5085324232081911,42,48321,2366,0.3108108108108108
92.33333333333333,292,0.6372254955231424,0.32483578065769847,0.5034246575342466,40,48361,2370,0.30405405405405406
92.41666666666667,296,0.6361760223602609,0.3294716156323299,0.5067567567567568,43,48404,2370,0.30405405405405406
92.5,294,0.6412982249785433,0.3180943287357281,0.5068027210884354,49,48453,2372,0.3141891891891892
92.58333333333333,293,0.6413211622592678,0.31557573879611905,0.5085324232081911,43,48496,2375,0.3141891891891892
92.66666666666667,294,0.6398811329004793,0.3281355073553726,0.5136054421768708,42,48538,2377,0.30743243243243246
92.75,293,0.6393643035884191,0.32808871030932596,0.5119453924914675,53,48591,2380,0.31756756756756754
92.83333333333333,294,0.6384336178619646,0.3298449185035593,0.5136054421768708,48,48639,2382,0.3141891891891892
92.91666666666667,294,0.6390475561299398,0.32423183490213753,0.5136054421768708,40,48679,2384,0.32094594594594594
93.0,293,0.6419738812400974,0.3324183312796941,0.5119453924914675,56,48735,2386,0.31756756756756754
93.08333333333333,296,0.6430691326673502,0.32324551451706623,0.5101351351351351,52,48787,2386,0.3141891891891892
93.16666666666667,293,0.6477329238129427,0.3217258376814691,0.5017064846416383,48,48835,2389,0.32094594594594594
93.25,295,0.6475588250452748,0.31327090853725237,0.5016949152542373,46,48881,2390,0.31756756756756754
93.33333333333333,292,0.649454445200317,0.32803746861966043,0.5034246575342466,39,48920,2394,0.31756756756756754
93.41666666666667,295,0.6469236316197873,0.3198828666625277,0.5084745762711864,50,48970,2395,0.31756756756756754
93.5,293,0.6485741441562831,0.3068844784917556,0.5017064846416383,42,49012,2398,0.31756756756756754
93.58333333333333,293,0.6459862265227416,0.30315734669295147,0.4948805460750853,45,49057,2401,0.3108108108108108
93.66666666666667,295,0.6457818137090219,0.29280913969365563,0.488135593220339,36,49093,2402,0.30405405405405406
93.75,295,0.6500748585408531,0.3042609935684161,0.5016949152542373,45,49138,2403,0.30743243243243246
93.83333333333333,295,0.654406963232093,0.3043779987472087,0.5016949152542373,37,49175,2404,0.3108108108108108
93.91666666666667,296,0.6598572059426442,0.29865392967323223,0.5067567567567568,43,49218,2404,0.3141891891891892
94.0,293,0.6640682767452919,0.30574888051582094,0.5187713310580204,58,49276,2407,0.32094594594594594
94.08333333333333,293,0.6614145564760229,0.3105437822390503,0.5085324232081911,48,49324,2410,0.32094594594594594
94.16666666666667,295,0.6610035109961978,0.31066850545163727,0.5152542372881356,46,49370,2411,0.31756756756756754
94.25,295,0.6650886040800102,0.31668808592537406,0.535593220338983,44,49414,2412,0.3141891891891892
94.33333333333333,296,0.6703800070447542,0.3090942465942466,0.5405405405405406,45,49459,2412,0.3141891891891892
94.41666666666667,294,0.6756838671407268,0.30873720815411776,0.5374149659863946,39,49498,2414,0.3310810810810811
94.5,295,0.677433732203831,0.3053206478751273,0.5389830508474577,51,49549,2415,0.3277027027027027
94.58333333333333,294,0.6803863251748334,0.30632290854594063,0.5408163265306123,46,49595,2417,0.3310810810810811
94.66666666666667,294,0.6809357615471113,0.3131719538425078,0.54421768707483,34,49629,2419,0.3344594594594595
94.75,293,0.6804039234190586,0.3128182763116942,0.5426621160409556,42,49671,2422,0.3344594594594595
94.83333333333333,294,0.6785880092222414,0.30665638081818836,0.54421768707483,55,49726,2424,0.34459459459459457
94.91666666666667,293,0.6779303203878878,0.30284822171706616,0.5460750853242321,43,49769,2427,0.34121621621621623
95.0,294,0.6761260758494689,0.2995805309635985,0.5408163265306123,40,49809,2429,0.33783783783783783
95.08333333333333,295,0.6777437922852091,0.3037595455447044,0.5423728813559322,41,49850,2430,0.3344594594594595
95.16666666666667,295,0.6817781639089071,0.30025059686626415,0.5525423728813559,41,49891,2431,0.3344594594594595
95.25,293,0.6836157076566607,0.2964783888900676,0.5563139931740614,48,49939,2434,0.34459459459459457
95.33333333333333,289,0.6762792664173862,0.3071408691856173,0.5467128027681661,58,49997,2441,0.3344594594594595
95.41666666666667,294,0.665258519647141,0.279175860043207,0.5408163265306123,37,50034,2443,0.32094594594594594
95.5,291,0.662597555069667,0.28052787228044956,0.5292096219931272,44,50078,2448,0.32432432432432434
95.58333333333333,294,0.6569774764513379,0.26626815037893753,0.5306122448979592,43,50121,2450,0.32432432432432434
95.66666666666667,294,0.658067642964056,0.27497813842566027,0.5374149659863946,42,50163,2452,0.32432432432432434
95.75,294,0.6620512695126358,0.2792745600690207,0.5578231292517006,41,50204,2453,0.3344594594594595
95.83333333333333,293,0.6613270220538184,0.2701148112410911,0.5631399317406144,44,50248,2456,0.3310810810810811
95.91666666666667,294,0.6595266327726133,0.2704295043580758,0.5612244897959183,36,50284,2458,0.32432432432432434
96.0,292,0.6580919471339975,0.2756310752233088,0.5582191780821918,41,50325,2462,0.3277027027027027
96.08333333333333,292,0.652241309548898,0.27429859871959944,0.5582191780821918,46,50371,2466,0.32094594594594594
96.16666666666667,291,0.6445769190834439,0.264623434337745,0.5532646048109966,37,50408,2471,0.3108108108108108
96.25,293,0.6373462369427815,0.2651850986726905,0.5426621160409556,53,50461,2474,0.2972972972972973
96.33333333333333,293,0.6345676489646481,0.2618763962620618,0.5358361774744027,47,50508,2477,0.2905405405405405
96.41666666666667,294,0.6331961873069168,0.2623130931804401,0.5374149659863946,51,50559,2479,0.2905405405405405
96.5,294,0.6340100187702434,0.26156320211619755,0.5476190476190477,53,50612,2481,0.28716216216216217
96.58333333333333,291,0.6311147148609016,0.25908923227679465,0.5395189003436426,59,50671,2486,0.28716216216216217
96.66666666666667,293,0.6277321700825887,0.25595086712008436,0.5358361774744027,48,50719,2488,0.28040540540540543
96.75,294,0.6265504950631982,0.2536233796437878,0.5306122448979592,41,50760,2490,0.27364864864864863
96.83333333333333,293,0.6262718809057132,0.24652322217773984,0.5324232081911263,47,50807,2493,0.27702702702702703
96.91666666666667,294,0.6252005098085873,0.25085615307918513,0.5238095238095238,52,50859,2495,0.2702702702702703
97.0,293,0.625006709520817,0.2639253792959303,0.5255972696245734,51,50910,2498,0.2702702702702703
97.08333333333333,292,0.6224373626757607,0.2679346420050921,0.5205479452054794,40,50950,2502,0.2668918918918919
97.16666666666667,296,0.621727542417497,0.2654724157734955,0.5236486486486487,51,51001,2502,0.27364864864864863
97.25,294,0.6269436370428946,0.2699666877746748,0.5272108843537415,50,51051,2504,0.28040540540540543
97.33333333333333,295,0.6292243331663028,0.2632571794067374,0.5254237288135594,47,51098,2505,0.28716216216216217
97.41666666666667,293,0.6309033250029776,0.26032235216722643,0.5187713310580204,53,51151,2508,0.2972972972972973
97.5,295,0.6307570849337506,0.24989142549675236,0.5152542372881356,44,51195,2509,0.2972972972972973
97.58333333333333,293,0.6322043054809557,0.2637522223699698,0.515358361774744,47,51242,2512,0.3108108108108108
97.66666666666667,294,0.630607407564947,0.2657994405443385,0.5102040816326531,51,51293,2514,0.3108108108108108
97.75,295,0.6324123075509698,0.26903435547503346,0.5152542372881356,40,51333,2515,0.3108108108108108
97.83333333333333,294,0.6351972875289847,0.2750892153953378,0.5204081632653061,47,51380,2517,0.3108108108108108
97.91666666666667,295,0.6370033935075037,0.26644412891386254,0.5220338983050847,38,51418,2518,0.32432432432432434
98.0,292,0.6374238230531941,0.26711962749144746,0.5102739726027398,53,51471,2522,0.3310810810810811
98.08333333333333,293,0.6321773243855041,0.2645700593896596,0.49829351535836175,39,51510,2525,0.32432432432432434
98.16666666666667,292,0.6298925279648793,0.2679506729408882,0.4931506849315068,36,51546,2529,0.3141891891891892
98.25,291,0.6221609328671399,0.27157817364002934,0.48109965635738833,42,51588,2534,0.3108108108108108
98.33333333333333,294,0.616220648137195,0.27266912981198693,0.47278911564625853,34,51622,2536,0.30743243243243246
98.41666666666667,294,0.6166840649538861,0.27494857902198255,0.46938775510204084,38,51660,2538,0.30743243243243246
98.5,291,0.6133273059676856,0.2846614264056898,0.46735395189003437,33,51693,2543,0.30405405405405406
98.58333333333333,296,0.6103405768941723,0.2830816627187595,0.46959459459459457,38,51731,2543,0.30067567567567566
98.66666666666667,293,0.6137831624262191,0.29323268691869375,0.46757679180887374,42,51773,2546,0.30067567567567566
98.75,296,0.6150508979026681,0.2838812657778175,0.47297297297297297,43,51816,2546,0.2972972972972973
98.83333333333333,291,0.6160089130045024,0.28167320526901046,0.47079037800687284,41,51857,2551,0.30067567567567566
98.91666666666667,291,0.6064945450552659,0.2728840283230614,0.4536082474226804,49,51906,2556,0.2939189189189189
99.0,290,0.5955488476335828,0.26670053258935544,0.4517241379310345,55,51961,2562,0.28378378378378377
99.08333333333333,294,0.5887869756325366,0.2607440758214861,0.4421768707482993,34,51995,2564,0.2702702702702703
99.16666666666667,292,0.5869071339837323,0.27180489824561627,0.4452054794520548,40,52035,2568,0.27702702702702703
99.25,294,0.5840018798734669,0.26784140547335483,0.4421768707482993,28,52063,2570,0.2702702702702703
99.33333333333333,294,0.5851147204805116,0.26339500153715495,0.4387755102040816,40,52103,2572,0.2668918918918919
99.41666666666667,296,0.5890821923576215,0.2650017464672637,0.4391891891891892,28,52131,2572,0.2668918918918919
99.5,293,0.5929579090942303,0.2651031562294361,0.4402730375426621,48,52179,2575,0.27702702702702703
99.58333333333333,292,0.5895456974347493,0.2761895543573626,0.4417808219178082,37,52216,2579,0.28040540540540543
99.66666666666667,295,0.5912251177514928,0.25969977292011187,0.4542372881355932,36,52252,2579,0.27702702702702703
99.75,295,0.5956059367326523,0.26774152401271045,0.4542372881355932,38,52290,2580,0.27702702702702703
99.83333333333333,293,0.597296812134619,0.26651985670757006,0.447098976109215,40,52330,2583,0.27702702702702703
99.91666666666667,295,0.5976879936511191,0.2646668491583746,0.44745762711864406,37,52367,2584,0.2702702702702703
100.0,293,0.5994437036770929,0.2698974612797138,0.4539249146757679,38,52405,2587,0.2702702702702703
100.08333333333333,293,0.5971884235341333,0.2593706066402312,0.45051194539249145,38,52443,2590,0.26013513513513514
100.16666666666667,295,0.5976770448995571,0.26276294327141786,0.4576271186440678,40,52483,2591,0.25675675675675674
100.25,295,0.6022430913857443,0.2730591442455849,0.4610169491525424,32,52515,2592,0.26013513513513514
100.33333333333333,296,0.608146636507434,0.2693762693762694,0.47297297297297297,43,52558,2592,0.2635135135135135
100.41666666666667,294,0.6137496660580339,0.28557899960961186,0.47278911564625853,47,52605,2594,0.2635135135135135
100.5,296,0.6174622547300033,0.27339287026787024,0.4594594594594595,39,52644,2594,0.2702702702702703
100.58333333333333,291,0.6187981964091176,0.2882281426095859,0.4536082474226804,31,52675,2599,0.27364864864864863
100.66666666666667,295,0.6148136066569317,0.29315208332707265,0.44745762711864406,33,52708,2600,0.2635135135135135
100.75,294,0.6179034628945994,0.29121859811186973,0.4523809523809524,30,52738,2602,0.26013513513513514
100.83333333333333,296,0.6216201833227958,0.28296117359165285,0.4527027027027027,30,52768,2602,0.25675675675675674
100.91666666666667,294,0.6269224627982376,0.29156964572716787,0.46258503401360546,41,52809,2604,0.2668918918918919
101.0,295,0.6291808800725788,0.2938701226745685,0.4711864406779661,41,52850,2605,0.27364864864864863
101.08333333333333,295,0.633385915593055,0.29794694947237316,0.4847457627118644,45,52895,2606,0.28378378378378377
101.16666666666667,295,0.6375459548756666,0.29581332038959157,0.48135593220338985,37,52932,2607,0.28378378378378377
101.25,296,0.6429043647968684,0.29383529383529383,0.5,41,52973,2607,0.28716216216216217
101.33333333333333,290,0.6440907460808063,0.29503327132637475,0.5,36,53009,2613,0.2972972972972973
101.41666666666667,295,0.6371760034326905,0.28388121294900953,0.5016949152542373,38,53047,2614,0.28716216216216217
101.5,294,0.6398727315486742,0.2890241655547778,0.5,45,53092,2616,0.2905405405405405
101.58333333333333,292,0.6388858307834933,0.2849156456177004,0.5,37,53129,2620,0.2905405405405405
101.66666666666667,291,0.6346517295161533,0.2970722290309919,0.5017182130584192,38,53167,2624,0.2905405405405405
101.75,292,0.6294873565197724,0.2953186273391753,0.5,35,53202,2627,0.28378378378378377
101.83333333333333,293,0.6244839723247189,0.29937599044075747,0.5017064846416383,42,53244,2630,0.28040540540540543
101.91666666666667,296,0.6254136218647937,0.29934144919610034,0.5,30,53274,2630,0.27702702702702703
102.0,293,0.6292690524911344,0.296997727823587,0.5017064846416383,44,53318,2633,0.28040540540540543
102.08333333333333,293,0.6265371373445696,0.30581132605698047,0.49829351535836175,42,53360,2636,0.27702702702702703
102.16666666666667,293,0.623774572527379,0.3108911376829465,0.49146757679180886,37,53397,2639,0.27364864864864863
102.25,294,0.622306886631053,0.29735917899183206,0.5,40,53437,2641,0.2668918918918919
102.33333333333333,296,0.6256186267192746,0.28065659003159005,0.5,38,53475,2641,0.2668918918918919
102.41666666666667,295,0.631995886498947,0.2870315936417631,0.5016949152542373,40,53515,2642,0.27364864864864863
102.5,292,0.6325212374249854,0.287440841122348,0.5,50,53565,2646,0.27702702702702703
102.58333333333333,294,0.6290265686247942,0.287052771491547,0.4931972789115646,42,53607,2648,0.27364864864864863
102.66666666666667,294,0.6297120777424621,0.2815641841152045,0.4931972789115646,29,53636,2650,0.27702702702702703
102.75,296,0.6329433278291721,0.29309861562016737,0.5101351351351351,44,53680,2650,0.27702702702702703
102.83333333333333,295,0.639243427466688,0.28658619089110865,0.5152542372881356,42,53722,2651,0.28378378378378377
102.91666666666667,296,0.6446093815168555,0.29486677854904453,0.5168918918918919,57,53779,2651,0.28040540540540543
103.0,291,0.6461336240538678,0.29322922956435726,0.5120274914089347,36,53815,2656,0.28378378378378377
103.08333333333333,294,0.6402548211914316,0.28684386346872526,0.5,42,53857,2658,0.28040540540540543
103.16666666666667,289,0.6381627566647352,0.29026279433791324,0.5017301038062284,61,53918,2664,0.28040540540540543
103.25,296,0.630408672349046,0.280627535861526,0.5067567567567568,52,53970,2664,0.27364864864864863
103.33333333333333,292,0.6326894131033487,0.29366938269571713,0.5171232876712328,42,54012,2668,0.28040540540540543
103.41666666666667,294,0.6290600636182888,0.30070580299920807,0.5306122448979592,56,54068,2670,0.27364864864864863
103.5,295,0.6308419618954838,0.29970116410543896,0.5322033898305085,54,54122,2671,0.27364864864864863
103.58333333333333,292,0.6311391075704559,0.30065877669840485,0.523972602739726,47,54169,2675,0.27364864864864863
103.66666666666667,294,0.6309022157812356,0.29974748283786184,0.5272108843537415,43,54212,2676,0.2702702702702703
103.75,292,0.6290713627012893,0.3105056286415521,0.523972602739726,42,54254,2680,0.2668918918918919
103.83333333333333,295,0.6269340572304405,0.30226296335004693,0.5220338983050847,47,54301,2681,0.25675675675675674
103.91666666666667,294,0.629874533876333,0.29838643059966075,0.5238095238095238,57,54358,2683,0.25675675675675674
104.0,295,0.6321002667145494,0.29740192850111863,0.5322033898305085,49,54407,2684,0.25
104.08333333333333,294,0.6351791531101952,0.2941912291376954,0.5374149659863946,46,54453,2686,0.2533783783783784
104.16666666666667,293,0.6348989196794836,0.2941415415940038,0.5358361774744027,42,54495,2689,0.25675675675675674
104.25,296,0.6361140402924262,0.30594028585100014,0.5405405405405406,46,54541,2689,0.2533783783783784
104.33333333333333,293,0.6401328962099704,0.3071473842804901,0.5426621160409556,43,54584,2692,0.2635135135135135
104.41666666666667,294,0.6388710464517933,0.30473550448040243,0.5340136054421769,34,54618,2694,0.26013513513513514
104.5,295,0.6409670985080327,0.31371910575300405,0.5288135593220339,49,54667,2695,0.26013513513513514
104.58333333333333,295,0.6452371192975735,0.31959985400663365,0.5220338983050847,39,54706,2696,0.2668918918918919
104.66666666666667,295,0.6494174764542814,0.3155250399318196,0.5254237288135594,35,54741,2697,0.28040540540540543
104.75,292,0.6502649533607423,0.3088266851109317,0.5273972602739726,51,54792,2701,0.28378378378378377
104.83333333333333,294,0.6463796974680855,0.2914207485636057,0.5238095238095238,41,54833,2703,0.28378378378378377
104.91666666666667,295,0.6480575746756646,0.29677776470079886,0.5288135593220339,45,54878,2704,0.28716216216216217
105.0,295,0.6519764759299821,0.2969219425568411,0.5220338983050847,40,54918,2705,0.2905405405405405
105.08333333333333,294,0.6547088297064451,0.29284529718203184,0.5238095238095238,44,54962,2707,0.2939189189189189
105.16666666666667,294,0.6552063065730773,0.2948973362238669,0.5204081632653061,38,55000,2709,0.2939189189189189
105.25,295,0.6568709269376657,0.2872299169756797,0.5186440677966102,35,55035,2710,0.28716216216216217
105.33333333333333,290,0.6549588371862718,0.28771978978875534,0.5172413793103449,36,55071,2716,0.2905405405405405
105.41666666666667,293,0.64561068007356,0.2870823620823621,0.5017064846416383,50,55121,2719,0.28040540540540543
105.5,293,0.6438318983275865,0.2876637961962194,0.5085324232081911,39,55160,2722,0.28378378378378377
105.58333333333333,295,0.6433159507055539,0.2729963539285573,0.5016949152542373,40,55200,2723,0.2905405405405405
105.66666666666667,295,0.6471359646175806,0.2630458054186868,0.5152542372881356,42,55242,2724,0.30405405405405406
105.75,294,0.649905984661957,0.28125007079088715,0.5136054421768708,37,55279,2726,0.30405405405405406
105.83333333333333,292,0.6478669101582517,0.2801443609662788,0.5205479452054794,43,55322,2730,0.3108108108108108
105.91666666666667,292,0.6413913975084967,0.278576609909274,0.5136986301369864,36,55358,2734,0.30743243243243246
106.0,295,0.6383945426063403,0.2618166397071799,0.511864406779661,44,55402,2735,0.3108108108108108
106.08333333333333,295,0.6419108590068958,0.28061197775991525,0.5322033898305085,43,55445,2736,0.32094594594594594
106.16666666666667,294,0.6443167146761556,0.28525755328483515,0.5306122448979592,55,55500,2738,0.31756756756756754
106.25,294,0.6445937881841597,0.2765885106872211,0.5306122448979592,46,55546,2740,0.3108108108108108
106.33333333333333,293,0.6436633317435945,0.2743755005583422,0.5290102389078498,37,55583,2743,0.30743243243243246
106.41666666666667,295,0.6429631463435245,0.2700089733871856,0.5220338983050847,54,55637,2744,0.30405405405405406
106.5,292,0.6430414192106408,0.28021843448287936,0.5171232876712328,51,55688,2748,0.30743243243243246
106.58333333333333,293,0.6378700741820406,0.271401111974747,0.5085324232081911,38,55726,2751,0.2972972972972973
106.66666666666667,296,0.6385741058233683,0.26269183879029834,0.5135135135135135,44,55770,2751,0.2905405405405405
106.75,292,0.6410270949347635,0.26745399730208086,0.523972602739726,39,55809,2755,0.2972972972972973
106.83333333333333,294,0.6373110954019752,0.2705238820713336,0.5136054421768708,52,55861,2757,0.28378378378378377
106.91666666666667,295,0.6391610933084826,0.2597240242710728,0.5152542372881356,43,55904,2758,0.28378378378378377
107.0,294,0.6420259715776566,0.26330018308378617,0.5340136054421769,44,55948,2760,0.28378378378378377
107.08333333333333,295,0.6439701938089966,0.2724153718221515,0.5423728813559322,46,55994,2761,0.28040540540540543
107.16666666666667,292,0.6445376046701842,0.27539695844490364,0.5376712328767124,59,56053,2765,0.28040540540540543
107.25,295,0.6421587330952716,0.2785284677657559,0.5322033898305085,60,56113,2766,0.28040540540540543
107.33333333333333,293,0.6438296762016273,0.28532614657675603,0.5426621160409556,47,56160,2769,0.28716216216216217
107.41666666666667,293,0.6411504128613971,0.2762241848297431,0.5358361774744027,56,56216,2772,0.28378378378378377
107.5,295,0.6408916586009049,0.27665874749409863,0.535593220338983,50,56266,2773,0.28040540540540543
107.58333333333333,296,0.6462689946652482,0.2820225891654463,0.5371621621621622,54,56320,2773,0.28378378378378377
107.66666666666667,292,0.6493203018479533,0.276790752463453,0.5376712328767124,54,56374,2777,0.2939189189189189
107.75,294,0.6456092020884446,0.26810732459420505,0.5204081632653061,51,56425,2779,0.2972972972972973
107.83333333333333,292,0.6437849410407778,0.2697298515791666,0.5342465753424658,55,56480,2783,0.2972972972972973
107.91666666666667,293,0.6389029398743641,0.2602994370059216,0.5255972696245734,52,56532,2786,0.2905405405405405
108.0,292,0.6349661157260109,0.2578541973356063,0.5171232876712328,48,56580,2790,0.28378378378378377
108.08333333333333,295,0.6327711272690165,0.2556873056994122,0.5016949152542373,50,56630,2791,0.2702702702702703
108.16666666666667,292,0.6333644666838869,0.2536863142293671,0.4965753424657534,51,56681,2795,0.28040540540540543
108.25,296,0.632531798385518,0.2629339678446821,0.4966216216216216,43,56724,2795,0.27702702702702703
108.33333333333333,291,0.634032312702951,0.2648027704073484,0.49828178694158076,45,56769,2800,0.28716216216216217
108.41666666666667,296,0.6311069425433751,0.25476730444950785,0.4966216216216216,61,56830,2800,0.27364864864864863
108.5,295,0.637543359017582,0.25999094094325353,0.49830508474576274,36,56866,2801,0.2905405405405405
108.58333333333333,291,0.6369136158789976,0.2668160495480083,0.4948453608247423,55,56921,2806,0.30067567567567566
108.66666666666667,293,0.6299576448832847,0.2653598487216235,0.4812286689419795,36,56957,2809,0.2905405405405405
108.75,296,0.631066424656159,0.26547124984624987,0.4831081081081081,38,56995,2809,0.28716216216216217
108.83333333333333,293,0.634932177368185,0.27788672268194453,0.49829351535836175,34,57029,2812,0.2939189189189189
108.91666666666667,294,0.6337121442860975,0.2753715702813947,0.4897959183673469,31,57060,2814,0.28378378378378377
109.0,295,0.6360680563911736,0.276735875476514,0.4915254237288136,52,57112,2815,0.28716216216216217
109.08333333333333,295,0.6403182948530245,0.26481350406261717,0.49491525423728816,52,57164,2816,0.2905405405405405
109.16666666666667,295,0.6446037181479773,0.2688326675733061,0.49491525423728816,51,57215,2817,0.2905405405405405
109.25,292,0.6452820370100923,0.25920121854535677,0.4931506849315068,45,57260,2821,0.2939189189189189
109.33333333333333,292,0.6428295687623341,0.2637056246645288,0.4897260273972603,45,57305,2824,0.2939189189189189
109.41666666666667,294,0.6391268487163839,0.27130441365135244,0.48299319727891155,38,57343,2826,0.2939189189189189
109.5,295,0.641039739113957,0.2704384974723958,0.47796610169491527,30,57373,2827,0.2972972972972973
109.58333333333333,293,0.6428041138286594,0.27662080998258476,0.47440273037542663,47,57420,2830,0.30067567567567566
109.66666666666667,294,0.644794337137385,0.27130329987472845,0.4965986394557823,43,57463,2831,0.30067567567567566
109.75,294,0.6465596910480877,0.26589132744129224,0.5,43,57506,2833,0.2939189189189189
109.83333333333333,293,0.6460849465529819,0.2667453046998769,0.5085324232081911,38,57544,2836,0.2972972972972973
109.91666666666667,292,0.6420937359145742,0.2567020036463825,0.4931506849315068,45,57589,2840,0.30405405405405406
110.0,295,0.6395144930990024,0.2577851257775279,0.49830508474576274,45,57634,2841,0.30743243243243246
110.08333333333333,295,0.6435050846865228,0.2575573017799786,0.5186440677966102,36,57670,2842,0.30743243243243246
110.16666666666667,292,0.6439480532511442,0.2699292149487001,0.5136986301369864,58,57728,2846,0.3141891891891892
110.25,295,0.6413332665360402,0.26491255449432355,0.5152542372881356,33,57761,2847,0.3108108108108108
110.33333333333333,292,0.6418000457330387,0.2672876017257257,0.5068493150684932,45,57806,2851,0.3108108108108108
110.41666666666667,292,0.6355643451277477,0.27620286867417637,0.5068493150684932,41,57847,2855,0.3108108108108108
110.5,295,0.6333196509719253,0.27070483189677036,0.5050847457627119,39,57886,2856,0.30067567567567566
110.58333333333333,294,0.6361121465934375,0.27024435347799175,0.5102040816326531,35,57921,2858,0.30743243243243246
110.66666666666667,295,0.6380763397011244,0.27030770580156904,0.5084745762711864,45,57966,2859,0.30405405405405406
110.75,294,0.6409759322512535,0.2698156624177032,0.5170068027210885,52,58018,2861,0.30067567567567566
110.83333333333333,294,0.641707088339388,0.26626073284236546,0.5204081632653061,38,58056,2863,0.30405405405405406
110.91666666666667,293,0.6411569604790011,0.27050307485461067,0.515358361774744,43,58099,2866,0.30067567567567566
111.0,295,0.6408563393734135,0.2611217595963359,0.511864406779661,38,58137,2867,0.2972972972972973
111.08333333333333,292,0.6412789966350164,0.25440462315462314,0.5171232876712328,38,58175,2871,0.30067567567567566
111.16666666666667,296,0.6400684702247335,0.25432532964860555,0.5202702702702703,40,58215,2871,0.2939189189189189
111.25,292,0.6427552560452282,0.2539497035924764,0.5205479452054794,41,58256,2875,0.2972972972972973
111.33333333333333,295,0.6402783770425245,0.25147905798987036,0.5288135593220339,51,58307,2876,0.2939189189189189
111.41666666666667,296,0.6454062896683305,0.2538196788196788,0.5304054054054054,50,58357,2876,0.30067567567567566
111.5,296,0.6526910892873297,0.25759592322092323,0.5405405405405406,47,58404,2876,0.3108108108108108
111.58333333333333,294,0.6576530006109214,0.2682630672426591,0.5408163265306123,56,58460,2878,0.31756756756756754
111.66666666666667,291,0.6545690811933503,0.2629298059710431,0.5429553264604811,45,58505,2883,0.31756756756756754
111.75,290,0.646794560626946,0.2599663363456467,0.5344827586206896,55,58560,2888,0.31756756756756754
111.83333333333333,294,0.6381942929371235,0.2530430453899842,0.5272108843537415,46,58606,2890,0.3108108108108108
111.91666666666667,296,0.6408825966249031,0.2590826215826216,0.5304054054054054,43,58649,2890,0.30405405405405406
112.0,292,0.6432739546498667,0.26853676194429615,0.5342465753424658,47,58696,2894,0.30405405405405406
112.08333333333333,292,0.6369468871694055,0.2572788988028714,0.5308219178082192,56,58752,2898,0.2905405405405405
112.16666666666667,290,0.6280767725454873,0.252532630205044,0.5172413793103449,53,58805,2904,0.28716216216216217
112.25,295,0.6212251056820159,0.2614815598713904,0.5084745762711864,52,58857,2905,0.27364864864864863
112.33333333333333,292,0.6213354822922417,0.260971534173589,0.5171232876712328,52,58909,2909,0.28378378378378377
112.41666666666667,295,0.6191441332904438,0.26731396663600054,0.5152542372881356,52,58961,2910,0.2702702702702703
112.5,293,0.6206812145405168,0.276134114274046,0.515358361774744,47,59008,2913,0.27364864864864863
112.58333333333333,291,0.6154565482405037,0.2649725513127575,0.49828178694158076,47,59055,2918,0.2668918918918919
112.66666666666667,293,0.6086489775001217,0.26311419903570077,0.49829351535836175,51,59106,2921,0.25675675675675674
112.75,292,0.6050798374341138,0.270334998806893,0.4897260273972603,57,59163,2925,0.25
112.83333333333333,292,0.6026737875878985,0.2738232241679417,0.4863013698630137,54,59217,2928,0.24324324324324326
112.91666666666667,296,0.6023772132189922,0.2737828515955342,0.49324324324324326,43,59260,2928,0.23648648648648649
113.0,296,0.6102778590191187,0.2834720644097471,0.49324324324324326,42,59302,2928,0.24662162162162163
113.08333333333333,295,0.6168898927242569,0.28795726840660424,0.5050847457627119,49,59351,2929,0.2635135135135135
113.16666666666667,295,0.6212848631915212,0.27886065943926847,0.5050847457627119,44,59395,2930,0.2668918918918919
113.25,293,0.6230271855797211,0.27811902735110927,0.5017064846416383,39,59434,2933,0.27364864864864863
113.33333333333333,292,0.6191569877241486,0.27344939149969855,0.4863013698630137,45,59479,2937,0.27364864864864863
113.41666666666667,295,0.6169770574832,0.27015220217148916,0.47796610169491527,44,59523,2938,0.27702702702702703
113.5,294,0.6197954486413173,0.26982187314371625,0.47959183673469385,44,59567,2940,0.28716216216216217
113.58333333333333,294,0.620393866512107,0.2610685044413679,0.48299319727891155,38,59605,2942,0.2905405405405405
113.66666666666667,295,0.6222585937143336,0.2648604207254827,0.4847457627118644,37,59642,2943,0.2905405405405405
113.75,295,0.6262560478966509,0.25415371687768784,0.4745762711864407,49,59691,2944,0.28716216216216217
113.83333333333333,294,0.6290429910885659,0.25819476118309936,0.47278911564625853,40,59731,2946,0.28716216216216217
113.91666666666667,291,0.6258866498209317,0.25756318732093175,0.47766323024054985,54,59785,2951,0.2905405405405405
114.0,293,0.6203328472421049,0.2525290581928931,0.46757679180887374,39,59824,2954,0.27364864864864863
114.08333333333333,293,0.6173871640341922,0.25314348926807506,0.46075085324232085,49,59873,2957,0.28378378378378377
114.16666666666667,292,0.6132096733450526,0.25300891998129055,0.4520547945205479,45,59918,2961,0.28378378378378377
114.25,293,0.6082578766727537,0.25643612170915925,0.45051194539249145,49,59967,2964,0.28040540540540543
114.33333333333333,291,0.6060855468568511,0.2568456362270795,0.43986254295532645,43,60010,2968,0.2905405405405405
114.41666666666667,294,0.6004771315423133,0.25411649008587783,0.4387755102040816,40,60050,2970,0.28040540540540543
114.5,291,0.5970512590908152,0.26096779318428803,0.42955326460481097,38,60088,2975,0.27702702702702703
114.58333333333333,294,0.5917535798271968,0.2608192638804884,0.4387755102040816,52,60140,2977,0.2668918918918919
114.66666666666667,295,0.5939779226585923,0.2672599817222845,0.4406779661016949,41,60181,2978,0.26013513513513514
114.75,295,0.59837979097333,0.2686834261264419,0.4542372881355932,37,60218,2979,0.2702702702702703
114.83333333333333,294,0.6014355858273953,0.26617854999276536,0.4557823129251701,45,60263,2981,0.2702702702702703
114.91666666666667,293,0.6013618986298634,0.2632673362754568,0.4539249146757679,41,60304,2984,0.2702702702702703
115.0,294,0.6001476690619635,0.2615977465467262,0.4489795918367347,46,60350,2986,0.2702702702702703
115.08333333333333,296,0.6036980906762025,0.26808622121122117,0.4560810810810811,41,60391,2986,0.2635135135135135
115.16666666666667,295,0.6101412328052794,0.2693997816586946,0.4542372881355932,44,60435,2987,0.2668918918918919
115.25,294,0.613419773592862,0.26020623297817425,0.4489795918367347,35,60470,2989,0.2635135135135135
115.33333333333333,295,0.615721193861369,0.2586765205238112,0.4440677966101695,40,60510,2990,0.2635135135135135
115.41666666666667,294,0.6187894112043381,0.2612296332362684,0.4421768707482993,42,60552,2992,0.2702702702702703
115.5,294,0.6219139421060931,0.2606370663171709,0.4523809523809524,38,60590,2994,0.27364864864864863
115.58333333333333,295,0.6238754617800961,0.2604129849166169,0.46440677966101696,36,60626,2995,0.2905405405405405
115.66666666666667,293,0.625336880033352,0.2642240201967164,0.4641638225255973,38,60664,2998,0.2972972972972973
115.75,293,0.622587947906947,0.26636099963745014,0.4539249146757679,40,60704,3001,0.2905405405405405
115.83333333333333,295,0.622413431947178,0.25597822985211666,0.4542372881355932,37,60741,3002,0.28716216216216217
115.91666666666667,295,0.6265426816481013,0.2648383998139815,0.4711864406779661,45,60786,3003,0.28716216216216217
116.0,291,0.6256841397170787,0.2709761401094618,0.46048109965635736,38,60824,3008,0.28716216216216217
116.08333333333333,294,0.6201466805917818,0.2664495173402126,0.4523809523809524,43,60867,3010,0.2702702702702703
116.16666666666667,293,0.6196973765993524,0.2593344274231646,0.44368600682593856,37,60904,3013,0.27364864864864863
116.25,292,0.615989264017847,0.2558924051070957,0.4383561643835616,40,60944,3017,0.2668918918918919
116.33333333333333,294,0.6133248472920324,0.2568493584503437,0.4489795918367347,44,60988,3019,0.26013513513513514
116.41666666666667,296,0.6169563584276693,0.258723737172013,0.4560810810810811,39,61027,3019,0.25675675675675674
116.5,294,0.6222722606124259,0.26361543817560706,0.4557823129251701,43,61070,3021,0.2635135135135135
116.58333333333333,293,0.6223852000635396,0.2586757951945665,0.45733788395904434,38,61108,3024,0.26013513513513514
116.66666666666667,296,0.623957542437006,0.2683849649421683,0.4594594594594595,38,61146,3024,0.2533783783783784
116.75,293,0.6281020828550425,0.2675476397521865,0.4641638225255973,35,61181,3027,0.25675675675675674
116.83333333333333,295,0.6284407382464161,0.25838838154408394,0.46440677966101696,37,61218,3028,0.25675675675675674
116.91666666666667,295,0.6363325373390182,0.2519418149280258,0.46779661016949153,43,61261,3028,0.2668918918918919
117.0,294,0.6396239690272855,0.25312365293892386,0.46938775510204084,37,61298,3030,0.27364864864864863
117.08333333333333,293,0.639398197836359,0.25466844526806864,0.47440273037542663,41,61339,3033,0.27364864864864863
117.16666666666667,294,0.6382348566912209,0.25761954340168874,0.48299319727891155,42,61381,3035,0.2635135135135135
117.25,295,0.6404786861742722,0.26673607866811505,0.48135593220338985,47,61428,3036,0.2668918918918919
117.33333333333333,291,0.640018562555414,0.26931448741596986,0.48109965635738833,43,61471,3041,0.2702702702702703
117.41666666666667,295,0.6357434442622468,0.26331712560916654,0.48135593220338985,31,61502,3042,0.2635135135135135
117.5,293,0.6376198110065855,0.274116744257195,0.49146757679180886,39,61541,3045,0.27364864864864863
117.58333333333333,293,0.6353217881478693,0.2717999279554618,0.49146757679180886,46,61587,3048,0.2702702702702703
117.66666666666667,292,0.632095312453915,0.26518195465113276,0.4863013698630137,31,61618,3052,0.2702702702702703
117.75,296,0.6313309349157997,0.2773958492708493,0.5067567567567568,49,61667,3052,0.26013513513513514
117.83333333333333,295,0.6382849840972366,0.2891833307935003,0.5050847457627119,35,61702,3053,0.2635135135135135
117.91666666666667,295,0.642792177404397,0.27160282278926345,0.5050847457627119,37,61739,3054,0.27702702702702703
118.0,295,0.6471429940964252,0.2744715171833816,0.5084745762711864,42,61781,3055,0.28716216216216217
118.08333333333333,293,0.6490547772790114,0.28013869899535426,0.515358361774744,43,61824,3058,0.28716216216216217
118.16666666666667,294,0.6477795434035368,0.2815587935460761,0.5068027210884354,32,61856,3060,0.27702702702702703
118.25,293,0.6475826157509088,0.2874739205772007,0.5119453924914675,41,61897,3063,0.2702702702702703
118.33333333333333,295,0.6475860983902201,0.2882690369105999,0.5050847457627119,41,61938,3064,0.2668918918918919
118.41666666666667,295,0.6519805761699548,0.28160044185217437,0.5220338983050847,45,61983,3065,0.27364864864864863
118.5,293,0.6560653339247812,0.2802311268034465,0.5324232081911263,39,62022,3068,0.28378378378378377
118.58333333333333,292,0.6562273741797439,0.27814059038374106,0.523972602739726,35,62057,3071,0.2939189189189189
118.66666666666667,295,0.6568374363934875,0.2838939685549855,0.535593220338983,44,62101,3071,0.2939189189189189
118.75,293,0.6583861828316999,0.2860782088597788,0.5324232081911263,50,62151,3074,0.30067567567567566
118.83333333333333,295,0.657809524911461,0.27743565285938165,0.5423728813559322,40,62191,3075,0.2939189189189189
118.91666666666667,293,0.6596868942263034,0.2778288738186349,0.5392491467576792,44,62235,3078,0.30405405405405406
119.0,294,0.6577391365979967,0.2871405805079274,0.5374149659863946,44,62279,3080,0.30405405405405406
119.08333333333333,295,0.6591943292974719,0.28793284934430463,0.5423728813559322,49,62328,3081,0.30067567567567566
119.16666666666667,292,0.6601417262825002,0.2827442731257091,0.547945205479452,43,62371,3085,0.30405405405405406
119.25,295,0.6571125416956995,0.27696222051862024,0.5525423728813559,44,62415,3086,0.30067567567567566
119.33333333333333,294,0.659607945350509,0.2884225676713361,0.5510204081632653,48,62463,3088,0.30405405405405406
119.41666666666667,293,0.6588481276496722,0.2809634816166533,0.5460750853242321,41,62504,3091,0.30067567567567566
119.5,295,0.6581552961386419,0.2828827205653623,0.5627118644067797,47,62551,3092,0.2972972972972973
119.58333333333333,295,0.6618687520916422,0.27169864067257804,0.5627118644067797,37,62588,3093,0.30405405405405406
119.66666666666667,294,0.6643823427093141,0.263591925516865,0.5510204081632653,54,62642,3095,0.3108108108108108
119.75,290,0.6600250421142649,0.2686605728189597,0.5413793103448276,48,62690,3101,0.30743243243243246
119.83333333333333,294,0.6512634614793325,0.264652354128314,0.5408163265306123,49,62739,3103,0.30067567567567566
119.91666666666667,293,0.6502358027131888,0.26673454531816304,0.5426621160409556,48,62787,3106,0.30067567567567566
120.0,292,0.6462657564772545,0.27025804294639916,0.5376712328767124,45,62832,3110,0.2939189189189189
120.08333333333333,290,0.6372293157632881,0.28412241972586805,0.5206896551724138,38,62870,3116,0.2905405405405405
120.16666666666667,291,0.6257283917744767,0.28254920909560083,0.5154639175257731,45,62915,3121,0.28040540540540543
120.25,293,0.6183503493683479,0.27926735759500265,0.5051194539249146,51,62966,3124,0.28040540540540543
120.33333333333333,296,0.6192772527857883,0.28779342098307614,0.5,27,62993,3124,0.27702702702702703
120.41666666666667,295,0.6254568588213851,0.29396023192341136,0.5016949152542373,45,63038,3125,0.28040540540540543
120.5,295,0.6296221107855735,0.2942522280628651,0.5050847457627119,43,63081,3126,0.28040540540540543
120.58333333333333,295,0.6336798321237639,0.30185808736363967,0.5220338983050847,51,63132,3127,0.28378378378378377
120.66666666666667,295,0.6377272659397835,0.30122470944212615,0.5220338983050847,35,63167,3128,0.28716216216216217
120.75,292,0.6380658724578763,0.30121908349352844,0.5308219178082192,38,63205,3132,0.2972972972972973
120.83333333333333,295,0.6354687155631965,0.2896990109701974,0.5254237288135594,36,63241,3133,0.2905405405405405
120.91666666666667,294,0.6380924359352173,0.29491819593860413,0.5204081632653061,47,63288,3135,0.2939189189189189
121.0,292,0.6395974202067998,0.29375621524594125,0.5171232876712328,42,63330,3138,0.30067567567567566
121.08333333333333,289,0.6294467041487447,0.2991663376462326,0.5051903114186851,43,63373,3145,0.2939189189189189
121.16666666666667,296,0.6217622924005198,0.2912155977888736,0.4864864864864865,37,63410,3145,0.27702702702702703
121.25,293,0.62528445242961,0.2963100232577695,0.4880546075085324,40,63450,3148,0.28716216216216217
121.33333333333333,295,0.6251077058886066,0.2923103262086313,0.4915254237288136,40,63490,3149,0.2939189189189189
121.41666666666667,292,0.6252916507097933,0.30433594216364646,0.4965753424657534,47,63537,3153,0.2905405405405405
121.5,294,0.621759367882495,0.294471447785261,0.4965986394557823,40,63577,3155,0.2905405405405405
121.58333333333333,290,0.6171776708784533,0.30226559734925623,0.4827586206896552,41,63618,3161,0.2972972972972973
121.66666666666667,295,0.6109945019365969,0.29432714076531397,0.4711864406779661,51,63669,3162,0.28378378378378377
121.75,296,0.6165857913376296,0.28906631930030946,0.47635135135135137,42,63711,3162,0.28378378378378377
121.83333333333333,293,0.6206527907432478,0.29059585655148795,0.4709897610921502,44,63755,3165,0.28716216216216217
121.91666666666667,296,0.6222856223309919,0.29089417526917527,0.4831081081081081,41,63796,3165,0.28040540540540543
122.0,296,0.6300988748467067,0.29707297207297206,0.49324324324324326,66,63862,3165,0.2972972972972973
122.08333333333333,294,0.6354882192218769,0.29850520553504795,0.4965986394557823,49,63911,3167,0.2972972972972973
122.16666666666667,295,0.6377267615129601,0.2770352703524616,0.49830508474576274,37,63948,3168,0.30743243243243246
122.25,293,0.6395350140609652,0.2933551645277633,0.49829351535836175,43,63991,3171,0.31756756756756754
122.33333333333333,292,0.6397676466229755,0.28103888935591476,0.5034246575342466,40,64031,3175,0.32432432432432434
122.41666666666667,294,0.636965831548983,0.27482422015949715,0.5034013605442177,49,64080,3177,0.31756756756756754
122.5,293,0.6370045752820389,0.2659256462157486,0.5119453924914675,40,64120,3180,0.32094594594594594
122.58333333333333,295,0.6365731919150954,0.26865913747269676,0.5084745762711864,39,64159,3181,0.31756756756756754
122.66666666666667,295,0.6405246207385251,0.2767786356769408,0.5186440677966102,49,64208,3182,0.32432432432432434
122.75,295,0.6444696968508665,0.29651867906105195,0.5220338983050847,52,64260,3183,0.32432432432432434
122.83333333333333,288,0.6399187263802277,0.3026545021336688,0.5173611111111112,46,64306,3191,0.32094594594594594
122.91666666666667,294,0.6275166454021213,0.2966377605226002,0.5068027210884354,41,64347,3193,0.2972972972972973
123.0,293,0.6286554807131153,0.3076916406633618,0.49829351535836175,37,64384,3196,0.2939189189189189
123.08333333333333,294,0.6273875092162877,0.3198462022806046,0.5136054421768708,49,64433,3198,0.2905405405405405
123.16666666666667,295,0.6295642073235196,0.3180499921898649,0.5084745762711864,41,64474,3199,0.28716216216216217
123.25,292,0.6301561042872016,0.3127356234738021,0.5034246575342466,39,64513,3203,0.28716216216216217
123.33333333333333,292,0.6256872533832195,0.31535783139199836,0.5,37,64550,3207,0.28040540540540543
123.41666666666667,292,0.6204167128910949,0.3111777933934672,0.4965753424657534,34,64584,3211,0.27702702702702703
123.5,295,0.6184006073076254,0.30134258396970265,0.511864406779661,40,64624,3212,0.27364864864864863
123.58333333333333,294,0.6215595419143913,0.3053096563300645,0.5068027210884354,47,64671,3214,0.27702702702702703
123.66666666666667,295,0.6240599479061251,0.30712087347680567,0.5016949152542373,48,64719,3215,0.27702702702702703
123.75,291,0.6235543494437661,0.3129370534009709,0.4948453608247423,37,64756,3220,0.27702702702702703
123.83333333333333,296,0.621033727895985,0.3164003976503976,0.4966216216216216,43,64799,3220,0.2668918918918919
123.91666666666667,295,0.6276857402740503,0.3287408166221725,0.5016949152542373,42,64841,3221,0.28040540540540543
124.0,294,0.6344509208501613,0.33048282836912574,0.5102040816326531,35,64876,3222,0.28716216216216217
124.08333333333333,295,0.636839205355971,0.31424231001712843,0.5152542372881356,36,64912,3223,0.28716216216216217
124.16666666666667,292,0.6382898210598859,0.30831417305243136,0.523972602739726,46,64958,3227,0.2905405405405405
124.25,294,0.6349858522528568,0.3036644275711331,0.5204081632653061,51,65009,3229,0.28040540540540543
124.33333333333333,295,0.6373143866263122,0.29196955586786094,0.5152542372881356,62,65071,3230,0.27702702702702703
124.41666666666667,294,0.6407549578147947,0.2969939829633707,0.5204081632653061,60,65131,3232,0.27364864864864863
124.5,295,0.6432936943546169,0.3025620518840858,0.5152542372881356,57,65188,3233,0.2702702702702703
124.58333333333333,295,0.6479567585981661,0.31441933772442243,0.535593220338983,53,65241,3234,0.27364864864864863
124.66666666666667,294,0.6514746256962085,0.2993960785480842,0.5374149659863946,49,65290,3236,0.27702702702702703
124.75,294,0.6532046940088013,0.2934041774031218,0.5374149659863946,56,65346,3238,0.28040540540540543
124.83333333333333,294,0.6542946176763638,0.29254473827837657,0.5306122448979592,55,65401,3240,0.2939189189189189
124.91666666666667,293,0.6541498491473099,0.2948061321186033,0.5563139931740614,51,65452,3243,0.2972972972972973
125.0,291,0.6492957954651788,0.2977339762766986,0.5532646048109966,62,65514,3248,0.2905405405405405
125.08333333333333,294,0.6437079924892121,0.2921227106803032,0.5306122448979592,55,65569,3250,0.27702702702702703
125.16666666666667,294,0.6448241637516519,0.304547804482948,0.5306122448979592,55,65624,3252,0.27702702702702703
125.25,292,0.6436769282318511,0.30438416226087456,0.523972602739726,51,65675,3256,0.27702702702702703
125.33333333333333,293,0.6393648634500532,0.294510902446056,0.515358361774744,48,65723,3259,0.2702702702702703
125.41666666666667,295,0.6397702046953685,0.3047921475887578,0.5220338983050847,47,65770,3260,0.2635135135135135
125.5,292,0.6409334066728511,0.30739736861312206,0.5273972602739726,60,65830,3264,0.2668918918918919
125.58333333333333,295,0.6392630019703759,0.30172654087908324,0.535593220338983,55,65885,3265,0.2635135135135135
125.66666666666667,296,0.6451687897080571,0.31282830409985585,0.5405405405405406,50,65935,3265,0.2668918918918919
125.75,292,0.6497366957420937,0.3147054056005402,0.5376712328767124,47,65982,3269,0.2702702702702703
125.83333333333333,295,0.6477609093265482,0.29306584252814527,0.535593220338983,49,66031,3270,0.27702702702702703
125.91666666666667,293,0.649975416570017,0.29574555203012304,0.5392491467576792,46,66077,3273,0.27364864864864863
126.0,295,0.6503390639645422,0.2940238386848556,0.535593220338983,62,66139,3274,0.2702702702702703
126.08333333333333,294,0.6542007661716585,0.30128521327500923,0.5340136054421769,38,66177,3276,0.27702702702702703
126.16666666666667,292,0.6530571358112632,0.2969575135671026,0.5273972602739726,45,66222,3280,0.28040540540540543
126.25,293,0.6486267640827085,0.295501739443719,0.5324232081911263,47,66269,3283,0.27702702702702703
126.33333333333333,295,0.6487972456167399,0.2931229128686756,0.5288135593220339,40,66309,3284,0.27702702702702703
126.41666666666667,293,0.6511060101392933,0.2953414427817158,0.5426621160409556,45,66354,3287,0.27364864864864863
126.5,295,0.6514290247818645,0.29625939973397597,0.5389830508474577,45,66399,3288,0.2702702702702703
126.58333333333333,289,0.6547253571856865,0.29075654257315153,0.5501730103806228,46,66445,3294,0.28716216216216217
126.66666666666667,293,0.6434983430399027,0.2807761067146733,0.5358361774744027,41,66486,3297,0.2702702702702703
126.75,294,0.6422895088689975,0.279344606640525,0.5272108843537415,40,66526,3299,0.2702702702702703
126.83333333333333,295,0.644572787399343,0.2854266731385376,0.535593220338983,45,66571,3300,0.27702702702702703
126.91666666666667,295,0.6490725135654535,0.2895933569780633,0.5389830508474577,52,66623,3301,0.28040540540540543
127.0,296,0.6547140864912505,0.28347809974763843,0.5405405405405406,47,66670,3301,0.28716216216216217
127.08333333333333,290,0.6556527607514144,0.28428313769963237,0.5344827586206896,38,66708,3307,0.2905405405405405
127.16666666666667,293,0.6466040807829542,0.28920026442478136,0.5187713310580204,49,66757,3310,0.28378378378378377
127.25,295,0.6463504112044858,0.2899174317854623,0.5220338983050847,35,66792,3311,0.28378378378378377
127.33333333333333,294,0.6494271331377033,0.28486255959922846,0.5272108843537415,35,66827,3313,0.2939189189189189
127.41666666666667,292,0.6484051168882341,0.28430617137808917,0.5205479452054794,47,66874,3317,0.2905405405405405
127.5,292,0.6457417135026079,0.2815547846369764,0.5205479452054794,50,66924,3320,0.2939189189189189
127.58333333333333,292,0.6396021183183916,0.2769234190467067,0.5136986301369864,50,66974,3324,0.30067567567567566
127.66666666666667,295,0.6370864064986282,0.2673794190743343,0.5050847457627119,52,67026,3325,0.2972972972972973
127.75,294,0.6399052918533443,0.28847201222023244,0.5102040816326531,42,67068,3327,0.2972972972972973
127.83333333333333,293,0.6393983334875962,0.2726457803039412,0.5051194539249146,54,67122,3330,0.30743243243243246
127.91666666666667,292,0.6387344112262825,0.26639680319077974,0.4965753424657534,37,67159,3333,0.30405405405405406
128.0,295,0.6362785125345862,0.26176777632317005,0.5016949152542373,38,67197,3334,0.30067567567567566
128.08333333333334,293,0.6377236224099091,0.2573387174069768,0.5085324232081911,50,67247,3337,0.3141891891891892
128.16666666666666,294,0.636127500974345,0.2463375815416632,0.5068027210884354,37,67284,3339,0.3108108108108108
128.25,295,0.6379783485503346,0.25466569212331924,0.5084745762711864,48,67332,3340,0.3141891891891892
128.33333333333334,292,0.638116921880199,0.25159162564984483,0.5068493150684932,65,67397,3344,0.32432432432432434
128.41666666666666,293,0.6329447761310247,0.2607001685105684,0.515358361774744,50,67447,3347,0.31756756756756754
128.5,294,0.6312082638894582,0.2653965305336447,0.5068027210884354,37,67484,3349,0.3141891891891892
128.58333333333334,294,0.63176159037539,0.2662840500436132,0.5068027210884354,49,67533,3351,0.30743243243243246
128.66666666666666,290,0.6276338492573814,0.25339528086230095,0.506896551724138,45,67578,3357,0.30405405405405406
128.75,295,0.6210191336478869,0.2523868592067386,0.5050847457627119,45,67623,3358,0.2905405405405405
128.83333333333334,293,0.6224936438708756,0.26937202918431585,0.515358361774744,54,67677,3361,0.2939189189189189
128.91666666666666,295,0.6224219537206401,0.26519754257042394,0.5152542372881356,53,67730,3362,0.2905405405405405
129.0,296,0.6278492059149254,0.25970147532647536,0.5202702702702703,62,67792,3362,0.2905405405405405
129.08333333333334,294,0.6329503151503417,0.2735703261213465,0.5306122448979592,50,67842,3364,0.2939189189189189
129.16666666666666,294,0.6339238956609665,0.2746528603671461,0.5340136054421769,51,67893,3366,0.2905405405405405
129.25,293,0.6333852398695169,0.26111651905167266,0.5290102389078498,51,67944,3369,0.2939189189189189
129.33333333333334,295,0.6332360154036186,0.2638293341884264,0.5288135593220339,50,67994,3370,0.2905405405405405
129.41666666666666,293,0.6349370457792051,0.26319978707055314,0.5290102389078498,46,68040,3373,0.2939189189189189
129.5,294,0.6335269885286096,0.2554669722388505,0.5238095238095238,41,68081,3375,0.2939189189189189
129.58333333333334,295,0.6354411776029911,0.26452922783431254,0.5254237288135594,40,68121,3376,0.2905405405405405
129.66666666666666,293,0.6370964730118029,0.26585101474179973,0.5221843003412969,52,68173,3379,0.30405405405405406
129.75,293,0.6343473593289695,0.27122680126093096,0.5187713310580204,49,68222,3382,0.2972972972972973
129.83333333333334,291,0.6291069541102123,0.2694605413677579,0.5017182130584192,43,68265,3387,0.28716216216216217
129.91666666666666,294,0.6236628698877732,0.2729349227035511,0.4965986394557823,45,68310,3389,0.28378378378378377
130.0,294,0.62433408395204,0.2694595998404731,0.48639455782312924,33,68343,3391,0.28716216216216217
130.08333333333334,295,0.6275622276914693,0.2756556028826427,0.488135593220339,50,68393,3392,0.28716216216216217
130.16666666666666,293,0.6292645216748467,0.27477600756432413,0.49146757679180886,35,68428,3395,0.28716216216216217
130.25,294,0.6280078508062167,0.2765748423911689,0.4931972789115646,41,68469,3397,0.28378378378378377
130.33333333333334,290,0.6236734730932181,0.28459446683584616,0.4862068965517241,35,68504,3403,0.2939189189189189
130.41666666666666,294,0.6159567490486644,0.27754034514238596,0.47959183673469385,30,68534,3405,0.28040540540540543
130.5,292,0.6140806470081835,0.2768505942307312,0.4794520547945205,47,68581,3409,0.27702702702702703
130.58333333333334,295,0.6121443568383312,0.2679502230349688,0.4745762711864407,39,68620,3410,0.27364864864864863
130.66666666666666,294,0.6150821328419658,0.26597099046078637,0.47278911564625853,39,68659,3412,0.28040540540540543
130.75,295,0.6172461335511442,0.2579849623069962,0.4745762711864407,47,68706,3413,0.28040540540540543
130.83333333333334,294,0.6201819741337014,0.26518411671472897,0.47619047619047616,41,68747,3415,0.28378378378378377
130.91666666666666,294,0.621030474902008,0.268052138715404,0.47959183673469385,36,68783,3417,0.28040540540540543
131.0,294,0.6218739837666035,0.26414013990544605,0.47619047619047616,30,68813,3419,0.28378378378378377
131.08333333333334,292,0.6200712463897559,0.28279720659857643,0.4726027397260274,42,68855,3423,0.2939189189189189
131.16666666666666,295,0.6179027152279769,0.2632783600580211,0.4711864406779661,32,68887,3424,0.28716216216216217
131.25,293,0.6194836284361401,0.27554499917981146,0.48464163822525597,43,68930,3427,0.2905405405405405
131.33333333333334,295,0.6193740113286935,0.2789085302644625,0.48135593220338985,50,68980,3428,0.2972972972972973
131.41666666666666,295,0.6234517713014412,0.28495370919099733,0.48135593220338985,40,69020,3429,0.2939189189189189
131.5,294,0.6263619306477147,0.2765607128555756,0.47959183673469385,47,69067,3431,0.2972972972972973
131.58333333333334,293,0.62589555515144,0.2826423106139477,0.4709897610921502,35,69102,3434,0.2972972972972973
131.66666666666666,295,0.6292338955662946,0.2757906883038385,0.4711864406779661,36,69138,3434,0.2972972972972973
131.75,291,0.6287644518410171,0.28932297278369085,0.4639175257731959,37,69175,3439,0.30405405405405406
131.83333333333334,294,0.6230540023739223,0.28134998032957215,0.46938775510204084,36,69211,3441,0.2972972972972973
131.91666666666666,296,0.6262670296016705,0.278011478011478,0.47635135135135137,40,69251,3441,0.2972972972972973
132.0,296,0.6338186835624292,0.2875233625233625,0.49324324324324326,45,69296,3441,0.30067567567567566
132.08333333333334,292,0.6364807601702333,0.29722663181567294,0.4931506849315068,41,69337,3445,0.3108108108108108
132.16666666666666,295,0.6341290127319068,0.27953268012590043,0.4915254237288136,48,69385,3446,0.2972972972972973
132.25,295,0.6380666015642523,0.2916511924986501,0.488135593220339,46,69431,3447,0.3108108108108108
132.33333333333334,295,0.6420367131671423,0.2902982610609729,0.4847457627118644,53,69484,3448,0.3141891891891892
132.41666666666666,295,0.6459278088724604,0.28110858068485184,0.4847457627118644,41,69525,3449,0.32094594594594594
132.5,295,0.6506604448226893,0.2847601080651928,0.4915254237288136,43,69568,3450,0.32094594594594594
132.58333333333334,290,0.6492594850800982,0.295586453776109,0.49310344827586206,41,69609,3456,0.3310810810810811
132.66666666666666,293,0.6395457350577213,0.2915474741413308,0.5051194539249146,40,69649,3459,0.32094594594594594
132.75,293,0.6361592311967514,0.2920089012239183,0.5017064846416383,40,69689,3462,0.32432432432432434
132.83333333333334,293,0.6329010707925734,0.2817850803548148,0.5085324232081911,53,69742,3465,0.31756756756756754
132.91666666666666,294,0.6310036135208151,0.27385601894422373,0.5204081632653061,54,69796,3467,0.3108108108108108
133.0,290,0.6262464850237816,0.2764816679799564,0.5137931034482759,50,69846,3473,0.30405405405405406
133.08333333333334,294,0.61812843061508,0.28091857931508074,0.5034013605442177,45,69891,3475,0.28716216216216217
133.16666666666666,293,0.6172112897726454,0.29470023583870486,0.5051194539249146,40,69931,3478,0.2905405405405405
133.25,293,0.6178029448452597,0.2834140451887892,0.4948805460750853,37,69968,3480,0.28378378378378377
133.33333333333334,291,0.6124613735805557,0.27748465738156464,0.49828178694158076,37,70005,3485,0.27364864864864863
133.41666666666666,295,0.6082904062218102,0.29398621801602515,0.49491525423728816,35,70040,3486,0.26013513513513514
133.5,295,0.6123849988259159,0.29101302360215275,0.49491525423728816,43,70083,3487,0.27702702702702703
133.58333333333334,295,0.6165598687664482,0.30392543070732053,0.49830508474576274,40,70123,3488,0.27364864864864863
133.66666666666666,294,0.619481201004723,0.2947997951802864,0.5068027210884354,44,70167,3490,0.27702702702702703
133.75,296,0.6228625080891443,0.2896880890524958,0.5067567567567568,41,70208,3490,0.27702702702702703
133.83333333333334,293,0.6266175588834142,0.29636213172685666,0.5085324232081911,43,70251,3493,0.28040540540540543
133.91666666666666,294,0.6253175853536842,0.28680111460723706,0.5136054421768708,50,70301,3495,0.2702702702702703
134.0,293,0.6248029995711186,0.2948840314028027,0.5221843003412969,46,70347,3498,0.27702702702702703
134.08333333333334,295,0.624691791855018,0.292004803106498,0.5186440677966102,36,70383,3499,0.2702702702702703
134.16666666666666,294,0.6275246424392857,0.28217055053789747,0.5136054421768708,39,70422,3501,0.27702702702702703
134.25,294,0.6282644152271728,0.28777497133408464,0.5136054421768708,42,70464,3503,0.27364864864864863
134.33333333333334,294,0.6290026642318212,0.28403603264616634,0.5068027210884354,42,70506,3505,0.27364864864864863
134.41666666666666,291,0.62596239018565,0.2916127025796418,0.5189003436426117,42,70548,3510,0.2702702702702703
134.5,295,0.6215859636286111,0.2783813932674248,0.5084745762711864,36,70584,3511,0.2635135135135135
134.58333333333334,295,0.6257500066213314,0.29411120959046144,0.5084745762711864,38,70622,3512,0.2668918918918919
134.66666666666666,295,0.6300764701750969,0.29263457887654265,0.511864406779661,36,70658,3513,0.2635135135135135
134.75,296,0.6355851497425643,0.2902270033735551,0.527027027027027,41,70699,3513,0.27364864864864863
134.83333333333334,296,0.6430701504712913,0.28615744305399476,0.5337837837837838,36,70735,3513,0.2905405405405405
134.91666666666666,295,0.6493051101876482,0.2992328014215799,0.5389830508474577,42,70777,3514,0.2905405405405405
135.0,293,0.6509857200064011,0.29032819664218984,0.5324232081911263,42,70819,3517,0.2905405405405405
135.08333333333334,294,0.6527418461895668,0.29664126500861193,0.5340136054421769,34,70853,3518,0.2905405405405405
135.16666666666666,293,0.6520694553926415,0.2868278573909973,0.5358361774744027,44,70897,3521,0.2905405405405405
135.25,293,0.6492217112594117,0.28688612297827315,0.5392491467576792,46,70943,3524,0.28040540540540543
135.33333333333334,296,0.6499840726024881,0.28946043633543633,0.5371621621621622,51,70994,3524,0.28040540540540543
135.41666666666666,293,0.6538670288987164,0.3014080345138366,0.5392491467576792,48,71042,3527,0.2939189189189189
135.5,291,0.6487600305996306,0.2876753323962709,0.5257731958762887,37,71079,3532,0.30067567567567566
135.58333333333334,292,0.6400227714833927,0.2813024451461593,0.523972602739726,41,71120,3536,0.2905405405405405
135.66666666666666,294,0.6360885644396742,0.2819705006520127,0.5102040816326531,48,71168,3538,0.28378378378378377
135.75,295,0.6378107934034382,0.28183032463904134,0.5220338983050847,36,71204,3539,0.28716216216216217
135.83333333333334,292,0.6380096423848636,0.28543031224048837,0.5273972602739726,38,71242,3543,0.2972972972972973
135.91666666666666,295,0.6353479222962941,0.28422706161204947,0.5254237288135594,51,71293,3544,0.2905405405405405
136.0,294,0.6379980908058325,0.2744127659943986,0.5238095238095238,48,71341,3546,0.28716216216216217
136.08333333333334,292,0.6361704284160797,0.2852158302703926,0.523972602739726,50,71391,3550,0.28378378378378377
136.16666666666666,292,0.6334011234644642,0.2811531881940519,0.5102739726027398,38,71429,3553,0.28378378378378377
136.25,293,0.6290313572356648,0.2790927783451067,0.5085324232081911,34,71463,3556,0.27364864864864863
136.33333333333334,293,0.6262525994637792,0.27764132877079023,0.5119453924914675,40,71503,3559,0.2702702702702703
136.41666666666666,289,0.6183326168447084,0.28343359831249104,0.4982698961937716,50,71553,3566,0.2702702702702703
136.5,293,0.6072293952774852,0.27430694068919326,0.48464163822525597,52,71605,3569,0.25675675675675674
136.58333333333334,294,0.6060133298547961,0.26962158212158216,0.48299319727891155,39,71644,3571,0.25
136.66666666666666,294,0.6105444941542061,0.29087829215380234,0.4931972789115646,31,71675,3572,0.2533783783783784
136.75,295,0.6130558391607664,0.2929109026621632,0.488135593220339,46,71721,3573,0.25675675675675674
136.83333333333334,291,0.6125699161465349,0.2941041680788136,0.4845360824742268,43,71764,3578,0.2668918918918919
136.91666666666666,296,0.6099283568195379,0.2875234844039637,0.4831081081081081,40,71804,3578,0.26013513513513514
137.0,295,0.6163144020753808,0.2896091012046594,0.4847457627118644,32,71836,3579,0.2635135135135135
137.08333333333334,295,0.620838778763299,0.2889984497611616,0.488135593220339,39,71875,3580,0.26013513513513514
137.16666666666666,295,0.6252942996473655,0.2866340062950232,0.49830508474576274,43,71918,3581,0.2635135135135135
137.25,294,0.6284818544018199,0.29408542138133975,0.4965986394557823,41,71959,3583,0.2668918918918919
137.33333333333334,295,0.6307981051229657,0.2986965858999757,0.5050847457627119,43,72002,3584,0.2635135135135135
137.41666666666666,293,0.6327167284912674,0.2958085176634268,0.515358361774744,46,72048,3587,0.2702702702702703
137.5,296,0.6340003211478786,0.2939183500956757,0.5101351351351351,34,72082,3587,0.2668918918918919
137.58333333333334,291,0.635600801273923,0.28922689877496877,0.5017182130584192,44,72126,3592,0.27364864864864863
137.66666666666666,295,0.6312066662897917,0.28597164911906736,0.49491525423728816,43,72169,3593,0.27364864864864863
137.75,293,0.6328632018430439,0.28406447553205233,0.5017064846416383,45,72214,3596,0.28040540540540543
137.83333333333334,295,0.6327815681903171,0.28874247221704846,0.5050847457627119,46,72260,3597,0.28040540540540543
137.91666666666666,294,0.6356999108529158,0.29042390904635806,0.5068027210884354,44,72304,3599,0.28378378378378377
138.0,292,0.6351317455670512,0.29296244480249645,0.5136986301369864,48,72352,3603,0.28716216216216217
138.08333333333334,293,0.6302951199046312,0.28928797226508857,0.5119453924914675,57,72409,3606,0.27702702702702703
138.16666666666666,291,0.6253385859182224,0.2864831656491281,0.5120274914089347,53,72462,3611,0.27364864864864863
138.25,293,0.6184067284043809,0.2739236627028268,0.49829351535836175,50,72512,3614,0.2702702702702703
138.33333333333334,293,0.615803841840187,0.27826257928647,0.49146757679180886,43,72555,3617,0.26013513513513514
138.41666666666666,293,0.6133605151214528,0.2838436244579589,0.4880546075085324,35,72590,3620,0.26013513513513514
138.5,296,0.6148197712449335,0.27059729247229247,0.4864864864864865,32,72622,3620,0.2635135135135135
138.58333333333334,292,0.6173171748009163,0.2836223820935171,0.4828767123287671,44,72666,3624,0.2702702702702703
138.66666666666666,291,0.6100535797827236,0.2810207088680334,0.47766323024054985,40,72706,3629,0.2635135135135135
138.75,295,0.6059987139572034,0.2784040365517363,0.4711864406779661,49,72755,3630,0.2533783783783784
138.83333333333334,293,0.6085912941604077,0.27340783277626535,0.47440273037542663,46,72801,3633,0.2533783783783784
138.91666666666666,296,0.6101692401756336,0.2851064375387035,0.47297297297297297,45,72846,3633,0.25675675675675674
139.0,295,0.6165839471668889,0.2766393217795906,0.47796610169491527,47,72893,3634,0.2635135135135135
139.08333333333334,294,0.6196470077978714,0.26760446723500914,0.47959183673469385,53,72946,3636,0.28040540540540543
139.16666666666666,294,0.6205308552554585,0.2691081600652325,0.47959183673469385,42,72988,3638,0.27364864864864863
139.25,295,0.6227172647524046,0.27083230393867447,0.488135593220339,46,73034,3639,0.2702702702702703
139.33333333333334,296,0.6283142271483491,0.27134575929218785,0.4966216216216216,43,73077,3639,0.27702702702702703
139.41666666666666,294,0.6335033557111861,0.2739877631277048,0.4965986394557823,47,73124,3641,0.28040540540540543
139.5,295,0.6356372943673032,0.27775114447027277,0.49830508474576274,57,73181,3642,0.28040540540540543
139.58333333333334,296,0.6410860884687368,0.2749364816329102,0.5,49,73230,3642,0.27702702702702703
139.66666666666666,295,0.6474254130202298,0.2762286274392812,0.5050847457627119,45,73275,3643,0.2939189189189189
139.75,292,0.6513406102756872,0.2702270685392016,0.5171232876712328,45,73320,3646,0.30067567567567566
139.83333333333334,296,0.6499408977921545,0.27357838295338294,0.5101351351351351,48,73368,3646,0.2905405405405405
139.91666666666666,293,0.6538037513056362,0.27327964342806793,0.5051194539249146,39,73407,3649,0.2905405405405405
140.0,296,0.6546392738099137,0.2723974723247979,0.4966216216216216,42,73449,3649,0.28716216216216217
140.08333333333334,295,0.6608983574710603,0.2733004217221864,0.49830508474576274,54,73503,3650,0.2905405405405405
140.16666666666666,296,0.6661320185070604,0.27749234897687797,0.5067567567567568,37,73540,3650,0.2939189189189189
140.25,292,0.6693366491521364,0.27653054985048336,0.5136986301369864,52,73592,3654,0.3108108108108108
140.33333333333334,294,0.6651728726049166,0.26912233646927525,0.5170068027210885,46,73638,3656,0.30743243243243246
140.41666666666666,294,0.6663360587984136,0.26794621667070645,0.5170068027210885,45,73683,3658,0.30405405405405406
140.5,290,0.6635376120631226,0.26841754988306715,0.5206896551724138,43,73726,3664,0.3108108108108108
140.58333333333334,288,0.6509768115936391,0.2622939367731034,0.5,42,73768,3671,0.30405405405405406
140.66666666666666,294,0.6379469778862545,0.25964250224454305,0.48639455782312924,35,73803,3673,0.28378378378378377
140.75,295,0.6395741583026973,0.26169981619134164,0.5050847457627119,45,73848,3674,0.28378378378378377
140.83333333333334,293,0.6412256156317534,0.2672987327424187,0.5085324232081911,51,73899,3677,0.28378378378378377
140.91666666666666,292,0.6381738022102518,0.2648907599250065,0.5102739726027398,41,73940,3681,0.28716216216216217
141.0,294,0.6344358998938682,0.27076107943454886,0.5068027210884354,42,73982,3683,0.28716216216216217
141.08333333333334,296,0.637564522029629,0.28361708674208674,0.5101351351351351,37,74019,3683,0.28716216216216217
141.16666666666666,294,0.6426057876047057,0.2910230062241438,0.5238095238095238,48,74067,3685,0.2939189189189189
141.25,294,0.6433339192279286,0.29402856214632356,0.5204081632653061,41,74108,3687,0.2939189189189189
141.33333333333334,295,0.6451495845999136,0.28856496611283683,0.5220338983050847,43,74151,3688,0.30067567567567566
141.41666666666666,296,0.6502898372803787,0.28528855748683335,0.527027027027027,39,74190,3688,0.30067567567567566
141.5,296,0.6576471761788062,0.2767214770447529,0.5371621621621622,42,74232,3688,0.3108108108108108
141.58333333333334,290,0.658041493853913,0.27394232237573496,0.5344827586206896,47,74279,3694,0.31756756756756754
141.66666666666666,294,0.6494953243470966,0.28481181516895804,0.5374149659863946,42,74321,3696,0.3108108108108108
141.75,293,0.6485775222520322,0.2944907481596901,0.5290102389078498,49,74370,3699,0.3141891891891892
141.83333333333334,294,0.6488588965075524,0.2957258222801649,0.5374149659863946,35,74405,3701,0.30743243243243246
141.91666666666666,293,0.6481107485955511,0.2967424275682868,0.5392491467576792,42,74447,3704,0.30743243243243246
142.0,294,0.646423803834009,0.2919195473004206,0.5272108843537415,41,74488,3706,0.30405405405405406
142.08333333333334,292,0.644494114176111,0.2954065199289452,0.523972602739726,44,74532,3710,0.30067567567567566
142.16666666666666,295,0.6418909332540563,0.2976039201583996,0.5152542372881356,53,74585,3711,0.30743243243243246
142.25,295,0.6456585550147108,0.29861178235270247,0.5288135593220339,37,74622,3712,0.32094594594594594
142.33333333333334,296,0.6505856826603399,0.3045474688331831,0.543918918918919,47,74669,3712,0.32432432432432434
142.41666666666666,294,0.6553094035574747,0.3097565777310799,0.54421768707483,48,74717,3714,0.3310810810810811
142.5,295,0.6567486382321569,0.3109231702530016,0.5491525423728814,38,74755,3715,0.3310810810810811
142.58333333333334,296,0.6614741685659076,0.3034902397190533,0.5506756756756757,49,74804,3715,0.3310810810810811
142.66666666666666,294,0.6662175632118982,0.31206157659806916,0.5510204081632653,35,74839,3717,0.3344594594594595
142.75,292,0.6652294663157866,0.2989163411208918,0.5376712328767124,36,74875,3721,0.3344594594594595
142.83333333333334,293,0.6596102672780922,0.2879748603419983,0.5324232081911263,50,74925,3724,0.32432432432432434
142.91666666666666,296,0.6597969331315942,0.29544558160629586,0.5304054054054054,43,74968,3724,0.32094594594594594
143.0,293,0.6634048355126456,0.31071554400418366,0.5255972696245734,43,75011,3727,0.3344594594594595
143.08333333333334,294,0.6614061883056752,0.3055840593377036,0.5170068027210885,31,75042,3729,0.33783783783783783
143.16666666666666,292,0.6592589714196545,0.30078993495089384,0.5205479452054794,36,75078,3733,0.3310810810810811
143.25,293,0.6538643608345962,0.28719352320034913,0.5119453924914675,46,75124,3736,0.32094594594594594
143.33333333333334,296,0.6542908455734203,0.2898037491787492,0.5101351351351351,39,75163,3736,0.31756756756756754
143.41666666666666,296,0.6613776786922951,0.28463690026190025,0.5135135135135135,40,75203,3736,0.32432432432432434
143.5,294,0.6662723453093966,0.2848628903871691,0.5204081632653061,45,75248,3738,0.3344594594594595
143.58333333333334,294,0.6665828816972877,0.28798281468056275,0.5170068027210885,37,75285,3740,0.3310810810810811
143.66666666666666,289,0.6645633752147424,0.28461190038269146,0.5190311418685121,45,75330,3746,0.3310810810810811
143.75,295,0.6547953740832231,0.27567254908868,0.5084745762711864,48,75378,3747,0.3108108108108108
143.83333333333334,291,0.6538007245246583,0.2852683116280699,0.5085910652920962,50,75428,3752,0.31756756756756754
143.91666666666666,294,0.6476382671173937,0.2834362632832021,0.5068027210884354,30,75458,3754,0.30405405405405406
144.0,295,0.6492918464880263,0.27945376657241067,0.5050847457627119,51,75509,3755,0.3141891891891892
144.08333333333334,294,0.6520282228752394,0.28362345326631044,0.5034013605442177,34,75543,3757,0.3141891891891892
144.16666666666666,292,0.650165714453012,0.2935534309678145,0.5,44,75587,3761,0.31756756756756754
144.25,296,0.6485605109933861,0.2895276457776458,0.5067567567567568,33,75620,3761,0.3141891891891892
144.33333333333334,296,0.6557801882964189,0.29822281697281694,0.5168918918918919,43,75663,3761,0.31756756756756754
144.41666666666666,291,0.6573273598862202,0.29265189690229004,0.5223367697594502,52,75715,3766,0.32432432432432434
144.5,295,0.6523446738031712,0.2897035618745308,0.5220338983050847,42,75757,3767,0.3141891891891892
144.58333333333334,294,0.6550013212946668,0.2903234581602176,0.5306122448979592,34,75791,3769,0.31756756756756754
144.66666666666666,289,0.6496828745632903,0.2801563358449423,0.5294117647058824,40,75831,3776,0.3141891891891892
144.75,294,0.6392496361496917,0.27127135767806326,0.5238095238095238,37,75868,3778,0.30067567567567566
144.83333333333334,291,0.6361783205782146,0.2638732292635091,0.5189003436426117,34,75902,3783,0.30067567567567566
144.91666666666666,293,0.6296501493164781,0.26352913298305786,0.49829351535836175,44,75946,3786,0.2939189189189189
145.0,294,0.6281173220062549,0.26565338478603784,0.5034013605442177,40,75986,3788,0.2972972972972973
145.08333333333334,292,0.6263533146251758,0.27814353644833095,0.5,43,76029,3792,0.2972972972972973
145.16666666666666,292,0.6203784816300253,0.27994629989493003,0.4965753424657534,42,76071,3796,0.2939189189189189
145.25,293,0.615759317930536,0.28109849952853366,0.4948805460750853,47,76118,3799,0.28040540540540543
145.33333333333334,295,0.6160543361413148,0.2808050236016338,0.5084745762711864,40,76158,3800,0.27702702702702703
145.41666666666666,294,0.6192812801165595,0.2825109036843731,0.5068027210884354,33,76191,3802,0.28378378378378377
145.5,296,0.622917255115852,0.2736089923589924,0.5067567567567568,38,76229,3802,0.28040540540540543
145.58333333333334,292,0.6256900917688311,0.27645635409570224,0.5171232876712328,45,76274,3806,0.28378378378378377
145.66666666666666,290,0.6179793747780693,0.27111718709151145,0.503448275862069,36,76310,3812,0.27702702702702703
145.75,295,0.6117599683738445,0.2750230284793777,0.49830508474576274,29,76339,3813,0.2668918918918919
145.83333333333334,296,0.6174371241807498,0.2746235659060761,0.5135135135135135,43,76382,3813,0.2635135135135135
145.91666666666666,294,0.6228874283217246,0.2683065706080055,0.5204081632653061,43,76425,3815,0.27364864864864863
146.0,294,0.6240886812145616,0.2636922226911671,0.5170068027210885,52,76477,3817,0.2702702702702703
146.08333333333334,293,0.6273821272996903,0.26913382440921574,0.5187713310580204,39,76516,3819,0.27364864864864863
146.16666666666666,291,0.6229878694821734,0.2774487667099351,0.5085910652920962,47,76563,3824,0.2702702702702703
146.25,294,0.6210591875616914,0.2725348756811342,0.5034013605442177,33,76596,3825,0.2702702702702703
146.33333333333334,293,0.620900165713047,0.28020805827973067,0.49829351535836175,39,76635,3828,0.27702702702702703
146.41666666666666,293,0.6185466601430932,0.27626033743781186,0.49146757679180886,40,76675,3831,0.27364864864864863
146.5,292,0.6149251196675029,0.271939156100115,0.4794520547945205,31,76706,3835,0.2668918918918919
146.58333333333334,294,0.6118513703762166,0.2650564967012975,0.46938775510204084,41,76747,3837,0.2635135135135135
146.66666666666666,294,0.6134479864192123,0.2690838374633321,0.47278911564625853,35,76782,3839,0.26013513513513514
146.75,294,0.6146536963104844,0.25775236211310976,0.46598639455782315,39,76821,3841,0.2668918918918919
146.83333333333334,296,0.6183582669510524,0.26358859208734625,0.46283783783783783,54,76875,3841,0.2702702702702703
146.91666666666666,292,0.6216644566682329,0.27022585548360223,0.4589041095890411,42,76917,3845,0.28040540540540543
147.0,296,0.6210193823698021,0.26406410920935247,0.46283783783783783,36,76953,3845,0.28040540540540543
147.08333333333334,294,0.6261724909355431,0.2709527735113354,0.47959183673469385,37,76990,3847,0.28716216216216217
147.16666666666666,293,0.6258535438638403,0.2759453023061515,0.47440273037542663,37,77027,3850,0.2939189189189189
147.25,295,0.6258176957792395,0.2705301873055392,0.4711864406779661,46,77073,3851,0.2905405405405405
147.33333333333334,295,0.6299848259195575,0.2718256351307199,0.48135593220338985,31,77104,3852,0.2939189189189189
147.41666666666666,295,0.6341815229137492,0.2627503507164524,0.47796610169491527,33,77137,3853,0.2972972972972973
147.5,293,0.6364399846500203,0.26495023927983463,0.4948805460750853,46,77183,3856,0.30067567567567566
147.58333333333334,294,0.6351043456551057,0.26518247301775,0.4897959183673469,45,77228,3858,0.30067567567567566
147.66666666666666,293,0.6344407525026997,0.27333115175631023,0.49146757679180886,55,77283,3861,0.2972972972972973
147.75,295,0.6341979918598765,0.26645031858106916,0.4915254237288136,50,77333,3862,0.2939189189189189
147.83333333333334,294,0.6370490463783032,0.2746854042747277,0.4965986394557823,53,77386,3864,0.2905405405405405
147.91666666666666,295,0.6391453875855125,0.2751840330829934,0.5050847457627119,46,77432,3865,0.2905405405405405
148.0,294,0.6422334787483404,0.279501946550144,0.5068027210884354,49,77481,3867,0.2905405405405405
148.08333333333334,292,0.6407738281905461,0.2803621274928468,0.5034246575342466,47,77528,3871,0.28716216216216217
148.16666666666666,290,0.6335747890272494,0.27612793823327675,0.506896551724138,45,77573,3877,0.28040540540540543
148.25,295,0.6279347402674864,0.2710002286631038,0.5084745762711864,40,77613,3878,0.2702702702702703
148.33333333333334,288,0.6240296923934172,0.2784145541958042,0.5,56,77669,3886,0.27364864864864863
148.41666666666666,292,0.6133995597048163,0.2689337393960682,0.4897260273972603,43,77712,3889,0.2635135135135135
148.5,295,0.611520709111349,0.2761026073737938,0.4847457627118644,48,77760,3890,0.25675675675675674
148.58333333333334,294,0.6151919253527021,0.2755101386610887,0.4931972789115646,48,77808,3892,0.2668918918918919
148.66666666666666,293,0.6150775098680452,0.2891928612624152,0.4948805460750853,47,77855,3895,0.27702702702702703
148.75,293,0.6146811463899903,0.28967608111423576,0.4948805460750853,40,77895,3898,0.27364864864864863
148.83333333333334,294,0.6134356168148193,0.2890891522401023,0.4897959183673469,47,77942,3900,0.2702702702702703
148.91666666666666,292,0.6117319718286021,0.2753509244652372,0.476027397260274,53,77995,3904,0.27364864864864863
149.0,294,0.6085406062036387,0.2771326566805103,0.47278911564625853,46,78041,3906,0.2668918918918919
149.08333333333334,293,0.6081748526226355,0.29091603315152803,0.4812286689419795,49,78090,3909,0.2668918918918919
149.16666666666666,294,0.6072210775142213,0.29071897490264836,0.47959183673469385,46,78136,3911,0.26013513513513514
149.25,295,0.609672549174944,0.2953611736662584,0.4745762711864407,44,78180,3912,0.26013513513513514
149.33333333333334,291,0.60888330115169,0.2921353560528818,0.4639175257731959,40,78220,3917,0.2668918918918919
149.41666666666666,294,0.6044264540114994,0.2885189343644154,0.45918367346938777,44,78264,3919,0.2635135135135135
149.5,293,0.6058474966086744,0.280896472290914,0.4641638225255973,43,78307,3922,0.2635135135135135
149.58333333333334,295,0.6061255261637571,0.28252485609628464,0.46779661016949153,48,78355,3923,0.2635135135135135
149.66666666666666,295,0.6104912881596454,0.2900777175474512,0.4745762711864407,40,78395,3924,0.2702702702702703
149.75,295,0.614950512428527,0.2964906092024736,0.4711864406779661,37,78432,3925,0.2702702702702703
149.83333333333334,294,0.6180749483465408,0.2879920816145306,0.46938775510204084,40,78472,3927,0.27364864864864863
149.91666666666666,296,0.6216335312655946,0.2847043440793441,0.47635135135135137,42,78514,3927,0.27364864864864863
150.0,295,0.6279702770053476,0.28711801381292906,0.4847457627118644,45,78559,3928,0.28716216216216217
150.08333333333334,291,0.627117334479808,0.29213773053979236,0.48109965635738833,39,78598,3933,0.2939189189189189
150.16666666666666,295,0.6227479600281702,0.2881944044655909,0.47796610169491527,35,78633,3934,0.27702702702702703
150.25,292,0.6230770900481808,0.28542588364016935,0.476027397260274,50,78683,3938,0.28716216216216217
150.33333333333334,295,0.6209322248557555,0.2797418208965341,0.4711864406779661,36,78719,3939,0.27702702702702703
150.41666666666666,295,0.625123434408652,0.28072408721778347,0.4745762711864407,44,78763,3940,0.28378378378378377
150.5,294,0.6281217927650068,0.29075004566233076,0.47278911564625853,29,78792,3942,0.28040540540540543
150.58333333333334,295,0.6302123172250064,0.2915844882159485,0.4847457627118644,42,78834,3943,0.28378378378378377
150.66666666666666,294,0.6331716711660196,0.2805440132234643,0.5,47,78881,3945,0.28040540540540543
150.75,294,0.6344854276052846,0.28267268576030014,0.5034013605442177,40,78921,3947,0.28040540540540543
150.83333333333334,295,0.6365373906358771,0.2701956031158714,0.5152542372881356,43,78964,3948,0.28378378378378377
150.91666666666666,295,0.640790073688152,0.27777225401221833,0.5186440677966102,47,79011,3949,0.28040540540540543
151.0,293,0.6427078682375024,0.27119561326045966,0.515358361774744,51,79062,3952,0.28716216216216217
151.08333333333334,295,0.642645656990781,0.26949589958064535,0.5186440677966102,37,79099,3953,0.28040540540540543
151.16666666666666,295,0.6469509926872269,0.2695449371720558,0.5186440677966102,45,79144,3954,0.27702702702702703
151.25,295,0.6513041965894484,0.25782301502640487,0.5254237288135594,47,79191,3955,0.28040540540540543
151.33333333333334,291,0.6508532927895706,0.26981415873168446,0.5292096219931272,34,79225,3960,0.2905405405405405
151.41666666666666,295,0.6462762873185041,0.27083825778741033,0.5220338983050847,42,79267,3961,0.27702702702702703
151.5,293,0.648123470791118,0.2770747076207827,0.5187713310580204,40,79307,3964,0.27702702702702703
151.58333333333334,295,0.648332443734819,0.2636069486069486,0.5152542372881356,47,79354,3965,0.27364864864864863
151.66666666666666,290,0.6466865643958576,0.256262702814427,0.5,51,79405,3971,0.2905405405405405
151.75,295,0.639706478758842,0.2616599502192723,0.49830508474576274,38,79443,3972,0.2939189189189189
151.83333333333334,295,0.6436549906880721,0.26146024408736274,0.5016949152542373,37,79480,3973,0.2905405405405405
151.91666666666666,293,0.6453792061444121,0.2627894005880354,0.49829351535836175,46,79526,3976,0.2939189189189189
152.0,293,0.6426205943468078,0.2659334219061182,0.49829351535836175,43,79569,3979,0.2972972972972973
152.08333333333334,294,0.640960581744153,0.27596725836521757,0.4931972789115646,36,79605,3981,0.2972972972972973
152.16666666666666,294,0.6414918279558662,0.2766343728078422,0.48639455782312924,40,79645,3983,0.30067567567567566
152.25,295,0.6431640246242919,0.26740941732467155,0.4847457627118644,40,79685,3984,0.30405405405405406
152.33333333333334,293,0.6447509370447747,0.2701768449330614,0.49146757679180886,37,79722,3987,0.30405405405405406
152.41666666666666,294,0.6430464236935594,0.27299714511813633,0.4931972789115646,36,79758,3989,0.30067567567567566
152.5,291,0.6398430175323984,0.28031011289479624,0.4845360824742268,31,79789,3994,0.30067567567567566
152.58333333333334,293,0.6325764715694268,0.28376306774649046,0.5017064846416383,53,79842,3997,0.28716216216216217
152.66666666666666,290,0.6260684116093853,0.2813433583384322,0.496551724137931,43,79885,4003,0.28378378378378377
152.75,295,0.6228441536265734,0.2691106525973354,0.49830508474576274,46,79931,4003,0.27364864864864863
152.83333333333334,295,0.6269338895724056,0.2793878071405833,0.49830508474576274,35,79966,4004,0.27702702702702703
152.91666666666666,294,0.6298635722329146,0.28837256912556,0.4931972789115646,31,79997,4006,0.28378378378378377
153.0,295,0.6318593635983377,0.2824191540001008,0.4915254237288136,26,80023,4007,0.28716216216216217
153.08333333333334,295,0.6359473728823701,0.27216895222447535,0.5050847457627119,31,80054,4008,0.28716216216216217
153.16666666666666,294,0.638872095913634,0.2709779078533477,0.5,33,80087,4010,0.2905405405405405
153.25,293,0.6384096864271085,0.27129629945329603,0.49829351535836175,44,80131,4013,0.28378378378378377
153.33333333333334,294,0.6370722118393385,0.2847122926204559,0.5068027210884354,31,80162,4015,0.27364864864864863
153.41666666666666,295,0.6391897785903206,0.2900924217025912,0.511864406779661,42,80204,4016,0.27364864864864863
153.5,296,0.6448200885363957,0.28690357127857125,0.5236486486486487,41,80245,4016,0.27702702702702703
153.58333333333334,295,0.6514096393354237,0.28488581098750587,0.5152542372881356,43,80288,4017,0.28040540540540543
153.66666666666666,290,0.6498993936167897,0.2956471757580132,0.506896551724138,40,80328,4023,0.28716216216216217
153.75,292,0.6405471253796289,0.28556068849610927,0.5,48,80376,4027,0.28040540540540543
153.83333333333334,293,0.6355256364368523,0.2746980916044787,0.4880546075085324,40,80416,4030,0.28378378378378377
153.91666666666666,294,0.6340825659270436,0.2693616069709364,0.47959183673469385,38,80454,4032,0.28378378378378377
154.0,295,0.6360733823634542,0.27630648071326036,0.4915254237288136,50,80504,4033,0.28716216216216217
154.08333333333334,294,0.6389661754667243,0.28885532456961033,0.4965986394557823,30,80534,4035,0.2939189189189189
154.16666666666666,291,0.6359009131012244,0.2824216161845028,0.4845360824742268,39,80573,4040,0.30067567567567566
154.25,293,0.6287348204909967,0.27669728830138385,0.4709897610921502,40,80613,4043,0.28716216216216217
154.33333333333334,293,0.6259169993955321,0.2811760291282476,0.46757679180887374,47,80660,4046,0.28716216216216217
154.41666666666666,291,0.6206815090964337,0.2753663003663004,0.46048109965635736,43,80703,4051,0.27702702702702703
154.5,294,0.6152235545463386,0.2777912846790398,0.4523809523809524,38,80741,4053,0.2668918918918919
154.58333333333334,294,0.6161460502536601,0.27759237172502477,0.445578231292517,29,80770,4055,0.28040540540540543
154.66666666666666,293,0.6157930446485681,0.26935588080957434,0.44368600682593856,39,80809,4058,0.28040540540540543
154.75,293,0.6133106798173211,0.2656166738133355,0.4539249146757679,39,80848,4061,0.27702702702702703
154.83333333333334,292,0.6094619068206729,0.27345330659242256,0.4623287671232877,47,80895,4065,0.27364864864864863
154.91666666666666,295,0.6075623018905859,0.2672747215175075,0.4576271186440678,34,80929,4066,0.2635135135135135
155.0,294,0.6106200413735645,0.27566986145452016,0.46938775510204084,34,80963,4068,0.2668918918918919
155.08333333333334,294,0.6116552686778453,0.2734846704498358,0.46598639455782315,31,80994,4070,0.2635135135135135
155.16666666666666,294,0.6131926298297504,0.27305377815330567,0.47619047619047616,41,81035,4072,0.27364864864864863
155.25,295,0.6154276953124278,0.2726926641308373,0.488135593220339,50,81085,4073,0.27702702702702703
155.33333333333334,296,0.6209351447403862,0.2754985619825521,0.4864864864864865,38,81123,4073,0.2905405405405405
155.41666666666666,295,0.6272042436299619,0.28714526523451966,0.488135593220339,37,81160,4074,0.30067567567567566
155.5,296,0.6326085384534822,0.2785929713269615,0.4966216216216216,42,81202,4074,0.2972972972972973
155.58333333333334,295,0.6389118742156701,0.28329127455995623,0.5016949152542373,50,81252,4075,0.2972972972972973
155.66666666666666,294,0.6418593458361463,0.2677030644571109,0.5,36,81288,4077,0.30743243243243246
155.75,296,0.644924472381619,0.2622627375860135,0.5033783783783784,39,81327,4077,0.30743243243243246
155.83333333333334,293,0.6487484780409831,0.2562262446927623,0.5119453924914675,41,81368,4080,0.3108108108108108
155.91666666666666,292,0.6454834367961824,0.2577169982696671,0.5171232876712328,54,81422,4084,0.30405405405405406
156.0,296,0.6440677465673013,0.26443929633584806,0.5168918918918919,40,81462,4084,0.2972972972972973
156.08333333333334,295,0.6501947588250263,0.2710377670254935,0.5288135593220339,38,81500,4085,0.30405405405405406
156.16666666666666,294,0.6529747514400072,0.2535766293419355,0.5238095238095238,49,81549,4087,0.3141891891891892
156.25,294,0.6534757614072494,0.2569575549167386,0.5238095238095238,40,81589,4089,0.30743243243243246
156.33333333333334,293,0.6527935535513079,0.2656035091188675,0.5187713310580204,47,81636,4092,0.30743243243243246
156.41666666666666,292,0.6511044212026994,0.2661245144325014,0.5171232876712328,51,81687,4096,0.2972972972972973
156.5,292,0.6446822071437318,0.2576068429867478,0.5205479452054794,38,81725,4100,0.2905405405405405
156.58333333333334,292,0.6383413097283177,0.26009270377740307,0.5102739726027398,46,81771,4104,0.28040540540540543
156.66666666666666,294,0.6347215071906288,0.2579089274869282,0.5204081632653061,52,81823,4106,0.2702702702702703
156.75,292,0.6330985078066907,0.25604904038123216,0.5102739726027398,53,81876,4110,0.27364864864864863
156.83333333333334,295,0.6309281159752504,0.2600623105707851,0.5050847457627119,45,81921,4111,0.2635135135135135
156.91666666666666,292,0.6314694086857309,0.2673057916208601,0.5102739726027398,46,81967,4115,0.2668918918918919
157.0,293,0.6269226199176856,0.26352977701100566,0.5051194539249146,41,82008,4118,0.2533783783783784
157.08333333333334,293,0.624658130124754,0.2634344209968424,0.49829351535836175,36,82044,4121,0.25
157.16666666666666,294,0.6236689655505113,0.24899750530217005,0.5068027210884354,53,82097,4123,0.24662162162162163
157.25,293,0.624291265541986,0.2584163074046058,0.5051194539249146,45,82142,4126,0.24662162162162163
157.33333333333334,295,0.6248597391144588,0.2751472337186623,0.5186440677966102,43,82185,4127,0.24662162162162163
157.41666666666666,296,0.630713328427423,0.2720274738131881,0.5202702702702703,54,82239,4127,0.24662162162162163
157.5,293,0.6348791685383026,0.2745752720130232,0.5290102389078498,53,82292,4130,0.2668918918918919
157.58333333333334,292,0.6312491013789333,0.2798951812502828,0.5273972602739726,51,82343,4134,0.2668918918918919
157.66666666666666,291,0.6240567796545093,0.2813427888881142,0.5189003436426117,47,82390,4139,0.2635135135135135
157.75,290,0.6134453758647964,0.2713884012011242,0.5103448275862069,53,82443,4145,0.2533783783783784
157.83333333333334,294,0.606250659059303,0.26782154919910023,0.5,43,82486,4147,0.23310810810810811
157.91666666666666,295,0.6089395686371374,0.2670510468815554,0.5016949152542373,49,82535,4148,0.23310810810810811
158.0,292,0.6117313810321042,0.2658542370871138,0.5102739726027398,46,82581,4152,0.24662162162162163
158.08333333333334,295,0.6100895400155126,0.25564999031100727,0.5050847457627119,43,82624,4153,0.24662162162162163
158.16666666666666,295,0.6146275149492321,0.2587275906767432,0.511864406779661,45,82669,4154,0.24662162162162163
158.25,296,0.6205541432781638,0.2665972540972541,0.5101351351351351,51,82720,4154,0.25
158.33333333333334,293,0.624778968020726,0.26776425941467386,0.5085324232081911,46,82766,4157,0.2533783783783784
158.41666666666666,292,0.62129804115901,0.26516926620889436,0.5034246575342466,45,82811,4161,0.2533783783783784
158.5,293,0.6171605007215634,0.2773864726205048,0.4948805460750853,40,82851,4164,0.25
158.58333333333334,290,0.6134832679275835,0.28396540104668183,0.5,42,82893,4170,0.25
158.66666666666666,294,0.6061318991096768,0.2662156437666642,0.48299319727891155,36,82929,4172,0.25
158.75,294,0.6071065194286239,0.26658622934133136,0.47619047619047616,52,82981,4174,0.25675675675675674
158.83333333333334,295,0.6094773764498957,0.27546438495591036,0.48135593220338985,51,83032,4175,0.25675675675675674
158.91666666666666,294,0.6126188626486118,0.2703791106852331,0.48639455782312924,40,83072,4177,0.2635135135135135
159.0,294,0.6136341390705413,0.2703998760121209,0.47959183673469385,49,83121,4179,0.2702702702702703
159.08333333333334,296,0.6171196691441517,0.27889661014661016,0.47635135135135137,43,83164,4179,0.2702702702702703
159.16666666666666,296,0.6247896190063661,0.27659657347157346,0.47635135135135137,53,83217,4179,0.28040540540540543
159.25,293,0.6286118622389801,0.26978324102897483,0.4778156996587031,46,83263,4182,0.30067567567567566
159.33333333333334,295,0.6284281008524347,0.25462572267657013,0.4711864406779661,40,83303,4183,0.2939189189189189
159.41666666666666,295,0.6324969136596514,0.26174717969867006,0.46779661016949153,48,83351,4184,0.2905405405405405
159.5,295,0.6366719285517032,0.25929231817601195,0.47796610169491527,56,83407,4185,0.2905405405405405
159.58333333333334,294,0.6395754399671747,0.2618502636623678,0.4897959183673469,42,83449,4187,0.30067567567567566
159.66666666666666,295,0.6422678100053101,0.26574835840177746,0.488135593220339,46,83495,4188,0.30067567567567566
159.75,294,0.6451617408794034,0.2727524274146371,0.48639455782312924,45,83540,4190,0.30067567567567566
159.83333333333334,295,0.6470259457009541,0.26846254531234076,0.488135593220339,52,83592,4191,0.3108108108108108
159.91666666666666,295,0.6510579389019793,0.2632867418314525,0.488135593220339,52,83644,4192,0.3141891891891892
160.0,295,0.6551083553442639,0.2523228560516696,0.5050847457627119,55,83699,4193,0.32432432432432434
160.08333333333334,293,0.6567660761653638,0.2536421674646931,0.5017064846416383,48,83747,4196,0.32432432432432434
160.16666666666666,292,0.6527445272797031,0.24929291598812148,0.4931506849315068,51,83798,4200,0.32094594594594594
160.25,293,0.6490323456847116,0.25379084321063844,0.49146757679180886,51,83849,4203,0.3141891891891892
160.33333333333334,293,0.6466610652989816,0.2693992772491066,0.4880546075085324,43,83892,4206,0.3141891891891892
160.41666666666666,294,0.6448356053861806,0.25958970168153844,0.48299319727891155,46,83938,4208,0.31756756756756754
160.5,292,0.6427822411388705,0.25612908780717,0.476027397260274,39,83977,4212,0.31756756756756754
160.58333333333334,294,0.6428613640363274,0.25473396595845577,0.48299319727891155,44,84021,4213,0.3141891891891892
160.66666666666666,293,0.6439770553209405,0.25726960481958044,0.48464163822525597,50,84071,4216,0.31756756756756754
160.75,293,0.640829217855474,0.2630408424142347,0.47440273037542663,42,84113,4219,0.32094594594594594
160.83333333333334,293,0.6376770147532375,0.2684016106345836,0.47440273037542663,45,84158,4222,0.31756756756756754
160.91666666666666,294,0.6357670139273253,0.2745451722467406,0.46938775510204084,48,84206,4224,0.3108108108108108
161.0,293,0.6348428309460058,0.27445067290012565,0.46757679180887374,52,84258,4227,0.30743243243243246
161.08333333333334,294,0.6330373692286324,0.2753223537090532,0.4897959183673469,59,84317,4229,0.30743243243243246
161.16666666666666,295,0.6346527737680239,0.2838625310659209,0.49491525423728816,54,84371,4230,0.3108108108108108
161.25,295,0.638449126108386,0.28258547478886464,0.48135593220338985,45,84416,4231,0.3141891891891892
161.33333333333334,294,0.6410810216825221,0.28817732721345596,0.5068027210884354,42,84458,4233,0.3141891891891892
161.41666666666666,295,0.6427738740063526,0.2778557130307024,0.5016949152542373,49,84507,4234,0.3108108108108108
161.5,294,0.6454294160788843,0.2736078169806805,0.5,39,84546,4236,0.3108108108108108
161.58333333333334,293,0.6448523993917392,0.2769982106865713,0.5017064846416383,43,84589,4239,0.30743243243243246
161.66666666666666,295,0.6442959914545208,0.2783594196569065,0.511864406779661,36,84625,4240,0.30067567567567566
161.75,294,0.6470270060446518,0.27757731816493253,0.5136054421768708,45,84670,4242,0.30067567567567566
161.83333333333334,294,0.6476552427113521,0.27708445178285335,0.5068027210884354,50,84720,4244,0.2972972972972973
161.91666666666666,293,0.6470802398397397,0.27374749818889765,0.4880546075085324,39,84759,4247,0.2939189189189189
162.0,293,0.6446500475741174,0.2700526615177164,0.4812286689419795,52,84811,4250,0.2939189189189189
162.08333333333334,289,0.640318788507249,0.2692660832897252,0.4809688581314879,33,84844,4256,0.2939189189189189
162.16666666666666,293,0.6322456944983541,0.25893221032177643,0.49146757679180886,50,84894,4258,0.28040540540540543
162.25,296,0.633271363871906,0.2606200749057892,0.48986486486486486,51,84945,4258,0.27364864864864863
162.33333333333334,294,0.6383906592133943,0.2728038010472413,0.5,44,84989,4260,0.27702702702702703
162.41666666666666,291,0.6355765321666024,0.2753303397633295,0.5085910652920962,41,85030,4265,0.27702702702702703
162.5,295,0.6311880445330375,0.26278825726517135,0.5050847457627119,45,85075,4266,0.2635135135135135
162.58333333333334,292,0.6317105236851007,0.2576459502681751,0.5034246575342466,52,85127,4270,0.2702702702702703
162.66666666666666,295,0.6296758515869839,0.25459078484251735,0.5152542372881356,46,85173,4271,0.26013513513513514
162.75,292,0.6303257485072531,0.2526372301378921,0.5102739726027398,53,85226,4275,0.26013513513513514
162.83333333333334,295,0.6283422902468372,0.24766853637112027,0.5152542372881356,36,85262,4276,0.26013513513513514
162.91666666666666,295,0.6327436572911247,0.2421472685617169,0.5389830508474577,38,85300,4277,0.25675675675675674
163.0,293,0.6351260857743475,0.23378421070807018,0.5290102389078498,45,85345,4280,0.2702702702702703
163.08333333333334,295,0.6350206623113114,0.23071745381825165,0.5322033898305085,44,85389,4281,0.27702702702702703
163.16666666666666,294,0.6379864915725645,0.23590208625129172,0.5374149659863946,51,85440,4283,0.27702702702702703
163.25,293,0.6376568150340256,0.24242496838734634,0.5392491467576792,54,85494,4286,0.28040540540540543
163.33333333333334,294,0.6363081767494642,0.23901257143426102,0.5374149659863946,49,85543,4288,0.27702702702702703
163.41666666666666,294,0.6371082304820495,0.2375146018003161,0.54421768707483,54,85597,4290,0.27364864864864863
163.5,292,0.6354929862711203,0.23765895443977636,0.5308219178082192,48,85645,4294,0.27702702702702703
163.58333333333334,295,0.6332417957598089,0.24531306734696565,0.5288135593220339,42,85687,4295,0.27364864864864863
163.66666666666666,293,0.634976897723779,0.2561833120056062,0.5255972696245734,52,85739,4298,0.27364864864864863
163.75,294,0.6337671884092458,0.25488498619768074,0.5272108843537415,56,85795,4300,0.2702702702702703
163.83333333333334,294,0.6347081276074702,0.24970138484061,0.5238095238095238,50,85845,4302,0.2668918918918919
163.91666666666666,294,0.6357084732378235,0.2583409784291832,0.5306122448979592,42,85887,4304,0.2635135135135135
164.0,295,0.6379369264120427,0.26250617555702305,0.535593220338983,46,85933,4305,0.2668918918918919
164.08333333333334,293,0.6399310927627881,0.26789533821862666,0.5392491467576792,47,85980,4308,0.2635135135135135
164.16666666666666,294,0.6388350780638855,0.26097828870329576,0.5306122448979592,55,86035,4310,0.2635135135135135
164.25,294,0.6398663030195164,0.25234800175668226,0.5374149659863946,44,86079,4312,0.26013513513513514
164.33333333333334,293,0.6396717230422926,0.2429409679653463,0.5255972696245734,45,86124,4315,0.2668918918918919
164.41666666666666,296,0.640871574247741,0.2482670737135023,0.5304054054054054,54,86178,4315,0.26013513513513514
164.5,295,0.6473978253456875,0.24407601814381474,0.5322033898305085,54,86232,4316,0.2668918918918919
164.58333333333334,294,0.6512854153124239,0.23963194779521313,0.5306122448979592,51,86283,4318,0.2702702702702703
164.66666666666666,293,0.6509023296902927,0.24136687165697404,0.5255972696245734,51,86334,4321,0.28378378378378377
164.75,293,0.6481688045613919,0.24128948412224863,0.5221843003412969,49,86383,4324,0.28716216216216217
164.83333333333334,295,0.6477965257514581,0.24590486726079946,0.5254237288135594,51,86434,4325,0.2905405405405405
164.91666666666666,294,0.6505843249100851,0.2476011044888596,0.5204081632653061,56,86490,4327,0.2972972972972973
165.0,289,0.6452905838029159,0.24634810595018208,0.5051903114186851,63,86553,4334,0.2972972972972973
165.08333333333334,294,0.6348346095931386,0.24111715948450643,0.4897959183673469,46,86599,4336,0.27702702702702703
165.16666666666666,294,0.6353714950643659,0.24880703197029727,0.4897959183673469,44,86643,4338,0.27702702702702703
165.25,296,0.6384904980841483,0.24037983085948203,0.5,46,86689,4338,0.28716216216216217
165.33333333333334,295,0.6446526657321413,0.24384801343332324,0.511864406779661,47,86736,4339,0.2905405405405405
165.41666666666666,293,0.6462114126608882,0.2463528569624085,0.5119453924914675,52,86788,4342,0.3108108108108108
165.5,292,0.6423380020754259,0.23750365649566874,0.5068493150684932,51,86839,4346,0.30405405405405406
165.58333333333334,294,0.6383320091034134,0.238051688523426,0.4965986394557823,51,86890,4348,0.2972972972972973
165.66666666666666,293,0.637505422826274,0.23742508096691928,0.49146757679180886,45,86935,4351,0.30067567567567566
165.75,292,0.6333607486948961,0.24184311725643798,0.4863013698630137,36,86971,4355,0.2972972972972973
165.83333333333334,294,0.6338755206887746,0.24634111197270947,0.4897959183673469,45,87016,4356,0.2939189189189189
165.91666666666666,294,0.6343994450365462,0.24920431042880023,0.4897959183673469,41,87057,4358,0.2905405405405405
166.0,294,0.6349271907276334,0.25387851307405174,0.4897959183673469,38,87095,4360,0.30067567567567566
166.08333333333334,294,0.6354355357307991,0.2524922576061636,0.4897959183673469,49,87144,4362,0.30067567567567566
166.16666666666666,296,0.6384884547192525,0.2625465687238943,0.48986486486486486,53,87197,4362,0.2972972972972973
166.25,292,0.6409067296960126,0.2764634749343255,0.4863013698630137,53,87250,4366,0.3141891891891892
166.33333333333334,296,0.6395756497731886,0.27044224849457404,0.49324324324324326,42,87292,4366,0.30743243243243246
166.41666666666666,294,0.6443793107059329,0.2766779516779517,0.5068027210884354,52,87344,4368,0.3344594594594595
166.5,295,0.64597339603872,0.27376226410124715,0.5016949152542373,46,87390,4369,0.3344594594594595
166.58333333333334,294,0.6484924157556208,0.2703535693331612,0.5,46,87436,4371,0.33783783783783783
166.66666666666666,292,0.6464808353397695,0.28174970007161787,0.5,43,87479,4375,0.3344594594594595
166.75,294,0.6425090648110038,0.26300400279992114,0.4965986394557823,54,87533,4377,0.32094594594594594
166.83333333333334,295,0.6442250367639886,0.26136645840035666,0.49491525423728816,47,87580,4378,0.32432432432432434
166.91666666666666,292,0.6446434775988414,0.2749379297563433,0.5034246575342466,50,87630,4382,0.32094594594594594
167.0,292,0.6385129925745389,0.2712315429163948,0.5,38,87668,4386,0.3141891891891892
167.08333333333334,291,0.6309793086014265,0.2593333227593597,0.48109965635738833,51,87719,4391,0.32094594594594594
167.16666666666666,294,0.625099830132093,0.2602546419110254,0.46258503401360546,52,87771,4393,0.3108108108108108
167.25,295,0.6270523933708461,0.25442012789470414,0.4576271186440678,44,87815,4394,0.30405405405405406
167.33333333333334,293,0.6287705767095695,0.2607937663398414,0.4709897610921502,40,87855,4397,0.30743243243243246
167.41666666666666,295,0.6286597341571913,0.26081493835731123,0.47796610169491527,41,87896,4398,0.3108108108108108
167.5,292,0.6289890480912904,0.2625927915311477,0.4863013698630137,48,87944,4402,0.3141891891891892
167.58333333333334,292,0.6245280981609983,0.27326309688494843,0.4863013698630137,43,87987,4406,0.30743243243243246
167.66666666666666,292,0.6216795537216094,0.2859555034129714,0.4828767123287671,48,88035,4409,0.30067567567567566
167.75,295,0.6194094597172942,0.27766141731423305,0.488135593220339,45,88080,4410,0.2939189189189189
167.83333333333334,290,0.6170672322452697,0.27616169271341684,0.4827586206896552,35,88115,4416,0.30067567567567566
167.91666666666666,295,0.6108367217394136,0.2755648964970999,0.488135593220339,55,88170,4417,0.28378378378378377
168.0,294,0.613745205186535,0.28447780488596813,0.48639455782312924,46,88216,4419,0.28716216216216217
168.08333333333334,296,0.6174444639289899,0.27586016680844266,0.48986486486486486,41,88257,4419,0.28378378378378377
168.16666666666666,293,0.6214052129909247,0.2780194306497708,0.49146757679180886,47,88304,4422,0.2905405405405405
168.25,293,0.6190466432270969,0.26663296917798507,0.48464163822525597,42,88346,4425,0.28716216216216217
168.33333333333334,293,0.6191045732699791,0.26646602252152113,0.48464163822525597,36,88382,4428,0.27702702702702703
168.41666666666666,294,0.6193163432348806,0.2797420728518044,0.48639455782312924,40,88422,4430,0.28378378378378377
168.5,291,0.6169970790598263,0.2624220636327174,0.49140893470790376,46,88468,4435,0.28378378378378377
168.58333333333334,292,0.6088085016004633,0.2630471670790172,0.4828767123287671,33,88501,4439,0.28040540540540543
168.66666666666666,293,0.6040983626480583,0.26727402026821906,0.4812286689419795,39,88540,4442,0.2702702702702703
168.75,296,0.6056404178057135,0.2662106461894597,0.47635135135135137,30,88570,4442,0.2635135135135135
168.83333333333334,294,0.6107943941933227,0.25961562026504953,0.47619047619047616,31,88601,4444,0.2635135135135135
168.91666666666666,291,0.6079323828422457,0.2569633497468549,0.4742268041237113,36,88637,4449,0.26013513513513514
169.0,295,0.6041561367471698,0.2561866100001693,0.4745762711864407,41,88678,4450,0.25
169.08333333333334,291,0.60328998598024,0.2598401121596998,0.47766323024054985,34,88712,4455,0.25
169.16666666666666,295,0.6030811389116436,0.25352384935669564,0.47796610169491527,45,88757,4455,0.24662162162162163
169.25,296,0.6089693682243331,0.25581607769655695,0.4797297297297297,34,88791,4455,0.25
169.33333333333334,295,0.6157259398941247,0.2580789455420705,0.48135593220338985,43,88834,4456,0.2533783783783784
169.41666666666666,293,0.6178322443674327,0.26599892334234265,0.4812286689419795,36,88870,4459,0.25
169.5,293,0.6158104956749801,0.26051791402174285,0.4812286689419795,37,88907,4462,0.2533783783783784
169.58333333333334,295,0.6175070123717407,0.26153994749226006,0.488135593220339,35,88942,4463,0.2533783783783784
169.66666666666666,292,0.6181032139748565,0.26789296130049556,0.4828767123287671,41,88983,4467,0.2533783783783784
169.75,293,0.6141557937597867,0.267904403143311,0.4812286689419795,36,89019,4470,0.25
169.83333333333334,295,0.6143188579808174,0.2652849757177432,0.49830508474576274,36,89055,4471,0.2533783783783784
169.91666666666666,296,0.6200874120496309,0.25595193737986444,0.49324324324324326,37,89092,4471,0.2533783783783784
170.0,292,0.6228945157527098,0.2656286605864222,0.4931506849315068,34,89126,4475,0.26013513513513514
170.08333333333334,293,0.6183766880023657,0.2650334937317825,0.49146757679180886,48,89174,4478,0.2635135135135135
170.16666666666666,295,0.6185090310698641,0.27115161642596286,0.48135593220338985,38,89212,4479,0.25675675675675674
170.25,294,0.6216074235299843,0.2724108843358238,0.4897959183673469,45,89257,4481,0.26013513513513514
170.33333333333334,296,0.625184912265188,0.2662640662640663,0.4864864864864865,45,89302,4481,0.2668918918918919
170.41666666666666,293,0.6291460272467159,0.27496871728953637,0.4778156996587031,34,89336,4484,0.27364864864864863
170.5,293,0.630099559897242,0.2680214362808219,0.48464163822525597,42,89378,4486,0.27702702702702703
170.58333333333334,293,0.6276387494504211,0.260419376387197,0.4812286689419795,41,89419,4489,0.28040540540540543
170.66666666666666,295,0.6275311679109179,0.25195995959918477,0.4711864406779661,40,89459,4490,0.28040540540540543
170.75,294,0.6304575821398867,0.25795657344491163,0.46258503401360546,37,89496,4492,0.28040540540540543
170.83333333333334,293,0.6300664704696398,0.27210604823964163,0.48464163822525597,38,89534,4495,0.27702702702702703
170.91666666666666,292,0.6261843903184346,0.2598203994852723,0.4657534246575342,45,89579,4499,0.27702702702702703
171.0,294,0.6228301413822624,0.24905409081793922,0.46938775510204084,49,89628,4501,0.2702702702702703
171.08333333333334,293,0.6225554533140235,0.25167295595135675,0.46757679180887374,49,89677,4504,0.2702702702702703
171.16666666666666,291,0.6180892911725822,0.2621029491427135,0.4570446735395189,34,89711,4509,0.2635135135135135
171.25,296,0.6154811531766021,0.2689220314220314,0.47635135135135137,44,89755,4509,0.25675675675675674
171.33333333333334,295,0.6220644725948924,0.27078287867634115,0.488135593220339,49,89804,4510,0.2668918918918919
171.41666666666666,294,0.6259443164471815,0.25833723964190436,0.47959183673469385,33,89837,4512,0.2702702702702703
171.5,290,0.6225236752326376,0.2569765948337377,0.4724137931034483,42,89879,4518,0.2702702702702703
171.58333333333334,292,0.6123732788898637,0.24969133660425247,0.4623287671232877,42,89921,4522,0.2635135135135135
171.66666666666666,295,0.6104544615193984,0.25692110956033476,0.4576271186440678,40,89961,4523,0.25
171.75,287,0.6064088974089076,0.25446182598994943,0.4634146341463415,38,89999,4532,0.25675675675675674
171.83333333333334,294,0.5930356987983045,0.24109452527819875,0.46598639455782315,50,90049,4534,0.23986486486486486
171.91666666666666,295,0.5961398348829456,0.24547962395420023,0.46779661016949153,47,90096,4535,0.23986486486486486
172.0,293,0.5979633098066206,0.2441599261565132,0.4709897610921502,52,90148,4538,0.2533783783783784
172.08333333333334,294,0.5970430639603077,0.24167172585539934,0.46598639455782315,45,90193,4540,0.2533783783783784
172.16666666666666,295,0.5994435044895657,0.25580228488218804,0.4711864406779661,51,90244,4541,0.2533783783783784
172.25,294,0.6059810021717607,0.26019950279903026,0.48639455782312924,51,90295,4542,0.26013513513513514
172.33333333333334,294,0.607027026085455,0.24869166067894327,0.47619047619047616,42,90337,4544,0.2702702702702703
172.41666666666666,295,0.6092433575593039,0.25211990355807673,0.4745762711864407,53,90390,4545,0.2702702702702703
172.5,295,0.6134997279724242,0.2544443224805586,0.4745762711864407,52,90442,4546,0.2668918918918919
172.58333333333334,295,0.6178481282364071,0.26168852804446024,0.47796610169491527,31,90473,4547,0.2668918918918919
172.66666666666666,296,0.6234350603002333,0.2647373084873085,0.4797297297297297,52,90525,4547,0.2702702702702703
172.75,294,0.62855612342009,0.27109526905445275,0.48639455782312924,47,90572,4549,0.27702702702702703
172.83333333333334,292,0.626876172357981,0.26445777396119863,0.4863013698630137,51,90623,4553,0.27364864864864863
172.91666666666666,294,0.6234347288919823,0.26358374241027305,0.48299319727891155,43,90666,4555,0.2635135135135135
173.0,293,0.6229753146037257,0.2747474936894732,0.4880546075085324,43,90709,4558,0.26013513513513514
173.08333333333334,293,0.6203826954066106,0.27761760423876464,0.515358361774744,46,90755,4561,0.26013513513513514
173.16666666666666,293,0.6177852476978217,0.27562992427692573,0.5051194539249146,46,90801,4564,0.25
173.25,292,0.613865402695108,0.272810321880772,0.4931506849315068,55,90856,4568,0.2533783783783784
173.33333333333334,294,0.6105434670721137,0.2755389627109744,0.4897959183673469,46,90902,4570,0.25
173.41666666666666,292,0.6088029891433494,0.2750182737462581,0.4726027397260274,33,90935,4574,0.25
173.5,295,0.6070024123807632,0.273184706066062,0.4711864406779661,54,90989,4575,0.23986486486486486
173.58333333333334,294,0.610036964880656,0.28436034228037077,0.47619047619047616,42,91031,4577,0.24662162162162163
173.66666666666666,294,0.6110277989292605,0.28130833948347,0.46938775510204084,41,91072,4579,0.24662162162162163
173.75,295,0.6133040741963152,0.26907168467673,0.4711864406779661,41,91113,4580,0.24324324324324326
173.83333333333334,296,0.6189331136152508,0.2747211715234971,0.47297297297297297,41,91154,4580,0.25675675675675674
173.91666666666666,296,0.626545893097849,0.2691745878519134,0.4831081081081081,46,91200,4580,0.2635135135135135
174.0,294,0.6318106117703374,0.26229814214508096,0.48639455782312924,49,91249,4582,0.2702702702702703
174.08333333333334,294,0.6324815338201073,0.27036641551947677,0.4965986394557823,37,91286,4584,0.27364864864864863
174.16666666666666,291,0.6292923365409028,0.267213180099778,0.4845360824742268,37,91323,4589,0.27702702702702703
174.25,294,0.6234165460559394,0.2508566169280455,0.47959183673469385,37,91360,4591,0.2668918918918919
174.33333333333334,295,0.625265639302811,0.257477455286172,0.4847457627118644,35,91395,4592,0.26013513513513514
174.41666666666666,295,0.6293838126400022,0.26452159758455157,0.4847457627118644,33,91428,4593,0.26013513513513514
174.5,295,0.633544146987427,0.2691049712211105,0.5050847457627119,42,91470,4594,0.26013513513513514
174.58333333333334,295,0.6377062609609152,0.2741106623284965,0.5016949152542373,40,91510,4595,0.27702702702702703
174.66666666666666,294,0.6405363167097535,0.2794872175677946,0.5136054421768708,38,91548,4597,0.27364864864864863
174.75,292,0.6387425606018975,0.27123569955997917,0.5102739726027398,40,91588,4601,0.27364864864864863
174.83333333333334,293,0.6337215064561116,0.2714973024699987,0.5051194539249146,47,91635,4604,0.2702702702702703
174.91666666666666,295,0.6337365260354273,0.2693860662358617,0.5050847457627119,40,91675,4605,0.2702702702702703
175.0,296,0.6389457786408678,0.2680601402584161,0.5135135135135135,43,91718,4605,0.27364864864864863
175.08333333333334,294,0.6438585629764847,0.2672762581866881,0.5204081632653061,43,91761,4607,0.28378378378378377
175.16666666666666,293,0.6430592015693293,0.26179738620921694,0.515358361774744,40,91801,4610,0.30067567567567566
175.25,296,0.6435558131547318,0.25973470646435765,0.5202702702702703,44,91845,4610,0.2972972972972973
175.33333333333334,293,0.6469691662691245,0.2659258698948424,0.5255972696245734,39,91884,4613,0.3141891891891892
175.41666666666666,295,0.6461750592015526,0.2757549321309735,0.5186440677966102,51,91935,4614,0.30405405405405406
175.5,295,0.6497278611387444,0.2773224324272873,0.5220338983050847,47,91982,4615,0.30405405405405406
175.58333333333334,293,0.6509269726370355,0.2819592615016922,0.5187713310580204,41,92023,4618,0.3141891891891892
175.66666666666666,293,0.6476811334780487,0.28399029866606657,0.5119453924914675,43,92066,4621,0.30743243243243246
175.75,295,0.6468958440347801,0.3044540393692936,0.5186440677966102,36,92102,4622,0.30405405405405406
175.83333333333334,291,0.6457341955851323,0.30473241916540883,0.5154639175257731,42,92144,4627,0.30405405405405406
175.91666666666666,294,0.639751166207159,0.29637479867071703,0.5238095238095238,38,92182,4629,0.28716216216216217
176.0,294,0.6400490132287124,0.29008464136015155,0.5272108843537415,39,92221,4631,0.2905405405405405
176.08333333333334,294,0.6404330437726483,0.2920077937935081,0.5340136054421769,39,92260,4633,0.2905405405405405
176.16666666666666,291,0.6371158272505143,0.2966557211402572,0.5257731958762887,40,92300,4638,0.28716216216216217
176.25,294,0.6344599270034854,0.29212396306606087,0.5102040816326531,43,92343,4639,0.27702702702702703
176.33333333333334,293,0.6336559543975113,0.2973042661847329,0.5119453924914675,37,92380,4642,0.27364864864864863
176.41666666666666,292,0.6295451001163515,0.30241951355960595,0.5068493150684932,42,92422,4646,0.2702702702702703
176.5,295,0.6270568077148904,0.3043689418364231,0.511864406779661,51,92473,4647,0.2702702702702703
176.58333333333334,293,0.6285215104771661,0.30032951170144595,0.5187713310580204,42,92515,4650,0.2702702702702703
176.66666666666666,296,0.6295684827187721,0.29461090384055505,0.5135135135135135,45,92560,4650,0.2635135135135135
176.75,292,0.6319881546522613,0.30232222115783763,0.5136986301369864,47,92607,4654,0.27364864864864863
176.83333333333334,292,0.6258146158792851,0.296596687178879,0.5205479452054794,46,92653,4658,0.2668918918918919
176.91666666666666,295,0.6233734174941808,0.3076080416758383,0.5186440677966102,52,92705,4659,0.2635135135135135
177.0,293,0.6248267738587789,0.3086957316479501,0.5119453924914675,43,92748,4662,0.28040540540540543
177.08333333333334,291,0.6194552202286392,0.30300561474574983,0.5051546391752577,38,92786,4667,0.27702702702702703
177.16666666666666,293,0.6124559109894713,0.2905308672079297,0.49829351535836175,49,92835,4670,0.26013513513513514
177.25,295,0.6124239153118327,0.3017510838405052,0.5016949152542373,39,92874,4671,0.2533783783783784
177.33333333333334,294,0.615351965328426,0.3114923726025063,0.5,37,92911,4673,0.2533783783783784
177.41666666666666,293,0.6148635100899752,0.3092597966023881,0.4948805460750853,34,92945,4676,0.2702702702702703
177.5,294,0.6134545575335695,0.30982539758049965,0.5068027210884354,46,92991,4678,0.2668918918918919
177.58333333333334,293,0.6128448826959771,0.3089456429046873,0.5017064846416383,39,93030,4681,0.26013513513513514
177.66666666666666,296,0.614123344928616,0.3035681379431379,0.5067567567567568,45,93075,4681,0.26013513513513514
177.75,293,0.6177672398540729,0.3145031968410808,0.5119453924914675,30,93105,4684,0.2635135135135135
177.83333333333334,293,0.6161281172223231,0.30831958144244836,0.5051194539249146,37,93142,4687,0.2533783783783784
177.91666666666666,293,0.6134393264699836,0.3041492921185754,0.49829351535836175,51,93193,4690,0.2533783783783784
178.0,295,0.6135228473343923,0.303187198865165,0.49491525423728816,42,93235,4691,0.2533783783783784
178.08333333333334,293,0.6152483842055524,0.29396112041163236,0.4880546075085324,30,93265,4694,0.25
178.16666666666666,294,0.6142698845932276,0.3066247527982222,0.4897959183673469,42,93307,4696,0.24324324324324326
178.25,296,0.617964072593065,0.296369686994687,0.49324324324324326,34,93341,4696,0.24324324324324326
178.33333333333334,291,0.6196925002603929,0.29418976403512487,0.4948453608247423,42,93383,4701,0.25675675675675674
178.41666666666666,294,0.6143411610537887,0.2971084471084471,0.4931972789115646,40,93423,4703,0.25
178.5,294,0.6152268077456587,0.30390380594462224,0.48639455782312924,48,93471,4705,0.2533783783783784
178.58333333333334,293,0.6162518017762424,0.3079138059513486,0.48464163822525597,51,93522,4708,0.27364864864864863
178.66666666666666,293,0.6135983432349801,0.3066892666356343,0.4778156996587031,46,93568,4711,0.27364864864864863
178.75,295,0.6136833273822183,0.29990638766667826,0.46440677966101696,44,93612,4712,0.2702702702702703
178.83333333333334,295,0.6177820115954511,0.30621533295867437,0.4711864406779661,47,93659,4713,0.28040540540540543
178.91666666666666,295,0.6218572367315447,0.2957050428721131,0.4711864406779661,44,93703,4714,0.28040540540540543
179.0,294,0.6246976921826782,0.29379090701977,0.47278911564625853,44,93747,4716,0.27702702702702703
179.08333333333334,295,0.6266839011991797,0.28931678356617824,0.47796610169491527,38,93785,4717,0.28040540540540543
179.16666666666666,296,0.6319462250525874,0.2914466630038664,0.4864864864864865,53,93838,4717,0.28040540540540543
179.25,294,0.6368344806708415,0.3017992774997272,0.5,54,93892,4719,0.30405405405405406
179.33333333333334,294,0.6373173063691613,0.2861309403299323,0.4931972789115646,46,93938,4721,0.30067567567567566
179.41666666666666,294,0.6377201738215875,0.2909657219504282,0.4897959183673469,40,93978,4723,0.3108108108108108
179.5,293,0.6370186237870962,0.2984144207815587,0.4948805460750853,42,94020,4726,0.3108108108108108
179.58333333333334,294,0.6350109145908083,0.29397635487285634,0.4931972789115646,38,94058,4728,0.31756756756756754
179.66666666666666,293,0.633958252350522,0.2985969458787596,0.4880546075085324,35,94093,4731,0.3108108108108108
179.75,294,0.6321190900725483,0.28969207086822557,0.48639455782312924,50,94143,4733,0.30067567567567566
179.83333333333334,293,0.6312436503635439,0.28581756696091165,0.48464163822525597,42,94185,4736,0.2939189189189189
179.91666666666666,294,0.6298998084337776,0.28416472006925136,0.48299319727891155,44,94229,4738,0.28716216216216217
180.0,293,0.6290459806504001,0.2807027629755691,0.48464163822525597,39,94268,4741,0.2939189189189189
