collision_index,longitude,latitude,collision_severity,collision_year
2022070499513,-2.716039,53.331043,3,2022
2024070891801,-2.56902,53.3726,3,2024
2022041191384,-3.055421,53.81138,2,2022
2023161274208,-0.358572,53.781812,2,2023
2024161520154,-0.34792,53.74656,3,2024
2023161281524,-0.110588,53.562689,3,2023
2023302300261,-1.477522,52.915775,3,2023
2022311248523,-1.182653,52.987234,3,2022
2024311418831,-1.17166,52.95577,2,2024
2022522200878,-2.618186,51.454647,3,2022
2023522300461,-2.540232,51.476028,3,2023
20225222NS589,-2.630991,51.437692,3,2022
2022461144249,0.500159,51.392601,3,2022
2023440043793,-1.329239,50.739093,3,2023
2022501251773,-4.196259,50.375922,3,2022
2024501405018,-4.76131,50.33887,3,2024
2022401133424,-0.468773,52.140113,3,2022
2022552201153,-1.849949,50.732966,3,2022
2022552201271,-1.843725,50.733884,3,2022
2024552401508,-2.01474,50.77677,3,2024
2024031414518,-3.57957,54.5261,2,2024
2024031464090,-3.56166,54.61582,3,2024
2024031527402,-2.92282,54.87552,3,2024
2023122301193,-1.500253,53.998285,3,2023
2023061372930,-2.354429,53.475378,3,2023
2022061171517,-2.646463,53.499107,2,2022
2022052200833,-2.977728,53.436891,2,2022
2024141536520,-1.33928,53.46696,2,2024
2022141244099,-1.473251,53.374458,3,2022
2024141400787,-1.49354,53.42058,3,2024
2023101340968,-1.433394,54.884398,3,2023
2022201264528,-1.919568,52.484899,3,2022
2023201415520,-1.90339,52.482487,3,2023
2024201411266,-1.92625,52.4077,3,2024
2024201508218,-1.87577,52.4966,2,2024
2023201385524,-1.519369,52.389951,3,2023
2024201398249,-1.50506,52.43289,3,2024
2024201445832,-2.07902,52.55267,2,2024
2024131502267,-1.77269,53.8458,3,2024
2023131388381,-1.859309,53.728149,3,2023
2022131233187,-1.817492,53.63343,3,2022
2023131262730,-1.600251,53.795362,3,2023
2022131189004,-1.315759,53.723412,3,2022
2023481355197,-0.10471,51.511256,3,2023
2023010422173,0.127581,51.462425,3,2023
2022010361971,-0.133947,51.545906,3,2022
2022010374444,-0.163135,51.543471,3,2022
2022010377313,-0.139282,51.318612,2,2022
2022010375074,-0.305737,51.511518,3,2022
2023010453575,-0.278948,51.505382,3,2023
2024010488302,-0.28367,51.53756,2,2024
2022010372219,-0.076566,51.652385,3,2022
2024010503144,-0.08003,51.53101,3,2024
2023010435892,-0.211427,51.495028,3,2023
2022010401379,-0.104338,51.535144,2,2022
2023010455366,-0.112461,51.536399,3,2023
2024010536566,-0.10314,51.54551,3,2024
2022010394668,-0.197667,51.511526,3,2022
2023010449944,0.124001,51.569424,2,2023
2023010435921,-0.346811,51.407892,3,2023
2023010462406,-0.098063,51.491941,2,2023
2024010551696,-0.10439,51.50814,3,2024
2024010488305,-0.21444,51.3611,2,2024
2022010372041,-0.210688,51.463139,3,2022
2022010393090,-0.194126,51.457103,2,2022
2022010403775,-0.195094,51.4413,3,2022
2023010437635,-0.156255,51.443159,3,2023
2024010545723,-0.16376,51.43264,3,2024
2022010383001,-0.16606,51.533112,3,2022
2023501371355,-3.684874,50.43342,3,2023
2023421301754,0.574617,51.527762,2,2023
2023411293855,-0.455065,51.732275,3,2023
2023461382544,0.521188,51.277176,3,2023
2022041177213,-2.795071,54.034342,3,2022
2023041289730,-2.214004,53.83541,3,2023
2024041478897,-2.71673,53.64721,3,2024
2022320138260,-0.518678,53.250457,3,2022
2023320785441,-0.024917,52.974357,2,2023
2022311232985,-1.287569,52.987162,3,2022
2022211215965,-2.012241,52.70451,2,2022
2023451311529,-0.493998,51.384841,2,2023
2023451331014,-0.412937,51.32853,3,2023
2023451331223,-0.519801,51.381923,3,2023
2023471266131,-0.184925,51.102501,3,2023
2023471269978,-0.671743,50.888948,2,2023
2024471502796,-0.19896,50.94523,2,2024
2023221264916,-2.309534,52.270537,1,2023
2024221526374,-2.2173,52.19021,2,2024
2024991474974,-3.18731,55.0437,2,2024
2024991426529,-4.77348,55.94587,3,2024
2022991210226,-2.02085,57.310814,2,2022
2024991493517,-3.15255,55.95509,3,2024
2022991210904,-4.258866,55.845587,2,2022
2024631417479,-4.16007,51.67437,3,2024
2023622300914,-3.782354,51.59467,3,2023
2024622400224,-3.45423,51.63305,2,2024
2022610008022,-3.13931,51.664501,2,2022
2022610029822,-2.973425,51.584962,2,2022
2024610045324,-2.98961,51.59108,3,2024
2022041142470,-3.050065,53.796408,2,2022
2023041289011,-3.026987,53.803798,3,2023
2024311477516,-1.15369,52.97015,3,2024
2022221195782,-2.741584,52.228282,2,2022
2023522400692,-2.584207,51.458103,3,2023
2024401503754,-0.42855,51.88543,3,2024
2022440000095,-1.07769,50.815622,3,2022
2023440205405,-1.076549,50.796458,3,2023
2023111342084,-1.545016,54.78057,2,2023
2023221291585,-2.773795,52.705751,3,2023
2023546023223,-1.901867,51.543625,3,2023
202354A039923,-1.80957,51.070455,3,2023
2024401482550,-0.4729,52.09091,3,2024
2022552201426,-1.861955,50.726452,3,2022
2024552400295,-1.84154,50.7274,3,2024
2024340NN4162,-0.69992,52.2975,2,2024
2022122300046,-1.430934,54.341175,3,2022
2023122301349,-1.523529,54.137481,3,2023
2024061477016,-2.52452,53.58058,3,2024
2024061487209,-2.19595,53.55085,3,2024
2023061393164,-2.053307,53.400083,1,2023
2024052401774,-2.78474,53.42172,2,2024
2022052201787,-2.898519,53.44981,2,2022
2023052302387,-2.937022,53.434089,3,2023
2023141311892,-1.477795,53.38148,3,2023
2022201219285,-1.912643,52.494523,3,2022
2022201237245,-1.756323,52.484146,2,2022
2022201191080,-1.978987,52.60938,3,2022
2022201276863,-1.993209,52.606604,3,2022
2022131244510,-1.745081,53.794571,2,2022
2022131225260,-1.621491,53.820472,2,2022
2023131324004,-1.547127,53.798724,3,2023
2023131290240,-1.485918,53.682647,3,2023
2023010432567,0.146201,51.563723,3,2023
2024010490119,0.09077,51.53272,2,2024
2024010503328,-0.17741,51.63004,3,2024
2022010407311,-0.277969,51.541643,3,2022
2022010383396,-0.052625,51.414901,3,2022
2024010519832,0.03173,51.39919,3,2024
2024010540242,0.04566,51.42812,3,2024
2022010390424,-0.126736,51.516745,3,2022
2022010399551,-0.116921,51.520572,3,2022
2023010433533,-0.135449,51.541613,3,2023
2022010401663,-0.034678,51.376661,3,2022
2024010535221,-0.09358,51.394,3,2024
2022010366762,-0.109962,51.630779,2,2022
2022010383219,-0.042266,51.545167,3,2022
2022010389984,-0.380683,51.437302,3,2022
2023010466465,-0.356879,51.469955,3,2023
2024010531844,-0.12171,51.55591,3,2024
2024010536076,-0.10583,51.52013,3,2024
2022010383995,-0.201125,51.49836,3,2022
2024010536094,-0.29932,51.36393,3,2024
2022010401641,-0.121203,51.473609,2,2022
2024010488994,-0.12909,51.4311,3,2024
2022010409917,-0.059463,51.430707,3,2022
2024010487459,0.0115,51.45614,3,2024
2024010538628,-0.03392,51.45946,3,2024
2024010546244,-0.00245,51.42115,3,2024
2023010447388,0.015378,51.506592,2,2023
2023010435865,0.067962,51.557502,2,2023
2024010532852,-0.06806,51.48801,3,2024
2023010461267,-0.040179,51.522902,3,2023
2022010380163,-0.162619,51.472827,3,2022
2024010520531,-0.1643,51.43171,3,2024
2024351427985,0.04709,52.21534,3,2024
2022421171507,0.455584,51.55886,3,2022
2022531131782,-2.068823,51.905448,2,2022
2022440118729,-0.961519,50.985633,1,2022
2023440237333,-1.448407,50.962112,3,2023
2024440126250,-1.31829,51.06881,2,2024
2023411288626,-0.05523,51.706689,3,2023
2024411436979,-0.34763,51.7391,3,2024
2022461188790,0.393525,51.443006,3,2022
2023461269594,1.40105,51.353753,3,2023
2024461469653,0.2798,51.15081,3,2024
2023041362705,-2.193024,53.704311,3,2023
2023332300790,-1.202256,52.773424,3,2023
2023320405342,-0.668057,52.90981,2,2023
2023320538521,0.33335,53.138029,2,2023
2023361331557,0.402839,52.753649,2,2023
2023311392517,-1.267624,53.114743,3,2023
2022371216737,1.127109,52.066865,3,2022
2024371515901,0.85632,52.0052,3,2024
2023451329203,-0.180183,51.236584,3,2023
2024451425552,-0.47403,51.44201,2,2024
2022231204520,-1.26121,52.385194,2,2022
2023231328091,-1.525693,52.518184,3,2023
2024221523442,-2.24209,52.38522,3,2024
2022991177652,-4.319606,55.779961,2,2022
2022991138538,-3.091069,55.868254,3,2022
2022991136444,-3.94758,56.098322,2,2022
2024991518997,-3.2072,55.95337,2,2024
2024991467375,-4.42695,55.84248,2,2024
2022991241006,-2.659532,56.73367,3,2022
2024991481624,-3.41969,56.03835,2,2024
202260B184252,-3.049932,53.191378,3,2022
2024622400804,-3.23624,51.48184,3,2024
2023070355702,-2.71416,53.320996,3,2023
2023041330746,-3.047966,53.818169,2,2023
2023161387664,-0.417151,53.78482,3,2023
2024302400499,-1.47823,52.9162,2,2024
2024332400251,-1.13584,52.60655,3,2024
2024522402848,-2.6049,51.46094,3,2024
2023522401061,-2.563068,51.50873,3,2023
2023501392699,-4.162431,50.369378,3,2023
2023501332975,-3.560259,50.474596,3,2023
2024545340124,-1.80656,51.56476,3,2024
2023421374936,0.70551,51.540455,3,2023
2022430083354,-0.574075,51.505375,3,2022
2024471502654,-0.16784,50.8302,2,2024
2024440123549,-1.07926,50.8024,3,2024
2024440216913,-1.06602,50.84821,2,2024
2023070569129,-2.687342,53.266474,3,2023
2023549761023,-1.733967,51.125573,3,2023
2024552400998,-2.80023,50.82032,3,2024
202234NNC5472,-0.6859,52.437623,3,2022
2022340WNC182,-0.882229,52.232713,2,2022
2022340WNC422,-0.890944,52.243773,3,2022
2023340WN2492,-1.210767,52.11945,3,2023
2024340WN3232,-0.89419,52.23713,3,2024
2024031445649,-3.48417,54.70659,2,2024
2022122200220,-0.624354,54.490635,3,2022
2022061205981,-2.100886,53.530349,2,2022
2024061407373,-2.16941,53.54703,3,2024
2024061508643,-2.00666,53.53602,3,2024
2024061513302,-2.3588,53.48096,3,2024
2024061512409,-2.64807,53.50163,2,2024
2023052302891,-2.968645,53.398268,1,2023
2024052400550,-2.94241,53.42507,3,2024
2024141438872,-1.49973,53.55716,3,2024
2024141424734,-1.0733,53.55041,3,2024
2023141293352,-1.480043,53.390677,3,2023
2023141320010,-1.438885,53.405735,3,2023
2023141361196,-1.478374,53.425096,3,2023
2023141381525,-1.457461,53.391619,2,2023
2024141493640,-1.44732,53.40871,3,2024
2022101236967,-1.587092,54.975429,3,2022
2023101341784,-1.692529,54.973611,3,2023
2024101416038,-1.53232,54.98986,2,2024
2022201198479,-1.836863,52.470574,3,2022
2023201289324,-1.885477,52.542056,3,2023
2023201370357,-1.91185,52.470995,3,2023
2022201198736,-1.514278,52.410616,2,2022
2024201399723,-2.03324,52.47068,3,2024
2023201331427,-1.993292,52.537958,3,2023
2022201264710,-2.110302,52.598848,2,2022
2023131269264,-1.751874,53.695501,2,2023
2024131447960,-1.80208,53.72483,2,2024
2022131247686,-1.589505,53.816933,2,2022
2024131461961,-1.5796,53.80223,3,2024
2024101528014,-1.60779,54.95955,3,2024
2022010360765,0.124613,51.561805,2,2022
2022010406954,-0.225882,51.547925,3,2022
2022010407625,-0.306454,51.562506,3,2022
2024010533671,-0.26261,51.59652,3,2024
2022010379770,-0.137217,51.541057,3,2022
2022010393042,-0.113817,51.518247,3,2022
2022010414172,-0.15662,51.550158,2,2022
2022010418554,-0.100192,51.379675,3,2022
2022010387240,-0.165099,51.680203,3,2022
2023010474221,-0.038766,51.549092,3,2023
2024010527978,-0.0746,51.54625,3,2024
2023010427010,-0.066492,51.584695,3,2023
2023010446432,-0.095089,51.576018,3,2023
2024010516532,-0.09918,51.57927,3,2024
2024010550205,0.1838,51.58046,2,2024
2022010366598,-0.365128,51.480043,3,2022
2024010505296,-0.11795,51.55441,3,2024
2023010451622,-0.173352,51.490341,3,2023
2024010497784,-0.26249,51.38518,2,2024
2022010400797,-0.119724,51.49452,3,2022
2022010356022,-0.002338,51.454396,3,2022
2023010484458,-0.021015,51.458859,2,2023
2022010374251,-0.149393,51.357261,3,2022
2024010489686,-0.22826,51.37726,3,2024
2022010397811,-0.047559,51.515849,3,2022
2023010463022,-0.061528,51.511036,2,2023
2024010534333,-0.06937,51.51062,3,2024
2022010409469,-0.171232,51.447189,2,2022
2023010426362,-0.164312,51.521008,3,2023
2023010427578,-0.137492,51.508868,3,2023
2023010469772,-0.134127,51.491765,2,2023
2023351356003,0.144637,52.218593,2,2023
2022302200057,-1.365779,53.306628,3,2022
2023302300227,-1.387262,53.047676,3,2023
2023302300482,-1.271237,52.899821,3,2023
2024302401055,-1.90819,53.26008,2,2024
2024302401707,-1.31835,53.23344,2,2024
2024302401694,-1.33613,53.10063,2,2024
2022501248633,-3.508014,50.708395,3,2022
2024471410027,0.32568,50.79365,2,2024
2023421333867,0.595571,51.518954,3,2023
2023531262467,-2.219788,51.857773,2,2023
2023440082159,-1.380724,50.984892,3,2023
2023440255110,-1.20122,50.801074,3,2023
2022411199786,0.158503,51.873059,3,2022
2024411414069,-0.01267,51.75769,3,2024
2023461396197,0.732291,51.34206,3,2023
2023041370384,-2.681079,53.695563,3,2023
2022361153099,0.946404,52.677347,3,2022
2024311403078,-1.10382,52.9317,1,2024
2023211440845,-1.623245,52.792622,2,2023
2022371257793,1.147837,52.0599,2,2022
2024471411622,-0.18833,51.11652,3,2024
2024471483564,-0.53055,50.8228,2,2024
2024471528529,-0.27287,50.92719,2,2024
2023991299449,-4.384596,55.872325,2,2023
2023991350783,-2.461384,56.706954,2,2023
2022991156843,-4.268084,55.896026,3,2022
2024991514327,-3.99666,55.84384,1,2024
2023622300777,-4.064121,51.651228,3,2023
202417S107924,-1.35929,54.58204,3,2024
2024522500209,-2.53006,51.45719,2,2024
2024522402521,-2.76537,51.48646,3,2024
2022522200622,-2.546734,51.53446,3,2022
2023501331962,-4.133243,50.372355,3,2023
2023421357573,0.717123,51.545574,3,2023
2024461417444,0.55277,51.37343,3,2024
2022430436100,-1.002048,51.446845,2,2022
2024430045806,-0.60428,51.50657,3,2024
2022430535814,-0.752094,52.046177,3,2022
2024501494138,-4.83188,50.59211,3,2024
2023552300297,-1.861216,50.722395,3,2023
2022552200446,-2.276211,51.037668,3,2022
2023430036053,-0.822987,51.81504,3,2023
2024340WN0082,-0.84667,52.2427,2,2024
2023031278506,-3.58951,54.541376,3,2023
2024031434554,-3.58463,54.54397,3,2024
2023031372864,-2.921026,54.395009,2,2023
2023122300490,-1.536956,53.995556,3,2023
2022351245240,0.146928,52.197204,3,2022
2022351221562,0.110024,52.264212,2,2022
2024302400337,-1.99267,53.3655,3,2024
2024302401746,-1.95611,53.45852,2,2024
2022471171149,0.285674,50.767663,2,2022
2023421261269,0.555227,51.554834,3,2023
2023421384082,0.850125,51.889583,3,2023
2022421184776,0.072938,51.656396,3,2022
2023421268978,1.054538,51.9473,2,2023
2024531515655,-2.06883,51.90963,3,2024
2024531460369,-2.14062,51.75479,3,2024
2023041335801,-2.310864,53.801179,3,2023
2024430580119,-1.14725,51.69089,3,2024
2024371503197,0.95467,52.04263,2,2024
2024371437186,1.19904,52.04342,3,2024
2024471434441,-0.39555,50.80973,2,2024
2024061473729,-2.3955,53.58898,2,2024
2022061164854,-2.241808,53.462212,3,2022
2024061438466,-2.26341,53.36601,3,2024
2023061389166,-2.002843,53.534311,2,2023
2022061204516,-2.113139,53.497414,3,2022
2023061386038,-2.651166,53.509867,3,2023
2022052201148,-2.788448,53.41981,3,2022
2022052203314,-2.960069,53.445501,3,2022
2024052402522,-2.86888,53.39738,3,2024
2022052200818,-2.969774,53.647858,3,2022
2022141164709,-1.413219,53.395131,3,2022
2022141182128,-1.38055,53.361303,3,2022
2024141419803,-1.48578,53.38117,3,2024
2024141557583,-1.41289,53.3864,3,2024
2023101340871,-1.671735,54.979416,3,2023
2024101492603,-1.44789,55.00859,3,2024
2023201304444,-1.892505,52.50818,3,2023
2023201321818,-1.947446,52.40885,3,2023
2024201485881,-1.87587,52.46242,3,2024
2022201151425,-1.530358,52.399794,3,2022
2022201178453,-2.079198,52.567993,2,2022
2023201416181,-2.108751,52.592449,3,2023
2024131468576,-1.79364,53.78672,3,2024
2024131501607,-1.71723,53.80114,3,2024
2022131168231,-1.641415,53.719445,2,2022
2022131199378,-1.634623,53.819524,3,2022
2022131248047,-1.547942,53.845725,3,2022
2024131487338,-1.71595,53.90522,2,2024
2022481209600,-0.090669,51.51307,3,2022
2023481356323,-0.087721,51.519119,3,2023
2022010362449,-0.175215,51.630777,2,2022
2023010442048,-0.248877,51.610893,3,2023
2022010382279,-0.153643,51.544239,3,2022
2023010468984,-0.323165,51.521201,3,2023
2024010515747,-0.34613,51.54218,3,2024
2022010369216,-0.059598,51.660073,3,2022
2024010531781,-0.1137,51.68559,3,2024
2022010385683,-0.083573,51.573951,3,2022
2023010456371,-0.060059,51.564922,2,2023
2022010394834,-0.200507,51.482955,3,2022
2023010451393,-0.074063,51.583849,3,2023
2023010429320,-0.281599,51.599534,3,2023
2022010405620,-0.457968,51.493395,3,2022
2022010393775,-0.40811,51.435942,3,2022
2024010529464,-0.09398,51.52871,3,2024
2023010451800,-0.138457,51.461852,3,2023
2023010455734,-0.117046,51.49517,3,2023
2022010402257,0.002284,51.445208,3,2022
2022010388328,0.052917,51.535123,3,2022
2023010426517,0.034934,51.530553,3,2023
2024010538790,0.0262,51.54326,3,2024
2023010471227,-0.104506,51.507135,3,2023
2022010359673,-0.216157,51.377092,3,2022
2024010514275,-0.17327,51.47262,2,2024
2024991457998,-3.61814,55.06876,2,2024
2022991210659,-3.159908,55.962942,3,2022
2024991448476,-3.19321,55.97795,3,2024
2022991142780,-3.476036,56.406798,3,2022
202460Q001326,-4.27383,53.14042,3,2024
2022610050622,-3.054185,51.711585,3,2022
202263D056022,-3.319259,52.506832,2,2022
2023041272483,-2.482611,53.746655,3,2023
2022161210615,-0.28608,53.758415,3,2022
2022161235354,-0.069614,53.567168,2,2022
2024161529424,-0.02865,53.55772,3,2024
2023302300965,-1.445757,52.890047,3,2023
2023522400936,-2.582833,51.459845,3,2023
2022351280820,-0.266723,52.560658,3,2022
2023351352567,-0.236552,52.581674,3,2023
2022421154424,0.702491,51.566651,3,2022
2024430083613,-1.32092,51.39855,2,2024
2023552300317,-1.853842,50.724725,3,2023
2023552300687,-1.91084,50.745537,2,2023
2023552300963,-2.453034,50.613737,3,2023
2023430497932,-0.532135,51.51644,3,2023
2023122300485,-1.137004,54.484425,2,2023
2024122400299,-1.56572,54.00655,3,2024
2022061209167,-2.545879,53.599668,2,2022
2023061337649,-2.207021,53.441892,2,2023
2024061404617,-2.11377,53.53141,2,2024
2023061314293,-2.421544,53.529414,3,2023
2023061365244,-2.330822,53.487292,3,2023
2022061157500,-2.131653,53.430529,3,2022
2022061245324,-2.63193,53.490951,3,2022
2022052200864,-2.786627,53.422275,3,2022
2024052400847,-2.88498,53.48303,2,2024
2022052200568,-2.823825,53.342797,3,2022
2022052201583,-2.960559,53.427196,3,2022
2023052302275,-2.844053,53.346431,2,2023
2023052302459,-3.001515,53.449152,3,2023
2024141414323,-1.38398,53.51707,3,2024
2024141506218,-1.47821,53.57763,2,2024
2024141406029,-1.43328,53.36362,2,2024
2023201387633,-1.873131,52.451497,3,2023
2024201436888,-1.90917,52.47844,3,2024
2024201554091,-2.09606,52.59656,3,2024
2022131159097,-1.790004,53.815267,2,2022
2023131341199,-1.756143,53.91842,3,2023
2022131182170,-1.859235,53.723196,3,2022
2022131164963,-1.51398,53.791206,3,2022
2023131304752,-1.57772,53.82127,3,2023
2022010354167,0.151501,51.491044,3,2022
2024010538643,-0.25169,51.53997,2,2024
2023010447578,-0.137584,51.540892,3,2023
2023010461890,-0.125795,51.5228,3,2023
2024010510064,-0.13023,51.53149,3,2024
2022010390936,-0.28928,51.504193,2,2022
2024010552705,-0.06915,51.54747,3,2024
2024010551310,-0.34066,51.5803,3,2024
2022010386449,-0.441175,51.481051,3,2022
2022010414091,-0.103063,51.542209,3,2022
2022010375811,-0.128979,51.432413,3,2022
2024010530579,-0.13582,51.45597,3,2024
2024010522868,0.00565,51.43529,3,2024
2024010519271,0.08444,51.59381,3,2024
2022010379441,-0.10359,51.494153,3,2022
2023010473399,-0.093141,51.472149,3,2023
2022010399736,-0.013789,51.523142,3,2022
2023010465573,-0.055931,51.519954,3,2023
2024010523970,-0.05628,51.51981,3,2024
2023010432780,-0.009873,51.558731,3,2023
2023010433622,-0.16643,51.43197,3,2023
2023010450654,-0.168349,51.471397,3,2023
2023010468004,-0.201803,51.523612,3,2023
2024010546559,-0.18985,51.53524,2,2024
2023351345050,0.337734,52.333181,2,2023
2022302200795,-1.518779,52.974497,3,2022
2023302300731,-1.352882,53.013568,3,2023
2023501284659,-3.525042,50.733382,3,2023
2022421225101,0.928094,51.878484,3,2022
2022531230752,-2.238073,51.861271,3,2022
2023531285890,-1.779331,52.051398,2,2023
2022411284004,-0.345162,51.732442,3,2022
2022461140811,1.414361,51.362163,3,2022
2022461156647,1.400193,51.223428,3,2022
2023041319852,-2.290072,53.718802,2,2023
2024041551066,-2.70254,53.68993,3,2024
2024320230672,0.33664,53.14409,3,2024
2024361430821,1.25181,52.76943,3,2024
2022371226736,1.153933,52.051157,3,2022
2022451235976,-0.435143,51.392567,3,2022
2023231346750,-1.712592,52.497083,2,2023
2022471154036,-0.368823,50.815087,3,2022
2024991470876,-4.72951,55.64869,3,2024
2023991307140,-4.005677,55.725138,3,2023
2024991499563,-3.87513,55.75534,3,2024
2023991314320,-3.286144,55.955759,3,2023
2022991140548,-4.264043,55.839291,2,2022
202360A010468,-4.632055,53.306006,2,2023
2022622300134,-3.165809,51.464723,3,2022
2023610052723,-3.06154,51.551414,1,2023
2022070293777,-2.47741,53.380821,3,2022
2022041149418,-3.033586,53.822689,2,2022
2022161250400,-0.420811,53.753245,2,2022
2024161425955,-0.06495,53.56716,3,2024
2022122200988,-1.085938,53.974197,3,2022
2022332201098,-1.130347,52.636452,3,2022
2024332400804,-0.62525,52.71904,3,2024
2023311354129,-1.156494,52.958941,3,2023
2022221160345,-2.458659,52.680879,3,2022
2022522204232,-2.594012,51.443919,3,2022
2024522402944,-2.91165,51.33852,3,2024
2022547012622,-1.769128,51.58426,3,2022
2023351349472,-0.238389,52.578546,3,2023
2023421292224,0.690696,51.560213,2,2023
2023421371346,0.660117,51.567791,2,2023
2023461392748,0.502359,51.389191,3,2023
2022430379409,-0.794028,51.367523,3,2022
2022440262675,-1.078549,50.810206,2,2022
2022440090400,-1.422732,50.913951,3,2022
2022440198210,-1.403579,50.912227,2,2022
2022540497922,-2.212239,51.319718,3,2022
2024401425275,-0.47176,52.13618,1,2024
2024552400800,-1.79759,50.73387,3,2024
2023552301137,-2.484514,50.605867,3,2023
2022340NNC172,-0.609217,52.29292,2,2022
2024340NN0392,-0.70354,52.48767,3,2024
202234WNC8732,-0.897462,52.219532,2,2022
2024061471354,-2.41437,53.56534,3,2024
2024061407797,-2.15257,53.45771,2,2024
2022141224223,-1.124032,53.52972,3,2022
2022141208665,-1.341455,53.50334,2,2022
2023201376463,-1.808579,52.566625,2,2023
2024201431672,-1.87305,52.45052,2,2024
2022201260387,-1.509619,52.410507,2,2022
2022201262381,-2.086565,52.510705,3,2022
2024201477770,-2.10639,52.49105,3,2024
2024201511581,-1.95907,52.48886,3,2024
2024201526117,-1.9843,52.54266,3,2024
2023201422508,-2.039707,52.588869,3,2023
2022131178323,-1.882583,53.714251,3,2022
2023131326372,-1.759107,53.670052,2,2023
2024131410650,-1.60521,53.74241,3,2024
2023131260144,-1.50286,53.689127,2,2023
2024010526297,-0.02419,51.41298,3,2024
2022010371164,-0.151312,51.543042,3,2022
2023010457412,-0.124999,51.540772,3,2023
2024010512169,-0.14537,51.54154,3,2024
2022010374668,-0.001978,51.338598,3,2022
2023010463218,-0.092577,51.385172,2,2023
2023010480151,-0.069119,51.382162,2,2023
2024010493323,-0.32108,51.50349,3,2024
2024010496452,-0.27941,51.50464,3,2024
2023010474594,0.052261,51.450926,3,2023
2022010414108,-0.075295,51.549895,3,2022
2024010507360,-0.07435,51.55723,3,2024
2024010542366,-0.10603,51.58126,3,2024
2022010384857,-0.11409,51.544437,3,2022
2022010376794,-0.175679,51.484361,3,2022
2023010449318,-0.185776,51.480363,2,2023
2022010387581,-0.303045,51.412877,2,2022
2024010513092,-0.13913,51.47042,2,2024
2024010521032,-0.14334,51.46243,2,2024
2022010396247,-0.046235,51.479416,3,2022
2022010384059,-0.06477,51.462745,3,2022
2023010440587,-0.108046,51.500654,3,2023
2023010457742,-0.066475,51.474158,3,2023
2024010529160,-0.0771,51.5029,3,2024
2024010528732,-0.15771,51.37839,3,2024
2022010407180,-0.211091,51.453937,2,2022
2023010453207,-0.148015,51.449072,3,2023
2022010395501,-0.121873,51.507072,3,2022
2022010412946,-0.127193,51.508407,3,2022
2023010431285,-0.121779,51.510407,3,2023
2023010482498,-0.203042,51.532776,3,2023
2022302200164,-1.436565,53.238371,2,2022
2024501525821,-3.51774,50.73945,2,2024
2022421160107,0.912891,51.834604,3,2022
2022421205115,0.401953,51.634604,2,2022
2022461157245,0.374199,51.441366,3,2022
2022461232734,1.2871,51.118496,3,2022
2023461288815,0.887786,51.311686,2,2023
2023041296226,-2.696646,53.698197,3,2023
2023041367553,-2.677697,53.767803,2,2023
2024041472552,-2.71114,53.75983,3,2024
2023332301263,-1.042817,52.628585,2,2023
2024332401042,-1.07098,52.59307,3,2024
2022320281577,-0.170239,53.102521,3,2022
2022320585742,-0.597937,53.018123,2,2022
2023361288751,1.302502,52.628488,2,2023
2022311168438,-0.800331,53.073744,3,2022
2022430447392,-1.330528,52.057148,3,2022
2024211476227,-2.24325,53.01887,2,2024
2022471144159,-0.321059,51.07458,3,2022
2022471199345,-0.378241,50.815299,3,2022
2023471359358,-0.163102,51.117925,2,2023
2024221529875,-2.10639,52.03041,3,2024
2022991167296,-3.284527,55.929681,2,2022
2023991274070,-2.660503,56.732191,3,2023
2022991144207,-3.964399,55.841359,3,2022
2024622400715,-3.93666,51.64434,3,2024
2022170M20892,-1.197889,54.553443,3,2022
2023041279488,-3.039662,53.82572,3,2023
2023161259760,-0.384456,53.76468,2,2023
2022161131810,-0.079552,53.553825,3,2022
2024161434372,-0.06918,53.56806,3,2024
2024311409985,-1.21782,52.97395,3,2024
2023221353443,-2.720158,52.044043,3,2023
2022522203310,-2.606131,51.462659,3,2022
2022522205484,-2.616904,51.489829,3,2022
2023522400208,-2.627848,51.409889,2,2023
2022461260599,0.532681,51.398414,3,2022
2023430260616,-0.611396,51.483001,3,2023
2022471206452,-0.139707,50.822504,3,2022
2024440170287,-1.0766,50.79584,3,2024
2022070323736,-2.507947,53.202959,2,2022
2022070617354,-2.875768,53.192624,3,2022
2023031343217,-3.184372,54.149205,3,2023
2022061204196,-2.460684,53.557898,3,2022
2024061514576,-2.33375,53.60901,2,2024
2022061187443,-2.215829,53.510296,3,2022
2022061207526,-2.271421,53.450679,3,2022
2022061215078,-2.187217,53.409305,2,2022
2022052201424,-2.976215,53.399132,3,2022
2022052203029,-2.920009,53.447866,3,2022
2024052401843,-2.97175,53.38678,3,2024
2022052203100,-3.113912,53.406196,2,2022
2024052400295,-3.10103,53.32674,3,2024
2022201205223,-1.877184,52.465076,3,2022
2022201270758,-1.911319,52.51563,3,2022
2023201287920,-1.901956,52.484931,3,2023
2024201470866,-1.89496,52.49853,2,2024
2023201291644,-1.992915,52.50278,3,2023
2022201258037,-1.966833,52.629667,3,2022
2023201278598,-2.053941,52.556869,2,2023
2023131301338,-1.780958,53.755769,3,2023
2024131420429,-1.82828,53.79632,3,2024
2024131466646,-1.51841,53.78882,3,2024
2022101234643,-1.574223,54.9499,2,2022
2024010487620,0.14787,51.5419,3,2024
2024010501194,-0.29388,51.56206,3,2024
2024010536888,-0.2026,51.54799,2,2024
2023010469398,0.050057,51.451207,3,2023
2022010370371,-0.224895,51.51213,2,2022
2023010432206,-0.068024,51.599963,2,2023
2022010400648,-0.413091,51.511374,3,2022
2024010540913,-0.44613,51.5314,3,2024
2022010393660,-0.346011,51.476636,3,2022
2024010502568,-0.19718,51.49675,3,2024
2022010361016,-0.282017,51.417211,3,2022
2023010441547,-0.11309,51.496086,3,2023
2024010539310,-0.13701,51.46972,3,2024
2023010444693,-0.051692,51.469633,3,2023
2023010468209,-0.213558,51.424281,3,2023
2022010402909,-0.099923,51.495379,3,2022
2023010425928,-0.075136,51.459652,3,2023
2024010508403,-0.10017,51.49784,2,2024
2024010534706,-0.10016,51.49559,2,2024
2024010540055,-0.08674,51.49955,3,2024
2024351449983,0.1533,52.13551,1,2024
2023302301358,-1.713489,53.084703,3,2023
2024501447919,-4.03827,51.07609,2,2024
2024501469769,-3.84386,50.39135,3,2024
2022421141596,1.129383,51.782171,3,2022
2022421252226,0.433219,51.645786,2,2022
2024421402708,0.56226,51.54549,2,2024
2024421459284,0.13219,51.76657,3,2024
2023531359511,-2.233637,51.845932,3,2023
2022411226340,-0.205775,51.77381,3,2022
2024411412259,0.14373,51.86402,3,2024
2022461141381,1.093922,51.285146,3,2022
2022461172994,0.712528,51.103583,3,2022
2022461180409,1.397705,51.357475,3,2022
2024041533066,-2.65572,53.73398,3,2024
2022332200911,-1.36687,52.747716,2,2022
2023361288129,1.433763,52.835255,2,2023
2024430606320,-1.33987,52.10338,2,2024
2022451239890,-0.442472,51.397278,3,2022
2023451311289,-0.352784,51.406132,3,2023
2022231272066,-1.591335,52.283831,2,2022
2023231329267,-1.541877,52.578911,3,2023
2022991187711,-3.425716,56.066822,3,2022
2024991399161,-3.43221,56.02836,3,2024
2024991516560,-3.35173,56.11445,2,2024
2024991514002,-4.09707,55.84622,3,2024
2022991145871,-4.029711,55.868401,3,2022
202260B041364,-4.21949,53.289227,3,2022
202260B047651,-3.074438,53.05559,2,2022
202460Q062830,-2.97901,53.04398,3,2024
2022610011922,-3.229201,51.588613,2,2022
2023170L30893,-1.041441,54.605842,3,2023
2023041348783,-3.033715,53.87047,2,2023
2022161228265,-0.329987,53.807935,3,2022
2024161535160,-0.06686,53.5715,3,2024
2022122200915,-1.124117,53.955948,3,2022
2023522301864,-2.581911,51.494872,3,2023
2023544201223,-1.795292,51.57208,3,2023
2024430535843,-1.32631,51.39496,3,2024
2022430331337,-0.897717,51.454156,3,2022
2022471248584,-0.152746,50.824879,3,2022
2022401223182,-0.464217,52.137024,3,2022
2022552201188,-2.933322,50.72588,3,2022
2024340NN4772,-0.75055,52.26685,3,2024
2022122200359,-1.065821,53.784095,3,2022
2023122300842,-0.407016,54.280798,3,2023
2022061190168,-2.391754,53.588686,2,2022
2022061205012,-2.27316,53.597024,2,2022
2023061280030,-2.216253,53.472086,2,2023
2022061129632,-2.295267,53.471575,2,2022
2023052301827,-2.964699,53.312868,3,2023
2022201151152,-1.905382,52.508227,3,2022
2022201144137,-1.846946,52.449443,3,2022
2022201178161,-1.819193,52.50053,2,2022
2023201278655,-1.838288,52.42292,3,2023
2023201428210,-1.854212,52.468241,3,2023
2024201518352,-1.85477,52.47288,3,2024
2024201518346,-1.89297,52.47938,3,2024
2024201458658,-2.13246,52.57396,3,2024
2023131305961,-1.496309,53.801479,2,2023
2023131312207,-1.496386,53.691051,2,2023
2022010367281,-0.26663,51.599818,2,2022
2023010483602,-0.248101,51.596152,3,2023
2024010528894,-0.21529,51.53043,3,2024
2024010510469,0.05578,51.39559,3,2024
2022010391826,-0.193103,51.537642,3,2022
2024010531375,-0.13035,51.51645,3,2024
2022010367837,-0.11765,51.328554,3,2022
2022010359171,-0.061916,51.621336,2,2022
2024010517610,-0.21877,51.48804,2,2024
2024010521057,-0.23278,51.50639,3,2024
2023010449692,-0.103919,51.590989,3,2023
2022010391864,-0.100378,51.543308,3,2022
2024010511793,-0.10066,51.54371,3,2024
2023010448018,-0.302982,51.409522,2,2023
2022010383505,-0.115744,51.461058,2,2022
2022010386628,-0.11103,51.492933,3,2022
2023010444340,-0.113929,51.465273,3,2023
2023010450565,-0.118918,51.485749,3,2023
2022010387780,0.044964,51.549749,3,2022
2023010426950,0.013129,51.543825,3,2023
2024010508270,-0.10087,51.4529,3,2024
2024010547789,-0.06127,51.47397,3,2024
2024010548909,-0.09433,51.48334,3,2024
2022010361693,-0.163786,51.431911,3,2022
2022010383772,-0.141083,51.513763,3,2022
2022010392849,-0.174342,51.499817,3,2022
2023010457595,-0.142882,51.51738,3,2023
2024010543941,-0.11557,51.51061,3,2024
2022351236812,0.120501,52.213184,3,2022
2023351362557,0.131396,52.202566,2,2023
2022031207918,-3.582122,54.521807,3,2022
2022031208889,-3.142655,54.601094,3,2022
2022501279856,-3.50648,50.721519,3,2022
2023501387423,-4.12488,51.209201,3,2023
2023471354018,0.281328,50.776877,3,2023
2024471519658,0.29782,50.77678,3,2024
2022421204651,0.447791,51.728138,3,2022
2024421460309,1.16179,51.81716,3,2024
2024440374171,-1.21856,50.95417,3,2024
2022411170584,-0.27459,51.661765,2,2022
2022411223584,-0.195108,51.783601,3,2022
2022411242800,-0.263478,51.939408,3,2022
2022461202106,0.577405,51.275502,3,2022
2024461503213,1.40796,51.34587,3,2024
2023041392821,-2.202882,53.829147,3,2023
2023320179640,-0.561834,53.211008,3,2023
2024361416900,1.25122,52.62453,3,2024
2024361437490,0.87428,52.89833,3,2024
2023430518143,-1.318358,51.736675,2,2023
2023211367698,-1.642545,52.808036,3,2023
2024211506462,-1.64744,52.60444,2,2024
2022371209847,1.708305,52.469934,3,2022
2024371529834,1.11522,52.08309,3,2024
2023231330128,-1.561952,52.281505,3,2023
2022991243234,-4.744389,55.937479,2,2022
2022991204350,-4.097496,55.799321,3,2022
2024991524085,-3.22031,55.9398,1,2024
2022991171218,-2.98633,56.487255,2,2022
2022991240237,-4.280235,55.830768,3,2022
2022991146737,-3.994071,55.789818,3,2022
202260B195311,-2.996297,53.052198,2,2022
2023622301067,-3.267817,51.496871,3,2023
2023622300488,-3.443938,51.713717,3,2023
2023111351931,-1.519803,54.538163,2,2023
2023161298793,-0.44692,53.757191,2,2023
2022161161800,-0.670205,53.551252,2,2022
2022211135208,-2.139193,52.978489,3,2022
2024211407718,-2.10673,52.97246,2,2024
2023501278792,-4.165149,50.394485,3,2023
2023501289671,-4.173373,50.413076,3,2023
2023501326756,-3.535715,50.463051,3,2023
2024544510624,-1.77242,51.55839,2,2024
2024401536222,-0.40348,51.8887,2,2024
2022471200456,-0.162497,50.824628,3,2022
2023471282866,-0.104503,50.85212,3,2023
2022070313160,-2.396514,53.108332,3,2022
2023401305236,-0.485924,51.889447,3,2023
2023340WN5482,-1.026354,52.078782,3,2023
2024061501195,-2.13139,53.56065,3,2024
2022061211661,-2.040737,53.450523,3,2022
2022061205962,-2.333255,53.391953,3,2022
2023052300734,-2.941264,53.412851,3,2023
2023052301114,-2.975531,53.444819,3,2023
2023052301637,-2.982948,53.393683,3,2023
2023052302715,-2.994863,53.647454,3,2023
2024052400604,-2.98364,53.45446,3,2024
2024052401391,-3.09397,53.34374,3,2024
2023141302498,-1.327514,53.522067,2,2023
2023141327577,-1.127471,53.515822,2,2023
2024141418850,-1.42882,53.36005,2,2024
2024141527934,-1.5159,53.38028,3,2024
2024141532515,-1.46887,53.46356,3,2024
2022101140564,-1.727353,55.000896,3,2022
2023201342130,-1.880036,52.542347,3,2023
2024201503640,-1.88376,52.46247,3,2024
2023201290716,-1.522003,52.416734,3,2023
2023201382199,-2.018228,52.477994,3,2023
2022131172408,-1.848004,53.828612,3,2022
2022131225949,-1.758864,53.771033,3,2022
2022131141481,-1.874006,53.735014,2,2022
2022131179515,-1.691699,53.68773,2,2022
2023131268023,-1.659907,53.711463,3,2023
2024131453995,-1.66446,53.67967,3,2024
2022131188120,-1.527355,53.808625,3,2022
2024131475633,-1.55611,53.81044,2,2024
2024010521594,-0.17618,51.63475,2,2024
2024010494491,-0.14809,51.53495,3,2024
2022010383547,-0.077069,51.53452,3,2022
2022010387014,-0.073093,51.565497,3,2022
2023010438864,-0.230679,51.506417,3,2023
2023010434507,-0.473338,51.543412,3,2023
2024010502281,-0.40679,51.45062,3,2024
2023010424439,-0.140039,51.470025,3,2023
2023010443970,0.04628,51.553674,3,2023
2023010450158,-0.287396,51.486819,3,2023
2022010368508,-0.107332,51.507099,3,2022
2023010421931,-0.085033,51.489723,2,2023
2024010524379,-0.072,51.48686,2,2024
2023010482678,-0.001312,51.607209,3,2023
2022010402095,-0.158326,51.511823,2,2022
2023010469218,-0.137037,51.493879,3,2023
2024010511374,-0.16705,51.52382,3,2024
2024010518093,-0.15076,51.5129,3,2024
2023351305264,0.118695,52.221067,2,2023
2024351463264,0.15654,52.18625,2,2024
2022031226308,-3.551624,54.625689,2,2022
2022302201293,-1.291425,52.881613,3,2022
2023501324589,-3.485656,50.721579,3,2023
2023501338332,-3.693725,50.431286,3,2023
2023471290253,0.547338,50.874273,3,2023
2024421519213,0.93782,51.87963,3,2024
2023411319396,-0.474006,51.746469,2,2023
2023411363319,-0.232554,51.768803,3,2023
2022461181950,1.364821,51.227888,3,2022
2022461237739,1.414194,51.339257,3,2022
2023461366328,0.203111,51.446695,3,2023
2023461367213,0.241958,51.442667,3,2023
2023041263394,-2.373839,53.752877,2,2023
2023041410744,-2.802981,54.051825,3,2023
2022320661457,-0.191233,53.085266,1,2022
2023211338488,-2.006943,52.707828,3,2023
2023451393594,-0.167008,51.170128,3,2023
2024451440470,-0.40912,51.3678,3,2024
2023231270796,-1.557998,52.270783,3,2023
2023231342160,-1.476332,52.34247,2,2023
2022471190894,-0.734239,50.84082,3,2022
2024471458854,-0.29134,50.82696,3,2024
2024471481909,-0.90521,50.91623,3,2024
2023991371357,-3.978017,56.185151,3,2023
2022991207826,-3.165327,55.973215,3,2022
2023991275805,-3.700055,55.897535,3,2023
2023991368692,-4.375691,55.887758,2,2023
202260B001273,-2.980612,53.040786,3,2022
2022170L31002,-1.061332,54.617402,3,2022
2024161529050,-0.10257,53.54926,3,2024
2023221371782,-2.826104,52.232054,2,2023
2022522202248,-2.595046,51.459263,3,2022
2023522300723,-2.583124,51.454422,3,2023
2023401277141,-0.429677,51.885958,3,2023
2024421502718,0.71382,51.54008,2,2024
2024461441340,0.5243,51.38061,2,2024
2024461468321,0.50034,51.40125,3,2024
2024430521011,-1.0757,51.482,3,2024
2022430481600,-0.615246,51.521353,3,2022
2022440210567,-1.39684,50.906473,3,2022
2023501282852,-5.444267,50.169726,3,2023
2023401281295,-0.301752,52.090711,3,2023
2022552200255,-2.007568,50.716749,3,2022
2023552300450,-1.952516,50.724842,3,2023
2022552300151,-2.442503,50.718939,3,2022
2022430536482,-0.768421,51.636133,3,2022
2024340NN3172,-0.69709,52.30286,3,2024
2022122201115,-1.618079,54.088522,3,2022
2024061452301,-2.23715,53.48572,2,2024
2024061484348,-2.1164,53.53956,3,2024
2023052301665,-2.994722,53.484526,3,2023
2024052402481,-3.02635,53.36147,2,2024
2022141251570,-1.342819,53.459942,2,2022
2022101213894,-1.440342,54.930828,3,2022
2023101264067,-1.402612,54.872506,2,2023
2023201278182,-1.946457,52.448775,3,2023
2023201364586,-1.780608,52.522095,2,2023
2024201473636,-1.98429,52.51449,3,2024
2023201414782,-2.015877,52.610846,3,2023
2023131352783,-1.937875,53.835235,3,2023
2022131194245,-1.558529,53.782777,2,2022
2023131273053,-1.624016,53.801407,3,2023
2024131508638,-1.53195,53.84298,2,2024
2023131372539,-1.49525,53.680934,3,2023
2022481262273,-0.086894,51.510994,2,2022
2023481407548,-0.080137,51.51779,2,2023
2022010404469,-0.215031,51.556537,3,2022
2023010449051,-0.025188,51.410512,3,2023
2024010515384,0.01413,51.41117,3,2024
2022010355455,-0.178086,51.545008,3,2022
2022010392153,-0.371227,51.542884,3,2022
2024010521062,-0.10948,51.61845,3,2024
2022010395040,-0.450983,51.505262,3,2022
2024010527190,-0.10437,51.53512,3,2024
2022010404631,-0.297822,51.389322,3,2022
2024010501683,-0.05698,51.43476,3,2024
2022010403023,-0.161784,51.415126,2,2022
2023010473643,0.036381,51.537138,3,2023
2023010466830,-0.091046,51.49439,3,2023
2022010365828,-0.042783,51.515626,2,2022
2022010395073,-0.05307,51.52282,3,2022
2022010412103,-0.011319,51.527219,1,2022
2024010501555,-0.02141,51.52789,3,2024
2022010370882,-0.204974,51.445489,3,2022
2022010380907,-0.202842,51.449575,3,2022
2022010418886,-0.140063,51.507317,3,2022
2024010532183,-0.1518,51.50324,3,2024
2024010544977,-0.15257,51.52305,3,2024
2023302301200,-1.408915,53.039425,3,2023
2024421501807,0.46268,51.73822,3,2024
2024531496259,-2.20806,51.85459,3,2024
2022440084037,-1.491894,50.91768,3,2022
2022440295311,-1.196492,50.933566,3,2022
2023411367605,-0.062606,51.745091,3,2023
2024461490475,1.40252,51.21452,2,2024
2022041208456,-2.219973,53.843561,3,2022
2022041211937,-2.22508,53.693352,3,2022
2023041325525,-2.261738,53.792317,3,2023
2024041494695,-2.37293,53.75999,3,2024
2023332300342,-1.212149,52.761605,3,2023
2024320393306,-0.7596,53.40051,3,2024
2024320600250,-0.54846,53.24375,2,2024
2024361444886,0.20043,52.68463,2,2024
2024311418221,-0.80918,53.06178,2,2024
2023430481235,-1.26007,51.757974,3,2023
2024430550475,-1.26704,51.77304,3,2024
2023451354306,-0.387999,51.335663,2,2023
2024451515912,-0.50058,51.42145,3,2024
2023231268296,-1.453255,52.513907,3,2023
2023991327371,-3.916069,56.014189,2,2023
2022991212956,-3.12092,55.943095,2,2022
2023991380613,-4.401759,55.924498,2,2023
2024991538019,-2.9499,56.48496,3,2024
2024991520567,-4.27804,55.83635,3,2024
2022991239024,-4.029409,55.864757,2,2022
2024622400174,-3.92193,51.63989,3,2024
2023622300834,-3.287119,51.661248,3,2023
2023070076834,-2.755173,53.371099,3,2023
2024041408284,-2.46651,53.6917,3,2024
2024161494328,-0.32834,53.74818,2,2024
2023161380421,-0.06746,53.561101,3,2023
2023122300711,-1.131612,53.942844,3,2023
2024332400139,-1.09345,52.61658,3,2024
2022351140910,-0.267831,52.532902,2,2022
2024351530676,-0.25721,52.59413,3,2024
2022421194995,0.773067,51.535729,2,2022
2022421198542,0.727333,51.543124,3,2022
2024421418272,0.69247,51.53778,2,2024
2024421496662,0.71372,51.54166,2,2024
2022430214095,-1.0157,51.444335,3,2022
2023471388450,-0.206057,50.835397,2,2023
2024440270597,-1.40654,50.90681,3,2024
2023111306656,-1.645726,54.777859,3,2023
2023070352639,-2.998343,53.273309,2,2023
202254C295022,-2.200423,51.252615,3,2022
2022552200743,-1.831572,50.728651,3,2022
2022430104734,-0.727658,51.622696,3,2022
2022430399729,-0.769668,51.808839,3,2022
202234WNC5462,-0.915216,52.240061,2,2022
2022520300087,-2.999141,51.120768,2,2022
2024061417004,-2.43394,53.57366,2,2024
2024061497025,-2.20767,53.52629,3,2024
2023052303044,-2.842841,53.409056,3,2023
2023052301347,-2.976677,53.430472,2,2023
2024052402628,-2.99647,53.41263,3,2024
2023052400169,-2.649631,53.451899,3,2023
2024052402329,-2.99375,53.45387,3,2024
2023141374007,-1.354661,53.433849,3,2023
2023141297555,-1.464334,53.383111,3,2023
2024141428303,-1.48537,53.38065,2,2024
2024141509207,-1.47087,53.36076,3,2024
2022101177108,-1.40489,54.879715,2,2022
2023201388221,-1.954161,52.455116,3,2023
2024201528429,-1.54525,52.41995,3,2024
2023201378345,-2.075641,52.507566,2,2023
2022201188357,-2.13057,52.617697,2,2022
2023131279492,-1.780854,53.801886,3,2023
2022131168723,-1.530503,53.793249,1,2022
2022131184780,-1.568643,53.805796,3,2022
2023010447820,0.138092,51.578475,3,2023
2023010439704,-0.254581,51.599612,3,2023
2022010365716,-0.291819,51.553814,3,2022
2022010382799,-0.232477,51.531839,2,2022
2023010483085,0.039537,51.374331,3,2023
2022010406777,-0.162619,51.543741,3,2022
2022010411605,-0.142204,51.539346,3,2022
2023010458559,-0.134028,51.536519,3,2023
2023010477100,-0.193087,51.552227,3,2023
2024010518193,-0.12903,51.51995,3,2024
2023010431545,-0.116184,51.39791,3,2023
2023010440064,-0.096659,51.630996,1,2023
2024010526523,-0.06156,51.62197,3,2024
2022010409519,-0.068373,51.54988,2,2022
2023010476996,-0.069261,51.56261,3,2023
2022010382344,-0.114502,51.605269,3,2022
2023010471256,-0.107792,51.601663,3,2023
2024010542707,-0.39471,51.51456,3,2024
2022010401154,-0.098378,51.552547,2,2022
2024010503324,-0.19185,51.49475,3,2024
2024010516454,-0.10637,51.46939,3,2024
2022010403580,0.007615,51.43419,3,2022
2022010355439,0.083806,51.592293,3,2022
2022010416811,0.062782,51.591595,3,2022
2022010390360,-0.052169,51.52062,3,2022
2022010381623,-0.211844,51.459712,3,2022
2023010422534,-0.170641,51.53143,2,2023
2024351512195,0.13733,52.19997,3,2024
2022471149443,0.555552,50.867734,2,2022
2022471174865,0.584248,50.873371,3,2022
2022421244151,0.592813,51.520157,3,2022
2023421284382,0.03021,51.688293,3,2023
2024531505862,-2.22368,51.87052,3,2024
2022411184627,-0.448331,51.765258,3,2022
2023411291363,-0.183038,51.865647,3,2023
2022461149289,1.312118,51.12718,3,2022
2023461265170,1.400259,51.326206,2,2023
2024461445306,1.39961,51.35526,3,2024
2024461528030,0.53814,51.32637,1,2024
2024041396126,-2.79847,53.70516,2,2024
2023320373381,-0.01571,53.138084,2,2023
2023320721570,-0.015749,52.980722,3,2023
2023361381595,0.825482,52.571402,3,2023
2022371208645,1.719709,52.454095,3,2022
2022371196166,1.132788,52.057513,3,2022
2022231163589,-1.267786,52.362481,3,2022
2024471408358,-0.20125,51.12379,3,2024
2022221185968,-1.941089,52.280432,2,2022
2022991146276,-3.26255,55.929648,3,2022
2023631359937,-3.978738,52.50422,2,2023
2023622300297,-3.879451,51.662558,3,2023
2024622400384,-3.20249,51.4892,3,2024
2022161268944,-0.416859,53.753058,3,2022
2024161404646,-0.33858,53.74549,3,2024
2024211534394,-2.20848,52.99447,3,2024
2024522500172,-2.59791,51.46913,3,2024
2022522200041,-2.413041,51.530979,3,2022
2023522400974,-2.542521,51.495376,2,2023
2024522402684,-2.42307,51.53696,3,2024
2023540770123,-1.802154,51.563469,3,2023
2022401133437,-0.437609,51.89439,3,2022
2023430408025,-1.320021,51.388515,1,2023
2022430563724,-0.763511,52.038781,3,2022
2023471319862,-0.143581,50.823618,2,2023
2024440113807,-1.06313,50.79257,2,2024
2023440255858,-1.353618,50.647063,3,2023
2023070050393,-2.441717,53.093881,3,2023
2024501477041,-5.27318,50.09657,3,2024
2023541889423,-1.653604,50.974321,3,2023
202454E898924,-2.19901,51.26808,3,2024
2024552400697,-2.18757,50.97162,1,2024
2024520403123,-2.95478,51.25022,3,2024
2022061131755,-2.047668,53.480739,2,2022
2023052301153,-2.765239,53.424491,3,2023
2023052302435,-2.938555,53.507713,3,2023
2023052302498,-2.981952,53.676477,3,2023
2023141355510,-1.428905,53.375917,2,2023
2024101409261,-1.43456,54.91804,3,2024
2024101440183,-1.52151,54.91617,3,2024
2022201245366,-1.910321,52.455675,2,2022
2023201393332,-1.890899,52.555699,3,2023
2024201514925,-1.9205,52.48497,3,2024
2023131387226,-1.708527,53.794452,3,2023
2023131266167,-1.610321,53.748909,3,2023
2022010356187,-0.193617,51.649478,3,2022
2022010387915,-0.190502,51.647839,3,2022
2024010525259,-0.24066,51.55039,2,2024
2022010362480,-0.127418,51.531728,3,2022
2023010432414,-0.140694,51.550923,2,2023
2023010448264,-0.163394,51.549572,2,2023
2023010469995,-0.171322,51.542142,3,2023
2024010514122,-0.19349,51.53809,3,2024
2023010421407,-0.068927,51.355324,2,2023
2024010493550,-0.32399,51.52471,2,2024
2024010523778,-0.3501,51.52734,3,2024
2022010408623,-0.054701,51.540032,3,2022
2023010459175,-0.053296,51.550647,3,2023
2023010467838,-0.045507,51.539205,3,2023
2022010360405,-0.202567,51.485514,3,2022
2024010529510,-0.22201,51.5036,2,2024
2022010416449,-0.340117,51.595278,2,2022
2022010363607,0.210582,51.591394,3,2022
2024010535005,0.20254,51.58724,3,2024
2023010469232,-0.418977,51.506598,3,2023
2024010547609,-0.27062,51.47747,3,2024
2023010460384,-0.096486,51.540169,3,2023
2023010476312,-0.129068,51.459446,3,2023
2023010482684,-0.139221,51.469958,2,2023
2024010539644,-0.11243,51.49888,3,2024
2022010359891,-0.001751,51.541265,2,2022
2023010465384,0.033199,51.520089,3,2023
2022010397290,-0.3296,51.448896,3,2022
2023010451001,-0.250292,51.473646,3,2023
2022010378188,-0.086167,51.454023,3,2022
2022010354162,-0.005227,51.555442,3,2022
2023010422113,-0.031353,51.582807,3,2023
2022351213699,-0.104591,52.22856,2,2022
2023351311479,0.152212,52.203582,3,2023
2024302401259,-1.40705,53.05007,2,2024
2022501201352,-4.066031,51.082354,2,2022
2023501398846,-3.827835,50.425244,3,2023
2022471127987,0.164505,51.060858,2,2022
2023471389042,0.278677,50.796752,3,2023
2023421327563,0.712583,51.58588,3,2023
2022440316493,-0.778884,51.330894,2,2022
2023440224179,-1.244359,50.852979,2,2023
2024440017318,-1.49181,50.99463,3,2024
2024440426523,-1.30425,51.06563,3,2024
2024411526650,-0.2303,51.76941,3,2024
2022461252576,0.824232,51.407981,3,2022
2024461467920,0.21272,51.45147,3,2024
2022041147852,-2.762083,54.123957,3,2022
2024361402050,1.29144,52.65104,2,2024
2023211316086,-2.015173,52.666214,2,2023
2023371273906,1.201028,52.049993,3,2023
2023451332919,-0.558837,51.316703,3,2023
2023451381790,-0.497448,51.374697,2,2023
2023231374087,-1.426632,52.47961,2,2023
2022471129976,-0.100792,50.997185,2,2022
2022471154279,-0.206795,51.127542,3,2022
2022991182644,-4.683245,55.927034,3,2022
2024991447226,-4.30204,55.81071,3,2024
2024991435667,-4.27041,55.86844,3,2024
2024070771784,-2.65449,53.38627,3,2024
2023041266438,-3.054299,53.818123,2,2023
2022161155046,-0.874611,53.70703,3,2022
2022311218483,-1.146696,52.957558,2,2022
2023522300629,-2.53917,51.476356,3,2023
2023540291223,-1.728576,51.578707,2,2023
2024430026154,-0.75365,51.99121,3,2024
2022471235867,-0.14207,50.823432,2,2022
2023471352416,-0.13637,50.831058,3,2023
2022111217511,-1.601883,54.823995,3,2022
2022070278429,-2.129971,53.244322,3,2022
2022070811250,-2.027523,53.345666,3,2022
2024070479701,-2.44881,53.1011,3,2024
2022401247587,-0.458031,52.158325,3,2022
2022552200990,-2.45078,50.62049,2,2022
2024340WN1632,-0.87944,52.24162,3,2024
2024031455938,-3.57899,54.55839,3,2024
2022061211690,-2.362822,53.561956,3,2022
2022061203287,-2.217103,53.414405,3,2022
2024061408758,-2.16295,53.47235,3,2024
2024061447572,-2.23149,53.41737,3,2024
2024061447604,-2.24258,53.4808,3,2024
2023061292511,-2.091443,53.551551,2,2023
2023061364429,-2.027623,53.45138,2,2023
2022052202830,-2.968567,53.387526,3,2022
2024052400429,-2.9801,53.4613,3,2024
2022201147407,-1.871977,52.458706,3,2022
2023201274635,-1.841178,52.535469,2,2023
2023201277791,-1.821,52.494456,3,2023
2023201283774,-1.916973,52.408195,3,2023
2024201427485,-1.85029,52.52281,2,2024
2024201428728,-1.49595,52.38294,3,2024
2022201256129,-2.0877,52.547958,2,2022
2022201264800,-1.96021,52.486026,2,2022
2024201464849,-1.78956,52.44044,3,2024
2024131492136,-2.09693,53.71483,3,2024
2023131276652,-1.79735,53.633208,3,2023
2023131303056,-1.654341,53.732488,3,2023
2023131355749,-1.561398,53.814785,3,2023
2024131512847,-1.55694,53.81273,3,2024
2023131286773,-1.309549,53.738045,3,2023
2022481191514,-0.081846,51.516217,3,2022
2024010521942,-0.23664,51.54786,3,2024
2022010412502,-0.171934,51.554561,3,2022
2024010510428,-0.11994,51.51663,3,2024
2024010522855,-0.1441,51.52468,3,2024
2022010374466,-0.377042,51.50509,3,2022
2023010459564,-0.050757,51.665952,3,2023
2024010542809,-0.01483,51.4814,2,2024
2022010407467,-0.210503,51.495464,3,2022
2022010373552,-0.098938,51.578553,3,2022
2022010373886,-0.098262,51.574693,2,2022
2024010544856,-0.09196,51.59796,3,2024
2024010491603,-0.33405,51.58,3,2024
2023010434631,-0.181118,51.49101,3,2023
2024010499388,-0.1973,51.50984,3,2024
2024010508452,-0.246,51.38123,3,2024
2024010534763,-0.00756,51.44509,3,2024
2024010511968,-0.17459,51.4217,2,2024
2022010393103,0.070455,51.558402,3,2022
2023010459627,-0.104777,51.500952,3,2023
2022010378846,-0.059484,51.514698,3,2022
2022010364076,-0.176669,51.431725,3,2022
2022010406156,-0.179943,51.465525,3,2022
2023010464518,-0.157721,51.434981,3,2023
2022010391982,-0.12008,51.511774,2,2022
2022010403882,-0.186952,51.529489,3,2022
2024010499763,-0.16524,51.53047,3,2024
2023351382941,-0.185387,52.330893,3,2023
2024302400734,-1.32402,52.95589,3,2024
2023501296876,-3.534309,50.716452,3,2023
2024471416598,0.67149,50.91743,2,2024
2023421364416,0.552972,51.899825,2,2023
2023421389152,0.643432,51.802131,2,2023
2024421398027,0.59599,51.52277,2,2024
2023440081355,-0.747097,51.29324,2,2023
2023440520900,-1.162135,51.090458,3,2023
2024411532905,-0.03467,51.7055,3,2024
2023461307921,0.759528,51.410054,3,2023
2023461374300,0.897321,51.167055,3,2023
2023461384005,0.691647,51.084737,2,2023
2024461398041,1.3926,51.33179,3,2024
2022041240510,-2.169417,53.853161,2,2022
2023041350721,-2.235275,53.821349,3,2023
2024041404548,-2.21499,53.75176,2,2024
2024041486764,-2.69767,53.76113,3,2024
2022332200172,-1.189919,52.623344,3,2022
2024332400815,-1.50481,52.74626,2,2024
2023320213888,0.348476,53.175197,3,2023
2024320034839,-0.22349,52.80431,2,2024
2024320258462,-0.16234,52.79585,3,2024
2022361225912,1.261647,52.651898,3,2022
2022361246380,0.403689,52.744064,3,2022
2023361350422,1.296806,52.633333,3,2023
2023361375057,0.686774,52.648316,3,2023
2024371471282,0.9927,52.19449,3,2024
2024371487915,1.12447,52.08177,2,2024
2024371539819,1.74974,52.47331,3,2024
2022451187224,-0.337772,51.291472,3,2022
2023471382605,-0.380282,50.829348,3,2023
2022991246412,-4.368134,55.873695,2,2022
2022991143001,-4.217047,55.858517,3,2022
2022991215431,-4.255253,55.865381,2,2022
2023991278999,-4.32402,55.813357,3,2023
2024991512039,-4.32892,55.80982,3,2024
2023610024723,-2.984832,51.587816,3,2023
2023111361347,-1.537418,54.526198,3,2023
2024041468511,-3.02863,53.80587,2,2024
2022332200951,-1.135032,52.597425,2,2022
2023311372854,-1.200828,52.979878,3,2023
2024311503203,-1.20883,52.97292,3,2024
2023221315268,-2.492258,52.701168,3,2023
2023211342870,-2.139102,53.024307,2,2023
2022522202180,-2.596784,51.447987,3,2022
2023351273621,-0.249617,52.576429,2,2023
2024351515698,-0.37621,52.57969,2,2024
2022430306373,-0.949949,51.452801,3,2022
2023430387196,-0.727928,51.526693,3,2023
2023440143657,-1.073623,50.802352,3,2023
2024440329602,-1.08007,50.81383,3,2024
2023221281449,-2.481847,52.611826,3,2023
2022401142563,-0.217283,52.126815,3,2022
2023552301486,-1.923725,50.727318,3,2023
2023430454862,-0.744002,51.76102,3,2023
2023031314583,-2.9085,54.878339,3,2023
2022122300103,-1.058008,53.776502,3,2022
2023061305246,-2.257633,53.481298,2,2023
2023061321471,-2.060242,53.390336,3,2023
2023061346809,-2.601649,53.477022,3,2023
2022052202068,-2.786279,53.419743,3,2022
2022052202213,-2.961417,53.38851,3,2022
2022052202259,-2.978857,53.434302,3,2022
2022052203026,-2.949008,53.459262,3,2022
2023052301233,-2.952314,53.429986,2,2023
2022052201052,-2.664745,53.488247,3,2022
2022141139522,-1.435112,53.455533,3,2022
2023141259247,-1.453059,53.40661,3,2023
2022101257118,-1.623647,55.034228,3,2022
2023101346442,-1.577594,55.037932,3,2023
2023201422538,-1.840354,52.522945,3,2023
2024201400633,-1.8229,52.57114,3,2024
2024201527318,-1.96685,52.44909,3,2024
2022201244846,-2.052257,52.517746,2,2022
2024131446868,-1.77291,53.81574,3,2024
2022131215200,-1.558022,53.842554,2,2022
2024131450748,-1.53353,53.81826,3,2024
2023010440576,0.086007,51.534449,3,2023
2023010478189,-0.199622,51.543083,3,2023
2022010390218,-0.194715,51.558834,3,2022
2022010394349,-0.124714,51.530525,3,2022
2024010503629,-0.04787,51.55541,3,2024
2024010520195,-0.05739,51.54194,3,2024
2022010397605,-0.222179,51.491577,3,2022
2023010425200,-0.20368,51.487617,2,2023
2024010511824,-0.22349,51.49115,3,2024
2023010422843,-0.067766,51.607746,3,2023
2023010433337,0.20861,51.581387,3,2023
2023010481758,-0.398888,51.565422,3,2023
2023010431798,-0.387884,51.44036,3,2023
2023010432953,-0.159659,51.500216,3,2023
2024010499500,-0.12461,51.44532,3,2024
2024010517766,-0.1289,51.39796,3,2024
2024010512698,-0.37758,51.45211,3,2024
2023010482207,-0.065819,51.483878,1,2023
2023010427796,-0.021118,51.50073,3,2023
2024010492060,-0.06352,51.51982,2,2024
2024010521284,-0.02893,51.54228,3,2024
2024010549762,-0.05788,51.53249,3,2024
2023010431556,0.008088,51.609144,2,2023
2023010474287,-0.160678,51.513173,3,2023
2024010501798,-0.14206,51.50915,3,2024
2023351317574,0.143448,52.209425,3,2023
2024351397500,0.08777,52.55012,3,2024
2024421516934,0.44686,51.57971,3,2024
2023531261739,-2.248467,51.858165,3,2023
2022440066729,-1.411957,51.243434,3,2022
2023440011243,-1.159356,50.794116,2,2023
2024440047439,-1.15097,50.80418,2,2024
2024411425330,-0.39524,51.65986,3,2024
2022041146767,-2.744414,53.769178,2,2022
2022041167295,-2.799806,54.049545,2,2022
2022041225522,-2.797919,53.941469,2,2022
2024041438504,-2.2603,53.78823,2,2024
2024361436470,1.27611,52.61724,3,2024
2023430562961,-1.241163,51.746695,3,2023
2023231330042,-1.52771,52.280087,2,2023
2022471130265,-0.78449,50.836974,3,2022
2022471188030,-0.743244,50.839244,3,2022
2022471196230,-0.112083,50.946871,2,2022
2023991373753,-4.200347,57.482475,3,2023
2023991322405,-4.541555,56.213178,2,2023
2024991544091,-3.9264,56.14139,2,2024
2024991406604,-3.1613,56.19314,3,2024
2022991217721,-4.366085,55.883117,2,2022
2023991384513,-4.300431,55.870701,2,2023
2022991244945,-3.926606,55.879028,2,2022
202460Q128918,-3.08084,53.07124,3,2024
2023622300643,-3.946787,51.642612,3,2023
2024622400206,-3.44348,51.71441,3,2024
2022170M12082,-1.234538,54.576283,3,2022
2023170S11793,-1.319317,54.568656,2,2023
2024070397776,-2.64467,53.38958,3,2024
2024161422647,0.02772,53.73411,3,2024
2023302300194,-1.438616,52.868736,3,2023
2023311302046,-1.203985,52.985571,3,2023
2024311427306,-1.19536,53.00333,3,2024
2023522300986,-2.553788,51.462369,3,2023
2024522401649,-2.91288,51.3536,3,2024
2022111217556,-1.547588,54.779978,3,2022
2024111402732,-1.69537,54.87207,3,2024
2024070154612,-2.50283,53.19286,3,2024
2023543546323,-2.187077,51.205241,3,2023
2024122500100,-1.53035,53.99044,3,2024
2023520300572,-2.99517,51.238367,2,2023
2024061506361,-2.03303,53.49369,3,2024
2023052300297,-2.786581,53.422195,3,2023
2022052203131,-2.856236,53.378686,3,2022
2023052303075,-2.912276,53.462883,3,2023
2024052401042,-2.95173,53.41139,3,2024
2022052200475,-2.711645,53.456597,3,2022
2022141241378,-1.50758,53.366785,3,2022
2024141511452,-1.43137,53.40299,3,2024
2024141531463,-1.4709,53.46198,3,2024
2022101236671,-1.450206,55.005082,3,2022
2022201227238,-1.779534,52.48634,3,2022
2023201364098,-1.931756,52.507301,2,2023
2024201405525,-1.87443,52.5225,2,2024
2024201488338,-1.47919,52.40615,2,2024
2023201292394,-2.017907,52.449936,3,2023
2023131286814,-1.911414,53.860034,3,2023
2024131433505,-1.76839,53.84027,3,2024
2024131397375,-1.83844,53.68775,2,2024
2024131488477,-1.33013,53.59259,3,2024
2024010505511,0.13055,51.55694,3,2024
2024010523025,-0.15888,51.61282,2,2024
2024010506933,-0.05987,51.40896,2,2024
2022010401975,-0.25994,51.534542,3,2022
2022010404754,-0.332225,51.528488,3,2022
2022010383018,-0.069573,51.548092,3,2022
2024010525120,-0.04024,51.55371,2,2024
2022010417333,-0.234302,51.492848,3,2022
2022010393290,-0.062844,51.583934,3,2022
2024010493500,-0.19454,51.50643,3,2024
2023010470639,-0.11473,51.463299,3,2023
2024010546569,-0.13444,51.41848,2,2024
2022010381760,0.083492,51.575348,3,2022
2024010517531,0.08359,51.56486,2,2024
2022010402434,-0.280422,51.450118,2,2022
2023010453384,-0.265083,51.464865,3,2023
2024010537157,-0.0883,51.50622,2,2024
2023010457333,-0.053155,51.520484,3,2023
2023010468833,-0.159889,51.464799,3,2023
2023010439799,-0.142262,51.520553,3,2023
2023010444696,-0.192764,51.521423,3,2023
2024010538446,-0.15436,51.51483,3,2024
2024010547664,-0.20325,51.53287,3,2024
2023351277091,-0.288872,52.215119,3,2023
2022421186331,0.530636,51.608454,2,2022
2023421359273,0.345201,51.631507,3,2023
2022440032265,-1.512767,51.205618,2,2022
2022041221604,-2.702894,53.764036,3,2022
2022041219422,-2.233652,53.840892,2,2022
2023320075273,-0.5446,53.225956,2,2023
2023320719887,-0.013269,52.97828,3,2023
2024320010360,-0.55257,53.20297,3,2024
2023361311653,1.208375,52.522526,3,2023
2024361469731,1.21977,52.64113,3,2024
2023311334750,-1.179379,53.14963,3,2023
2023311350543,-1.270532,53.134456,2,2023
2023311382710,-0.809788,53.077758,3,2023
2024311438963,-0.80154,53.08336,3,2024
2024430388523,-1.21573,51.72844,3,2024
2024430580216,-1.23178,51.74586,3,2024
2022451137960,-0.377143,51.359729,3,2022
2024221512197,-2.30687,52.37549,3,2024
2022991128708,-5.271219,56.102736,3,2022
2023991370403,-2.873084,56.467017,2,2023
2023622300818,-3.935953,51.648511,3,2023
2022622200154,-3.25564,51.411254,3,2022
2023610033323,-2.764737,51.591192,3,2023
202263D109322,-3.402472,52.147625,3,2022
2024070685212,-2.58663,53.39109,3,2024
2024041502942,-3.0374,53.80369,3,2024
2024122401146,-1.09074,53.96533,3,2024
2023332300594,-1.135077,52.597425,3,2023
2023311371752,-1.192689,52.953897,3,2023
2024311406291,-1.14983,52.95417,3,2024
2024311460631,-1.20605,52.97353,3,2024
2024211521360,-2.15632,53.03662,2,2024
2022522204575,-2.612386,51.457878,3,2022
2023522301753,-2.641789,51.486467,3,2023
2023522400046,-2.590614,51.466056,3,2023
2023522301280,-2.592726,51.471332,3,2023
2024522401414,-2.59004,51.47765,3,2024
2022421265737,0.707696,51.535242,3,2022
2024461397242,0.54331,51.36953,3,2024
2024548726824,-1.80782,51.29594,3,2024
2023031317176,-3.548953,54.666258,3,2023
2022520203998,-2.976549,51.124718,3,2022
2024061409564,-2.13631,53.4038,3,2024
2022061144308,-2.062382,53.48626,2,2022
2022061167538,-2.411338,53.410244,2,2022
2023052301046,-2.823191,53.363673,3,2023
2022052202650,-3.044784,53.373409,3,2022
2023141287963,-1.264854,53.500476,3,2023
2024141405001,-1.15129,53.5074,3,2024
2023141388054,-1.500784,53.401749,3,2023
2024101514965,-1.47749,54.88197,2,2024
2024201524540,-1.89058,52.48158,3,2024
2023201400618,-2.044213,52.505703,3,2023
2022131147236,-1.674348,53.707135,2,2022
2022131244952,-1.784133,53.650892,2,2022
2024131450647,-1.53533,53.80664,3,2024
2022010385467,-0.280052,51.562517,3,2022
2023010455530,-0.239507,51.548787,3,2023
2022010376409,-0.193003,51.537613,2,2022
2023010449100,-0.069437,51.562559,3,2023
2024010533113,-0.08306,51.53236,3,2024
2024010538603,-0.38214,51.46435,3,2024
2023010475541,-0.184306,51.493802,3,2023
2023010441386,-0.250107,51.390391,2,2023
2024010534457,-0.10522,51.49091,2,2024
2023010482774,-0.032421,51.441659,3,2023
2024010530412,-0.0206,51.46255,2,2024
2022010397318,0.041199,51.545858,3,2022
2024010527969,-0.09003,51.47395,2,2024
2024010539994,-0.04689,51.52173,3,2024
2024010515447,-0.04011,51.56838,3,2024
2022010355437,-0.163149,51.521269,3,2022
2023010468217,-0.148678,51.519099,2,2023
2022031203230,-3.233712,54.112918,2,2022
2024501394918,-3.64729,50.79114,3,2024
2022471196062,0.343524,50.821568,2,2022
2022421254149,0.112344,51.774926,2,2022
2022531248558,-2.163549,52.024752,2,2022
2024440545738,-1.77209,50.84401,3,2024
2023411331110,-0.271743,51.953755,3,2023
2023461304629,1.409804,51.338162,3,2023
2022041209385,-2.681651,53.692567,2,2022
2024041425919,-2.71458,53.74207,3,2024
2024311411915,-1.124,52.93863,3,2024
2022430069106,-1.512353,51.780941,3,2022
2022430138017,-1.233452,51.72218,2,2022
2022430348892,-0.974066,51.733698,2,2022
2024430584777,-1.33926,52.06035,3,2024
2022451186652,-0.044267,51.140153,3,2022
2023451267059,-0.046632,51.248982,2,2023
2023451282039,-0.810473,51.232196,2,2023
2023991271674,-4.219764,55.82827,2,2023
2024991422460,-2.09739,57.14685,2,2024
2023991352597,-3.363178,55.948299,2,2023
2024991491432,-3.41078,56.06651,2,2024
2024991518224,-4.27805,55.87416,3,2024
2023622300325,-3.825844,51.663125,2,2023
2022070345342,-2.58326,53.384207,3,2022
2022161203970,-0.095016,53.56815,3,2022
2022161215054,-0.091966,53.544989,3,2022
2023211262692,-2.178696,53.023229,2,2023
2023522401007,-2.596507,51.446595,2,2023
2024522500570,-2.52926,51.48018,3,2024
2024461416732,0.51797,51.36859,3,2024
2024430142193,-0.73763,51.42794,3,2024
2023430268421,-0.997334,51.457109,3,2023
2022430276536,-0.638301,51.498405,3,2022
2023440334107,-1.082971,50.803991,3,2023
2023070509893,-2.11223,53.347809,3,2023
2024221501622,-2.75675,52.68645,2,2024
2022401179167,-0.47291,52.139205,2,2022
2024552400455,-1.87394,50.74418,3,2024
2023552300382,-2.138434,50.706442,2,2023
2024340WN5132,-0.86401,52.27801,2,2024
2024031430224,-3.55836,54.62794,2,2024
2024122401230,-1.53932,53.99573,3,2024
2023520300494,-2.314618,51.23714,2,2023
2023061322135,-2.250078,53.488055,2,2023
2024061526797,-2.30248,53.44533,3,2024
2024061468621,-2.47144,53.5151,2,2024
2022052201179,-2.794697,53.420901,2,2022
2022052202478,-2.942506,53.412535,3,2022
2023052300484,-3.010022,53.376144,3,2023
2024052402442,-3.0294,53.38919,2,2024
2022101246255,-1.665165,55.014202,3,2022
2022201199046,-1.870929,52.459954,3,2022
2022201241877,-1.841076,52.469582,3,2022
2023201371042,-1.849023,52.513418,3,2023
2023201373022,-1.845444,52.475162,2,2023
2022201221313,-1.968828,52.482405,2,2022
2022201234708,-1.946794,52.49893,3,2022
2022131258162,-1.738447,53.797136,3,2022
2023131321335,-1.7876,53.779967,3,2023
2022131185538,-1.947315,53.710999,3,2022
2022131226114,-1.655167,53.690804,3,2022
2023131320515,-1.546753,53.824941,2,2023
2023131347553,-1.712206,53.873662,3,2023
2024131415940,-1.52305,53.75201,3,2024
2022131216880,-1.46618,53.667847,3,2022
2023131378886,-1.583104,53.678036,3,2023
2023101280047,-1.677541,54.943109,3,2023
2024010501864,-0.19426,51.5386,3,2024
2024010504641,-0.25283,51.5396,3,2024
2022010412803,0.064404,51.388581,3,2022
2023010483858,-0.131509,51.527963,3,2023
2023010445510,-0.384068,51.532127,3,2023
2023010422950,-0.042193,51.667374,3,2023
2022010355822,-0.078458,51.567258,2,2022
2023010436742,-0.070922,51.548259,3,2023
2023010446404,-0.058191,51.563048,3,2023
2024010515081,-0.03574,51.54526,3,2024
2023010423518,-0.243557,51.498661,3,2023
2024010525957,-0.23723,51.50645,3,2024
2024010499191,-0.068,51.59994,3,2024
2024010488617,-0.34642,51.59273,3,2024
2024010507424,-0.13811,51.55689,3,2024
2024010535637,-0.11707,51.53697,3,2024
2023010431045,-0.185721,51.480291,3,2023
2024010542259,-0.20031,51.49264,2,2024
2022010402312,-0.307082,51.366633,3,2022
2023010462124,-0.142765,51.457847,3,2023
2024010507212,0.02813,51.52537,2,2024
2022010368610,-0.08932,51.436431,2,2022
2022010404727,-0.107493,51.507048,3,2022
2023010474943,-0.090061,51.473852,2,2023
2022010381288,-0.062103,51.509364,3,2022
2024010547562,-0.15948,51.4356,3,2024
2022010382975,-0.158534,51.502735,3,2022
2022031236545,-2.75958,54.66935,3,2022
2024501521098,-3.49165,50.89659,3,2024
2023421335510,0.895014,51.897363,3,2023
2023421372738,0.502949,51.562256,3,2023
2022531188299,-2.078511,51.901477,3,2022
2022411139249,-0.015884,51.759752,3,2022
2024411514741,-0.30183,51.64009,2,2024
2022461250063,0.552341,51.278353,2,2022
2023461363242,0.374895,51.424544,3,2023
2024461513851,1.06266,51.2697,2,2024
2024461515468,1.19054,51.18763,2,2024
2022041137506,-2.656541,53.674938,3,2022
2022041158409,-3.031233,53.922264,3,2022
2023041326354,-2.21868,53.787946,3,2023
2024320059022,-0.39813,53.00336,3,2024
2022361155028,1.234353,52.637142,3,2022
2023361379640,1.209807,52.941324,3,2023
2023430521023,-1.330008,52.042229,3,2023
2024371457588,1.19049,52.0557,3,2024
2022451184442,-0.280056,51.286943,3,2022
2022471222089,-0.480733,50.81836,3,2022
2023471284692,-0.502844,50.815912,3,2023
2023991385323,-4.281055,55.810692,2,2023
2024991432970,-4.50164,55.84588,3,2024
2024991432764,-4.42668,55.84125,3,2024
2023991281503,-4.24546,55.861031,3,2023
2024610048724,-3.00944,51.79262,2,2024
2022070756430,-2.66893,53.318256,3,2022
2022041205953,-3.055494,53.823361,3,2022
2023161347995,-0.397782,53.755753,3,2023
2024302400860,-1.47449,52.91903,3,2024
2024332400211,-1.14437,52.64851,3,2024
2022311228540,-1.146592,52.955283,3,2022
2022522205486,-2.585658,51.456801,2,2022
2024522500044,-2.56987,51.53057,3,2024
2024501461050,-4.17265,50.41534,3,2024
202454F064324,-1.80824,51.54232,3,2024
2022351247470,-0.251716,52.59044,3,2022
2023430321098,-1.391899,51.382526,3,2023
2024440552787,-1.41921,50.93422,2,2024
2023070513345,-2.430782,53.100914,3,2023
2023070795587,-2.365564,53.143704,3,2023
2023401279671,-0.416833,52.120051,2,2023
2023101313763,-1.691585,55.170108,3,2023
2023552301469,-1.823852,50.750951,3,2023
2024340NN1112,-0.69861,52.48502,3,2024
2022122200537,-1.82938,54.309574,2,2022
2023061330182,-2.231047,53.463824,2,2023
2023061353750,-2.071135,53.529085,2,2023
2022052202975,-2.788641,53.390442,2,2022
2022052200584,-3.089278,53.4141,3,2022
2023141359538,-1.190486,53.433964,3,2023
2024141525812,-1.49103,53.37507,3,2024
2022101255203,-1.377288,54.904946,3,2022
2024201504104,-1.9373,52.63082,2,2024
2022131179297,-1.896334,53.723189,3,2022
2023131282882,-1.739877,53.639281,2,2023
2023131344701,-1.692282,53.830004,3,2023
2024131426749,-1.47656,53.81207,2,2024
2024131412175,-1.50874,53.70448,2,2024
2022010355839,-0.211258,51.553054,3,2022
2022010385290,0.033826,51.312235,3,2022
2023010482654,0.07643,51.37326,3,2023
2024010521906,-0.03725,51.39188,2,2024
2023010421405,-0.121168,51.518958,3,2023
2024010503644,-0.35813,51.52044,3,2024
2023010438333,-0.020543,51.670734,3,2023
2023010441375,-0.224751,51.491742,3,2023
2022010373730,-0.396572,51.514359,3,2022
2024010487492,-0.09882,51.53859,2,2024
2024010495542,-0.11404,51.5314,3,2024
2024010530313,-0.10867,51.54645,3,2024
2024010529111,-0.12311,51.48632,3,2024
2024010543044,-0.3756,51.42211,2,2024
2024010539558,-0.0799,51.43012,2,2024
2022010410984,-0.059394,51.521576,3,2022
2023010442310,-0.073437,51.514668,3,2023
2023010440627,-0.166937,51.464603,3,2023
2023010461608,-0.124272,51.500942,2,2023
2024010516018,-0.13791,51.50294,2,2024
2024010526878,-0.16944,51.51979,3,2024
2023351356816,0.131222,52.202597,3,2023
2022031152400,-3.538226,54.608487,3,2022
2024421521192,0.24207,52.01314,3,2024
2022440193619,-1.459386,50.871133,3,2022
2024440403578,-0.93615,51.25484,3,2024
2022461132948,1.407879,51.352088,3,2022
2022461184632,0.225584,51.449814,3,2022
2023332300506,-1.214914,52.621714,1,2023
2022320514069,-0.16327,52.785426,3,2022
2024311463018,-1.24413,53.10574,3,2024
2022430378841,-1.237462,51.747984,2,2022
2024211515457,-2.1679,53.11965,3,2024
2024371397818,1.14301,52.06178,2,2024
2024371508180,1.13993,52.06515,3,2024
2024471394715,-0.21486,51.12775,3,2024
2023221323898,-1.921389,52.380409,3,2023
2023221329218,-2.176078,52.201245,2,2023
2023991280254,-4.76793,55.947118,2,2023
202260B076870,-3.054867,53.192422,3,2022
202260B103871,-3.049221,53.215584,3,2022
2024622400169,-3.24352,51.48169,3,2024
2022161215903,-0.337152,53.743907,3,2022
2022161206381,-0.09146,53.562286,3,2022
2023161373709,-0.672458,53.584393,2,2023
2022302200529,-1.465181,52.915558,3,2022
2023332300293,-1.123537,52.648197,3,2023
2022311195189,-1.150778,52.952841,2,2022
2023311380127,-1.160279,52.938768,3,2023
2023221356413,-2.811348,52.011928,3,2023
2023522400062,-2.578347,51.443143,3,2023
202354A629423,-1.752923,51.551669,2,2023
2022401261952,-0.437449,51.889793,3,2022
2024421474327,0.72176,51.54481,3,2024
2022461172651,0.546038,51.371242,3,2022
2023471347597,-0.142388,50.835803,3,2023
2022221156985,-2.724771,52.717037,3,2022
2023221379532,-2.749955,52.808567,2,2023
2024546602524,-2.21358,51.31908,3,2024
202454A072224,-1.73534,51.0979,3,2024
2022401198188,-0.465771,52.138159,2,2022
2024552400924,-1.87831,50.74131,3,2024
202234NNC6982,-0.6954,52.37643,2,2022
2024031394100,-2.92838,54.88973,2,2024
2022351138349,0.146788,52.218886,2,2022
2024501469936,-3.55321,50.71535,2,2024
2024501475601,-4.03859,51.20651,2,2024
2023471348802,0.500553,50.845541,2,2023
2022531154151,-2.242071,51.851373,3,2022
2024531401797,-2.23245,51.73885,3,2024
2022440182748,-1.312775,50.923634,3,2022
2023320068699,-0.628708,52.78734,3,2023
2022122200458,-0.379528,54.23087,3,2022
2023311275315,-1.21974,52.930427,3,2023
2024311522391,-1.24152,52.92715,2,2024
2022311207514,-1.116501,52.911069,2,2022
2022430126530,-1.331128,51.732918,3,2022
2022430399872,-1.280427,51.669383,3,2022
2024451492829,-0.24581,51.34539,2,2024
2022451142867,-0.553727,51.248729,3,2022
2024451480628,-0.61631,51.22871,3,2024
2023471260121,-0.404183,50.829281,3,2023
2022061238277,-2.217561,53.424471,3,2022
2023061286628,-2.223389,53.488387,2,2023
2024061525710,-2.34041,53.51204,2,2024
2024052401422,-2.70511,53.45379,3,2024
2024052402493,-3.00221,53.46762,2,2024
2023052301089,-3.042199,53.440453,3,2023
2022141196259,-1.378004,53.418548,3,2022
2022101201265,-1.632465,55.026347,3,2022
2023101374065,-1.647556,54.980418,2,2023
2023101299340,-1.433525,55.034993,3,2023
2022201219326,-1.859579,52.470136,2,2022
2023201408343,-1.972514,52.426983,3,2023
2023201418692,-1.937093,52.463846,3,2023
2024201494200,-1.91927,52.48501,2,2024
2023201383708,-1.51564,52.401677,3,2023
2022201226902,-1.971509,52.480931,3,2022
2022201270155,-1.990843,52.619082,3,2022
2023201390224,-1.925043,52.625944,3,2023
2022131134655,-1.743803,53.7926,2,2022
2023131288300,-1.684925,53.852706,2,2023
2024131403095,-1.61804,53.8171,3,2024
2023010454040,0.155528,51.559577,3,2023
2023010461985,-0.190654,51.578294,3,2023
2024010551511,-0.27611,51.61361,2,2024
2024010496352,-0.24452,51.53586,3,2024
2024010532020,-0.12429,51.53004,3,2024
2024010510276,0.01761,51.48658,3,2024
2023010436774,-0.057298,51.537962,3,2023
2023010466577,-0.067215,51.572082,3,2023
2023010435780,-0.197955,51.486702,3,2023
2022010389728,-0.144942,51.595044,3,2022
2022010372414,-0.326524,51.597432,3,2022
2022010382147,-0.424828,51.574675,2,2022
2024010543076,-0.42151,51.52265,3,2024
2023010480526,-0.391504,51.474508,2,2023
2023010477079,-0.09187,51.560192,3,2023
2022010363071,0.054979,51.553369,3,2022
2022010390645,0.060822,51.513492,3,2022
2023010473349,0.049433,51.545184,3,2023
2023010478695,0.108201,51.581912,3,2023
2024010544571,-0.0805,51.47717,3,2024
2022010358571,-0.194302,51.361388,2,2022
2022010372316,-0.02356,51.516868,3,2022
2023010433470,-0.025483,51.527062,3,2023
2022010395638,-0.147595,51.45233,3,2022
2023010479776,-0.18306,51.443973,3,2023
2024010531240,-0.14837,51.44838,3,2024
2024010532545,-0.16071,51.46117,3,2024
2022010353977,-0.196305,51.519005,3,2022
2022991180518,-3.598104,54.874412,3,2022
2023991331355,-2.160455,57.178009,3,2023
2022991256995,-3.573051,55.850932,2,2022
2022991138179,-4.215393,55.849676,3,2022
2024991407768,-4.24834,55.83171,3,2024
2023622300400,-3.178362,51.484253,3,2023
2023610030623,-3.240397,51.689544,3,2023
202417M302624,-1.19548,54.52362,3,2024
2022170L10562,-1.056647,54.53738,2,2022
2022041228516,-3.011497,53.826455,3,2022
2023041381778,-3.032858,53.829509,2,2023
2023302301451,-1.46149,52.903783,2,2023
2024302400503,-1.44069,52.93405,3,2024
2022311216178,-1.142702,52.946518,3,2022
2023522400284,-2.584601,51.428132,3,2023
2023522400726,-2.591943,51.419679,3,2023
2023522301712,-2.467582,51.449887,2,2023
2022401256786,-0.392907,51.886595,3,2022
2023401382919,-0.422075,51.879823,2,2023
2023430016309,-0.629907,51.398702,3,2023
2023430046940,-0.70156,52.157049,2,2023
2022440308423,-1.36302,50.899126,3,2022
2023111326174,-1.600525,54.694925,3,2023
2022070608735,-2.855589,53.195504,3,2022
2024070355960,-2.91907,53.26523,2,2024
2024401526448,-0.4996,51.91894,2,2024
202234NNC7662,-0.687803,52.310524,2,2022
2022122201434,-1.07391,53.786162,3,2022
2024061431226,-2.42376,53.57423,3,2024
2024061437954,-2.08927,53.49691,3,2024
2023141314602,-1.031603,53.507713,3,2023
2024101513723,-1.71179,54.98294,3,2024
2024101487203,-1.50471,55.03955,3,2024
2023101331447,-1.411353,54.974167,3,2023
2022201255585,-1.883854,52.497878,3,2022
2023201388520,-1.853834,52.538021,2,2023
2024201424659,-1.8997,52.47925,3,2024
2024201536518,-1.46739,52.4064,2,2024
2024201494002,-1.91972,52.60266,3,2024
2024201524788,-2.12418,52.56886,3,2024
2024131518416,-1.78477,53.79917,3,2024
2022131239932,-1.625862,53.709834,2,2022
2023010450381,-0.17421,51.578417,3,2023
2022010405862,0.130122,51.444969,3,2022
2024010533833,-0.20305,51.5407,3,2024
2024010525183,-0.12596,51.52625,3,2024
2022010368187,-0.275078,51.528489,3,2022
2022010413789,-0.081824,51.649746,3,2022
2023010420212,-0.063664,51.574145,3,2023
2023010464035,-0.075722,51.546278,3,2023
2022010372969,-0.21141,51.495091,3,2022
2024010550070,-0.21595,51.5018,2,2024
2022010376062,-0.379701,51.436992,2,2022
2022010369796,-0.11996,51.558074,3,2022
2023010439536,-0.093449,51.524851,3,2023
2024010508086,-0.11749,51.55647,2,2024
2023010446045,-0.213874,51.514975,3,2023
2023010483258,-0.027995,51.475262,3,2023
2023010427770,-0.295501,51.449844,2,2023
2022010411529,-0.100849,51.4932,3,2022
2024010516739,-0.0634,51.48624,3,2024
2023010485214,-0.188387,51.373329,2,2023
2024010548275,-0.0542,51.53121,2,2024
2024010543580,-0.16552,51.47973,2,2024
2022010375834,-0.119862,51.511806,3,2022
2023531391889,-2.241826,51.87056,3,2023
2022440007024,-1.089833,51.273251,3,2022
2022440453291,-1.368945,50.821526,2,2022
2024440403528,-1.49819,51.00416,2,2024
2022411257621,-0.448077,51.742658,1,2022
2023461375319,0.216932,51.44353,3,2023
2024461434936,0.21262,51.44514,3,2024
2024461470614,1.08077,51.27856,3,2024
2024461467650,0.33351,51.43507,3,2024
2023041353575,-2.671421,53.76436,3,2023
2023041371844,-2.945279,53.745768,3,2023
2024041489225,-2.23673,53.78247,2,2024
2023332301176,-1.165069,52.578401,3,2023
2024320237020,-0.14503,52.76525,3,2024
2024320330503,0.00482,53.09098,3,2024
2022361136523,0.410746,52.710858,1,2022
2022311139541,-1.196194,53.032147,3,2022
2022430418559,-1.511452,51.783868,3,2022
2024430604985,-1.26355,51.75355,2,2024
2023371283619,1.147314,52.050587,3,2023
2023371340390,0.955123,52.044181,3,2023
2024371450346,1.47971,52.19802,2,2024
2023451333053,-0.595066,51.239764,2,2023
2023451337554,-0.518805,51.432798,2,2023
2023451347381,-0.273335,51.331528,3,2023
2023221292345,-2.218343,52.185072,3,2023
2024991496862,-2.37268,57.28128,3,2024
2022991139060,-4.266787,55.83374,2,2022
2022991190219,-4.129605,55.861374,2,2022
2023991269278,-4.249454,55.863222,3,2023
2022622200683,-3.693643,51.529297,3,2022
2023610043023,-2.992265,51.582511,3,2023
2022170M31902,-1.214402,54.523633,3,2022
2024111523230,-1.55813,54.52233,2,2024
2022161250991,-0.307995,53.767212,2,2022
2024161463445,-0.33377,53.77298,3,2024
2022302201655,-1.49137,52.909183,3,2022
2023302300646,-1.463788,52.912783,3,2023
2023311383518,-1.13981,52.950488,3,2023
2023311370708,-1.155493,52.968328,3,2023
2024522401161,-2.50943,51.48696,3,2024
2022430207798,-0.739284,51.53623,2,2022
2022471175057,-0.135174,50.824384,3,2022
2023471301170,-0.208076,50.847209,3,2023
2024471490510,-0.12695,50.81834,3,2024
2024471497475,-0.1253,50.83688,3,2024
2022440100094,-1.076854,50.82057,2,2022
2023440253829,-1.103789,50.847066,3,2023
2023440417434,-1.095477,50.796454,3,2023
2022070813411,-2.439539,53.094077,3,2022
2023221378043,-2.372669,52.666248,3,2023
2024401411603,-0.46302,52.13707,3,2024
2023401330975,-0.495847,52.003452,3,2023
2024552400859,-1.97212,50.78558,3,2024
2023552301270,-1.905783,50.786602,3,2023
2022430494214,-0.696683,51.667693,3,2022
2024061448818,-2.1346,53.52906,2,2024
2022052200704,-2.828583,53.362764,3,2022
2023052301502,-2.944035,53.506627,3,2023
2023101318351,-1.642006,54.97545,3,2023
2024201527233,-1.80223,52.56031,3,2024
2024201534221,-1.80798,52.46809,3,2024
2022201224775,-2.138101,52.457489,3,2022
2022131257104,-1.299155,53.698419,3,2022
2023010427212,-0.184644,51.586052,2,2023
2023010468854,0.158754,51.464058,3,2023
2022010389450,-0.201262,51.544637,3,2022
2024010525942,-0.01794,51.39924,3,2024
2023010470021,-0.281461,51.502541,3,2023
2022010400791,-0.077499,51.523268,3,2022
2023010459843,-0.189702,51.47796,3,2023
2024010511958,0.20352,51.56483,3,2024
2022010359116,-0.433908,51.450596,3,2022
2024010531845,-0.09585,51.54061,3,2024
2024010521094,-0.1155,51.4621,3,2024
2024010547016,-0.08955,51.42704,3,2024
2023010435563,-0.002154,51.421659,3,2023
2023010427178,-0.179051,51.41741,3,2023
2022010396151,-0.103209,51.495693,2,2022
2023010436027,-0.028228,51.514249,3,2023
2022010395850,-0.016607,51.602217,2,2022
2022010372385,-0.150266,51.442858,3,2022
2024010514451,-0.14673,51.41973,3,2024
2022351319323,0.176377,52.104442,2,2022
2022501248065,-4.200953,51.01663,3,2022
2023501293538,-3.516081,50.734551,2,2023
2023501406862,-3.41296,50.620553,3,2023
2022471190315,0.58476,50.855128,2,2022
2023421321927,0.60985,51.64728,3,2023
2022531246002,-2.069959,51.916165,3,2022
2022461197223,1.418285,51.372402,3,2022
2023461314006,1.443303,51.359732,2,2023
2022361163751,1.584568,52.705808,3,2022
2023311300804,-1.127279,53.334066,2,2023
2022211238249,-1.667576,52.803569,1,2022
2023451322315,-0.614062,51.180604,3,2023
2023451360808,-0.385314,51.351192,3,2023
2024471487384,-0.22331,51.10282,3,2024
2024471506639,-0.30922,51.07185,3,2024
2022221231696,-1.975477,52.280372,2,2022
2023991307691,-5.121582,56.843843,2,2023
2023991362121,-2.994945,57.67109,3,2023
202263C012922,-5.035766,51.713615,3,2022
2022610009022,-3.206177,51.776327,3,2022
2022111194754,-1.551718,54.516968,3,2022
2023111379743,-1.56883,54.536397,2,2023
2023041360328,-3.053083,53.849584,2,2023
2024161480412,-0.18547,54.08721,2,2024
2022161188227,-0.092249,53.543061,2,2022
2024221396412,-2.71462,52.06322,3,2024
2023520000621,-2.360295,51.377838,3,2023
2024522401725,-2.61629,51.46157,3,2024
2023501325449,-4.136241,50.414969,3,2023
2023543266923,-1.749603,51.586405,2,2023
2022401250459,-0.429243,51.869651,3,2022
2023401282570,-0.42892,51.871409,3,2023
2022421166837,0.372647,51.481085,3,2022
2023461306302,0.489858,51.377621,3,2023
2023471333589,-0.13039,50.819028,3,2023
2024471513959,-0.13894,50.82833,2,2024
2023070352618,-2.227067,53.307889,3,2023
2024221411433,-2.7914,52.70849,3,2024
2024501420961,-5.26738,50.24578,3,2024
202354C354023,-2.112439,51.454866,3,2023
2023552300742,-2.454998,50.648828,3,2023
2022122201150,-1.523395,54.131792,3,2022
2024122400632,-0.50722,54.36845,2,2024
2023061318590,-2.24056,53.486681,3,2023
2024061431975,-2.28042,53.44605,2,2024
2023061351968,-2.133074,53.533436,2,2023
2023052302889,-2.985716,53.43474,2,2023
2024052400639,-2.94832,53.39802,2,2024
2024052400510,-3.12084,53.37804,3,2024
2023141298625,-1.344129,53.456039,3,2023
2024141474049,-1.47497,53.36661,2,2024
2022201151701,-1.893464,52.483144,3,2022
2023201301065,-1.938277,52.416775,3,2023
2023201296183,-1.838589,52.533991,3,2023
2023201443004,-1.813807,52.443327,2,2023
2024201455344,-1.85079,52.46722,3,2024
2023201269809,-2.120031,52.539407,3,2023
2023201278855,-2.048212,52.524211,3,2023
2023201393111,-1.967678,52.484544,3,2023
2022201246271,-1.989796,52.614964,2,2022
2024201535784,-1.99068,52.6037,3,2024
2024201517133,-2.06141,52.57405,3,2024
2022131193093,-1.766517,53.819152,2,2022
2023131308551,-1.831612,53.828383,3,2023
2024131465404,-1.92131,53.86226,2,2024
2023131281914,-1.723225,53.872403,2,2023
2024131438028,-1.59136,53.83266,3,2024
2022131183881,-1.265092,53.708794,3,2022
2023131361832,-1.318887,53.717408,2,2023
2024481558138,-0.09723,51.51777,3,2024
2024010521445,0.14813,51.53739,3,2024
2024010523567,-0.14344,51.61593,3,2024
2024010544254,-0.20801,51.65297,3,2024
2022010377802,-0.273594,51.585596,3,2022
2024010511534,-0.31237,51.54896,3,2024
2022010368915,-0.023779,51.350803,3,2022
2024010497725,-0.09348,51.39449,3,2024
2022010390816,0.052675,51.490316,3,2022
2023010422109,-0.018234,51.481185,2,2023
2024010529911,0.01372,51.49572,3,2024
2023010481195,-0.076758,51.534704,3,2023
2024010507133,-0.19821,51.4864,3,2024
2022010380013,-0.076699,51.577831,3,2022
2024010495977,-0.07327,51.58282,3,2024
2024010508358,-0.15197,51.598,3,2024
2023010474202,0.171959,51.52502,3,2023
2023010420218,-0.412101,51.512485,3,2023
2022010417882,-0.084385,51.549154,3,2022
2023010462575,-0.120933,51.551975,3,2023
2024010490139,-0.12003,51.57277,2,2024
2024010532696,-0.30313,51.39897,3,2024
2023010450998,-0.130859,51.429358,3,2023
2022010413147,-0.03907,51.475223,2,2022
2022010369382,0.017939,51.520199,2,2022
2024010527409,-0.01271,51.53042,3,2024
2023010423807,-0.046968,51.491578,3,2023
2023010466267,-0.095607,51.48798,3,2023
2022010381104,-0.174132,51.378773,3,2022
2023010431177,-0.199746,51.367623,2,2023
2022010417526,-0.071897,51.520757,2,2022
2023010465370,-0.195872,51.457363,3,2023
2023010466108,-0.123076,51.513917,3,2023
2023010479777,-0.154294,51.502821,3,2023
2024351495588,0.12724,52.20806,3,2024
2022031207177,-3.228967,54.114899,3,2022
2024302400051,-1.30315,53.2283,3,2024
2023471365715,0.456012,50.835712,3,2023
2022421248147,0.242276,52.026035,3,2022
2024440013118,-1.43484,50.86334,3,2024
2022461141599,0.261217,51.445957,3,2022
2023461377742,0.183897,51.27668,3,2023
2024461472568,0.87059,51.14737,3,2024
2022041198923,-2.801794,54.047303,3,2022
2024041514027,-2.39926,53.74219,2,2024
2022320660851,-0.003243,53.367218,3,2022
2024320294366,-0.02286,52.97479,3,2024
2023361371804,1.720406,52.570277,2,2023
2024311405104,-1.11087,53.10081,3,2024
2023451362691,-0.343142,51.402786,3,2023
2023221296130,-2.046624,52.334549,2,2023
2023221328964,-2.275542,52.344728,3,2023
2024991536030,-4.17013,55.81944,3,2024
2024991394510,-3.13821,55.95596,3,2024
2022991240617,-4.228757,55.852329,3,2022
2023991271811,-4.29248,55.868692,3,2023
202263B080522,-4.23107,52.093221,3,2022
2023332301031,-1.122664,52.6497,3,2023
2023332300685,-1.119451,52.627157,3,2023
2024311490728,-1.18022,52.95535,2,2024
2024211418799,-2.19836,53.04538,3,2024
2022430270478,-0.950782,51.439096,3,2022
2022471163336,-0.151347,50.842322,3,2022
2023071210020,-2.955047,53.226758,3,2023
2022543216322,-1.624405,51.251241,3,2022
2023340NN2362,-0.737221,52.339429,3,2023
2024031529233,-2.90547,54.38009,3,2024
2022122200418,-2.012751,53.960891,3,2022
2023061361824,-2.169268,53.472926,2,2023
2024061397358,-2.23568,53.5002,2,2024
2024061443339,-2.25227,53.47596,2,2024
2024061468656,-2.23121,53.41605,3,2024
2022061223326,-2.147226,53.54639,3,2022
2024061518981,-2.25514,53.48351,3,2024
2023061381086,-2.146394,53.392913,3,2023
2023052300692,-2.956058,53.419754,3,2023
2022141258300,-1.526316,53.543207,3,2022
2022141223332,-1.422083,53.36464,3,2022
2023201396622,-1.83293,52.443814,2,2023
2022201172071,-2.134415,52.595003,2,2022
2022131143508,-1.638999,53.815888,2,2022
2022131157470,-1.542665,53.809717,3,2022
2022131178361,-1.604253,53.742634,2,2022
2022131256165,-1.532467,53.821372,3,2022
2023131347718,-1.621394,53.807619,3,2023
2024131501103,-1.54897,53.77295,3,2024
2022101211568,-1.538599,54.957669,3,2022
2022010372193,0.136181,51.5528,3,2022
2024010494575,-0.2384,51.53215,3,2024
2023010421208,0.068765,51.417066,3,2023
2023010437611,-0.145376,51.541474,3,2023
2022010395258,-0.37826,51.50731,3,2022
2023010442187,-0.295047,51.529977,3,2023
2022010361239,-0.077713,51.531203,3,2022
2024010547179,-0.06837,51.54991,3,2024
2024010546750,-0.21113,51.46845,2,2024
2023010440085,-0.096824,51.604974,3,2023
2023010437582,-0.299337,51.587392,3,2023
2022010381078,-0.45018,51.531473,3,2022
2023010473376,-0.412884,51.524383,3,2023
2022010354129,-0.10787,51.562952,3,2022
2023010432777,-0.121944,51.546335,3,2023
2024010537603,-0.10354,51.56416,3,2024
2022010360531,-0.178241,51.487656,3,2022
2023010451673,-0.178259,51.487576,2,2023
2023010433235,-0.256938,51.403919,3,2023
2023010431328,-0.301639,51.379801,2,2023
2022010389559,-0.055447,51.439561,2,2022
2023010485883,0.013852,51.447132,3,2023
2024010522536,-0.30578,51.4584,3,2024
2023010475465,-0.064492,51.474072,3,2023
2024010487426,-0.10475,51.50091,2,2024
2022010386429,0.005264,51.554544,3,2022
2022010365531,-0.209474,51.458831,3,2022
2022010400387,-0.17799,51.519603,3,2022
2024010518059,-0.1778,51.51941,3,2024
2023302301644,-1.291207,52.894026,3,2023
2023471376866,0.558661,50.875446,2,2023
2023421279549,0.606302,51.65297,3,2023
2023421392850,0.303091,51.621216,3,2023
2024421396955,1.05896,51.94638,2,2024
2023531280521,-2.080067,51.893717,2,2023
2022440421150,-0.978921,50.830573,3,2022
2023440344726,-1.481864,50.912582,3,2023
2023461302219,1.294914,51.134899,3,2023
2022041176919,-2.773725,53.540327,3,2022
2024041543658,-2.25468,53.78414,3,2024
2022332200950,-1.185393,52.751689,2,2022
2024311453074,-0.97682,53.22999,3,2024
2024311489268,-1.27907,53.14148,2,2024
2022211231371,-1.966331,52.765267,2,2022
2024211530943,-1.67711,52.63291,3,2024
2022451253693,-0.662759,51.178302,3,2022
2024451469029,-0.56494,51.30877,3,2024
2022991230768,-4.324982,55.607419,2,2022
2022991133144,-1.775218,57.510578,3,2022
2024991452670,-3.19358,55.95264,3,2024
2024991536984,-4.41275,55.83739,1,2024
2022991175088,-3.563812,55.904058,2,2022
2022991132494,-4.19023,55.877763,3,2022
2022991200450,-4.261095,55.846274,2,2022
2023991293761,-4.252457,55.836142,1,2023
2024991498383,-4.06524,55.97781,2,2024
2023631383098,-4.141251,51.695205,2,2023
2023070073861,-2.595756,53.408019,2,2023
2023161351813,-0.410977,53.757816,3,2023
2024122401172,-1.0863,53.96345,3,2024
2022302202166,-1.415095,52.915439,2,2022
2023302301376,-1.484565,52.902465,3,2023
2024302400603,-1.41245,52.91613,3,2024
2024302401488,-1.46275,52.90324,3,2024
2023311355422,-1.196734,52.97816,3,2023
2022522204907,-2.600852,51.439937,3,2022
2024522402503,-2.57826,51.44441,3,2024
2024522402931,-2.83439,51.31454,3,2024
2024501438247,-4.12866,50.38028,3,2024
2022421187697,0.709772,51.553685,3,2022
2024430297518,-0.92535,51.44111,3,2024
2023440340200,-1.179575,50.62765,3,2023
2022111208932,-1.43798,54.679965,2,2022
2022111232973,-1.43011,54.750214,3,2022
2023111364584,-1.59528,54.849297,3,2023
2022070133137,-2.376483,53.304742,2,2022
2023070709146,-2.374216,53.086471,3,2023
2024501472766,-5.02931,50.46493,3,2024
2024501513585,-5.11503,50.41127,3,2024
2022552200359,-2.191541,51.004584,3,2022
2023552301085,-2.451602,50.608868,3,2023
2024340WN4122,-0.86969,52.24659,2,2024
2023031359320,-2.887152,54.879251,2,2023
2022061215918,-2.239202,53.486244,3,2022
2024061495489,-2.4336,53.53111,2,2024
2023061310557,-2.131322,53.381839,3,2023
2022052200642,-2.895644,53.417687,2,2022
2024052401232,-2.74474,53.45696,3,2024
2023052301275,-3.00248,53.640757,3,2023
2024052401355,-3.00092,53.642,3,2024
2023141312616,-1.480487,53.541839,3,2023
2022201229584,-1.826189,52.530783,3,2022
2023201377511,-1.864358,52.505418,3,2023
2024201499349,-1.84552,52.45318,2,2024
2022201210648,-2.124341,52.56701,3,2022
2023131299786,-1.709705,53.828411,3,2023
2024131515756,-1.77106,53.80719,2,2024
2024010492996,0.11279,51.54181,3,2024
2023010472740,0.093425,51.464776,2,2023
2023010477977,-0.101509,51.398194,3,2023
2022010418960,-0.297834,51.513238,3,2022
2024010517588,-0.03499,51.64502,3,2024
2024010503652,-0.05498,51.54,3,2024
2024010547593,-0.08363,51.55232,3,2024
2024010516228,-0.06903,51.59095,3,2024
2024010529546,-0.20646,51.49642,3,2024
2024010488122,-0.34214,51.42678,3,2024
2022010367561,-0.080703,51.48959,2,2022
2023010420463,-0.065354,51.490443,3,2023
2022010352713,-0.050701,51.532061,3,2022
2022010365723,-0.042816,51.515537,3,2022
2022010405855,-0.071851,51.519803,3,2022
2022010409969,-0.028725,51.517432,2,2022
2023010451522,-0.013869,51.512352,3,2023
2024010540539,-0.06869,51.5151,3,2024
2023010423713,-0.040661,51.587216,3,2023
2023010462579,-0.217708,51.461043,3,2023
2024010495996,-0.21804,51.45842,3,2024
2024010537793,-0.16262,51.47282,3,2024
2024010544676,-0.15998,51.46475,3,2024
2022010410186,-0.152937,51.507179,2,2022
2023010461423,-0.205659,51.532942,3,2023
2023351301143,-0.278109,52.226202,2,2023
2024351451542,0.113,52.2125,3,2024
2022031258481,-3.318838,54.76335,3,2022
2022302201954,-1.900519,53.263498,3,2022
2024471536083,0.61277,50.87813,3,2024
2023421323856,0.099271,51.773425,3,2023
2022531233654,-2.489432,51.864818,2,2022
2023531303722,-2.163114,51.849198,3,2023
2024531398199,-2.23629,51.85165,3,2024
2024440366455,-1.51128,50.91644,2,2024
2022461260128,1.058953,51.26983,3,2022
2022332201027,-1.28104,52.548191,3,2022
2024332400370,-1.1305,52.58008,3,2024
2024320335193,-0.57795,53.19584,3,2024
2022361210605,0.232534,52.609796,2,2022
2023430231218,-1.272325,51.780618,3,2023
2022211234433,-1.874804,52.603841,3,2022
2023451362921,-0.475028,51.340704,3,2023
2024451459621,-0.06305,51.17734,2,2024
2023991262698,-4.051713,55.779433,2,2023
2023991283682,-3.181444,55.941577,3,2023
2024991470266,-3.16135,55.95645,3,2024
2024991513686,-4.38658,55.89106,1,2024
2022991199896,-4.025314,55.827834,3,2022
202460Q130012,-2.98743,53.04614,3,2024
2022622200799,-3.173848,51.503074,2,2022
2022170M10942,-1.197871,54.529924,2,2022
2022170L30622,-1.069029,54.594347,3,2022
2022170S42002,-1.355525,54.497075,3,2022
2023170S41273,-1.352406,54.494128,2,2023
2022161245121,-0.377553,53.75051,3,2022
2023161314336,-0.297186,53.76287,2,2023
2023161360955,-0.659854,53.59841,3,2023
2023122301282,-1.074194,53.961317,3,2023
2023302300018,-1.476472,52.91035,3,2023
2024332400010,-1.11403,52.61026,2,2024
2023522400845,-2.585023,51.445385,3,2023
2024501484006,-4.15245,50.36978,3,2024
2022430198712,-1.066348,51.443031,3,2022
2022471191723,-0.152455,50.825432,3,2022
2022471244101,-0.137522,50.832461,3,2022
2023440442856,-1.062383,50.793836,3,2023
2023440154980,-1.397568,50.905137,2,2023
2023440512110,-1.16634,50.650164,3,2023
2024070543062,-2.47778,53.07484,3,2024
2022101244504,-1.598378,55.217274,3,2022
2023101283075,-1.518408,55.127322,3,2023
2023101312060,-2.254064,55.144442,2,2023
2024552500118,-1.77208,50.73459,2,2024
2022430530233,-0.772201,51.576395,3,2022
2022340WNC052,-0.88937,52.262846,2,2022
2024421467219,0.90283,51.90712,3,2024
2022531257334,-2.252529,51.847116,3,2022
2022440166428,-1.355395,50.976599,3,2022
2022440204892,-1.357417,50.962178,3,2022
2024440236539,-0.99327,50.87105,2,2024
2024411415858,-0.20139,51.69843,2,2024
2023411313776,-0.462247,51.643915,3,2023
2022461146969,0.212557,51.445905,3,2022
2022461246686,0.367197,51.438145,2,2022
2024461471484,1.14436,51.08071,3,2024
2023041323798,-2.213219,53.842314,2,2023
2024041517853,-2.75709,53.76772,2,2024
2022320131863,-0.59884,53.199421,3,2022
2024320254379,-0.41252,53.08076,2,2024
2023311354130,-1.25405,53.099674,3,2023
2022430445681,-1.317694,51.709625,3,2022
20225222ME491,-2.323259,51.227405,3,2022
2024451529437,-0.33516,51.22729,3,2024
2022451239714,-0.419381,51.421581,3,2022
2024451457894,-0.10157,51.19338,3,2024
2023471320508,-0.553593,50.819601,3,2023
2022371228595,1.450589,52.450524,3,2022
2022061193245,-2.289323,53.516855,3,2022
2023061389320,-2.289726,53.595754,3,2023
2023061371504,-2.18895,53.376188,3,2023
2022061259578,-2.353017,53.448722,3,2022
2024061513245,-2.38291,53.4592,2,2024
2024052402846,-2.89045,53.47419,2,2024
2024052401038,-2.92428,53.42008,3,2024
2024141471382,-1.46047,53.3855,2,2024
2023101346399,-1.480327,54.977779,2,2023
2024201473274,-1.9497,52.46987,3,2024
2022131145007,-1.885856,53.725328,2,2022
2022131245519,-1.712142,53.723167,3,2022
2024131431045,-1.51702,53.6388,3,2024
2022010404106,-0.281244,51.61736,3,2022
2023010467463,0.147043,51.456566,3,2023
2024010544229,0.14947,51.45604,3,2024
2022010358549,-0.279314,51.565636,2,2022
2024010499227,-0.11356,51.52177,3,2024
2024010534850,-0.08177,51.5267,3,2024
2024010519620,-0.07259,51.5884,3,2024
2022010387437,0.161593,51.588287,3,2022
2022010408518,0.189196,51.571786,2,2022
2022010381561,-0.303273,51.487077,3,2022
2024010541478,-0.15121,51.48672,3,2024
2022010375383,-0.286524,51.418986,3,2022
2022010353947,-0.116035,51.460631,2,2022
2024010493129,-0.12842,51.43349,3,2024
2022010386218,0.025926,51.502364,2,2022
2024010541767,-0.33056,51.45566,3,2024
2022010369884,-0.096781,51.48987,3,2022
2022010413740,-0.094407,51.481171,3,2022
2024010519126,-0.07405,51.4868,3,2024
2024010550189,-0.02316,51.50125,3,2024
2022010381513,-0.018361,51.572553,2,2022
2022010388620,-0.16386,51.432218,3,2022
2022010355955,-0.194985,51.519209,3,2022
2023010455556,-0.157855,51.512787,3,2023
2024991492633,-4.63473,55.46188,2,2024
2022991223387,-4.271636,55.815576,2,2022
2024991489833,-4.24789,55.8671,2,2024
2023991292633,-3.912033,55.781587,2,2023
202360A172716,-2.989338,53.043438,3,2023
2024041513996,-3.05279,53.79116,3,2024
2023161330384,-0.391336,53.731531,2,2023
2022122200474,-1.086642,53.957359,3,2022
2024122400471,-1.05254,53.967,3,2024
2023302301778,-1.48804,52.901537,2,2023
2023332300154,-1.124281,52.66495,3,2023
2024520002755,-2.40131,51.34621,2,2024
2023522301254,-2.54897,51.473514,3,2023
2023522400848,-2.59953,51.467521,3,2023
2024522402789,-2.53417,51.44042,3,2024
2024351468217,-0.25022,52.58273,3,2024
2022471231868,-0.18535,50.828107,3,2022
2023440309717,-1.452066,50.927032,3,2023
2023440362008,-1.164549,50.728012,3,2023
2022111175689,-1.446529,54.653466,3,2022
2023111270015,-1.700692,54.86727,3,2023
2024501395657,-4.83584,50.5152,2,2024
2023101342857,-1.501663,55.120776,3,2023
2022552200730,-2.93349,50.737876,3,2022
2022552201205,-2.758315,50.73689,3,2022
2023430398166,-0.554961,51.518369,3,2023
2022340WNC462,-0.80921,52.244011,3,2022
2024061528000,-2.30833,53.6477,3,2024
2022061221279,-2.230093,53.462874,3,2022
2023061359600,-2.124693,53.479452,2,2023
2023061308558,-2.642636,53.54407,3,2023
2024052401358,-2.92965,53.44069,2,2024
2023052301779,-2.952927,53.491698,3,2023
2023052301280,-2.975513,53.306587,3,2023
2023201381273,-1.893085,52.432898,3,2023
2024201428261,-1.83686,52.46701,2,2024
2023201409806,-1.542384,52.429311,3,2023
2023201330808,-2.120697,52.481125,3,2023
2024201458884,-1.98621,52.59821,3,2024
2022201211663,-2.105328,52.593279,3,2022
2024131406120,-1.50755,53.83747,3,2024
2024131420226,-1.519,53.81517,2,2024
2024481558044,-0.07964,51.51723,3,2024
2024010529086,0.13613,51.56124,2,2024
2022010353490,-0.225566,51.542714,2,2022
2022010399410,-0.263619,51.56366,3,2022
2024010492794,-0.24867,51.54801,3,2024
2024010514512,-0.00205,51.37068,3,2024
2022010376248,-0.151408,51.554905,3,2022
2022010391155,-0.007861,51.481261,3,2022
2022010416428,0.061567,51.493595,2,2022
2022010386520,-0.223867,51.5093,2,2022
2023010420636,-0.213216,51.492754,2,2023
2022010384846,-0.128048,51.582798,3,2022
2024010515004,-0.35613,51.47235,3,2024
2023010434936,-0.11201,51.556705,2,2023
2023010482437,-0.19253,51.416585,3,2023
2024010520604,0.02341,51.51767,3,2024
2022010401755,-0.06502,51.48337,3,2022
2023010424813,-0.072615,51.486336,2,2023
2023010462232,-0.061284,51.474001,3,2023
2023010443641,-0.087302,51.502269,2,2023
2024010527862,-0.1849,51.36565,3,2024
2023010467376,-0.022263,51.527853,3,2023
2024010500402,-0.03243,51.52167,3,2024
2024010533685,-0.07321,51.51321,3,2024
2022010388632,-0.035177,51.59922,3,2022
2024010510423,-0.00289,51.55933,3,2024
2024010516946,-0.18769,51.46195,3,2024
2022351182118,-0.207409,52.353564,3,2022
2023351286650,0.104739,52.19685,3,2023
2023501381534,-3.476653,50.737117,3,2023
2022531181397,-2.245155,51.839156,3,2022
2022531183456,-1.823936,52.070982,2,2022
2022531199594,-2.215574,51.838927,3,2022
2023531410638,-2.280009,51.744106,3,2023
2022440014639,-1.137417,50.843614,2,2022
2023411356535,-0.203948,51.793187,1,2023
2023411367229,-0.222259,51.988823,2,2023
2024411543355,-0.36667,51.64591,3,2024
2022461186062,1.109541,51.294464,3,2022
2022041238079,-2.714311,53.759249,2,2022
2023041269492,-2.718882,53.68941,2,2023
2022361213602,0.688701,52.649612,3,2022
2024361473172,1.31289,52.63391,2,2024
2024451415632,-0.27549,51.35444,2,2024
2024231459694,-1.26106,52.34989,3,2024
2022471238105,-0.453512,50.917772,2,2022
2023221388268,-2.059669,52.333195,3,2023
2023991375851,-2.102688,57.151139,3,2023
2023991388804,-3.193024,55.95577,2,2023
2024991523825,-4.47989,55.83753,2,2024
2022991135886,-2.95704,56.46815,3,2022
2023991367480,-4.158173,55.866188,3,2023
2022170S30142,-1.305875,54.555054,3,2022
2023332300832,-1.143056,52.628858,3,2023
2024221538641,-2.58087,52.73458,3,2024
2022351255669,-0.2553,52.590889,2,2022
2022401190477,-0.397216,51.881043,2,2022
2023421278527,0.304314,51.489553,2,2023
2024461398581,0.58322,51.33766,3,2024
2022430351559,-1.053355,51.479893,3,2022
2022430380650,-0.617618,51.513944,3,2022
2022440107097,-1.081605,50.787523,3,2022
2024440174896,-1.10782,50.85385,3,2024
2024440002270,-1.29396,50.70098,3,2024
2024111474968,-1.60377,54.69812,2,2024
2024401510081,-0.51004,52.06883,3,2024
2024552400269,-1.95983,50.78772,2,2024
2023430367023,-0.649877,51.618959,2,2023
2023340WN6472,-0.867016,52.239599,2,2023
2024031469949,-2.8729,54.88753,2,2024
2022061235027,-2.174496,53.495066,2,2022
2024061474512,-2.21264,53.44193,3,2024
2024061480188,-2.22596,53.45668,2,2024
2022052202266,-2.829682,53.338118,3,2022
2022052202123,-3.076517,53.408031,3,2022
2023052300090,-3.177812,53.391991,1,2023
2023141301838,-1.442794,53.554343,2,2023
2024141525625,-1.12709,53.52826,3,2024
2022141134222,-1.344146,53.455931,3,2022
2023141262113,-1.485861,53.395771,3,2023
2023101331535,-1.44103,55.009506,2,2023
2022201262487,-1.844087,52.496511,3,2022
2024201460813,-1.92603,52.50241,3,2024
2024201510739,-1.87028,52.5253,3,2024
2023201394810,-1.533638,52.42186,3,2023
2024201438275,-1.99749,52.53177,3,2024
2022201234189,-2.077096,52.563886,2,2022
2023131276779,-1.820502,53.847269,2,2023
2024131425563,-1.53286,53.79723,2,2024
2024131536556,-1.71126,53.87333,3,2024
2022481261385,-0.099534,51.513376,2,2022
2023010468197,0.07706,51.535867,3,2023
2022010365009,-0.120476,51.51651,3,2022
2022010395806,-0.136856,51.540008,2,2022
2024010509554,-0.18546,51.54028,2,2024
2022010361749,-0.130508,51.389308,3,2022
2024010503023,-0.0885,51.375,3,2024
2023010439667,-0.045219,51.66327,3,2023
2023010485454,-0.046386,51.544948,3,2023
2024010503952,-0.05916,51.564,3,2024
2023010484991,-0.465624,51.50434,2,2023
2024010514592,-0.43506,51.52554,2,2024
2023010481441,-0.123314,51.414786,3,2023
2022010391867,-0.015107,51.463965,3,2022
2024010493106,-0.17666,51.41961,3,2024
2023010449606,0.051324,51.538829,3,2023
2022010359160,-0.070217,51.453402,2,2022
2022010390171,-0.168008,51.432094,3,2022
2023010480775,-0.241464,51.449351,3,2023
2024010507656,-0.25472,51.45526,2,2024
2022010400058,-0.150057,51.524552,3,2022
2023010424239,-0.15074,51.521227,3,2023
2023010446778,-0.132341,51.486125,3,2023
2023351287876,0.178087,52.673381,3,2023
2024351506968,0.10356,52.21767,2,2024
2024302401744,-1.2955,52.96119,3,2024
2024501526456,-3.00041,50.78137,3,2024
2022421203967,0.637253,51.792953,3,2022
2023440418744,-1.123304,50.847169,3,2023
2023411398879,-0.194388,51.885802,3,2023
2023461332640,0.262046,51.129511,3,2023
2024461450403,1.4316,51.36887,3,2024
2024461515611,0.73888,51.36264,3,2024
2022041199517,-2.415801,53.768081,3,2022
2022332200177,-0.885003,52.763046,2,2022
2024332401258,-0.89503,52.7621,3,2024
2024320093065,-0.7824,53.40484,3,2024
2022430347184,-1.270423,51.603504,3,2022
2022371164717,1.561122,52.448036,3,2022
2023451262688,-0.426938,51.280079,3,2023
2024471447162,-0.52162,50.80992,3,2024
2023991316897,-3.619671,55.069899,2,2023
2024991473156,-4.33571,55.77587,3,2024
2022991201890,-4.611102,55.500975,3,2022
2024991497015,-4.21865,55.8256,2,2024
2023991378659,-4.366903,55.869242,2,2023
2022991183798,-4.274518,55.834046,3,2022
202260B146414,-4.639969,53.313114,3,2022
202360A053183,-3.129829,53.244358,3,2023
202263A004422,-4.178325,51.781005,3,2022
2023622300797,-3.124608,51.513852,3,2023
2022070469638,-2.582841,53.398618,3,2022
2024041531466,-2.46665,53.74452,3,2024
2023161371727,-0.415101,53.839194,3,2023
2023122300992,-1.073977,53.964956,3,2023
2024302500180,-1.47618,52.91695,3,2024
2024311523755,-1.15472,52.94061,2,2024
2023211287214,-2.148915,52.994694,2,2023
2024501516986,-4.12756,50.40678,3,2024
2022401264821,-0.456093,51.889788,3,2022
2023461326111,0.520316,51.370423,2,2023
2024461411059,0.53157,51.37986,3,2024
2022070226370,-2.230327,53.336278,3,2022
2024070424632,-2.90052,53.2793,3,2024
2022221165380,-2.760175,52.711503,3,2022
2022401146916,-0.513712,51.881394,3,2022
2023101263998,-1.581073,55.13343,3,2023
2024552500082,-1.78876,50.73811,1,2024
2023340WN1002,-0.899728,52.265262,3,2023
2024340WN7012,-0.8893,52.26445,3,2024
2024122400890,-0.83799,54.15068,2,2024
2023061329805,-2.279431,53.487316,2,2023
2024061498769,-2.13336,53.43249,3,2024
2024061414511,-2.63165,53.54625,2,2024
2023052300840,-2.905717,53.408775,2,2023
2023052302439,-2.985596,53.400915,3,2023
2023052300862,-3.019553,53.367991,2,2023
2022141183036,-1.474353,53.559484,3,2022
2023141389935,-1.34947,53.430738,2,2023
2024141401514,-1.20579,53.3694,2,2024
2022101216478,-1.3988,54.902493,3,2022
2023101284520,-1.380978,54.927727,3,2023
2022201235072,-1.865548,52.472516,3,2022
2024131404543,-1.82348,53.92266,3,2024
2024131434589,-1.78504,53.76508,3,2024
2023131378805,-1.56963,53.777685,3,2023
2024131499694,-1.57029,53.80497,2,2024
2023010433460,-0.207275,51.577677,3,2023
2022010409788,0.137971,51.457712,3,2022
2022010359151,-0.238128,51.53446,3,2022
2024010541098,-0.25052,51.5417,3,2024
2022010378468,-0.055762,51.416572,3,2022
2023010485846,-0.141701,51.545678,3,2023
2024010501365,-0.09145,51.37625,3,2024
2024010488340,-0.3533,51.5246,3,2024
2023010477997,-0.067619,51.614614,3,2023
2024010502974,-0.05769,51.65363,3,2024
2024010512042,-0.10969,51.61475,3,2024
2023010472976,-0.058681,51.548839,2,2023
2023010446606,-0.188287,51.478775,3,2023
2022010369531,-0.11932,51.582334,3,2022
2023010477216,-0.072006,51.584022,3,2023
2022010384250,-0.482315,51.537989,3,2022
2023010475295,-0.337596,51.467696,3,2023
2024010515938,-0.42568,51.43738,3,2024
2023010434093,-0.102833,51.541153,3,2023
2022010418712,-0.209665,51.516844,3,2022
2024010497428,-0.12025,51.47469,3,2024
2023010453857,-0.049368,51.425881,3,2023
2023010447579,-0.20918,51.402713,2,2023
2023010436939,0.032282,51.543513,3,2023
2023010456710,0.030875,51.546909,3,2023
2024010497978,-0.17896,51.38166,3,2024
2023010421230,-0.032939,51.523321,3,2023
2023010428544,-0.05608,51.511036,3,2023
2024010494911,-0.0278,51.51342,3,2024
2023010484287,-0.020549,51.584289,1,2023
2023010485624,-0.146371,51.47722,2,2023
2024010502073,-0.1321,51.50884,3,2024
2024010527890,-0.1294,51.48867,3,2024
2024351496946,0.33478,52.33455,3,2024
2024501496819,-3.48281,50.71356,3,2024
2023440215264,-0.762832,51.24725,2,2023
2023440257038,-1.312135,51.065341,2,2023
2023411356422,-0.397016,51.670685,3,2023
2022461134074,0.77042,51.440349,3,2022
2023461384983,1.305749,51.125265,1,2023
2024461445437,0.36903,51.4377,3,2024
2023361355385,1.299389,52.627981,3,2023
2024361498054,1.28489,52.62836,3,2024
2022311178656,-1.220082,53.130496,2,2022
2023311383767,-1.225584,52.936389,2,2023
2024371440859,0.71781,52.25241,3,2024
2024451529872,-0.72845,51.30321,3,2024
2023231357216,-1.450436,52.501308,2,2023
2024471458784,-0.27806,50.83241,3,2024
2024991481077,-2.11921,57.16916,2,2024
2024991469082,-3.22,55.91109,2,2024
2022991143511,-2.590822,56.562907,3,2022
202260B100818,-3.13468,53.250416,3,2022
2023161355391,-0.757568,53.93332,3,2023
2022332200931,-1.174857,52.638703,3,2022
2023311361205,-1.184038,52.90498,2,2023
2023522400951,-2.627376,51.441578,3,2023
2024501508207,-4.15081,50.36981,3,2024
2023501383415,-3.557414,50.431329,3,2023
2024351470689,-0.24212,52.57395,3,2024
2024351492410,-0.2523,52.57238,3,2024
2023430142147,-0.958311,51.44775,3,2023
2024430110596,-0.97873,51.45176,3,2024
2023430435435,-0.845977,51.40503,3,2023
2022471188577,-0.198956,50.828389,3,2022
2023440247332,-1.043486,50.820859,2,2023
2023440441685,-1.084413,50.822419,3,2023
2023440009226,-1.356829,50.921151,3,2023
2024070436268,-2.1406,53.35488,3,2024
2022544563722,-2.137158,51.371173,3,2022
2023545357323,-2.198314,51.271906,3,2023
2024542467924,-2.18096,51.20491,2,2024
2023401359337,-0.473745,52.135727,3,2023
2024552401543,-1.84152,50.7268,3,2024
2024430539579,-0.78722,51.79864,2,2024
202234NNC5362,-0.716031,52.407638,3,2022
2024340NN2882,-0.48291,52.48971,3,2024
2024031464987,-2.70543,54.74678,3,2024
2024031501280,-2.83606,54.31414,2,2024
2023122300254,-0.775433,54.244449,3,2023
2023061300419,-2.288105,53.415135,3,2023
2024061412485,-2.24059,53.49939,2,2024
2022061149950,-2.161521,53.377038,2,2022
2023061330685,-2.155658,53.409728,3,2023
2023061340073,-2.394019,53.45209,2,2023
2022052202910,-2.962119,53.456299,2,2022
2023052301211,-2.970434,53.401534,3,2023
2024052402423,-3.04404,53.4212,3,2024
2023141318298,-1.35566,53.500164,3,2023
2022141194250,-1.472014,53.380898,2,2022
2022141234567,-1.483756,53.429299,2,2022
2024141536697,-1.49957,53.40183,2,2024
2024101481029,-1.44835,54.92514,2,2024
2023201326845,-1.873592,52.465189,3,2023
2023201357680,-2.05472,52.530771,3,2023
2023131261070,-1.771987,53.787929,3,2023
2024131458573,-1.7546,53.79399,3,2024
2022131258607,-1.826325,53.640498,3,2022
2023131375681,-1.660857,53.698774,3,2023
2023131378184,-1.546713,53.839888,2,2023
2024131433710,-1.56309,53.77477,3,2024
2023481359377,-0.086216,51.509625,3,2023
2023010475575,-0.277386,51.612421,3,2023
2024010497568,-0.21335,51.56084,2,2024
2024010547949,-0.11835,51.37462,2,2024
2022010390111,-0.306274,51.498226,2,2022
2024010519631,-0.07226,51.57393,3,2024
2024010534261,-0.06063,51.56704,2,2024
2024010538959,-0.18803,51.46516,2,2024
2023010472149,-0.072077,51.595992,3,2023
2024010498824,-0.1177,51.54389,3,2024
2023010423890,-0.16756,51.483902,3,2023
2024010540997,-0.17064,51.49009,3,2024
2023010475589,-0.252711,51.415969,3,2023
2023010453636,-0.004259,51.536361,3,2023
2022010356035,0.119342,51.568519,3,2022
2022010360207,0.073254,51.553335,3,2022
2023010443378,-0.048416,51.511313,3,2023
2024010523929,-0.01962,51.57216,3,2024
2022010398023,-0.171484,51.479773,2,2022
2022010389367,-0.158549,51.502726,2,2022
2023010472748,-0.181787,51.531756,3,2023
2022351223104,0.15398,52.665631,2,2022
2024351430816,0.13669,52.12106,3,2024
2022302200959,-1.998052,53.375601,3,2022
2023302302003,-1.44435,53.234282,3,2023
2022471196494,0.261197,50.789753,3,2022
2023421330728,0.061429,51.638875,2,2023
2023421390336,1.144616,51.817894,3,2023
2022531214873,-2.052928,51.948495,3,2022
2023531287833,-2.068375,51.926667,3,2023
2024531411107,-2.5711,51.76943,3,2024
2024440078772,-1.07679,51.25648,2,2024
2024440455875,-1.54245,50.75818,3,2024
2024461492824,1.29979,51.12407,3,2024
2024041401650,-2.23955,53.79302,3,2024
2022320486884,-0.637196,52.918495,3,2022
2022361184959,1.010756,52.631609,2,2022
2023361310755,1.313846,52.623701,3,2023
2023361340555,1.395941,52.840049,1,2023
2023311270348,-1.207501,52.924475,3,2023
2023311279007,-0.791616,53.081684,2,2023
2024311426197,-1.12685,52.92452,3,2024
2022451247651,-0.564482,51.239725,3,2022
2023451266314,-0.424277,51.288307,2,2023
2023451362725,-0.485387,51.427137,2,2023
2024451457171,-0.71178,51.08605,3,2024
2024451461897,-0.28244,51.27539,2,2024
2024451480599,-0.55718,51.23837,3,2024
2022231150254,-1.637356,52.299247,2,2022
2023231388950,-1.612573,52.621416,3,2023
2023471260472,-0.275301,50.831674,3,2023
2023221286434,-2.227268,52.205679,3,2023
2024991441828,-3.05708,55.89303,2,2024
2022991147848,-4.054339,55.778724,3,2022
202263B083922,-4.065057,52.418449,2,2022
2023610031623,-3.018362,51.660002,3,2023
2022070706320,-2.568989,53.372653,3,2022
2024041491796,-2.49323,53.7549,2,2024
2024161458500,-0.41474,53.7359,3,2024
2023161330944,-0.202246,53.619576,3,2023
2022122200188,-1.092166,53.957751,3,2022
202354D606623,-1.804189,51.566548,3,2023
2022351165592,-0.241074,52.576383,3,2022
2022351215593,-0.24652,52.586713,3,2022
2024401512116,-0.4159,51.89672,3,2024
2024430463962,-0.97353,51.45369,3,2024
2023471334511,-0.174029,50.828551,3,2023
2024471437721,-0.15491,50.82235,2,2024
2022440007020,-1.074579,50.822908,3,2022
2024440274721,-1.51435,50.70095,3,2024
2022070949839,-2.212606,53.1732,3,2022
2022546105922,-1.972718,51.363967,2,2022
2022101201807,-1.562592,55.14103,3,2022
2024552401125,-1.97176,50.78508,3,2024
2022552200328,-2.472204,50.586016,3,2022
2022552201180,-2.937622,50.724794,3,2022
202234NNC6402,-0.805921,52.418217,2,2022
2024340NN1262,-0.72887,52.40591,3,2024
2024122400582,-1.46722,54.00737,3,2024
2022061155612,-2.289958,53.600985,3,2022
2023061350309,-2.231648,53.416472,2,2023
2022052200011,-2.930661,53.442624,3,2022
2024052401398,-2.7549,53.45363,2,2024
2024141443294,-1.38175,53.59459,2,2024
2024141456495,-1.40056,53.52861,3,2024
2022141233459,-1.428868,53.360744,3,2022
2023141334728,-1.443427,53.356238,3,2023
2024101531235,-1.62944,55.00786,3,2024
2022201251202,-1.510643,52.409657,2,2022
2022201259914,-1.455261,52.414773,3,2022
2022201151253,-2.037501,52.529654,2,2022
2023131325074,-1.72539,53.839054,3,2023
2022131140400,-1.784604,53.576156,3,2022
2024131483034,-1.47663,53.80428,3,2024
2022010387007,0.0841,51.534033,3,2022
2024010493195,0.10612,51.38184,3,2024
2024010523754,-0.15124,51.55482,2,2024
2023010452258,-0.099831,51.365488,3,2023
2023010434720,-0.280943,51.508271,3,2023
2023010467446,0.067056,51.491044,3,2023
2022010403530,-0.070605,51.531887,3,2022
2024010490623,-0.07542,51.54841,3,2024
2024010535211,-0.07072,51.57287,3,2024
2024010540901,-0.22639,51.5023,2,2024
2023010450736,-0.147123,51.58614,3,2023
2024010534281,-0.07251,51.58002,3,2024
2022010413468,-0.11007,51.550955,3,2022
2024010538407,-0.20608,51.49681,2,2024
2022010354857,-0.115196,51.50371,3,2022
2022010419086,-0.136503,51.417569,3,2022
2023010458245,-0.119452,51.455245,2,2023
2023010425893,-0.028578,51.445353,3,2023
2024010531072,-0.05995,51.43139,3,2024
2022010377363,0.002891,51.542229,3,2022
2023010443147,-0.26507,51.46481,3,2023
2023010445533,-0.376358,51.453761,3,2023
2022010391899,-0.051633,51.530485,3,2022
2023010436926,-0.049177,51.521829,3,2023
2023010475578,0.019128,51.610564,3,2023
2024010545002,-0.14832,51.4732,3,2024
2023010444469,-0.125916,51.498801,3,2023
2024010488644,-0.15344,51.51513,3,2024
2024010519432,-0.14186,51.51228,2,2024
2022501201366,-3.445965,50.599229,3,2022
2024501522972,-3.6847,50.43359,3,2024
2023421305964,0.560727,51.62881,3,2023
2024421467503,1.16182,51.81721,3,2024
2024421481534,0.52999,52.03094,2,2024
2024440015680,-0.83638,51.28441,2,2024
2022461212150,0.529841,51.284337,2,2022
2023461321408,0.209614,51.452913,2,2023
2023461331823,1.127354,51.286379,3,2023
2024320492932,-0.1266,52.74368,3,2024
2022361181972,0.416362,52.757276,3,2022
2024311535171,-1.13912,52.99332,3,2024
2022371216534,1.158472,52.055523,3,2022
2023371326553,0.78712,52.272987,3,2023
2023451262721,-0.500958,51.349491,2,2023
2024451505958,-0.31713,51.38301,3,2024
2022231174869,-1.423776,52.480693,2,2022
2022471234976,-0.757026,50.813897,3,2022
2024991459917,-3.35584,55.12037,3,2024
2022991250579,-4.42611,55.857187,3,2022
2023991288018,-4.213814,55.86404,2,2023
202360A112744,-3.093639,53.165599,3,2023
2024622400494,-3.2637,51.47527,3,2024
2022622200603,-3.332985,51.622026,3,2022
2024041520915,-2.46807,53.74431,3,2024
2023332300493,-1.116846,52.617113,3,2023
2022522204839,-2.606483,51.4925,3,2022
2023522301333,-2.611414,51.46915,3,2023
2024401433361,-0.49936,51.89977,2,2024
2023430274313,-0.813525,51.348478,3,2023
2024430510198,-0.97619,51.44666,2,2024
2022430404159,-0.579734,51.508735,3,2022
2024430406783,-0.73769,51.52146,3,2024
2024471476833,-0.13615,50.83078,3,2024
2023440084849,-1.068439,50.794703,3,2023
2024440225672,-1.09406,50.7955,3,2024
2024440419114,-1.09574,50.79554,3,2024
2024070190445,-2.44198,53.09506,3,2024
2024401435241,-0.48055,52.11603,3,2024
2022552201021,-1.945395,50.708023,3,2022
2022340NNC282,-0.612529,52.292024,2,2022
202234NNC6352,-0.684587,52.28936,2,2022
2023031280288,-3.552194,54.643505,3,2023
2023031372413,-2.962464,54.887772,3,2023
2024031448523,-3.56038,54.62262,3,2024
2023031293156,-3.181899,54.156455,2,2023
2022122300186,-1.453385,54.125635,3,2022
2024122500173,-1.07013,53.78091,3,2024
2022520205632,-2.635085,50.94192,3,2022
2024061536479,-2.23771,53.49702,2,2024
2024052400370,-2.95373,53.41176,3,2024
2024052400820,-2.95413,53.40032,3,2024
2022101200907,-1.435745,54.951493,3,2022
2022201183668,-1.976186,52.43556,3,2022
2023201283833,-1.893745,52.470486,3,2023
2023201321033,-1.863637,52.471723,3,2023
2023201405890,-1.553268,52.432211,2,2023
2022131147154,-1.567287,53.816631,3,2022
2022131224695,-1.532893,53.814488,2,2022
2023131378672,-1.477885,53.798398,2,2023
2022131165675,-1.530427,53.688412,2,2022
2022481268169,-0.105396,51.514154,3,2022
2024010548901,0.14862,51.53935,3,2024
2023010457213,-0.22921,51.534289,3,2023
2022010392152,-0.19653,51.54068,3,2022
2024010505001,-0.19114,51.54725,3,2024
2022010418561,-0.345278,51.54503,3,2022
2022010354705,-0.091816,51.562161,3,2022
2023010475187,-0.072792,51.579781,3,2023
2022010357064,-0.40527,51.475344,2,2022
2022010383761,-0.283363,51.492174,3,2022
2022010361211,-0.282944,51.407045,3,2022
2022010356735,-0.129348,51.431124,2,2022
2023010437082,-0.121502,51.485961,3,2023
2023010438281,-0.117069,51.504046,3,2023
2024010494749,-0.11629,51.46571,2,2024
2022010355038,-0.038332,51.453152,2,2022
2024010518946,-0.0017,51.43113,3,2024
2022010386894,0.002151,51.541135,2,2022
2022010380304,0.087024,51.554152,2,2022
2023010427228,0.073082,51.575235,2,2023
2023010461408,0.110587,51.566752,3,2023
2023010435888,-0.076941,51.488611,3,2023
2023010438442,-0.100491,51.4935,2,2023
2023010475741,-0.077356,51.474283,3,2023
2024010508206,-0.10111,51.49494,3,2024
2023010425953,-0.041368,51.533156,3,2023
2023010432535,-0.027616,51.506065,3,2023
2023010460525,-0.046194,51.516762,3,2023
2024010543666,-0.04207,51.5114,2,2024
2023010459476,-0.030702,51.607535,3,2023
2024010517550,-0.00664,51.57861,3,2024
2022010387257,-0.156819,51.461306,3,2022
2022010389481,-0.2161,51.46279,3,2022
2024010517174,-0.17202,51.46749,3,2024
2024351482113,0.10501,52.21129,2,2024
2023302301375,-1.583777,52.771599,3,2023
2024421414855,0.49366,51.75405,3,2024
2024411415045,-0.16057,51.89468,3,2024
2022461182673,1.097881,51.364976,3,2022
2023041288027,-2.663555,53.624214,2,2023
2023320120613,-0.149075,52.789,3,2023
2024320706728,-0.02756,52.98601,2,2024
2024361532559,1.27678,52.64609,3,2024
2024311529495,-0.96394,52.96227,2,2024
2023451290462,-0.269866,51.326837,3,2023
2023451378400,-0.324883,51.240094,3,2023
2023231369896,-1.495846,52.530188,2,2023
2022471241377,-0.410777,50.820765,3,2022
2022471253668,-0.740759,50.984712,3,2022
2023471270286,-0.174447,51.134947,3,2023
2022991140690,-3.838771,56.152012,2,2022
2023991387435,-4.627569,55.466474,2,2023
2024991518498,-3.42766,56.04551,3,2024
2022991238089,-4.294156,55.851854,2,2022
2024991402584,-4.34217,55.87553,2,2024
2024991438030,-4.32817,55.85752,3,2024
2024991465447,-4.26014,55.89253,3,2024
202260B014943,-3.783861,53.267513,3,2022
202260B019938,-3.518977,53.308625,2,2022
2023071139337,-2.783475,53.351491,3,2023
2024041424090,-2.46184,53.74924,2,2024
2023161290766,-0.363197,53.788545,2,2023
2024161529434,-0.19729,53.73943,2,2024
2024161438610,-0.65174,53.59035,3,2024
2022302200691,-1.494817,52.903049,3,2022
2023302301911,-1.505832,52.905819,3,2023
2022332200056,-1.145969,52.62567,2,2022
2023311355423,-1.17862,52.955572,3,2023
2024211527054,-2.1507,53.04851,3,2024
2023520000497,-2.382778,51.384394,3,2023
2023522300717,-2.56064,51.474088,3,2023
2023522301112,-2.584808,51.412755,3,2023
2024421481488,0.69625,51.54197,3,2024
2023430015806,-0.58347,51.509976,2,2023
2022440084072,-1.083245,50.803777,3,2022
2022440204389,-1.091222,50.798552,3,2022
2024440031586,-1.07342,50.78336,3,2024
2022440375272,-1.394983,50.923585,3,2022
2023070840512,-2.471903,53.268807,3,2023
2022101144294,-1.600356,55.131132,2,2022
2023031354556,-3.417618,54.663939,2,2023
2023520400351,-2.74692,50.950187,3,2023
2024520402321,-2.70603,51.14299,3,2024
2024061535032,-2.45271,53.57074,3,2024
2023061349754,-2.350609,53.563898,3,2023
2022061260953,-2.250347,53.467138,3,2022
2024061511108,-2.1106,53.49964,3,2024
2024061453083,-2.54707,53.51601,3,2024
2023052300336,-2.860633,53.417055,3,2023
2023052300655,-2.941877,53.408585,3,2023
2023052300831,-2.904883,53.41555,3,2023
2024052402362,-2.96487,53.31358,2,2024
2024141502179,-1.06082,53.55552,2,2024
2022141209343,-1.21138,53.366328,3,2022
2024101430796,-1.63625,54.97777,3,2024
2022201184908,-1.503299,52.410364,3,2022
2022201197703,-1.514414,52.404899,2,2022
2023201293083,-1.934248,52.545734,3,2023
2022201205264,-1.813783,52.420897,3,2022
2023201311818,-1.737394,52.420923,3,2023
2023131350453,-1.638656,53.746149,3,2023
2022131244295,-1.559425,53.778376,2,2022
2022010356311,0.127614,51.540473,3,2022
2024010533157,0.14821,51.5402,3,2024
2022010401643,-0.137406,51.534657,3,2022
2022010366713,-0.111266,51.387813,2,2022
2022010386617,-0.113485,51.363568,3,2022
2023010432772,-0.079695,51.647095,3,2023
2023010463549,-0.063753,51.61482,3,2023
2023010480750,-0.074342,51.573836,3,2023
2023010445888,-0.205149,51.485427,3,2023
2022010398874,-0.295733,51.593428,2,2022
2022010393046,0.21623,51.582844,2,2022
2022010373721,-0.419997,51.507933,3,2022
2023010443355,-0.478923,51.588274,3,2023
2023010454449,-0.446379,51.521576,3,2023
2023010435078,-0.354589,51.480372,2,2023
2023010446495,-0.119776,51.550994,3,2023
2023010482704,-0.111698,51.552051,3,2023
2024010541755,-0.10542,51.56429,3,2024
2024010504802,-0.18375,51.4952,2,2024
2023010427163,-0.271058,51.402347,3,2023
2023010478383,-0.259702,51.399257,3,2023
2024010511588,-0.27808,51.38086,2,2024
2022010397200,-0.112753,51.473896,3,2022
2024010521230,-0.12826,51.4798,3,2024
2022010355994,0.007172,51.458235,3,2022
2022010374225,-0.042635,51.435337,3,2022
2023010447347,-0.019629,51.46593,3,2023
2024010510670,-0.04491,51.44226,3,2024
2024010497401,-0.21359,51.40936,3,2024
2023010448746,0.071814,51.556553,3,2023
2022010392365,-0.282306,51.479668,3,2022
2024010547771,-0.37238,51.4572,3,2024
2024010511563,-0.09111,51.46757,3,2024
2024010527716,-0.08529,51.49365,3,2024
2022010380154,-0.019873,51.502841,3,2022
2022010392211,-0.048331,51.511285,3,2022
2022010395688,-0.062998,51.526645,3,2022
2024010503985,-0.01868,51.5283,3,2024
2024010544260,-0.06545,51.52975,3,2024
2022010424129,-0.17857,51.466763,2,2022
2023010463418,-0.217614,51.459396,3,2023
2024010494318,-0.12815,51.50992,3,2024
2024010495729,-0.15167,51.48709,3,2024
2024010521040,-0.16652,51.51735,3,2024
2023351356102,-0.267637,52.222902,2,2023
2023302300426,-1.675574,53.213013,3,2023
2023501366212,-3.510133,50.552476,2,2023
2024501508286,-3.5511,50.71308,3,2024
2022421228143,1.270714,51.848891,3,2022
2023421333430,0.461705,51.746733,2,2023
2023440243651,-1.508782,51.216941,3,2023
2024440452612,-1.16203,50.81426,2,2024
2022041208621,-2.722387,53.775497,3,2022
2024041452248,-2.24769,53.7035,3,2024
2024041528847,-2.32561,53.70337,2,2024
2024041535986,-2.69361,53.75968,3,2024
2022361210332,1.245324,52.696819,3,2022
2023311327242,-1.042315,52.946731,2,2023
2023311355373,-1.169732,53.15439,3,2023
2022430456261,-1.224648,51.710424,2,2022
2023430071714,-1.361917,52.067257,3,2023
2024430027490,-1.2438,51.75014,3,2024
2024371501092,1.14932,52.05549,2,2024
2023451259263,-0.514376,51.323557,3,2023
2024451475340,-0.49532,51.33867,3,2024
2022471142916,-0.330349,51.065145,3,2022
2023471265544,-0.223859,51.101849,3,2023
2023991376506,-4.195478,55.826846,3,2023
2022991186665,-3.942193,56.12001,2,2022
2024991513626,-3.18153,55.97497,3,2024
2022991214815,-3.164026,56.187822,2,2022
202360A091311,-4.635358,53.309907,3,2023
202263B088422,-4.077373,52.112406,2,2022
2022170H11092,-1.223222,54.704338,2,2022
2024161468482,-0.38612,53.77935,3,2024
2022302201823,-1.478127,52.916137,2,2022
2022332200562,-1.149853,52.644055,3,2022
2024311460763,-1.15366,52.93887,3,2024
2024311512238,-1.11992,52.97003,3,2024
2024311512797,-1.19297,52.97615,3,2024
2024522402994,-2.94869,51.34909,3,2024
2022522204711,-2.58471,51.533432,3,2022
2023501350776,-4.133671,50.375936,3,2023
2022430085283,-0.796453,51.364301,3,2022
2022440322196,-1.39724,50.909658,3,2022
2022111246477,-1.602023,54.700358,3,2022
2022549725422,-1.945004,51.429551,3,2022
2023540754923,-2.188819,51.336905,3,2023
2024544803824,-2.13245,51.45876,3,2024
2024401542241,-0.48553,52.13198,2,2024
2022552200935,-2.452441,50.615304,3,2022
2024430028095,-0.82588,51.82257,2,2024
2023340WN6652,-1.083556,52.241056,3,2023
2024122401175,-0.41001,54.28565,3,2024
2022061139027,-2.550492,53.572052,2,2022
2024061508023,-2.24802,53.52583,3,2024
2022061246388,-2.569667,53.480792,3,2022
2022052202066,-2.904898,53.415541,3,2022
2022052202669,-2.957278,53.391015,3,2022
2024052401379,-2.98825,53.47512,3,2024
2023141357821,-1.517768,53.390853,1,2023
2024101440905,-1.419,54.9724,2,2024
2024101528326,-1.4418,54.89672,3,2024
2024201421368,-1.81187,52.4654,3,2024
2024201435460,-1.91501,52.49566,3,2024
2024201443256,-1.8846,52.46005,2,2024
2024201470150,-1.77081,52.48116,3,2024
2023201350214,-2.142586,52.456612,2,2023
2023131328797,-1.87277,53.808202,2,2023
2023131349753,-1.812681,53.811512,2,2023
2023131326734,-1.471277,53.776977,2,2023
2022131208680,-1.35951,53.613754,3,2022
2024131517022,-1.35923,53.72433,2,2024
2022010386167,-0.195929,51.585021,2,2022
2022010416900,-0.321131,51.564758,3,2022
2023010459122,-0.236841,51.532318,3,2023
2024010491140,-0.20529,51.54456,3,2024
2022010360482,-0.024173,51.413049,3,2022
2022010383009,-0.076326,51.378917,2,2022
2022010388393,-0.08264,51.405252,3,2022
2022010394318,-0.037805,51.613283,3,2022
2022010410288,-0.032147,51.550726,2,2022
2023010472771,-0.354742,51.563732,3,2023
2024010537604,0.25258,51.55643,3,2024
2022010356197,-0.452402,51.538228,3,2022
2023010424420,-0.401373,51.516376,2,2023
2023010460296,-0.470318,51.506613,2,2023
2023010420159,-0.123481,51.449312,3,2023
2022010355247,-0.154656,51.407856,3,2022
2024010521618,-0.22226,51.40725,3,2024
2024010517626,-0.095,51.4817,3,2024
2024010518559,-0.09344,51.4965,3,2024
2022010353441,-0.205611,51.36604,3,2022
2023010427382,-0.073895,51.50928,3,2023
2023010434213,-0.026865,51.534109,3,2023
2024010499199,-0.00508,51.51519,3,2024
2023010455954,0.002511,51.552289,3,2023
2022010381299,-0.172829,51.521789,3,2022
2023010423034,-0.172151,51.533675,3,2023
2023010435422,-0.138164,51.510407,3,2023
2024010500266,-0.1666,51.51256,2,2024
2023351374305,0.12202,52.198069,3,2023
2024302400062,-1.29004,52.92711,3,2024
2022471167327,0.562494,50.852552,2,2022
2024531444279,-2.26102,51.837,3,2024
2023440280590,-1.392935,51.004398,2,2023
2024440366421,-1.00523,50.8452,3,2024
2024041478657,-2.86599,53.75596,3,2024
2024430242540,-0.91601,51.70604,3,2024
2023451295751,-0.583512,51.209221,3,2023
2023451316061,-0.421132,51.429221,2,2023
2023231305207,-1.390474,52.377939,3,2023
2023991319832,-3.070018,55.894209,2,2023
2023991365227,-4.246895,55.823059,2,2023
2024991459114,-4.34032,55.86464,2,2024
2024991523453,-4.34205,55.826,2,2024
2024610014624,-3.25659,51.70224,3,2024
2024631516578,-3.39332,51.94786,3,2024
2023071142101,-2.59268,53.382659,3,2023
2022302200774,-1.438777,52.924147,2,2022
2023211351329,-2.178885,53.025683,2,2023
2023522400746,-2.612347,51.413046,3,2023
2024522500064,-2.60699,51.49233,3,2024
2024522500164,-2.61347,51.44214,2,2024
2024501454938,-4.16035,50.38672,3,2024
2024471494237,-0.17805,50.83904,3,2024
2022111246200,-1.735831,54.857152,2,2022
2023070276286,-2.42764,53.097303,3,2023
2024070278043,-2.11216,53.34777,3,2024
2022501227277,-4.784387,50.340059,3,2022
2022541028622,-1.989486,51.338604,3,2022
2023401274122,-0.514981,51.891391,2,2023
2023552301460,-2.165886,50.864478,3,2023
2022122201336,-1.199627,54.470135,3,2022
2023061371470,-2.3031,53.591811,3,2023
2023061381083,-2.142472,53.627048,3,2023
2024061398773,-2.13798,53.40435,2,2024
2024061467636,-2.32697,53.38065,2,2024
2022061133541,-2.674657,53.541044,2,2022
2024061495500,-2.65144,53.50721,3,2024
2022052200213,-2.940971,53.439757,3,2022
2022052203286,-2.96596,53.447683,3,2022
2023141379224,-1.362597,53.591398,2,2023
2022141212303,-1.236769,53.478628,2,2022
2023141293743,-1.131763,53.520527,3,2023
2023141320470,-1.436044,53.416976,3,2023
2024101523019,-1.64363,54.96864,2,2024
2024101472728,-1.48107,54.98191,3,2024
2023101307673,-1.415332,54.903463,3,2023
2022201178699,-1.792867,52.554112,2,2022
2023201377857,-1.84029,52.532313,3,2023
2023131381528,-1.855393,53.596899,3,2023
2022131135938,-1.53578,53.796479,3,2022
2023131289922,-1.543446,53.799303,3,2023
2023131320052,-1.556157,53.810532,3,2023
2023101349680,-1.753133,54.970083,3,2023
2022481288923,-0.093255,51.515333,3,2022
2022010403400,-0.195559,51.596561,2,2022
2022010404643,-0.371844,51.494874,3,2022
2023010463415,0.012741,51.491215,3,2023
2022010353772,-0.226907,51.489634,2,2022
2022010376773,-0.103661,51.607252,3,2022
2022010411243,-0.282295,51.492617,3,2022
2023010447580,-0.116806,51.459393,3,2023
2022010360425,-0.018676,51.447057,2,2022
2022010370841,0.026101,51.544294,3,2022
2022010382731,-0.367964,51.425184,3,2022
2022010361950,-0.100829,51.481536,3,2022
2022010380649,-0.077673,51.502372,3,2022
2023010466288,-0.027836,51.52632,2,2023
2024010541319,-0.01032,51.51103,3,2024
2022010412568,-0.125431,51.494818,3,2022
2023010439258,-0.151737,51.494103,3,2023
2023010439480,-0.149986,51.502474,3,2023
2022351176425,0.132287,52.219041,3,2022
2023351353516,0.111775,52.213467,3,2023
2024471512040,0.60547,50.87052,3,2024
2022421253463,0.111001,51.69766,3,2022
2023421339131,0.586532,51.716316,3,2023
2024421517986,1.1705,51.81157,3,2024
2023440299525,-1.176799,50.835005,2,2023
2024440081527,-1.35899,50.96376,3,2024
2022461182828,0.83942,51.135773,3,2022
2023461271245,1.087202,51.073308,2,2023
2023461274862,1.295465,51.137015,3,2023
2023461390502,0.274415,51.150847,3,2023
2022041218012,-2.235003,53.789128,3,2022
2023332300239,-1.285653,52.779663,3,2023
2023320133946,-0.147901,52.794645,3,2023
2024361529536,1.29383,52.6262,2,2024
2023311337902,-1.268621,53.14578,2,2023
2024430062643,-1.37685,51.78278,3,2024
2023211378809,-2.061316,52.966617,3,2023
2022371181040,1.204427,52.069553,3,2022
2024451444205,-0.64221,51.28943,3,2024
2024231531689,-1.51468,52.53346,2,2024
2024991497507,-3.22727,55.92897,3,2024
2024991492197,-4.4207,55.84386,2,2024
2022991224283,-2.582647,56.561391,3,2022
2022991142847,-3.899097,55.778228,3,2022
202260B023561,-3.319319,53.111442,2,2022
2022622200729,-3.177188,51.474446,3,2022
2023610052023,-2.948818,51.576019,2,2023
2023041309488,-3.042112,53.828934,2,2023
2024041424010,-3.03407,53.85036,3,2024
2024041428549,-3.03854,53.79497,3,2024
2024161486073,-0.36015,53.76868,3,2024
2023161267620,-0.655138,53.578932,2,2023
2024161441409,-0.65534,53.59303,3,2024
2024302400550,-1.483,52.91944,2,2024
2023332301007,-1.118165,52.639688,3,2023
2022522200391,-2.590782,51.475694,3,2022
2022501165313,-4.101119,50.36624,2,2022
2023421286909,0.426557,51.514444,3,2023
2022430574633,-0.968414,51.459817,3,2022
2023430255437,-0.960487,51.451411,3,2023
2024430289248,-0.72503,51.51752,3,2024
2022471157144,-0.13218,50.83037,2,2022
2023471294072,-0.174661,50.831286,3,2023
2024471449517,-0.10527,50.83912,2,2024
2022440163821,-1.079636,50.793839,3,2022
2023111320312,-1.679291,54.66172,3,2023
2022070202201,-2.113423,53.271063,3,2022
2022546104722,-2.294035,51.344817,2,2022
2023541399523,-2.051816,51.438481,1,2023
202354D360923,-2.118518,51.457333,1,2023
2022401243118,-0.653229,51.909203,3,2022
2024552400204,-1.87826,50.74517,3,2024
2024552400698,-1.91064,50.74626,3,2024
2023031280435,-2.738806,54.334096,2,2023
2023122301391,-1.44776,53.999593,3,2023
2022302201820,-1.366335,53.078112,3,2022
2022421254876,0.600557,51.588975,3,2022
2022421155260,1.15505,51.804599,2,2022
2023421347389,0.336425,51.940871,3,2023
2023531335610,-2.352801,51.637787,3,2023
2024531420837,-2.0599,51.94723,3,2024
2022411288679,-0.39544,51.698925,2,2022
2023361299315,1.732929,52.605394,2,2023
2022371257885,1.139178,52.065833,2,2022
2024451499234,-0.52081,51.4334,3,2024
2022451187707,-0.521705,51.437439,3,2022
2023451309613,-0.494256,51.142703,3,2023
2023231285441,-1.471486,52.519797,3,2023
2022471139954,-0.489672,50.81853,3,2022
2022061180398,-2.313978,53.608204,3,2022
2023061273765,-2.197213,53.453261,2,2023
2024061515471,-2.28287,53.44089,3,2024
2023061318323,-2.286899,53.479469,3,2023
2022061179468,-2.171342,53.445481,2,2022
2024052400311,-2.8568,53.41632,2,2024
2024052402510,-2.93068,53.45535,3,2024
2022101257414,-1.603881,54.974452,2,2022
2023101334439,-1.641766,54.969042,3,2023
2022201261363,-1.960413,52.473188,2,2022
2024201425684,-2.03885,52.55419,3,2024
2022131209412,-1.772283,53.780892,2,2022
2022131194207,-1.510662,53.810229,2,2022
2023131321707,-1.577645,53.821198,2,2023
2024010527385,0.13817,51.49369,3,2024
2024010511576,-0.31463,51.55376,2,2024
2023010447891,-0.129584,51.534128,3,2023
2023010440957,-0.196932,51.542898,3,2023
2022010392861,-0.069982,51.651513,2,2022
2023010443317,-0.080686,51.653747,3,2023
2022010418238,-0.061042,51.549624,3,2022
2023010476305,-0.052964,51.559095,3,2023
2023010434558,-0.237598,51.493284,2,2023
2024010527082,-0.09933,51.58011,3,2024
2022010409964,0.238694,51.558541,3,2022
2022010379837,-0.466486,51.502283,2,2022
2022010354538,-0.406907,51.477956,3,2022
2024010528478,-0.3851,51.46373,2,2024
2022010369404,-0.149016,51.461318,3,2022
2022010379953,-0.112372,51.498817,3,2022
2024010547211,-0.13123,51.46431,3,2024
2022010386134,0.019342,51.536911,2,2022
2022010353307,0.114675,51.563099,2,2022
2022010410201,-0.260186,51.469828,3,2022
2022010412767,-0.049471,51.46501,2,2022
2023010466304,-0.07549,51.488524,3,2023
2022010354877,-0.044418,51.531966,3,2022
2022010359945,-0.057553,51.518749,3,2022
2024010511601,-0.07399,51.53021,3,2024
2022010374034,-0.02669,51.569816,3,2022
2024010543278,0.0151,51.57084,3,2024
2022010357098,-0.147694,51.519911,3,2022
2022010392526,-0.143424,51.52317,3,2022
2024991531917,-3.28043,55.93855,3,2024
2023991292206,-4.41818,55.851725,2,2023
2024991492612,-3.30145,56.37548,2,2024
2023991384502,-4.056656,55.971079,2,2023
202260B043650,-3.810111,53.306754,2,2022
2022622200349,-3.188862,51.505881,3,2022
2024622400516,-3.46395,51.62465,2,2024
2022161237968,-0.349355,53.78076,3,2022
2022161221648,-0.120284,53.528249,3,2022
2023122301163,-1.076457,53.963762,3,2023
2022302201778,-1.476767,52.921633,3,2022
2022302201968,-1.478677,52.917416,3,2022
2023302301243,-1.520217,52.92534,3,2023
2022311159792,-1.170363,52.965448,3,2022
2023311357025,-1.190919,52.94664,3,2023
2022221172598,-2.71376,52.057047,2,2022
2022522300106,-2.579464,51.483609,3,2022
2024522500054,-2.61406,51.46908,2,2024
2024430551580,-0.77101,52.03603,3,2024
2023440181646,-1.398304,50.91425,3,2023
2024440131007,-1.29889,50.69855,3,2024
2024501421751,-5.59946,50.07682,2,2024
2024501490213,-4.46479,50.4622,3,2024
2024501500330,-5.59762,50.06279,3,2024
2022544986422,-2.19838,51.317171,3,2022
2023401295404,-0.470729,52.126931,3,2023
2022552300056,-1.827632,50.748142,3,2022
2023552300866,-1.76917,50.741134,3,2023
2023552301112,-1.945367,50.708005,3,2023
2024031453128,-3.55634,54.63596,2,2024
2024061426554,-2.40601,53.5805,3,2024
2023061366936,-2.237319,53.470347,3,2023
2024061420286,-2.22213,53.46881,3,2024
2024061502769,-2.28131,53.5054,3,2024
2023061326378,-2.126107,53.47883,2,2023
2023052300923,-2.968912,53.433178,2,2023
2023052302135,-2.946125,53.395311,3,2023
2023141270305,-1.344181,53.45167,3,2023
2024141498823,-1.39477,53.36068,2,2024
2023101293820,-1.553403,54.977413,3,2023
2022201221453,-1.862611,52.507996,3,2022
2024201458283,-1.93663,52.5066,3,2024
2024201476095,-1.95026,52.41962,2,2024
2024201538065,-1.93741,52.49867,3,2024
2024201531937,-1.55983,52.40409,2,2024
2023201424258,-2.129826,52.486131,3,2023
2024201466594,-1.82698,52.41186,3,2024
2022201181102,-1.933803,52.606496,3,2022
2024201399468,-2.03536,52.5669,2,2024
2023201292303,-2.172144,52.594073,3,2023
2023201339205,-2.06397,52.576471,3,2023
2023131298626,-1.784569,53.776241,3,2023
2024131400622,-1.78956,53.7876,2,2024
2023131345735,-1.655365,53.592185,3,2023
2022131137062,-1.591017,53.738005,2,2022
2024131534666,-1.61145,53.80928,3,2024
2022010412962,0.129566,51.568073,3,2022
2022010403389,-0.139798,51.540342,2,2022
2024010512577,-0.14123,51.53994,3,2024
2024010510550,-0.0731,51.39853,3,2024
2024010541006,-0.12425,51.413,3,2024
2023010479172,-0.36616,51.508392,3,2023
2022010372270,-0.032755,51.644546,3,2022
2022010411924,0.027919,51.465783,3,2022
2023010436074,-0.224622,51.506191,3,2023
2023010436057,-0.21755,51.500184,2,2023
2023010463001,-0.229013,51.492535,2,2023
2022010413382,-0.362429,51.584279,2,2022
2024010524987,-0.39897,51.55618,3,2024
2022010405127,-0.214137,51.510105,2,2022
2023010423127,-0.114546,51.463934,3,2023
2024010543575,-0.11365,51.47066,3,2024
2022010399954,-0.199448,51.419146,3,2022
2022010404792,-0.093017,51.474098,3,2022
2024010539922,-0.13898,51.35151,3,2024
2023010476096,-0.068775,51.510733,3,2023
2022010390442,-0.228436,51.463202,3,2022
2022010414352,-0.160461,51.423001,3,2022
2023010447510,-0.153778,51.43286,3,2023
2023010471508,-0.17217,51.461187,3,2023
2024010516166,-0.16792,51.42818,3,2024
2023010434568,-0.157527,51.521981,2,2023
2023010472922,-0.143423,51.506543,3,2023
2024010492981,-0.14392,51.52123,3,2024
2024010501108,-0.11873,51.50965,3,2024
2023351344761,0.08307,52.523163,3,2023
2022471135049,0.555805,50.867423,3,2022
2022471168246,0.594593,50.872287,3,2022
2024471405839,0.26393,50.78058,3,2024
2022421181021,0.687171,51.611251,3,2022
2022421247661,0.357564,51.637509,3,2022
2024421538858,0.68112,51.73082,3,2024
2022440395501,-1.267401,50.869331,3,2022
2023440082868,-1.089091,51.267993,3,2023
2024440492034,-1.50117,50.92835,2,2024
2023411275555,-0.39701,51.663077,2,2023
2023461383662,1.136989,51.072476,1,2023
2022041189433,-2.696714,53.59039,2,2022
2023320069128,-0.544618,53.225884,2,2023
2023361359636,1.377839,52.63023,3,2023
2023311306910,-1.107184,53.301099,2,2023
2022430018048,-1.249864,51.733866,3,2022
2022371217717,1.318718,52.093172,2,2022
2022451177476,-0.157971,51.230328,3,2022
2022451233045,-0.797601,51.215546,2,2022
2022221172073,-2.215367,52.192818,2,2022
2024991410018,-2.10743,57.12896,2,2024
2023991322095,-3.214709,55.947022,2,2023
2024991405357,-3.18866,55.95758,2,2024
2024991524114,-3.21029,55.93377,2,2024
2024991524603,-3.13762,55.94791,3,2024
2023991269305,-4.295149,55.874107,2,2023
2024991497506,-4.26208,55.83747,3,2024
202260B163157,-4.232195,53.301244,3,2022
202460Q100770,-4.05555,52.72196,3,2024
202460Q185322,-2.97202,53.04466,2,2024
2024631466593,-3.40064,51.94457,3,2024
2023161390025,-0.30812,53.757317,3,2023
2024161425907,-0.10324,53.56617,3,2024
2023122300845,-1.130893,53.955476,3,2023
2024302500096,-1.47065,52.92064,2,2024
2023332300391,-1.120629,52.638403,3,2023
2024522402738,-2.56135,51.46776,3,2024
2023501332920,-4.16014,50.375285,2,2023
2023461383173,0.55333,51.373431,3,2023
2024430031840,-0.97871,51.45641,2,2024
2023471353627,-0.22141,50.842854,3,2023
2023440481724,-1.403189,50.912683,3,2023
2024070135158,-2.49337,53.06928,3,2024
2024070804378,-2.2282,53.32904,3,2024
2022552201513,-1.886717,50.733826,3,2022
2023552300363,-2.481568,50.609369,3,2023
2023340WN1512,-0.839266,52.253526,2,2023
2023031331228,-3.138739,54.597248,2,2023
2022520203631,-3.140328,51.01581,3,2022
2024061535607,-2.2824,53.53969,2,2024
2024061524331,-2.22753,53.43419,3,2024
2024061503201,-2.14853,53.6203,3,2024
2024061510273,-2.10596,53.41751,2,2024
2023052302247,-2.959061,53.42284,3,2023
2024052400817,-2.93459,53.39852,3,2024
2024141414804,-1.39472,53.37643,3,2024
2022201198956,-1.879664,52.489396,2,2022
2022201227559,-1.898753,52.423841,2,2022
2023201315257,-1.840511,52.528295,3,2023
2024201440281,-1.91393,52.53716,3,2024
2024201524670,-1.51153,52.45031,2,2024
2024201443569,-1.97643,52.49855,3,2024
2023131359545,-1.948291,53.668449,2,2023
2022131136453,-1.572683,53.817675,3,2022
2024131464338,-1.64495,53.80211,2,2024
2024131509060,-1.50824,53.80838,3,2024
2024131528964,-1.61685,53.81917,3,2024
2023131394307,-1.549048,53.681742,3,2023
2022010386690,0.147364,51.552272,3,2022
2024010502973,0.08782,51.54011,3,2024
2024010524073,0.16321,51.47659,2,2024
2023010452460,-0.305685,51.562638,3,2023
2022010406774,-0.128921,51.524262,2,2022
2023010476321,-0.069805,51.547044,2,2023
2022010396009,-0.13336,51.572928,3,2022
2022010371572,0.208293,51.563533,3,2022
2023010424454,-0.381146,51.559603,2,2023
2023010427461,-0.257806,51.482409,2,2023
2023010448882,-0.275708,51.492349,2,2023
2023010470098,-0.347789,51.472471,3,2023
2023010476136,-0.413534,51.481589,3,2023
2022010403108,-0.18428,51.478506,2,2022
2022010362809,-0.111446,51.476951,3,2022
2023010426473,-0.127143,51.418193,3,2023
2022010398865,0.051849,51.532534,3,2022
2022010374488,-0.069676,51.531017,3,2022
2023010441364,-0.029986,51.526284,3,2023
2023010450603,-0.051136,51.520846,3,2023
2022010413732,-0.155931,51.513674,3,2022
2023010423916,-0.141418,51.517221,2,2023
2023010435247,-0.141738,51.52103,3,2023
2023010460466,-0.137602,51.518555,3,2023
2024010527061,-0.12318,51.51382,3,2024
2024302400480,-1.97766,53.45652,2,2024
2024501496702,-3.19501,50.79799,3,2024
2023421380168,0.474913,51.730484,2,2023
2024440387590,-0.75482,51.29282,3,2024
2023411377197,-0.394101,51.654162,2,2023
2023461333272,1.395488,51.212645,3,2023
2024461442455,0.7654,51.44013,2,2024
2022041190448,-2.999071,53.789491,3,2022
2023041260499,-2.883573,54.06493,3,2023
2023320123984,-0.041152,52.981935,3,2023
2023320691732,-0.151809,52.794832,3,2023
2024311449004,-1.24652,53.09918,3,2024
2022430038342,-1.287475,51.82376,2,2022
2022430301175,-1.255188,51.775539,2,2022
2022430494307,-1.579896,51.789518,3,2022
2023430023407,-1.192982,51.725793,3,2023
2024371493257,1.72694,52.40965,3,2024
2023451337980,-0.5833,51.407617,2,2023
2023471321600,-0.27737,50.832191,3,2023
2023221362404,-2.254539,52.186798,3,2023
2022991210753,-2.952543,55.944107,2,2022
2022991258624,-3.034027,55.941833,3,2022
2022991184077,-3.915407,56.022512,2,2022
2023991267081,-3.914011,56.029327,2,2023
2022991171339,-4.186326,55.859507,3,2022
2024991480644,-4.29649,55.82608,3,2024
2023622300504,-3.904663,51.647934,3,2023
2023170S12133,-1.263015,54.5722,2,2023
202417S213624,-1.28379,54.61879,3,2024
2023071117987,-2.551056,53.441177,3,2023
2024332400294,-1.10032,52.63065,3,2024
2022311235820,-1.163798,52.975425,3,2022
2023311317791,-1.148859,52.955075,2,2023
2023221354527,-2.600489,51.91628,3,2023
2023522401069,-2.528126,51.481316,3,2023
2024522401761,-2.569,51.45503,3,2024
2023546326923,-1.783164,51.594933,3,2023
2023351315040,-0.249706,52.565659,3,2023
2023351323295,-0.264123,52.55403,3,2023
2024430145416,-0.61631,51.52721,3,2024
2022440390808,-1.063774,50.809477,3,2022
202254A056022,-2.144154,51.375903,3,2022
2024401478772,-0.55468,52.06491,3,2024
2024552400817,-1.87296,50.73257,3,2024
2023340NN3912,-0.676685,52.366062,2,2023
202234WNC4962,-0.840584,52.260282,2,2022
2023340WN4072,-1.150236,52.021407,3,2023
2024061529949,-2.31559,53.56466,2,2024
2023061352950,-2.065711,53.485342,2,2023
2024061517544,-2.06113,53.48443,3,2024
2023061356496,-2.275758,53.462327,2,2023
2022052200930,-2.896618,53.357391,2,2022
2022052202716,-2.971391,53.39865,3,2022
2023052302460,-2.974906,53.45633,3,2023
2024141452202,-0.94724,53.62943,3,2024
2024141526699,-1.3211,53.41861,3,2024
2022101244253,-1.540996,54.903517,3,2022
2023201316775,-1.826464,52.524409,2,2023
2024201411393,-2.01042,52.5344,2,2024
2024201440221,-1.99283,52.4879,2,2024
2024201491164,-2.04322,52.55948,2,2024
2022131245479,-1.773052,53.815641,3,2022
2024131477027,-1.81818,53.80339,3,2024
2024131478956,-1.87573,53.7524,3,2024
2022131135147,-1.763087,53.643123,3,2022
2024131500348,-1.55269,53.79649,3,2024
2024131526331,-1.26797,53.70451,2,2024
2023481377636,-0.085381,51.511662,3,2023
2023010423096,-0.178555,51.552758,2,2023
2023010478676,-0.18025,51.561246,3,2023
2024010496182,-0.01095,51.33538,3,2024
2024010504340,-0.35717,51.54634,3,2024
2023010485095,-0.032691,51.544791,3,2023
2024010540732,-0.07155,51.54166,3,2024
2023010473482,-0.205136,51.480607,2,2023
2024010535674,-0.19102,51.47021,3,2024
2022010417146,-0.125076,51.587669,3,2022
2024010553934,-0.06352,51.58903,3,2024
2022010377387,-0.315049,51.481375,2,2022
2024010549824,-0.37128,51.46755,2,2024
2024010509442,-0.13285,51.46368,3,2024
2023010467613,-9.7e-05,51.545121,3,2023
2023010432115,-0.092892,51.490904,2,2023
2024010527899,-0.0888,51.50055,2,2024
2023010488344,-0.163145,51.386893,3,2023
2023010486684,-0.060924,51.514722,3,2023
2024010543268,-0.05493,51.52443,3,2024
2022010380713,-0.155182,51.516881,3,2022
2022010388234,-0.130382,51.508998,3,2022
2024010495574,-0.17537,51.51168,3,2024
2024471409258,0.5858,50.85522,2,2024
2022440232957,-1.568366,51.240617,3,2022
2023440091581,-1.445787,50.883038,1,2023
2023440255283,-1.653262,50.746162,2,2023
2023440362889,-1.162866,50.811264,3,2023
2022411245435,-0.385914,51.666099,3,2022
2022041247671,-2.69731,53.75846,2,2022
2023041356290,-2.694365,53.763843,3,2023
2023041370000,-2.8612,54.075779,3,2023
2023361269339,1.315951,52.633356,2,2023
2023361289581,1.246674,52.61987,2,2023
2022311213100,-1.1998,53.099151,3,2022
2024311420676,-1.12052,53.30428,3,2024
2024211522097,-2.20395,52.59974,3,2024
2022451185205,-0.4999,51.436361,2,2022
2023451294695,-0.166067,51.23997,3,2023
2024231415051,-1.4861,52.52168,3,2024
2024471433640,-0.66698,50.80687,3,2024
2022991183958,-3.186559,56.130597,3,2022
2023991386976,-4.254284,55.88314,3,2023
2024070560262,-2.59705,53.43095,3,2024
2022041220499,-2.498136,53.74261,3,2022
2022161128320,-0.056371,53.565506,3,2022
2024122400427,-1.06332,53.96762,3,2024
2023221285511,-2.708174,52.069038,2,2023
2022522204922,-2.596612,51.457987,3,2022
2023522300764,-2.59676,51.458283,2,2023
2024522401478,-2.55157,51.45117,3,2024
2024522401967,-2.55766,51.45869,2,2024
2023522400223,-2.506957,51.480016,3,2023
2023501302258,-4.183081,50.375945,3,2023
2022430396690,-0.789941,52.051858,3,2022
2022471226062,-0.125558,50.835804,3,2022
2022471234480,-0.21991,50.84534,3,2022
2022070155214,-2.563252,53.022577,2,2022
2022070342465,-2.522196,53.256813,3,2022
2024070476929,-2.89249,53.27989,3,2024
2024501455449,-5.12451,50.18451,3,2024
202354B907423,-1.96775,51.504971,3,2023
2022401211328,-0.460202,52.126767,3,2022
2023552301379,-1.881175,50.784898,3,2023
2024340NN3472,-0.53979,52.35077,2,2024
2023031260108,-2.934315,54.892728,3,2023
2022061207709,-2.38511,53.580726,3,2022
2023061349528,-2.216644,53.42761,3,2023
2024061518996,-2.23001,53.41732,2,2024
2024061526069,-2.5183,53.5019,3,2024
2022052200197,-2.909443,53.432549,3,2022
2024052400582,-2.85,53.34687,3,2024
2024052400902,-2.94757,53.44657,2,2024
2022052202530,-2.724801,53.488059,2,2022
2024052401672,-3.03057,53.38781,2,2024
2023201314947,-2.106053,52.526915,3,2023
2022201216798,-1.98468,52.586412,3,2022
2023201400859,-1.988492,52.571984,3,2023
2023131292997,-1.637501,53.679435,3,2023
2023131329160,-1.59672,53.686963,2,2023
2023131273537,-1.526755,53.799814,2,2023
2022480404609,-0.106919,51.511148,2,2022
2023481355145,-0.078975,51.512528,3,2023
2023481355255,-0.087258,51.517088,2,2023
2024010521068,-0.298,51.55205,3,2024
2022010367257,-0.024753,51.415945,3,2022
2024010488461,-0.14178,51.53699,3,2024
2022010401992,-0.098821,51.373906,3,2022
2024010539931,-0.12002,51.3072,3,2024
2023010482663,-0.055396,51.617712,3,2023
2024010547206,0.11614,51.49588,2,2024
2023010481397,0.211712,51.589979,3,2023
2023010429145,-0.125934,51.562243,3,2023
2023010456593,-0.138178,51.557429,3,2023
2023010472055,-0.165623,51.498062,3,2023
2022010359912,-0.145088,51.448837,3,2022
2024010527185,-0.11248,51.46906,3,2024
2024010501868,-0.03608,51.46568,3,2024
2022010386978,0.014468,51.525169,2,2022
2022010410927,0.012896,51.543784,2,2022
2023010484589,-0.000413,51.539236,3,2023
2024010492465,0.04785,51.55074,2,2024
2024010526204,-0.28628,51.42162,2,2024
2023010446784,-0.072988,51.524273,2,2023
2024010508041,-0.02262,51.61662,3,2024
2023010459463,-0.170117,51.425751,3,2023
2024010523035,-0.17218,51.47002,3,2024
2022010373724,-0.127546,51.50719,3,2022
2023010480142,-0.156035,51.513945,2,2023
2024010548513,-0.17151,51.51583,3,2024
2023351303449,0.135989,52.189094,3,2023
2022302200556,-1.438965,53.278284,3,2022
2022501198041,-4.05287,51.08112,3,2022
2023471373170,0.047029,50.793601,2,2023
2022411143635,-0.292612,51.957953,3,2022
2024411489531,-0.17127,51.88104,3,2024
2024411526489,-0.27031,51.95779,3,2024
2022320410855,-0.111389,53.207336,3,2022
2024320180983,0.33461,53.14419,3,2024
2022311131076,-1.163874,53.149576,3,2022
2022311249219,-1.214221,53.143734,2,2022
2023311308130,-0.956345,53.328298,3,2023
2024311416054,-1.10429,52.9805,2,2024
2022430537944,-1.195382,51.762719,3,2022
2022430538024,-1.497284,51.785634,2,2022
2023430202530,-1.301658,51.669178,3,2023
2023451304796,-0.377401,51.278396,3,2023
2023451383608,-0.738956,51.319203,2,2023
2023471297077,-0.27623,50.831895,3,2023
2023991296802,-4.491025,55.605523,2,2023
2024991526806,-3.78901,56.01342,3,2024
2022991211385,-3.107329,55.860084,2,2022
2024991509660,-4.43313,55.9127,3,2024
2024991406615,-3.51581,55.88491,2,2024
2023991370027,-3.32303,56.15083,2,2023
2022991142947,-4.052405,55.82078,2,2022
202260B090115,-4.263808,53.142913,2,2022
202360A146383,-3.049745,53.008301,3,2023
202460Q174219,-2.96666,53.06316,2,2024
2022622200385,-3.964961,51.6324,3,2022
2023622300074,-3.212266,51.469125,3,2023
2023622300478,-3.457881,51.725072,3,2023
2022170M10292,-1.210785,54.540559,3,2022
2023070452770,-2.552647,53.439651,3,2023
2023161281497,-0.073733,53.571253,3,2023
2024161534066,-0.64492,53.58189,3,2024
2023122301007,-1.115364,53.951885,2,2023
2022311233188,-1.155534,52.953199,3,2022
2023211265706,-2.16694,53.036613,3,2023
2022520000073,-2.619338,51.411121,2,2022
2024522401838,-2.57421,51.53232,3,2024
2024401414639,-0.41851,51.87468,3,2024
2022430001969,-0.645365,51.52397,3,2022
2024471459622,-0.13703,50.82365,3,2024
2023440008669,-1.079682,50.811735,3,2023
2023111263403,-1.785821,54.706061,3,2023
2022070420066,-3.064227,53.289854,3,2022
2023221348259,-2.525625,52.636838,2,2023
2022552200762,-1.979096,50.719328,2,2022
2023552301475,-1.996134,50.762099,3,2023
2022430014884,-0.816109,51.819511,3,2022
202234NNC2492,-0.720223,52.405543,3,2022
2022122200724,-1.710053,54.374944,3,2022
2022122201201,-0.775557,54.243372,3,2022
2023520400880,-3.479063,51.205589,3,2023
2024061522316,-2.25883,53.45265,3,2024
2022061188850,-2.284039,53.486703,3,2022
2022061218531,-2.175519,53.425188,3,2022
2023052301709,-2.928663,53.404877,3,2023
2024052400701,-2.98385,53.40339,3,2024
2022052201357,-3.001187,53.653864,2,2022
2022052202678,-2.946984,53.521894,3,2022
2022052203077,-3.068283,53.553555,3,2022
2023052300879,-2.952927,53.491698,3,2023
2024052401203,-2.9537,53.49325,2,2024
2022052202755,-3.052606,53.410788,3,2022
2022141251818,-1.453,53.583414,3,2022
2023141316920,-1.521692,53.585254,3,2023
2022101175715,-1.639545,54.988572,3,2022
2023101339525,-1.418571,55.001206,3,2023
2022201242763,-1.950256,52.485671,3,2022
2023201274150,-1.826906,52.535818,3,2023
2023201423144,-1.926045,52.513249,2,2023
2024201527338,-1.91633,52.4829,3,2024
2023201296083,-2.085047,52.510688,3,2023
2023201420828,-2.006713,52.468942,3,2023
2023201304187,-1.994495,52.591771,3,2023
2022131216288,-1.750162,53.815838,2,2022
2024131458486,-1.72028,53.79841,3,2024
2023131314801,-1.574859,53.806807,2,2023
2023131334519,-1.543284,53.751351,2,2023
2024131412911,-1.57995,53.78084,3,2024
2023101277693,-1.599227,54.949131,3,2023
2023010467512,-0.219099,51.559855,3,2023
2023010457562,-0.003235,51.39059,2,2023
2022010357804,-0.124464,51.529937,3,2022
2023010453616,-0.133276,51.545374,2,2023
2023010456938,-0.134613,51.520791,3,2023
2022010405065,-0.081597,51.379318,3,2022
2023010484604,-0.045652,51.627307,3,2023
2023010428265,0.06149,51.493489,3,2023
2024010540900,-0.01235,51.47798,2,2024
2023010458596,-0.09683,51.601036,3,2023
2024010508597,-0.07128,51.5927,3,2024
2023010474961,-0.332386,51.587192,3,2023
2022010393736,-0.459779,51.61269,3,2022
2022010376046,-0.313438,51.482107,2,2022
2024010493733,-0.21454,51.52523,3,2024
2022010403975,-0.254385,51.4162,2,2022
2022010363608,-0.137793,51.461887,3,2022
2023010470874,-0.131036,51.464486,3,2023
2023010426355,-0.337617,51.445323,3,2023
2024010511814,-0.18465,51.46132,3,2024
2023010427823,-0.151142,51.486711,2,2023
2023010466813,-0.183093,51.511274,3,2023
2023351264422,0.154553,52.192084,3,2023
2023351326124,0.126722,52.207974,3,2023
2022031199991,-2.950363,54.198726,2,2022
2022031211170,-3.074729,54.369265,3,2022
2022302200982,-1.416926,53.000559,3,2022
2023302300933,-1.35105,53.013451,3,2023
2024302400639,-1.366,53.0784,3,2024
2022471148482,-0.034799,50.86604,3,2022
2022471239422,0.327514,50.786002,3,2022
2023421377805,0.592279,51.522669,3,2023
2024421452466,0.63323,51.94074,3,2024
2023440448792,-0.952111,51.285857,3,2023
2024440474781,-1.54933,50.75775,3,2024
2024461400082,0.7923,51.43829,1,2024
2022041161481,-3.014975,53.88795,3,2022
2022041245997,-2.229971,53.787583,3,2022
2023041384507,-2.315865,53.80184,2,2023
2024041478566,-2.28751,53.79137,3,2024
2022332200968,-1.292974,52.768875,3,2022
2022320058027,-0.56707,53.211161,3,2022
2023320453420,-0.029037,52.981681,3,2023
2024361404999,1.28148,52.63301,3,2024
2022311136622,-1.209148,53.032414,2,2022
2023311346002,-1.244366,53.098309,3,2023
2024430320251,-1.24316,51.7502,3,2024
2024430341186,-1.2663,51.75331,3,2024
2022211240468,-2.123809,52.817211,2,2022
2022451236561,-0.163599,51.241145,2,2022
2024451430645,-0.48295,51.42684,3,2024
2024451437854,-0.27199,51.32418,2,2024
2023231273752,-1.582649,52.281508,2,2023
2023471313320,-0.272729,50.832113,2,2023
2022221153519,-2.317113,52.375415,3,2022
2023991266474,-3.620049,55.070343,3,2023
2022991196560,-3.709093,55.974988,3,2022
2022991194433,-4.687126,55.746846,3,2022
2022991251578,-2.845832,56.352303,1,2022
2023991271682,-4.270214,55.862949,1,2023
202360A037756,-2.892961,53.079232,3,2023
2022041232824,-3.031979,53.798102,2,2022
2022302202167,-1.47398,52.897529,3,2022
2023311326522,-1.176746,52.993935,3,2023
2022522203955,-2.583712,51.448646,3,2022
2023522300927,-2.588186,51.481021,3,2023
2023522400002,-2.973752,51.346703,3,2023
2024501430789,-4.14999,50.39554,3,2024
2023501295038,-3.560271,50.435149,3,2023
2023501399807,-3.527859,50.475898,3,2023
2024541207324,-1.77406,51.58566,3,2024
2023351355879,-0.312955,52.551904,3,2023
2023401337235,-0.437321,51.875036,3,2023
2024461443407,0.57512,51.38025,3,2024
2023430470091,-1.007146,51.442689,3,2023
2023471262118,-0.19384,50.844687,3,2023
2024440521757,-1.05425,50.81671,3,2024
2022401185439,-0.51647,52.220969,3,2022
2024552400430,-1.83205,50.73841,3,2024
2023552300621,-2.456605,50.712401,3,2023
2024552400275,-2.44769,50.70536,3,2024
202234WNC2272,-0.84428,52.321572,3,2022
2022061147021,-2.254515,53.476477,3,2022
2022061226120,-2.250128,53.496495,2,2022
2023052300076,-2.857702,53.473229,2,2023
2024052401796,-2.8838,53.38041,3,2024
2023052300892,-2.786859,53.502408,2,2023
2024052402535,-3.03812,53.39605,2,2024
2023141299119,-1.529401,53.316275,3,2023
2024101424743,-1.63888,54.97574,2,2024
2023101272543,-1.397776,54.980553,2,2023
2024101424864,-1.47801,54.88161,3,2024
2022201265255,-1.906635,52.473122,3,2022
2024201399600,-1.77687,52.42792,3,2024
2023201355284,-1.990879,52.586566,3,2023
2024131533129,-1.74528,53.79128,3,2024
2024131536399,-1.83345,53.69372,2,2024
2024131405127,-1.60962,53.74897,3,2024
2023131320822,-1.489294,53.680208,3,2023
2024101507947,-1.59294,54.91946,3,2024
2024010523398,0.09334,51.53617,3,2024
2023010423546,-0.242897,51.595184,3,2023
2024010530765,-0.19184,51.60264,3,2024
2024010488565,-0.22878,51.55158,3,2024
2024010493145,-0.16575,51.55402,3,2024
2022010417928,-0.094316,51.374795,3,2022
2022010363604,0.062366,51.446486,3,2022
2024010521569,0.00347,51.47224,3,2024
2024010532535,-0.06703,51.57105,3,2024
2024010542189,-0.07521,51.55059,3,2024
2022010359118,-0.219031,51.493256,2,2022
2022010376971,-0.206522,51.48419,2,2022
2023010440606,-0.151725,51.586581,3,2023
2024010512049,-0.3582,51.56292,3,2024
2024010548501,-0.40514,51.51759,3,2024
2022010368572,-0.407342,51.436903,2,2022
2023010422366,-0.163818,51.499607,3,2023
2022010404917,-0.288279,51.413193,3,2022
2022010357656,-0.135092,51.462824,3,2022
2023010478849,-0.116195,51.460957,3,2023
2024010518515,-0.11894,51.46041,3,2024
2024010535430,-0.11174,51.47936,1,2024
2022010354147,-0.021874,51.466949,3,2022
2022010366732,-0.026098,51.481507,2,2022
2022010371589,-0.205071,51.420267,2,2022
2024010550438,0.02238,51.53444,3,2024
2023010483232,0.039193,51.576477,2,2023
2024010497058,0.10216,51.57075,2,2024
2022011209181,-0.073837,51.508937,3,2022
2023010432413,-0.071565,51.524169,3,2023
2024010534303,-0.06216,51.53325,3,2024
2022010362269,-0.153269,51.498237,2,2022
2022010398322,-0.160717,51.522588,3,2022
2024010488073,-0.1603,51.51963,3,2024
2022302200122,-1.542825,53.144154,3,2022
2022302202165,-1.971865,53.471506,3,2022
2022421172845,1.144068,51.790863,2,2022
2024421495562,0.07628,51.65608,3,2024
2022440346474,-1.080571,51.288384,3,2022
2023440012689,-0.783897,51.328572,1,2023
2022411261647,-0.281999,51.65281,3,2022
2023361378364,1.265617,52.626202,3,2023
2023311295044,-1.18694,53.143578,3,2023
2024311412096,-1.20956,53.03186,3,2024
2023211294852,-1.697181,52.628386,3,2023
2023371379393,1.445198,52.453686,3,2023
2022451141761,-0.456727,51.373484,2,2022
2022231135869,-1.53831,52.288382,3,2022
2024231422343,-1.46546,52.53268,3,2024
2024471406020,-0.43453,50.82206,2,2024
2024471444245,-0.50891,50.81786,2,2024
2022991248972,-4.337564,55.889594,2,2022
2023991260495,-4.358009,55.900762,2,2023
2023991416532,-4.25859,55.861752,3,2023
202360A095426,-4.216109,53.282178,2,2023
202260B047696,-3.805673,53.284086,3,2022
2023631360564,-4.921363,51.70764,3,2023
2022170M11502,-1.24668,54.568837,3,2022
202417S305124,-1.28363,54.54939,2,2024
2022070848366,-2.533364,53.426561,3,2022
2022041228349,-2.483266,53.752216,2,2022
2023041351791,-3.020854,53.795734,3,2023
2023161311487,-0.433323,53.846157,3,2023
2023302300500,-1.488987,52.905766,2,2023
2022311131282,-1.170374,52.929876,3,2022
2024311410420,-1.17385,52.97759,3,2024
2024522401370,-2.97192,51.34566,3,2024
2024522500279,-2.51543,51.44875,3,2024
2022461224767,0.534504,51.378597,3,2022
2022430502582,-0.665556,51.485644,3,2022
2022440301178,-1.085134,50.793513,2,2022
2023440497071,-1.081638,50.813333,3,2023
2024440115245,-1.37759,50.94044,3,2024
2024440550430,-1.43577,50.9263,2,2024
2024501493185,-5.19238,50.29801,2,2024
2024543660824,-1.99615,51.35282,3,2024
2023401315396,-0.499563,51.891789,3,2023
2022552200398,-1.972608,50.720083,3,2022
2023552400195,-1.93304,50.722629,3,2023
2024340WN1082,-1.08724,52.29504,3,2024
2024122400940,-1.70321,54.51928,3,2024
2022520200638,-3.091629,51.015817,3,2022
2024520403016,-3.32124,51.16148,3,2024
2024520500153,-3.47665,51.20676,3,2024
2023061342894,-2.216782,53.504973,3,2023
2022061229255,-2.523009,53.488898,3,2022
2023052300910,-2.798215,53.428733,3,2023
2022052202908,-3.026397,53.49127,2,2022
2024141435771,-1.3535,53.42599,3,2024
2023141354150,-1.478768,53.346078,3,2023
2022201257940,-1.921374,52.430133,3,2022
2022201310809,-1.882858,52.556887,2,2022
2023201453344,-2.000162,52.436911,3,2023
2022201267820,-1.464304,52.385516,3,2022
2023201323618,-1.757126,52.477378,3,2023
2022131208486,-1.84376,53.768594,3,2022
2022131258426,-1.753459,53.77681,2,2022
2023131293729,-1.725914,53.805377,3,2023
2023131372381,-1.562382,53.815049,3,2023
2023131373198,-1.534951,53.826136,2,2023
2023131280583,-1.504627,53.688209,3,2023
2024480544321,-0.07318,51.51126,3,2024
2022010406750,-0.202014,51.545314,3,2022
2023010446957,-0.22096,51.536206,2,2023
2022010363588,-0.015441,51.410797,3,2022
2023010457056,-0.044978,51.409756,3,2023
2023010443927,-0.125311,51.537396,2,2023
2024010499008,-0.13982,51.54336,3,2024
2024010530078,-0.19591,51.54018,3,2024
2022010395536,-0.306532,51.500577,2,2022
2022010380668,-0.066378,51.62069,3,2022
2024010496510,0.05317,51.48014,2,2024
2024010501504,-0.08687,51.56554,3,2024
2022010391653,-0.422792,51.500876,3,2022
2023010482439,-0.470312,51.507215,2,2023
2024010541128,-0.44186,51.51834,3,2024
2022010384006,-0.174685,51.493761,2,2022
2024010497242,-0.30129,51.41572,3,2024
2024010531623,-0.30832,51.39115,2,2024
2022010419476,-0.121796,51.451803,3,2022
2023010453451,-0.112649,51.476772,3,2023
2022010414113,-0.032591,51.451437,3,2022
2024010514938,0.05148,51.53259,3,2024
2022010417140,-0.092907,51.490886,3,2022
2024010526881,-0.07677,51.50353,3,2024
2024010496462,-0.05376,51.52752,3,2024
2024010523248,-0.02863,51.51495,3,2024
2022010369353,-0.159158,51.520505,2,2022
2023010469561,-0.186985,51.525758,3,2023
2024010539702,-0.15676,51.49858,3,2024
2022302201452,-1.652845,53.32014,2,2022
2023302300700,-1.899549,53.326095,2,2023
2024302400303,-1.41089,52.9745,1,2024
2024302401312,-1.40135,53.25471,3,2024
2023471283085,0.281598,50.769011,2,2023
2024471495034,0.45798,50.85725,2,2024
2022421184457,0.062037,51.65354,3,2022
2022421240992,0.429505,51.73011,3,2022
2023531397874,-2.238527,51.867581,3,2023
2024411540098,-0.21469,51.97524,3,2024
2023461287921,0.391461,51.438218,3,2023
2023461379194,1.316415,51.126699,2,2023
2024461506446,0.27833,51.12315,2,2024
2024461532717,0.20948,51.44874,2,2024
2024361395252,1.23327,52.61443,3,2024
2024311461701,-1.24347,53.10569,3,2024
2024430249158,-1.28296,51.67007,2,2024
2022451136948,-0.540201,51.302129,3,2022
2022451139511,-0.544282,51.432829,3,2022
2023451292597,-0.493358,51.341714,3,2023
2023231314202,-1.500945,52.535505,3,2023
2023231327915,-1.265976,52.369788,3,2023
2022991190908,-4.258021,57.69625,3,2022
2023991282977,-4.130832,55.819284,3,2023
2024622400645,-3.19156,51.48128,3,2024
2022622200860,-3.342315,51.600897,3,2022
2022170H10562,-1.237699,54.662182,3,2022
2023170M10363,-1.232798,54.570898,3,2023
2024041409639,-2.49777,53.75031,3,2024
2024161480910,-0.31315,53.75414,3,2024
2023161319152,-0.398693,53.780458,3,2023
2022122200448,-1.141549,53.915196,3,2022
2022122200902,-1.044211,53.96679,3,2022
2022302201084,-1.493767,52.92425,3,2022
2023221345402,-2.503337,52.693058,2,2023
2023522300751,-2.583044,51.427816,3,2023
2023522401022,-2.662327,51.497413,2,2023
2024501534398,-4.14395,50.37627,3,2024
2023351370178,-0.275102,52.549039,2,2023
2022430092799,-0.962817,51.4337,3,2022
2023221342410,-2.276394,52.636001,3,2023
2024542576724,-1.78937,51.06833,3,2024
2024340NN4762,-0.72632,52.4022,3,2024
2024031455929,-2.74526,54.32185,3,2024
2023061280497,-2.252295,53.457804,3,2023
2022061200557,-2.352344,53.381912,2,2022
2022141254850,-1.334828,53.436374,2,2022
2022141231489,-1.530734,53.367174,2,2022
2023101276785,-1.488165,54.844085,2,2023
2022201261783,-1.899742,52.480893,3,2022
2023201339757,-1.891582,52.470079,3,2023
2023201420845,-1.925976,52.439756,2,2023
2024201433605,-1.91154,52.47257,3,2024
2024201488776,-1.8712,52.45883,2,2024
2024201460105,-1.9502,52.48728,3,2024
2022201276086,-1.985815,52.593712,3,2022
2022201242945,-2.143541,52.58691,2,2022
2022131134205,-1.782154,53.791372,3,2022
2024131455061,-1.77361,53.84119,2,2024
2024131441830,-1.79231,53.64867,2,2024
2022131155259,-1.583999,53.819215,2,2022
2023131358068,-1.555447,53.810224,3,2023
2023131361768,-1.574828,53.808407,3,2023
2023131317821,-1.367083,53.712755,3,2023
2024010501688,0.1277,51.53901,3,2024
2024010551286,-0.26316,51.59695,3,2024
2023010452441,0.083664,51.415471,3,2023
2022010353963,-0.172946,51.541897,3,2022
2022010393948,-0.119707,51.517685,3,2022
2024010517521,-0.12745,51.53178,2,2024
2024010542953,-0.18733,51.53987,3,2024
2024010526058,-0.07415,51.39371,3,2024
2023010429974,-0.298884,51.505924,2,2023
2023010465182,-0.275166,51.528455,2,2023
2023010479577,-0.366246,51.531773,2,2023
2024010490143,-0.37906,51.5051,3,2024
2024010517170,0.08375,51.48156,2,2024
2022010352849,-0.076772,51.539515,3,2022
2023010458847,-0.055221,51.545751,3,2023
2024010491133,-0.07205,51.57381,3,2024
2024010539331,-0.05602,51.54654,3,2024
2024010498162,-0.20884,51.49593,3,2024
2023010452355,-0.295738,51.595604,3,2023
2022010399204,0.181521,51.57907,3,2022
2022010365734,-0.159728,51.499912,3,2022
2022010383227,-0.179215,51.482366,2,2022
2023010441217,-0.258546,51.399042,3,2023
2023010451926,-0.25324,51.387758,3,2023
2024010512006,-0.28984,51.41227,2,2024
2022010358601,-0.105451,51.437421,2,2022
2024010542889,-0.059,51.44358,3,2024
2022010398318,-0.161926,51.416226,2,2022
2023010442509,-0.339845,51.426327,3,2023
2022010353304,-0.085603,51.427944,3,2022
2023010465786,-0.074546,51.500675,3,2023
2024010525005,-0.05359,51.49722,3,2024
2023010429733,-0.180464,51.376749,3,2023
2022010354142,-0.026754,51.539017,3,2022
2023010444287,-0.008446,51.572888,3,2023
2022010417129,-0.151447,51.452814,3,2022
2023010462803,-0.142975,51.506932,3,2023
2024010550038,-0.17182,51.50674,2,2024
2023501372412,-3.596893,50.548746,3,2023
2024471423261,0.26898,50.77235,3,2024
2024471454453,0.26736,50.77253,2,2024
2024421412159,0.45355,51.56914,2,2024
2024440025915,-0.97662,50.78764,3,2024
2024411476152,-0.29165,51.9569,2,2024
2022041139942,-2.867753,54.066079,3,2022
2022041221668,-2.202982,53.837425,3,2022
2024041426576,-2.28593,53.69593,3,2024
2023320743868,-0.379589,52.767944,3,2023
2024320412575,-0.11239,53.20285,3,2024
2022361246389,1.286781,52.63389,3,2022
2023311357439,-1.260502,53.100505,2,2023
2024311455543,-0.79078,53.07632,3,2024
2023430285854,-1.258851,51.748372,2,2023
2024430578498,-1.23248,51.73501,3,2024
2022451199354,-0.332196,51.391471,3,2022
2022451251493,-0.535747,51.405953,3,2022
2024451430116,-0.53103,51.24571,2,2024
2022471176489,-0.242898,50.831218,3,2022
2023471340640,-0.192982,51.12956,3,2023
2023221327859,-2.163295,52.25044,3,2023
2024991450976,-3.7881,56.04469,2,2024
2022991209296,-3.137094,55.903842,3,2022
2023991340372,-3.239866,55.940059,3,2023
2024991450463,-3.18389,55.9419,3,2024
2023991384106,-4.279349,55.811803,3,2023
2024631533583,-5.02419,51.71227,2,2024
202417S107824,-1.34125,54.58715,3,2024
2023070654827,-2.524248,53.429307,3,2023
2024070430091,-2.58632,53.39209,3,2024
2024070821581,-2.59009,53.39218,2,2024
2024041403597,-2.48617,53.74365,2,2024
2023122300149,-1.088142,53.971733,3,2023
2023332300441,-1.106243,52.622833,3,2023
2024311418771,-1.11061,52.94533,2,2024
2024311514734,-1.20882,52.97296,3,2024
2023221388128,-2.715982,52.058265,3,2023
2022522205231,-2.6249,51.415156,3,2022
2023522301174,-2.591421,51.459443,3,2023
2023522300672,-2.557824,51.546556,3,2023
2023522400191,-2.557301,51.507283,3,2023
2024430262984,-0.59507,51.5108,3,2024
2024430604814,-0.74984,52.00524,3,2024
2023111272683,-1.623053,54.664703,3,2023
2023070432969,-2.907504,53.281352,3,2023
2024501449967,-4.35626,50.62957,2,2024
202354A730923,-1.78795,51.073034,3,2023
2022101233545,-1.849404,54.961398,2,2022
2023552300929,-1.921081,50.732244,3,2023
2022552300302,-1.818782,50.852523,2,2022
2023430497809,-0.609722,51.681766,3,2023
202234NNC6422,-0.736701,52.458037,3,2022
2022302201692,-1.903385,53.262377,3,2022
2024421503628,0.58618,51.56109,3,2024
2022421137596,0.039415,51.635581,3,2022
2024440462163,-1.13715,50.79965,3,2024
2023440421496,-1.039025,50.874986,3,2023
2022461168274,1.289408,51.154987,3,2022
2023461363258,0.263389,51.129503,3,2023
2022041234960,-3.024123,53.762953,3,2022
2023041332030,-2.220784,53.847496,3,2023
2023332300395,-1.36803,52.549452,3,2023
2024332400805,-1.27545,52.68184,3,2024
2023320242605,-0.024175,52.978561,3,2023
2022320505988,0.249565,53.182124,3,2022
2024361405668,1.25754,52.62531,3,2024
2022122200650,-1.418707,54.359649,2,2022
2023430161246,-1.496272,51.78536,3,2023
2023451276792,-0.246081,51.353965,2,2023
2022451250150,-0.175801,51.179294,2,2022
2023231320871,-1.276038,52.350862,2,2023
2022471177871,-0.373809,50.813771,3,2022
2022221179261,-2.030975,52.389808,3,2022
2023221371631,-2.317883,52.105954,2,2023
2022061207333,-2.53514,53.598836,2,2022
2024061417175,-2.16437,53.52203,3,2024
2022060059369,-2.21414,53.357575,3,2022
2024061472213,-2.5416,53.51218,3,2024
2023052301225,-2.834852,53.355242,3,2023
2024052400391,-2.61975,53.45745,3,2024
2023141275188,-1.110889,53.532023,3,2023
2024141423318,-1.36236,53.50557,2,2024
2024141536064,-1.34156,53.43811,2,2024
2024141398067,-1.44893,53.37356,2,2024
2022101129683,-1.602003,54.981122,3,2022
2024201404476,-1.82857,52.53371,3,2024
2022201223414,-1.977595,52.498976,3,2022
2023201392979,-2.014616,52.550875,3,2023
2024131507798,-1.7797,53.80754,2,2024
2022131166441,-1.534363,53.791494,3,2022
2023131310909,-1.560202,53.765032,3,2023
2024131488442,-1.60698,53.79341,1,2024
2023131267621,-1.474457,53.669205,3,2023
2022481290747,-0.107625,51.517751,3,2022
2022010368594,0.116368,51.52654,3,2022
2023010486525,0.136879,51.552625,3,2023
2024010517161,-0.16374,51.58605,3,2024
2023010476135,-0.03179,51.424535,3,2023
2024010510035,0.03429,51.31068,3,2024
2023010461145,-0.045339,51.648371,3,2023
2024010499313,-0.07548,51.54817,3,2024
2022010408053,-0.069578,51.593972,3,2022
2022010382138,0.19956,51.54402,3,2022
2022010417358,-0.260793,51.492498,2,2022
2024010497435,-0.34295,51.48568,3,2024
2022010403999,-0.091025,51.525243,3,2022
2023010448782,-0.163989,51.494277,3,2023
2023010422578,-0.112656,51.472393,3,2023
2023010448186,-0.115063,51.498546,3,2023
2023010474880,-0.102215,51.448493,3,2023
2024010533456,0.00161,51.54877,3,2024
2023010477383,0.086302,51.587537,3,2023
2024010501022,0.02068,51.59871,3,2024
2022010363451,-0.307021,51.431351,3,2022
2022010378350,-0.04981,51.494529,3,2022
2022010397091,-0.090618,51.487755,3,2022
2022010404230,-0.168963,51.37363,3,2022
2023010438884,-0.144174,51.515008,3,2023
2023991304496,-3.785695,56.010763,3,2023
2022991322411,-3.206662,55.950381,2,2022
2023991373158,-2.944148,56.479066,3,2023
2024991420112,-2.96315,56.46447,3,2024
2022991138195,-4.300358,55.870559,3,2022
2022991148950,-4.317778,55.887389,3,2022
2022991164440,-4.207415,55.848157,2,2022
202260B175255,-3.132433,53.248756,3,2022
202360A006991,-2.946611,52.974998,3,2023
2023631350796,-4.164432,51.672451,3,2023
2023610009223,-2.973407,51.582058,3,2023
2023170L10593,-0.974327,54.56955,3,2023
2022111207545,-1.456706,54.517774,2,2022
2023071174794,-2.609451,53.389514,3,2023
2022161242665,-0.348813,53.75668,2,2022
2024161514935,-0.36863,53.77855,2,2024
2022522200789,-2.588649,51.458809,3,2022
2023501313046,-4.136919,50.372468,3,2023
2022545601022,-1.832216,51.560171,3,2022
2024351518121,-0.26965,52.58215,2,2024
2024421530937,0.73597,51.55166,2,2024
2022461240241,0.545702,51.389264,3,2022
2023461368393,0.521545,51.381009,3,2023
2022430366189,-0.715555,52.011968,3,2022
2022471134255,-0.13163,50.819246,3,2022
2022471194229,-0.104595,50.814789,2,2022
2022440314904,-1.231029,50.633396,3,2022
2022070878971,-2.137244,53.260008,3,2022
2023070707662,-2.412744,53.095054,3,2023
2024070329828,-2.18195,53.30772,2,2024
2024221533891,-2.72628,52.71805,3,2024
2022501191351,-4.782701,50.35809,2,2022
2023401337578,-0.514265,51.907809,3,2023
2024552401359,-1.97462,50.7191,3,2024
2023340WN0292,-0.892967,52.234298,2,2023
2022061170652,-2.399699,53.546909,2,2022
2023061373453,-2.272303,53.520311,3,2023
2022061148230,-2.229945,53.474541,2,2022
2022061211623,-2.184063,53.493901,3,2022
2024061506529,-2.23699,53.47942,2,2024
2022061155156,-2.070652,53.456971,3,2022
2024052402812,-2.89738,53.39662,3,2024
2024052402798,-2.74002,53.45855,3,2024
2023052301433,-3.067221,53.567119,3,2023
2023141279180,-1.492144,53.377075,3,2023
2022101157128,-1.462871,54.925349,3,2022
2024101455561,-1.52289,54.91679,3,2024
2022201154116,-1.932941,52.503553,3,2022
2023201289827,-1.856901,52.510443,2,2023
2023201410996,-1.894885,52.461245,3,2023
2024201483150,-1.45287,52.3881,2,2024
2023201335700,-2.137253,52.567859,3,2023
2024131489077,-1.62704,53.71164,3,2024
2022131157728,-1.540945,53.798997,3,2022
2023131267054,-1.498465,53.801497,3,2023
2024131450873,-1.58877,53.81328,3,2024
2022131226985,-1.577102,53.686329,2,2022
2023010471451,0.148095,51.539318,3,2023
2023010451562,-0.130316,51.515912,2,2023
2022010418969,-0.106152,51.384969,3,2022
2024010520729,-0.308,51.51267,3,2024
2022010403380,-0.062311,51.620524,3,2022
2024010517654,-0.04574,51.64069,3,2024
2022010405988,-0.092524,51.563881,2,2022
2024010525109,-0.12198,51.58262,2,2024
2023010432180,-0.334777,51.592864,2,2023
2024010526907,-0.40684,51.51758,3,2024
2022010379041,-0.169578,51.486388,3,2022
2023010478199,-0.198635,51.499041,3,2023
2023010432013,-0.122047,51.450934,3,2023
2024010504580,-0.12369,51.48662,3,2024
2024010538019,-0.14377,51.44917,3,2024
2023010465654,0.006013,51.458705,3,2023
2022010391999,0.024189,51.520397,2,2022
2024010544210,-0.00099,51.5465,3,2024
2023010437068,0.125581,51.572965,3,2023
2022010359676,-0.104818,51.498579,3,2022
2022010370707,-0.104715,51.501751,3,2022
2023010478043,-0.072108,51.454629,3,2023
2024010526810,-0.08162,51.47769,3,2024
2024010531497,-0.15625,51.43898,3,2024
2023010444834,-0.141137,51.513503,2,2023
2024010509885,-0.13514,51.5149,3,2024
2022031213305,-2.954676,54.200966,3,2022
2022471227561,0.051651,50.790273,3,2022
2023421374584,0.928422,51.885536,3,2023
2024421486604,0.90236,51.90968,3,2024
2024531459174,-2.25091,51.8585,3,2024
2022440432894,-1.474983,50.933837,2,2022
2024440521123,-0.97636,51.14655,3,2024
2023411315511,-0.401155,51.658692,3,2023
2022461222258,0.455655,51.41438,3,2022
2023461339437,0.393485,51.137794,2,2023
2023461344972,0.857955,51.157636,3,2023
2023041268562,-2.404412,53.825329,3,2023
2023320141549,-0.776629,53.403224,3,2023
2023320652087,-0.487376,52.653742,3,2023
2023311327334,-1.12984,53.221416,3,2023
2023311341068,-1.124161,52.985451,2,2023
2023311365707,-1.254502,53.122761,2,2023
2024430427915,-1.15628,51.90157,2,2024
2023371394616,1.129055,52.055463,3,2023
2023451383607,-0.624463,51.31367,2,2023
2022991141385,-3.173094,55.958756,3,2022
2022991210133,-3.190762,55.950967,3,2022
2024991529569,-3.25881,55.96824,2,2024
2022991157508,-4.203819,55.891289,3,2022
2022991256890,-4.250087,55.855931,3,2022
202460Q037278,-2.97296,53.05275,2,2024
202263A096122,-4.163574,51.682053,3,2022
2022622200249,-3.175472,51.487798,3,2022
2024622400010,-3.22017,51.51332,3,2024
2024610057124,-3.14387,51.67029,2,2024
2024041512843,-3.04021,53.80603,3,2024
2024161466138,-0.30759,53.89252,2,2024
2024161533850,-0.41196,53.84456,3,2024
2023161312831,-0.597328,53.655268,3,2023
2023122300351,-1.058296,53.953932,3,2023
2024332400950,-1.15425,52.62305,2,2024
2022311228859,-1.167825,52.965844,3,2022
2023311374703,-1.180317,52.948518,3,2023
2023522400941,-2.593591,51.460331,3,2023
2024522401197,-2.58464,51.44941,3,2024
2024522402347,-2.62432,51.44615,1,2024
202454E933624,-1.78333,51.58383,3,2024
2023351286512,-0.228761,52.547177,2,2023
2023461398974,0.561408,51.392249,3,2023
2024461397748,0.51132,51.35875,2,2024
2022430125257,-1.247238,51.395021,3,2022
2022430538153,-0.844614,51.415186,2,2022
2024471481560,-0.13455,50.82252,3,2024
2022070706278,-2.35478,53.309699,3,2022
2022501239948,-4.699281,50.35789,3,2022
2023552400007,-1.790583,50.728639,3,2023
2024552400353,-1.96129,50.73242,2,2024
2024552400571,-1.87967,50.71843,2,2024
2022430238329,-0.802157,51.793583,3,2022
202234NNC2652,-0.681931,52.290436,3,2022
2023340NN4522,-0.70723,52.319397,3,2023
2023340WN6452,-0.83301,52.255236,3,2023
2023520301747,-2.847383,50.886814,3,2023
2022061153666,-2.248616,53.467465,3,2022
2022061155900,-2.174752,53.473088,3,2022
2024061442375,-2.22505,53.45512,3,2024
2024061511291,-2.13067,53.4715,3,2024
2022052201570,-2.838012,53.346285,3,2022
2023052301119,-2.9857,53.411243,3,2023
2024052400950,-2.90794,53.44836,2,2024
2022052203299,-3.036745,53.480465,2,2022
2024052402309,-3.1264,53.39612,3,2024
2024141450966,-1.07409,53.51197,2,2024
2024201439175,-1.83022,52.47102,2,2024
2024201450654,-1.88365,52.52495,3,2024
2022201273864,-2.163602,52.488544,3,2022
2023201390759,-2.118182,52.482314,2,2023
2024201437781,-2.01379,52.55994,3,2024
2024201489358,-2.0889,52.61379,3,2024
2024131485554,-1.83023,53.84718,2,2024
2022131215627,-1.75576,53.576073,3,2022
2022131129594,-1.552948,53.779556,2,2022
2022131215221,-1.444438,53.821419,3,2022
2024131480611,-1.498,53.68616,3,2024
2022481262307,-0.085574,51.511197,2,2022
2024481566771,-0.09338,51.51096,2,2024
2024010518969,0.17462,51.4808,2,2024
2022010352661,-0.228878,51.534284,2,2022
2023010467265,-0.290368,51.559799,3,2023
2024010527057,-0.2029,51.54614,3,2024
2022010353126,-0.117596,51.524818,3,2022
2022010385024,-0.133293,51.390459,3,2022
2023010443519,-0.087931,51.38077,3,2023
2024010531233,-0.3405,51.52262,3,2024
2023010473157,-0.135662,51.611173,2,2023
2023010465193,-0.076769,51.537869,3,2023
2022010397330,-0.375164,51.56354,3,2022
2023010485743,0.220244,51.556518,3,2023
2022010402083,-0.446782,51.565211,2,2022
2024010550437,-0.3442,51.47426,3,2024
2024010514730,-0.10556,51.52969,3,2024
2024010527547,-0.0924,51.5472,2,2024
2022010405282,-0.024902,51.463519,3,2022
2023010443458,-0.012473,51.457986,3,2023
2023010458558,-0.034856,51.474757,2,2023
2022010392504,0.046446,51.554489,3,2022
2024010512395,0.03111,51.56519,3,2024
2024010488855,-0.10557,51.50716,2,2024
2022010356069,-0.070365,51.515741,3,2022
2024010549392,-0.06234,51.52893,3,2024
2022010411228,-0.029864,51.57584,3,2022
2022010382965,-0.17626,51.431521,3,2022
2023010477005,-0.165987,51.463869,2,2023
2023010477384,-0.201396,51.517842,3,2023
2024351452608,0.11925,52.21397,2,2024
2023302301011,-1.621442,53.020596,3,2023
2023471384789,-0.079002,50.861083,3,2023
2022421166967,0.607502,51.584189,3,2022
2024440094899,-1.43683,50.97852,3,2024
2024440502083,-1.13089,50.7831,3,2024
2022461214768,0.858091,51.152434,3,2022
2024461412059,0.27303,51.1934,3,2024
2024461442394,1.17112,51.08245,3,2024
2024461503293,0.65187,51.20723,2,2024
2022041136962,-2.922776,53.836302,2,2022
2022041232554,-2.677311,53.669348,2,2022
2023041321341,-2.652876,53.782457,2,2023
2023041368678,-2.654198,53.73377,3,2023
2024041465051,-2.66421,53.68102,2,2024
2022430265515,-1.117687,51.860004,3,2022
2024430217542,-1.09655,51.86998,2,2024
2022211197865,-1.915977,52.746921,3,2022
2022211188104,-1.675969,52.619907,2,2022
2022451219472,-0.150934,51.268653,2,2022
2023221331348,-1.86939,52.387771,3,2023
2023991368528,-2.781043,55.611555,3,2023
2022991167298,-3.209073,55.947562,3,2022
2023991261699,-4.402599,55.846755,3,2023
2022991196624,-3.040791,56.205517,3,2022
2024610013324,-3.22398,51.69173,3,2024
202363D008423,-3.401627,52.152849,2,2023
2022170L30362,-1.101911,54.60591,2,2022
202417S303324,-1.29062,54.54064,2,2024
2024041445746,-2.48603,53.73569,3,2024
2022161190316,-0.878829,53.705686,3,2022
2024161429466,-0.09819,53.57111,3,2024
2024161535866,-0.12356,53.56331,3,2024
2024211514817,-2.1814,53.01305,3,2024
2024211450662,-2.20855,53.00979,3,2024
2024522402715,-2.59769,51.45321,3,2024
2022401170027,-0.435399,51.906563,3,2022
2022401239343,-0.435039,51.895165,3,2022
2023461383702,0.480212,51.392719,3,2023
2022430077173,-0.731775,51.973698,3,2022
2023471327131,-0.125282,50.836663,3,2023
2024471491205,-0.12559,50.83008,3,2024
2022221252905,-2.731026,52.727229,2,2022
2023401373855,-0.521409,51.885933,3,2023
2023430009782,-0.722004,51.619317,3,2023
202234NNC3842,-0.686138,52.308798,3,2022
2023122400021,-0.547294,54.430225,3,2023
2023061360960,-2.235906,53.476255,3,2023
2023061388069,-2.233855,53.500501,3,2023
2023061298121,-2.138418,53.626792,3,2023
2022061218601,-2.338032,53.514588,3,2022
2023061276843,-2.494436,53.533099,3,2023
2022052201118,-2.985666,53.402623,3,2022
2024052401227,-2.94131,53.43177,3,2024
2024052402261,-2.90702,53.42903,2,2024
2024141456347,-1.33138,53.42991,3,2024
2022101187729,-1.711663,54.976183,2,2022
2023101294602,-1.614794,54.971863,3,2023
2023101299217,-1.616717,54.981628,3,2023
2022201160846,-1.831218,52.487638,3,2022
2024201477561,-1.89546,52.4913,3,2024
2024201521581,-1.88538,52.51241,3,2024
2023201277377,-2.133655,52.50079,3,2023
2024201508114,-2.03215,52.4691,3,2024
2023201379899,-1.976603,52.481885,2,2023
2024201510492,-1.98187,52.46798,3,2024
2024201444650,-2.00022,52.5966,3,2024
2023131282871,-1.601724,53.700651,2,2023
2024101416386,-1.59337,54.95138,3,2024
2022010384004,-0.173538,51.571411,2,2022
2023010469768,-0.256631,51.607538,3,2023
2024010550862,-0.17746,51.6126,3,2024
2024010523367,0.10309,51.44203,2,2024
2023010445701,-0.197927,51.542167,3,2023
2024010532676,-0.17513,51.54254,3,2024
2024010533150,-0.25705,51.52381,2,2024
2022010382311,0.071476,51.438223,3,2022
2023010421670,-0.075865,51.545615,3,2023
2022010407663,-0.198333,51.472724,3,2022
2024010516083,-0.22043,51.48592,3,2024
2022010380039,-0.072172,51.584186,3,2022
2023010441393,0.224174,51.570247,3,2023
2022010363371,-0.084292,51.548604,3,2022
2022010399292,-0.103042,51.546183,3,2022
2024010513604,-0.10805,51.44139,2,2024
2024010500502,-0.01086,51.46025,3,2024
2022010357100,-0.004207,51.536226,2,2022
2022010393583,-0.047322,51.51331,3,2022
2023010455723,-0.056931,51.532021,2,2023
2024010529110,-0.0305,51.56854,3,2024
2023010431670,-0.194725,51.457229,3,2023
2023010483431,-0.221134,51.467722,2,2023
2022010373716,-0.139679,51.496925,3,2022
2023010482238,-0.129078,51.513051,3,2023
2024351402546,0.12845,52.13743,2,2024
2023501318419,-4.210782,51.016741,3,2023
2024501516446,-3.48025,50.73494,3,2024
2023421371294,0.300948,51.622545,3,2023
2022440114241,-0.984671,50.851585,3,2022
2022440161876,-1.147673,50.802206,2,2022
2024440159760,-1.3431,51.04639,2,2024
2023041315232,-2.74747,53.703769,2,2023
2023041343213,-2.387643,53.874971,3,2023
2024430538730,-1.35072,52.06753,3,2024
2023371302309,1.156908,52.059207,3,2023
2022451257096,-0.199418,51.20806,3,2022
2022231212579,-1.261909,52.379409,3,2022
2022471212180,-0.340286,51.077418,3,2022
2024471504636,-0.50081,50.81913,3,2024
2023991372462,-3.047388,55.842441,2,2023
2024991497497,-4.03756,55.77288,2,2024
2022991241337,-2.988711,56.487039,2,2022
202260B106507,-3.406062,53.337319,2,2022
2024610006524,-3.19303,51.58985,2,2024
2023170S11353,-1.315017,54.563132,3,2023
2022070842640,-2.562546,53.36507,3,2022
2022041231858,-2.480542,53.751382,2,2022
2022161246036,-0.307292,53.754141,3,2022
2023161273560,-0.358644,53.765974,3,2023
2023161387822,-0.350514,53.761647,3,2023
2022161222172,-0.36008,54.059877,3,2022
2022302201856,-1.451873,52.890624,3,2022
2024522403441,-2.5675,51.43508,3,2024
2023522301656,-2.512496,51.47697,3,2023
2023430456119,-0.95695,51.445589,3,2023
2024471451539,-0.14743,50.82117,2,2024
2023552300732,-1.873796,50.71714,3,2023
2024430140460,-0.72761,51.61935,3,2024
202234WNC3482,-0.864748,52.25844,3,2022
2024340WN2192,-0.84648,52.27698,3,2024
2022122201147,-0.429822,54.281313,3,2022
2022520204676,-3.009286,51.133225,3,2022
2022061211408,-2.246505,53.529319,3,2022
2023061261713,-2.244594,53.3941,3,2023
2023061315197,-2.231054,53.412365,3,2023
2023061361282,-2.19151,53.460695,3,2023
2023061294834,-2.312285,53.466732,2,2023
2022052202086,-2.972208,53.439084,3,2022
2024141451351,-1.08721,53.53513,3,2024
2022101153225,-1.616531,54.969954,3,2022
2022201236397,-1.892602,52.486388,2,2022
2023201267864,-1.811645,52.477567,3,2023
2023201340169,-1.919978,52.470003,3,2023
2023201297464,-1.471549,52.437107,3,2023
2024131397753,-1.77391,53.76697,3,2024
2024131480581,-1.55167,53.78004,3,2024
2022131203191,-1.294367,53.6904,2,2022
2023010471963,0.107163,51.55167,3,2023
2023010474268,0.098634,51.525258,3,2023
2024010535758,0.07182,51.38951,3,2024
2022010384495,-0.124078,51.526702,3,2022
2023010484416,-0.136688,51.54693,3,2023
2024010548892,-0.14516,51.53978,3,2024
2022010393422,-0.310774,51.506645,3,2022
2023010454850,-0.117382,51.620125,2,2023
2023010457576,-0.141276,51.617296,2,2023
2022010355637,0.115001,51.497356,3,2022
2022010359897,-0.205738,51.471507,3,2022
2022010400327,-0.22004,51.493244,3,2022
2022010385898,-0.300192,51.605848,3,2022
2023010485232,-0.014852,51.464537,3,2023
2024010499968,-0.02159,51.4565,3,2024
2022010419415,0.026084,51.543602,2,2022
2023010469093,0.048888,51.5321,3,2023
2024010541663,0.0525,51.55244,3,2024
2022010378331,-0.074009,51.498023,3,2022
2023010423885,-0.102504,51.506419,3,2023
2024010491221,-0.06571,51.4876,3,2024
2024010538123,-0.0757,51.46066,3,2024
2024010535046,-0.06959,51.47615,3,2024
2023010422728,-0.057592,51.519541,2,2023
2023010449439,-0.158793,51.470923,3,2023
2023010458464,-0.171205,51.470182,2,2023
2024010517577,-0.18942,51.44333,2,2024
2024010523789,-0.20777,51.45522,3,2024
2022010352986,-0.126765,51.506197,3,2022
2023440461902,-1.66988,50.759331,2,2023
2022411169731,-0.283394,51.950868,2,2022
2023411364135,-0.295013,51.718579,2,2023
2024461509223,0.1934,51.44431,2,2024
2024461514055,0.89733,51.12727,2,2024
2022041137787,-2.77557,53.540567,3,2022
2023041346546,-2.562704,53.605828,2,2023
2024041469051,-2.56004,53.62755,2,2024
2024041514404,-2.37688,53.7423,3,2024
2023332300584,-1.191889,52.484101,3,2023
2022361251257,1.286206,52.627206,3,2022
2024361485638,1.18185,52.92345,3,2024
2022311153118,-1.038857,52.946928,3,2022
2022311230121,-1.1827,53.054151,3,2022
2024430088099,-1.28325,51.79815,1,2024
2022451161060,-0.151481,51.263581,3,2022
2024451531933,-0.36135,51.40126,3,2024
2022231230271,-1.265208,52.364739,3,2022
2023231313384,-1.549043,52.57804,3,2023
2024471507807,-0.77869,50.83871,2,2024
2024991483038,-3.60641,55.05396,3,2024
2023991259255,-4.761419,55.94837,3,2023
2023991347179,-4.050319,55.850004,3,2023
202360A056402,-3.004794,53.162094,3,2023
202363A007423,-4.296787,51.815214,2,2023
2022610054222,-3.140545,51.665326,3,2022
2024610038724,-3.01498,51.66967,3,2024
2023631329550,-3.099937,52.047232,2,2023
2024070435613,-2.54554,53.34985,3,2024
2024041533121,-2.46424,53.75669,3,2024
2023161382080,-0.323455,53.756184,3,2023
2024161408226,-0.81559,53.5552,3,2024
2022302200894,-1.50778,52.912371,3,2022
2024332401081,-1.08863,52.64207,2,2024
2023522301027,-2.58857,51.459358,3,2023
2023522400354,-2.634529,51.506064,3,2023
2022471190227,-0.13328,50.822384,3,2022
2024401534067,-0.48623,52.13675,3,2024
2023552301481,-1.957435,50.7214,2,2023
2022430256790,-0.623727,51.601922,3,2022
2023430540632,-0.770856,51.636932,2,2023
2023340NN4542,-0.731573,52.395731,2,2023
2024122400062,-1.16318,53.77066,1,2024
2023520301356,-2.994706,51.234126,3,2023
2024351414168,0.17044,52.66781,2,2024
2024302401072,-1.43166,53.23169,3,2024
2024501461000,-3.10511,50.70006,3,2024
2022501154157,-3.500188,50.695726,2,2022
2024471465069,0.09692,50.97276,3,2024
2024421477655,0.55859,51.56659,3,2024
2024421451886,0.46994,51.7301,3,2024
2023531402156,-2.117207,51.90924,3,2023
2023440009812,-0.760848,51.288,2,2023
2024411445132,-0.23801,51.979,3,2024
2024411486773,-0.43925,51.70752,3,2024
2022461202775,0.869233,51.144848,3,2022
2023461313230,0.363244,51.442406,2,2023
2023461376895,0.553782,51.253157,3,2023
2023461288823,1.174114,51.077536,3,2023
2022041149309,-2.809338,53.897845,3,2022
2022041207496,-2.998404,53.845719,3,2022
2024320606011,0.0956,53.17396,2,2024
2022211244269,-2.215689,53.012408,3,2022
2024451395227,-0.36335,51.2256,3,2024
2023451332496,-0.419434,51.425466,2,2023
2022231229518,-1.522094,52.541597,3,2022
2023471266483,-0.226704,50.839229,2,2023
2023471373098,-0.166289,51.122598,3,2023
2024471492004,-0.00863,51.12394,3,2024
2024221486289,-2.22756,52.19424,3,2024
2023411271701,-0.029202,51.809946,3,2023
2023061318421,-2.159072,53.606489,3,2023
2023061325057,-2.30946,53.515241,2,2023
2023061373261,-2.179818,53.406287,2,2023
2024061448090,-2.5547,53.47463,2,2024
2024061474492,-2.57029,53.54204,3,2024
2023052301210,-2.962944,53.406197,3,2023
2024052401477,-2.91192,53.44634,3,2024
2023052300316,-2.989107,53.44593,3,2023
2024052400163,-2.9698,53.64785,3,2024
2024052401198,-3.02411,53.38877,2,2024
2023141309025,-1.437159,53.559216,3,2023
2023141277311,-1.350442,53.441008,3,2023
2024141489382,-1.20146,53.35298,3,2024
2022141162665,-1.440644,53.359901,3,2022
2023141259709,-1.497857,53.402519,3,2023
2024141404034,-1.49585,53.4045,3,2024
2024141472604,-1.44759,53.41186,2,2024
2023101327525,-1.584793,54.981775,3,2023
2024101440133,-1.45431,54.92716,1,2024
2024201511625,-1.93756,52.52647,3,2024
2023201383726,-1.73627,52.476245,2,2023
2024201434782,-2.13388,52.58569,3,2024
2024131477977,-2.15137,53.73168,3,2024
2024131475343,-1.51033,53.80997,3,2024
2024131491357,-1.56193,53.81461,3,2024
2024131500673,-1.63242,53.80865,3,2024
2023010462333,-0.088471,51.395419,2,2023
2024010538629,-0.07203,51.3978,3,2024
2023010462534,0.069061,51.489839,3,2023
2023010459383,-0.078107,51.526641,3,2023
2024010539358,-0.0699,51.59579,3,2024
2023010427787,-0.426938,51.576682,3,2023
2023010435847,-0.472746,51.507688,3,2023
2023010477584,-0.408075,51.52421,2,2023
2022010389431,-0.323902,51.477176,2,2022
2022010371922,-0.089862,51.544063,3,2022
2023010484843,-0.111025,51.492357,3,2023
2023010452470,-0.042988,51.445909,3,2023
2024010543066,-0.01701,51.44972,3,2024
2022010378330,-0.001781,51.541571,2,2022
2023010468169,0.051226,51.539523,2,2023
2022010393491,-0.316676,51.409765,3,2022
2023010469573,-0.050655,51.488554,3,2023
2022010392168,-0.171616,51.380622,3,2022
2022010399312,-0.067703,51.510868,2,2022
2023010437905,-0.016496,51.589868,2,2023
2023010443369,-0.144305,51.514983,3,2023
2024010526735,-0.12247,51.50646,2,2024
2022991227858,-3.780692,56.122274,2,2022
2022991162813,-2.520443,56.001463,3,2022
2023991343758,-2.873043,56.644636,2,2023
2024991430218,-2.98997,56.4837,3,2024
2023991350206,-4.295794,55.855248,3,2023
2024991418957,-4.28878,55.8669,3,2024
2024991464082,-4.16814,55.86261,3,2024
2023631373039,-4.299549,51.861167,2,2023
2022622200803,-3.895753,51.669966,3,2022
2022610001122,-2.964487,51.588183,2,2022
2022170M10082,-1.229212,54.568287,3,2022
2022170M11322,-1.248918,54.569093,3,2022
2023170M11913,-1.246904,54.578517,3,2023
2024041493179,-2.50942,53.72994,2,2024
2024041397785,-3.03728,53.8263,3,2024
2022161143135,-0.054988,53.553518,3,2022
2023161392970,-0.681162,53.570727,3,2023
2024161522984,-0.64586,53.60401,3,2024
2022122200538,-1.067137,53.966791,3,2022
2023332300932,-1.136039,52.595032,3,2023
2022221207970,-2.712473,52.057711,2,2022
2023221344414,-2.521107,52.188348,2,2023
2022522205248,-2.676145,51.508331,2,2022
2023522301621,-2.557106,51.426297,3,2023
2024544292524,-1.73965,51.59807,3,2024
2023430139064,-0.750121,51.409946,3,2023
2022430526883,-0.941296,51.454854,3,2022
2024430588972,-0.58577,51.50732,3,2024
2024430363976,-0.88531,51.47616,3,2024
2023440373490,-1.429705,50.929964,3,2023
2022440505420,-1.500131,50.704744,2,2022
2023111390155,-1.366652,54.831345,2,2023
2023549745823,-2.184244,51.201846,3,2023
2023552300494,-1.788798,50.737952,3,2023
2024552400647,-1.74059,50.7427,3,2024
2024552400615,-1.93784,50.69025,2,2024
202234WNC2542,-0.806383,52.238561,3,2022
2023122301222,-1.439709,54.333874,2,2023
2024061510391,-2.29581,53.545,3,2024
2022061230319,-2.227451,53.484253,3,2022
2023061350257,-2.273755,53.436634,3,2023
2023052300120,-2.897335,53.355741,2,2023
2024052400935,-2.96278,53.43011,2,2024
2023052301580,-2.752091,53.45288,3,2023
2022052200108,-3.030783,53.389297,3,2022
2023141274778,-1.453567,53.384491,3,2023
2022201245643,-1.872048,52.459739,2,2022
2022201240064,-1.99662,52.395979,3,2022
2023201402696,-1.975698,52.439435,2,2023
2023201389703,-1.808586,52.480331,3,2023
2024201508836,-1.98119,52.57501,3,2024
2023131293608,-1.87034,53.719308,2,2023
2022131232325,-1.630105,53.683772,3,2022
2023131348177,-1.673269,53.805416,2,2023
2024131461914,-1.46945,53.81381,3,2024
2023481387638,-0.108004,51.514169,3,2023
2022010394655,0.134766,51.561404,3,2022
2022010401697,-0.234853,51.532648,3,2022
2022010385054,-0.126139,51.37699,3,2022
2023010445331,-0.085905,51.574429,3,2023
2022010360560,-0.239533,51.493538,3,2022
2022010363403,-0.213023,51.494369,3,2022
2022010407899,-0.18715,51.479485,3,2022
2023010464642,-0.238801,51.504705,3,2023
2023010428768,-0.120364,51.580813,2,2023
2022010357092,-0.481883,51.604264,3,2022
2022010362972,-0.386827,51.473221,3,2022
2024010489692,-0.08752,51.52417,2,2024
2024010537797,-0.19538,51.50021,3,2024
2023010478653,-0.256431,51.402481,3,2023
2022010406792,-0.121761,51.486307,3,2022
2023010435729,-0.110924,51.492706,3,2023
2024010535252,-0.13387,51.46324,3,2024
2023010483828,-0.173062,51.397704,2,2023
2022010404111,0.069222,51.523919,3,2022
2022010364251,-0.092448,51.502236,3,2022
2022010416909,-0.096679,51.500263,3,2022
2023010449655,-0.075419,51.425179,2,2023
2024010539709,-0.08957,51.50518,3,2024
2024010546595,-0.0505,51.50105,2,2024
2023010466002,-0.161572,51.365187,3,2023
2023010436268,-0.026072,51.505787,3,2023
2024010512045,-0.06808,51.51683,3,2024
2024010542198,-0.0685,51.51665,2,2024
2022010393454,-0.184151,51.457803,3,2022
2023010478384,-0.165378,51.436342,3,2023
2024010533166,-0.16593,51.43005,3,2024
2022471166965,0.313387,50.794693,3,2022
2023471316319,0.098587,50.771882,3,2023
2024421438133,0.09075,51.77126,3,2024
2022440312594,-1.152787,50.806623,3,2022
2022440386615,-1.172644,50.808141,3,2022
2023440389559,-1.383684,50.967877,3,2023
2024461469613,0.46316,51.42642,3,2024
2022041204647,-3.023944,53.873942,3,2022
2022041237502,-3.030257,53.753246,2,2022
2023041291778,-2.685064,53.770242,3,2023
2022320593854,-0.124,52.797201,2,2022
2024311474446,-1.02955,52.94998,2,2024
2022430208631,-1.22533,51.73912,3,2022
2024430057672,-1.16347,51.89154,3,2024
2024371519447,0.41029,52.24545,2,2024
2022451153109,-0.280373,51.334114,3,2022
2022451224650,-0.56726,51.317193,3,2022
2023451361981,-0.445907,51.432897,3,2023
2024451421743,-0.57586,51.2351,2,2024
2022471249949,-0.204859,51.100426,2,2022
2022991239919,-3.264926,55.961792,3,2022
2022991182636,-3.528126,55.893499,2,2022
2023991375888,-2.96919,56.457032,3,2023
2023622300446,-3.158591,51.51335,2,2023
2023041274008,-2.46366,53.694562,3,2023
2023161371177,-0.353266,53.756849,3,2023
2024161412482,-0.37343,53.75247,3,2024
2022161279979,-0.457489,53.763907,3,2022
2023161320827,-0.082301,53.565133,3,2023
2022122200994,-1.091798,53.95152,3,2022
2024122500126,-1.09873,53.97122,3,2024
2023302300167,-1.421733,52.918429,3,2023
2024311527429,-1.14916,52.96081,3,2024
2024221487588,-2.63707,51.86513,1,2024
2023211381337,-2.132071,52.987244,3,2023
2022522201185,-2.552894,51.453885,3,2022
2023522300444,-2.562802,51.457893,3,2023
2022522300244,-2.976351,51.345387,3,2022
2024501512813,-4.07182,50.36278,2,2024
2023401323997,-0.415605,51.87747,3,2023
2024401462676,-0.42804,51.8851,2,2024
2023440293896,-1.451814,50.914522,3,2023
2023111281674,-1.337287,54.841199,3,2023
2023070138043,-2.897225,53.179403,2,2023
2023401344441,-0.494265,52.02974,3,2023
2024520403003,-2.43776,51.26996,3,2024
2023061362457,-2.417469,53.562928,3,2023
2022061235324,-2.236212,53.468983,3,2022
2023061280246,-2.257012,53.445992,3,2023
2023061362694,-2.244788,53.459204,2,2023
2022061237073,-2.088584,53.577449,3,2022
2023061353209,-2.627131,53.548682,2,2023
2022052201079,-2.972004,53.403768,3,2022
2022052202180,-2.929533,53.424781,3,2022
2024052400526,-2.98572,53.49015,2,2024
2022052203005,-3.030251,53.390282,3,2022
2022141233461,-1.339199,53.411742,2,2022
2024141506655,-1.39732,53.42601,3,2024
2023141322351,-1.448472,53.38089,2,2023
2024141421745,-1.38722,53.37104,2,2024
2024101414115,-1.65273,55.01984,3,2024
2024101491235,-1.54594,55.00032,2,2024
2024201487752,-2.06641,52.54285,2,2024
2024201512420,-1.7158,52.46299,2,2024
2023131390341,-1.713328,53.831826,1,2023
2024131522223,-1.54709,53.66254,3,2024
2024481471123,-0.08743,51.51169,3,2024
2024481564129,-0.09131,51.51059,3,2024
2022010362826,-0.171605,51.575706,2,2022
2024010493303,-0.27839,51.6103,2,2024
2022010404893,-0.146029,51.537123,3,2022
2022010355271,-0.059242,51.564109,3,2022
2023010466842,-0.093214,51.572903,2,2023
2022010409750,-0.107466,51.593528,3,2022
2023010473302,-0.073895,51.582362,3,2023
2023010485011,-0.449809,51.552159,3,2023
2023010445550,-0.413207,51.444122,3,2023
2024010488454,-0.16165,51.4969,3,2024
2024010530319,-0.19843,51.49911,3,2024
2023010481350,-0.112837,51.482324,2,2023
2023010463236,-0.003086,51.459022,3,2023
2024010544298,0.00943,51.43032,3,2024
2023010474984,0.027104,51.576911,2,2023
2023010462899,-0.098463,51.492721,3,2023
2024010489917,-0.08827,51.43719,2,2024
2024010551333,-0.10463,51.49867,3,2024
2023010439198,-0.19223,51.378613,3,2023
2023010467867,-0.168617,51.38518,3,2023
2022010389338,-0.015541,51.515672,3,2022
2024010541002,-0.01069,51.50863,2,2024
2023010448199,-0.005882,51.623221,3,2023
2022010399083,-0.1498,51.475764,2,2022
2023010480005,-0.165046,51.429179,3,2023
2024010507027,-0.16641,51.42959,3,2024
2022010360907,-0.201542,51.529138,3,2022
2022010384291,-0.127436,51.506712,2,2022
2023010473852,-0.14423,51.514694,3,2023
2023351282324,0.118127,52.201753,3,2023
2023421275207,0.69692,51.59662,3,2023
2023421309588,0.902316,51.905088,2,2023
2024440443144,-0.7751,51.3071,3,2024
2022461256003,0.255325,51.183404,3,2022
2023461307270,0.305344,51.440277,3,2023
2023461321836,1.297357,51.135882,3,2023
2023461353611,0.360727,51.41983,3,2023
2023461371886,1.187948,51.092648,3,2023
2023041319623,-2.181962,53.853969,2,2023
2024041442405,-2.37281,53.76516,2,2024
2024332400739,-1.1979,52.76463,3,2024
2022361147689,0.398223,52.758103,3,2022
2022361222899,1.286333,52.61096,3,2022
2023361334509,1.736746,52.609096,3,2023
2024361431886,1.27608,52.58804,3,2024
2022311155923,-1.280626,52.998024,3,2022
2024311460135,-1.27047,52.93144,2,2024
2024430267031,-1.26497,51.77743,3,2024
2023211438420,-2.223253,53.002209,3,2023
2022471249701,-0.679048,50.780863,3,2022
2023471319059,-0.209853,51.094657,3,2023
2022221133185,-2.18965,52.103578,2,2022
2024991532065,-3.95235,56.15446,2,2024
2022991152372,-3.20853,55.957892,2,2022
202417L109024,-0.93264,54.56883,2,2024
2024070014104,-2.60965,53.39713,3,2024
2022041157151,-2.487703,53.760782,3,2022
2023161394288,-0.33649,53.758747,3,2023
2023161325851,-0.435071,53.723382,3,2023
2023161338166,-0.028998,53.557596,3,2023
2022221175473,-2.454645,52.681721,3,2022
20225222BR517,-2.577941,51.425773,3,2022
2022522203375,-2.609268,51.463685,3,2022
2023522300373,-2.588174,51.481156,3,2023
2024522401361,-2.58028,51.46614,3,2024
2023522301271,-2.650158,51.432903,3,2023
2022421225639,0.269176,51.487756,3,2022
2023461368784,0.558555,51.378479,3,2023
2023461398500,0.519419,51.367681,3,2023
2024430601522,-0.73518,51.41929,3,2024
2024430567533,-1.03033,51.46849,3,2024
2023471334044,-0.125297,50.836286,3,2023
2024471450456,-0.22455,50.84589,2,2024
2022111179352,-1.313817,54.76612,3,2022
2024111494659,-1.37875,54.80805,1,2024
2023070611540,-2.925844,53.201379,3,2023
2022501174800,-5.228067,50.231061,3,2022
2024501479786,-5.09074,50.41224,3,2024
2024552400246,-1.86969,50.73827,3,2024
2023430278164,-0.821964,51.833102,3,2023
2024430541428,-0.7502,51.64076,3,2024
2022061239957,-2.396945,53.557452,2,2022
2022061151245,-2.274357,53.597561,2,2022
2024061401910,-2.27022,53.59866,3,2024
2023061310687,-2.242722,53.387623,3,2023
2022061192631,-2.08847,53.537352,2,2022
2024061519582,-2.6605,53.54569,3,2024
2023052300044,-2.800692,53.430002,3,2023
2022052200303,-2.966027,53.463917,3,2022
2022052201383,-3.037644,53.430875,2,2022
2022052203252,-3.077791,53.369763,3,2022
2022141162074,-1.138644,53.514456,3,2022
2023141342490,-1.324406,53.486095,3,2023
2022141211151,-1.471433,53.413227,2,2022
2022101243503,-1.425756,54.989611,3,2022
2023201343801,-1.983937,52.396742,3,2023
2023201398410,-1.882383,52.452846,2,2023
2024201431494,-1.81665,52.46101,3,2024
2022201239342,-2.094452,52.512425,2,2022
2022201216997,-2.021198,52.530261,2,2022
2023201378592,-1.970214,52.501033,3,2023
2022201215920,-1.74814,52.491177,3,2022
2022131248564,-1.736487,53.79253,3,2022
2023131372288,-1.784721,53.642354,2,2023
2022131210967,-1.5735,53.80904,3,2022
2022131185545,-1.470387,53.669151,3,2022
2022131244984,-1.489785,53.68341,3,2022
2023010437710,-0.278547,51.609983,2,2023
2024010489999,-0.22144,51.58819,3,2024
2022010390317,-0.128441,51.310643,2,2022
2023010427514,-0.104947,51.413789,2,2023
2022010399205,-0.314249,51.511668,3,2022
2023010475157,-0.057889,51.629372,3,2023
2022010372085,-0.233372,51.506467,3,2022
2023010458257,-0.226632,51.490044,3,2023
2024010490599,-0.14264,51.59095,3,2024
2023010482652,0.211244,51.587488,3,2023
2022010390805,-0.410353,51.431818,2,2022
2023010449708,-0.27797,51.490422,3,2023
2024010541646,-0.35474,51.47087,3,2024
2024010487654,-0.1122,51.55704,2,2024
2024010524465,-0.29497,51.42581,3,2024
2022010384282,-0.0159,51.445688,3,2022
2023010445043,-0.060461,51.440426,3,2023
2023010438381,0.093067,51.561355,2,2023
2022010413115,-0.343652,51.42924,3,2022
2023010452482,-0.237478,51.470271,3,2023
2022010356758,-0.016889,51.529103,3,2022
2022010363943,-0.020575,51.526206,3,2022
2023010464742,-0.034763,51.518459,3,2023
2022010370205,-0.154153,51.475994,3,2022
2024010518754,-0.23095,51.46362,2,2024
2022010404465,-0.161716,51.514259,3,2022
2023010436620,-0.190817,51.530197,3,2023
2024010491283,-0.18987,51.5247,3,2024
2022351192512,0.137703,52.186393,3,2022
2022302201805,-1.423822,53.236719,3,2022
2022471207978,0.154241,51.044518,2,2022
2023471297302,0.392022,51.002621,3,2023
2024421493649,0.67449,51.77789,2,2024
2022440146679,-1.655973,50.755352,3,2022
2023440108368,-1.520799,50.926111,3,2023
2023440234722,-1.383725,50.969118,2,2023
2023461381663,1.315124,51.123848,3,2023
2024461459194,0.49811,51.26852,3,2024
2023041357803,-2.28658,53.70451,2,2023
2023041375877,-2.702995,53.760116,2,2023
2023320355293,-0.023001,52.974568,2,2023
2024320713066,0.33757,53.14329,3,2024
2023311366652,-1.201882,52.926712,3,2023
2023311392179,-1.262915,53.127155,3,2023
2023430272918,-1.244007,51.749887,3,2023
2024430578652,-1.32373,51.94432,3,2024
2024371550173,1.0499,52.14577,3,2024
2022451220716,-0.34769,51.378697,3,2022
2024451425134,-0.33543,51.23177,3,2024
2022231227339,-1.394762,52.374806,3,2022
2024231452984,-1.31546,52.35376,3,2024
2022221186898,-2.314196,52.376286,3,2022
2022991226885,-3.090948,55.900405,3,2022
2023991268064,-3.091226,55.911993,2,2023
2022991143426,-4.611,55.498955,2,2022
2022991179285,-3.491488,55.908892,2,2022
202360A191544,-3.839511,53.317146,3,2023
2023610004323,-2.986257,51.5923,3,2023
2022161202233,-0.294705,53.754088,3,2022
2022161155720,-0.422425,53.734039,3,2022
2022161268939,-0.053567,53.554232,3,2022
2024302401316,-1.49764,52.88793,3,2024
2023311347282,-1.181742,52.984998,3,2023
2023311391126,-1.139057,52.939677,3,2023
2023501282580,-3.537834,50.484077,2,2023
2022547879022,-1.774693,51.559221,3,2022
2023548036123,-1.770103,51.562638,3,2023
2022401135627,-0.45558,51.890779,3,2022
2023421327841,0.651696,51.55155,3,2023
2023430516028,-0.879526,51.455315,3,2023
2022471168611,-0.179626,50.848576,3,2022
2023471355376,-0.12654,50.834687,2,2023
2024471515939,-0.2171,50.83862,3,2024
2022440084096,-1.084247,50.80329,3,2022
2023440375740,-1.081407,50.787459,3,2023
2024070960510,-2.901,53.16869,1,2024
2024221531411,-2.71592,52.36484,3,2024
202354D067723,-1.848714,51.544036,1,2023
2022101191855,-1.889685,55.016832,3,2022
2023552301249,-1.698432,50.75073,3,2023
2022552200910,-2.027043,50.738212,3,2022
2024430526679,-0.61965,51.72145,3,2024
2024302400955,-1.41337,53.14413,3,2024
2023471267083,-0.01419,50.868434,2,2023
2023471270445,0.096831,50.965763,3,2023
2022531238041,-2.249293,51.865707,3,2022
2022440019273,-0.762184,51.236677,2,2022
2022411206889,-0.270266,51.65913,3,2022
2023411359718,-0.486305,51.67534,1,2023
2022461191105,1.084398,51.273596,3,2022
2023461366044,1.10045,51.141786,3,2023
2024461522465,0.47182,51.29439,3,2024
2022041174250,-2.674722,53.609626,3,2022
2023041356729,-2.771199,54.131152,2,2023
2024332400494,-1.16339,52.57572,2,2024
2023361357808,1.691926,52.569704,3,2023
2023361388158,1.268039,52.614677,3,2023
2024361508729,1.23622,52.63083,3,2024
2024361463730,1.10675,52.47809,2,2024
2022311177411,-1.30791,53.020255,2,2022
2024211424156,-2.11605,52.72489,2,2024
2024211496985,-2.19238,52.63115,3,2024
2023211373323,-1.697854,52.627202,3,2023
2022451204052,-0.45576,51.377041,2,2022
2024471538839,-0.54519,50.82155,3,2024
2023411330977,0.167279,51.864624,3,2023
2024411498280,-0.07655,51.79636,3,2024
2023411287396,-0.207757,51.910626,3,2023
2024411526611,-0.17519,51.89202,2,2024
2023061295918,-2.312542,53.608109,3,2023
2024061402703,-2.40025,53.53644,3,2024
2022061160218,-2.188641,53.418408,3,2022
2023061338795,-2.294127,53.454886,3,2023
2022052200160,-2.955562,53.395622,2,2022
2023052301339,-2.928543,53.40006,3,2023
2023052302907,-2.925099,53.401462,2,2023
2024141458141,-1.13759,53.5242,3,2024
2024141485811,-1.08335,53.47999,2,2024
2022141244161,-1.508118,53.36054,3,2022
2022201263851,-1.90771,52.458595,3,2022
2023201291670,-1.847413,52.437865,3,2023
2023201344127,-1.506012,52.409638,2,2023
2022201274002,-2.057389,52.452674,3,2022
2024201403139,-2.03953,52.47667,2,2024
2023201271264,-2.114777,52.57681,2,2023
2024131457783,-1.75617,53.91841,2,2024
2024131433095,-1.54366,53.79935,2,2024
2024131444220,-1.69229,53.80436,3,2024
2023131310227,-1.304161,53.730105,3,2023
2023131371353,-1.486745,53.690578,3,2023
2023481374262,-0.087704,51.516763,2,2023
2023010473819,-0.175448,51.631455,3,2023
2023010422171,0.103369,51.448087,2,2023
2024010541674,-0.24845,51.54235,3,2024
2023010433839,-0.048573,51.398611,2,2023
2024010512046,0.01535,51.40849,3,2024
2024010496001,-0.14087,51.54931,3,2024
2022010393107,-0.054859,51.540026,3,2022
2023010441676,-0.074592,51.556979,2,2023
2023010475763,0.177949,51.575305,3,2023
2024010496836,-0.37294,51.45748,3,2024
2022010417116,-0.109787,51.548037,2,2022
2023010480736,-0.209832,51.519185,3,2023
2022010407770,-0.302208,51.42032,3,2022
2023010449903,-0.119409,51.486413,3,2023
2024010500256,-0.11389,51.48692,2,2024
2024010524351,-0.11068,51.46839,3,2024
2024010546933,-0.10463,51.43652,2,2024
2023010453699,-0.060507,51.428134,2,2023
2022010409257,0.020809,51.530986,3,2022
2024010549593,0.07293,51.57942,3,2024
2024010532690,-0.22658,51.38022,3,2024
2023010440251,-0.071896,51.52011,3,2023
2023010453862,-0.064676,51.52652,3,2023
2024010497177,-0.16912,51.4704,2,2024
2023010445718,-0.141559,51.493573,3,2023
2023010463569,-0.153559,51.536333,2,2023
2024010525378,-0.15915,51.51035,3,2024
2024010550700,-0.18968,51.5352,2,2024
2022991127890,-4.349884,55.829088,3,2022
2024991414002,-4.23126,55.82857,2,2024
202260B073026,-3.488265,53.319736,2,2022
2024631443427,-3.97736,52.40349,2,2024
202263A094622,-4.182434,51.739976,3,2022
202363C017823,-4.484477,52.013142,3,2023
2022622200872,-3.465498,51.582617,2,2022
2022070645375,-2.591614,53.395743,2,2022
2022041234447,-2.47171,53.757628,3,2022
2023041447729,-2.47477,53.754569,3,2023
2024161531062,-0.30564,53.75746,3,2024
2023161366201,-0.630598,53.568038,3,2023
2022122200810,-1.063455,53.963778,3,2022
2023311296410,-1.210872,52.976304,3,2023
2024311448482,-1.19115,52.99553,3,2024
2022522203207,-2.574135,51.460662,3,2022
2024522402746,-2.54178,51.46586,3,2024
2022522204024,-2.957214,51.322031,3,2022
2023501352981,-3.559947,50.433004,2,2023
2023544233223,-1.762219,51.564124,3,2023
2024351460283,-0.23971,52.57978,3,2024
2022401210641,-0.47358,51.904636,3,2022
2023421333405,0.755244,51.544342,2,2023
2024430038665,-1.0079,51.45989,2,2024
2022440030619,-1.043307,50.81503,2,2022
2024440171753,-1.07256,50.83603,3,2024
2024440231362,-1.07829,50.78016,3,2024
2022070187479,-2.117574,53.27007,3,2022
2022221261495,-2.481345,52.378564,3,2022
202454A775324,-1.83578,51.41242,2,2024
2023401296556,-0.458585,52.139756,2,2023
2022552201212,-1.866132,50.72232,3,2022
2023552301204,-1.888394,50.767622,2,2023
2024552401429,-1.81894,50.72735,3,2024
2024552400673,-2.93164,50.72517,3,2024
2022430040151,-0.893121,51.657632,2,2022
2023061396201,-2.196408,53.555973,2,2023
2022052200167,-2.926486,53.398827,3,2022
2024052402877,-2.96261,53.39939,3,2024
2024052401018,-2.73958,53.45475,3,2024
2024052402673,-3.02306,53.48237,3,2024
2022141148611,-1.456853,53.534966,3,2022
2023141296970,-1.333151,53.460814,3,2023
2023101275316,-1.606223,54.9858,3,2023
2023101295113,-1.587195,54.980669,3,2023
2023201316255,-1.888409,52.426538,2,2023
2024201477882,-2.13382,52.49136,3,2024
2022201245053,-2.167701,52.613506,3,2022
2024131424054,-1.76545,53.736,2,2024
2023131278110,-1.778863,53.640429,3,2023
2024131531208,-1.48706,53.75532,3,2024
2024481510874,-0.08438,51.51551,3,2024
2022010414374,-0.254247,51.542767,3,2022
2024010549416,-0.12015,51.51613,3,2024
2024010539345,-0.10417,51.36469,2,2024
2024010530808,-0.25075,51.51919,3,2024
2024010507914,0.09038,51.48794,3,2024
2022010396026,-0.075926,51.545211,3,2022
2022010363220,-0.123908,51.569414,2,2022
2024010538705,-0.09689,51.5399,3,2024
2022010414682,-0.159657,51.499191,3,2022
2022010400887,-0.103993,51.465338,2,2022
2022010403196,-0.123692,51.471203,3,2022
2024010494974,-0.11222,51.48195,2,2024
2024010532016,-0.11379,51.46591,2,2024
2022010407651,-0.222566,51.390804,3,2022
2023010462198,-0.17029,51.399819,3,2023
2024010533266,-0.19232,51.4129,3,2024
2022010397966,0.055059,51.550993,3,2022
2022010379277,-0.087959,51.448009,3,2022
2023010420164,-0.08554,51.493787,3,2023
2023010466278,-0.192257,51.36481,3,2023
2023010478628,-0.022337,51.517162,3,2023
2022010388021,-0.152277,51.444023,3,2022
2024010546807,-0.15998,51.45437,3,2024
2022010370820,-0.163244,51.521405,3,2022
2023010453611,-0.163881,51.520615,3,2023
2023351284331,0.016208,52.083858,3,2023
2023351372092,0.156554,52.237942,3,2023
2023501324975,-3.202449,50.792526,3,2023
2024471397228,0.48391,50.9173,3,2024
2024471464358,0.49942,50.84552,3,2024
2022421197537,0.158686,51.793121,3,2022
2024421514931,0.46861,51.74054,3,2024
2024421528197,0.81463,51.62866,3,2024
2022440186821,-1.124767,50.85173,3,2022
2022440337614,-1.366835,50.96909,3,2022
2023440207881,-1.33052,51.062112,3,2023
2024440518281,-1.21311,50.82463,3,2024
2022461174852,1.20413,51.227967,3,2022
2022041199225,-3.047286,53.876168,3,2022
2023041286793,-2.285778,53.704629,3,2023
2023041321545,-2.381969,53.744726,2,2023
2022332200843,-1.171318,52.575703,2,2022
2023332300522,-1.344562,52.641786,2,2023
2022361225898,1.186001,52.652024,3,2022
2023361378773,0.749352,52.416031,3,2023
2024361510134,1.23775,52.39788,3,2024
2023311295373,-1.195832,53.165356,3,2023
2024311405995,-0.84545,53.32363,3,2024
2022430038271,-1.270001,51.777358,2,2022
2022211199119,-1.777494,52.712537,3,2022
2022371218682,1.338429,51.972451,2,2022
2024371438796,1.02769,52.20373,2,2024
2022471243908,-0.392225,50.822705,3,2022
2024221522156,-2.20518,52.1723,3,2024
2023991374607,-3.818567,55.997891,3,2023
2024991450863,-3.27574,57.64404,2,2024
2024991511753,-3.18869,55.94861,1,2024
202260B059468,-3.02836,53.070417,3,2022
2023631317210,-4.600424,52.13232,2,2023
2024622400518,-3.2032,51.43644,3,2024
2023610029123,-3.090684,51.603667,2,2023
2023610050123,-3.199321,51.590271,3,2023
2023610021123,-2.999542,51.589841,3,2023
2023161378452,-0.415891,53.727606,2,2023
2023161391544,-0.38256,53.743737,3,2023
2024122500004,-1.0782,53.96298,3,2024
2022311169116,-1.177041,52.955669,3,2022
2023311367265,-1.16968,52.946727,3,2023
2022522205527,-2.609238,51.463596,3,2022
2024522401818,-2.61256,51.46764,3,2024
2022430353196,-0.832906,52.048434,3,2022
2024471490920,-0.18386,50.82942,3,2024
2024471502785,-0.16243,50.82372,3,2024
2023440290723,-1.295047,50.696274,2,2023
2022111191594,-1.330376,54.70167,3,2022
2022111243715,-1.436306,54.683237,2,2022
2022221144160,-2.756006,52.704967,3,2022
2022501175684,-4.733914,50.469114,3,2022
202234NNC3272,-0.729556,52.267294,2,2022
2024340NN4282,-0.68948,52.30338,3,2024
2024122400417,-1.01916,53.71002,3,2024
2023061376224,-2.245392,53.501233,3,2023
2023061365186,-2.25861,53.48339,3,2023
2022061172378,-2.216741,53.372779,2,2022
2022061212113,-2.083772,53.466113,3,2022
2022061255994,-2.092669,53.477198,3,2022
2022061135616,-2.304889,53.466841,2,2022
2024061531630,-2.62855,53.54357,2,2024
2023052302064,-2.859197,53.346547,3,2023
2023052302635,-2.733004,53.452459,2,2023
2023101328743,-1.455034,55.058365,2,2023
2024201398861,-1.89198,52.46476,2,2024
2022201155756,-1.574967,52.398039,3,2022
2022201217427,-1.829318,52.41541,3,2022
2024201494010,-2.01973,52.5725,2,2024
2023201421354,-2.068463,52.580756,3,2023
2023131366802,-1.798191,53.80553,2,2023
2023131307022,-1.656736,53.69328,3,2023
2023131309031,-1.650798,53.68796,3,2023
2022131213783,-1.545082,53.799723,3,2022
2024131396929,-1.53137,53.81869,3,2024
2024131535251,-1.57158,53.80553,3,2024
2022131188114,-1.468004,53.66843,3,2022
2023131355611,-1.390457,53.699475,3,2023
2024131426649,-1.51254,53.67951,3,2024
2023010476320,-0.277746,51.621625,3,2023
2023010483835,-0.31127,51.562602,3,2023
2022010396909,-0.148335,51.546026,3,2022
2022010413263,-0.102288,51.397775,3,2022
2023010437066,-0.308724,51.512604,3,2023
2023010485633,-0.075294,51.620963,2,2023
2022010389721,0.102941,51.502348,3,2022
2022010359306,-0.110232,51.597161,2,2022
2023010452634,-0.445114,51.529095,3,2023
2022010399976,-0.26711,51.487735,3,2022
2023010429660,-0.111396,51.532515,3,2023
2023010436925,-0.107036,51.536824,3,2023
2022010391799,-0.120782,51.494717,2,2022
2023010473159,0.018838,51.575714,3,2023
2022010399013,-0.080435,51.477094,3,2022
2024010519025,-0.09039,51.49971,3,2024
2024010527887,-0.16979,51.35654,3,2024
2022010390823,-0.04148,51.532897,3,2022
2023010473754,-0.123185,51.506707,3,2023
2024010489492,-0.17046,51.50963,2,2024
2024010521720,-0.14615,51.49474,3,2024
2024010538367,-0.16509,51.5222,2,2024
2022351161338,0.177654,52.484802,3,2022
2022351245317,-0.302421,52.284746,3,2022
2023351274382,0.260832,52.400741,2,2023
2023351366540,0.119694,52.21283,3,2023
2023471316739,0.159022,51.059889,3,2023
2024421461414,0.41209,51.72911,2,2024
2022440292037,-0.940542,50.855581,3,2022
2022440460637,-1.170555,50.812281,3,2022
2023440061413,-1.36392,50.825644,2,2023
2022411249324,-0.384068,51.698059,1,2022
2024411423069,-0.03275,51.68446,3,2024
2022461182857,0.477043,51.331909,3,2022
2022461222274,0.645575,51.110164,2,2022
2022041152492,-2.727288,53.770218,3,2022
2023041293754,-3.037267,53.913197,3,2023
2022332200279,-0.839979,52.906812,3,2022
2023361322919,1.732925,52.608641,3,2023
2023361388251,1.30228,52.636733,3,2023
2024361496412,1.28214,52.61264,3,2024
2024430557499,-1.26492,51.77709,3,2024
2024211477721,-2.1237,52.82994,3,2024
2022451147613,-0.41854,51.387183,3,2022
2024451398770,-0.56122,51.23775,3,2024
2022471171475,-0.423254,50.812391,2,2022
2023471344031,-0.338113,50.834016,3,2023
2023991324241,-2.103244,57.119284,3,2023
2023991311003,-3.212073,55.920594,3,2023
2022991243212,-4.404465,55.906164,2,2022
2024991525755,-3.16986,56.12179,2,2024
2022991168705,-4.208049,55.862705,2,2022
202260B158203,-4.117087,53.143761,3,2022
202460Q181935,-3.76888,53.31426,3,2024
202263C049022,-4.962201,51.813626,2,2022
2022622200622,-3.955222,51.630053,3,2022
2022622200373,-3.323285,51.594954,2,2022
2023170H10163,-1.236181,54.673721,3,2023
2023041343491,-2.466519,53.758664,3,2023
2022161177222,-0.359698,53.765405,3,2022
2022161245525,-0.364981,53.778583,3,2022
2023161328361,-0.26805,53.780737,3,2023
2024161403953,-0.35684,53.75069,3,2024
2023161351134,-0.436531,53.748579,3,2023
2023161274296,-0.145277,53.572249,3,2023
2023122301324,-1.123695,53.954993,2,2023
2024302400357,-1.51559,52.91196,2,2024
2024302400560,-1.46223,52.90489,3,2024
2024332400557,-1.16388,52.66034,3,2024
2022311238264,-1.148717,52.948646,3,2022
2024311455287,-1.18103,52.96509,3,2024
2022522201937,-2.476963,51.435894,3,2022
2022501270881,-4.179275,50.405212,3,2022
2023501260483,-4.144365,50.374471,3,2023
2024541200824,-1.76063,51.55807,3,2024
2023461330025,0.520929,51.347044,3,2023
2022430145422,-0.759207,51.421705,3,2022
2023430250417,-0.717162,51.525587,3,2023
2024471476281,-0.18189,50.83284,2,2024
2024471491317,-0.10961,50.85304,3,2024
2022440085978,-1.424008,50.93731,3,2022
2024440161805,-1.41867,50.90885,3,2024
2022440099479,-1.178989,50.631288,2,2022
2023111332657,-1.582128,54.777639,3,2023
2022070499437,-2.172412,53.222767,2,2022
2023552301033,-1.937814,50.690366,3,2023
2023552300390,-2.076533,50.757865,3,2023
2024430341946,-0.81479,51.82321,3,2024
2023340WN0282,-0.804776,52.258055,2,2023
2024122400248,-1.07018,53.77982,3,2024
2023520400097,-3.100551,51.010886,3,2023
2024302401114,-1.3989,53.26044,3,2024
2022471234075,0.014147,50.788535,2,2022
2023471277893,0.010752,50.872711,2,2023
2023471316726,0.241695,50.864914,3,2023
2024440095450,-0.96683,50.88686,3,2024
2024440015764,-1.40411,50.95603,2,2024
2022411239331,-0.410157,51.662555,3,2022
2022461247404,0.183679,51.276621,3,2022
2022461198641,1.379657,51.385703,2,2022
2022361197228,1.249207,52.7952,2,2022
2022122300073,-1.070142,53.780875,3,2022
2024311508265,-1.04907,53.42064,2,2024
2024311411726,-1.15066,52.92643,3,2024
2024211519417,-2.21899,53.03812,3,2024
2024371498000,1.193,52.0601,3,2024
2022451223789,-0.723892,51.321675,3,2022
2022451182216,-0.070469,51.297408,2,2022
2023451314592,-0.572735,51.311837,3,2023
2023471325495,-0.274463,50.831698,3,2023
2022471239434,-0.16454,51.116239,3,2022
2024471444598,-0.19937,51.12768,3,2024
2022471186548,-0.370784,50.820726,3,2022
2022061215508,-2.277923,53.445685,3,2022
2022061232795,-2.246659,53.477995,2,2022
2024061501510,-2.0866,53.54674,3,2024
2022061156775,-2.43572,53.526047,3,2022
2022052201666,-2.941553,53.395958,3,2022
2023052301284,-2.944248,53.377096,2,2023
2022052202043,-3.015762,53.642092,3,2022
2023052300721,-3.014745,53.383223,3,2023
2022141225887,-1.437023,53.560348,3,2022
2023101314998,-1.573618,54.986427,3,2023
2023201454323,-1.91715,52.408168,3,2023
2024201481153,-1.5079,52.41832,3,2024
2023201274648,-1.786257,52.396416,2,2023
2022131258626,-1.773028,53.808819,2,2022
2023131389409,-1.733177,53.806958,3,2023
2024131424164,-1.76048,53.80163,3,2024
2023131333765,-1.800079,53.647801,3,2023
2023131285924,-1.542298,53.79742,2,2023
2023131301348,-1.557044,53.771042,3,2023
2023131388775,-1.629411,53.847362,2,2023
2024131465601,-1.58392,53.80712,3,2024
2024101434085,-1.57238,54.88208,3,2024
2022481292397,-0.082551,51.513504,2,2022
2024010487756,0.11758,51.53236,2,2024
2023010429758,-0.27361,51.63811,1,2023
2023010456146,-0.219118,51.566761,3,2023
2024010495434,-0.18721,51.60562,3,2024
2023010437261,0.153575,51.49776,3,2023
2023010426350,-0.129101,51.524453,3,2023
2023010479206,-0.156942,51.551098,3,2023
2024010504451,-0.1197,51.51634,3,2024
2023010427588,-0.065151,51.390055,3,2023
2022010373190,-0.248511,51.530299,2,2022
2022010413512,-0.371816,51.50374,3,2022
2022010376132,-0.047136,51.641873,3,2022
2023010456048,-0.085145,51.652228,3,2023
2022010390417,0.069487,51.48047,3,2022
2023010454889,-0.054237,51.550906,2,2023
2022010412158,-0.227016,51.496857,3,2022
2024010495068,0.21112,51.5917,3,2024
2023010444460,-0.31554,51.489943,2,2023
2022010390067,-0.107892,51.549211,3,2022
2024010549600,-0.08457,51.52209,3,2024
2023010453859,-0.201351,51.512392,3,2023
2024010512988,0.01937,51.44268,3,2024
2024010518502,-0.01629,51.43809,3,2024
2023010436511,0.1156,51.596401,3,2023
2023010455614,-0.241005,51.465027,3,2023
2022010354014,-0.08984,51.504981,3,2022
2023010443545,0.008065,51.574235,2,2023
2022010374324,-0.233159,51.467634,3,2022
2022010364805,-0.129445,51.488597,3,2022
2023991366319,-3.175623,55.972965,3,2023
2022991233659,-4.31721,55.863915,2,2022
2023991302519,-4.365652,55.883089,2,2023
2022622200185,-3.17327,51.476086,2,2022
202417H103024,-1.2099,54.67289,2,2024
2023170S30543,-1.305575,54.532666,2,2023
2023070443437,-2.72319,53.36496,3,2023
2022161234612,-0.344424,53.781887,3,2022
2024332400816,-0.72263,52.58605,3,2024
2024501405926,-4.08518,50.35202,3,2024
2024401490638,-0.42816,51.8853,2,2024
2023421376977,0.698438,51.541104,3,2023
2023421382470,0.656759,51.550059,2,2023
2023430067821,-0.684175,52.04257,3,2023
2024471513717,-0.10523,50.81979,2,2024
2024471518422,-0.13673,50.83164,3,2024
2023440409170,-1.081309,50.787395,2,2023
2024401465689,-0.46539,52.13006,3,2024
2023552301471,-1.705187,50.740532,2,2023
2022430447393,-0.751602,51.62664,3,2022
2023031356655,-2.915029,54.874183,3,2023
2022061194459,-2.547572,53.600874,3,2022
2023061337741,-2.115358,53.537347,2,2023
2022061182451,-2.164295,53.608917,3,2022
2023061356456,-2.169644,53.593423,3,2023
2024061464539,-2.16788,53.39717,3,2024
2022061214047,-2.265794,53.4659,3,2022
2024061467733,-2.35366,53.38648,2,2024
2022061194442,-2.655466,53.523713,2,2022
2023052301243,-2.884866,53.484806,3,2023
2022052201048,-2.98572,53.400438,3,2022
2022052202922,-2.849515,53.348361,3,2022
2024052400071,-2.97694,53.39533,3,2024
2024052401140,-2.74328,53.45298,3,2024
2023201279280,-1.798545,52.567157,3,2023
2024201486707,-1.93519,52.64663,3,2024
2022131225313,-1.907623,53.709698,3,2022
2024131521370,-1.52148,53.81259,2,2024
2024131458438,-1.27663,53.60655,2,2024
2024481507967,-0.07603,51.51376,3,2024
2022010365387,0.178142,51.48057,2,2022
2022010363618,-0.242962,51.548956,2,2022
2023010448565,-0.204142,51.533387,3,2023
2022010365943,-0.122215,51.523633,3,2022
2022010368596,-0.121514,51.526661,3,2022
2022010416236,-0.312449,51.512028,3,2022
2023010438293,-0.246821,51.506713,2,2023
2022010369538,-0.075292,51.550309,3,2022
2023010479859,-0.088084,51.533855,3,2023
2022010404455,-0.21052,51.494286,3,2022
2024010522674,-0.21749,51.50259,3,2024
2024010516120,-0.11073,51.59826,3,2024
2024010518976,-0.07262,51.57624,2,2024
2022010360492,-0.480254,51.501158,3,2022
2022010413933,-0.4076,51.443974,3,2022
2024010546215,-0.10944,51.56262,3,2024
2023010467885,-0.280834,51.414991,3,2023
2024010535612,-0.25835,51.39926,3,2024
2022010367265,-0.111952,51.47864,2,2022
2022010384015,-0.099103,51.436113,3,2022
2023010475174,-0.041095,51.480059,3,2023
2024010553770,-0.02341,51.47728,3,2024
2023010460775,-0.187206,51.415945,3,2023
2022010407739,-0.074346,51.507111,3,2022
2023010455959,-0.016912,51.619748,2,2023
2022010368933,-0.227055,51.468369,3,2022
2023010425405,-0.163477,51.460763,3,2023
2023010453931,-0.156036,51.497507,3,2023
2024421471918,0.70483,51.83981,3,2024
2024421489398,0.45392,51.57222,3,2024
2024440107632,-1.20876,50.86036,3,2024
2023411380897,-0.411887,51.716026,2,2023
2024411490008,-0.2668,51.66573,3,2024
2022461255100,0.06985,51.2668,3,2022
2023461309102,0.43834,51.321642,3,2023
2024461408667,0.2745,51.19502,3,2024
2022041184256,-2.876582,53.566808,3,2022
2023041281028,-2.195105,53.692362,2,2023
2024041560228,-2.22852,53.78799,2,2024
2023361373278,1.720686,52.659056,3,2023
2024361471499,1.24207,52.59083,3,2024
2022991192016,-1.777912,57.509353,3,2022
202417S113924,-1.30392,54.5865,3,2024
2022070856741,-2.768275,53.370862,2,2022
2024041403353,-3.05274,53.81965,3,2024
2022161172391,-0.316516,53.751808,3,2022
2023161335581,-0.301441,53.761177,3,2023
2022161240866,-0.067321,53.532673,3,2022
2024161401953,-0.06055,53.5702,2,2024
2022311217094,-1.142067,52.988404,3,2022
2023311321849,-1.187931,52.992546,2,2023
2024311505452,-1.19462,53.00391,2,2024
2024311526127,-1.23037,52.94945,3,2024
2023211348763,-2.163074,53.023872,3,2023
2023522300068,-2.575603,51.469808,3,2023
2024522403276,-2.59036,51.47662,3,2024
2022501180370,-4.148587,50.412187,3,2022
2022501207840,-4.059198,50.389565,2,2022
2024501517258,-4.16215,50.36944,3,2024
2023430461938,-0.949722,51.413774,3,2023
2023440384828,-1.07607,50.827911,3,2023
2022501235613,-5.217045,50.247722,3,2022
2023401288515,-0.53515,51.862808,3,2023
2024122401199,-1.34553,54.23084,3,2024
2023061326212,-2.258398,53.426259,3,2023
2023061338976,-2.227102,53.463949,2,2023
2023061393368,-2.346007,53.377202,3,2023
2023061340116,-2.542403,53.512262,3,2023
2024061417227,-2.65464,53.53836,2,2024
2023052300711,-3.06409,53.378461,3,2023
2024141500030,-1.49988,53.40191,2,2024
2023101352863,-1.622522,55.02407,3,2023
2024101512492,-1.45055,54.96173,3,2024
2022201250218,-1.951384,52.450701,3,2022
2022201198548,-1.899822,52.504078,3,2022
2024201448169,-1.83226,52.44494,3,2024
2022201212759,-2.029122,52.475933,3,2022
2022201276894,-1.964241,52.510012,3,2022
2024201456025,-2.03148,52.47699,3,2024
2022201275887,-1.977893,52.582815,3,2022
2023131305315,-1.776008,53.811,3,2023
2024131463656,-1.84206,53.76888,3,2024
2024131468830,-1.76024,53.73423,2,2024
2023131342833,-1.61444,53.795912,2,2023
2023010447797,-0.172058,51.59752,3,2023
2024010538229,0.18823,51.4626,3,2024
2023010485612,-0.294909,51.54332,2,2023
2022010385487,-0.050596,51.416972,3,2022
2023010433131,-0.093138,51.347105,3,2023
2024010502839,-0.07289,51.56996,3,2024
2023010478611,-0.219763,51.504409,3,2023
2022010396068,-0.123475,51.586924,2,2022
2022010360584,-0.365536,51.474284,3,2022
2023010433279,-0.410879,51.479269,2,2023
2024010502590,-0.34373,51.47519,3,2024
2023010483603,-0.111417,51.532704,3,2023
2023010467419,-0.172184,51.489639,3,2023
2022010382097,-0.116177,51.494229,3,2022
2024010492452,-0.12612,51.43908,3,2024
2023010438733,-0.032921,51.484256,3,2023
2023010438698,0.025075,51.606595,3,2023
2022010367640,-0.061605,51.492234,3,2022
2023010432228,-0.061546,51.464086,3,2023
2024010516877,-0.09581,51.4883,3,2024
2022010415626,-0.041186,51.512875,2,2022
2023010447398,-0.051514,51.520771,3,2023
2024010518342,-0.00931,51.49633,3,2024
2023010483799,0.012231,51.569244,3,2023
2024010537808,-0.17398,51.45884,3,2024
2022010409017,-0.129361,51.488541,3,2022
2023010456549,-0.150704,51.514994,3,2023
2022351212203,0.127345,52.207837,2,2022
2022031183568,-2.945017,54.894991,2,2022
2022501244597,-3.534224,50.726418,3,2022
2024501496646,-3.53615,50.69944,3,2024
2023440084361,-1.386151,50.965489,3,2023
2023440461903,-1.502946,51.208491,3,2023
2022411290984,-0.211917,51.796267,3,2022
2023041297030,-2.627727,53.653098,3,2023
2023041343228,-2.70863,53.634346,3,2023
2023332300853,-1.130579,52.579996,3,2023
2024320609292,-0.02486,52.97326,3,2024
2024361405780,1.72838,52.62311,2,2024
2022430277696,-1.263016,51.76211,2,2022
2023430390308,-1.244463,51.750322,3,2023
2024430535497,-1.24148,51.75032,3,2024
2022211156823,-1.99133,52.698901,3,2022
2022451238522,-0.264377,51.33422,3,2022
2023231303359,-1.505841,52.472325,2,2023
2022471207503,-0.33206,50.818155,3,2022
2024471420479,-0.79511,50.79009,3,2024
2023991358538,-3.217719,55.922525,3,2023
2024991456122,-3.19423,55.93558,3,2024
2023991263324,-4.423387,55.844765,3,2023
2023991371368,-4.522692,55.826832,3,2023
2024991523465,-4.24252,55.88703,2,2024
202260B030482,-3.048019,53.21545,2,2022
2022622200359,-3.941542,51.62065,3,2022
2023622300261,-3.152809,51.497797,3,2023
2023161319563,-0.200731,54.080062,2,2023
2024161413024,-0.19108,54.08225,2,2024
2023161326392,-0.070774,53.574873,2,2023
2023522301057,-2.584195,51.459398,3,2023
2024522401379,-2.59706,51.45288,3,2024
2024401506429,-0.47635,51.89464,3,2024
2024421529390,0.69534,51.54069,1,2024
2022461214356,0.541392,51.374266,2,2022
2023461335517,0.507998,51.349309,1,2023
2022430460979,-0.759688,51.42198,3,2022
2022430164035,-0.765056,52.059962,1,2022
2023471370863,-0.15888,50.827773,2,2023
2022440138815,-1.371394,50.89713,3,2022
2022070800556,-2.473024,53.090434,3,2022
2023070491758,-2.238644,53.290203,3,2023
2023501350941,-5.50828,50.168402,3,2023
202254B378322,-2.194464,51.263146,3,2022
2022401235089,-0.521575,51.903433,3,2022
2024401462573,-0.25883,52.09473,3,2024
2022552200380,-1.918611,50.726478,2,2022
2024552400308,-1.92311,50.72765,3,2024
2024552401155,-2.01083,50.72048,3,2024
2023340NN2682,-0.596595,52.290964,2,2023
202234WNC6782,-0.847585,52.241731,2,2022
2022501231088,-3.471052,50.733393,3,2022
2023501265141,-3.588144,50.524034,3,2023
2024471452650,0.56754,50.85275,2,2024
2023421388511,0.891314,51.912851,3,2023
2022531227391,-2.235596,51.868055,3,2022
2023440256799,-1.244557,50.855678,3,2023
2022440512819,-0.750588,51.306757,2,2022
2023411384363,-0.208957,51.701095,3,2023
2023461293652,1.394575,51.221837,3,2023
2022461187944,0.086678,51.142611,3,2022
2023041315673,-2.218288,53.835142,3,2023
2023041351799,-2.662727,53.783517,3,2023
2024361480404,1.23672,52.62775,3,2024
2022311201876,-1.214811,53.095799,2,2022
2022311201330,-1.291498,53.070211,2,2022
2024430224584,-1.27987,51.81752,3,2024
2024211490655,-2.23338,53.02537,3,2024
2024211483354,-2.11411,52.81476,3,2024
2022371227833,0.669381,52.100952,3,2022
2022451191254,-0.505232,51.347882,3,2022
2023471331635,-0.554121,50.819536,3,2023
2022061261900,-2.084976,53.495397,3,2022
2022061140399,-2.499444,53.490742,3,2022
2022052200236,-2.783904,53.421484,2,2022
2022052201515,-3.032564,53.387691,3,2022
2024101459110,-1.44129,55.04149,2,2024
2023201267506,-2.110722,52.525239,2,2023
2024201476270,-2.03314,52.47157,2,2024
2024201511489,-2.03961,52.54175,2,2024
2023201383915,-2.096938,52.610708,3,2023
2024131520711,-1.81741,53.61494,2,2024
2024131407388,-1.48159,53.75524,2,2024
2024131444283,-1.70119,53.87458,3,2024
2024131515989,-1.53107,53.80539,3,2024
2022131249967,-1.287839,53.594374,3,2022
2024010490392,0.07958,51.54401,3,2024
2023010437897,0.105728,51.462775,2,2023
2022010406152,-0.251592,51.559003,2,2022
2023010483445,-0.240406,51.548666,3,2023
2024010546231,-0.29525,51.55311,3,2024
2023010444977,-0.101617,51.396982,3,2023
2024010503016,-0.31931,51.51093,3,2024
2022010379712,-0.062645,51.643883,3,2022
2024010516144,-0.23722,51.50643,3,2024
2022010391470,-0.387296,51.602311,1,2022
2023010435739,-0.385963,51.444236,3,2023
2023010452647,-0.282384,51.492564,2,2023
2024010500796,-0.08756,51.52461,3,2024
2022010359627,-0.209069,51.51697,3,2022
2022010383801,-0.170602,51.483095,2,2022
2022010372192,-0.107365,51.471858,3,2022
2024010500650,-0.15828,51.39811,3,2024
2023010447833,0.066289,51.512001,3,2023
2024010513281,0.05101,51.53975,2,2024
2023010478847,0.08241,51.565241,3,2023
2023010485065,0.026627,51.608375,3,2023
2022010361405,-0.077697,51.502481,3,2022
2022010367487,-0.019153,51.50915,3,2022
2024010533318,-0.0145,51.5112,3,2024
2022010374754,-0.2548,51.455153,3,2022
2023010468683,-0.17085,51.462866,3,2023
2022010415399,-0.12615,51.501511,2,2022
2023010438669,-0.158519,51.502743,2,2023
2023010447783,-0.136849,51.494955,3,2023
2023010450141,-0.151704,51.514129,3,2023
2024010492728,-0.12469,51.49465,3,2024
2024010520194,-0.13267,51.515,3,2024
2023991268988,-3.792235,55.996812,2,2023
2024991415963,-4.57687,55.98598,2,2024
2024610004724,-3.20505,51.59073,2,2024
2024610056324,-3.02353,51.55558,3,2024
2022161251044,-0.035503,53.560913,3,2022
2023332300863,-1.151238,52.62595,2,2023
2024311434487,-1.15248,52.95582,3,2024
2024311495703,-1.17501,52.97939,3,2024
2024520001346,-2.38773,51.38068,2,2024
2023522400420,-2.604355,51.455762,3,2023
2024522403416,-2.60703,51.46316,3,2024
2023522400289,-2.504305,51.509726,3,2023
2023401310610,-0.418452,51.874568,2,2023
2023430349270,-0.977299,51.456451,3,2023
2024471449127,-0.10999,50.817,3,2024
2023440250618,-1.099981,50.852297,3,2023
2023111389948,-1.570074,54.621022,3,2023
2024070651810,-2.51282,53.25656,3,2024
2022221243383,-2.728574,52.71963,3,2022
2023501391213,-5.332148,50.169798,2,2023
2022542604822,-2.114788,51.587865,3,2022
2024543628924,-1.78795,51.07307,3,2024
2024552400030,-1.78675,50.73711,2,2024
2024552400404,-1.81786,50.73411,3,2024
2023061274567,-2.259823,53.523997,3,2023
2024061479241,-2.19645,53.50032,3,2024
2022061139050,-2.186255,53.550452,2,2022
2022061246882,-2.260207,53.507952,2,2022
2024061531929,-2.25971,53.48326,3,2024
2024061533395,-2.25141,53.48577,3,2024
2022052200945,-2.950216,53.414218,3,2022
2022052201837,-2.942671,53.408444,3,2022
2022052203014,-2.92335,53.415157,3,2022
2023141312180,-1.407008,53.363757,2,2023
2023201300691,-1.885118,52.46485,3,2023
2024201517498,-1.94618,52.45975,3,2024
2023201291653,-1.497629,52.4074,3,2023
2024131397373,-1.79116,53.80552,2,2024
2022131185602,-1.52509,53.685029,2,2022
2024131397208,-1.51785,53.68264,3,2024
2023010468485,-0.178106,51.644455,3,2023
2022010391204,-0.29648,51.552596,3,2022
2024010540225,-0.21609,51.55608,3,2024
2024010486936,0.09682,51.39059,3,2024
2022010411488,-0.302301,51.515964,3,2022
2024010496005,-0.07435,51.55726,3,2024
2024010496456,-0.08092,51.53103,3,2024
2022010392368,-0.22294,51.489044,3,2022
2023010425929,-0.236311,51.493049,3,2023
2022010381240,-0.119043,51.582384,3,2022
2024010524823,-0.06699,51.57847,3,2024
2022010409086,-0.340499,51.57015,3,2022
2023010473657,-0.412194,51.512306,2,2023
2024010530852,-0.42301,51.56933,3,2024
2022010396611,-0.334403,51.470753,3,2022
2024010513904,-0.31806,51.49299,3,2024
2022010368749,-0.120799,51.531758,3,2022
2023010424812,-0.114063,51.548573,2,2023
2022010361711,-0.299456,51.412313,3,2022
2023010456402,0.047545,51.550675,3,2023
2022010412791,0.069378,51.558197,3,2022
2023010461020,-0.138352,51.357518,3,2023
2022010403743,-0.063343,51.519555,2,2022
2023010462825,-0.056646,51.511972,3,2023
2024011437369,-0.07511,51.50975,3,2024
2024010493127,-0.06185,51.51436,3,2024
2022010358016,-0.174268,51.47282,3,2022
2022010392145,-0.181953,51.457706,3,2022
2024010543451,-0.21635,51.4623,3,2024
2022010360603,-0.187658,51.510247,3,2022
2024010499443,-0.14487,51.49638,3,2024
2024010503336,-0.20441,51.52877,3,2024
2022351188443,0.134142,52.20124,3,2022
2022351192489,0.111369,52.219103,3,2022
2023351319031,0.137642,52.645112,3,2023
2024351540902,0.13926,52.20209,2,2024
2022302200194,-1.437169,53.235785,2,2022
2023302300662,-1.691822,53.290126,3,2023
2024302401402,-1.32788,53.01604,2,2024
2023501294123,-3.528285,50.705038,3,2023
2024421457799,0.94616,51.88916,2,2024
2023411304323,-0.292935,51.81559,3,2023
2024411474258,-0.45581,51.76143,2,2024
2024411531249,-0.46907,51.74197,3,2024
2024461506877,0.94442,50.98876,3,2024
2024461523045,0.236,51.41047,3,2024
2024041425246,-2.39305,53.86815,3,2024
2022361253680,1.725982,52.61352,3,2022
2024361512647,1.72773,52.5651,3,2024
2024311438937,-0.82315,53.39664,2,2024
2022371155623,1.31876,52.348271,2,2022
2022451142942,-0.801503,51.214165,3,2022
2023451376036,-0.081609,51.308895,2,2023
2024451504660,-0.55407,51.24872,3,2024
2024231526012,-1.47103,52.5148,3,2024
2023471262875,-0.021401,51.132637,2,2023
2024221474207,-2.15296,52.36787,2,2024
2022991228086,-4.536993,55.821594,2,2022
2023991317813,-4.588237,55.950451,3,2023
202360A045207,-3.496192,53.316716,3,2023
2022622200211,-3.555416,51.503912,3,2022
2024622400561,-3.56887,51.50378,2,2024
2024610026924,-3.04222,51.57674,3,2024
202417M106224,-1.23155,54.57084,3,2024
2022170L10702,-0.956948,54.55779,3,2022
202417S308324,-1.30455,54.55828,2,2024
2022161252977,-0.374883,53.744226,3,2022
2022522203752,-2.557164,51.426315,3,2022
2023522301507,-2.518019,51.525941,3,2023
2022351256781,-0.264283,52.600057,3,2022
2024430502056,-1.04184,51.45786,3,2024
2023430264329,-0.517814,51.472324,3,2023
2022440015055,-1.078458,50.801842,3,2022
2022070350130,-2.904142,53.279822,2,2022
2022070580853,-2.894084,53.201756,3,2022
2023070671431,-2.908431,53.206232,3,2023
2023221337855,-2.725517,52.698658,3,2023
202254C275222,-2.185783,51.217895,3,2022
2023552300964,-1.942913,50.734442,2,2023
202234WNC7602,-0.915649,52.270975,3,2022
2022061143911,-2.242838,53.468592,3,2022
2023061315897,-2.632228,53.545411,2,2023
2022052201416,-2.966535,53.449135,2,2022
2023052302650,-2.983528,53.43056,3,2023
2022052202186,-2.699645,53.436642,3,2022
2022141193520,-1.477298,53.537367,3,2022
2023101295152,-1.420546,54.991069,3,2023
2023201270662,-2.010643,52.525983,3,2023
2023131302100,-1.924461,53.867548,2,2023
2022131131311,-1.775874,53.644999,3,2022
2022131130397,-1.38077,53.777398,2,2022
2024131443390,-1.51309,53.81431,2,2024
2024131444600,-1.58681,53.81753,2,2024
2023131346050,-1.498169,53.683715,2,2023
2022481225704,-0.088839,51.5134,3,2022
2023481356358,-0.092924,51.512216,3,2023
2022010399020,-0.214112,51.59029,3,2022
2024010510641,-0.20456,51.61331,3,2024
2022010358907,-0.272412,51.544834,2,2022
2024010517908,-0.25335,51.55668,2,2024
2022010367717,-0.138122,51.525235,3,2022
2023010454611,-0.119464,51.404167,3,2023
2024010538000,0.019,51.47708,3,2024
2024010519410,-0.07294,51.60197,2,2024
2023010451148,-0.137941,51.56711,3,2023
2022010375715,-0.161189,51.485808,3,2022
2022010412546,-0.246823,51.399218,3,2022
2023010449392,-0.124532,51.445084,3,2023
2024010487841,-0.03269,51.47582,3,2024
2022010396413,-0.162,51.417971,3,2022
2023010424073,0.045084,51.534738,3,2023
2022010374347,-0.061254,51.474027,3,2022
2024010510249,-0.09214,51.47413,3,2024
2024010516768,-0.0801,51.46167,3,2024
2024010522647,-0.09395,51.47805,2,2024
2024010544463,-0.09591,51.47514,2,2024
2023010480732,-0.055457,51.516862,3,2023
2024010540788,-0.02269,51.517,3,2024
2022010411048,-0.033974,51.58161,2,2022
2023010482689,-0.007966,51.574301,3,2023
2022010360044,-0.140756,51.515412,2,2022
2022010364280,-0.130437,51.512587,3,2022
2023010427985,-0.127592,51.507101,3,2023
2024010535559,-0.17533,51.51576,2,2024
2024351409339,0.12475,52.20215,3,2024
2024351506954,0.14894,52.17942,3,2024
2023302301260,-1.488274,52.987664,3,2023
2022421233586,1.151544,51.811124,2,2022
2022421267243,0.473492,51.56477,3,2022
2023531303762,-2.107418,51.895035,3,2023
2024440274711,-1.22115,50.85045,2,2024
2024440538801,-1.09287,51.26657,2,2024
2022411182859,-0.45198,51.734842,3,2022
2023461350234,1.351821,51.383868,3,2023
2024461464065,0.19775,51.28083,3,2024
2024461528503,0.43515,51.2953,3,2024
2022320636394,-0.76332,53.399474,3,2022
2024320188980,-0.59686,53.39553,3,2024
2024320384115,0.00062,53.36401,3,2024
2024320621262,-0.00848,53.37184,3,2024
2024320701804,-0.36757,52.99612,3,2024
2023361361254,1.285144,52.617963,3,2023
2022311177219,-0.835924,53.112735,3,2022
2024311528917,-1.19991,53.09477,3,2024
2022430161328,-1.158644,51.914898,2,2022
2024430437081,-1.28965,51.64283,3,2024
2022211166349,-2.12183,52.804546,2,2022
2022231245902,-1.573841,52.333314,3,2022
2024231418684,-1.53035,52.56932,3,2024
2024471465580,-0.61873,50.79887,2,2024
2022991136955,-3.291389,57.64703,3,2022
2024991453013,-4.26723,55.86733,2,2024
2023622300497,-3.240276,51.489559,2,2023
202363D010623,-3.320256,52.507172,2,2023
2022170S30932,-1.324601,54.518421,3,2022
2024070060828,-2.57441,53.40586,3,2024
2022041215262,-2.4862,53.743638,3,2022
2022161139045,-0.267264,53.772176,3,2022
2022161252017,-0.318831,53.753845,3,2022
2023161297254,-0.324915,53.746181,3,2023
2024161424063,-0.34843,53.75488,3,2024
2024302401657,-1.47672,52.90547,3,2024
2024332400134,-1.1059,52.63222,3,2024
2022311204688,-1.193327,52.994759,3,2022
2022221248983,-2.435004,52.683458,2,2022
2024522500140,-2.67179,51.50317,3,2024
2022501139571,-4.140199,50.391592,3,2022
2022501171350,-3.499048,50.463304,3,2022
2022351260070,-0.269955,52.613878,3,2022
2022461139175,0.542549,51.37595,2,2022
2024430612290,-0.54748,51.50304,2,2024
2023471314884,-0.130219,50.831841,3,2023
2022440159148,-1.07494,50.822596,1,2022
2024440241121,-1.06905,50.81379,3,2024
2023440191522,-1.427477,50.929495,3,2023
202454E287424,-1.76196,51.16733,3,2024
2022401235605,-0.426628,52.143434,3,2022
2022101247466,-1.909197,55.310202,3,2022
2023340WN1542,-0.898769,52.251309,3,2023
2023340WN5752,-1.14386,52.032474,2,2023
2023061381852,-2.431639,53.583084,3,2023
2022061252222,-2.167514,53.459994,2,2022
2024061422442,-2.16826,53.4841,3,2024
2022052202135,-2.855269,53.42263,3,2022
2023052302987,-2.889089,53.435228,3,2023
2024052400363,-2.95122,53.42699,3,2024
2022052202137,-3.122353,53.397128,3,2022
2023141270608,-1.025653,53.487719,2,2023
2022141149463,-1.486804,53.352342,2,2022
2023141308512,-1.511777,53.384869,3,2023
2024141445240,-1.47729,53.36969,3,2024
2022201143391,-1.850627,52.52286,2,2022
2023201293064,-1.897257,52.4541,3,2023
2023201306584,-1.937465,52.419175,3,2023
2022201226092,-2.099437,52.501821,2,2022
2022201223944,-1.972813,52.491747,3,2022
2023201358454,-2.0398,52.545413,3,2023
2024201560356,-2.13567,52.57492,3,2024
2022131238782,-1.772915,53.815731,3,2022
2024131456925,-2.08658,53.71375,2,2024
2024131455927,-1.65054,53.71927,2,2024
2022131170337,-1.355451,53.738256,3,2022
2024131526306,-1.49508,53.67979,3,2024
2023010437255,-0.246087,51.591096,3,2023
2023010463216,-0.244709,51.56729,2,2023
2024010540234,-0.28641,51.54423,1,2024
2023010419537,-0.097759,51.356551,1,2023
2024010534580,-0.13405,51.616,2,2024
2024010542330,-0.08065,51.64604,3,2024
2023010423534,0.093258,51.487234,3,2023
2022010378631,-0.207163,51.484002,3,2022
2024010489495,-0.22399,51.49384,3,2024
2024010533822,-0.18936,51.47812,3,2024
2024010519930,-0.29426,51.59574,3,2024
2022010382926,0.207968,51.555643,3,2022
2023010464525,-0.146098,51.454105,3,2023
2024010491000,-0.09597,51.44045,3,2024
2024010550557,-0.11915,51.45564,3,2024
2024010491336,-0.02024,51.44505,2,2024
2024010528516,0.00674,51.54255,3,2024
2022010408679,-0.169377,51.356415,2,2022
2022010409043,-0.179557,51.427103,3,2022
2022010416789,-0.203439,51.528916,3,2022
2024010504599,-0.11854,51.51481,3,2024
2024010504204,-0.18867,51.53455,3,2024
2024351521580,0.17878,52.18315,2,2024
2023501283181,-3.579226,50.50115,3,2023
2024501455903,-3.54497,50.73833,3,2024
2024501470599,-3.48089,50.73536,3,2024
2024501515402,-4.1768,51.05778,3,2024
2023471359038,-0.002171,50.791495,3,2023
2023471387705,0.055993,50.795773,2,2023
2023421372099,0.59893,51.777196,3,2023
2024531423794,-2.08551,51.88913,3,2024
2023440409327,-1.512564,50.916266,3,2023
2023440516067,-0.975203,51.147599,2,2023
2024440313399,-0.75289,51.28321,2,2024
2024440398241,-0.86571,51.1137,3,2024
2022411239779,-0.082488,51.793823,3,2022
2024411531292,-0.46237,51.73294,2,2024
2024461453700,1.08163,51.27591,3,2024
2024461516267,1.15221,51.08065,2,2024
2022041245536,-2.747491,53.769896,2,2022
2024041477565,-2.88446,54.05325,2,2024
2023320725473,-0.546434,53.232397,3,2023
2022361212967,1.232516,52.634485,3,2022
2023361372441,1.326528,52.636575,3,2023
2024361450418,1.38352,52.81759,3,2024
2024361490232,1.22356,52.6216,3,2024
2023311375073,-1.250092,53.099694,3,2023
2024311461807,-1.11537,53.09799,3,2024
2022430417954,-1.257617,51.752033,3,2022
2023211359513,-1.656936,52.813526,2,2023
2022451128083,-0.472889,51.427065,3,2022
2023451327049,-0.57134,51.242156,3,2023
2022471216264,-0.456549,51.011258,3,2022
2023471365217,-0.345478,50.818895,2,2023
2022221198887,-2.024187,52.391823,3,2022
2023221262277,-2.059142,52.322901,2,2023
2024991494080,-4.43896,55.83613,3,2024
2022991187688,-3.483455,56.212428,2,2022
2024991400572,-4.30032,55.87074,3,2024
2024622400119,-3.9372,51.62056,3,2024
2022170H10102,-1.218838,54.691809,3,2022
2022041307548,-2.445227,53.74609,3,2022
2022161226733,-0.379404,53.75049,3,2022
2023161387958,-0.210395,54.095631,2,2023
2024161511527,-0.09212,53.56161,2,2024
2023122300135,-1.103127,53.95405,3,2023
2023332301300,-1.093585,52.650605,2,2023
2022311156803,-1.148136,52.955483,3,2022
2024311502673,-1.14741,52.95934,2,2024
2024221474992,-2.43608,52.69516,3,2024
2022211161835,-2.153592,52.965167,1,2022
2022522202983,-2.547036,51.487523,3,2022
2023522400631,-2.506343,51.525947,2,2023
2023522401065,-2.405599,51.540312,3,2023
2023430105303,-0.590535,51.46547,2,2023
2022430191830,-0.837289,51.412569,3,2022
2024430252942,-0.94233,51.42561,3,2024
2024440366493,-1.07971,50.81591,2,2024
2024440100191,-1.30172,50.69572,2,2024
2022221168875,-2.788232,52.53597,3,2022
2024221421861,-2.82087,52.71891,2,2024
2024401406356,-0.5205,51.88567,3,2024
2023101348844,-1.902059,55.310753,3,2023
2023430342921,-0.844807,51.882449,3,2023
2024430576611,-0.80164,51.81589,2,2024
20225222SE293,-3.000848,51.128981,3,2022
2022061192895,-2.237396,53.486796,3,2022
2024061532581,-2.085,53.57731,2,2024
2023061268555,-2.260906,53.506413,3,2023
2022061192409,-2.056565,53.395893,3,2022
2023052302263,-2.94315,53.424656,3,2023
2023052302399,-2.947763,53.396601,3,2023
2024052400707,-2.95582,53.41537,3,2024
2023052302369,-3.036966,53.381981,3,2023
2023141346195,-1.0729,53.561721,2,2023
2022141206274,-1.477023,53.383086,3,2022
2024141512414,-1.4788,53.38269,3,2024
2023101269755,-1.615157,54.971468,3,2023
2022201197484,-1.46211,52.434259,2,2022
2024201457130,-1.47811,52.40606,3,2024
2023201288970,-1.996856,52.607341,2,2023
2023131322173,-1.781637,53.829534,3,2023
2022131208349,-1.629128,53.703705,3,2022
2024131444602,-1.55599,53.81044,2,2024
2023131262700,-1.349313,53.671314,3,2023
2022010359953,-0.220947,51.651442,2,2022
2022010399761,-0.221823,51.54513,3,2022
2022010395518,-0.141011,51.55234,3,2022
2023010467194,-0.128056,51.53271,3,2023
2022010411930,-0.122899,51.410868,3,2022
2022010367854,-0.390351,51.510956,3,2022
2022010359793,0.11952,51.500962,3,2022
2023010470228,-0.076895,51.536253,3,2023
2023010436239,-0.106974,51.593215,3,2023
2023010450103,-0.361193,51.558049,3,2023
2022010391964,-0.418006,51.566248,3,2022
2022010390268,-0.360931,51.463753,3,2022
2022010375061,-0.118052,51.556776,3,2022
2023010420869,-0.107758,51.526386,3,2023
2023010446802,-0.105647,51.531739,3,2023
2022010387555,-0.170224,51.495796,3,2022
2024010523910,-0.2698,51.40209,2,2024
2023010465611,0.010774,51.550592,3,2023
2023010483610,0.035505,51.534941,3,2023
2024010537289,0.03255,51.54077,3,2024
2022010397463,-0.065545,51.452228,3,2022
2022010408285,-0.098398,51.493925,3,2022
2023010462241,-0.072522,51.500148,3,2023
2023010482606,-0.086609,51.483733,3,2023
2024010549628,-0.07364,51.44841,2,2024
2022010358011,-0.022165,51.52778,3,2022
2022010374654,-0.030564,51.525925,3,2022
2023010476896,-0.044989,51.521004,3,2023
2024010516025,-0.02881,51.5149,3,2024
2024010500477,-0.01118,51.56122,2,2024
2022010370843,-0.18963,51.44885,2,2022
2022421156325,1.148331,51.803961,2,2022
2023421345837,0.132547,51.795127,3,2023
2023411333467,-0.325972,51.752474,3,2023
2024411524814,-0.02644,51.70297,3,2024
2022461161029,0.873573,51.150948,3,2022
2024461445387,1.30247,51.13276,3,2024
2023041274942,-2.347214,53.786671,2,2023
2023041370756,-2.735698,53.799145,2,2023
2023041374127,-2.875735,53.781998,3,2023
2024041452244,-3.04636,53.87787,2,2024
2024041490996,-2.66463,53.78294,3,2024
2023320117869,-0.380978,52.806029,3,2023
2024211427332,-1.85894,52.89473,2,2024
2024451413067,-0.55937,51.33256,2,2024
2022471159151,-0.864747,50.966657,2,2022
2024471448746,-0.56976,50.80853,2,2024
2023221382868,-1.937324,52.25835,3,2023
2023991320906,-4.643493,55.610842,3,2023
2024991404019,-3.39794,55.9887,3,2024
202360A025922,-2.973722,53.058669,2,2023
2024041453319,-3.0513,53.81184,3,2024
2024161468497,-0.4469,53.75733,3,2024
2023311373549,-1.223765,52.966573,3,2023
2024311469712,-1.14514,52.9829,3,2024
2024311483053,-1.17163,52.94671,3,2024
2022221164731,-2.454474,52.695188,2,2022
2023522300774,-2.590747,51.447361,3,2023
2022501153696,-3.529805,50.481179,2,2022
2022544761322,-1.794407,51.605131,3,2022
2024540056224,-1.80874,51.59361,2,2024
2022461214813,0.526125,51.390587,3,2022
2023430499815,-0.770543,51.408201,2,2023
2023440391990,-1.076698,50.804004,2,2023
2023440450401,-1.447616,50.931543,3,2023
2023440459035,-1.370308,50.932348,3,2023
2022070444456,-2.512381,53.136673,3,2022
2022070231956,-2.898236,53.281422,3,2022
2024071042538,-2.90146,53.19801,3,2024
2023221399953,-2.719787,52.703898,3,2023
2024501460586,-5.05094,50.26389,3,2024
2022552200394,-1.967309,50.721304,3,2022
2022430355028,-0.61182,51.702544,3,2022
2023430503423,-0.990812,51.99761,3,2023
2023031338191,-3.587151,54.550674,2,2023
2024031441356,-3.19491,54.11411,3,2024
2022520202412,-3.115012,51.061674,3,2022
2023520400099,-2.99456,51.13167,3,2023
2024061505774,-2.31009,53.45022,3,2024
2022052200995,-3.048581,53.544264,3,2022
2022052202427,-2.981224,53.651693,3,2022
2024141407754,-1.14847,53.61613,2,2024
2022141199342,-1.200012,53.421219,3,2022
2022101161221,-1.617397,54.974153,3,2022
2022101179921,-1.59469,55.055558,3,2022
2022201146341,-1.836803,52.586346,2,2022
2022201259917,-1.887353,52.477384,3,2022
2023201413908,-1.993761,52.453542,3,2023
2023201377417,-1.939175,52.512195,2,2023
2024201458741,-1.84757,52.48659,3,2024
2022201270786,-2.07051,52.513916,3,2022
2022201232163,-2.088347,52.58353,3,2022
2022131238052,-1.689405,53.869786,2,2022
2023131282035,-1.486235,53.682693,2,2023
2023481363627,-0.109658,51.514951,3,2023
2024010491465,-0.2575,51.60059,3,2024
2023010457771,0.11986,51.377168,3,2023
2024010548701,-0.12091,51.51902,3,2024
2024010523402,-0.09924,51.61154,3,2024
2022010403556,0.007744,51.486022,2,2022
2022010393060,-0.057251,51.535335,3,2022
2024010528174,-0.07283,51.54609,3,2024
2024010544475,-0.04805,51.54378,3,2024
2022010389999,-0.209231,51.492261,2,2022
2023010481679,-0.188185,51.4788,2,2023
2024010520013,-0.21128,51.49511,3,2024
2024010493174,-0.11108,51.59903,3,2024
2022010407440,-0.37013,51.466983,2,2022
2024010511962,-0.10294,51.53749,2,2024
2022010385791,-0.184416,51.482339,3,2022
2022010410544,-0.182568,51.487876,3,2022
2023010439466,-0.163718,51.483815,2,2023
2022010409503,-0.122727,51.434372,3,2022
2022010388057,-0.022988,51.455825,3,2022
2024010504804,-0.01845,51.42571,3,2024
2022010406845,-0.185139,51.430724,2,2022
2024010517358,-0.10104,51.49555,3,2024
2022010379287,-0.016729,51.572894,3,2022
2023010463358,-0.21183,51.459694,3,2023
2022010401737,-0.137596,51.492539,3,2022
2023010422101,-0.123378,51.50796,3,2023
2024351397535,-0.07764,52.32806,3,2024
2024351479538,0.1233,52.20364,3,2024
2022031173202,-2.982307,54.926715,3,2022
2022302200162,-1.330554,53.018389,3,2022
2023501305986,-3.522237,50.725559,3,2023
2023501313435,-4.234715,51.042079,3,2023
2022471249140,-0.023284,50.939997,3,2022
2022421246825,0.485586,51.570638,2,2022
2023421366150,0.239827,52.020785,3,2023
2023421383620,0.465533,51.551555,3,2023
2024421443836,0.49489,51.58566,3,2024
2022531208333,-2.073889,51.892714,3,2022
2022440495526,-1.106331,51.265986,3,2022
2024440218694,-1.07407,51.26421,3,2024
2023461298156,1.40988,51.335902,3,2023
2024461419314,1.17247,51.07611,2,2024
2024461448181,1.17825,51.3696,3,2024
2024461495564,0.71282,51.23642,2,2024
2022041152557,-2.806224,54.0481,2,2022
2024041476665,-2.71662,53.75415,3,2024
2024041529897,-2.2348,53.82384,2,2024
2022320578792,-0.640195,52.911526,3,2022
2023320751801,-0.55258,53.231878,2,2023
2022430428506,-1.260646,51.753742,2,2022
2023211355007,-2.222563,53.036117,3,2023
2024371460826,1.45026,52.04458,3,2024
2024451395265,-0.46319,51.45247,3,2024
2024451412190,-0.51109,51.43171,3,2024
2024231531246,-1.25978,52.37338,3,2024
2022471252680,-0.716228,50.784947,2,2022
2023471315070,-0.198448,51.11066,3,2023
2023991317462,-3.777186,56.126826,2,2023
2023991301320,-5.479327,56.419348,3,2023
2022991134253,-3.153347,55.963174,2,2022
2022991239138,-3.180068,55.965293,3,2022
2022991243201,-4.203084,55.857716,2,2022
2024991439094,-4.24915,55.86455,2,2024
2024991395299,-4.03589,55.85873,3,2024
2023610001223,-2.959767,51.588176,3,2023
2024041458000,-2.48767,53.75113,3,2024
2024161467989,-0.21699,53.99645,3,2024
2023161358183,-0.076835,53.524519,3,2023
2023122300698,-1.078605,53.958304,3,2023
2022302200283,-1.466194,52.91061,3,2022
2022522202768,-2.538768,51.476466,3,2022
2024501401841,-3.53234,50.49107,3,2024
2022430313371,-0.546729,51.495337,3,2022
2024430425951,-0.579,51.518,3,2024
2023471383038,-0.147609,50.830913,3,2023
2024111445487,-1.6012,54.876,3,2024
2022070077559,-2.377016,53.302152,3,2022
2023070138832,-2.123677,53.285569,3,2023
2024070201176,-2.13161,53.29097,2,2024
2024070943735,-2.21822,53.16781,2,2024
2022070439778,-2.917466,53.273096,3,2022
2022101197046,-1.470587,55.076774,3,2022
2024430097070,-0.56577,51.66701,3,2024
2024520403163,-2.99494,51.13212,3,2024
2022061157635,-2.3951,53.591102,2,2022
2022061222957,-2.310799,53.595108,2,2022
2023061388789,-2.187318,53.449331,2,2023
2024061437016,-2.28591,53.46471,2,2024
2022061255929,-2.644637,53.545623,3,2022
2023052301652,-2.975107,53.393451,3,2023
2023052300690,-3.025972,53.474896,2,2023
2023141277855,-1.309103,53.530977,3,2023
2024201528293,-1.8695,52.47865,2,2024
2023131375901,-1.71543,53.826502,3,2023
2024131438476,-1.77441,53.6721,2,2024
2022131202700,-1.6946,53.906182,3,2022
2023131268989,-1.552501,53.774467,3,2023
2024010531718,-0.12844,51.5156,3,2024
2023010449276,-0.072834,51.633692,3,2023
2022010354160,-0.092571,51.590679,3,2022
2022010406240,-0.072753,51.588539,3,2022
2022010352668,-0.43423,51.480734,3,2022
2024010511375,-0.45834,51.50419,3,2024
2024010542689,-0.4131,51.57332,2,2024
2024010493724,-0.33251,51.48488,3,2024
2022010378160,-0.08729,51.54626,3,2022
2023010424170,-0.198521,51.49279,3,2023
2024010512488,-0.20785,51.5224,3,2024
2024010533888,-0.21371,51.52368,3,2024
2024010530266,-0.11851,51.46797,2,2024
2024010513176,-0.24714,51.41376,3,2024
2023010426165,-0.266602,51.448701,2,2023
2024010504151,-0.06147,51.49536,2,2024
2024010487272,-0.22752,51.38055,3,2024
2024010524374,-0.23621,51.3773,2,2024
2022010398190,-0.047735,51.523523,3,2022
2023010459108,-0.062473,51.517284,3,2023
2023010461217,-0.066893,51.510936,3,2023
2024010544710,-0.1861,51.43549,3,2024
2022010409031,-0.125514,51.497005,3,2022
2023010449310,-0.174409,51.523018,2,2023
2024010508666,-0.1676,51.53029,3,2024
2024010534075,-0.16576,51.51685,3,2024
2023302301983,-1.443177,53.2346,3,2023
2023501361611,-3.60844,50.571971,3,2023
2024471518396,0.3103,50.78008,2,2024
2022421134240,0.552179,51.567374,2,2022
2023421276617,0.478766,51.711967,3,2023
2023421288403,0.560733,51.858631,3,2023
2024421477602,0.29933,51.62145,3,2024
2022440264098,-0.972832,50.869953,3,2022
2022461194670,1.194373,51.326287,3,2022
2022041198389,-2.686344,53.722193,3,2022
2022041235586,-2.422673,53.899291,2,2022
2024041449497,-2.17288,53.85592,3,2024
2024041481031,-2.2608,53.78612,3,2024
2024320080397,-0.5071,53.23213,3,2024
2023361339360,1.732954,52.60256,3,2023
2024361415219,1.27309,52.66664,2,2024
2023311309073,-1.150691,53.138723,3,2023
2023430202535,-1.209198,51.760636,3,2023
2022451185706,-0.329038,51.246808,2,2022
2024231471574,-1.57129,52.26488,3,2024
2022471184298,-0.77007,50.830681,2,2022
2024221521573,-1.93428,52.3025,3,2024
2023991283695,-3.558362,55.857481,3,2023
2024991501290,-3.03973,56.21036,3,2024
2022991177873,-4.294191,55.869532,2,2022
2023991328094,-4.047034,55.853771,2,2023
202217H112321,-1.219835,54.679423,2,2022
2023302300249,-1.439091,52.896425,3,2023
2023332300016,-1.132471,52.626174,3,2023
2023311384054,-1.143766,52.944619,2,2023
2024311536791,-1.17178,52.97927,3,2024
2024211515066,-2.15966,53.02107,2,2024
2023522300805,-2.606043,51.456023,2,2023
2023522300328,-2.757913,51.433442,3,2023
2024351421947,-0.23949,52.55777,3,2024
2023430208570,-0.778981,51.408784,3,2023
2024430094556,-0.7454,51.55806,3,2024
2023471368691,-0.130826,50.840098,2,2023
2023440011594,-1.071692,50.795206,3,2023
2024111519957,-1.62424,54.74905,3,2024
2022401239136,-0.463914,52.130537,3,2022
2022552201374,-2.184333,51.001754,2,2022
2022430037460,-0.804573,51.796556,3,2022
2023430520912,-0.814965,51.811686,2,2023
2024430188453,-0.62351,51.70588,3,2024
2024340NN1672,-0.68968,52.30325,3,2024
202234WNC4982,-0.89784,52.217855,2,2022
2022520203490,-3.104751,51.02626,3,2022
2024520500297,-2.33413,51.23536,3,2024
2022061195252,-2.276232,53.523717,2,2022
2022061250760,-2.240005,53.468382,3,2022
2023061374019,-2.262223,53.460875,3,2023
2022052200904,-2.981638,53.436724,2,2022
2023052301300,-3.048364,53.486629,2,2023
2022101215954,-1.63225,54.971135,3,2022
2023101368957,-1.666477,55.001158,3,2023
2024101441702,-1.60828,54.97555,2,2024
2023201378443,-1.937581,52.471991,2,2023
2022201152312,-1.765552,52.506999,3,2022
2024201530903,-2.13027,52.60576,3,2024
2024131425934,-1.76745,53.83378,3,2024
2024131456770,-1.72325,53.797,3,2024
2022131222873,-1.497724,53.822849,2,2022
2023131340825,-1.535543,53.805619,3,2023
2024131436700,-1.60056,53.83645,3,2024
2024131461004,-1.67176,53.81175,2,2024
2024131405711,-1.34034,53.71106,3,2024
2023010440050,0.080241,51.532267,3,2023
2023010446998,-0.264887,51.606887,2,2023
2022010393125,-0.254841,51.561165,2,2022
2023010467782,0.028157,51.396444,3,2023
2024010535390,-0.11791,51.51753,3,2024
2022010371817,-0.076432,51.537999,3,2022
2024010534079,-0.21117,51.46842,3,2024
2023010452085,-0.111984,51.603646,3,2023
2024010489730,-0.14823,51.57519,2,2024
2024010514601,-0.07526,51.58179,3,2024
2024010524033,-0.39116,51.47727,2,2024
2024010536116,-0.29241,51.49136,2,2024
2024010530363,-0.11787,51.54682,3,2024
2022010408264,-0.166531,51.485846,3,2022
2023010465199,-0.212556,51.50706,3,2023
2023010443566,-0.002442,51.422662,3,2023
2024010488663,-0.04132,51.47053,3,2024
2024010547210,-0.01312,51.44535,3,2024
2023010473752,0.031428,51.590055,3,2023
2022010423078,-0.105557,51.507161,2,2022
2023010419831,-0.08245,51.427326,3,2023
2024010538534,-0.09295,51.47081,3,2024
2022010409967,-0.022326,51.527738,3,2022
2023010443258,-0.163858,51.432254,2,2023
2024010526138,-0.16779,51.46369,3,2024
2022010374423,-0.126757,51.505685,2,2022
2023302300178,-1.34793,53.261659,2,2023
2024302400558,-1.43932,52.86148,2,2024
2023421285742,0.11391,51.753847,2,2023
2023421303600,0.08164,51.610605,3,2023
2024421515426,0.02523,51.69287,3,2024
2022531154519,-2.139076,51.850056,2,2022
2022440425797,-0.97839,50.853617,2,2022
2024440245769,-1.26952,50.87203,3,2024
2023332300413,-1.197103,52.763455,2,2023
2022311192177,-1.225951,53.143236,2,2022
2024430597354,-1.28163,51.78886,3,2024
2024371507862,1.14188,52.05781,3,2024
2024451404066,-0.17086,51.23463,3,2024
2024471435124,-0.18681,51.10074,3,2024
2024471515949,-0.36797,50.82747,3,2024
2022221135501,-2.143977,52.418178,2,2022
2023991367113,-4.213157,57.702164,2,2023
2024991474524,-4.03908,55.77349,3,2024
202460Q082069,-3.90287,52.90633,2,2024
202260B127898,-3.540352,53.302399,3,2022
2023071004571,-2.54982,53.397929,2,2023
2022161213501,-0.294231,53.763898,2,2022
2023161271429,-0.363305,53.751458,3,2023
2023161269236,-0.374189,53.78812,3,2023
2022522201709,-2.61701,51.479551,3,2022
2024522401783,-2.57879,51.45682,3,2024
2024430366940,-1.01384,51.46248,3,2024
2022440449163,-1.408926,50.908927,3,2022
2023111384095,-1.724249,54.631662,2,2023
2022401182861,-0.293245,52.071104,3,2022
2022552200136,-1.889488,50.826839,2,2022
2024031481073,-2.99104,54.89225,3,2024
2023122300262,-0.388901,54.235642,3,2023
2023122300721,-1.514958,53.995775,3,2023
2023122301439,-1.065273,53.784855,3,2023
2022351226917,0.055575,52.182295,3,2022
2022031221392,-2.742896,54.319583,3,2022
2023501390767,-4.207385,51.019953,2,2023
2023471272299,0.281406,50.776732,3,2023
2022471167178,0.099402,50.773298,3,2022
2024471400286,0.00058,50.86848,3,2024
2024471496889,0.0013,50.9713,2,2024
2023421274019,1.153732,51.793212,3,2023
2024440565240,-0.74936,51.27427,3,2024
2023461328137,0.232718,51.437915,3,2023
2022041189746,-2.87266,54.06181,3,2022
2023041391217,-2.662208,53.722544,2,2023
2024320533279,0.31612,53.14897,3,2024
2023320673574,-0.533436,53.235267,3,2023
2024311500969,-1.11335,53.32077,3,2024
2023430078010,-1.30266,51.83171,3,2023
2022451243207,-0.369172,51.378719,3,2022
2022451187722,-0.545189,51.256384,3,2022
2024451431578,-0.30631,51.31586,2,2024
2022451230984,-0.414451,51.418574,2,2022
2024231504062,-1.53315,52.28579,3,2024
2023471382568,-0.400215,50.814101,3,2023
2022061140394,-2.462455,53.568039,3,2022
2022061177653,-2.287018,53.541768,2,2022
2023061370951,-2.288054,53.516553,2,2023
2023061332729,-2.123491,53.521978,3,2023
2023061353993,-2.362081,53.484002,2,2023
2023061340867,-2.276604,53.48361,1,2023
2024061404763,-2.16002,53.37309,2,2024
2023052300162,-2.790315,53.415842,3,2023
2023052302502,-2.828653,53.419025,2,2023
2023052302550,-2.83126,53.418423,3,2023
2022052202925,-2.912851,53.386482,3,2022
2024052400642,-3.12523,53.37631,3,2024
2024052401524,-3.06887,53.36996,3,2024
2024052402584,-3.02997,53.39032,2,2024
2024141461076,-1.37294,53.53368,3,2024
2022141154839,-1.129124,53.524184,3,2022
2023101367936,-1.70576,54.99939,2,2023
2024101513631,-1.48037,55.02424,3,2024
2023201331734,-1.932112,52.486921,2,2023
2024201510848,-1.78674,52.47272,3,2024
2023201287463,-1.523281,52.423662,3,2023
2024201435916,-2.12318,52.58819,2,2024
2022131149560,-1.922877,53.860366,3,2022
2024131467883,-1.71083,53.83103,3,2024
2022131204361,-1.670943,53.710613,3,2022
2024131412179,-1.49573,53.78992,3,2024
2024131477951,-1.56419,53.76841,2,2024
2023131301294,-1.344854,53.710919,3,2023
2024010510073,0.04198,51.37312,2,2024
2023010487700,-0.130208,51.516423,2,2023
2024010501024,-0.19109,51.54666,2,2024
2023010446449,-0.091538,51.39805,3,2023
2022010353595,-0.362739,51.509756,3,2022
2024010526806,-0.07812,51.52297,3,2024
2022010359684,-0.191976,51.473976,2,2022
2024010520810,-0.10903,51.59725,3,2024
2024010528182,-0.07137,51.58631,3,2024
2022010358556,-0.451648,51.52687,2,2022
2023010424787,-0.420826,51.510219,2,2023
2024010488636,-0.40717,51.57504,2,2024
2022010362807,-0.084955,51.546564,3,2022
2022010354729,-0.136927,51.417045,3,2022
2022010370225,-0.124302,51.485826,3,2022
2024010514782,-0.12957,51.46541,2,2024
2022010377621,-0.104618,51.503737,2,2022
2022010380876,-0.079801,51.497686,2,2022
2024010540591,-0.04698,51.52168,3,2024
2023010478814,1.1e-05,51.619236,3,2023
2024010516740,-0.23045,51.46352,3,2024
2024010541133,-0.14968,51.44281,3,2024
2023010473841,-0.148679,51.485665,3,2023
2022991223823,-2.952124,55.949888,2,2022
2022991127835,-2.439462,55.533447,2,2022
2022991136475,-3.626379,55.976008,1,2022
202360A078613,-4.106237,52.920227,3,2023
2023622300502,-4.019685,51.617478,3,2023
2023622300106,-3.349041,51.625637,1,2023
2024631444488,-3.26961,51.89728,3,2024
2022161207559,-0.343103,53.780359,3,2022
2024161521060,-0.62772,53.56691,3,2024
2022122200177,-1.084985,53.961328,3,2022
2024122400580,-1.09485,53.95411,2,2024
2023302300202,-1.474457,52.926971,2,2023
2024221466365,-2.60264,52.70352,2,2024
2024520001521,-2.38418,51.38172,3,2024
2023522301847,-2.585633,51.486267,3,2023
2024522401612,-2.70125,51.4269,3,2024
2024547077824,-1.76603,51.55564,1,2024
2024401427135,-0.42727,51.89758,3,2024
2022430350226,-0.817147,51.42136,2,2022
2024430205655,-0.88779,51.42736,3,2024
2023471381415,-0.145182,50.837341,2,2023
2024471457813,-0.17379,50.82801,2,2024
2022440318430,-1.05832,50.791978,3,2022
2023440230889,-1.072071,50.803293,3,2023
2024070312701,-2.87092,53.19171,3,2024
2022501217724,-5.553858,50.124064,3,2022
2022547355222,-1.794752,51.061473,3,2022
2023401369739,-0.493924,52.160416,3,2023
2024401495268,-0.46667,52.14179,3,2024
2022552200053,-1.990854,50.714708,3,2022
2022552200299,-1.873517,50.731411,2,2022
2023552300069,-1.885595,50.804587,3,2023
2024340NN4702,-0.71071,52.39718,3,2024
2024031481620,-2.96107,54.88989,3,2024
2022061204456,-2.498636,53.551633,3,2022
2024061436769,-2.45291,53.58368,3,2024
2024061478900,-2.28693,53.53509,3,2024
2023061366083,-2.241471,53.474491,2,2023
2024061521490,-2.28812,53.39108,2,2024
2023061344276,-2.120122,53.562599,3,2023
2022061169602,-2.257434,53.483293,3,2022
2024061513223,-2.26722,53.47446,3,2024
2023052302923,-2.955614,53.470391,3,2023
2024052400405,-2.9865,53.40093,3,2024
2024052400995,-2.90764,53.35837,3,2024
2024052401177,-2.90807,53.41919,3,2024
2022052200997,-3.061065,53.552855,3,2022
2023141383020,-1.355449,53.434447,2,2023
2023141286540,-1.496931,53.37652,3,2023
2024101455257,-1.59693,54.98496,3,2024
2023201405340,-1.972566,52.413129,3,2023
2023201418555,-1.912266,52.476803,3,2023
2024201499664,-1.86308,52.47154,3,2024
2023201284826,-1.472421,52.409583,3,2023
2023201284259,-1.505502,52.447421,2,2023
2022201247855,-2.065477,52.538272,3,2022
2023131320068,-1.627005,53.71079,2,2023
2022131196563,-1.622428,53.80578,2,2022
2023131304933,-1.516988,53.797591,3,2023
2022131151109,-1.524465,53.670573,3,2022
2023131270621,-1.315667,53.723519,2,2023
2024131402718,-1.47819,53.6671,3,2024
2023481359174,-0.074151,51.514482,2,2023
2023010430139,-0.296231,51.5527,3,2023
2024010549676,-0.1298,51.51514,3,2024
2023010435270,-0.378315,51.498444,3,2023
2023010464551,-0.376081,51.51022,3,2023
2024010536291,-0.32419,51.53684,3,2024
2023010421908,-0.073036,51.557286,3,2023
2024010520534,-0.08709,51.56925,3,2024
2024010531707,-0.05493,51.5471,2,2024
2024010533118,-0.06546,51.60773,2,2024
2022010383175,-0.268739,51.491123,3,2022
2022010381744,-0.105715,51.564122,2,2022
2022010361733,-0.187757,51.492867,3,2022
2024010546674,-0.20388,51.50771,3,2024
2023010456351,-0.256868,51.403477,3,2023
2024010523018,-0.11464,51.47712,3,2024
2022010418112,0.019745,51.536895,3,2022
2024010513965,0.03295,51.5283,3,2024
2024010537093,-0.04349,51.491,2,2024
2024010535003,-0.05593,51.51929,2,2024
2022010354379,-0.027403,51.581356,3,2022
2024010491471,-0.0295,51.58937,3,2024
2022010372757,-0.149832,51.4276,3,2022
2023010474983,-0.141336,51.513929,3,2023
2023302301034,-1.966979,53.439173,2,2023
2023302301039,-1.507671,52.95214,3,2023
2022501243621,-3.59728,50.543066,2,2022
2023501331733,-3.410436,50.749151,3,2023
2022471186092,0.538986,50.892947,3,2022
2023531304115,-2.242661,51.858384,3,2023
2024440065147,-1.2645,50.87048,3,2024
2024440326163,-0.83522,51.34682,3,2024
2022041198899,-2.604685,53.618333,2,2022
2023041322510,-2.8805,54.06338,3,2023
2023041373768,-2.201479,53.828242,3,2023
2024041462135,-2.74564,53.85199,3,2024
2024332400616,-1.10783,52.59219,3,2024
2024311531935,-0.80292,53.07177,2,2024
2022371197642,1.154031,52.044058,3,2022
2023371308598,1.100607,52.000921,1,2023
2023451267196,-0.414589,51.390052,3,2023
2023231291705,-1.277382,52.37376,3,2023
2022471164441,-0.31827,50.837284,3,2022
2024471522916,-0.12556,50.95393,2,2024
2022221200672,-2.201836,52.205896,3,2022
2023221332291,-1.884571,52.381044,3,2023
2022991200934,-3.932984,56.115374,3,2022
2022991253730,-3.218182,55.970422,3,2022
2023991293002,-3.203779,55.950858,3,2023
2024991396945,-3.15889,56.12804,3,2024
2024991505639,-4.2724,55.88006,2,2024
2024991397774,-3.99352,55.78995,2,2024
202260B153171,-3.120705,53.243276,2,2022
2024631497213,-4.239,51.71517,3,2024
2022622300011,-3.591219,51.532791,3,2022
2022610043422,-3.236855,51.63921,3,2022
202417H106424,-1.23354,54.69225,2,2024
2022161221860,-0.400605,53.744536,3,2022
2024161441627,-0.40928,53.84286,3,2024
2024302400964,-1.47155,52.9041,3,2024
2024311524530,-1.15089,52.95531,2,2024
2024221473703,-2.74018,52.06167,2,2024
20225222BA597,-2.448627,51.293846,3,2022
2022522201206,-2.604265,51.49252,1,2022
2024522401613,-2.58399,51.45839,3,2024
2024522402351,-2.59778,51.45339,3,2024
2024501531281,-4.17139,50.4018,2,2024
202454E289124,-1.8442,51.54786,3,2024
2024430376571,-0.6099,51.52267,3,2024
2022430291200,-0.724777,51.522352,3,2022
2022471141919,-0.132461,50.822272,2,2022
2022440361160,-1.07987,50.793517,3,2022
2024440402846,-1.14276,50.65881,3,2024
2022401142094,-0.482785,52.120801,3,2022
2022401151016,-0.491163,52.13266,3,2022
202234WNC8352,-0.868543,52.249216,3,2022
2023302300384,-1.371211,53.080529,3,2023
2022302201573,-1.612609,53.317365,3,2022
2022302202208,-1.294177,52.909785,2,2022
2024421472607,0.08131,51.609,3,2024
2022411152606,-0.033692,51.702716,3,2022
2022461242474,0.548053,51.247508,3,2022
2023461279890,0.695423,51.284436,2,2023
2022461200275,0.780287,51.421768,2,2022
2024041510116,-2.6322,53.66895,3,2024
2023041387329,-2.171724,53.859539,3,2023
2023041319141,-2.684926,53.77018,3,2023
2022320724718,0.053653,52.815972,3,2022
2022361143816,1.259087,52.634782,2,2022
2023311360767,-1.271749,53.123497,2,2023
2024430025327,-1.61517,51.9014,3,2024
2022471139017,-0.170928,51.113326,3,2022
2023471322048,-0.352476,51.018345,3,2023
2023471362930,-0.103889,50.997766,3,2023
2022411144438,-0.320596,51.758746,2,2022
2024061484275,-2.2943,53.40173,3,2024
2022061199141,-2.718793,53.513327,3,2022
2023052300593,-2.972893,53.401829,3,2023
2024052401813,-2.92117,53.40608,3,2024
2024052400235,-2.66932,53.46559,2,2024
2023052302209,-3.020072,53.399745,3,2023
2022141228140,-1.489031,53.367138,3,2022
2024141408221,-1.41866,53.37086,3,2024
2024101484528,-1.59922,54.97197,3,2024
2023101263120,-1.423019,54.987567,2,2023
2024201496895,-1.47572,52.41121,3,2024
2024201427508,-2.03142,52.47699,3,2024
2022201219090,-1.982101,52.576865,2,2022
2022131201955,-1.710054,53.771123,2,2022
2024131500777,-1.7446,53.81094,3,2024
2022131163423,-1.634177,53.692683,3,2022
2022131205500,-1.503936,53.80365,2,2022
2024131451656,-1.30235,53.69471,2,2024
2022010409777,-0.276915,51.616865,2,2022
2023010426217,0.019301,51.409142,3,2023
2022010388802,-0.112238,51.523671,3,2022
2023010419281,-0.191108,51.548662,2,2023
2022010393487,-0.377432,51.519249,3,2022
2023010432401,-0.304425,51.51426,2,2023
2024010507124,-0.21121,51.46843,3,2024
2023010475935,-0.123503,51.586961,3,2023
2024010528767,-0.11683,51.58772,3,2024
2024010532927,0.24874,51.60239,3,2024
2022010366364,-0.377075,51.473716,3,2022
2023010437763,-0.391275,51.442142,3,2023
2022010408266,-0.099207,51.524359,3,2022
2024010504971,-0.10681,51.56594,3,2024
2023010460414,-0.1806,51.4787,3,2023
2022010355450,-0.118935,51.443672,3,2022
2022010370031,-0.060001,51.480823,2,2022
2023010447200,-0.04926,51.511462,3,2023
2023010463411,-0.228265,51.463145,3,2023
2023010468226,-0.126923,51.500229,3,2023
2023991289187,-3.618032,55.068869,3,2023
2024991520677,-3.78984,55.9933,3,2024
2023991384103,-3.12166,55.873379,3,2023
2023991314332,-2.978246,56.490545,3,2023
2023991373732,-4.24448,55.855962,2,2023
2024991428100,-4.26405,55.82921,3,2024
202260B029583,-2.996076,53.049728,3,2022
2024631448299,-4.06685,52.40333,3,2024
202263C046922,-4.648501,51.976058,3,2022
2023622300157,-3.908445,51.637505,3,2023
2023622300473,-3.926683,51.621812,3,2023
2022170M11052,-1.229276,54.568997,3,2022
2022161149430,-0.310568,53.755652,2,2022
2022161191760,-0.41466,53.753856,3,2022
2023161361103,-0.087172,53.564276,3,2023
2022122200833,-1.073575,53.974157,3,2022
2023122300729,-1.09163,53.95577,3,2023
2022332200861,-1.113486,52.622572,3,2022
2023332300982,-1.133779,52.631038,3,2023
2023520000519,-2.386794,51.391987,3,2023
2024522402393,-2.69253,51.49692,3,2024
2022501186388,-4.15142,50.375303,3,2022
2022421214763,0.713902,51.535332,3,2022
2024430043134,-1.00832,51.44239,3,2024
2022471249168,-0.121859,50.840574,3,2022
2024101477874,-1.60953,55.23908,3,2024
2023430282076,-0.608686,51.711319,2,2023
202234WNC7852,-0.870532,52.229725,3,2022
2023122301414,-1.545945,53.98529,3,2023
2022061134649,-2.247114,53.527763,3,2022
2024061533189,-2.23378,53.47681,2,2024
2022061261804,-2.11069,53.529639,3,2022
2023061372726,-2.350988,53.516582,2,2023
2024061538082,-2.13367,53.38746,3,2024
2022061226118,-2.349818,53.403923,3,2022
2022052201436,-2.948489,53.379211,3,2022
2024052400152,-2.92333,53.41026,2,2024
2024052402401,-3.09465,53.34738,3,2024
2023141266606,-1.479822,53.578878,3,2023
2024101507852,-1.65635,54.97563,2,2024
2024101408747,-1.47724,54.99661,3,2024
2022101203877,-1.431463,54.986097,3,2022
2024201441142,-1.85146,52.48899,3,2024
2022201251665,-1.554064,52.401369,3,2022
2022201187596,-2.012478,52.502582,3,2022
2022131138053,-1.790659,53.805696,3,2022
2023131307037,-1.729081,53.792262,3,2023
2024131475794,-1.87165,53.71634,3,2024
2023131378924,-1.664733,53.758008,3,2023
2024131428719,-1.5086,53.80449,2,2024
2024131480513,-1.54647,53.81591,3,2024
2023101392405,-1.601656,54.924498,3,2023
2024101448362,-1.71689,54.96538,2,2024
2022010359444,-0.191497,51.602865,3,2022
2023010486786,0.121793,51.49128,3,2023
2022010372923,-0.262806,51.578944,3,2022
2022010379403,0.079829,51.390547,3,2022
2022010362979,-0.195831,51.553618,3,2022
2023010469785,-0.113406,51.521576,3,2023
2022010424132,-0.101917,51.378615,3,2022
2023010433714,-0.08272,51.403005,3,2023
2024010544262,-0.09777,51.35662,3,2024
2024010492107,-0.35379,51.52783,3,2024
2023010420616,-0.065093,51.65056,3,2023
2023010419546,-0.238618,51.506438,3,2023
2024010494785,-0.36551,51.5639,3,2024
2023010453127,-0.421425,51.572085,3,2023
2023010484471,-0.182842,51.49512,2,2023
2022010367447,-0.294971,51.425817,3,2022
2024010492026,-0.1232,51.45967,2,2024
2024010507822,-0.11649,51.46011,3,2024
2024010488365,0.02123,51.43292,3,2024
2024010521425,-0.03229,51.48384,3,2024
2024010547798,-0.03929,51.46866,3,2024
2024010488438,-0.18664,51.4294,2,2024
2023010448367,0.037377,51.531005,3,2023
2022010403377,-0.212872,51.358517,2,2022
2024010545219,-0.04131,51.51274,1,2024
2024010489391,-0.00936,51.57442,3,2024
2022351180856,0.025492,52.075498,3,2022
2024302401265,-1.96066,53.4401,3,2024
2022471241344,0.256924,50.789431,2,2022
2023471315192,0.255505,50.847164,3,2023
2022421240264,0.923518,51.902009,3,2022
2023421358652,1.151917,51.786317,2,2023
2024531474484,-2.14689,51.90107,3,2024
2024531488056,-2.0557,51.88236,2,2024
2023461264814,0.202269,51.446855,3,2023
2024461401056,0.20795,51.44595,3,2024
2022041177875,-2.831381,53.679442,2,2022
2022041244533,-2.79253,53.993859,3,2022
2022320119200,-0.538372,53.250915,3,2022
2024320409577,-0.21193,52.71966,3,2024
2022361267315,1.305808,52.627847,3,2022
2024361505338,1.29711,52.60944,3,2024
2024361495660,1.29076,52.61033,2,2024
2022451171950,-0.439362,51.149034,3,2022
2023451262192,-0.571486,51.22679,2,2023
2023991377806,-4.06865,56.143029,2,2023
2022991249553,-2.143034,57.172838,3,2022
2023991347738,-3.219796,56.201122,2,2023
2024991408475,-4.08301,55.90944,2,2024
2024622500019,-3.95234,51.63027,3,2024
2024622400691,-3.27646,51.40231,3,2024
2022170M10162,-1.231999,54.556648,3,2022
202417S104924,-1.32111,54.57458,3,2024
2023070467102,-2.506472,53.427909,3,2023
2024071026016,-2.57415,53.40991,3,2024
2022041208346,-2.468359,53.749507,2,2022
2023041299472,-2.467295,53.736981,2,2023
2024161447864,-0.4537,53.85418,3,2024
2024161472588,-0.10351,53.56609,3,2024
2024122401291,-1.09702,53.97003,3,2024
2022522203908,-2.577472,51.464988,3,2022
2024522500294,-2.58425,51.45564,3,2024
2024522402567,-2.48506,51.44218,3,2024
2022351204610,-0.259242,52.601682,3,2022
2022351271404,-0.227877,52.555597,3,2022
2024430142104,-0.97494,51.46168,3,2024
2022430567149,-0.619499,51.481748,3,2022
2023430519747,-0.712503,51.519061,2,2023
2022440385028,-1.189287,50.727179,2,2022
2023111388472,-1.491762,54.707639,2,2023
2022070041863,-2.220035,53.355713,3,2022
2022101149947,-1.524994,55.073162,3,2022
2023101362623,-1.689424,55.167407,3,2023
2024430523070,-0.83904,51.82591,3,2024
2024340NN0312,-0.5766,52.33092,3,2024
2023031334133,-2.967729,54.884972,3,2023
2022122201307,-1.539673,53.987109,3,2022
2023061383611,-2.432714,53.602495,2,2023
2023061340074,-2.120352,53.383271,3,2023
2023052301814,-3.027577,53.480203,3,2023
2024141457446,-1.01134,53.5996,3,2024
2022101240091,-1.549817,54.973967,3,2022
2022101232789,-1.518172,54.994326,3,2022
2022201213851,-1.880162,52.403641,3,2022
2024201525115,-1.4762,52.4353,2,2024
2024131415179,-1.7428,53.80272,2,2024
2023131305507,-1.565654,53.790883,2,2023
2022481261651,-0.090349,51.513487,3,2022
2023010445129,-0.30472,51.516017,2,2023
2023010485889,-0.056808,51.660072,3,2023
2024010505082,-0.06382,51.57023,3,2024
2024010524554,-0.08516,51.54103,2,2024
2023010423411,-0.206986,51.480807,3,2023
2023010437597,-0.108141,51.570689,3,2023
2023010484158,-0.107701,51.526367,3,2023
2022010375806,-0.15887,51.498343,2,2022
2023010432842,-0.245991,51.381121,3,2023
2022010364106,-0.0345,51.427431,3,2022
2023010471293,-0.037955,51.487776,3,2023
2024010520954,-0.04109,51.47468,2,2024
2024010531588,-0.03563,51.4765,3,2024
2022010360736,-0.155503,51.408238,3,2022
2024010508572,-0.17364,51.39476,3,2024
2022010401008,0.048665,51.534828,3,2022
2022010384853,-0.237152,51.46452,3,2022
2023010426267,-0.334565,51.427556,3,2023
2022010393286,-0.058497,51.498927,2,2022
2024010511970,-0.01131,51.51129,3,2024
2024010517645,-0.11994,51.51103,3,2024
2024010547608,-0.1834,51.51699,3,2024
2023351287527,0.128209,52.198362,2,2023
2024302400836,-1.27326,53.27922,3,2024
2024302400974,-1.56207,52.78682,3,2024
2022501244137,-3.539934,50.701791,2,2022
2024471479386,0.34095,51.06709,2,2024
2024471526300,0.3012,50.78122,3,2024
2024421496857,0.91371,51.88217,2,2024
2024461500235,0.37099,51.42799,3,2024
2022041146740,-2.803572,54.052378,3,2022
2022041183198,-2.418289,53.769592,2,2022
2023332300130,-1.231555,52.776314,3,2023
2022361209857,0.419511,52.757122,3,2022
2023361366413,1.312614,52.633998,2,2023
2022311185598,-1.102806,53.302325,3,2022
2023311300872,-1.087442,52.976275,2,2023
2024311431087,-1.17783,53.14842,3,2024
2022430151111,-1.256357,51.746711,3,2022
2022451239889,-0.550261,51.321579,3,2022
2023451289214,-0.79296,51.212315,3,2023
2023451314059,-0.744452,51.34025,3,2023
2023231289264,-1.262957,52.37466,3,2023
2024231462940,-1.6818,52.56473,3,2024
2024231494863,-1.49214,52.51279,3,2024
2022471203533,-0.099522,50.995123,3,2022
2022991180921,-3.934882,56.118579,3,2022
2022991243257,-2.144502,57.171794,3,2022
2024991399670,-3.28702,55.95562,3,2024
2022991131761,-3.542706,55.902258,3,2022
2024991439662,-3.03392,56.47196,2,2024
2023991284689,-4.237979,55.804294,1,2023
2024991397490,-4.24687,55.82537,3,2024
2023991361261,-4.144924,55.891413,3,2023
202460Q096990,-3.47026,53.29064,3,2024
2023622300409,-3.99201,51.572665,3,2023
202417M114224,-1.22273,54.56569,3,2024
2024111406770,-1.55301,54.52888,3,2024
2022041173902,-3.040395,53.80566,2,2022
2022302200223,-1.49764,52.934056,3,2022
2023302300290,-1.478162,52.916928,3,2023
2024221489991,-2.44414,52.67384,3,2024
20225222BR600,-2.589626,51.464217,3,2022
2023522300390,-2.842363,51.439313,3,2023
2022522204167,-2.579245,51.501548,3,2022
2022501248777,-4.183091,50.413506,2,2022
2022430499041,-1.330421,51.407557,3,2022
2023430567883,-0.717199,51.996773,3,2023
2023440065878,-1.084415,50.780162,3,2023
2024070206577,-2.59864,53.24727,3,2024
2024501472237,-4.78842,50.24087,3,2024
2023401328554,-0.288219,52.036566,3,2023
2023552300500,-1.959613,50.609864,3,2023
202234WNC2572,-0.892586,52.243708,3,2022
202234WNC4232,-1.087758,52.14746,3,2022
2023031332892,-3.594582,54.494617,3,2023
2023031358264,-3.579596,54.554431,2,2023
2024122401144,-1.72914,54.3792,2,2024
2022052200377,-2.914109,53.389736,3,2022
2023052300723,-2.962345,53.459605,3,2023
2023052301510,-2.864164,53.374485,3,2023
2022101145832,-1.429953,54.994529,3,2022
2023201443168,-1.910546,52.409988,2,2023
2024201505833,-1.99885,52.58331,3,2024
2023131269413,-1.94972,53.828805,3,2023
2024131461428,-1.60553,53.70334,3,2024
2022131248895,-1.492779,53.807189,2,2022
2023131308594,-1.542173,53.799164,3,2023
2022010410699,0.136608,51.574222,3,2022
2023010477257,-0.282877,51.587854,2,2023
2023010450973,0.076464,51.39147,3,2023
2023010459431,-0.025171,51.410575,2,2023
2022010375445,-0.141928,51.541869,3,2022
2022010384919,-0.104726,51.380171,3,2022
2023010479969,-0.270624,51.512103,3,2023
2024010506482,-0.03662,51.54625,3,2024
2022010374341,-0.186988,51.479564,3,2022
2022010385328,-0.228547,51.498229,3,2022
2023010483353,-0.243604,51.498581,3,2023
2023010444955,-0.08463,51.578671,2,2023
2023010458012,-0.084955,51.575745,3,2023
2022010402996,-0.34922,51.592286,3,2022
2023010458967,0.186199,51.570673,2,2023
2022010389343,-0.422246,51.52209,3,2022
2023010466102,-0.494551,51.478736,2,2023
2023010423932,-0.38104,51.437775,3,2023
2023010445504,-0.406732,51.450716,3,2023
2024010506513,-0.33232,51.45949,3,2024
2022010390825,-0.093795,51.537608,3,2022
2024010536104,-0.10439,51.55361,3,2024
2024010541842,-0.08969,51.52071,3,2024
2024010524372,-0.20025,51.50847,3,2024
2022010394211,-0.10933,51.462654,2,2022
2023010481399,-0.112505,51.470142,3,2023
2024010500836,0.00946,51.45683,2,2024
2023010447167,0.001688,51.5434,3,2023
2024010501494,-0.00557,51.53539,3,2024
2023010440400,0.126684,51.610193,3,2023
2022010405109,-0.358073,51.451933,3,2022
2024010522692,-0.30605,51.45796,3,2024
2024010547547,-0.0541,51.46789,2,2024
2023010420219,-0.1762,51.373743,3,2023
2023010427724,-0.035015,51.525325,3,2023
2023010443640,-0.021658,51.527843,3,2023
2023010461105,-0.061503,51.512978,3,2023
2023010485613,-0.004,51.588082,2,2023
2023010424772,-0.154294,51.441816,3,2023
2022010378746,-0.139059,51.510377,3,2022
2023010425177,-0.142989,51.507651,3,2023
2023010439379,-0.178032,51.519648,3,2023
2023351274851,0.115039,52.210684,3,2023
2022031246858,-2.956758,54.895636,2,2022
2023302301173,-1.26332,53.274668,3,2023
2022421173741,0.633437,51.795655,2,2022
2023421337505,0.243129,51.700121,3,2023
2023421374223,0.904076,51.886176,3,2023
2024531422990,-1.70296,51.98995,2,2024
2022440502910,-1.179008,50.828069,3,2022
2024440015588,-1.21324,50.9529,2,2024
2022461164102,0.175854,51.4334,2,2022
2022461211400,0.867744,51.149661,2,2022
2024041464569,-2.30846,53.7988,3,2024
2023332300907,-1.189861,52.582439,2,2023
2024332400194,-1.20268,52.77473,3,2024
2022361243366,0.734713,52.419509,3,2022
2022311183021,-1.249437,53.094404,2,2022
2024211536236,-2.12254,52.81844,3,2024
2022371215922,0.730934,52.037156,2,2022
2023371294640,1.14464,52.050937,3,2023
2023371331752,1.563678,52.461621,3,2023
2024371477477,1.13619,52.05796,3,2024
2022451212648,-0.406979,51.387764,3,2022
2022471238423,-0.14102,50.945564,3,2022
2023471260735,-0.660039,50.790853,1,2023
2023471310482,-0.317946,51.065165,3,2023
2022221206382,-2.321406,52.130974,2,2022
2023991383088,-3.192097,55.659899,2,2023
2022991220367,-3.957028,55.728934,3,2022
2023991272508,-3.217242,55.946098,1,2023
2023991310236,-4.362029,55.834769,2,2023
2023991351771,-4.25476,55.902364,3,2023
2023622300110,-3.22771,51.508646,3,2023
2023041373529,-2.475989,53.730952,3,2023
2022041251432,-3.039139,53.852456,2,2022
2023161344230,-0.337894,53.804611,3,2023
2023161391231,-0.353837,53.768246,2,2023
2024161530596,-0.70397,53.87621,2,2024
2024302400616,-1.50523,52.90161,3,2024
2024522401139,-2.62628,51.50674,2,2024
2022522204193,-2.494844,51.513003,3,2022
2022401148146,-0.42413,51.879635,3,2022
2023401317740,-0.456946,51.888234,3,2023
2023461308004,0.51475,51.413307,3,2023
2022440421167,-1.408914,50.912137,2,2022
2023071310930,-2.522755,53.066477,3,2023
2023501271490,-5.048428,50.260656,3,2023
2023501292611,-5.674593,50.142254,3,2023
2023547531423,-2.127316,51.458564,3,2023
2023430052998,-0.784954,51.622557,3,2023
2024122500229,-1.70393,54.4536,2,2024
2023302301284,-1.380005,53.093969,2,2023
2023302301244,-1.723782,53.009092,3,2023
2024302400230,-1.30571,52.96657,2,2024
2024471411677,0.60877,50.8723,3,2024
2024421435346,0.62284,51.8063,3,2024
2024421480230,0.46581,51.69435,2,2024
2024531413983,-2.1559,51.99272,2,2024
2024440534546,-1.31256,51.07395,2,2024
2022461220874,1.129061,51.368788,3,2022
2023041333309,-2.30968,53.799061,3,2023
2023041357914,-2.238466,53.789427,3,2023
2022041157693,-2.848022,54.077095,2,2022
2022041129748,-2.269972,53.698931,3,2022
2023430553883,-1.359038,52.057432,2,2023
2024211491155,-2.0013,52.71838,3,2024
2024451413687,-0.16451,51.2463,3,2024
2024231409857,-1.4723,52.45959,3,2024
2023471384396,-0.367236,50.810127,3,2023
2022221232409,-2.0586,52.33493,3,2022
2023221297002,-2.246242,52.392153,3,2023
2024371462063,1.34143,51.95813,2,2024
2022061178625,-2.389321,53.570555,3,2022
2024061460438,-2.25738,53.40718,3,2024
2024061459126,-2.19945,53.51314,3,2024
2024061482561,-2.1342,53.53137,3,2024
2023061369120,-2.363514,53.404835,2,2023
2023052302401,-2.948016,53.386999,3,2023
2022052201073,-2.724596,53.433589,3,2022
2022052202441,-3.093901,53.34388,2,2022
2023101300668,-1.425791,55.016714,3,2023
2022201205285,-1.933225,52.412925,3,2022
2022201227730,-1.866107,52.545551,3,2022
2024201530035,-1.91303,52.47161,3,2024
2023201410407,-2.134167,52.475473,3,2023
2022201231029,-2.0453,52.516499,2,2022
2024131531436,-1.76864,53.80665,3,2024
2022131239252,-1.632033,53.691957,3,2022
2024131493898,-1.76295,53.5785,3,2024
2023131263126,-1.538299,53.829825,3,2023
2023131260710,-1.373772,53.63061,2,2023
2023010461879,0.148062,51.541054,3,2023
2024010494459,-0.26097,51.54506,3,2024
2022010354330,-0.07609,51.404407,3,2022
2022010407647,-0.069262,51.382182,3,2022
2023010436055,-0.090235,51.365466,2,2023
2023010489869,-0.062132,51.343782,2,2023
2024010507108,-0.11234,51.38101,3,2024
2022010380190,-0.311086,51.520417,3,2022
2024010494422,-0.37186,51.53215,3,2024
2024010521913,-0.31114,51.50686,3,2024
2023010483061,-0.07295,51.5675,3,2023
2023010427864,-0.201749,51.477759,3,2023
2023010449158,-0.224652,51.510975,3,2023
2024010494652,-0.2277,51.49878,2,2024
2023010451713,-0.10987,51.597191,3,2023
2023010450528,-0.393603,51.484447,2,2023
2023010443553,-0.13162,51.568197,3,2023
2022010403937,-0.160753,51.496996,2,2022
2022010372194,-0.103634,51.433354,3,2022
2023010455037,-0.110765,51.492731,3,2023
2022010369729,-0.018831,51.465746,3,2022
2023010424214,0.009284,51.468298,3,2023
2023010429305,-0.014608,51.445603,3,2023
2023010432946,-0.030932,51.472596,3,2023
2024010521338,-0.05356,51.44022,3,2024
2024010536072,-0.04059,51.45247,3,2024
2022010408272,-0.204818,51.42341,3,2022
2024010516711,-0.28861,51.46167,3,2024
2023010456084,-0.045797,51.491693,3,2023
2024010524746,-0.04694,51.49319,3,2024
2022010403007,-0.047864,51.530953,3,2022
2022010410683,-0.054972,51.524866,3,2022
2024010488653,-0.05512,51.52551,3,2024
2024010511252,-0.01697,51.50505,3,2024
2022010357076,-0.119216,51.511391,3,2022
2022010413699,-0.175715,51.523884,3,2022
2023010457184,-0.14907,51.51442,3,2023
2024991531969,-4.81005,55.65781,3,2024
2022991133656,-3.168242,55.968389,2,2022
2022991212199,-3.143477,55.93649,3,2022
2024991427329,-3.23898,55.93633,3,2024
2022991153250,-2.895199,56.64376,3,2022
2022991241791,-4.208184,55.862847,2,2022
2024991450071,-4.22698,55.80403,2,2024
2024622400074,-3.9499,51.61905,3,2024
2023622300603,-3.258982,51.407801,2,2023
2022070132990,-2.557918,53.40537,3,2022
2023161352998,-0.353865,53.750061,3,2023
2024161514071,-0.3763,53.78703,2,2024
2023161380816,-0.047315,53.568685,3,2023
2024161502862,-0.06164,53.56824,2,2024
2023122300785,-1.073873,53.961378,3,2023
2023302300582,-1.517513,52.926372,2,2023
2022351251744,-0.232615,52.576805,2,2022
2022461191011,0.523394,51.377533,3,2022
2022430549464,-0.738565,51.523121,3,2022
2022430241808,-0.905179,51.467741,3,2022
2023070205274,-2.229046,53.327175,3,2023
2023070006348,-2.4361,53.084795,2,2023
2023501333449,-4.21398,50.35175,2,2023
2023552301190,-2.492168,50.612175,2,2023
2023340WN5872,-0.870425,52.259897,3,2023
2023122301008,-2.018782,53.95068,2,2023
2022061199000,-2.547603,53.600873,2,2022
2023061390511,-2.240238,53.456247,3,2023
2024061438345,-2.24157,53.47672,2,2024
2022061218819,-2.036525,53.490505,3,2022
2022061182725,-2.30332,53.449497,3,2022
2023052302037,-2.960134,53.384296,3,2023
2023052301628,-2.988899,53.455127,2,2023
2022052202087,-3.026514,53.385586,3,2022
2022141173823,-1.477979,53.558053,3,2022
2024141406666,-1.46979,53.32748,3,2024
2024201450616,-1.90741,52.41726,3,2024
2024201479906,-1.88654,52.45511,3,2024
2024201490221,-1.88739,52.50215,3,2024
2023201384327,-1.492242,52.407935,2,2023
2024201499144,-2.10449,52.60545,3,2024
2022131140480,-1.800302,53.815015,3,2022
2023131259250,-1.784415,53.835858,3,2023
2024131412056,-1.8216,53.65364,3,2024
2024131406140,-1.60804,53.7988,3,2024
2024131403337,-1.47224,53.69403,2,2024
2024101514457,-1.58795,54.94082,2,2024
2022010367822,-0.194078,51.61205,3,2022
2023010471619,-0.305516,51.5435,3,2023
2023010483261,-0.095229,51.359702,2,2023
2023010426812,-0.063361,51.650145,2,2023
2023010431303,-0.081133,51.56678,3,2023
2022010359656,-0.237571,51.493239,3,2022
2024010532527,-0.07655,51.59202,2,2024
2022010382723,-0.454345,51.52981,3,2022
2023010424054,-0.451331,51.505177,2,2023
2024010514887,-0.46544,51.52058,3,2024
2024010521726,-0.1395,51.45984,3,2024
2024010516966,-0.01704,51.44986,3,2024
2022010385665,0.056422,51.526509,3,2022
2022010397644,0.052923,51.517317,3,2022
2024010534631,0.02284,51.54136,3,2024
2022010380715,0.064728,51.572433,3,2022
2023010426614,-0.288394,51.4617,3,2023
2024010499805,-0.31105,51.41152,2,2024
2024010513888,-0.05104,51.52785,3,2024
2023010458968,-0.22218,51.467837,3,2023
2023010462716,-0.159288,51.514068,3,2023
2023010466010,-0.128368,51.510692,2,2023
2024010549999,-0.1508,51.51333,3,2024
2022351149581,0.127103,52.208291,3,2022
2022351240239,0.32752,52.271427,2,2022
2023351310122,-0.076551,52.403809,2,2023
2023351393003,0.138939,52.18441,2,2023
2023302300324,-1.269092,52.898261,2,2023
2024421479779,0.468,51.63575,2,2024
2024421518148,1.15516,51.78939,3,2024
2023531314260,-2.251236,51.857314,3,2023
2024440418190,-1.47477,51.21771,3,2024
2023411381363,-0.497775,51.649537,2,2023
2024411429944,-0.35422,51.81237,3,2024
2022461207190,1.346772,51.24824,3,2022
2023461377826,0.909859,51.141236,1,2023
2023041317853,-2.789312,54.04708,3,2023
2022332200463,-1.206827,52.778848,3,2022
2023311276149,-0.935459,53.324653,1,2023
2024311478021,-1.24396,53.09997,3,2024
2024211479771,-1.69826,52.64934,2,2024
2022371250773,1.578902,52.45035,2,2022
2024371453914,1.13234,52.0718,3,2024
2024371466194,0.71262,52.25143,3,2024
2022451183439,-0.568634,51.218545,2,2022
2023451327170,-0.343793,51.403074,3,2023
2024231499532,-1.51048,52.46307,3,2024
2022471193876,-0.239326,50.840868,3,2022
2023991266129,-2.965789,56.337671,2,2023
2023610048823,-3.246837,51.782224,3,2023
2024111534996,-1.5511,54.51542,2,2024
2024070493534,-2.55788,53.38629,3,2024
2023041334156,-2.483575,53.738184,2,2023
2023161340194,-0.441003,54.007085,3,2023
2023161352605,-0.884776,53.743143,2,2023
2024161476423,-0.0804,53.56708,3,2024
2022302202020,-1.504204,52.906486,2,2022
2022332200327,-1.112069,52.630545,2,2022
2023332301195,-1.122007,52.628614,3,2023
2024311406594,-1.19043,52.94405,3,2024
2024221504792,-2.46109,52.63906,3,2024
2022522203541,-2.506933,51.486858,3,2022
2022401250633,-0.480342,51.912744,3,2022
2023421269273,0.642666,51.562753,2,2023
2024430160271,-0.63097,51.53195,3,2024
2022430139465,-0.732059,51.997168,2,2022
2024471500023,-0.14328,50.83877,2,2024
2023440234752,-1.09414,50.793664,2,2023
2024440530508,-1.3776,50.94044,2,2024
2022070590152,-2.128899,53.24658,2,2022
202254B854522,-2.009745,51.355868,2,2022
2024546824024,-1.88208,51.54608,2,2024
2022401240700,-0.595969,52.075791,3,2022
2023101294430,-1.587341,55.083705,3,2023
2022552201582,-2.471452,50.611065,3,2022
2024552400607,-2.15873,50.88646,2,2024
2023430031531,-0.677131,51.592231,3,2023
202234WNC8332,-0.904217,52.22641,3,2022
2023052300386,-2.890743,53.367467,2,2023
2023052301400,-2.985666,53.402623,3,2023
2023052302447,-2.872108,53.428522,3,2023
2024052400612,-2.93035,53.46905,3,2024
2023052301226,-3.042138,53.440454,2,2023
2023052302678,-3.015052,53.365153,2,2023
2023141321539,-1.456525,53.38952,2,2023
2024141433941,-1.52205,53.39339,3,2024
2022101198888,-1.508337,55.01003,3,2022
2024101536304,-1.51034,54.97415,3,2024
2024201451410,-1.90047,52.47704,3,2024
2024201514674,-1.83157,52.49302,3,2024
2022201206085,-1.739661,52.385381,3,2022
2022201216145,-1.738116,52.477769,3,2022
2022131254853,-1.559553,53.785037,3,2022
2023131319181,-1.676534,53.753996,2,2023
2024131485725,-1.62553,53.8057,2,2024
2024131512985,-1.54937,53.8289,3,2024
2022131171406,-1.318207,53.692956,3,2022
2022101249864,-1.540556,54.954522,3,2022
2024481561489,-0.09455,51.52065,2,2024
2022010401891,0.091141,51.532244,3,2022
2023010433482,0.175753,51.478798,3,2023
2024010499430,0.10389,51.45313,3,2024
2022010353546,0.104368,51.40689,3,2022
2022010366899,-0.118951,51.517825,3,2022
2023010461753,-0.056072,51.373654,2,2023
2024010496913,-0.11407,51.39331,3,2024
2024010544507,-0.08707,51.37255,3,2024
2022010407826,-0.262782,51.522391,3,2022
2023010467069,-0.273431,51.508007,3,2023
2023010450351,0.097724,51.486317,2,2023
2023010452791,-0.056218,51.558231,3,2023
2023010473429,-0.224597,51.510165,2,2023
2022010412941,-0.111034,51.599053,3,2022
2023010446228,-0.122043,51.60485,2,2023
2023010468645,-0.124122,51.57823,3,2023
2024010496901,-0.33498,51.59316,2,2024
2024010502436,0.17912,51.56876,3,2024
2024010511904,-0.42641,51.46482,3,2024
2023010459783,-0.3905,51.484233,3,2023
2023010483448,-0.136979,51.560297,2,2023
2024010524397,-0.10849,51.53438,3,2024
2022010417714,-0.199689,51.508122,3,2022
2023010449527,-0.189173,51.485488,3,2023
2022010387001,-0.309872,51.391529,3,2022
2022010360930,0.020064,51.430703,2,2022
2024010545213,-0.00462,51.46019,3,2024
2023010479379,0.044524,51.533489,3,2023
2024010513447,0.09202,51.5655,3,2024
2024010546476,-0.08567,51.49487,3,2024
2024010517357,-0.17003,51.37565,3,2024
2023010429553,0.006654,51.557928,3,2023
2023010441865,0.008693,51.619574,3,2023
2023010457965,-0.029628,51.589307,3,2023
2024010489886,-0.01752,51.61697,2,2024
2022010391785,-0.17366,51.449816,2,2022
2023010480238,-0.159332,51.429602,3,2023
2022010373532,-0.131421,51.491002,2,2022
2022010415970,-0.154922,51.509054,3,2022
2023010477382,-0.15964,51.512473,3,2023
2024010528232,-0.12826,51.51129,2,2024
2024010546020,-0.19211,51.50989,3,2024
2024421463688,0.44002,51.56765,3,2024
2022440514528,-1.656427,50.755254,2,2022
2024041463110,-2.64914,53.63841,3,2024
2023361307641,1.294302,52.633061,2,2023
2022311233175,-1.128623,52.930225,3,2022
2023430511503,-1.240028,51.74872,3,2023
2024211458837,-2.08858,53.02443,2,2024
2024211518312,-1.66572,52.59817,2,2024
2022451204166,-0.456801,51.355491,2,2022
2022451227019,-0.271594,51.328202,3,2022
2024451475713,-0.27629,51.33421,2,2024
2022231253136,-1.496939,52.453813,2,2022
2023991330966,-2.703984,55.882102,3,2023
2024991403116,-4.26203,55.8439,2,2024
2022991188626,-3.769492,55.858705,3,2022
202260B005748,-3.220287,53.272853,3,2022
202263A005522,-4.114934,51.676051,3,2022
2023622300606,-4.054445,51.587172,3,2023
2022622200054,-3.461471,51.623527,2,2022
202417M204624,-1.21084,54.55592,3,2024
2023041313923,-2.476409,53.768053,3,2023
2023041322956,-2.482818,53.752811,2,2023
2022161266880,-0.33194,53.742648,3,2022
2024161487750,-0.32958,53.77736,3,2024
2023161378100,-0.654676,53.593004,3,2023
2023122400132,-1.082412,53.973721,3,2023
2023332300938,-1.105653,52.628555,3,2023
2024211537500,-2.19596,53.02654,2,2024
2023522324449,-2.674217,51.494899,2,2023
2023542526723,-1.751747,51.57972,3,2023
2023546995423,-1.80653,51.599766,3,2023
2024430424074,-0.64318,51.51981,2,2024
2023440340230,-1.447862,50.931203,3,2023
2022440466432,-1.1664,50.726658,3,2022
2023111330427,-1.660833,54.646275,2,2023
2022501190539,-5.080302,50.155679,2,2022
2024541035524,-1.78412,51.07721,3,2024
202454F017924,-1.99616,51.3542,3,2024
2024101455730,-1.70669,55.41372,3,2024
2024552401470,-1.8894,50.74452,3,2024
2022061200756,-2.26812,53.447828,3,2022
2024061502707,-2.21354,53.51331,3,2024
2024061448517,-2.64317,53.5305,3,2024
2023052300714,-2.961574,53.407493,3,2023
2024052402593,-2.92561,53.39986,1,2024
2023052301395,-2.650867,53.452009,3,2023
2022141184758,-1.269322,53.495784,2,2022
2022201153295,-1.900333,52.479877,3,2022
2023201286890,-1.864092,52.543858,2,2023
2023201342210,-1.823809,52.462294,3,2023
2024201496018,-1.84859,52.44297,3,2024
2024201553284,-1.93939,52.51432,3,2024
2023201298671,-1.993562,52.613805,2,2023
2024201504549,-1.92433,52.62693,3,2024
2022201248730,-2.11645,52.617883,2,2022
2024131543335,-1.80526,53.6556,2,2024
2023131360397,-1.534066,53.848378,3,2023
2024131466607,-1.46405,53.82525,2,2024
2024131575933,-1.62626,53.79864,3,2024
2022131131803,-1.349143,53.727553,2,2022
2023010433855,-0.153459,51.634574,2,2023
2023010448193,-0.314802,51.558759,3,2023
2023010466498,-0.204368,51.547086,3,2023
2022010353623,-0.181667,51.545972,2,2022
2022010386410,-0.122519,51.531668,3,2022
2023010435252,-0.318333,51.539306,3,2023
2022010414656,-0.032841,51.644584,3,2022
2023010433450,0.009339,51.492802,3,2023
2023010443759,-0.077954,51.528554,3,2023
2023010466725,-0.034453,51.553112,3,2023
2023010475380,-0.074046,51.549767,3,2023
2023010441004,-0.191749,51.477182,3,2023
2023010439576,-0.112389,51.57368,3,2023
2022010413944,-0.36115,51.55804,3,2022
2023010431330,-0.312464,51.592689,3,2023
2022010388398,0.220382,51.556686,3,2022
2022010399564,0.177346,51.576269,3,2022
2024010547765,-0.45173,51.527,3,2024
2022010397799,-0.183351,51.481225,2,2022
2023010474385,-0.17854,51.487391,2,2023
2023010486256,-0.21075,51.518569,3,2023
2022010379477,-0.12917,51.448171,3,2022
2023010454713,-0.124344,51.480935,3,2023
2023010464438,-0.115472,51.505738,3,2023
2024010519557,-0.13061,51.4252,3,2024
2024010522298,-0.20594,51.41287,3,2024
2024010545760,-0.3391,51.45586,3,2024
2022010364870,-0.076951,51.495211,3,2022
2022010373556,-0.078038,51.501218,2,2022
2022010412532,-0.068308,51.462147,3,2022
2023010446728,-0.083572,51.423882,3,2023
2024010517651,-0.09482,51.49552,2,2024
2024010537084,-0.0674,51.45727,2,2024
2023010423878,-0.131316,51.366641,3,2023
2022010370041,-0.154014,51.498347,3,2022
2022010374403,-0.143205,51.499157,3,2022
2023010453202,-0.159994,51.515491,3,2023
2024010545345,-0.13862,51.507,3,2024
2022351164822,0.147797,52.218562,3,2022
2022351155136,0.145499,52.176639,3,2022
2023302301989,-1.285445,52.890099,3,2023
2024421400750,0.47742,51.72382,3,2024
2024421509299,0.53742,51.7597,3,2024
2024531561317,-2.23024,51.85474,3,2024
2022440487562,-1.207611,50.949999,3,2022
2023440172706,-0.835355,51.28711,3,2023
2022411223481,-0.166634,51.884366,3,2022
2024411434734,-0.41653,51.6462,2,2024
2022461242285,1.409115,51.360598,3,2022
2022332201032,-1.195771,52.553846,3,2022
2023332300371,-1.171474,52.567434,3,2023
2024332400049,-1.21008,52.77909,3,2024
2023320236791,-0.032007,52.981235,3,2023
2024320391305,-0.60313,53.17831,2,2024
2022361201245,1.272086,52.631887,3,2022
2022991187245,-4.438773,56.065336,3,2022
2023991391473,-3.934446,56.117589,3,2023
2023991384861,-2.142726,57.127232,3,2023
2022991135534,-3.197022,55.952964,3,2022
2022991250020,-4.160417,55.845873,3,2022
2023631307496,-5.02517,51.718844,2,2023
2024622400738,-3.21634,51.48279,3,2024
2022610006822,-2.991886,51.59094,2,2022
2023170L50753,-0.891048,54.553582,3,2023
2022170S12232,-1.340106,54.571476,3,2022
2023332300254,-1.13043,52.639707,3,2023
2024311476876,-1.19085,52.96169,2,2024
2024520001688,-2.36542,51.38206,3,2024
2023522301523,-2.573926,51.457731,3,2023
2024522500254,-2.54503,51.47497,3,2024
2022461240052,0.564676,51.389246,3,2022
2023461366065,0.601306,51.365243,3,2023
2024461399535,0.54671,51.36864,3,2024
2024461414362,0.55844,51.3877,3,2024
2023430032702,-0.94843,51.433743,3,2023
2024440443234,-1.38645,50.91068,3,2024
2023111394240,-1.696355,54.639423,2,2023
2022401183504,-0.599546,52.268521,3,2022
2022101248903,-1.791394,54.995999,3,2022
2024552401233,-1.8713,50.81619,3,2024
202234NNC9172,-0.685147,52.439179,1,2022
2023340WN2902,-0.858203,52.275963,3,2023
2024340WN0372,-0.88501,52.24266,2,2024
2023122300131,-0.991064,53.726808,1,2023
2023122300823,-1.084327,53.786665,3,2023
2024351417975,-0.12726,52.33662,1,2024
2023471277740,-0.004095,50.793291,2,2023
2022421231394,0.483994,51.73683,2,2022
2024421474210,0.10117,51.75147,3,2024
2024411428377,-0.18306,51.86483,3,2024
2022461194036,0.720866,51.244165,3,2022
2024041432440,-2.70461,53.7371,2,2024
2024361408065,0.83489,52.55991,3,2024
2023361311917,0.851775,52.957233,3,2023
2024361535477,1.24075,52.63947,2,2024
2022311263056,-1.304194,53.010273,3,2022
2024311488013,-1.09136,52.95487,3,2024
2023430508663,-1.239109,51.750818,3,2023
2024430541450,-1.22925,51.74768,3,2024
2023211370448,-2.224362,53.020689,2,2023
2023451259061,-0.540493,51.325936,2,2023
2024451453570,-0.56101,51.30786,3,2024
2024471426782,-0.37268,50.82795,3,2024
2023411268772,-0.3286,51.750371,3,2023
2024061444252,-2.53897,53.59244,3,2024
2022061193788,-2.224188,53.593881,3,2022
2024061403307,-2.11007,53.60998,2,2024
2022061209595,-2.136004,53.388476,3,2022
2022061161547,-2.29601,53.46582,3,2022
2022061213521,-2.684134,53.541098,3,2022
2022052200761,-2.901693,53.487341,3,2022
2023052301472,-2.965,53.394701,3,2023
2023052302918,-2.914244,53.387622,3,2023
2024052401531,-2.95716,53.38462,3,2024
2024141495961,-1.47951,53.3791,3,2024
2024101450489,-1.69231,54.99201,2,2024
2024201457334,-1.49924,52.4485,2,2024
2023201281766,-2.129203,52.539586,3,2023
2023201459057,-1.99978,52.521938,3,2023
2023131381077,-1.53751,53.786886,3,2023
2024131527479,-1.53065,53.6429,2,2024
2024101483456,-1.60422,54.96369,3,2024
2023481374359,-0.086617,51.510711,3,2023
2023010430299,0.165821,51.480736,3,2023
2023010434073,-0.25743,51.538345,3,2023
2024010500133,-0.19278,51.53744,2,2024
2024010541453,-0.30513,51.50683,3,2024
2023010432312,-0.020526,51.481125,3,2023
2022010352714,-0.204804,51.476232,3,2022
2024010535643,0.22406,51.58704,3,2024
2024010517979,-0.09122,51.53738,3,2024
2023010426158,-0.160361,51.484194,2,2023
2022010382504,-0.125956,51.484476,3,2022
2023010423393,-0.106648,51.435624,3,2023
2023010429133,-0.011115,51.465382,2,2023
2024010490617,0.01853,51.44221,2,2024
2024010544465,-0.20689,51.38964,3,2024
2023010420639,0.048026,51.503563,3,2023
2023010420172,0.07639,51.54712,3,2023
2023010421048,-0.09025,51.504826,2,2023
2022010418311,-0.131757,51.37699,2,2022
2023010451249,-0.027541,51.572501,3,2023
2022010365010,-0.131592,51.508316,2,2022
2022010372940,-0.174854,51.514033,3,2022
2022010394963,-0.122119,51.513353,3,2022
2024010501013,-0.14077,51.51464,3,2024
2023991344907,-3.172771,55.95972,3,2023
2022991132217,-3.504566,55.918168,3,2022
2024991399749,-4.29745,55.87006,2,2024
2023991318285,-3.767219,55.8565,2,2023
2024991484390,-3.99596,55.78903,3,2024
2022622200271,-3.125022,51.525969,3,2022
2022170M31082,-1.208459,54.521797,3,2022
2022070285574,-2.611942,53.390238,3,2022
2022070770763,-2.595097,53.408274,3,2022
2022041147634,-3.036893,53.810823,1,2022
2022041257849,-3.045815,53.808031,2,2022
2024161418648,-0.43982,53.68385,2,2024
2024332400665,-1.12461,52.61124,3,2024
2024332401054,-1.13753,52.66572,2,2024
2023311262901,-1.214526,52.978477,3,2023
2023311309522,-1.13027,52.979392,3,2023
2023311364837,-1.211385,53.004552,3,2023
2022522300081,-2.563162,51.457891,3,2022
2023501276055,-4.165479,50.410048,3,2023
2022351191524,-0.253557,52.556752,3,2022
2024421477875,0.34154,51.48962,3,2024
2023461269589,0.562492,51.41935,3,2023
2022430054053,-0.542333,51.496766,3,2022
2024440262118,-1.07145,50.80314,3,2024
2022401224616,-0.530284,52.094213,3,2022
2024401506505,-0.49406,52.11641,3,2024
2024552400961,-1.90496,50.75266,3,2024
2024552400932,-1.89034,50.80118,3,2024
2023430114914,-0.857995,51.804011,2,2023
2024430566427,-0.78456,51.80574,3,2024
2024340NN3822,-0.70615,52.40864,2,2024
2024122400059,-1.27398,54.41273,1,2024
2022520203529,-3.247001,51.021402,3,2022
2024061470067,-2.31793,53.60129,3,2024
2024052400213,-2.96299,53.42164,3,2024
2024052401469,-2.96319,53.46714,3,2024
2024052402689,-3.0045,53.64888,3,2024
2024052402886,-2.94306,53.51618,2,2024
2022052202237,-3.029139,53.384718,3,2022
2023141321844,-1.479026,53.536674,3,2023
2022141146256,-1.146216,53.546608,3,2022
2022141208835,-1.326981,53.506217,2,2022
2023141273563,-1.443794,53.357983,2,2023
2022201263270,-1.863597,52.532342,3,2022
2022131167806,-1.729306,53.823388,3,2022
2022131150571,-1.533771,53.83396,2,2022
2023131306902,-1.566453,53.828267,3,2023
2024131414808,-1.62079,53.80424,3,2024
2022481261500,-0.083584,51.516381,3,2022
2023481374349,-0.07781,51.510756,3,2023
2024010545232,-0.23999,51.59455,3,2024
2023010426359,-0.221163,51.546892,3,2023
2023010475784,-0.119732,51.39097,2,2023
2023010477298,0.024169,51.479292,3,2023
2024010522901,-0.05234,51.53757,3,2024
2024010497920,-0.39765,51.53005,3,2024
2023010443370,-0.116223,51.531199,3,2023
2024010523584,-0.19245,51.48865,2,2024
2022010380062,-0.129562,51.423079,3,2022
2023010423704,-0.128948,51.421891,3,2023
2023010442035,-0.101559,51.477483,3,2023
2024010544396,-0.10707,51.4737,3,2024
2023010484612,-0.024095,51.444522,3,2023
2024010528650,-0.02632,51.47498,3,2024
2023010484240,0.043407,51.531098,3,2023
2023010421779,0.124288,51.569382,2,2023
2023010454195,-0.070396,51.490796,3,2023
2024010518231,-0.05839,51.49882,3,2024
2022010368756,-0.216607,51.461979,3,2022
2023010441190,-0.151601,51.432259,3,2023
2022010388792,-0.16801,51.501777,3,2022
2022010415804,-0.136921,51.509084,3,2022
2023010449627,-0.201519,51.522754,2,2023
2023010453854,-0.164004,51.529034,3,2023
2024010542996,-0.17465,51.51386,2,2024
2022351240357,0.159152,52.241374,3,2022
2023471375503,0.597531,50.867338,3,2023
2024531466048,-2.07933,51.90488,3,2024
2023440261115,-1.465874,50.937671,3,2023
2024461524117,1.39682,51.34849,2,2024
2023041368031,-2.632426,53.652713,2,2023
2024320485193,-0.42054,53.00288,3,2024
2024320768420,-0.50849,53.24356,3,2024
2022361248676,1.304774,52.628245,3,2022
2023311381722,-1.05812,53.416778,3,2023
2024211436743,-1.69076,52.62596,3,2024
2023451305499,-0.456056,51.373781,2,2023
2023451309524,-0.318725,51.391935,3,2023
2023451326768,-0.49506,51.38793,3,2023
2022471219407,-0.384865,50.807657,3,2022
2022991229436,-3.271005,55.939535,2,2022
2023991259751,-3.248187,55.932445,2,2023
2022991258170,-2.983781,56.477878,3,2022
2023170M10583,-1.249651,54.578885,3,2023
2023122300301,-1.069279,53.954826,3,2023
2024122500072,-1.07143,53.95863,3,2024
2022311138920,-1.181502,52.940121,2,2022
2024311499496,-1.15983,52.98812,2,2024
2022522205509,-2.675328,51.487187,3,2022
2023522300393,-2.577608,51.441627,3,2023
2023522301794,-2.565624,51.457961,3,2023
2024522402541,-2.57913,51.45751,3,2024
2022546338122,-1.807961,51.568433,3,2022
2022430224615,-0.962574,51.436153,3,2022
2024440466944,-1.16268,50.73024,3,2024
2022111129252,-1.583025,54.629731,3,2022
2022221244890,-2.939146,52.89371,3,2022
2023501272835,-4.732307,50.470833,3,2023
2022552201299,-1.923377,50.723343,2,2022
2024552401000,-1.84298,50.7326,3,2024
2024430039079,-0.70593,51.70489,3,2024
202234NNC7792,-0.701223,52.3131,2,2022
2023122300373,-1.536732,53.990998,3,2023
2024122400687,-1.99144,53.90127,3,2024
2024122500560,-1.61345,54.04551,1,2024
2023520301650,-2.450372,51.111455,2,2023
2024061419578,-2.16982,53.51705,2,2024
2023061281159,-2.420967,53.446947,3,2023
2023061336135,-2.525034,53.497859,2,2023
2023052300799,-2.967777,53.410356,2,2023
2023052302041,-2.914461,53.422273,3,2023
2022052202022,-3.040838,53.418047,3,2022
2023052301249,-3.113835,53.394026,3,2023
2022141219883,-1.143794,53.511086,2,2022
2022141215406,-1.324767,53.398727,1,2022
2024141506255,-1.50229,53.42611,3,2024
2023101263543,-1.617266,54.97152,3,2023
2022201256498,-1.833907,52.442404,3,2022
2022201195145,-1.887378,52.502143,3,2022
2022201181907,-1.843357,52.528127,3,2022
2024201506043,-1.96643,52.45981,3,2024
2024201525715,-1.95864,52.48258,2,2024
2023201346283,-1.714345,52.444756,2,2023
2024201492479,-1.8024,52.39085,2,2024
2024201492187,-2.10564,52.55662,3,2024
2023131279489,-1.792979,53.800092,3,2023
2023131332141,-1.788182,53.806097,3,2023
2023131314586,-1.835631,53.686153,2,2023
2023131315294,-1.641597,53.714178,3,2023
2024131398073,-1.56262,53.76427,2,2024
2022010360738,0.097091,51.373234,3,2022
2022010355820,-0.193553,51.538278,2,2022
2024010541623,-0.12737,51.51743,2,2024
2024010532637,-0.06643,51.39241,2,2024
2022010418827,-0.368809,51.547599,2,2022
2024010495785,-0.30468,51.51256,3,2024
2022010356388,-0.065041,51.611703,3,2022
2024010542991,-0.06464,51.61378,2,2024
2022010366004,-0.069623,51.570763,3,2022
2023010434800,-0.077965,51.549858,3,2023
2023010441667,-0.102171,51.563318,2,2023
2023010446379,-0.053437,51.551063,3,2023
2023010464251,-0.043954,51.557245,3,2023
2022010410692,-0.111842,51.604291,3,2022
2024010548921,-0.05623,51.58774,3,2024
2023010423896,0.204759,51.574894,3,2023
2022010402772,-0.116583,51.561599,3,2022
2023010484837,-0.166007,51.498194,3,2023
2022010370854,-0.017236,51.448723,3,2022
2024010532526,0.06431,51.54818,3,2024
2022010357567,-0.280524,51.463869,3,2022
2024010521606,-0.352,51.41034,3,2024
2022010408918,-0.072932,51.471306,3,2022
2023010443739,-0.164337,51.425337,3,2023
2024010545388,-0.17662,51.46391,3,2024
2022010364450,-0.127052,51.511858,3,2022
2023010452079,-0.124964,51.494604,3,2023
2023010479585,-0.16397,51.514834,3,2023
2024351485345,-0.24219,52.23159,3,2024
2024302401612,-1.31394,52.99239,3,2024
2023501287007,-3.540571,50.719076,2,2023
2022421211579,0.246959,52.042096,3,2022
2024421448534,0.54956,51.56745,3,2024
2024531403428,-2.08287,51.89457,3,2024
2024531477095,-2.6168,51.79428,3,2024
2023440062789,-1.342922,50.968158,3,2023
2022411228620,-0.244197,51.766432,3,2022
2022411262025,-0.391104,51.654697,2,2022
2023411292433,-0.449402,51.741624,3,2023
2023461388488,0.274966,51.147239,2,2023
2024461397529,0.51419,51.26405,3,2024
2023041372926,-2.72676,53.761628,3,2023
2023041381850,-2.242818,53.788681,3,2023
2022332200347,-1.517105,52.746175,2,2022
2024332400838,-1.28297,52.75996,2,2024
2023211275681,-1.641893,52.793588,2,2023
2024211528538,-1.91039,52.94499,1,2024
2024371516140,0.40106,52.24369,3,2024
2023451260868,-0.554883,51.315602,3,2023
2023991392025,-3.287608,55.915901,3,2023
2023991259262,-2.92463,56.477632,3,2023
2022991250127,-4.303405,55.820773,3,2022
2023991329102,-4.241366,55.859029,3,2023
202260B029104,-2.989412,53.04599,3,2022
2024631419977,-4.60964,52.06747,3,2024
2024622400795,-3.79153,51.59385,2,2024
2022610035822,-2.96698,51.582542,3,2022
2024041514730,-2.47476,53.74322,2,2024
2022041152890,-3.030769,53.814992,3,2022
2023161282473,-0.363061,53.751499,2,2023
2024161450128,-0.31455,53.79227,3,2024
2024161436170,-0.38964,53.82257,2,2024
2022302200207,-1.474738,52.909866,3,2022
2024302400144,-1.42941,52.89541,3,2024
2023221305206,-2.452923,52.67681,3,2023
2022522200951,-2.541565,51.477919,3,2022
2022522201156,-2.600209,51.458939,3,2022
2023522300474,-2.584007,51.485241,3,2023
2023522400620,-2.491316,51.493084,2,2023
2023501367816,-4.137142,50.375243,2,2023
202354A623823,-1.775325,51.583274,3,2023
2022430081609,-0.745582,52.033961,3,2022
2022471179931,-0.183709,50.833073,3,2022
2022471201791,-0.141604,50.824792,2,2022
2022440368264,-1.076906,50.797028,3,2022
2024440301929,-1.04303,50.83544,2,2024
2024440271730,-1.29642,50.75147,3,2024
2023071118123,-2.518456,53.193026,2,2023
2023401354093,-0.517769,52.288787,3,2023
2022552201082,-1.832345,50.738329,3,2022
2024552401385,-1.92659,50.75143,3,2024
2022430445609,-0.725743,51.646189,3,2022
2023340WN0042,-0.88266,52.241223,3,2023
2024340WN3462,-0.89853,52.24262,2,2024
2024031440941,-2.92934,54.87784,3,2024
2023061267895,-2.23459,53.478037,2,2023
2022061243214,-2.129162,53.536757,3,2022
2022061160128,-2.524902,53.506695,2,2022
2022052200239,-2.97148,53.438191,3,2022
2022052200575,-2.930307,53.369898,2,2022
2022052300243,-2.976317,53.430529,3,2022
2022052203150,-2.750458,53.454203,3,2022
2022141177235,-1.135349,53.550377,2,2022
2023141281535,-1.312548,53.49987,2,2023
2024141481150,-1.35361,53.49535,2,2024
2022141140481,-1.433992,53.364103,2,2022
2024141468526,-1.45268,53.39305,3,2024
2023101267624,-1.427712,54.922358,2,2023
2023101347594,-1.383122,54.913045,2,2023
2024201461751,-1.82763,52.44566,3,2024
2024201468490,-1.80331,52.52481,2,2024
2024201502955,-1.9179,52.50237,2,2024
2024131526330,-1.7761,53.77741,3,2024
2023131358220,-1.83192,53.709428,3,2023
2022131235247,-1.4854,53.800839,3,2022
2023101377865,-1.623392,54.947887,3,2023
2024010497313,-0.17675,51.61557,3,2024
2023010450608,0.18397,51.478367,3,2023
2023010456541,0.162535,51.473368,3,2023
2022010413749,-0.316969,51.556344,3,2022
2022010405296,-0.055296,51.411285,3,2022
2023010466677,-0.374936,51.510015,2,2023
2023010436750,0.037895,51.493209,2,2023
2023010461283,0.059535,51.479198,3,2023
2023010480571,0.072772,51.482723,3,2023
2024010516160,-0.07769,51.52311,3,2024
2022010383903,-0.141281,51.573674,2,2022
2023010421716,-0.308871,51.618679,2,2023
2022010416711,-0.419038,51.50569,3,2022
2022010414102,-0.094454,51.534273,2,2022
2023010434729,-0.151245,51.485606,3,2023
2024010502421,-0.16368,51.49702,3,2024
2023010457626,-0.100543,51.450291,3,2023
2024010488580,-0.02706,51.46319,3,2024
2022010391159,0.056994,51.548145,3,2022
2023010431823,0.031691,51.533496,3,2023
2023010466832,-0.089676,51.480312,3,2023
2024010509618,-0.19176,51.36029,2,2024
2022010400048,-0.048192,51.53104,3,2022
2023010482183,-0.022297,51.49013,2,2023
2024010507993,-0.05642,51.53018,3,2024
2022010393663,-0.005514,51.586786,3,2022
2022010385421,-0.153608,51.432785,3,2022
2023010449477,-0.146935,51.419569,3,2023
2023010451014,-0.218985,51.45671,3,2023
2022010381662,-0.147795,51.512808,3,2022
2023010443980,-0.187698,51.513243,2,2023
2023010457400,-0.150547,51.508535,3,2023
2022351288979,0.134164,52.216966,2,2022
2022351248790,0.112202,52.170918,3,2022
2024351477657,0.10175,52.21853,2,2024
2022302202238,-1.404351,53.170338,3,2022
2022471160584,0.290717,50.769579,3,2022
2024421490451,0.45566,51.72743,3,2024
2024421487783,0.52193,51.85721,2,2024
2024421513244,0.46673,51.74137,3,2024
2024531493648,-2.26124,51.85229,3,2024
2023440107570,-1.483703,50.914811,3,2023
2023411325244,-0.326992,51.749971,3,2023
2023411343087,-0.011543,51.769831,2,2023
2023411397537,-0.199902,52.049475,3,2023
2022461181856,1.041961,51.266126,3,2022
2024461474460,0.37517,51.41871,3,2024
2023041340053,-2.716565,53.640348,3,2023
2024041517037,-2.80154,54.03642,3,2024
2023332300318,-1.103504,52.583345,3,2023
2022320470569,-0.497147,53.24296,2,2022
2024361485920,0.39013,52.73156,3,2024
2024311412737,-1.19884,53.17195,3,2024
2024211513266,-1.69483,52.62396,1,2024
2023451293000,-0.275115,51.179506,2,2023
2023471349288,-0.434544,50.822013,3,2023
2024471436631,-0.28694,50.82907,3,2024
2023991332467,-3.568576,57.63634,3,2023
2022991248177,-2.654441,56.728522,3,2022
202460Q171589,-4.51516,53.27478,2,2024
2023161295321,-0.646577,53.559905,3,2023
2022122200504,-1.091222,53.955569,3,2022
2022302200612,-1.485809,52.885328,2,2022
2023332301035,-1.071357,52.658794,2,2023
2023311352806,-1.19315,52.961074,3,2023
2024520001473,-2.47946,51.33134,3,2024
20225222BR199,-2.598134,51.456603,3,2022
2022522205060,-2.5454,51.474772,3,2022
2022501231756,-3.54019,50.484118,3,2022
2024471449615,-0.16338,50.83259,3,2024
2022440425823,-1.425944,50.916466,3,2022
2024071042494,-2.03356,53.35995,3,2024
2022221260321,-2.755148,52.710168,3,2022
2024549878224,-2.13317,51.30816,3,2024
2024520403343,-2.33434,51.2171,3,2024
2023061323033,-2.25703,53.488714,3,2023
2024061445752,-2.27663,53.46205,3,2024
2024061455869,-2.63697,53.48811,2,2024
2022052201376,-2.864649,53.46517,3,2022
2024052402337,-2.95445,53.38091,3,2024
2023052302359,-2.753053,53.459606,3,2023
2024141459327,-1.40194,53.52245,3,2024
2024141475835,-1.47489,53.55257,2,2024
2024101482065,-1.64494,54.97043,3,2024
2024101440230,-1.44034,54.9737,3,2024
2022101251105,-1.45835,54.887873,2,2022
2022201265249,-1.781955,52.455329,2,2022
2024201473594,-2.02341,52.55559,2,2024
2022131151904,-1.562225,53.844745,3,2022
2022131232322,-1.577721,53.678934,2,2022
2023101337111,-1.581472,54.960017,2,2023
2024101526292,-1.57818,54.90193,3,2024
2024010536710,0.07704,51.53577,3,2024
2024010523183,0.17397,51.47351,3,2024
2024010522473,-0.24664,51.53723,3,2024
2022010373156,-0.104921,51.398771,2,2022
2022010393282,-0.116212,51.397919,3,2022
2023010459240,-0.10488,51.362197,3,2023
2024010538591,-0.10087,51.61491,3,2024
2023010459751,0.067128,51.492634,3,2023
2023010476969,-0.105007,51.533958,3,2023
2024010508033,-0.10585,51.54764,3,2024
2024010520199,-0.10055,51.54372,3,2024
2024010543653,-0.12112,51.56607,3,2024
2024010539265,-0.1879,51.50235,3,2024
2022010353992,-0.145802,51.454658,3,2022
2022010385485,-0.202777,51.414215,3,2022
2022010411381,-0.190172,51.389984,3,2022
2023010423209,0.0222,51.532761,3,2023
2023010433825,-0.001892,51.541672,3,2023
2023010431293,-0.337987,51.425994,3,2023
2023010463742,-0.36236,51.412957,3,2023
2023010482445,-0.363755,51.426636,3,2023
2022010355810,-0.080658,51.461847,3,2022
2022010388986,-0.074268,51.500437,3,2022
2023010431518,-0.177493,51.377387,3,2023
2022010358211,-0.028827,51.514727,3,2022
2024010502273,-0.00123,51.50947,3,2024
2023010481301,-0.155933,51.513638,3,2023
2022302201094,-1.452733,53.232442,3,2022
2023501367379,-3.535953,50.715171,3,2023
2023421387088,1.128755,51.80389,3,2023
2023440050892,-1.096858,51.258603,3,2023
2023411321038,0.174139,51.869839,3,2023
2022461149539,1.383012,51.377987,3,2022
2024461450130,1.08667,51.27537,3,2024
2024461480589,0.38432,51.4392,3,2024
2023041384517,-2.905272,53.558414,3,2023
2023320322566,-0.542244,53.229181,3,2023
2023320488380,-0.490927,52.659226,3,2023
2022361203158,1.725517,52.60597,2,2022
2024430257513,-1.33827,52.06055,2,2024
2024371465231,0.71156,52.06543,2,2024
2022451150837,-0.331243,51.232181,3,2022
2024451402314,-0.60415,51.19581,3,2024
2023471283482,-0.380645,50.832815,3,2023
2023471314480,-0.170025,51.135813,2,2023
2024471473578,-0.67858,50.78076,3,2024
2023991342514,-4.158149,55.760246,2,2023
2024991424963,-2.4346,57.05587,1,2024
2022622200338,-3.238921,51.47996,3,2022
2022622200848,-3.195527,51.481409,3,2022
2023622300558,-3.455998,51.62855,3,2023
2022170M10622,-1.244852,54.568142,3,2022
202417L402324,-0.97825,54.58153,3,2024
2023070152622,-2.710164,53.373245,2,2023
2024161526468,-0.39055,53.75006,3,2024
2022161164799,-0.486732,53.818932,3,2022
2024161430406,-0.031,53.56429,3,2024
2024161513757,-0.03005,53.52739,3,2024
2023302300180,-1.510309,52.89639,3,2023
2023302300653,-1.480331,52.954468,3,2023
2024332401022,-1.1107,52.63091,3,2024
2024311473591,-1.13567,52.9515,3,2024
20225222BR046,-2.622149,51.486762,3,2022
2022522203023,-2.601745,51.455344,3,2022
2024501532503,-4.13858,50.4107,2,2024
2022549378622,-1.777254,51.569521,3,2022
2022471152453,-0.125736,50.835627,2,2022
2022440115701,-1.048129,50.825708,2,2022
2023440500366,-1.043574,50.852712,3,2023
2024440027530,-1.41499,50.90641,2,2024
2024111403129,-1.67649,54.66166,3,2024
2024501470869,-5.30076,50.21304,3,2024
2023552300930,-2.93671,50.725242,3,2023
2024520402424,-2.49126,51.2576,2,2024
2023351315998,0.150429,52.23122,3,2023
2024351436053,0.11862,52.22098,2,2024
2023440329890,-0.806058,51.078282,2,2023
2022440245603,-1.548699,50.756929,3,2022
2024411534285,-0.33299,51.63389,3,2024
2023461349869,1.441733,51.358141,3,2023
2024461469429,1.38828,51.37341,3,2024
2023041369642,-2.863985,53.752278,2,2023
2023320599049,0.249348,53.341668,3,2023
2023361331597,1.275098,52.660116,3,2023
2023361301591,1.294246,52.622684,2,2023
2024311441740,-1.24277,52.99945,3,2024
2022430435734,-1.239285,51.750738,2,2022
2024371406765,0.72998,52.04088,3,2024
2022371154590,0.92544,52.230519,3,2022
2022451236177,-0.43276,51.388282,3,2022
2022451162492,-0.079868,51.308327,2,2022
2024451407798,-0.01547,51.18565,2,2024
2024451483162,-0.57885,51.3177,3,2024
2022231188024,-1.535722,52.297497,3,2022
2023471383450,-0.183114,51.143562,3,2023
2022411253913,-0.308644,51.746687,3,2022
2023371344027,0.623513,52.450096,3,2023
2022061261154,-2.231765,53.415923,3,2022
2022061191470,-2.371436,53.490562,2,2022
2023052300254,-2.874886,53.467037,2,2023
2022052200057,-2.935072,53.413843,2,2022
2024052400347,-2.96546,53.45077,3,2024
2024052401268,-3.00472,53.65045,3,2024
2022141206312,-0.898476,53.568098,3,2022
2024141412587,-1.34876,53.42718,2,2024
2023141368934,-1.487323,53.382987,3,2023
2022201235105,-1.906199,52.477338,3,2022
2022201276343,-1.89408,52.453396,3,2022
2023201418584,-1.964887,52.419034,3,2023
2024201472279,-1.92807,52.50267,3,2024
2024201484150,-1.89257,52.48552,3,2024
2022201262344,-1.522014,52.442949,3,2022
2024201451137,-1.83566,52.36765,2,2024
2022201224064,-1.945092,52.600236,3,2022
2024131395685,-1.50612,53.80663,3,2024
2022481289328,-0.078135,51.51434,3,2022
2022010401923,0.110393,51.549777,3,2022
2023010482318,-0.207663,51.604498,2,2023
2024010486920,-0.25032,51.55568,2,2024
2023010439482,-0.108383,51.52208,3,2023
2023010486215,-0.13823,51.550848,2,2023
2022010363210,-0.362412,51.510453,3,2022
2022010412344,-0.324671,51.495892,3,2022
2024010544454,-0.11034,51.60842,3,2024
2022010413073,0.057249,51.450785,3,2022
2023010433275,-0.075356,51.549132,3,2023
2022010353643,-0.102226,51.546035,3,2022
2024010541102,-0.18347,51.49238,3,2024
2023010427216,-0.115582,51.461847,3,2023
2024010493793,-0.03282,51.47598,3,2024
2024010530921,-0.00202,51.44213,3,2024
2024010551766,0.01107,51.53439,3,2024
2022010391895,-0.287064,51.433004,3,2022
2023010450566,-0.094519,51.482288,3,2023
2023010451029,-0.074022,51.486782,3,2023
2024010512373,-0.07168,51.48861,2,2024
2024010527670,-0.07544,51.48758,3,2024
2023010460524,-0.177547,51.472196,2,2023
2024010491482,-0.13789,51.51009,3,2024
2024991513698,-5.82862,56.95479,2,2024
2024991509647,-2.18252,57.17908,2,2024
2022991186969,-3.233512,55.934076,3,2022
202260B181025,-3.81124,53.322065,3,2022
2022622200643,-3.94455,51.643692,2,2022
2023610020123,-3.245408,51.781367,3,2023
2023631330218,-3.126834,52.07129,2,2023
2022111233009,-1.487904,54.52075,3,2022
2022041241374,-3.021492,53.826379,1,2022
2023041370916,-3.039196,53.824088,3,2023
2022161231572,-0.273381,53.757352,3,2022
2024161510882,-0.03375,53.52416,3,2024
2024122400489,-1.09281,53.91663,3,2024
2022332201094,-1.123815,52.637977,3,2022
2023332300009,-1.09729,52.652297,3,2023
2024221488982,-2.45248,52.64969,3,2024
20225222BR253,-2.600276,51.402588,3,2022
2022522203786,-2.598581,51.452258,3,2022
2022522205239,-2.553522,51.459421,3,2022
2023401396415,-0.470105,51.915804,3,2023
2024461442614,0.51329,51.34886,3,2024
2022430468404,-0.977645,51.464798,3,2022
2023430415209,-1.038462,51.461536,3,2023
2023440329970,-1.085214,50.824296,3,2023
2023440510599,-1.044699,50.794106,3,2023
2024440541191,-1.0719,50.78847,2,2024
2024440515507,-1.3921,50.90422,2,2024
2022111154252,-1.573667,54.854867,3,2022
2022070692255,-2.322539,53.313152,3,2022
2024070604055,-2.4305,53.09655,3,2024
2023552301537,-1.872789,50.717714,3,2023
202234NNC4572,-0.719451,52.30875,2,2022
2023122300843,-0.578147,54.459461,3,2023
2022421161244,0.031761,51.625345,3,2022
2024531431150,-2.1123,51.89608,2,2024
2023440467906,-1.06839,51.292963,2,2023
2022440373852,-0.753231,51.296048,3,2022
2024411410154,-0.05835,51.71865,3,2024
2022411180183,-0.383227,51.643663,2,2022
2023461264683,0.531074,51.27547,3,2023
2022461247804,1.412431,51.381613,3,2022
2023461448800,1.303699,51.376367,3,2023
2023041320016,-2.138217,53.805295,2,2023
2024041405026,-2.36018,53.74981,2,2024
2022041246434,-2.794625,54.033374,2,2022
2024320614465,-0.4751,53.18136,2,2024
2023320115424,-0.668834,52.909684,3,2023
2023361342852,0.637194,52.962919,2,2023
2024361488800,0.41009,52.76631,2,2024
2024430564489,-0.97349,51.74514,3,2024
2022211192691,-2.025996,52.689873,3,2022
2024451520491,-0.55079,51.32486,3,2024
2022231150326,-1.419434,52.47606,1,2022
2024231498922,-1.536,52.26083,2,2024
2024471502734,-0.54304,50.81148,3,2024
2023471319569,-0.071682,51.088089,3,2023
2024471471942,-0.19586,50.91937,3,2024
2022221233650,-2.217134,52.063091,2,2022
2023411295921,-0.226687,51.754309,3,2023
20225222TD573,-3.105856,51.027149,3,2022
2022061212097,-2.222855,53.452703,2,2022
2023061310387,-2.212702,53.53306,3,2023
2024061502337,-2.24521,53.41782,2,2024
2022061155761,-2.363788,53.479251,2,2022
2023052301980,-2.916551,53.371137,3,2023
2022141179974,-1.03322,53.591663,3,2022
2022141202050,-1.166933,53.503798,3,2022
2024141531992,-1.19615,53.42598,2,2024
2024141531474,-1.58863,53.48152,3,2024
2024101509047,-1.57389,54.97834,3,2024
2022201242257,-1.987827,52.411909,2,2022
2024201491909,-1.78167,52.45325,3,2024
2023201420130,-1.531678,52.413995,3,2023
2022201256875,-2.128851,52.48509,3,2022
2024201461574,-1.9981,52.55106,2,2024
2024201530465,-1.82635,52.41061,3,2024
2023201388199,-2.097127,52.569508,2,2023
2024131457540,-1.92324,53.86248,3,2024
2024131517392,-1.71305,53.81067,3,2024
2022131223317,-1.88337,53.714657,2,2022
2024131527873,-1.61585,53.65942,2,2024
2022131222051,-1.569657,53.81654,3,2022
2023131272112,-1.628811,53.829213,2,2023
2024131528744,-1.56786,53.80374,3,2024
2023010443983,-0.12923,51.525876,3,2023
2024010537596,-0.14184,51.54332,3,2024
2022010378549,-0.256828,51.506557,2,2022
2023010420481,-0.138163,51.636517,2,2023
2022010413377,-0.206722,51.474328,3,2022
2022010353429,-0.377747,51.465344,3,2022
2023010457388,-0.05126,51.473349,2,2023
2022010388238,0.018731,51.520509,3,2022
2023010468839,0.058661,51.520859,3,2023
2024010492654,0.09699,51.5473,3,2024
2023010467468,-0.092144,51.48983,3,2023
2023010434473,-0.0185,51.525524,3,2023
2023010448108,-0.064774,51.526251,3,2023
2022010353469,-0.165324,51.428707,3,2022
2022010372084,-0.200183,51.449858,3,2022
2022010402092,-0.161406,51.473248,3,2022
2024010522713,-0.15079,51.44447,2,2024
2023010448462,-0.129486,51.497464,3,2023
2023010467371,-0.187706,51.513773,3,2023
2022991236797,-4.210954,55.764457,2,2022
2023991299971,-3.713068,55.897049,3,2023
2024991399208,-4.26124,55.86118,3,2024
202260B180579,-3.818409,53.321174,3,2022
2023041366630,-3.049792,53.795224,2,2023
2022161268670,-0.381757,53.782002,3,2022
2024332400145,-1.18818,52.63722,2,2024
2024332400199,-1.14924,52.60732,3,2024
2024311407619,-1.18681,52.94596,1,2024
2024311416957,-1.19344,52.99765,3,2024
2023520000554,-2.354712,51.391603,3,2023
2022522205514,-2.609481,51.464529,3,2022
2024522401806,-2.5966,51.45801,3,2024
2024522402263,-2.58356,51.49232,3,2024
2022547300622,-1.784027,51.568239,3,2022
2024430327354,-0.96855,51.43418,3,2024
2023471306792,-0.124576,50.833027,3,2023
2022440057692,-1.08269,50.787136,3,2022
2022440336886,-1.041608,50.80927,3,2022
2022501157374,-5.411922,50.186183,3,2022
2023501340083,-4.989033,50.522115,2,2023
2024501514954,-5.28105,50.22363,2,2024
202254D222522,-2.213811,51.312243,3,2022
2023401349548,-0.593627,51.877926,3,2023
2022552200075,-1.885513,50.756576,3,2022
2022552200489,-1.953119,50.745382,3,2022
202234WNC7342,-0.836641,52.25644,3,2022
2023031262706,-2.944911,54.894452,3,2023
2022122200590,-0.400933,54.274839,3,2022
2023122400016,-1.435552,54.337548,3,2023
2024061463218,-2.4655,53.5566,3,2024
2023061373461,-2.175732,53.542442,3,2023
2024061420437,-2.16956,53.59568,3,2024
2024061443766,-2.20188,53.40951,3,2024
2022052201190,-2.957405,53.423482,3,2022
2024052401799,-3.08888,53.40787,3,2024
2022141169693,-1.353782,53.536368,3,2022
2024141410015,-1.51932,53.56675,3,2024
2022141190306,-1.079319,53.517097,3,2022
2022141249587,-1.336584,53.473426,3,2022
2024141517061,-1.44349,53.42784,2,2024
2022101179309,-1.530605,54.91064,3,2022
2022201268363,-1.902172,52.474161,3,2022
2023201409584,-1.892353,52.558181,3,2023
2022201151783,-1.498975,52.41574,3,2022
2024201531283,-2.07607,52.56745,3,2024
2024131460145,-1.73934,53.8029,3,2024
2022131179354,-1.523758,53.817787,3,2022
2023131360709,-1.575461,53.804301,3,2023
2024131443730,-1.50541,53.68328,3,2024
2024481563471,-0.09073,51.51172,3,2024
2024010535243,-0.14964,51.60566,3,2024
2022010393361,-0.218528,51.552679,3,2022
2022010357301,-0.116573,51.338726,3,2022
2024010514052,-0.30992,51.51484,3,2024
2023010431810,-0.064462,51.615146,3,2023
2022010403081,-0.094118,51.567144,2,2022
2023010426347,-0.063626,51.550252,3,2023
2023010467513,-0.066292,51.534999,1,2023
2023010466816,-0.206672,51.490298,3,2023
2022010362987,-0.126704,51.581778,3,2022
2024010541105,-0.0641,51.58494,3,2024
2024010546195,-0.449,51.5484,2,2024
2022010375594,-0.289418,51.488593,3,2022
2022010404079,-0.364957,51.479591,2,2022
2022010406581,-0.107796,51.549093,2,2022
2024010507657,-0.12406,51.56105,3,2024
2023010477013,-0.166741,51.487792,3,2023
2023010452280,-0.292825,51.372586,3,2023
2022010368379,-0.113998,51.466057,2,2022
2022010369170,-0.121578,51.473238,3,2022
2024010534501,-0.12682,51.48459,2,2024
2024010539723,-0.03413,51.46642,2,2024
2024010521453,0.12841,51.57102,2,2024
2024010516224,-0.22185,51.46217,3,2024
2024010543285,-0.16798,51.46366,3,2024
2023010469347,-0.157549,51.522152,3,2023
2022302201975,-1.598635,53.166603,3,2022
2023302300164,-1.426977,53.268591,3,2023
2024302401085,-1.29428,52.90146,2,2024
2024302401705,-1.42723,52.82644,2,2024
2022501177899,-3.614491,50.348347,3,2022
2023501286292,-3.491521,50.731828,3,2023
2023471371310,0.55518,50.868201,3,2023
2024421437693,1.24487,51.8387,3,2024
2024421480607,1.07464,51.86835,3,2024
2024411396615,-0.26517,51.65975,3,2024
2024411445556,-0.21496,51.76465,3,2024
2022461201191,0.374738,51.441221,3,2022
2022461219302,1.392175,51.217059,3,2022
2023461354400,1.026995,51.04315,3,2023
2024461445503,0.27257,51.1311,3,2024
2024041479380,-2.78809,54.05491,3,2024
2022320315641,-0.540438,53.226759,3,2022
2024320442483,-0.43872,53.49865,1,2024
2024361398650,1.30566,52.63593,3,2024
2022211154529,-1.894068,53.021681,3,2022
2024371529818,1.14761,52.0598,3,2024
2022451207102,-0.280424,51.214863,2,2022
2022471132433,-0.183446,51.143855,3,2022
2023471355295,-0.250301,50.842112,2,2023
2023221262334,-2.002306,52.38315,3,2023
2022991242696,-4.506385,55.586218,2,2022
2022991189163,-4.952658,55.984087,1,2022
2024622400037,-3.96329,51.61814,3,2024
2024610057624,-3.20502,51.70478,3,2024
2022070874927,-2.72985,53.365962,2,2022
2024161450152,-0.66614,53.56636,3,2024
2023122400166,-1.085679,53.974204,3,2023
2022302202080,-1.463861,52.912873,2,2022
2022332200255,-1.111355,52.658516,3,2022
2022311178833,-1.190743,52.947295,3,2022
2022221163731,-2.735228,52.046315,3,2022
2022501174805,-3.536923,50.472073,3,2022
2023548969423,-1.746037,51.545217,2,2023
2023421390593,0.291716,51.471589,3,2023
2024430040251,-1.00586,51.45215,3,2024
2022430283953,-0.719672,51.517315,3,2022
2022471149441,-0.122303,50.826318,3,2022
2022471190866,-0.136519,50.831609,2,2022
2023471340973,-0.137647,50.832517,3,2023
2022440163483,-1.051866,50.801755,3,2022
2022440486106,-1.458128,50.917169,2,2022
2024070174015,-2.55833,53.18868,3,2024
2022501185237,-5.156197,50.257012,3,2022
2022501239908,-5.472473,50.198232,2,2022
2022401217584,-0.462661,52.1398,3,2022
2023101415696,-1.472692,55.081052,2,2023
2022552201260,-2.592136,50.779857,3,2022
2024061505935,-2.18288,53.62957,3,2024
2022061143071,-2.339489,53.506333,3,2022
2023061387227,-2.341773,53.509103,3,2023
2023052300432,-2.981514,53.407169,3,2023
2024052402230,-2.91391,53.40927,3,2024
2024052400587,-2.99138,53.4545,3,2024
2023052300873,-3.112871,53.40608,3,2023
2023141308709,-1.403459,53.563888,3,2023
2022141249195,-1.495906,53.369037,2,2022
2024141495966,-1.50364,53.38635,3,2024
2022101220376,-1.582058,55.013433,2,2022
2023101295144,-1.44319,55.04547,3,2023
2022101202932,-1.466152,54.946265,2,2022
2023201364528,-1.875929,52.492611,3,2023
2024201470519,-1.9041,52.51572,2,2024
2024201518310,-1.87127,52.4589,3,2024
2023201409863,-1.511353,52.450466,3,2023
2024201459245,-1.5313,52.38482,3,2024
2023201374648,-2.002976,52.495211,3,2023
2022131258189,-1.758658,53.788442,2,2022
2024131494417,-1.76413,53.75114,3,2024
2023131365282,-1.756062,53.670567,3,2023
2024131433240,-1.73389,53.64404,3,2024
2024131472889,-1.48465,53.84437,3,2024
2024010497444,-0.29857,51.5506,3,2024
2023010481200,-0.141886,51.541841,3,2023
2023010472751,-0.370977,51.522028,2,2023
2022010390824,-0.072087,51.546299,2,2022
2024010514330,-0.22601,51.5147,2,2024
2024010533134,-0.20318,51.48677,3,2024
2023010473313,-0.104054,51.574238,3,2023
2024010502940,-0.42133,51.57163,3,2024
2022010384562,-0.329532,51.467716,3,2022
2022010359127,-0.134564,51.565357,3,2022
2024010517145,-0.10881,51.54858,3,2024
2022010359108,-0.113205,51.504802,3,2022
2023010465062,-0.12931,51.460942,3,2023
2022010397108,-0.187835,51.392745,3,2022
2023010484808,0.013279,51.508985,3,2023
2023010466618,-0.250524,51.473605,3,2023
2024010496891,-0.30867,51.45644,3,2024
2024010526059,-0.33022,51.45597,3,2024
2022010400370,-0.092111,51.502698,2,2022
2024010500002,-0.0415,51.533,3,2024
2024010523757,-0.05354,51.51427,2,2024
2022010382536,-0.037713,51.565504,3,2022
2022010414999,-0.010564,51.565703,3,2022
2024010535301,-0.19012,51.44387,2,2024
2023010441557,-0.198499,51.518571,3,2023
2022351187516,0.167718,52.663223,3,2022
2022351251249,0.137682,52.204566,3,2022
2023302300837,-1.304325,53.224378,3,2023
2022471187623,0.550673,50.886405,3,2022
2024531512221,-2.07506,51.90427,3,2024
2023411303913,-0.460681,51.743022,2,2023
2023411368487,-0.236666,51.770033,3,2023
2024461461746,1.13204,51.07208,2,2024
2022361134151,1.726813,52.613395,2,2022
2024311510952,-1.19117,53.16366,3,2024
2022371195366,1.181275,52.035203,3,2022
2023451368293,-0.40306,51.369078,2,2023
2023451393497,-0.166976,51.230065,3,2023
2024991458562,-3.20711,55.95026,2,2024
2024991510428,-4.30213,55.87085,3,2024
202460Q037823,-3.13412,53.24974,2,2024
2023631373306,-4.080838,52.415979,3,2023
2023622301002,-3.663113,51.61953,3,2023
2024610024924,-3.1766,51.65765,3,2024
2023610042323,-3.043163,51.575892,3,2023
2022041139965,-3.049558,53.805302,2,2022
2022161200160,-0.356814,53.738622,3,2022
2024161480922,-0.10341,53.56625,3,2024
2022161137137,-0.661233,53.605446,3,2022
2022122200089,-1.081087,53.968093,3,2022
2024302400681,-1.48311,52.91942,2,2024
2024302401181,-1.44431,52.893,3,2024
2023332300756,-1.05319,52.64085,2,2023
2023311284723,-1.186482,52.955437,2,2023
2023311293298,-1.151408,52.953367,3,2023
2023522301467,-2.603476,51.462241,3,2023
2024522401357,-2.58443,51.473,3,2024
2024421422428,0.6565,51.54786,3,2024
2023071148055,-2.233854,53.325053,3,2023
2024070499320,-2.86243,53.17245,1,2024
2024501528010,-5.28161,50.22332,2,2024
2024541226024,-1.83522,51.0747,3,2024
2022552201405,-1.986615,50.730247,3,2022
2024552401531,-1.87865,50.73508,3,2024
2023552300360,-2.131709,50.883253,3,2023
2024430252890,-0.73743,51.69275,3,2024
2023061353922,-2.266124,53.480146,2,2023
2024061479775,-2.3414,53.50557,2,2024
2024061523948,-2.13263,53.43089,3,2024
2023061323903,-2.26485,53.464339,2,2023
2024061489780,-2.32872,53.4183,2,2024
2023061312000,-2.584739,53.535828,3,2023
2022052202809,-2.994459,53.458452,2,2022
2023052300858,-2.974947,53.44761,3,2023
2023141275012,-1.086502,53.533736,2,2023
2024141530180,-1.25719,53.39198,3,2024
2024201527359,-2.14281,52.45193,3,2024
2023201362901,-1.773689,52.411379,3,2023
2022201274286,-2.151446,52.610705,2,2022
2022131133665,-1.788866,53.778612,2,2022
2023131327982,-1.78851,53.837555,2,2023
2022131165708,-1.82955,53.680941,3,2022
2024131511020,-1.62847,53.66473,3,2024
2024131426747,-1.2454,53.70973,3,2024
2024010505302,-0.20625,51.56694,3,2024
2023010475002,-0.141754,51.545778,3,2023
2023010485888,-0.072105,51.380529,3,2023
2024010512369,-0.10513,51.40736,2,2024
2024010496656,-0.37361,51.51904,2,2024
2023010419392,-0.043111,51.643721,3,2023
2024010508255,0.02753,51.46133,3,2024
2022010389797,-0.2066,51.484056,2,2022
2022010370874,-0.169037,51.496649,2,2022
2022010378240,-0.290476,51.411742,3,2022
2023010449719,-0.29838,51.374277,3,2023
2024010512307,-0.09183,51.43865,3,2024
2024010540341,-0.10176,51.45346,2,2024
2022010412109,-0.045932,51.447424,3,2022
2023010471453,-0.174468,51.42197,2,2023
2022010363241,0.03141,51.57413,3,2022
2022010369210,-0.100541,51.495749,3,2022
2022010400464,-0.100167,51.49782,3,2022
2023010458279,-0.182375,51.380358,3,2023
2023010465154,-0.041473,51.533068,3,2023
2022010370831,-0.164614,51.431339,2,2022
2023010455105,-0.174566,51.424202,3,2023
2023010461978,-0.154645,51.441317,3,2023
2023010466412,-0.128463,51.511179,3,2023
2023010470606,-0.158473,51.519981,3,2023
2024302400021,-1.94867,53.44331,3,2024
2024302401732,-1.40666,53.22021,3,2024
2024501526819,-4.07701,51.07224,3,2024
2022471223561,0.259727,50.775157,3,2022
2022421239410,0.07343,51.653249,3,2022
2023531341640,-2.203255,51.752788,2,2023
2024531413449,-2.10926,51.91066,2,2024
2024411415306,-0.19905,51.69832,3,2024
2022461149468,0.402244,51.20486,3,2022
2022461173430,1.426764,51.341435,3,2022
2024332401157,-1.1982,52.46477,3,2024
2023361373215,1.288148,52.640679,1,2023
2022311177210,-1.179563,53.139204,2,2022
2022451250845,-0.512006,51.432649,3,2022
2024451486113,-0.49556,51.42907,3,2024
2022471164794,-0.141383,50.957171,2,2022
2024991440473,-4.40084,55.83018,2,2024
2024991398658,-4.27179,55.86774,2,2024
2024991432160,-4.25024,55.85552,2,2024
2022622200675,-3.36035,51.668038,3,2022
2023170L31303,-1.065951,54.617258,3,2023
2022170S11262,-1.313109,54.561647,2,2022
2022161225341,-0.358965,53.760864,2,2022
2022161234705,-0.363909,53.774155,2,2022
2023161304159,-0.080892,53.560571,3,2023
2024122400312,-1.06838,53.98811,3,2024
2023302301774,-1.477735,52.915353,3,2023
20225222BR256,-2.579751,51.466497,3,2022
2023522300411,-2.521226,51.450838,3,2023
2023522301175,-2.609031,51.431811,3,2023
2023522400843,-2.596457,51.451621,3,2023
2024522402801,-2.5876,51.45355,2,2024
2022421257573,0.70032,51.542427,1,2022
2022430390153,-1.531295,51.507844,3,2022
2024430203961,-0.98148,51.46862,3,2024
2023430561676,-0.630354,51.392368,3,2023
2024430445985,-0.75957,51.51016,2,2024
2023430310183,-0.848169,51.4122,3,2023
2022471201279,-0.185906,50.82986,3,2022
2024471505236,-0.15691,50.82735,3,2024
2023440505898,-1.338891,50.900935,3,2023
2023111273822,-1.810999,54.885087,3,2023
2024111515399,-1.74648,54.71126,2,2024
2023221296165,-2.750641,52.696793,3,2023
2022552200996,-1.962204,50.728281,3,2022
2024122400908,-1.85676,54.30327,2,2024
2022061188215,-2.285087,53.588988,3,2022
2022061214717,-2.3145,53.5543,2,2022
2023061329732,-2.268448,53.473463,2,2023
2024061522494,-2.34413,53.43349,3,2024
2024052400181,-2.96002,53.44553,3,2024
2024052401792,-2.90957,53.45873,2,2024
2023052300122,-3.012486,53.632871,3,2023
2023052301262,-2.974467,53.641438,3,2023
2023141332027,-1.153079,53.621667,2,2023
2024141519580,-1.41794,53.37285,2,2024
2022101154173,-1.652458,54.975481,3,2022
2023101374694,-1.557529,54.968783,3,2023
2022101258401,-1.425856,55.023086,3,2022
2022101147586,-1.43054,54.867922,3,2022
2022201259560,-1.953896,52.42668,2,2022
2023201291133,-1.857605,52.429382,2,2023
2023201330541,-1.901891,52.481371,3,2023
2023201322700,-1.984138,52.408465,3,2023
2024201529678,-2.03988,52.5859,3,2024
2022131149968,-1.847186,53.631224,3,2022
2023131357017,-1.612495,53.817477,2,2023
2022481250708,-0.097448,51.521588,3,2022
2024010487466,0.14727,51.55769,3,2024
2023010483106,0.15824,51.471469,2,2023
2024010539889,0.13634,51.45145,3,2024
2024010544369,0.1446,51.48142,3,2024
2022010382969,0.035179,51.400154,3,2022
2024010487118,-0.05955,51.40863,2,2024
2022010363447,-0.112165,51.523687,3,2022
2022010364185,-0.121358,51.530445,2,2022
2022010375253,-0.178587,51.556661,3,2022
2024010537722,-0.13142,51.52141,3,2024
2023010424811,-0.117957,51.364863,3,2023
2023010429001,-0.101426,51.614761,3,2023
2024010517388,-0.13467,51.61504,2,2024
2024010545412,-0.04826,51.65498,3,2024
2022010357299,-0.034987,51.545063,3,2022
2022010380451,-0.068813,51.59565,3,2022
2024010529585,-0.29789,51.6029,3,2024
2023010478029,-0.44588,51.529465,3,2023
2024010486897,-0.11884,51.53696,3,2024
2023010484691,-0.032096,51.472651,3,2023
2024010540199,-0.01637,51.45338,3,2024
2023010461894,-0.226843,51.389861,3,2023
2024010497719,-0.19247,51.41799,2,2024
2024010513712,-0.20677,51.42086,2,2024
2024010548686,-0.19241,51.41557,3,2024
2022010359865,0.012216,51.517906,3,2022
2022010419001,0.068928,51.577512,3,2022
2024010501495,0.0922,51.56565,3,2024
2022010385661,-0.308559,51.456328,3,2022
2024010530879,-0.36148,51.43927,3,2024
2022010364667,-0.076577,51.503766,3,2022
2023010432759,-0.079123,51.474051,3,2023
2022010387422,-0.020032,51.488869,3,2022
2024010499766,-0.04261,51.51668,3,2024
2022010403292,-0.004435,51.551778,3,2022
2023010420547,-0.149049,51.480779,3,2023
2023010472296,-0.165621,51.47264,3,2023
2024010536989,-0.11581,51.51049,3,2024
2023351314170,0.149293,52.206171,3,2023
2024351403673,0.15554,52.19615,2,2024
2022031201627,-2.951954,54.910771,3,2022
2022471200026,0.206996,50.760545,2,2022
2023471383528,0.319182,50.889329,3,2023
2024471476943,0.26512,50.86409,3,2024
2024421440955,0.48155,51.56248,2,2024
2024421504081,0.2566,52.02328,3,2024
2022531193101,-2.077002,51.877796,2,2022
2023440309673,-0.902232,51.305354,2,2023
2024440166020,-1.37964,50.96487,3,2024
2023461265802,1.160402,51.07789,3,2023
2023461366946,0.260302,51.135067,2,2023
2023041382595,-2.233871,53.812077,2,2023
2023361334583,1.293482,52.635323,3,2023
2024361471471,1.28765,52.62205,3,2024
2024361484346,1.26969,52.63518,3,2024
2022311164135,-1.215053,53.04226,3,2022
2022311213071,-1.271733,52.955307,3,2022
2023311452333,-1.122728,53.361953,3,2023
2023311375981,-1.153781,53.132839,3,2023
2022221163004,-2.215132,52.195543,3,2022
2022221188237,-2.075439,52.355248,3,2022
2023991321719,-3.107075,55.876431,2,2023
2022991235258,-3.315863,57.638567,3,2022
2022991254590,-4.622001,55.477695,2,2022
2022991137776,-2.373037,57.282146,2,2022
2022991229703,-3.185851,55.944338,3,2022
2024991513293,-2.97279,56.45889,3,2024
2024991455443,-4.29308,55.87566,2,2024
202260B000486,-3.224084,53.274531,3,2022
2024610000924,-3.07009,51.54987,3,2024
2022041182497,-2.467414,53.742212,2,2022
2024041474692,-3.04562,53.81916,2,2024
2024161441406,-0.05358,53.56714,2,2024
2024161485079,-0.05759,53.5712,3,2024
2022122200281,-1.061961,53.981419,3,2022
2023332300404,-1.172962,52.649118,3,2023
2023311362413,-1.167582,52.9591,3,2023
2024311528130,-1.17392,52.97102,3,2024
2023522400336,-2.547207,51.517428,3,2023
2023421376901,0.710115,51.541248,2,2023
2022430578820,-1.004458,51.451802,3,2022
2022471210878,-0.118327,50.869395,3,2022
2022440374087,-1.440972,50.933787,3,2022
2024070539531,-2.13501,53.32047,3,2024
2022221183241,-2.824261,52.520864,2,2022
202354C605323,-2.204067,51.321468,3,2023
2023552301010,-2.4545,50.714478,2,2023
2022122200555,-0.614393,54.487555,3,2022
2023061351124,-2.228137,53.418339,2,2023
2023061376612,-2.191449,53.44732,3,2023
2022141191323,-1.518919,53.370121,3,2022
2022101152848,-1.657381,55.002732,3,2022
2023101310775,-1.663077,54.981558,2,2023
2024101406085,-1.45221,54.89,3,2024
2023201444606,-1.829788,52.587478,3,2023
2022201226633,-1.456596,52.394588,3,2022
2024201497575,-2.00328,52.61309,3,2024
2022131144115,-1.91365,53.866867,3,2022
2022131164411,-1.692188,53.714193,3,2022
2023131311915,-1.702995,53.588628,3,2023
2024010547633,0.14696,51.46667,3,2024
2024010501516,-0.18068,51.5518,3,2024
2022010358417,-0.089827,51.365954,3,2022
2024010529744,0.06545,51.48959,3,2024
2024010541976,-0.06736,51.53112,3,2024
2023010476284,-0.199714,51.472755,3,2023
2024010530721,-0.23772,51.49995,3,2024
2024010534505,-0.22537,51.51321,3,2024
2022010412132,-0.484402,51.544635,2,2022
2022010409061,-0.112774,51.557761,2,2022
2024010524907,-0.10615,51.54085,3,2024
2023010421022,-0.194133,51.506139,3,2023
2022010373520,-0.117093,51.489478,3,2022
2022010400888,-0.030414,51.47158,3,2022
2022010395549,-0.21956,51.421594,3,2022
2024010518753,-0.21273,51.40962,2,2024
2023010470190,0.0765,51.583106,3,2023
2023010435725,-0.284971,51.422038,3,2023
2023010473288,-0.243759,51.465294,2,2023
2024010546006,-0.33385,51.42691,3,2024
2022010372753,-0.036413,51.524674,3,2022
2022010383187,-0.049713,51.521101,3,2022
2022010402102,-0.025032,51.527172,3,2022
2024010531298,-0.18064,51.46791,3,2024
2022010413730,-0.213325,51.527187,2,2022
2023302300334,-1.279324,52.889936,3,2023
2023531270600,-2.250848,51.860669,3,2023
2023531388808,-2.506769,51.830956,2,2023
2024440208836,-0.82724,51.261,3,2024
2022461149507,1.282716,51.141917,3,2022
2023461378346,0.173339,51.398293,3,2023
2024461491203,1.27034,51.16704,3,2024
2023041321189,-2.715303,53.799753,3,2023
2023041375450,-2.828868,53.680232,3,2023
2024041420666,-2.91621,53.7766,3,2024
2023320754077,-0.536624,53.228789,2,2023
2023320794483,-0.596817,53.2169,3,2023
2023361317357,1.282444,52.657475,3,2023
2024361454318,1.72315,52.60683,3,2024
2024311531052,-1.25013,52.9171,2,2024
2024371411630,1.73183,52.47698,2,2024
2023471353295,-0.575474,50.808269,3,2023
2024991485809,-4.71893,55.67511,3,2024
202260B167435,-3.046838,52.984253,2,2022
2023622300592,-3.9865,51.645157,2,2023
2023622300959,-3.168284,51.483824,3,2023
2024041534568,-3.03753,53.79602,3,2024
2024161439828,-0.44698,53.7572,3,2024
2022161221462,-0.060088,53.570079,3,2022
2024161469616,-0.10485,53.56461,3,2024
2023332300121,-1.119947,52.639252,3,2023
2022311237067,-1.160854,52.935194,2,2022
2023522301654,-2.590419,51.476577,3,2023
2024501424836,-4.18626,50.40193,2,2024
2023547559623,-1.794445,51.522932,2,2023
2023461321827,0.520401,51.376141,3,2023
2024430593761,-0.6404,51.47811,3,2024
2022430037348,-0.850665,52.055928,3,2022
2023471322550,-0.171466,50.838916,2,2023
2024471508597,-0.14678,50.83258,3,2024
2023440207885,-1.096014,50.79144,3,2023
2023440137615,-1.428113,50.91823,3,2023
2022070381264,-2.530771,53.001108,2,2022
2024501468480,-5.08015,50.15096,3,2024
202254B717422,-1.765062,51.032301,1,2022
2022401143595,-0.512549,52.114806,3,2022
2024401477669,-0.42186,52.14925,3,2024
2023101373911,-1.561935,55.18381,3,2023
202234NNC4822,-0.685224,52.484052,3,2022
202234NNC7632,-0.606272,52.287248,3,2022
2024340WN0892,-0.89725,52.23691,3,2024
2023520300145,-3.103696,51.020856,3,2023
2023061315355,-2.24972,53.478357,3,2023
2024061520546,-2.13705,53.5255,3,2024
2023061313552,-2.157766,53.592765,2,2023
2023061348190,-2.180306,53.386611,3,2023
2022061176544,-2.336026,53.382975,2,2022
2022052202404,-3.098318,53.380722,3,2022
2023052300108,-2.98774,53.316805,3,2023
2023052301657,-3.007934,53.373636,3,2023
2023052301800,-3.002258,53.366852,3,2023
2024141489907,-1.36997,53.51131,3,2024
2022141256984,-1.458699,53.391229,3,2022
2023141372274,-1.399436,53.35402,3,2023
2023201329377,-1.860587,52.444363,3,2023
2022201159883,-2.078917,52.583932,3,2022
2022201236404,-2.113845,52.553123,2,2022
2024131453172,-1.78418,53.78999,3,2024
2023131329671,-1.60295,53.686229,3,2023
2022131147155,-1.576475,53.803181,2,2022
2024131433868,-1.57846,53.79185,2,2024
2023131260714,-1.50391,53.684772,2,2023
2024131394091,-1.30149,53.69627,3,2024
2023481356508,-0.079818,51.518181,3,2023
2024010548098,0.09673,51.42666,3,2024
2024010497273,-0.28297,51.56079,3,2024
2023010458419,-0.303688,51.495698,3,2023
2023010476568,0.051515,51.492387,3,2023
2024010487089,0.05594,51.45057,2,2024
2022010355610,-0.052618,51.552336,2,2022
2022010413122,-0.076793,51.538661,3,2022
2022010413710,-0.077347,51.524498,3,2022
2024010490797,-0.08658,51.53165,3,2024
2024010551939,-0.07241,51.60728,3,2024
2024010547587,0.30167,51.56204,2,2024
2024010528059,-0.36414,51.47517,3,2024
2022010376752,-0.111479,51.533307,3,2022
2023010484311,-0.091905,51.537973,2,2023
2023010437263,-0.111105,51.503329,3,2023
2023010437322,-0.234366,51.485979,3,2023
2024010517271,-0.29298,51.44363,2,2024
2024010506234,-0.10051,51.49574,2,2024
2022010384092,-0.19464,51.45721,3,2022
2022010384079,-0.187224,51.457266,3,2022
2024010496162,-0.14882,51.4466,3,2024
2022010391637,-0.174572,51.501637,2,2022
2023010435736,-0.14641,51.49722,3,2023
2024010539416,-0.17112,51.53428,3,2024
2024351504928,0.11832,52.20856,3,2024
2023302300034,-1.424261,53.235229,3,2023
2023501379020,-3.492613,50.701084,2,2023
2023421321203,0.747687,51.996477,2,2023
2024531474808,-2.57437,51.75369,3,2024
2022440206077,-0.782239,51.135651,2,2022
2022440328354,-0.986161,50.856247,2,2022
2023440165460,-1.140195,50.804516,3,2023
2024440484502,-1.3009,51.06742,3,2024
2022411220077,-0.030956,51.685737,3,2022
2023461300959,0.275286,51.19586,3,2023
2023320765865,-0.029369,52.967202,3,2023
2023361266588,1.296759,52.638802,3,2023
2024361479232,1.2199,52.64122,3,2024
2023430055742,-1.200229,51.757384,3,2023
2022211249062,-1.927288,52.760458,2,2022
2022451167439,-0.202847,51.337572,3,2022
2022451187836,-0.626215,51.305436,3,2022
2024471460598,-0.21072,51.12854,3,2024
2022221237668,-2.25912,52.400675,3,2022
2024991493162,-5.1305,56.80569,2,2024
2022991233656,-4.821379,55.961141,2,2022
2023991285123,-3.20619,55.95114,2,2023
2022991223806,-4.489789,55.916331,3,2022
2022991152446,-4.264716,55.895881,2,2022
2023991271146,-4.202754,55.85783,2,2023
2023991347353,-4.268384,55.837854,3,2023
202460Q119253,-3.46948,53.32701,3,2024
202460Q158227,-2.99552,53.21305,3,2024
202260B146412,-2.988972,53.046317,3,2022
2022622200257,-3.568885,51.575517,3,2022
2024622400534,-3.42201,51.59973,1,2024
2024111476110,-1.56347,54.53367,3,2024
2024041461082,-3.05406,53.80674,2,2024
2024161427708,-0.4169,53.84269,3,2024
2023122400054,-1.052239,53.943476,2,2023
2024302401538,-1.50562,52.89169,3,2024
2022311177407,-1.12369,52.95349,2,2022
2023311293310,-1.144996,52.955443,2,2023
2023311319370,-1.187159,52.979704,3,2023
2024522402839,-2.58442,51.46787,3,2024
2023522301137,-2.865991,51.328397,3,2023
2024540156624,-1.78879,51.56999,3,2024
2024421526979,0.78292,51.53106,3,2024
2022471133146,-0.134991,50.826107,3,2022
2022440125824,-1.077141,50.800231,3,2022
2023501368046,-5.073383,50.262913,3,2023
2023541591123,-1.78298,51.18343,1,2023
2024101406073,-1.57969,55.16461,3,2024
2022552200131,-1.862409,50.726138,2,2022
2024340WN2252,-0.89317,52.23424,3,2024
2022122201026,-1.530656,53.99697,3,2022
2023122300965,-1.591454,54.06912,3,2023
2024061464323,-2.45139,53.57116,3,2024
2023061345067,-2.23827,53.478749,2,2023
2024061515610,-2.14032,53.41497,3,2024
2023061329195,-2.088889,53.477956,2,2023
2024061444429,-2.07936,53.45679,3,2024
2022052200331,-2.94696,53.451179,3,2022
2023052301921,-2.930637,53.386426,3,2023
2023101365052,-1.61793,54.968997,2,2023
2023101294098,-1.476875,55.040165,3,2023
2024101413244,-1.38927,54.88585,3,2024
2024101502563,-1.44108,54.87217,3,2024
2024201455496,-1.89192,52.4211,2,2024
2024201496522,-1.8995,52.47924,3,2024
2024201506260,-2.0791,52.49815,3,2024
2024201427015,-2.05948,52.54396,2,2024
2023201356343,-1.788888,52.41494,3,2023
2022131238339,-1.843836,53.768603,2,2022
2023131348945,-1.937377,53.915074,3,2023
2023131298607,-1.835061,53.684867,3,2023
2023131347005,-1.842885,53.641097,1,2023
2022131224983,-1.622267,53.811855,3,2022
2024131525773,-1.69011,53.80147,3,2024
2022010354501,0.13076,51.58342,2,2022
2024010520230,-0.22476,51.56533,3,2024
2022010370326,-0.273799,51.546284,3,2022
2022010378857,-0.191006,51.547977,2,2022
2023010440739,-0.190951,51.546088,3,2023
2022010356212,-0.34961,51.527322,3,2022
2022010376330,-0.27256,51.503202,2,2022
2022010413117,-0.046833,51.6597,3,2022
2022010386571,-0.087913,51.553069,2,2022
2023010465418,-0.236342,51.492987,3,2023
2024010537814,-0.33014,51.59401,3,2024
2023010445864,-0.442659,51.448887,3,2023
2023010469994,-0.185088,51.496593,3,2023
2022010408037,-0.307535,51.408113,3,2022
2022010386652,-0.104056,51.435312,3,2022
2022010408365,-0.119118,51.455672,3,2022
2023010423856,-0.169308,51.395613,3,2023
2024010540924,-0.33929,51.42614,3,2024
2023010485197,-0.069818,51.472748,3,2023
2022010360749,-0.189667,51.385678,2,2022
2023010446979,-0.043549,51.51322,3,2023
2024010487441,-0.00767,51.50453,3,2024
2022010386819,-0.024935,51.57037,2,2022
2023010429920,-0.148778,51.447637,3,2023
2023010467665,-0.215083,51.46451,2,2023
2023010472307,-0.142364,51.515222,2,2023
2024010513351,-0.17988,51.51477,3,2024
2022351190517,0.148241,52.197108,2,2022
2024501426114,-3.75317,50.51503,2,2024
2022471139165,0.484873,50.845606,3,2022
2023471352341,0.277691,50.796906,3,2023
2022421221112,0.625044,51.617514,3,2022
2022421237065,0.4646,51.692921,2,2022
2023531362713,-2.221475,51.846576,3,2023
2022440179821,-1.165196,51.357033,3,2022
2022440449164,-1.120865,50.842367,3,2022
2023440228891,-1.188961,50.820666,3,2023
2024411498526,-0.20853,51.91226,3,2024
2022461192776,0.559898,51.226501,3,2022
2022461245873,0.405169,51.40415,3,2022
2024461506658,0.36311,51.43876,3,2024
2023041299137,-2.232503,53.776127,2,2023
2023320531100,-0.0033,53.367929,2,2023
2024320035403,-0.5978,53.19007,3,2024
2024361440909,1.32091,52.6075,3,2024
2022430204087,-1.240519,51.748822,3,2022
2022430260772,-0.978134,51.600695,3,2022
2023211278034,-1.643003,52.801062,2,2023
2022451148481,-0.493849,51.462433,2,2022
2022471255828,-0.367186,50.827816,3,2022
2024471420075,-0.40785,50.81294,3,2024
2022221232449,-2.067352,52.338387,3,2022
2023991283620,-4.194063,55.851326,3,2023
2022622200398,-3.21101,51.482572,3,2022
2023622301008,-3.209204,51.529726,3,2023
2022610012122,-3.05269,51.586004,2,2022
2023170L40053,-1.013198,54.591343,3,2023
2022070660040,-2.742867,53.360093,3,2022
2023041347374,-2.487699,53.761734,2,2023
2022041258611,-3.053746,53.814262,2,2022
2023161331873,-0.387972,53.783389,3,2023
2022311193905,-1.1515,52.973756,3,2022
2023311276550,-1.14607,52.944771,3,2023
2024421415595,0.68539,51.55077,3,2024
2022461211864,0.594461,51.348874,3,2022
2024440343643,-1.07447,50.78008,3,2024
2024440090780,-1.39942,50.91916,3,2024
2022111145736,-1.55776,54.688325,3,2022
2023545706823,-2.130152,51.367908,2,2023
2022401197519,-0.477164,52.11172,3,2022
2022552201185,-1.810286,50.733322,3,2022
2024430039094,-0.9334,51.77263,3,2024
2024430237496,-0.77966,51.80766,3,2024
2023302301098,-1.621911,52.878117,3,2023
2024421512644,0.91946,51.89192,3,2024
2023531417701,-2.14221,51.996468,3,2023
2024531394933,-2.30635,51.88002,3,2024
2023440395728,-1.055896,51.325963,3,2023
2024440261948,-0.78491,51.3289,2,2024
2022440099968,-1.030553,50.871615,3,2022
2023440322872,-1.028738,50.865908,2,2023
2023440250736,-1.443701,51.222234,3,2023
2022461176648,0.391231,51.434356,3,2022
2023461293069,1.153916,51.085405,3,2023
2024041480970,-2.41773,53.82957,3,2024
2022041230128,-2.693254,53.726764,2,2022
2024320719638,-0.03125,52.97631,3,2024
2023311293008,-1.196968,53.163809,3,2023
2022311187677,-1.133309,52.937667,3,2022
2023430419995,-1.281478,51.642244,3,2023
2023211361392,-2.02509,52.709983,3,2023
2022211215177,-2.215389,52.811461,2,2022
2023471349709,-0.712243,50.855111,3,2023
2024221481664,-2.2286,52.18938,2,2024
2022371154297,1.743337,52.485272,3,2022
2023061275395,-2.206271,53.467133,2,2023
2022061187076,-2.317917,53.424273,2,2022
2022061183516,-2.333406,53.472769,3,2022
2022052200018,-2.927111,53.442778,2,2022
2022052203019,-2.982331,53.404142,3,2022
2024052402858,-2.83267,53.38569,2,2024
2022052201036,-2.990135,53.352175,3,2022
2024141409059,-1.16088,53.61014,3,2024
2022101233275,-1.429378,54.901661,3,2022
2024101465096,-1.39474,54.90727,3,2024
2023201316293,-1.859065,52.51121,2,2023
2024201526906,-1.82672,52.50088,3,2024
2023201387501,-1.995778,52.608887,3,2023
2022131165783,-1.808727,53.772579,3,2022
2022131208369,-1.887102,53.729841,3,2022
2024101501838,-1.67472,54.95864,3,2024
2023010429923,0.102643,51.432911,3,2023
2022010402235,-0.266347,51.576146,3,2022
2023010451070,-0.198858,51.541615,2,2023
2023010440544,-0.089782,51.366008,3,2023
2023010466824,-0.279511,51.508412,2,2023
2022010399412,-0.114447,51.619485,3,2022
2023010471767,-0.078881,51.56989,2,2023
2023010465930,-0.198309,51.48026,2,2023
2023010467866,-0.476247,51.495162,3,2023
2024010527041,-0.3667,51.46756,2,2024
2022010384269,-0.115067,51.560217,3,2022
2023010429693,-0.107322,51.549742,3,2023
2023010464868,-0.111069,51.524407,3,2023
2024010489707,-0.11697,51.53117,3,2024
2024010508698,-0.20935,51.49912,3,2024
2022010365541,-0.126956,51.47764,3,2022
2022010369929,-0.127952,51.433952,3,2022
2023010419861,-0.111582,51.479588,2,2023
2024010548907,-0.14274,51.45785,3,2024
2022010359878,-0.041855,51.426646,3,2022
2022010405445,-0.174453,51.421997,3,2022
2022010412306,-0.206543,51.420487,3,2022
2022010410751,0.077415,51.559817,3,2022
2023010449096,0.072186,51.59615,3,2023
2023010478009,0.060384,51.567635,3,2023
2022010377196,-0.090478,51.49421,3,2022
2022010379529,-0.088515,51.440896,2,2022
2023010455023,-0.087077,51.505934,3,2023
2024010517375,-0.09217,51.47409,3,2024
2024010526945,-0.20399,51.36206,3,2024
2023010434712,-0.024801,51.532509,3,2023
2024010533510,-0.04624,51.51914,3,2024
2022010366748,-0.189921,51.45059,2,2022
2022010371872,-0.168997,51.427136,3,2022
2023010447796,-0.159581,51.435595,3,2023
2024010494598,-0.17929,51.46605,3,2024
2022010357266,-0.138571,51.51563,3,2022
2024010542865,-0.15174,51.51799,2,2024
2024991471406,-4.05819,56.19124,3,2024
2022991234952,-3.251531,55.931414,3,2022
2022991157688,-4.244347,55.856135,3,2022
2023991288330,-4.211118,55.861599,2,2023
2024991508658,-4.36591,55.88306,3,2024
2024631489055,-4.65309,52.08862,3,2024
2023610025323,-3.008001,51.638098,3,2023
2023170L30733,-1.058909,54.601611,3,2023
2022161185670,-0.080828,53.567312,2,2022
2023161315751,-0.061301,53.570306,3,2023
2024332400468,-1.12524,52.65188,3,2024
2022522201884,-2.58031,51.457259,3,2022
2024522401354,-2.56316,51.45788,3,2024
2024351449484,-0.2435,52.57878,3,2024
2024421485274,0.70726,51.53999,3,2024
2022421234060,0.438381,51.525872,2,2022
2024471401263,-0.13582,50.82945,3,2024
2023440530019,-1.064547,50.815526,3,2023
2022111196558,-1.345815,54.826094,2,2022
2024070190434,-2.35758,53.20169,3,2024
2023401394623,-0.518521,51.889799,3,2023
2024340NN2282,-0.68385,52.30224,2,2024
2023520300153,-2.664154,51.023049,3,2023
2023520301556,-2.73546,51.13026,3,2023
2022061153110,-2.336804,53.515688,3,2022
2023061457750,-2.083815,53.4497,2,2023
2022052200514,-2.929072,53.395355,3,2022
2022052200730,-2.904059,53.407925,3,2022
2024052402571,-3.03639,53.42138,3,2024
2024141424284,-1.47429,53.55597,2,2024
2023101330730,-1.399215,54.910223,3,2023
2022201152080,-1.900491,52.468757,3,2022
2023201328575,-1.984136,52.58207,3,2023
2022131230162,-1.70164,53.802308,2,2022
2022131240450,-1.531403,53.818761,3,2022
2023481387644,-0.092053,51.51374,2,2023
2022010399200,0.121967,51.460584,2,2022
2022010373814,-0.051575,51.418292,3,2022
2024010516981,-0.2505,51.52014,3,2024
2023010433853,-0.077136,51.534638,2,2023
2023010452260,-0.075399,51.548458,3,2023
2023010426990,-0.397659,51.57741,2,2023
2024010488265,-0.31352,51.4881,3,2024
2022010420305,-0.113256,51.526241,3,2022
2023010439502,-0.098249,51.541816,3,2023
2024010541283,-0.22555,51.52001,3,2024
2022010417495,-0.233668,51.418264,2,2022
2023010424626,0.026246,51.509894,2,2023
2023010464994,0.123273,51.569275,2,2023
2024010538197,0.09326,51.55968,3,2024
2023010440974,-0.069938,51.477075,2,2023
2023010478380,-0.194632,51.371267,3,2023
2023010433439,-0.064306,51.522674,3,2023
2024010509721,-0.05655,51.51114,3,2024
2024010512842,-0.05543,51.505,2,2024
2023010419862,-0.160708,51.434758,3,2023
2022010406375,-0.143746,51.492934,3,2022
2022010410304,-0.197209,51.527498,3,2022
2023010481779,-0.151414,51.518099,3,2023
2024010530556,-0.17658,51.52449,2,2024
2023351270922,0.108883,52.246653,2,2023
2023471274835,0.560487,50.852219,3,2023
2023471275824,0.239219,50.820352,3,2023
2022421141073,0.525824,51.720704,3,2022
2022421257876,0.895852,51.894797,3,2022
2022531141911,-2.598427,51.795001,3,2022
2022531230956,-1.946149,51.839454,3,2022
2023531327037,-2.339169,51.619485,3,2023
2024440291861,-1.59293,50.8744,3,2024
2022411228676,-0.338515,51.752166,3,2022
2024461453154,1.41973,51.33332,3,2024
2023041341646,-2.697706,53.69634,3,2023
2024320731486,-0.0191,52.98103,3,2024
2022311231803,-1.256179,53.13034,3,2022
2022371222445,1.140038,52.065405,2,2022
2024371441546,0.7147,52.24587,3,2024
2023451375081,-0.019369,51.174763,3,2023
2023451382107,-0.726353,51.29343,2,2023
2024451397759,-0.57007,51.30581,3,2024
2023471360756,-0.211077,51.121412,2,2023
2022221205567,-2.21787,52.193066,2,2022
2023221261702,-2.311112,52.12959,3,2023
2023991325931,-4.219109,57.479621,2,2023
2023991376155,-4.697004,55.654431,2,2023
2022991132226,-3.184322,55.958217,3,2022
2023991362698,-3.700202,55.897245,2,2023
2023991379701,-2.979447,56.46024,2,2023
2023622300528,-3.98573,51.618265,3,2023
2022041171458,-3.054049,53.806359,3,2022
2022161238413,-0.436618,54.003145,3,2022
2022302202178,-1.481905,52.89866,3,2022
2024522401557,-2.55012,51.46639,3,2024
2024351465639,-0.27475,52.57915,2,2024
2023401347549,-0.393087,51.900696,3,2023
2022471248949,-0.194716,50.840393,2,2022
2024471473163,-0.14278,50.82243,3,2024
2022440379754,-1.435302,50.923733,2,2022
2022401252718,-0.481567,52.145898,2,2022
2023101343932,-1.525221,55.175667,3,2023
2023552400129,-1.799462,50.733007,2,2023
2024340NN3662,-0.72401,52.49215,3,2024
2022061139607,-2.291828,53.622246,3,2022
2022061246873,-2.295536,53.406317,3,2022
2024061399000,-2.24298,53.46385,2,2024
2024061415028,-2.35425,53.47539,2,2024
2022061142792,-2.228995,53.365233,3,2022
2022061163262,-2.092766,53.493872,3,2022
2023061315083,-2.029544,53.442454,2,2023
2022052200376,-2.838117,53.412882,3,2022
2022052202687,-2.972093,53.447247,3,2022
2024052402403,-2.96615,53.44746,3,2024
2023052302911,-2.710603,53.428469,2,2023
2024141433743,-1.32281,53.52492,3,2024
2022141145657,-1.169088,53.540873,3,2022
2022101244045,-1.402124,54.877077,3,2022
2022201211765,-1.887759,52.468287,3,2022
2022201192816,-1.935386,52.503464,3,2022
2024201435193,-2.13669,52.57514,1,2024
2022131193107,-1.74746,53.83326,3,2022
2022131196228,-1.789594,53.790855,2,2022
2023101367539,-1.577644,54.896092,3,2023
2023010460538,0.126539,51.538757,3,2023
2023010460587,-0.241891,51.534084,3,2023
2024010513927,-0.30911,51.54967,2,2024
2024010539689,-0.26684,51.58638,3,2024
2024010547867,-0.3219,51.5692,2,2024
2023010477380,0.01793,51.398914,3,2023
2024010514690,0.06684,51.41899,3,2024
2022010388051,-0.136831,51.539909,3,2022
2022010392354,-0.130337,51.516434,3,2022
2023010430916,-0.204855,51.54899,3,2023
2024010504136,-0.13603,51.53895,3,2024
2023010485114,-0.115294,51.393318,3,2023
2022010377182,-0.306614,51.500713,3,2022
2024010526169,-0.38487,51.53965,3,2024
2024010545584,-0.25003,51.51392,3,2024
2023010479552,-0.086848,51.652283,3,2023
2024010506960,-0.04502,51.66359,3,2024
2022010401051,-0.029628,51.544587,3,2022
2023010432205,-0.053393,51.563922,3,2023
2023010467809,-0.078338,51.534505,3,2023
2022010372588,-0.234813,51.500508,3,2022
2022010384867,0.185355,51.577757,3,2022
2023010450860,-0.114572,51.504167,3,2023
2022010362175,-0.026323,51.474964,3,2022
2024010494760,-0.04527,51.47194,3,2024
2022010383540,0.02934,51.546756,3,2022
2022010397592,-0.351941,51.447144,3,2022
2023010430126,-0.269831,51.46417,3,2023
2024010487450,-0.10048,51.49351,3,2024
2024010540972,-0.0818,51.49672,2,2024
2022010413109,-0.132341,51.370767,3,2022
2022010402290,-0.017566,51.517154,2,2022
2023010437071,-0.067437,51.524308,3,2023
2023010475733,-0.06613,51.524179,3,2023
2022010403920,-0.008231,51.571203,3,2022
2024010525423,-0.01354,51.5748,3,2024
2022010359681,-0.17072,51.465409,3,2022
2024471418726,0.71919,50.97171,3,2024
2023421334735,0.678049,51.734913,3,2023
2024421481362,0.56473,51.87381,2,2024
2023440273008,-1.48046,51.000413,3,2023
2023440355843,-0.830886,51.297083,2,2023
2024440258411,-0.97336,50.8748,3,2024
2022411210723,-0.221947,51.985294,3,2022
2023411394382,-0.491243,51.744335,3,2023
2024411439897,-0.5563,51.76551,3,2024
2022461178391,0.593279,51.21312,3,2022
2023461276356,1.185858,51.084484,2,2023
2024461523445,0.2122,51.44096,3,2024
2023332300066,-1.123914,52.592308,2,2023
2024332400752,-1.37159,52.64625,2,2024
2023320273260,-0.604331,53.184778,3,2023
2024320520273,0.34774,53.16934,2,2024
2024361445882,1.31378,52.62537,2,2024
2022311271051,-1.243808,52.90409,3,2022
2022311202487,-1.158311,53.15422,3,2022
2024430050764,-1.26102,51.76567,3,2024
2024211468128,-2.15522,52.63003,3,2024
2022371227859,1.750142,52.47348,3,2022
2022451255611,-0.205595,51.240664,3,2022
2022471182785,-0.643025,50.793382,3,2022
2023471275837,-0.154973,50.916368,1,2023
2023471344086,-0.676874,50.786531,3,2023
2023471353591,-0.272544,50.834044,2,2023
2024991511751,-2.056,57.26542,2,2024
2022991258421,-4.263299,55.836662,3,2022
202460Q141084,-4.41549,53.25176,3,2024
2023622301036,-3.813509,51.613472,3,2023
2023622300156,-3.224661,51.515835,3,2023
2023622300963,-3.184478,51.476288,3,2023
2022610020222,-2.984601,51.734524,2,2022
202417L209824,-1.17912,54.55017,3,2024
2022041244354,-2.460568,53.745708,3,2022
2024041406199,-3.03717,53.81656,3,2024
2023122300198,-1.100287,53.948618,3,2023
2022501152743,-4.137685,50.36855,3,2022
202354B938023,-1.774912,51.561622,3,2023
2022401162323,-0.418133,51.877882,3,2022
2022421204358,0.657415,51.544235,3,2022
2023070601721,-2.328386,53.09111,2,2023
2024548099824,-2.156,51.19977,2,2024
2024552500059,-1.8634,50.7249,3,2024
2022552201196,-1.967199,50.798299,3,2022
2023430472710,-0.825752,51.822521,3,2023
2024430321715,-0.64916,51.75258,3,2024
2024340WN3432,-0.91129,52.2425,3,2024
2024122500254,-1.17646,54.12449,3,2024
2022061179445,-2.230311,53.483529,2,2022
2022061177656,-2.114196,53.531793,2,2022
2023061350227,-2.083589,53.434141,3,2023
2024061505651,-2.57611,53.54378,2,2024
2023052302235,-2.968536,53.387482,3,2023
2024052400520,-2.97744,53.41117,2,2024
2023101321028,-1.617752,54.994338,2,2023
2024101518448,-1.62498,54.96851,3,2024
2024101509385,-1.54223,54.99789,3,2024
2024101404297,-1.42825,54.99969,3,2024
2022101192505,-1.520328,54.884206,3,2022
2023201358834,-1.960657,52.480632,2,2023
2023201377927,-1.776757,52.464678,3,2023
2023201393296,-1.903967,52.521917,3,2023
2024201457581,-1.92369,52.50102,3,2024
2022131243190,-1.817516,53.803161,3,2022
2022131148955,-1.78083,53.710253,3,2022
2023131301549,-1.779109,53.694655,3,2023
2023131388624,-1.865459,53.719752,3,2023
2024131431590,-1.51325,53.81523,3,2024
2022010376948,-0.19833,51.572495,2,2022
2024010516970,-0.21038,51.54168,2,2024
2022010414821,0.015528,51.40641,3,2022
2022010360729,-0.162241,51.542387,3,2022
2022010363453,-0.095476,51.378681,3,2022
2022010402571,-0.304798,51.512377,3,2022
2023010461512,-0.251884,51.506591,3,2023
2022010369661,-0.049632,51.637274,3,2022
2022010392357,-0.054415,51.546062,3,2022
2024010489696,-0.19838,51.48646,3,2024
2024010518106,-0.20172,51.47736,3,2024
2022010400879,-0.124259,51.580507,3,2022
2023010427195,-0.087223,51.599747,3,2023
2024010491003,-0.47263,51.51256,3,2024
2022010357664,-0.362575,51.466887,3,2022
2022010405106,-0.129568,51.564046,3,2022
2022010415532,-0.179716,51.498353,3,2022
2024010536355,-0.1641,51.49215,3,2024
2023010472733,-0.150532,51.467619,3,2023
2024010539717,-0.13747,51.44582,2,2024
2022010411599,-0.017505,51.448494,3,2022
2024010523886,-0.0108,51.45613,3,2024
2024010549097,-0.2226,51.39069,3,2024
2024010529487,-0.34969,51.45021,3,2024
2023010451033,-0.068968,51.485036,3,2023
2024010512113,-0.06817,51.47393,3,2024
2022010376449,-0.173408,51.385066,3,2022
2022010399361,0.004292,51.552447,3,2022
2024010537407,-0.004,51.56247,2,2024
2024010519987,-0.16101,51.43643,2,2024
2024010548879,-0.21565,51.446,3,2024
2022010363853,-0.176034,51.511569,2,2022
2023010425585,-0.131962,51.508771,2,2023
2023010428457,-0.112489,51.510977,2,2023
2023010455864,-0.126202,51.508338,3,2023
2023010485170,-0.186813,51.535899,3,2023
2024010526152,-0.13628,51.48524,3,2024
2022031222470,-2.89617,54.874072,2,2022
2024302401726,-1.46796,53.30771,3,2024
2023501316904,-4.179939,51.056784,3,2023
2023471378646,0.006841,50.874963,3,2023
2024421503700,0.55972,51.52176,3,2024
2022531134102,-2.231709,51.874662,3,2022
2022531150754,-2.211543,51.873747,2,2022
2022411196054,-0.416307,51.690207,2,2022
2024461427784,0.26101,51.12914,3,2024
2024461491483,1.38141,51.21262,3,2024
2023332300851,-1.085918,52.595033,3,2023
2022361216712,0.739956,52.395908,3,2022
2023361329636,1.735605,52.602458,3,2023
2023361357855,0.639462,52.963237,2,2023
2022311169314,-1.121493,53.304315,2,2022
2024371498753,0.43875,52.08253,3,2024
2022451197252,-0.584955,51.237807,2,2022
2024451422979,-0.26554,51.3338,3,2024
2024451498806,-0.24188,51.34626,2,2024
2022471198898,-0.15796,51.116792,3,2022
2022471215030,-0.412388,50.90383,3,2022
2023471326778,-0.411856,50.840835,3,2023
2024991457719,-4.66715,55.63281,3,2024
2024991402716,-2.42606,55.61836,2,2024
2024991487574,-2.4909,56.87501,3,2024
2024991399198,-2.95055,56.47976,3,2024
2023991324971,-3.969606,55.967891,2,2023
2024991452235,-4.01967,55.85378,2,2024
202260B117861,-3.823107,53.323251,2,2022
202263B109422,-4.065408,52.404893,3,2022
2023622300196,-3.171448,51.49264,3,2023
2024622400612,-3.51358,51.66387,3,2024
2022170H10542,-1.226584,54.659739,3,2022
2022041204036,-2.502819,53.734842,3,2022
2023041305957,-2.483027,53.707528,2,2023
2023041296348,-3.029354,53.819858,3,2023
2023161286943,-0.30842,53.782688,3,2023
2024161418112,-0.43504,54.00777,3,2024
2022122200755,-1.13654,53.94545,3,2022
2022302201819,-1.466931,52.914739,3,2022
2023311287969,-1.130513,52.965091,3,2023
2022211159192,-2.194564,53.001361,3,2022
2024522402635,-2.59035,51.46267,3,2024
2022522300069,-2.503539,51.514783,2,2022
2022501190649,-3.528407,50.461429,3,2022
2022351182915,-0.241353,52.600384,2,2022
2023421265694,0.32288,51.476461,2,2023
2023430338944,-0.740705,51.418244,2,2023
2022440474517,-1.064115,50.811593,3,2022
2024111476887,-1.63364,54.88189,2,2024
2023501345827,-4.70603,50.47295,3,2023
2022548353222,-2.201757,51.200478,3,2022
2022552201460,-1.919052,50.725687,3,2022
2022430509340,-0.813492,51.800378,3,2022
2023122300712,-1.046024,53.788371,3,2023
2022351195296,0.157448,52.200492,3,2022
2022501160907,-3.411234,50.617669,2,2022
2023421391067,0.544911,51.879118,2,2023
2023531303233,-2.050432,51.902832,3,2023
2023531345285,-2.239434,51.743,3,2023
2024440027631,-0.93493,51.00261,2,2024
2024440206402,-0.92389,51.00605,2,2024
2022440125704,-1.242975,50.848087,2,2022
2024440173956,-1.12911,50.7947,3,2024
2022440248782,-1.416836,50.851864,3,2022
2024461424885,0.84925,51.13377,2,2024
2024461409889,0.79949,51.32784,3,2024
2022041140652,-2.721471,53.737149,2,2022
2023041316101,-2.922237,53.673321,2,2023
2023041261297,-2.994765,53.835197,3,2023
2022361212645,0.84637,52.717778,3,2022
2022311144791,-1.157222,53.137286,3,2022
2022430385831,-0.991909,51.747897,3,2022
2023211348772,-2.131768,52.66731,3,2023
2022451232327,-0.331942,51.307891,2,2022
2024411434299,-0.20401,51.79318,2,2024
2023052300215,-2.961743,53.406323,3,2023
2023052303062,-2.949788,53.428109,3,2023
2022052201130,-2.635913,53.451937,3,2022
2024052401557,-3.02052,53.49149,2,2024
2024141425424,-1.47585,53.37969,3,2024
2023101284660,-1.557319,54.980779,3,2023
2023101350365,-1.36451,54.949839,3,2023
2022101142974,-1.382958,54.909495,1,2022
2022101179955,-1.368318,54.886216,3,2022
2024201416624,-1.91752,52.47515,2,2024
2022201278871,-1.495803,52.427018,3,2022
2023201367239,-1.572946,52.392727,3,2023
2022131153623,-1.629669,53.690413,2,2022
2022131143527,-1.513985,53.815726,3,2022
2023131315564,-1.582819,53.806475,2,2023
2023131369117,-1.473493,53.674908,2,2023
2022010413089,0.130553,51.551832,3,2022
2022010365686,-0.161187,51.653228,3,2022
2023010469612,0.126131,51.474277,3,2023
2023010448391,0.076492,51.416515,3,2023
2023010460772,0.106036,51.477904,3,2023
2024010533678,-0.08529,51.55655,3,2024
2022010362473,-0.237568,51.493338,3,2022
2024010515073,-0.20314,51.48677,3,2024
2022010391023,-0.070764,51.594945,2,2022
2022010360458,-0.376117,51.569974,2,2022
2022010365971,-0.369833,51.488642,3,2022
2024010514550,-0.38047,51.47697,3,2024
2024010539451,-0.34016,51.45925,3,2024
2022010393177,-0.110489,51.551294,3,2022
2024010512641,-0.11707,51.55616,3,2024
2024010498145,-0.15867,51.49978,3,2024
2023010444665,-0.126702,51.438131,3,2023
2024010515460,-0.11657,51.46887,3,2024
2022010382146,-0.05936,51.440615,3,2022
2022010402071,-0.245667,51.399362,3,2022
2022010375193,0.022188,51.536718,3,2022
2023010466066,-0.34134,51.405314,2,2023
2023010443964,-0.104565,51.508134,2,2023
2024010547007,-0.06689,51.49802,2,2024
2022010373339,-0.05564,51.518663,3,2022
2023010423532,-0.008049,51.507343,3,2023
2024010549023,-0.12551,51.4961,3,2024
2023991350160,-2.097708,57.149023,2,2023
2023991326901,-3.640716,55.902779,2,2023
2024991428068,-4.32485,55.88991,3,2024
2023991314797,-4.084138,55.88906,3,2023
2023631345279,-3.881191,51.938202,2,2023
2022622200979,-3.31262,51.587071,3,2022
2023041277501,-2.502655,53.751561,3,2023
2024041468160,-3.05458,53.81123,2,2024
2022161131763,-0.344244,53.767943,3,2022
2024161428285,-0.09191,53.57106,3,2024
2022161186113,-0.654244,53.586167,2,2022
2022311232284,-1.201121,52.932487,2,2022
2024311500564,-1.14494,52.9554,3,2024
2022522203282,-2.594725,51.453384,3,2022
2023522301091,-2.547693,51.431736,2,2023
2022401215753,-0.440381,51.879798,2,2022
2022461161316,0.559044,51.372569,3,2022
2022430270550,-0.737646,51.428021,3,2022
2024471497153,-0.15237,50.84769,3,2024
2024440012471,-1.08361,50.8134,2,2024
2024440153643,-1.0766,50.79579,3,2024
2022440323767,-1.441448,50.934481,3,2022
2023070821700,-2.896564,53.281075,3,2023
2024541978824,-2.13767,51.37356,3,2024
2024401471971,-0.4849,52.12388,3,2024
2024401519759,-0.47,52.13513,3,2024
2024552400232,-1.98807,50.8052,3,2024
2024340NN0742,-0.6609,52.37991,3,2024
2023520301473,-2.516316,51.056717,3,2023
2024061464333,-2.23679,53.46964,3,2024
2024061525763,-2.2483,53.47339,3,2024
2022061199511,-2.2639,53.505391,3,2022
2024061432400,-2.43856,53.39986,2,2024
2024061414630,-2.52296,53.50441,3,2024
2023052300429,-2.972431,53.436305,2,2023
2023052302895,-2.950555,53.427375,3,2023
2024052402814,-2.90008,53.42125,3,2024
2022052200533,-2.965087,53.662538,3,2022
2023052301640,-2.969522,53.668516,3,2023
2024052400261,-3.10773,53.38326,2,2024
2022141132461,-1.630398,53.523853,3,2022
2023141268058,-1.0918,53.513156,3,2023
2024101396959,-1.42928,54.97387,3,2024
2022201185308,-1.936344,52.503617,3,2022
2022201201591,-1.832822,52.554094,3,2022
2024201453734,-2.11821,52.46891,3,2024
2022201152055,-1.964476,52.51012,3,2022
2023201400285,-2.065482,52.541823,3,2023
2024201563201,-2.09605,52.59655,3,2024
2022131167915,-1.871455,53.726527,3,2022
2022131135918,-1.78493,53.657931,3,2022
2023131289301,-1.493332,53.681798,3,2023
2023131300869,-1.295476,53.691099,2,2023
2023481371491,-0.104392,51.514057,3,2023
2022010415987,-0.193646,51.649488,3,2022
2023010477590,-0.191175,51.605153,3,2023
2024010501528,-0.23963,51.5378,3,2024
2023010472844,-0.120254,51.377184,3,2023
2022010390554,-0.062569,51.571376,2,2022
2024010533342,-0.07858,51.52318,3,2024
2022010363429,-0.098912,51.577455,2,2022
2022010403537,-0.067999,51.599872,3,2022
2022010385464,-0.414492,51.506717,2,2022
2022010418326,-0.39623,51.475652,3,2022
2023010460796,-0.10588,51.54765,3,2023
2024010513231,-0.18295,51.49527,3,2024
2022010387237,-0.111845,51.497262,2,2022
2022010400514,-0.132177,51.47463,3,2022
2023010445153,-0.112797,51.487134,3,2023
2024010549799,-0.14035,51.4678,3,2024
2023010449105,-0.022556,51.456843,3,2023
2022010388033,-0.078754,51.45919,2,2022
2024010493792,-0.06127,51.474,3,2024
2024010530448,-0.09339,51.49242,3,2024
2023010465143,-0.003679,51.60197,3,2023
2024010524944,-0.14846,51.47894,3,2024
2024010546002,-0.14265,51.42496,2,2024
2022010385440,-0.129187,51.501254,3,2022
2023010437338,-0.166473,51.517823,3,2023
2024010536971,-0.15926,51.50215,3,2024
2024010545033,-0.17814,51.51625,3,2024
2023351387807,0.130648,52.199163,3,2023
2022302201416,-1.288084,52.925893,3,2022
2023302301245,-1.680343,52.9376,2,2023
2024302400240,-1.35615,53.0124,2,2024
2022471190272,0.006645,50.790265,3,2022
2023421358814,0.467066,51.730532,3,2023
2023531261951,-2.097521,51.914832,3,2023
2022440379704,-1.335169,50.921623,3,2022
2022440511438,-1.043457,50.872999,2,2022
2023461304225,1.388432,51.390837,3,2023
2024461437708,1.41835,51.33487,3,2024
2024461528436,0.51858,51.27009,3,2024
2023041259271,-2.638104,53.673042,2,2023
2023041360945,-2.362833,53.74812,3,2023
2024041427179,-2.41456,53.76823,2,2024
2024041435492,-2.65881,53.62509,3,2024
2022320544742,-0.703887,53.177138,3,2022
2024320078699,-0.52265,53.24346,3,2024
2024320484683,-0.02522,52.98269,3,2024
2022361249065,1.727028,52.574548,2,2022
2023361359683,1.23287,52.555485,3,2023
2024311530878,-1.12071,52.91692,3,2024
2024430060823,-1.27054,51.78799,3,2024
2024430092578,-1.23399,51.74283,3,2024
2022451209879,-0.57153,51.247572,3,2022
2023231278186,-1.569456,52.334557,2,2023
2024471407283,-0.50393,50.81248,3,2024
2023991360360,-4.75403,55.633361,3,2023
2023991378912,-3.193249,55.926116,3,2023
2024991524535,-2.97732,56.45957,3,2024
2024610034924,-2.79211,51.74373,2,2024
2022041239328,-2.470935,53.760184,3,2022
2024041440849,-2.47704,53.73514,2,2024
2023161267599,-0.327404,53.767143,3,2023
2022161259647,-0.876361,53.705051,3,2022
2022161228199,-0.049246,53.556256,2,2022
2023122300354,-1.110196,53.955531,3,2023
2024302401599,-1.44261,52.86214,3,2024
2024311472183,-1.15036,52.94896,3,2024
2022351166392,-0.25506,52.578721,2,2022
2022351194887,-0.302069,52.54389,3,2022
2022421262247,0.648125,51.540731,3,2022
2023430107339,-0.561191,51.507268,3,2023
2023430378029,-0.612352,51.48473,2,2023
2024430092786,-0.71853,51.51811,3,2024
2024430037275,-0.98425,51.41933,3,2024
2024430357154,-0.75856,52.04219,2,2024
2023071076161,-2.122931,53.255961,3,2023
2022221140913,-2.942345,52.924699,3,2022
2022221179499,-2.803047,52.70454,3,2022
2022545356222,-2.028253,51.396382,3,2022
202254B537722,-2.120595,51.458913,3,2022
2023544442123,-1.775858,51.08543,3,2023
2024547601924,-2.22858,51.31258,3,2024
2023552301517,-1.925592,50.764782,2,2023
2023430564851,-1.008496,51.880084,3,2023
2024520402536,-2.53694,51.1772,3,2024
2024061447900,-2.45367,53.58256,2,2024
2022061210857,-2.290751,53.602016,2,2022
2024061466865,-2.23742,53.49729,3,2024
2023061354154,-2.272463,53.493507,3,2023
2024061441776,-2.38613,53.50258,2,2024
2024061452664,-2.40816,53.52605,3,2024
2022061249933,-2.640517,53.547659,3,2022
2024052400974,-3.09023,53.41263,3,2024
2022141140556,-1.069366,53.471608,2,2022
2022141251055,-1.478128,53.410776,2,2022
2023141289678,-1.4936,53.369638,3,2023
2024101525667,-1.54735,54.96966,2,2024
2024101481673,-1.41887,54.90912,3,2024
2023201279100,-1.950524,52.429897,3,2023
2023201370112,-1.880348,52.552281,2,2023
2023201404675,-1.915749,52.503065,3,2023
2024201440588,-1.88906,52.49038,3,2024
2024201512837,-1.95074,52.45836,3,2024
2024201525388,-1.92846,52.45258,3,2024
2023131322984,-1.882586,53.876538,2,2023
2024131531849,-1.71154,53.79768,3,2024
2023131381085,-1.793798,53.620421,2,2023
2024131515452,-1.52353,53.81136,3,2024
2023481388184,-0.074827,51.510059,3,2023
2024481472341,-0.10471,51.51541,2,2024
2024010508083,0.15385,51.48338,3,2024
2022010401371,-0.249683,51.559496,3,2022
2024010528485,-0.11582,51.52939,3,2024
2022010409941,-0.328996,51.509586,3,2022
2024010491930,-0.08166,51.64465,3,2024
2024010539908,-0.09843,51.6118,3,2024
2022010417211,-0.073031,51.566944,3,2022
2024010512315,-0.06802,51.59839,3,2024
2022010387899,0.17703,51.576617,3,2022
2023010469026,-0.385847,51.565792,3,2023
2024010490409,-0.41879,51.50691,2,2024
2024010490070,-0.39716,51.47595,3,2024
2024010541117,-0.09182,51.538,2,2024
2022010412320,-0.156036,51.497525,3,2022
2022010404080,-0.105551,51.463861,2,2022
2023010441116,0.012356,51.543622,2,2023
2024010491579,-0.35052,51.4363,3,2024
2024010524298,-0.09272,51.4698,2,2024
2023010464614,-0.177013,51.3663,3,2023
2024010520392,-0.07196,51.52473,3,2024
2023010451802,-0.128436,51.511844,3,2023
2024010551158,-0.14251,51.51032,3,2024
2022501171657,-3.377205,50.920254,3,2022
2022461162291,1.080079,51.070968,3,2022
2022461198002,1.077069,51.282784,3,2022
2022461228880,0.443152,51.305254,3,2022
2022461247789,0.387956,51.412938,3,2022
2022461260016,1.187799,51.09276,3,2022
2024461489283,1.08723,51.28418,3,2024
2022041131688,-2.717481,53.692475,1,2022
2023041326371,-2.660501,53.726805,3,2023
2024041402275,-2.63965,53.70213,3,2024
2024041505231,-2.83797,54.06612,3,2024
2024041520903,-2.71635,53.75251,3,2024
2024361516228,1.33866,52.65636,3,2024
2023430132327,-1.220912,51.723185,3,2023
2022371160066,0.996121,52.088626,3,2022
2023451384007,-0.63363,51.264913,3,2023
2022231170147,-1.566335,52.291986,2,2022
2024471514298,-0.40174,50.81351,3,2024
2024221492156,-2.33183,52.11173,2,2024
2024991435369,-4.40065,55.80796,2,2024
2022991178279,-4.69252,55.653262,3,2022
2024622400391,-3.20307,51.44077,3,2024
2024610048124,-3.21224,51.77716,2,2024
2022111147836,-1.607671,54.602143,2,2022
2022111194728,-1.557664,54.524243,2,2022
2024111495110,-1.54747,54.52108,3,2024
2022041257893,-3.041046,53.80436,3,2022
2022161165548,-0.33548,53.794249,3,2022
2022161231856,-0.375524,53.786969,3,2022
2023161281965,-0.402497,53.744634,3,2023
2023161333278,-0.359364,53.75491,3,2023
2024161450304,-0.31422,53.78972,3,2024
2024161496411,-0.19233,54.08875,3,2024
2024161450595,-0.63671,53.5631,3,2024
2022311254558,-1.160085,53.008714,2,2022
2022522205466,-2.601767,51.453788,3,2022
2023522300794,-2.589003,51.45272,3,2023
2022522300164,-2.869309,51.430907,3,2022
2024501461425,-3.54922,50.48308,3,2024
2022440432778,-1.068161,50.830798,3,2022
2023070217361,-2.436683,53.084874,3,2023
2023501274038,-4.743083,50.46512,3,2023
202254C129922,-2.241733,51.339847,3,2022
2024401466218,-0.54377,52.0597,3,2024
2023552300902,-2.110476,50.686976,2,2023
2023031370956,-2.927671,54.889229,2,2023
2024061574446,-2.0742,53.53798,3,2024
2024061394067,-2.33954,53.44667,3,2024
2023052300179,-2.913301,53.413787,3,2023
2023052303016,-2.9736,53.403845,3,2023
2023141327382,-1.120815,53.535009,3,2023
2024141534206,-1.31077,53.47931,3,2024
2022141144916,-1.387216,53.371145,3,2022
2022141243261,-1.476903,53.383059,2,2022
2024101407262,-1.43329,55.03755,3,2024
2022101147964,-1.538603,54.879577,3,2022
2022101218011,-1.408634,54.886967,2,2022
2022201154665,-1.981956,52.460724,3,2022
2022201284752,-1.832439,52.47642,3,2022
2024201458129,-1.94238,52.48514,3,2024
2024201472618,-2.16341,52.48061,3,2024
2022201223506,-2.054549,52.488842,3,2022
2024201533437,-1.96105,52.48514,2,2024
2024131463916,-1.81837,53.85134,3,2024
2022131237782,-1.860053,53.723413,3,2022
2022131194435,-1.616849,53.794796,3,2022
2022131243680,-1.547136,53.792235,3,2022
2023131380546,-1.526443,53.745318,3,2023
2024131414817,-1.55519,53.81427,3,2024
2024010493210,-0.15472,51.62391,3,2024
2024010544278,-0.17831,51.64919,2,2024
2024010512420,0.12414,51.44419,3,2024
2022010415021,-0.150617,51.545963,3,2022
2023010485129,-0.132353,51.542922,3,2023
2024010522066,-0.1813,51.54841,3,2024
2024010542519,-0.14625,51.542,3,2024
2022010412918,-0.332125,51.528469,3,2022
2024010551289,-0.38178,51.5023,3,2024
2022010418535,0.101431,51.485801,3,2022
2023010476928,0.069905,51.491605,3,2023
2022010417590,-0.076709,51.538947,3,2022
2024010524580,-0.22347,51.49122,3,2024
2024010528379,-0.24087,51.49333,2,2024
2022010416687,-0.422725,51.611227,3,2022
2022010417342,-0.385927,51.473011,3,2022
2022010377199,-0.255698,51.400213,3,2022
2023010442656,-0.122646,51.472122,2,2023
2023010473193,-0.120099,51.485399,3,2023
2024010504496,-0.13644,51.41744,3,2024
2024010545099,-0.10616,51.43981,3,2024
2024010488065,-0.19248,51.43061,3,2024
2023010448296,0.056992,51.525087,3,2023
2022010367761,0.058405,51.581968,3,2022
2022010414586,-0.291729,51.456416,2,2022
2023010485041,-0.366823,51.449933,3,2023
2024010528325,-0.10186,51.50622,3,2024
2022010370365,-0.026594,51.509033,3,2022
2024010535389,-0.02425,51.52729,2,2024
2024010529034,-0.16984,51.4783,2,2024
2022010366176,-0.161676,51.514169,2,2022
2023010480173,-0.128825,51.512201,3,2023
2023010483428,-0.136309,51.485244,3,2023
2024010507291,-0.1729,51.5333,3,2024
2024010538930,-0.1403,51.51001,3,2024
2023351325835,0.11722,52.167879,3,2023
2024351413184,0.12218,52.1975,3,2024
2022302200896,-1.581382,52.757,3,2022
2024501413005,-2.9989,50.78208,3,2024
2022421163016,0.11664,51.770703,3,2022
2022421220230,0.552744,51.863499,2,2022
2022531207530,-2.251868,51.850803,3,2022
2023531286310,-2.240559,51.864646,2,2023
2023440150310,-1.027616,50.864549,3,2023
2022411163635,-0.279764,51.946085,3,2022
2022411218783,-0.327271,51.754561,3,2022
2024411509508,-0.35228,51.63826,2,2024
2023461282564,0.518098,51.269715,3,2023
2023461383410,1.165668,51.145344,2,2023
2024461427853,0.64115,51.36875,3,2024
2023041258740,-2.673646,53.764015,3,2023
2024041518409,-2.69145,53.76824,2,2024
2024320599128,0.07048,53.36001,2,2024
2023361303685,1.298853,52.401776,3,2023
2023311389378,-1.135294,52.938131,3,2023
2024430585440,-1.24669,51.75149,3,2024
2022371202255,1.148166,52.059792,3,2022
2024371439288,0.99777,52.18656,3,2024
2024231462087,-1.58058,52.28487,3,2024
2022471199059,-0.215791,51.111061,3,2022
2024991517494,-4.7098,55.65506,3,2024
2022991238773,-3.104319,55.944278,3,2022
2024991402969,-3.18396,55.94021,2,2024
2023991353687,-2.960363,56.470523,2,2023
2024991403123,-3.86289,56.62037,2,2024
2022991196849,-4.230235,55.824019,3,2022
2022991202881,-4.306995,55.85094,2,2022
2022991230765,-4.193016,55.851749,3,2022
2022991131797,-4.020243,55.852273,1,2022
2023631389995,-4.154945,51.667887,2,2023
2023622300498,-3.170823,51.481757,3,2023
2022610040222,-2.985524,51.593106,2,2022
2023161298291,-0.402612,53.736797,3,2023
2024161503808,-0.346,53.74498,3,2024
2022161214352,-0.22405,54.131798,3,2022
2022161172388,-0.079568,53.570456,3,2022
2024122500037,-1.07414,53.96501,2,2024
2024311479364,-1.13392,52.94962,3,2024
2024520000215,-2.37604,51.35865,3,2024
2022522300212,-2.592114,51.471848,3,2022
2023351313276,-0.09756,52.621457,3,2023
2023421387440,0.273386,51.485795,2,2023
2023461340537,0.57045,51.389164,3,2023
2022440466523,-1.384468,50.938709,3,2022
2022111210336,-1.647988,54.63354,2,2022
2023070015757,-2.51066,53.261105,3,2023
2022501178432,-5.0532,50.365204,2,2022
2024430060722,-0.82536,51.8232,3,2024
2023340NN0112,-0.697466,52.484889,2,2023
2023340NN0472,-0.546872,52.339875,3,2023
2023031302129,-3.563131,54.625217,3,2023
2023031346550,-3.558036,54.624456,3,2023
2023031345222,-2.739806,54.208158,3,2023
2022121205585,-1.315266,53.823708,3,2022
2023520301751,-3.013723,51.132216,2,2023
2024520401735,-2.99123,51.13369,3,2024
2024520402452,-2.98533,51.14802,3,2024
2024061425932,-2.26117,53.50693,2,2024
2024061400520,-2.60451,53.5434,2,2024
2024052401055,-2.82615,53.41874,2,2024
2024052401440,-2.87327,53.48599,3,2024
2022052201081,-3.038231,53.398114,3,2022
2022052201542,-2.981844,53.335929,2,2022
2024141509208,-1.27586,53.49494,2,2024
2023101286632,-1.618617,54.977248,2,2023
2022201262593,-1.846045,52.492585,3,2022
2023201285007,-1.878217,52.506745,3,2023
2023201291912,-1.993524,52.463998,3,2023
2023201303897,-1.910696,52.437426,3,2023
2024201473650,-1.90427,52.46247,2,2024
2024131400160,-1.91119,53.86461,2,2024
2022131212859,-1.54533,53.789406,3,2022
2024010543619,-0.24856,51.54655,3,2024
2024010491149,0.05397,51.36556,3,2024
2022010381628,-0.145899,51.528956,3,2022
2023010432114,-0.092284,51.381498,3,2023
2024010497589,-0.30433,51.51335,3,2024
2022010363037,-0.200823,51.478239,2,2022
2023010465006,-0.208117,51.487604,3,2023
2024010520598,-0.09233,51.57433,3,2024
2024010544490,0.20798,51.55566,2,2024
2024010511772,-0.459,51.49431,3,2024
2024010539936,-0.3107,51.48249,3,2024
2024010533094,-0.02143,51.45629,3,2024
2024010546243,-0.04285,51.44587,3,2024
2022010370027,-0.192568,51.401765,2,2022
2022010382639,-0.362555,51.419974,2,2022
2024010508608,-0.07881,51.48936,3,2024
2024010547602,-0.09571,51.44633,3,2024
2022010412121,-0.031487,51.521561,3,2022
2023010477785,-0.025345,51.503922,3,2023
2022010392538,-0.016007,51.577216,2,2022
2024010537325,-0.04014,51.5865,3,2024
2023010468182,-0.174554,51.501708,3,2023
2023010472312,-0.193292,51.512834,2,2023
2024010488458,-0.1319,51.51618,3,2024
2022302200255,-1.487703,52.985603,3,2022
2023302300391,-1.557356,52.778192,3,2023
2024421449210,0.56641,51.87562,3,2024
2023440082802,-1.183714,50.896095,3,2023
2024440541208,-0.74961,51.27465,3,2024
2022461215429,1.177778,51.077652,3,2022
2024461478944,0.74405,51.42481,3,2024
2022320053113,-0.006383,52.989053,3,2022
2024320016086,-0.04895,52.97516,3,2024
2024320753284,-0.56789,53.20944,2,2024
2022311203453,-1.315942,53.070399,3,2022
2024311522320,-1.1132,52.98365,3,2024
2024430244674,-1.54823,51.72707,3,2024
2023371295770,1.338454,51.972396,3,2023
2023371345470,0.44782,52.076743,3,2023
2022451171215,-0.544414,51.432759,3,2022
2024451512305,-0.15534,51.28791,3,2024
2023471309006,-0.635125,50.801086,3,2023
2024471437628,-0.26266,51.09206,3,2024
2023991340795,-4.516546,55.679668,3,2023
2024991505132,-5.10591,56.81979,3,2024
2024991416589,-3.86756,56.13511,1,2024
2024991467149,-3.62331,55.87211,1,2024
2022991248873,-2.92437,56.477616,3,2022
2022991228286,-4.341448,55.894589,2,2022
2023991308382,-4.272972,55.867212,3,2023
2023991391175,-4.29426,55.892099,3,2023
202360A018751,-3.065366,53.215629,2,2023
2023610013423,-3.284753,51.64561,1,2023
2023161392478,-0.380683,53.738534,3,2023
2023161325506,-0.05791,53.565207,2,2023
2023122301382,-1.119661,53.956194,3,2023
2022302201750,-1.511086,52.923774,3,2022
2022332200539,-1.131426,52.596904,3,2022
2024332400270,-1.11488,52.65947,3,2024
2022311163209,-1.151841,52.963178,2,2022
2023311351747,-1.144449,52.983917,3,2023
2024311482416,-1.13845,52.95432,3,2024
2024522500154,-2.6147,51.44269,3,2024
2023522301811,-2.832115,51.311531,3,2023
2024522402448,-2.85387,51.36602,3,2024
2024501522366,-4.16385,50.41282,3,2024
2023351321629,-0.261264,52.578596,3,2023
2024421444346,0.7113,51.54102,3,2024
2024430456712,-0.61018,51.5264,3,2024
2022471248496,-0.118789,50.840273,3,2022
2024440161313,-1.08185,50.8133,3,2024
2024440471930,-1.08733,50.80253,3,2024
2022440207663,-1.399132,50.906332,3,2022
2023111347632,-1.381063,54.714467,3,2023
2024340WN5162,-0.90121,52.24081,3,2024
2023122300310,-1.532367,53.958572,2,2023
2024122401096,-0.78165,54.13225,3,2024
2024520401684,-3.00292,51.11444,2,2024
2023061274029,-2.154513,53.620345,2,2023
2022061215479,-2.277642,53.497198,3,2022
2023061325360,-2.263845,53.477149,3,2023
2022061237226,-2.241074,53.391249,3,2022
2024061406372,-2.14435,53.47737,3,2024
2024061534243,-2.35353,53.42694,1,2024
2023052301503,-2.94096,53.468575,2,2023
2022052201993,-2.650075,53.456319,3,2022
2023052301950,-3.104756,53.397679,2,2023
2024052401812,-3.01953,53.39035,3,2024
2023141304510,-1.296863,53.341523,3,2023
2022141249631,-1.473937,53.412717,3,2022
2024101456590,-1.63568,54.96653,3,2024
2023101356223,-1.501948,54.900865,3,2023
2024201416646,-1.87595,52.47908,3,2024
2022131128785,-1.742391,53.805036,3,2022
2023131302342,-1.803856,53.766216,2,2023
2022131208905,-1.881089,53.739174,2,2022
2024131438453,-1.64493,53.73455,3,2024
2024131405694,-1.55936,53.78477,3,2024
2022131161838,-1.292679,53.594933,2,2022
2022101144293,-1.595578,54.937823,3,2022
2022481289132,-0.081693,51.516089,2,2022
2023010480378,0.127422,51.53884,2,2023
2023010472950,-0.215259,51.556973,3,2023
2023010457032,-0.292237,51.553424,3,2023
2022010355857,-0.087362,51.410968,2,2022
2022010358242,-0.360528,51.551665,3,2022
2022010357094,0.027311,51.463105,2,2022
2023010460608,-0.055394,51.544747,3,2023
2023010466654,-0.056727,51.547979,3,2023
2023010481567,-0.068621,51.531072,3,2023
2024010541645,-0.08283,51.55292,3,2024
2023010424835,-0.096661,51.603677,3,2023
2024010491485,-0.09972,51.5847,3,2024
2023010461876,-0.298465,51.489336,3,2023
2022010382538,-0.091511,51.559818,3,2022
2022010365023,-0.19939,51.4989,3,2022
2022010399781,-0.195021,51.487682,3,2022
2024010489468,-0.16182,51.49886,3,2024
2022010373118,-0.304225,51.417903,3,2022
2022010373160,-0.312603,51.392692,3,2022
2023010485155,-0.106918,51.474324,3,2023
2023010476215,0.068746,51.55953,3,2023
2023010472744,-0.069957,51.476958,2,2023
2024010513905,-0.0648,51.45155,3,2024
2024010519123,-0.08552,51.48129,2,2024
2024010547553,-0.06618,51.49635,3,2024
2023010444770,-0.066843,51.511106,3,2023
2023010454197,-0.029725,51.535659,3,2023
2024010531276,-0.22044,51.46752,3,2024
2022010399746,-0.139484,51.511624,3,2022
2023010458384,-0.126359,51.513277,3,2023
2023010467803,-0.134412,51.510195,3,2023
2024010536133,-0.13817,51.49283,3,2024
2024351472104,0.09347,52.18058,3,2024
2023421275936,0.633153,51.944192,3,2023
2023440049470,-1.367795,50.972863,3,2023
2023411295929,-0.289192,51.666025,3,2023
2023411365108,-0.450842,51.765156,2,2023
2023041337740,-2.702626,53.691646,2,2023
2023041366138,-2.817316,53.866791,3,2023
2023361384035,1.724198,52.585386,2,2023
2024311429336,-1.10934,52.93852,3,2024
2023371310647,1.150038,52.034991,3,2023
2024371414820,0.62292,52.45172,2,2024
2023231378338,-1.677551,52.198123,3,2023
2022471197351,-0.391741,50.833895,2,2022
2023471293910,-0.670811,50.984594,2,2023
2023471377803,-0.54315,50.821261,2,2023
2022221160287,-2.221597,52.201105,3,2022
2024221524982,-2.30913,52.1141,3,2024
2022991252329,-6.201422,57.413274,3,2022
202260B100175,-4.131755,52.927018,3,2022
202460Q124765,-3.51268,53.29087,2,2024
2022610015422,-2.985611,51.589797,2,2022
2023161325327,-0.363906,53.78673,3,2023
2024122401235,-1.09792,53.95095,3,2024
2022311183989,-1.181459,52.911633,2,2022
2022311217698,-1.151761,52.953585,3,2022
2022501280495,-4.13363,50.381603,2,2022
2024541169424,-1.7884,51.55197,3,2024
2022421183614,0.313851,51.488429,3,2022
2023421330436,0.287271,51.520301,3,2023
2024421471776,0.33544,51.48235,2,2024
2022430276925,-1.041753,51.459072,3,2022
2023430284045,-0.815075,51.401395,3,2023
2023430023609,-0.751103,52.040394,1,2023
2022111256849,-1.605898,54.663912,2,2022
202254A837622,-1.800966,51.069928,3,2022
2024101479460,-2.04272,55.77153,3,2024
2022552200355,-1.862225,50.726084,3,2022
2023430192883,-0.735454,51.627555,2,2023
2024122500460,-2.01641,53.96044,3,2024
20225222SE009,-2.982703,51.236817,3,2022
2022520202895,-2.983275,51.236795,3,2022
2022061239099,-2.216197,53.455187,3,2022
2023061396224,-2.268284,53.406894,3,2023
2024061528440,-2.24069,53.46462,3,2024
2022061236205,-2.278204,53.490896,3,2022
2022061238212,-2.132919,53.479174,3,2022
2024061439412,-2.63648,53.58822,2,2024
2024052400082,-2.98756,53.44043,3,2024
2024052400228,-2.92244,53.39059,3,2024
2022052202816,-3.006142,53.474812,3,2022
2022101246885,-1.623113,54.972644,3,2022
2024101482637,-1.59385,55.03953,3,2024
2024101459414,-1.43152,54.87574,3,2024
2023201364155,-1.921095,52.421799,3,2023
2023201377883,-1.90204,52.487116,3,2023
2023201390650,-2.137344,52.615954,3,2023
2023131374632,-1.726352,53.787034,2,2023
2024131468539,-1.81984,53.79588,2,2024
2024131477968,-1.86511,53.73378,3,2024
2022131231697,-1.67422,53.706038,3,2022
2022131258684,-1.672039,53.811237,3,2022
2023131304816,-1.524304,53.768229,2,2023
2024481569641,-0.10395,51.51184,3,2024
2022010402097,-0.173162,51.584759,3,2022
2024010541736,-0.29921,51.55259,3,2024
2023010483925,-0.136701,51.539907,3,2023
2022010383370,-0.350802,51.527465,2,2022
2024010548418,-0.26727,51.50481,3,2024
2022010414060,0.050057,51.492313,2,2022
2023010449724,-0.07629,51.542385,3,2023
2023010486519,-0.10307,51.590589,2,2023
2024010537995,-0.0673,51.58682,3,2024
2024010494898,-0.35852,51.60699,3,2024
2024010527431,0.17558,51.57833,3,2024
2024010488627,-0.43145,51.49868,3,2024
2024010532947,-0.41231,51.49815,2,2024
2024010491998,-0.17111,51.48649,2,2024
2024010537449,-0.20032,51.49858,2,2024
2022010363700,-0.114477,51.479913,3,2022
2022010375419,-0.103909,51.434698,3,2022
2022010400485,-0.102532,51.4766,2,2022
2024010553771,-0.12202,51.45122,3,2024
2023010435869,-0.024506,51.444673,2,2023
2022010386469,0.090064,51.570429,3,2022
2023010468014,-0.248458,51.465157,3,2023
2024010539124,-0.2886,51.46551,3,2024
2023010456731,-0.058575,51.498793,3,2023
2022010403285,-0.064231,51.514579,3,2022
2023010428394,-0.16251,51.464417,2,2023
2024010526898,-0.16803,51.51954,3,2024
2022302201601,-1.437111,53.236782,2,2022
2023302301108,-1.427995,53.249629,2,2023
2024501426125,-3.47032,50.71538,2,2024
2024471472556,0.38929,50.9943,2,2024
2023421356268,0.6546,51.60139,3,2023
2023421365898,0.089529,51.769318,3,2023
2024421393732,0.61615,51.64393,3,2024
2023531308527,-1.952556,51.694135,3,2023
2022440320693,-1.040772,51.053457,3,2022
2022440521364,-1.137092,50.799637,2,2022
2023440450277,-1.501492,50.854109,2,2023
2024440399982,-1.18633,50.83806,3,2024
2023411337536,-0.031566,51.810965,3,2023
2024411514801,-0.45157,51.74894,3,2024
2023461318077,1.017485,51.350256,2,2023
2023461394739,0.367927,51.440009,3,2023
2023320765666,0.337997,53.146506,3,2023
2022361212875,1.398213,52.890582,3,2022
2022430346945,-1.220339,51.725366,2,2022
2022430536397,-1.327121,52.062631,3,2022
2022451206071,-0.4743,51.340595,3,2022
2023451304644,-0.442133,51.366205,3,2023
2024451419099,-0.73245,51.08777,2,2024
2023231356739,-1.523859,52.272934,3,2023
2024471531002,-0.37676,50.81449,3,2024
2024991444238,-4.27808,55.79064,1,2024
2023991334401,-3.011258,56.495842,2,2023
2022991238476,-4.232738,55.859339,3,2022
2023170L11353,-1.126459,54.533815,2,2023
2023041312605,-3.036492,53.849917,3,2023
2023161272410,-0.264716,53.764427,3,2023
2022122200617,-1.091866,53.958226,3,2022
2022302201875,-1.480377,52.915841,3,2022
2024302400235,-1.47673,52.91887,2,2024
2023332300644,-1.192452,52.638231,3,2023
2024311411303,-1.14822,52.9551,3,2024
2022522204695,-2.569488,51.458553,3,2022
2022351171369,-0.242308,52.56545,3,2022
2022351187885,-0.259216,52.562472,3,2022
2022421262631,0.419684,51.513938,3,2022
2024461453626,0.50784,51.38268,3,2024
2024430446501,-1.2102,51.43358,3,2024
2022430487875,-0.64686,51.532377,3,2022
2023471375476,-0.119978,50.817035,2,2023
2024111503236,-1.705,54.63706,2,2024
2023070587020,-2.534554,53.191202,3,2023
2024401524817,-0.43538,52.14182,3,2024
2022122200645,-1.740522,54.401121,3,2022
2023520300902,-2.951935,50.879282,2,2023
2022061188763,-2.447178,53.582649,2,2022
2023061349068,-2.399824,53.544167,3,2023
2023061331205,-2.231766,53.438251,3,2023
2024061397873,-2.23994,53.47334,3,2024
2022061139950,-2.363697,53.479188,2,2022
2023052302407,-2.840689,53.41513,3,2023
2022052202917,-2.918027,53.466273,2,2022
2024052400643,-2.6489,53.45048,3,2024
2023052302307,-2.974907,53.483943,3,2023
2024052401940,-2.98288,53.49006,2,2024
2024052401984,-2.98915,53.49006,3,2024
2024141435720,-1.12437,53.52488,3,2024
2022141146729,-1.25756,53.394094,2,2022
2022141171727,-1.459921,53.443171,2,2022
2022101183105,-1.406755,54.938442,3,2022
2023201310553,-1.78863,52.475047,2,2023
2023201323659,-1.843872,52.478279,3,2023
2023201411281,-1.908823,52.489764,3,2023
2024201394856,-1.88897,52.43679,3,2024
2024201531071,-1.93297,52.50257,2,2024
2023201289833,-1.933481,52.545976,2,2023
2023131277710,-1.782046,53.800396,3,2023
2024131397316,-1.79011,53.78791,3,2024
2023010456149,0.135954,51.588604,3,2023
2022010377790,-0.258583,51.593125,3,2022
2022010389293,-0.202708,51.545648,3,2022
2022010359154,0.029704,51.450195,3,2022
2022010377639,-0.0438,51.538322,3,2022
2022010389787,-0.201355,51.472393,3,2022
2024010523882,-0.09939,51.58194,3,2024
2022010412514,-0.350765,51.591093,2,2022
2022010408046,-0.409472,51.582966,3,2022
2024010541832,-0.42485,51.61155,3,2024
2023010443736,-0.331798,51.47112,3,2023
2024010503643,-0.40986,51.45732,2,2024
2022010392709,-0.11408,51.554095,3,2022
2023010447548,-0.124065,51.561035,3,2023
2024010529604,-0.08473,51.55133,3,2024
2024010512235,-0.12078,51.49451,3,2024
2022010402804,-0.2507,51.473526,3,2022
2024010509998,-0.29985,51.45399,3,2024
2024010511242,-0.06292,51.49825,3,2024
2024010508616,-0.06671,51.51688,3,2024
2024010538175,-0.0409,51.53207,3,2024
2022010409328,-0.024424,51.590137,3,2022
2022010408602,-0.154485,51.495954,2,2022
2023010467066,-0.165588,51.515093,2,2023
2022031218711,-3.124822,54.60109,3,2022
2022031213062,-3.238238,54.11591,3,2022
2022302201172,-1.44953,53.050866,3,2022
2022501192247,-3.553146,50.712497,3,2022
2023471297571,0.252642,50.87295,3,2023
2024471454452,0.00123,50.79907,2,2024
2022421233207,0.2393,52.01986,2,2022
2023421343616,0.081702,51.751031,3,2023
2023421378667,0.931492,51.88313,2,2023
2024421408804,0.4268,51.6262,3,2024
2024461468689,1.4318,51.34706,3,2024
2022041218290,-2.20777,53.834541,3,2022
2023041292226,-2.372481,53.748522,3,2023
2022211202158,-1.804946,52.687324,3,2022
2024211528391,-1.86333,52.89391,2,2024
2022451155403,-0.560335,51.286264,3,2022
2022451173789,-0.078869,51.308527,3,2022
2022231215672,-1.588711,52.171298,3,2022
2024471462433,-0.31714,51.1079,2,2024
2023991391590,-4.22422,57.477806,3,2023
2024991528956,-4.4077,55.86262,3,2024
2022991212299,-2.871356,56.46667,3,2022
2024991420420,-4.26538,55.87326,3,2024
2022622200449,-3.568949,51.522039,2,2022
202417L100624,-1.05216,54.53647,3,2024
2024070999967,-2.7194,53.33255,2,2024
2022161254591,-0.356739,53.759575,3,2022
2024161482409,-0.35132,53.7495,2,2024
2024332400376,-1.11098,52.65078,3,2024
2023221374266,-2.721841,52.066105,3,2023
2023522401009,-2.537712,51.46622,3,2023
2024501394094,-3.51276,50.39729,3,2024
2023461322855,0.586444,51.373037,3,2023
2023430555273,-1.325044,51.40562,3,2023
2022440320770,-1.082939,50.799827,2,2022
2024440447415,-1.05757,50.84619,2,2024
2024401427129,-0.52181,51.90339,2,2024
2023340WN5702,-0.849846,52.262459,3,2023
2024031416095,-2.92104,54.87184,3,2024
2023351366380,0.087921,52.550547,2,2023
2023302300241,-1.407084,53.050042,3,2023
2024501505939,-4.2369,51.04012,3,2024
2023471378044,-0.013748,50.793861,3,2023
2022471232796,0.466319,50.857989,2,2022
2024421494984,0.51535,51.59956,3,2024
2023421384169,0.464122,51.726996,3,2023
2023421376652,0.933276,51.882636,3,2023
2024421441315,0.70682,51.57201,2,2024
2023421290470,1.15598,51.805663,3,2023
2024421512241,1.24328,51.93004,3,2024
2022440471127,-0.746496,51.277389,3,2022
2024440519786,-0.73317,51.2762,2,2024
2024411435941,-0.27278,51.66108,3,2024
2022461210653,1.074535,51.274917,2,2022
2024041458651,-2.66422,53.77588,3,2024
2023332300440,-1.070056,52.612081,2,2023
2024361443795,0.8416,52.57048,2,2024
2023361282008,1.297427,52.63274,3,2023
2024311454040,-1.21389,52.92709,3,2024
2024451433954,-0.27202,51.32417,2,2024
2023451326921,-0.747876,51.331025,3,2023
2022451187686,-0.762962,51.231173,3,2022
2024231466050,-1.47343,52.48047,1,2024
2024221418275,-2.18557,52.18326,2,2024
2024061464643,-2.1224,53.53607,3,2024
2024061494073,-2.29502,53.48987,3,2024
2024061452367,-2.08265,53.47716,3,2024
2022052203061,-2.929385,53.414535,2,2022
2023052303008,-2.978123,53.410838,3,2023
2023052301995,-2.715764,53.430209,3,2023
2023052300342,-2.986099,53.473371,3,2023
2023141331602,-1.451633,53.407538,3,2023
2024101519147,-1.42117,54.98806,3,2024
2022101208884,-1.436749,54.92772,3,2022
2023101366014,-1.521694,54.911054,3,2023
2022201261892,-1.93189,52.506636,3,2022
2022131198597,-1.76978,53.766911,3,2022
2023131342413,-1.577751,53.82127,3,2023
2022131238637,-1.359858,53.67467,3,2022
2024131403093,-1.35939,53.67435,3,2024
2023101359839,-1.681322,54.950632,3,2023
2024010528054,-0.27171,51.54407,2,2024
2022010406049,0.073444,51.395894,2,2022
2024010518759,0.08886,51.3497,3,2024
2023010425735,-0.091532,51.635777,3,2023
2023010432386,-0.03773,51.548688,3,2023
2024010543621,-0.06673,51.53121,2,2024
2022010384747,-0.238788,51.493446,2,2022
2022010367856,-0.104608,51.598383,3,2022
2022010386567,-0.111858,51.604246,3,2022
2023010422222,-0.072226,51.583926,3,2023
2024010516389,-0.06855,51.59481,3,2024
2024010527052,0.21222,51.59652,3,2024
2024010522039,-0.28791,51.48895,2,2024
2022010361972,-0.106148,51.522107,2,2022
2024010537834,-0.12195,51.55561,3,2024
2022010411940,-0.183766,51.497598,3,2022
2023010459747,0.062628,51.552182,3,2023
2022010387807,0.022213,51.608155,2,2022
2022010376232,-0.04995,51.52026,3,2022
2022010392534,-0.062858,51.518396,3,2022
2024010498301,-0.02992,51.51736,3,2024
2024010532301,-0.00836,51.56921,3,2024
2022010374669,-0.254785,51.455153,2,2022
2022010385311,-0.152974,51.443512,3,2022
2022010388444,-0.148796,51.479219,3,2022
2022010386826,-0.134332,51.488872,3,2022
2023010472331,-0.179598,51.526993,3,2023
2024010502476,-0.17692,51.50155,2,2024
2023991277976,-4.432469,55.67651,2,2023
2022991179736,-4.367208,55.982373,2,2022
2023991285378,-3.19419,55.958275,3,2023
2024991412160,-3.22108,55.9318,3,2024
2023991384098,-3.448925,56.408106,2,2023
2022991138900,-4.288472,55.816594,2,2022
2024070173902,-2.563,53.411,3,2024
2022161231221,-0.383536,53.773612,3,2022
2023122300946,-1.05912,53.955241,3,2023
2023311356170,-1.145125,52.982888,3,2023
2022522300414,-2.596637,51.42238,3,2022
2023522300564,-2.58694,51.447848,3,2023
2023522301370,-2.522218,51.474716,3,2023
2023522400144,-2.921851,51.356268,3,2023
2022501157659,-3.526298,50.393725,2,2022
2023430490037,-0.853311,51.377352,2,2023
2024430342640,-0.75822,52.03091,3,2024
2023440401057,-1.097892,50.783774,3,2023
2023111393420,-1.648383,54.645242,2,2023
2024501451032,-5.05873,50.26768,3,2024
2024552400560,-1.88229,50.78148,2,2024
2023031315147,-2.924429,54.894718,2,2023
2023122300320,-1.792767,53.929535,1,2023
2022061158956,-2.186165,53.550452,2,2022
2024052400933,-2.99154,53.40484,3,2024
2023052301918,-2.66052,53.475318,3,2023
2022052203050,-3.116777,53.411077,2,2022
2024141449502,-1.14446,53.61633,2,2024
2023141299955,-1.31411,53.487151,3,2023
2022141170762,-1.49729,53.426399,3,2022
2024141451024,-1.45887,53.3909,3,2024
2022201174928,-1.931526,52.484799,3,2022
2022201256823,-1.826753,52.484674,3,2022
2022201190026,-2.012315,52.395745,3,2022
2022201265919,-1.899237,52.476127,3,2022
2022201206119,-1.920213,52.535621,3,2022
2022201221457,-1.924577,52.397609,3,2022
2023201313295,-1.910724,52.503835,3,2023
2023201315411,-1.857209,52.551869,3,2023
2024201416865,-1.87255,52.45883,3,2024
2024201484118,-1.92843,52.50209,3,2024
2022201242465,-2.104329,52.502276,2,2022
2022201151618,-2.155774,52.602537,3,2022
2022201276359,-2.064875,52.559776,3,2022
2024201450996,-2.16001,52.57517,2,2024
2022131184079,-1.914235,53.714009,1,2022
2022131147833,-1.634609,53.676011,3,2022
2023131317298,-1.709972,53.72354,3,2023
2022131211046,-1.633258,53.814109,3,2022
2024101408546,-1.60158,54.95271,3,2024
2024010548604,-0.18983,51.60406,3,2024
2022010360844,-0.120711,51.515704,3,2022
2023010435020,-0.141565,51.54725,3,2023
2024010544002,-0.13862,51.5565,3,2024
2022010369049,-0.109156,51.373462,2,2022
2024010547731,-0.07461,51.39948,3,2024
2024010509749,-0.32414,51.53669,3,2024
2023010438504,0.071149,51.491412,3,2023
2024010549078,0.05252,51.47917,2,2024
2024010511009,-0.09896,51.57838,3,2024
2022010354141,0.198522,51.55091,3,2022
2024010487285,-0.39953,51.57962,3,2024
2022010366584,-0.103552,51.535652,3,2022
2023010442265,-0.029502,51.451313,3,2023
2023010454844,-0.217584,51.42543,2,2023
2022010371479,0.035881,51.547569,3,2022
2023010424984,0.017942,51.605,3,2023
2022010381097,-0.280428,51.468337,3,2022
2023010422123,-0.297411,51.466579,3,2023
2024010547195,-0.27346,51.46418,3,2024
2022010394525,-0.075614,51.487636,3,2022
2023010425431,-0.094183,51.474459,3,2023
2024010526804,-0.0647,51.47123,3,2024
2023010476786,-0.241031,51.378178,3,2023
2024010531971,-0.0317,51.56803,3,2024
2023010434512,-0.160235,51.435416,2,2023
2023010466062,-0.17252,51.423567,3,2023
2023010478961,-0.163333,51.453603,3,2023
2022010380758,-0.122344,51.506486,3,2022
2024010521171,-0.17739,51.53208,2,2024
2022351146535,0.172319,52.183755,3,2022
2022351250487,0.136014,52.189319,2,2022
2023351361295,0.111773,52.210014,2,2023
2024351460261,0.1364,52.19436,3,2024
2024302400796,-1.34232,53.10641,2,2024
2023501311140,-3.516323,50.546091,3,2023
2024501424576,-3.50086,50.72121,3,2024
2024501456466,-3.68971,50.43085,3,2024
2022471152485,0.012689,50.881698,3,2022
2022471183786,0.551499,50.876277,2,2022
2023421285114,0.484766,51.567229,2,2023
2023421290101,0.91153,51.891325,3,2023
2022411246336,-0.337287,51.753669,3,2022
2023411301255,-0.021569,51.947676,3,2023
2023411342375,-0.385524,51.646545,3,2023
2023461289107,1.171165,51.366917,2,2023
2023461320547,1.120576,51.250096,3,2023
2023461387032,0.852584,51.110672,3,2023
2024461534312,0.89393,51.30767,3,2024
2024461534610,0.28355,51.21567,3,2024
2024041517412,-2.67919,53.76276,3,2024
2022332200888,-1.109208,52.582265,2,2022
2024332400726,-1.54639,52.5936,3,2024
2023320482927,-0.656756,52.905475,3,2023
2022361242505,1.709995,52.573546,3,2022
2023361271379,1.318441,52.632863,3,2023
2024361393714,1.32784,52.63986,2,2024
2023311307020,-1.136761,52.996762,2,2023
2023311320942,-1.068318,53.052492,3,2023
2023311384122,-1.150551,53.141257,3,2023
2024311483440,-1.13913,53.00291,3,2024
2022430002906,-1.24405,51.749905,3,2022
2022430475713,-1.271834,51.752562,2,2022
2022430517161,-1.415743,51.589607,1,2022
2023211375492,-1.933822,52.682108,3,2023
2022451152475,-0.402955,51.385308,3,2022
2022991249006,-1.796451,57.497922,2,2022
2023991320490,-3.258568,55.943553,3,2023
2024991467491,-2.92834,56.37472,2,2024
2023991373105,-3.649746,56.321977,2,2023
2024991429772,-3.92103,55.77442,3,2024
202360A134075,-3.039414,53.164961,2,2023
2024622400699,-3.27356,51.46475,3,2024
2024161479224,-0.37797,53.74367,3,2024
2024522402474,-2.60619,51.45594,3,2024
2022421229009,0.680876,51.545589,3,2022
2022421185700,0.326242,51.495837,3,2022
2024471493644,-0.12917,50.82599,3,2024
2024440069805,-1.09879,50.79659,3,2024
2022440499560,-1.228668,50.724973,2,2022
2024111421601,-1.74883,54.66009,2,2024
2024111457802,-2.15107,54.73432,2,2024
2022070699979,-2.230225,53.325833,3,2022
2022552201581,-1.979733,50.721748,3,2022
2024340NN4222,-0.67816,52.36487,2,2024
2023122301143,-2.373233,54.107736,3,2023
2024122401161,-0.79652,54.13465,3,2024
2024061435282,-2.41245,53.58981,3,2024
2022061224467,-2.236255,53.482133,3,2022
2024061471205,-2.16588,53.35703,3,2024
2022061252221,-2.097299,53.485626,2,2022
2023061264677,-2.155041,53.475623,3,2023
2024061423743,-2.30544,53.42046,3,2024
2024141443392,-1.47043,53.52822,3,2024
2024141481728,-1.44076,53.35831,3,2024
2024141523498,-1.46273,53.37438,1,2024
2022101175321,-1.595766,54.975108,3,2022
2023101300963,-1.522667,54.900014,3,2023
2022201175831,-1.884981,52.551486,3,2022
2022201224586,-1.931405,52.476977,3,2022
2022201226884,-1.460238,52.386369,3,2022
2022201172315,-2.136893,52.480945,3,2022
2022201199831,-2.073209,52.603588,2,2022
2023201300237,-2.12927,52.597669,3,2023
2023131348687,-1.829205,53.830061,3,2023
2023131349260,-1.656826,53.693487,3,2023
2022131184352,-1.601406,53.793587,3,2022
2023131284465,-1.554736,53.77693,3,2023
2024131410984,-1.50516,53.70589,3,2024
2022101247251,-1.603063,54.955946,3,2022
2023481398769,-0.074268,51.514448,3,2023
2022010386390,-0.192597,51.602073,3,2022
2023010428867,-0.239348,51.551429,3,2023
2022010370023,0.054561,51.42745,3,2022
2022010363434,-0.141275,51.544808,3,2022
2023010483088,-0.068624,51.382315,3,2023
2024010487265,-0.07805,51.64078,3,2024
2024010530895,-0.09085,51.63656,3,2024
2024010521591,-0.07528,51.54899,3,2024
2024010542856,-0.05543,51.58751,2,2024
2024010528194,-0.11689,51.53939,3,2024
2023010463432,-0.13107,51.427707,3,2023
2022010355425,-0.013183,51.445282,3,2022
2022010376472,0.001914,51.541643,3,2022
2023010448874,-0.358552,51.439764,2,2023
2023010464048,-0.378599,51.452668,3,2023
2023010478026,-0.329953,51.445547,2,2023
2022010393375,-0.096623,51.472916,3,2022
2024010519892,-0.08019,51.49004,3,2024
2024010530404,-0.19188,51.35896,3,2024
2022010361482,-0.056429,51.519765,2,2022
2022010393856,-0.021637,51.530307,1,2022
2024010519109,-0.05641,51.51109,3,2024
2024010537513,-0.12987,51.51374,2,2024
2023351345219,0.131504,52.194741,3,2023
2024302401738,-1.59567,53.15896,1,2024
2024501471035,-3.46655,50.58081,3,2024
2022471238529,0.302056,50.788207,3,2022
2022421230525,0.639907,51.790213,2,2022
2022531154410,-2.066934,51.915564,3,2022
2022440492586,-1.156076,50.812357,3,2022
2023440252139,-1.456268,50.888789,2,2023
2024440358618,-1.18958,51.01741,2,2024
2022461210606,0.193528,51.27748,3,2022
2022461223740,0.194209,51.280957,3,2022
2024041535961,-2.78996,54.03855,2,2024
2024361470274,1.73698,52.62558,2,2024
2022430337572,-1.321764,51.72007,3,2022
2024430068860,-1.20171,51.76106,2,2024
2023211288681,-2.01766,52.710559,2,2023
2024211450561,-1.80846,52.68583,1,2024
2024451447331,-0.27541,51.34396,3,2024
2022231243091,-1.525406,52.517454,2,2022
2024231490948,-1.49517,52.52774,3,2024
2024471438040,-0.03319,51.13315,2,2024
202360A143188,-4.043395,52.544265,3,2023
202263A101722,-4.146916,51.675165,3,2022
2023170L20963,-1.174684,54.542583,3,2023
2023161352185,-0.676667,53.570534,2,2023
2023332301042,-1.153902,52.629565,3,2023
2022311270488,-1.197914,52.993297,2,2022
2022522202792,-2.537679,51.42913,3,2022
2022522205247,-2.578288,51.4817,2,2022
2022522204205,-2.592507,51.421016,3,2022
2024522402313,-2.5919,51.45401,3,2024
2024501474505,-4.15158,50.3968,3,2024
2023471321171,-0.155464,50.831217,3,2023
2024111405052,-1.74299,54.71508,2,2024
2023543545923,-1.78059,51.080997,2,2023
2022401188802,-0.466204,52.134901,2,2022
2023401263039,-0.463191,52.130321,3,2023
2023401388303,-0.671898,51.915529,3,2023
2023101322250,-1.718587,55.410578,2,2023
2024552401099,-2.43792,50.71207,3,2024
2023430106788,-0.76089,51.631468,3,2023
2023430347157,-0.851263,51.734468,3,2023
2023122301175,-0.401166,54.285484,2,2023
2022520203597,-2.321538,51.231196,3,2022
2023061349638,-2.187312,53.441151,2,2023
2023061378236,-2.229836,53.473813,3,2023
2024061530805,-2.42301,53.53529,3,2024
2024052402475,-2.91532,53.39733,2,2024
2024052402003,-3.03056,53.39394,2,2024
2023141293007,-1.437948,53.595398,2,2023
2022141186845,-1.321046,53.4152,2,2022
2023141278978,-1.204345,53.368853,3,2023
2024141409274,-1.44676,53.40964,3,2024
2023101265106,-1.410281,54.971628,3,2023
2024101522552,-1.4369,54.96741,3,2024
2022201183174,-1.966601,52.448252,3,2022
2022201256004,-1.840539,52.48793,3,2022
2023201391736,-1.999485,52.433773,3,2023
2024201464700,-1.52143,52.40483,3,2024
2024131419105,-1.84306,53.76867,2,2024
2024131448044,-1.75244,53.7928,3,2024
2023131290083,-1.696803,53.685559,3,2023
2023131275791,-1.494559,53.801849,2,2023
2023131342219,-1.544874,53.832942,3,2023
2024131492676,-1.47748,53.82705,2,2024
2024480537342,-0.10449,51.50852,3,2024
2024010534053,-0.21662,51.53098,3,2024
2022010414639,-0.142764,51.539041,3,2022
2022010362806,-0.07697,51.400915,3,2022
2022010416827,-0.11816,51.4009,3,2022
2023010473676,-0.119345,51.339382,2,2023
2023010474275,-0.201735,51.477372,3,2023
2022010354702,0.209198,51.558704,3,2022
2023010481878,-0.362688,51.462123,3,2023
2022010407426,-0.102227,51.543239,3,2022
2023010435382,-0.305959,51.392767,3,2023
2022010394602,-0.117605,51.484397,3,2022
2023010446246,-0.106731,51.503511,3,2023
2024010524726,-0.14285,51.46286,3,2024
2023010426139,-0.042608,51.442351,3,2023
2022010380466,0.01375,51.541242,3,2022
2022010388416,0.005124,51.546102,3,2022
2024010550457,0.05026,51.54239,2,2024
2023010426129,-0.302704,51.443815,3,2023
2024010494579,-0.09291,51.50079,3,2024
2024010516422,-0.08174,51.49668,3,2024
2024010527549,-0.09099,51.46738,3,2024
2022010417229,-0.244159,51.380185,3,2022
2022010402262,-0.053791,51.510989,3,2022
2023010481193,-0.047567,51.521731,3,2023
2024010502972,-0.04868,51.5135,3,2024
2024010502056,-0.177,51.46942,3,2024
2024010524570,-0.15134,51.44509,3,2024
2023010472297,-0.20326,51.525046,2,2023
2024010516963,-0.13864,51.51073,3,2024
2022031129618,-2.904609,54.875797,2,2022
2022302201062,-1.405485,53.050258,3,2022
2022501213713,-3.450935,50.595417,3,2022
2024501490795,-4.16103,51.10796,3,2024
2024471499488,0.24417,50.8209,3,2024
2022421241147,0.471162,51.729151,2,2022
2023421320632,0.473045,51.72332,2,2023
2023531319858,-2.076716,51.897181,3,2023
2022440264082,-0.990337,50.871418,3,2022
2022440271767,-1.054854,51.296353,2,2022
2024411495859,-0.20735,51.98468,2,2024
2024411500421,0.15238,51.87229,2,2024
2024411523219,-0.20794,51.91077,3,2024
2024320229159,0.33698,53.14347,2,2024
2024361518382,1.2536,52.65887,3,2024
2022430534774,-1.357782,52.076863,3,2022
2023430078166,-1.234804,51.744163,3,2023
2024451521435,-0.55318,51.32035,3,2024
2024231397864,-1.44234,52.3561,3,2024
2022991169978,-2.141004,57.160731,2,2022
2022991133140,-1.802774,57.494878,3,2022
2023991342501,-5.462486,56.411108,2,2023
2024991530959,-3.31507,55.89488,3,2024
2023991369542,-4.387096,55.891187,3,2023
2024991529841,-4.01939,55.85184,3,2024
2023622300540,-3.167624,51.488416,3,2023
2022610032522,-3.049156,51.818808,3,2022
2023610039123,-2.984128,51.875907,2,2023
2023170H10703,-1.219114,54.679013,3,2023
2022170M31022,-1.212589,54.521545,2,2022
2022070302767,-2.622173,53.393727,3,2022
2023161333267,-0.887918,53.713734,3,2023
2024161535876,-0.07999,53.57051,3,2024
2023522300623,-2.594964,51.457384,3,2023
2024351407559,-0.31162,52.55436,3,2024
2022421198374,0.340491,51.489079,3,2022
2023471372723,-0.178409,50.830229,3,2023
2024440487864,-1.08028,50.81828,2,2024
2023111266609,-1.706875,54.811704,1,2023
2024070163117,-2.43769,53.08813,3,2024
2022501243136,-4.201436,50.332812,2,2022
202254C207322,-2.139304,51.467659,2,2022
2024430589749,-0.76862,51.63204,2,2024
2023340NN3512,-0.70878,52.404241,3,2023
2024122400240,-1.19512,54.46938,2,2024
2022061171154,-2.478407,53.586088,3,2022
2022061190295,-2.249019,53.492435,2,2022
2023061334152,-2.278422,53.411455,3,2023
2024061470921,-2.42973,53.52405,2,2024
2024061416736,-2.29392,53.45507,2,2024
2024052400087,-2.88628,53.49247,3,2024
2023052301090,-2.931797,53.391361,3,2023
2023052302055,-2.952677,53.481858,2,2023
2024141477215,-1.06522,53.56988,3,2024
2023141346996,-1.256207,53.360414,3,2023
2024101402124,-1.61738,54.97226,3,2024
2022201168372,-1.826142,52.49013,3,2022
2022201216578,-1.941368,52.53602,3,2022
2022201226745,-2.007897,52.583356,3,2022
2022131212323,-1.923293,53.865884,3,2022
2022131197435,-1.662588,53.732341,3,2022
2023131277944,-1.544182,53.795873,3,2023
2024131430984,-1.49894,53.80132,2,2024
2024010501561,-0.19737,51.57204,3,2024
2022010353818,0.062018,51.388911,3,2022
2022010388959,-0.151461,51.540437,3,2022
2023010460928,-0.146132,51.536711,3,2023
2023010458753,-0.123913,51.412449,3,2023
2023010419866,-0.081589,51.635786,2,2023
2022010403455,-0.021505,51.474154,2,2022
2023010483730,0.056629,51.450769,2,2023
2023010485756,0.052568,51.447818,3,2023
2024010536388,0.00344,51.48483,3,2024
2022010379335,-0.072054,51.592763,3,2022
2024010503003,-0.11158,51.55317,3,2024
2024010538624,-0.10493,51.56453,3,2024
2023010446520,-0.173666,51.482118,3,2023
2024010487758,-0.30258,51.40996,2,2024
2024010512472,-0.14727,51.46131,3,2024
2023010459317,0.025328,51.547347,3,2023
2022010359678,-0.084306,51.493659,3,2022
2024010515572,-0.10043,51.49566,3,2024
2022010388993,-0.051052,51.527886,3,2022
2022010419271,-0.064679,51.526448,3,2022
2024010541125,-0.07451,51.52024,3,2024
2023010467113,-0.006622,51.578622,3,2023
2023010457420,-0.169273,51.460539,3,2023
2022010388516,-0.167284,51.52957,2,2022
2023010431829,-0.123138,51.513801,3,2023
2023010461886,-0.156838,51.498706,3,2023
2022421191127,0.484078,51.728591,3,2022
2024531442385,-2.21643,51.85993,3,2024
2023440147685,-1.345113,51.049317,3,2023
2023411334032,-0.399064,51.654446,3,2023
2023411353574,-0.362623,51.748953,3,2023
2024411455209,-0.45529,51.75913,3,2024
2023461275336,0.17824,51.394631,3,2023
2023461310457,0.180467,51.189662,3,2023
2023461395553,0.752979,51.341251,2,2023
2024461466096,0.39134,51.4342,3,2024
2022041184493,-2.73735,53.622245,2,2022
2022041230119,-2.306173,53.794944,3,2022
2023041290075,-2.27273,53.795016,2,2023
2022361169213,1.282965,52.629904,3,2022
2023451322214,-0.561204,51.318108,2,2023
2023451377481,-0.369969,51.403207,2,2023
2024451444412,-0.01554,51.26066,3,2024
2022231181236,-1.405003,52.497043,3,2022
2022471131107,-0.00721,51.129266,2,2022
2022471246790,-0.272249,50.93158,3,2022
2024471520119,-0.2315,50.84012,3,2024
2024221475956,-2.29582,52.35155,3,2024
2022991198278,-3.184807,55.857673,3,2022
2024991514016,-2.78053,55.61197,2,2024
2022991189451,-2.094057,57.149897,2,2022
2022991189062,-3.287026,55.922961,3,2022
2022991130417,-4.357351,55.884911,2,2022
202263D093922,-3.189879,52.602198,3,2022
2022170M10212,-1.216521,54.547768,3,2022
2023111275232,-1.548295,54.527677,1,2023
2023041337978,-2.475006,53.760707,2,2023
2024161427019,-0.35058,53.80225,3,2024
2024122400354,-1.10388,53.9758,3,2024
2022311182634,-1.13699,52.943375,2,2022
2022522201251,-2.365525,51.381454,3,2022
2024522402204,-2.5831,51.45565,3,2024
2022501143567,-3.56128,50.445254,2,2022
2024501535479,-3.52129,50.46142,3,2024
2023430565965,-0.722246,51.989329,3,2023
2024440551953,-1.44807,50.92668,2,2024
2024440561675,-1.25377,50.71148,3,2024
2022111232014,-1.693675,54.863882,3,2022
2023501313773,-4.786593,50.334042,2,2023
2022545875522,-2.151908,51.383185,3,2022
2022401148756,-0.658207,51.942645,3,2022
2024101432870,-1.61819,55.09682,2,2024
2024552400992,-1.88204,50.7802,3,2024
2022430293982,-0.707749,51.704115,2,2022
2024340NN2102,-0.66913,52.49219,3,2024
2022061193522,-2.434559,53.586462,3,2022
2023061352795,-2.218776,53.441385,3,2023
2022061190238,-2.65315,53.499654,3,2022
2023052301177,-2.977878,53.409347,3,2023
2024052402678,-2.9462,53.38091,3,2024
2022052201156,-3.018237,53.392183,3,2022
2022141138462,-1.502945,53.587928,3,2022
2024141434929,-1.51591,53.39319,3,2024
2024101471488,-1.46104,54.94804,3,2024
2022201216413,-1.784152,52.481476,3,2022
2022201269193,-1.947205,52.413606,3,2022
2023201377568,-1.815607,52.463135,3,2023
2024201483793,-1.79867,52.49863,3,2024
2023201383171,-1.523485,52.381562,3,2023
2024201471834,-2.0179,52.50954,2,2024
2022201241969,-1.741185,52.499172,3,2022
2023201339184,-1.976298,52.584325,2,2023
2024201484975,-2.09656,52.5727,3,2024
2022131222712,-1.77756,53.652354,2,2022
2023131275832,-1.518647,53.809192,2,2023
2024131445335,-1.54728,53.79012,3,2024
2024131451670,-1.57623,53.8196,2,2024
2022480413621,-0.107544,51.511023,2,2022
2023010476356,-0.19251,51.601343,2,2023
2024010544491,-0.13732,51.6338,3,2024
2022010376775,-0.193862,51.533768,3,2022
2023010437544,-0.245444,51.536188,3,2023
2022010372871,-0.113422,51.521532,2,2022
2022010418320,-0.111294,51.387831,3,2022
2023010423510,-0.131859,51.390004,3,2023
2023010452819,-0.095213,51.376375,3,2023
2024010549613,-0.1205,51.40481,3,2024
2022010402819,-0.329248,51.528689,2,2022
2022010400156,-0.06847,51.554396,2,2022
2024010499203,-0.06014,51.54951,3,2024
2024010542506,-0.03614,51.54571,2,2024
2023010419998,-0.070723,51.588398,3,2023
2023010463769,-0.069768,51.592213,2,2023
2023010486966,-0.103398,51.590324,3,2023
2022010369717,-0.332078,51.58458,2,2022
2022010412849,-0.449913,51.521928,3,2022
2024010522485,-0.46355,51.49705,3,2024
2024010514295,-0.09832,51.54783,3,2024
2022010375847,-0.170435,51.490161,3,2022
2022010405871,0.006512,51.436934,2,2022
2023010445531,-0.04569,51.474317,2,2023
2022010359391,0.125842,51.566818,3,2022
2023010461216,-0.097035,51.494847,2,2023
2023010486798,-0.095765,51.504916,3,2023
2023010480696,-0.074138,51.530164,2,2023
2024010547111,-0.03421,51.52526,3,2024
2023010478966,-0.008633,51.590085,3,2023
2023010479167,-0.163899,51.432308,2,2023
2024010492618,-0.17049,51.46743,2,2024
2024010526615,-0.1539,51.43601,3,2024
2022010373446,-0.203104,51.525709,2,2022
2022010395037,-0.174522,51.523065,3,2022
2023010428835,-0.130874,51.489231,3,2023
2023471288261,0.472464,50.855692,3,2023
2023471367420,0.269503,50.757061,3,2023
2024421533047,0.46927,51.73459,3,2024
2022531140533,-2.254755,51.842768,2,2022
2022531252006,-2.072357,51.897786,2,2022
2022440102748,-1.106202,51.275607,3,2022
2022411212425,-0.497956,51.746768,3,2022
2023411308441,0.165437,51.86982,3,2023
2024411482601,-0.03439,51.70341,2,2024
2022461252844,0.191172,51.448942,3,2022
2023041319721,-2.751718,53.973045,3,2023
2023041350558,-2.269992,53.782376,2,2023
2024041418207,-2.69852,53.78687,3,2024
2024041495951,-2.40933,53.75035,2,2024
2024332401065,-1.38121,52.55105,3,2024
2024311455559,-1.15605,53.20478,3,2024
2023430131430,-1.170564,51.896856,3,2023
2023451354172,-0.344304,51.403648,3,2023
2023451380217,-0.420235,51.38431,2,2023
2024451418188,-0.5331,51.32948,3,2024
2022231212003,-1.5041,52.527679,3,2022
2023231376489,-1.279686,52.37933,3,2023
2023991375815,-4.049317,54.838288,3,2023
2024991404251,-4.57319,55.94534,2,2024
2024991531835,-3.03366,56.46443,3,2024
2024991522393,-3.95644,55.86295,3,2024
202460Q185379,-3.8064,53.29278,2,2024
2022170M11482,-1.257603,54.570369,2,2022
2022161256287,-0.34676,53.761442,3,2022
2022161234051,-0.645837,53.5949,2,2022
2022161280816,-0.675452,53.556255,3,2022
2024122500046,-1.07822,53.9572,3,2024
2022332200040,-1.131453,52.647787,2,2022
2023332300275,-1.114584,52.659664,2,2023
2022311196686,-1.206627,52.98042,3,2022
2022311246590,-1.148302,52.95615,3,2022
2023311277828,-1.1501,52.961619,3,2023
2024311534976,-1.21184,52.95419,3,2024
20225222BR271,-2.589427,51.491247,3,2022
2022501228002,-4.147359,50.397181,3,2022
2023461368741,0.551231,51.385816,2,2023
2022430423299,-0.944353,51.452068,2,2022
2023430430639,-0.581704,51.507941,3,2023
2022471236765,-0.136508,50.819746,3,2022
2024440519966,-1.08211,50.84769,2,2024
2024440045533,-1.39152,50.92737,2,2024
2022111161668,-1.598032,54.777621,2,2022
2022101220498,-1.574037,55.132804,3,2022
2023552300268,-1.880178,50.736409,3,2023
2022430109312,-0.766615,51.578566,3,2022
2024430526734,-0.76253,51.63163,3,2024
202234WNC3252,-0.919509,52.243598,3,2022
2022061178394,-2.444381,53.56657,3,2022
2024061515173,-2.40025,53.54787,2,2024
2023061375086,-2.322795,53.557388,2,2023
2022052203133,-2.909605,53.442211,3,2022
2023052302685,-2.963888,53.445291,3,2023
2024052400674,-2.99611,53.46327,3,2024
2024141476252,-1.30485,53.53393,3,2024
2022141249897,-1.345401,53.336927,2,2022
2022141257924,-1.452714,53.360757,2,2022
2022201265928,-1.902305,52.486927,3,2022
2024201457281,-1.81618,52.50584,2,2024
2024201489376,-1.53035,52.40782,3,2024
2024131475900,-1.79507,53.81637,2,2024
2024131396499,-1.50095,53.81592,3,2024
2023010456542,-0.211072,51.586826,2,2023
2023010428065,0.156446,51.478606,3,2023
2022010405645,-0.124249,51.523252,2,2022
2023010445360,-0.139121,51.533974,3,2023
2022010392665,-0.087513,51.380458,3,2022
2023010477601,-0.083694,51.417868,3,2023
2024010502984,-0.31704,51.52742,3,2024
2024010535240,-0.05649,51.62755,3,2024
2023010419958,0.068645,51.479685,3,2023
2022010398337,-0.065112,51.570968,3,2022
2023010470447,-0.077129,51.532408,2,2023
2023010437029,-0.229039,51.489999,3,2023
2024010512751,-0.22239,51.49847,2,2024
2024010492633,-0.14369,51.59031,3,2024
2023010460758,-0.408677,51.602836,3,2023
2022010370534,-0.393459,51.475443,2,2022
2022010416213,-0.366663,51.469318,2,2022
2024010519833,-0.36069,51.46377,3,2024
2022010389215,-0.103551,51.561695,3,2022
2024010501880,-0.11264,51.55761,3,2024
2023010483149,-0.257118,51.404479,2,2023
2024010546442,-0.30366,51.39753,3,2024
2023010459986,-0.131052,51.425332,3,2023
2024010554040,-0.11774,51.48437,3,2024
2022010412765,0.022112,51.595486,3,2022
2022010372995,-0.243948,51.465242,3,2022
2023010425711,-0.359857,51.414981,3,2023
2023010473210,-0.282744,51.449595,2,2023
2022010372787,-0.098092,51.498164,3,2022
2022010392326,-0.077486,51.502369,3,2022
2023010420469,-0.077666,51.47445,3,2023
2023010439000,-0.089632,51.433082,3,2023
2022010417441,-0.147639,51.352332,3,2022
2022010403900,-0.016428,51.500219,2,2022
2023010448399,-0.047101,51.522838,3,2023
2023010455200,-0.027031,51.50627,2,2023
2024010530267,-0.05924,51.53224,3,2024
2022010395018,-0.016806,51.590035,3,2022
2023010425746,-0.03559,51.578265,3,2023
2022010393943,-0.181475,51.433158,3,2022
2022010397288,-0.178287,51.466633,3,2022
2024010488698,-0.13697,51.49865,3,2024
2022302202212,-1.289007,52.92313,3,2022
2023421323831,0.096892,51.614983,2,2023
2024421432393,0.49443,51.72061,2,2024
2022440154826,-1.033418,50.880829,2,2022
2023440200331,-0.776877,51.251948,3,2023
2023440386762,-1.0049,50.852901,2,2023
2023440491812,-1.518694,50.915033,2,2023
2023411378116,-0.33866,51.722144,3,2023
2023461358751,0.869127,51.147289,3,2023
2022041167252,-2.638157,53.715574,3,2022
2022041242700,-2.719388,53.758958,3,2022
2024041463671,-2.74086,53.76268,2,2024
2024041502269,-2.70969,53.79165,3,2024
2023332301164,-1.354104,52.538723,3,2023
2024320478121,-0.62216,52.94468,3,2024
2022311156184,-0.797452,53.076358,3,2022
2023311381486,-1.101909,53.314363,2,2023
2024311477934,-0.97749,52.9505,2,2024
2024311492611,-1.13036,52.99546,2,2024
2022451137763,-0.745016,51.339024,3,2022
2023451390823,-0.492496,51.30014,2,2023
2024471413029,-0.36181,50.81235,2,2024
2023991263418,-3.060946,56.165398,3,2023
2024991422984,-3.3893,56.07345,3,2024
2023622300742,-4.064504,51.657435,2,2023
2024610007224,-2.98897,51.57684,3,2024
2022170S31652,-1.323313,54.528165,3,2022
2022070433079,-2.67307,53.322844,3,2022
2022070734112,-2.568002,53.397871,3,2022
2024041528495,-2.4498,53.74249,2,2024
2023522300517,-2.581045,51.459603,2,2023
2023522301851,-2.596612,51.457996,3,2023
2022430130539,-0.715999,51.998495,3,2022
2022440033804,-1.052563,50.803055,3,2022
2022070782679,-2.888548,53.193231,3,2022
2023221268276,-2.731778,52.703177,3,2023
2023430014146,-0.904828,51.660754,2,2023
2023031339109,-3.232045,54.115012,3,2023
20225222TD655,-3.09252,51.032472,2,2022
2024061410331,-2.2163,53.47289,2,2024
2024061415951,-2.24807,53.39669,2,2024
2022061162206,-2.095765,53.486975,3,2022
2023061261762,-2.598121,53.518621,2,2023
2022052202624,-2.876191,53.421454,3,2022
2023052300504,-2.914546,53.410829,3,2023
2023052300937,-2.880784,53.394669,3,2023
2022052201415,-2.981995,53.443714,3,2022
2024052401947,-2.99477,53.64033,3,2024
2023052301969,-3.009897,53.34987,3,2023
2024052402875,-3.05143,53.39973,3,2024
2023141373488,-1.148819,53.507868,2,2023
2022141151834,-1.410014,53.3909,3,2022
2024101511123,-1.41358,54.97159,3,2024
2022101151984,-1.396097,54.901832,3,2022
2022201152044,-1.772884,52.499524,2,2022
2022201271450,-2.013271,52.444767,3,2022
2023201358430,-1.94142,52.507935,2,2023
2023201400500,-1.838067,52.587831,3,2023
2023201301164,-2.032857,52.47052,3,2023
2024201456912,-2.1357,52.54666,2,2024
2022201146375,-1.799433,52.358914,2,2022
2022201152253,-2.152237,52.562042,3,2022
2023131277266,-1.914812,53.856163,3,2023
2024131501660,-1.78535,53.7683,3,2024
2022131151372,-1.542448,53.811523,3,2022
2022131163391,-1.539972,53.807433,3,2022
2022131242688,-1.467561,53.81036,3,2022
2023131299785,-1.605994,53.815874,2,2023
2023481406859,-0.097293,51.51771,3,2023
2023010461243,-0.259547,51.616618,2,2023
2024010502245,-0.24008,51.57796,3,2024
2024010502979,-0.16665,51.64604,2,2024
2022010380931,-0.24143,51.53709,3,2022
2022010401204,-0.297617,51.546102,3,2022
2023010435161,-0.245385,51.536214,3,2023
2024010498230,-0.24886,51.54717,3,2024
2022010364480,-0.106331,51.521156,3,2022
2024010518085,-0.12687,51.5153,3,2024
2023010447163,-0.117725,51.40029,2,2023
2023010477815,-0.115863,51.39732,3,2023
2024010509893,-0.37543,51.51729,2,2024
2024010525944,-0.26258,51.50644,2,2024
2023010466036,-0.076192,51.542653,3,2023
2023010470207,-0.066094,51.555661,3,2023
2022010363024,-0.202229,51.48496,3,2022
2022010386496,-0.23002,51.492559,3,2022
2024010544452,-0.09838,51.58735,3,2024
2023010472957,-0.404847,51.476741,3,2023
2022010362812,-0.100404,51.537499,3,2022
2024010492636,-0.1074,51.54449,3,2024
2022010375396,-0.287845,51.419814,3,2022
2023010480023,-0.256265,51.39854,2,2023
2022010356063,-0.115577,51.461262,3,2022
2023010460843,-0.132152,51.441033,2,2023
2023010483440,-0.132801,51.41947,3,2023
2024010529346,-0.13032,51.45197,3,2024
2024010530549,-0.01831,51.46545,2,2024
2024010503410,0.03025,51.52441,3,2024
2022010409892,-0.329963,51.444863,3,2022
2022010368301,-0.096946,51.472768,3,2022
2023010433268,-0.073875,51.483102,3,2023
2022010359142,-0.162368,51.363599,3,2022
2022010384988,-0.029264,51.530318,3,2022
2023010425272,-0.039021,51.517649,3,2023
2024010490791,-0.01685,51.50022,3,2024
2024010497029,-0.06412,51.51476,2,2024
2024010532939,-0.22825,51.46313,2,2024
2022010393032,-0.170326,51.507263,2,2022
2022010395855,-0.128413,51.511349,2,2022
2023010458661,-0.130959,51.509708,3,2023
2024010524583,-0.16015,51.51244,3,2024
2022351205888,0.088093,52.550436,3,2022
2022031230485,-2.93108,54.877511,2,2022
2024421410009,0.58316,51.56981,3,2024
2024421538145,0.56328,51.53542,2,2024
2024531407806,-2.15722,51.8443,2,2024
2022440466423,-1.385573,50.979064,3,2022
2022461245130,0.957227,50.995044,2,2022
2023461286391,1.086676,51.278906,3,2023
2023461341158,1.337538,51.380795,2,2023
2024461421794,0.86897,51.15023,3,2024
2024461528173,0.22281,51.44371,3,2024
2024041452673,-2.72763,53.69183,2,2024
2023430503017,-1.373346,51.780525,2,2023
2024211421189,-1.84295,52.71782,2,2024
2023371344591,1.201977,52.054699,3,2023
2023371391331,1.541876,52.434943,3,2023
2023451381142,-0.424053,51.372303,3,2023
2024231522702,-1.27614,52.34969,3,2024
2023471329044,-0.398389,50.806476,3,2023
2024471402341,-0.36417,50.81215,3,2024
2024221479073,-2.24623,52.37104,3,2024
2022991135774,-3.265047,55.931608,2,2022
2022991131748,-4.370593,55.908268,3,2022
2023991349266,-4.272354,55.875501,3,2023
2023991362143,-4.187827,55.890163,3,2023
2023610027123,-3.207836,51.784744,2,2023
2022170M10952,-1.240623,54.581003,2,2022
2022111220064,-1.469205,54.547487,3,2022
2024161482925,-0.10945,53.5418,3,2024
2023311345225,-1.153652,52.966499,3,2023
2023221274218,-2.745583,52.238002,3,2023
2024520002316,-2.38863,51.39175,3,2024
2022520000458,-2.613857,51.468823,3,2022
2023522300659,-2.583871,51.454301,3,2023
2023522400373,-2.568337,51.547665,3,2023
2023351352837,-0.249889,52.585163,3,2023
2022401250343,-0.439794,51.882928,3,2022
2022471199922,-0.135551,50.820981,3,2022
2023471275469,-0.154865,50.8529,3,2023
2024440026093,-1.06513,50.7878,3,2024
2024070542584,-2.95606,53.14388,3,2024
2022501167038,-5.28884,50.218713,2,2022
2024401400002,-0.46078,52.13043,3,2024
2024101403421,-1.60671,55.13377,2,2024
2023552301026,-1.910814,50.774232,3,2023
2022430197477,-0.668164,51.526605,3,2022
2023340WN2822,-0.94654,52.257481,2,2023
2024520401951,-2.80515,50.94899,3,2024
2023061322975,-2.468747,53.549885,3,2023
2023061287553,-2.215544,53.465939,3,2023
2024061399558,-2.62276,53.54084,3,2024
2023052300579,-2.89984,53.488811,2,2023
2023052301962,-2.949669,53.428164,3,2023
2023052302794,-2.936023,53.450286,3,2023
2024141415334,-1.15232,53.5027,3,2024
2022141243862,-1.549556,53.333737,3,2022
2024141506183,-1.4669,53.41246,3,2024
2022101135344,-1.606317,54.968151,2,2022
2024101448342,-1.43691,54.9764,3,2024
2024201477907,-1.88368,52.47462,2,2024
2024201397113,-1.55107,52.41837,3,2024
2022201272626,-2.074953,52.47549,3,2022
2024201531712,-1.98694,52.53637,2,2024
2023201284784,-2.120039,52.585327,3,2023
2022131256913,-1.893735,53.750223,2,2022
2022131145545,-1.62968,53.6908,2,2022
2024131428420,-1.6793,53.75123,3,2024
2022131244520,-1.545644,53.795465,3,2022
2022131248642,-1.725788,53.878179,2,2022
2022131252310,-1.560566,53.786784,3,2022
2023131261256,-1.531304,53.748528,2,2023
2023131348940,-1.497872,53.801548,2,2023
2024481567216,-0.10437,51.51418,2,2024
2022010373359,-0.276742,51.608473,3,2022
2023010426528,-0.212896,51.643344,3,2023
2023010452786,-0.147943,51.546092,3,2023
2023010475428,-0.13404,51.520342,3,2023
2024010530718,-0.10311,51.37894,3,2024
2022010387196,-0.070329,51.53806,3,2022
2023010420014,-0.080703,51.531063,2,2023
2023010470194,-0.06878,51.548088,3,2023
2024010512303,-0.08152,51.54284,3,2024
2024010522902,-0.0779,51.52599,3,2024
2022010392497,-0.213017,51.494522,3,2022
2022010408284,-0.200864,51.476082,3,2022
2022010412415,-0.458714,51.493935,3,2022
2022010378970,-0.158126,51.493907,3,2022
2024010506565,-0.28245,51.38061,3,2024
2024010551732,-0.12085,51.49479,2,2024
2024010502795,-0.01239,51.46348,3,2024
2023010470466,-0.324231,51.428883,3,2023
2023010473164,-0.100882,51.493434,2,2023
2023010471803,-0.174097,51.384366,3,2023
2022010400518,-0.013659,51.498968,3,2022
2023010442199,-0.009999,51.574003,3,2023
2023010456001,-0.145606,51.445995,3,2023
2024010515842,-0.15258,51.44335,3,2024
2024010532711,-0.18757,51.44169,3,2024
2022351205712,0.178688,52.671491,3,2022
2022302201661,-1.343224,53.199852,3,2022
2024421450032,0.09464,51.67272,2,2024
2023531368083,-2.241269,51.867018,3,2023
2022440170579,-1.150481,50.792946,3,2022
2023440032220,-0.845559,51.260441,3,2023
2024440098313,-1.56147,50.75423,3,2024
2024440515645,-1.29871,50.84945,3,2024
2022411170187,-0.400744,51.639155,2,2022
2023461277361,1.40725,51.351738,2,2023
2024461458275,0.0731,51.26681,3,2024
2024461523376,1.28867,51.11219,2,2024
2022041164584,-2.217323,53.692755,3,2022
2022041231407,-2.618508,53.651735,3,2022
2022320404274,-0.00359,52.97659,3,2022
2022451161447,-0.791964,51.212107,3,2022
2022471192569,-0.72992,50.870674,3,2022
2022221215740,-1.946954,52.093398,3,2022
2022991219411,-3.059989,55.945081,2,2022
2022991229204,-2.95262,55.942031,3,2022
2022991148447,-3.181068,55.964996,3,2022
2022991231384,-4.271057,55.851384,3,2022
2024991437883,-4.25588,55.83371,3,2024
2024991502570,-4.37431,55.90359,3,2024
2023622400033,-4.008626,51.653908,3,2023
2022170M10792,-1.267812,54.555666,2,2022
2023170M21303,-1.208944,54.57025,2,2023
2023041314684,-2.552348,53.737446,3,2023
2023161326547,-0.384921,53.743472,3,2023
2023161326629,-0.439559,54.005304,3,2023
2022161223107,-0.100776,53.539025,3,2022
2023332301303,-1.107861,52.626773,3,2023
2024332400556,-1.07649,52.63462,3,2024
2022311241792,-1.191008,52.995282,3,2022
2024311481674,-1.12006,52.96059,3,2024
2022221229890,-2.71079,52.056436,2,2022
2022522203991,-2.56033,51.441747,3,2022
2022522300354,-2.603512,51.455101,2,2022
2023522301744,-2.552799,51.491273,3,2023
2023522400159,-2.571029,51.463203,3,2023
2024401414430,-0.42647,51.88223,3,2024
2022430145870,-0.724158,51.522849,3,2022
2023440011184,-1.386505,50.938567,3,2023
2023440026934,-1.45931,50.921994,3,2023
2024440546845,-1.30144,50.76163,3,2024
2023111268247,-1.695046,54.872153,3,2023
2023221282791,-3.038914,52.896089,3,2023
202254D410222,-2.138306,51.370857,3,2022
2023401372009,-0.522041,51.903852,3,2023
2022552201446,-1.977224,50.724993,3,2022
2024340NN4742,-0.72663,52.40349,3,2024
2024122500463,-1.7165,54.3465,3,2024
2023520400855,-2.995906,51.130471,2,2023
2024351409226,0.25412,52.39545,3,2024
2022031195690,-3.498568,54.555237,2,2022
2024471400532,0.5767,50.86559,3,2024
2022421229345,0.409665,51.632045,2,2022
2023421374460,0.11384,51.695558,3,2023
2022411237740,-0.378832,51.676118,3,2022
2024411519316,-0.40394,51.67482,2,2024
2022461240860,0.208038,51.44591,3,2022
2024461467765,0.75614,51.35326,2,2024
2024041421026,-2.9161,53.7767,3,2024
2023041261280,-2.726931,53.797005,2,2023
2023041320896,-2.758578,53.549808,3,2023
2023041327971,-3.008769,53.924648,2,2023
2022320347768,-0.149693,52.785979,3,2022
2024361493442,0.39976,52.75972,2,2024
2023311355735,-0.803426,53.08272,3,2023
2024211473291,-1.67915,52.81353,2,2024
2022451153090,-0.752257,51.32984,2,2022
2024451527234,-0.7973,51.21539,3,2024
2023471260681,-0.210958,51.113011,3,2023
2023471342083,-0.170531,51.124454,2,2023
2024221531643,-2.23475,52.38426,3,2024
2024371406334,1.5664,52.45509,3,2024
2023061359950,-2.307197,53.650485,3,2023
2023061325747,-2.210307,53.427325,3,2023
2023061339870,-2.09815,53.534441,3,2023
2023052301162,-2.899865,53.446537,3,2023
2022141216294,-1.295342,53.420103,3,2022
2024141424045,-1.47834,53.38595,3,2024
2024101496431,-1.66683,54.98171,3,2024
2023101320905,-1.542753,54.993495,3,2023
2024101454077,-1.57107,55.02617,3,2024
2022201265848,-2.013118,52.522602,3,2022
2024201473170,-2.02483,52.56548,2,2024
2022201270751,-1.843293,52.40501,2,2022
2023201384664,-2.123869,52.587804,3,2023
2022131176511,-1.787832,53.806159,3,2022
2022131229738,-1.766144,53.779685,3,2022
2023131384424,-1.76823,53.789423,3,2023
2024131486770,-1.57264,53.7608,2,2024
2023010422931,0.083682,51.541613,3,2023
2023010444291,-0.207688,51.605326,3,2023
2024010535892,-0.17504,51.63191,3,2024
2024010549979,-0.29936,51.53836,3,2024
2024010539711,-0.13508,51.54842,3,2024
2022010411571,-0.098518,51.381914,3,2022
2024010515662,-0.05545,51.39264,3,2024
2024010528305,0.06149,51.48174,3,2024
2023010438472,-0.2141,51.494089,2,2023
2022010370823,-0.070997,51.596595,3,2022
2022010387266,-0.107361,51.56619,3,2022
2023010433643,-0.09133,51.549312,3,2023
2023010435715,-0.100226,51.537613,3,2023
2023010483830,-0.107616,51.551707,3,2023
2024010494834,-0.29045,51.41171,2,2024
2024010525004,-0.15995,51.411,3,2024
2023010432034,0.080097,51.560732,2,2023
2022010407113,-0.089821,51.494073,3,2022
2024010499198,-0.06921,51.49849,3,2024
2023010419667,-0.067382,51.518102,3,2023
2022010409835,-0.016094,51.576228,3,2022
2022010359295,-0.164462,51.431544,3,2022
2022010360735,-0.137181,51.505554,3,2022
2023991306824,-4.497848,55.626669,3,2023
2024991488238,-4.43827,55.67313,3,2024
2023991278551,-3.760169,56.009243,2,2023
2024991515478,-4.68501,55.75552,3,2024
2022991214273,-3.994409,55.689023,2,2022
2024991489563,-4.06695,55.76041,3,2024
2024991466636,-2.96979,56.45749,2,2024
2023991268966,-3.337795,56.592126,2,2023
2022991184060,-4.293463,55.824635,3,2022
202360A012992,-3.807337,53.322088,3,2023
2022622200879,-3.937824,51.618841,3,2022
2023070930508,-2.599008,53.422151,2,2023
2024070863257,-2.58348,53.40156,3,2024
2023041406875,-2.492619,53.729833,2,2023
2024161448209,-0.39667,53.75342,1,2024
2022332200391,-1.097956,52.616342,3,2022
2024332401261,-1.1216,52.63789,3,2024
2024311403368,-1.2274,52.973,2,2024
20225222SG404,-2.490822,51.597252,2,2022
2022522202696,-2.574391,51.509682,3,2022
2022522205337,-2.577315,51.505037,3,2022
2023430486513,-0.553449,51.501472,3,2023
2024430085228,-0.53313,51.48366,1,2024
2024471415121,-0.17229,50.83159,3,2024
2024471500911,-0.15917,50.83523,3,2024
2024111395133,-1.35355,54.7853,2,2024
2022070293976,-2.521087,53.242085,3,2022
202254C293022,-2.118735,51.45753,3,2022
2023552300102,-1.931638,50.741288,3,2023
2023552301215,-1.937837,50.747821,3,2023
2022552200583,-2.059657,50.731689,3,2022
2024552400419,-2.51646,50.95635,3,2024
2022430333635,-1.004464,51.978395,2,2022
2023061334544,-2.447102,53.582667,3,2023
2022061129556,-2.258004,53.463104,1,2022
2024061536404,-2.22041,53.43192,3,2024
2024061428332,-2.11741,53.5261,3,2024
2023061283532,-2.092609,53.477405,3,2023
2023061348299,-2.317299,53.424149,3,2023
2022052200564,-2.856995,53.470295,3,2022
2024052400675,-2.97887,53.40613,3,2024
2023052300529,-2.985008,53.630961,2,2023
2022141229633,-1.502219,53.367751,3,2022
2023141265484,-1.437956,53.366657,3,2023
2023141284877,-1.494047,53.470169,3,2023
2023141289209,-1.409693,53.389145,2,2023
2024101397007,-1.63063,54.99827,3,2024
2024101429660,-1.56231,54.9777,2,2024
2024101400744,-1.48696,54.96886,2,2024
2024201526038,-1.95288,52.45812,3,2024
2022131148935,-1.762115,53.807845,3,2022
2022131183968,-1.960902,53.730939,2,2022
2023131320003,-1.892813,53.719366,3,2023
2023131320500,-1.890644,53.720173,2,2023
2024131491379,-1.64817,53.74025,3,2024
2022131170344,-1.348288,53.608255,2,2022
2024131499997,-1.50596,53.68943,2,2024
2024010544682,-0.21319,51.5817,3,2024
2022010375434,-0.03668,51.415498,2,2022
2024010505677,-0.14636,51.53678,3,2024
2023010428661,-0.106099,51.422108,2,2023
2024010493866,-0.09271,51.39713,2,2024
2024010510699,-0.05224,51.39247,3,2024
2022010404075,-0.319709,51.510928,3,2022
2023010484986,-0.305538,51.511065,3,2023
2024010544403,-0.25328,51.50666,3,2024
2022010360924,0.027193,51.487414,3,2022
2022010366921,0.035295,51.452948,3,2022
2024010494826,-0.07497,51.55066,3,2024
2022010365707,-0.244918,51.494743,3,2022
2023010466159,-0.217551,51.504591,3,2023
2022010416249,-0.337005,51.580091,3,2022
2024010511063,-0.15926,51.48441,2,2024
2022010409050,-0.253025,51.392638,2,2022
2022010368375,-0.135218,51.430758,3,2022
2022010382525,-0.113176,51.504801,3,2022
2022010384801,-0.132737,51.463731,3,2022
2023010440750,-0.113151,51.505062,2,2023
2023010461892,-0.129933,51.423147,3,2023
2022010368869,-0.023304,51.474509,3,2022
2023010442262,-0.037072,51.455001,2,2023
2023010477165,-0.19256,51.411828,2,2023
2022010417172,-0.071935,51.492557,3,2022
2023010419672,-0.052804,51.490874,2,2023
2024010500449,-0.06172,51.48726,3,2024
2024011563928,-0.08828,51.50674,2,2024
2023010428557,-0.064117,51.511151,2,2023
2022010376028,-0.170078,51.516692,3,2022
2022351240020,0.111677,52.220024,3,2022
2022302202116,-1.419379,53.182988,3,2022
2023302301386,-1.952136,53.438736,3,2023
2022471142952,0.295843,50.801263,3,2022
2022471204370,0.480348,50.849219,1,2022
2024421493234,0.70744,51.61368,2,2024
2022440047443,-1.290973,50.864953,3,2022
2024440463956,-1.39941,50.84498,2,2024
2024440541296,-0.76498,51.30979,3,2024
2022461163668,0.430301,51.298003,2,2022
2022461247285,0.470335,51.115753,3,2022
2023461303292,0.234375,51.132184,3,2023
2022041171857,-2.681958,53.727449,3,2022
2023041317916,-2.999608,53.875855,3,2023
2023041318703,-2.244948,53.797413,3,2023
2024041474511,-2.88687,54.06351,3,2024
2022361183137,0.489514,52.646673,2,2022
2023311307801,-1.09205,52.975987,3,2023
2023311313064,-1.076982,52.935283,3,2023
2023311319558,-1.200415,53.036913,2,2023
2024311435353,-1.11901,53.37774,3,2024
2024430085729,-1.29974,51.67059,3,2024
2024211474873,-2.20863,52.6021,3,2024
2024211522352,-1.63184,52.80798,2,2024
2024231473868,-1.53279,52.27763,3,2024
2023471322098,-0.301914,51.073098,3,2023
2022991235995,-3.187752,55.956719,2,2022
2022991210528,-4.239814,55.838737,3,2022
2022991211040,-4.366079,55.883009,2,2022
202460Q189143,-3.17371,53.15465,2,2024
2024622400753,-3.18239,51.48951,3,2024
2022170H10732,-1.245004,54.69628,3,2022
202417M101524,-1.23788,54.57303,3,2024
202417L204924,-1.16244,54.56508,2,2024
2022070485714,-2.723054,53.371118,2,2022
2023041370529,-3.047731,53.810585,3,2023
2024041500246,-3.02362,53.79698,3,2024
2022161241622,-0.358092,53.750946,3,2022
2024161490935,-0.3314,53.74758,3,2024
2024161452934,-0.43893,53.7486,3,2024
2023161323226,-0.09735,53.573357,3,2023
2023161325250,-0.520074,53.510539,3,2023
2024122400367,-1.07402,53.96495,3,2024
2024332400264,-1.12286,52.64862,2,2024
2022311201919,-1.142609,52.956468,3,2022
2024211523469,-2.20007,53.05166,3,2024
2023522400334,-2.570916,51.463402,2,2023
2024522401413,-2.58489,51.46528,2,2024
2023522301016,-2.966913,51.34854,3,2023
2024430418972,-0.94924,51.45297,3,2024
2023471337805,-0.150059,50.840053,2,2023
2023440471945,-1.063219,50.806694,2,2023
2022070389733,-2.919545,53.253951,3,2022
2023501262310,-5.257602,50.08099,3,2023
202254C616922,-2.188858,51.20674,3,2022
2024543057524,-2.12292,51.46309,3,2024
2023401371256,-0.484167,52.132157,3,2023
2023401342214,-0.492289,51.888126,2,2023
2023101322961,-1.524449,55.072926,3,2023
2022552200890,-1.821265,50.745236,3,2022
2023552300364,-1.931479,50.753473,3,2023
2024552401083,-1.76941,50.74616,3,2024
2023031353856,-2.967106,54.888913,3,2023
2024061425757,-2.24264,53.48074,3,2024
2023061326189,-2.284855,53.491483,3,2023
2024061411256,-2.15975,53.43747,3,2024
2023052300608,-2.955952,53.403628,3,2023
2023052302990,-2.866421,53.380536,1,2023
2024052402485,-2.98098,53.33625,3,2024
2023101374439,-1.617757,54.974119,3,2023
2024101509322,-1.64776,54.9823,3,2024
2023101266147,-1.491281,54.982579,2,2023
2022201207168,-1.99659,52.406839,3,2022
2023201414789,-1.90504,52.461613,3,2023
2024201395061,-1.84818,52.4246,3,2024
2024201489726,-1.83448,52.51239,3,2024
2022201227285,-2.13192,52.585332,3,2022
2022131249303,-2.047104,53.732311,2,2022
2022131234547,-1.816607,53.652699,3,2022
2024131517922,-1.68224,53.70901,3,2024
2023131344422,-1.549489,53.829032,2,2023
2024131530458,-1.55372,53.76794,2,2024
2024131459066,-1.49551,53.68083,3,2024
2023481387809,-0.078552,51.509563,3,2023
2022010376339,-0.229699,51.571831,2,2022
2023010427197,-0.177382,51.554322,3,2023
2024010497279,-0.10222,51.38367,2,2024
2023010419525,-0.299886,51.509221,3,2023
2022010384064,0.035496,51.463934,3,2022
2024010538797,-0.00052,51.48435,2,2024
2024010497234,-0.05745,51.53579,3,2024
2023010435851,-0.213343,51.492459,2,2023
2022010401936,-0.364267,51.59059,3,2022
2022010387857,0.232464,51.597176,2,2022
2024010542371,0.17159,51.57787,2,2024
2023010454402,-0.315797,51.481404,3,2023
2024010535200,-0.11287,51.53145,3,2024
2022010387328,-0.157275,51.498578,3,2022
2022010401272,-0.215426,51.503668,2,2022
2024010535146,-0.15792,51.499,3,2024
2022010397869,-0.115892,51.46097,3,2022
2024010521054,-0.10953,51.4894,3,2024
2024010491784,-0.19232,51.40763,3,2024
2024010540082,0.05132,51.53851,2,2024
2022010387363,-0.094646,51.50791,2,2022
2022010403331,-0.06955,51.485234,3,2022
2023010442669,-0.094287,51.494074,3,2023
2024010531199,-0.05791,51.47343,3,2024
2024010522982,-0.20428,51.3828,3,2024
2022010356019,-0.163596,51.464254,3,2022
2022010394864,-0.163571,51.424704,3,2022
2024010516375,-0.21096,51.45394,3,2024
2024010519741,-0.14317,51.4791,3,2024
2023010423494,-0.136065,51.503576,3,2023
2024010523324,-0.15207,51.50304,2,2024
2022351143261,-0.107275,52.30656,2,2022
2024351500626,0.14164,52.18846,3,2024
2022302202063,-1.549415,53.14159,2,2022
2023302301486,-1.433338,53.252477,3,2023
2022501251492,-3.07417,50.712482,3,2022
2024501499041,-3.58976,50.51769,3,2024
2022471250026,0.551888,50.875324,3,2022
2023471314192,0.569586,50.854897,3,2023
2024471439226,0.58879,50.87044,2,2024
2024531450025,-2.25682,51.83579,3,2024
2024531475434,-2.20211,51.86356,2,2024
2023440508904,-0.753406,51.292228,3,2023
2023411331369,-0.05585,51.706744,2,2023
2022461210626,1.070605,51.284141,3,2022
2022461229634,1.170729,51.076683,3,2022
2022461253563,0.386586,51.413703,3,2022
2024461512998,1.13476,51.36802,3,2024
2023041374097,-2.776938,54.033831,2,2023
2024332400105,-1.19483,52.58115,2,2024
2024332400349,-1.25408,52.75048,3,2024
2024332400674,-1.10289,52.7615,3,2024
2022320603817,-0.036323,52.981316,2,2022
2024320166376,-0.23972,53.14362,2,2024
2024320695240,0.33441,53.1437,3,2024
2024320766337,0.33693,53.14508,2,2024
2024361394467,1.39135,52.82466,3,2024
2024311411721,-1.11,53.30846,3,2024
2024211454092,-2.22537,53.01074,3,2024
2024451406947,-0.56791,51.21728,2,2024
2023231419777,-1.534793,52.284044,3,2023
2022471157561,-0.758599,50.843419,3,2022
2022221174249,-2.040713,52.353431,3,2022
2023221343249,-2.234553,52.396555,3,2023
2022991201496,-4.062241,55.766827,3,2022
2022991182200,-3.190038,55.899172,3,2022
202460Q137770,-3.03765,53.20341,2,2024
2023610043623,-3.010246,51.637674,3,2023
2022111167677,-1.558238,54.528352,2,2022
2022302201699,-1.448926,52.889837,2,2022
2022332201076,-1.141742,52.650694,2,2022
2024211405011,-2.18122,53.02067,2,2024
20225200SG353,-2.488259,51.499598,3,2022
2023461346939,0.540516,51.335343,2,2023
2022471150718,-0.166301,50.83298,3,2022
2022440284408,-1.063908,50.809838,2,2022
2022070589909,-2.22076,53.164574,3,2022
2024501475821,-4.5309,50.82981,2,2024
2022540995322,-2.213871,51.312809,3,2022
2023101269426,-1.53072,55.115167,2,2023
2023552300777,-1.858977,50.722555,3,2023
2023552301500,-1.919138,50.750066,2,2023
2022552201432,-2.455562,50.615049,3,2022
2023031303228,-3.590037,54.492097,3,2023
2022520300265,-3.139747,51.029323,2,2022
2024061404076,-2.30674,53.57913,2,2024
2022061218529,-2.232495,53.469601,3,2022
2024061495303,-2.25631,53.36987,2,2024
2023061313111,-2.220763,53.594805,2,2023
2023052300697,-2.827485,53.405361,2,2023
2023052302102,-2.843429,53.423578,3,2023
2022052202677,-2.987379,53.408397,3,2022
2022052202969,-2.935369,53.389652,3,2022
2024052400590,-2.94776,53.41465,3,2024
2024052400322,-3.04049,53.43276,2,2024
2023141342475,-1.463729,53.536489,2,2023
2023101318268,-1.560638,55.02601,3,2023
2024101446165,-1.55314,55.01421,3,2024
2022201267956,-1.82654,52.490113,3,2022
2022201257652,-1.800423,52.478268,2,2022
2024201505161,-1.92718,52.49388,3,2024
2024201470926,-2.13798,52.57991,3,2024
2024131418244,-1.7957,53.8055,3,2024
2023131344872,-1.644055,53.692209,2,2023
2023131353075,-1.568676,53.730063,3,2023
2022010363924,0.142759,51.544838,3,2022
2022010381489,0.117716,51.534474,2,2022
2023010440066,-0.174234,51.57206,2,2023
2023010462257,0.181319,51.48106,3,2023
2024010509735,-0.19123,51.53615,3,2024
2023010476090,-0.10757,51.37778,3,2023
2024010498859,0.09721,51.48643,2,2024
2022010360203,-0.051031,51.54998,3,2022
2022010382541,-0.072928,51.567338,3,2022
2024010544213,-0.04491,51.53799,3,2024
2022010367082,-0.212649,51.473366,3,2022
2022010402449,-0.186988,51.479582,3,2022
2022010406160,-0.212192,51.467739,3,2022
2024010499776,-0.21042,51.49428,2,2024
2023010453800,-0.09858,51.577441,3,2023
2024010528359,-0.07712,51.58486,2,2024
2024010546037,-0.15347,51.60196,3,2024
2024010536221,-0.41203,51.44125,2,2024
2023010439700,-0.088532,51.527288,3,2023
2023010481973,-0.119994,51.572642,3,2023
2023010483947,-0.098211,51.52991,3,2023
2024010515169,-0.10463,51.53478,3,2024
2024010520856,-0.09227,51.55336,3,2024
2024010534498,-0.0967,51.53618,3,2024
2024010533167,-0.12484,51.48433,2,2024
2024010538911,-0.04434,51.45771,3,2024
2023010478224,-0.158922,51.395423,2,2023
2022010364321,0.071636,51.515171,3,2022
2023010469050,0.046988,51.516432,3,2023
2022010376211,-0.267272,51.451912,2,2022
2023010442801,-0.076732,51.487762,3,2023
2024010501046,-0.10472,51.50097,3,2024
2024010497825,-0.06289,51.51833,3,2024
2022010365025,-0.168337,51.427819,3,2022
2022010388407,-0.19214,51.456712,3,2022
2023010445325,-0.214187,51.464595,3,2023
2024010503306,-0.18293,51.46385,3,2024
2024010534667,-0.17211,51.45956,3,2024
2023010479976,-0.139231,51.506504,3,2023
2024010503504,-0.17607,51.51171,3,2024
2024010530743,-0.14882,51.51446,3,2024
2022351251276,0.157073,52.186112,3,2022
2022302201891,-1.363739,52.870057,3,2022
2023421352490,0.171298,52.04195,3,2023
2024421473652,0.10049,51.67154,3,2024
2024421471357,0.58194,51.91494,3,2024
2022531225356,-2.23066,51.854327,3,2022
2023531416715,-2.551773,51.856153,3,2023
2022440102776,-1.48366,50.914847,2,2022
2022440274955,-1.315271,50.866978,2,2022
2024440284686,-1.06234,50.9031,2,2024
2022461202128,1.10489,51.362605,3,2022
2023461285074,1.30938,51.126475,3,2023
2023461321649,0.189029,51.285703,3,2023
2024461518483,1.37879,51.37763,3,2024
2023041306816,-2.673414,53.618595,3,2023
2024041489222,-2.88019,53.57396,2,2024
2023320126299,0.21525,53.080496,3,2023
2022361193689,1.396433,52.825816,3,2022
2022311206696,-0.903366,53.384077,3,2022
2022451131845,-0.327069,51.216564,2,2022
2024451456882,-0.24555,51.3544,2,2024
2023231411829,-1.640103,52.603946,2,2023
2023471392298,-0.1216,50.964696,2,2023
2022221147125,-2.247511,52.385354,3,2022
2023221366103,-2.226078,52.193311,2,2023
2024991499678,-4.32934,55.60589,3,2024
2023991266617,-2.176764,57.178095,2,2023
2022991176046,-2.936234,56.48404,2,2022
2023991363991,-4.25989,55.835709,3,2023
2024991406617,-4.29576,55.83107,2,2024
2024991497465,-3.91442,55.80224,3,2024
202460Q017451,-3.81966,53.32123,3,2024
2024622400270,-3.95644,51.64459,3,2024
2024622400653,-4.03946,51.67519,3,2024
2024622400156,-3.51178,51.73822,1,2024
2022170M11432,-1.222864,54.558073,3,2022
2022161185241,-0.315233,53.792951,3,2022
2022161205117,-0.386474,53.731412,2,2022
2023161380638,-0.29196,53.768261,3,2023
2024161452781,-0.55525,53.73181,3,2024
2024161450583,-0.10203,53.56727,3,2024
2022122201204,-1.091315,53.955525,3,2022
2023122300770,-1.106378,53.990862,3,2023
2023311296783,-1.222268,52.973664,2,2023
2024311470137,-1.1603,52.94749,3,2024
2023520000316,-2.368442,51.376077,3,2023
2022522203954,-2.527411,51.426803,2,2022
2024501410132,-4.18365,50.39937,3,2024
202454C463824,-1.72858,51.57871,2,2024
2024351533970,-0.26401,52.61076,3,2024
2022471205581,-0.144105,50.824013,3,2022
2024111409323,-1.53993,54.77552,3,2024
2022070521172,-2.652962,53.248662,3,2022
2024070978199,-2.89056,53.21034,3,2024
2022401236835,-0.463339,52.139189,2,2022
2023552300435,-1.973595,50.728149,3,2023
2024520401757,-2.50285,51.26894,2,2024
2023061273879,-2.181683,53.501392,3,2023
2024061511249,-2.11559,53.46744,3,2024
2022052202559,-2.989171,53.405245,2,2022
2024052400602,-2.94509,53.41442,3,2024
2023052302032,-2.746304,53.43288,3,2023
2024052401901,-2.74913,53.4352,3,2024
2023141313037,-1.41939,53.575831,2,2023
2022201235218,-1.905358,52.49173,3,2022
2022201207752,-1.493473,52.436564,3,2022
2022201213532,-2.110223,52.479202,3,2022
2023201293943,-2.087687,52.519415,3,2023
2024131508187,-1.85856,53.68532,3,2024
2022131138027,-1.527613,53.778857,3,2022
2023131290114,-1.547847,53.824954,3,2023
2024131421508,-1.55213,53.77407,2,2024
2022010413891,-0.145863,51.527013,3,2022
2023010483992,-0.11082,51.643166,3,2023
2024010531987,-0.28528,51.59599,3,2024
2022010386342,-0.114671,51.531425,3,2022
2023010472719,-0.196079,51.499919,2,2023
2024010533121,-0.20638,51.50726,3,2024
2023010441279,-0.284194,51.415921,3,2023
2024010537988,-0.05458,51.44105,3,2024
2023010438321,-0.006899,51.540615,2,2023
2023010481390,-0.06569,51.495449,3,2023
2022010353151,-0.017007,51.578132,3,2022
2022010362984,0.005514,51.552678,3,2022
2022010390430,-0.192701,51.456739,3,2022
2023010446238,-0.211149,51.453911,2,2023
2024010494101,-0.18191,51.45767,3,2024
2023010485418,-0.141993,51.514785,2,2023
2024010515451,-0.19105,51.51232,2,2024
2022351253569,0.13595,52.20475,2,2022
2023531315884,-2.079886,51.890076,3,2023
2024531502907,-2.11876,51.887,3,2024
2023440457816,-1.661837,50.752096,3,2023
2024411549598,-0.31774,51.68438,3,2024
2023461343741,0.419616,51.298593,3,2023
2024461440911,1.12963,51.0923,2,2024
2024461467774,1.08062,51.28594,3,2024
2022041222078,-2.670999,53.770205,2,2022
2024041469514,-3.01356,53.74203,2,2024
2024041493811,-2.3671,53.74694,3,2024
2023361290822,1.727124,52.602798,3,2023
2024361492607,1.14546,52.58376,3,2024
2022311244225,-1.125632,52.931722,2,2022
2023311312376,-0.895237,52.944044,3,2023
2024311473894,-1.16373,53.13247,3,2024
2024430592457,-1.25696,51.75054,2,2024
2022211129592,-2.148179,52.906213,2,2022
2022471194080,-0.326717,50.827063,3,2022
2024471416027,-0.18341,51.08875,2,2024
2023991290034,-2.782967,55.425925,3,2023
2024991429077,-4.22519,55.73893,3,2024
2022991210157,-2.096714,57.167259,3,2022
2022991139131,-2.382119,57.284634,2,2022
2023991387996,-4.241049,55.84798,2,2023
2024991499282,-4.2549,55.85816,3,2024
2024991516847,-4.19356,55.85922,3,2024
2024622500047,-3.94954,51.64387,3,2024
202263D017922,-3.321453,52.509756,2,2022
2022161195113,-0.374825,53.759876,2,2022
2024161523727,-0.39684,53.7388,3,2024
2022161200485,-0.073553,53.559599,3,2022
2023122301016,-1.099058,53.971735,3,2023
2023122300799,-1.09209,53.941599,3,2023
2022302201163,-1.499604,52.927637,3,2022
2023311341580,-1.157702,52.955021,3,2023
2024311413549,-1.16048,52.93854,3,2024
2023211327223,-2.136387,53.037758,3,2023
2024522403368,-2.53693,51.46683,3,2024
2022522204982,-2.971786,51.345389,3,2022
2024421406679,0.73472,51.54747,3,2024
2023430538996,-0.952111,51.453288,2,2023
2024440542774,-1.46379,50.92834,3,2024
2022501225928,-5.539566,50.118132,3,2022
2023501331881,-5.158181,50.163958,2,2023
2022544516322,-2.225623,51.324827,3,2022
2022545144122,-1.899904,51.538121,3,2022
2024541250724,-1.77989,51.1739,3,2024
2024544543924,-1.88666,51.42072,1,2024
2023101261164,-1.567011,55.139959,3,2023
2023552300295,-1.894798,50.883946,3,2023
2024552401285,-1.94211,50.80387,3,2024
2022430188988,-0.950937,51.969892,3,2022
2022340NNC352,-0.595679,52.289325,3,2022
202234WNC7172,-0.992426,52.135194,2,2022
2022122201493,-1.512462,54.133617,3,2022
2022122300018,-0.451165,54.191804,3,2022
2024520401815,-2.98652,51.12536,3,2024
2022061246134,-2.400349,53.555086,3,2022
2022061207753,-2.195882,53.510789,3,2022
2023061358863,-2.272937,53.494495,3,2023
2022052202986,-2.914738,53.388949,3,2022
2022052203069,-2.935113,53.373851,3,2022
2024052401604,-2.71861,53.45254,2,2024
2022052200076,-3.036902,53.602352,3,2022
2022052202777,-2.972932,53.640453,3,2022
2022052200074,-3.026646,53.394825,2,2022
2022141129207,-1.490892,53.401402,2,2022
2023101333306,-1.614945,54.974074,3,2023
2022101171606,-1.565648,55.021211,3,2022
2023101346115,-1.552415,55.025558,3,2023
2022101164114,-1.401224,54.91992,3,2022
2022201262833,-1.904117,52.473452,3,2022
2023201453259,-1.996763,52.45401,3,2023
2023201401178,-1.818777,52.494254,2,2023
2024201499184,-2.117,52.46975,2,2024
2023201333400,-2.018312,52.502033,2,2023
2024201522486,-2.04497,52.48416,3,2024
2023201301030,-2.12922,52.585704,3,2023
2023201312759,-2.107023,52.592226,3,2023
2022131206314,-1.802702,53.639977,2,2022
2022131234679,-1.556297,53.820303,3,2022
2023131332197,-1.613656,53.829983,2,2023
2023101378325,-1.71965,54.955381,2,2023
2023481364558,-0.1044,51.513167,2,2023
2023010419494,-0.220291,51.561096,3,2023
2024010499404,0.03759,51.38872,3,2024
2022010398667,-0.163587,51.549791,2,2022
2022010368172,-0.088564,51.412489,3,2022
2022010383517,-0.060075,51.649236,3,2022
2022010397165,-0.066591,51.619093,3,2022
2023010482426,0.051304,51.440826,3,2023
2024010498133,-0.09426,51.56832,3,2024
2022010408297,-0.41506,51.498227,2,2022
2023010450780,-0.163379,51.499789,3,2023
2024010491774,-0.18482,51.48367,3,2024
2022010388659,-0.274026,51.403317,3,2022
2022010357225,-0.018983,51.456585,3,2022
2023010423925,-0.025536,51.471498,3,2023
2022010363148,-0.210336,51.420599,3,2022
2022010377434,-0.306735,51.431716,3,2022
2024010526882,-0.28701,51.43302,3,2024
2022010381553,-0.065311,51.471387,3,2022
2022010401536,-0.069206,51.498492,3,2022
2023010452265,-0.074381,51.4533,2,2023
2024010539053,-0.10756,51.4985,3,2024
2024010549834,-0.06769,51.48455,2,2024
2024010550413,-0.06415,51.47098,3,2024
2024010498849,-0.19215,51.36126,3,2024
2024302400345,-1.45993,53.00523,3,2024
2022501238757,-3.559854,50.712336,3,2022
2022471182144,0.284861,50.766699,3,2022
2024471469041,0.54558,50.87903,3,2024
2022421252254,0.495705,51.733542,2,2022
2023421310603,0.549958,51.878173,3,2023
2024531533705,-2.06573,51.8947,2,2024
2022411246183,-0.24507,51.977926,3,2022
2022041236043,-2.682141,53.771481,3,2022
2022041254839,-2.269137,53.793325,3,2022
2024041487717,-3.03091,53.88335,3,2024
2022332200655,-1.211883,52.761541,3,2022
2022311232236,-1.121069,53.316906,2,2022
2022430354807,-1.213187,51.734517,3,2022
2022211157101,-1.840194,52.688797,3,2022
2024211468489,-1.67765,52.63473,2,2024
2022451180646,-0.795066,51.217219,3,2022
2022451198312,-0.794779,51.213395,3,2022
2022471157176,-0.124324,50.957168,2,2022
2022991252204,-3.072042,55.944949,2,2022
2022991155701,-3.183546,55.925985,2,2022
2024991416399,-3.17396,55.92667,3,2024
2023991322345,-4.289319,55.866316,3,2023
2023631378419,-4.94835,51.709016,3,2023
2023610047423,-2.983735,51.580479,2,2023
2024631477241,-3.241,52.81208,3,2024
2022070682346,-2.699687,53.329189,3,2022
2023161364079,-0.395388,53.75093,3,2023
2022161219220,-0.376798,53.679962,3,2022
2023122300690,-1.085366,53.962751,3,2023
2024122401038,-1.07573,53.97656,2,2024
2022332200867,-1.123364,52.629478,3,2022
2022522202080,-2.579327,51.468243,3,2022
20225222BR473,-2.559387,51.451696,3,2022
2023522300604,-2.572843,51.439079,2,2023
2024522401279,-2.56744,51.4351,2,2024
2024522401227,-2.97164,51.33523,3,2024
2022522202374,-2.559561,51.542321,2,2022
2023401359231,-0.459876,51.892193,3,2023
2023421336209,0.374979,51.491047,3,2023
2023430348810,-0.724558,51.52814,3,2023
2024471530374,-0.15228,50.84748,3,2024
2023440222635,-1.081267,50.822125,3,2023
2024440386070,-1.07723,50.80796,3,2024
2024547029024,-2.17926,51.26989,3,2024
2022401208501,-0.471591,52.141022,3,2022
2022430010476,-0.799457,51.807366,3,2022
2024430144637,-0.71534,51.62507,3,2024
2024340WN4202,-0.83509,52.25459,3,2024
2023031271136,-3.24038,54.119501,3,2023
2024520401185,-3.10464,51.02042,3,2024
2023351273435,0.136223,52.200384,3,2023
2023302301371,-1.472717,53.017513,3,2023
2024471450434,0.28936,50.7746,2,2024
2022421262157,1.148427,51.794928,2,2022
2023531265418,-2.118242,51.893892,2,2023
2023531285510,-2.080197,51.901872,3,2023
2022531212346,-2.209963,51.7342,3,2022
2023411377083,-0.41465,51.846796,3,2023
2023461311623,0.185399,51.431711,2,2023
2024461458560,1.38339,51.38977,3,2024
2023041335508,-2.38477,53.752546,3,2023
2022041237486,-2.237756,53.819547,2,2022
2022041242689,-2.890617,53.57367,3,2022
2022332200332,-1.071961,52.609309,3,2022
2023361356191,0.586976,52.683853,2,2023
2024361397346,0.42946,52.77554,2,2024
2023430230122,-1.239654,51.748582,2,2023
2024451420208,-0.57198,51.25259,3,2024
2023451273538,-0.56783,51.42553,2,2023
2024451455505,-0.45505,51.43148,3,2024
2023451334275,-0.747706,51.33622,3,2023
2022471256999,-0.551606,50.820961,3,2022
2024061522060,-2.23198,53.43828,2,2024
2022061200679,-2.256234,53.489282,3,2022
2022052200353,-2.854688,53.408711,2,2022
2023052301653,-2.832925,53.410492,3,2023
2022052202150,-2.905129,53.370442,3,2022
2022052202081,-2.966721,53.39564,3,2022
2024052400794,-2.96432,53.46314,2,2024
2022052202842,-2.756,53.439804,3,2022
2023052300058,-3.043132,53.436787,3,2023
2022141136427,-1.49961,53.401816,3,2022
2022141203958,-1.397246,53.346297,2,2022
2022141217309,-1.50472,53.376265,2,2022
2023101272528,-1.650615,55.029357,3,2023
2023201388938,-1.962845,52.400082,3,2023
2024201482001,-2.01536,52.44626,3,2024
2022201239806,-2.131877,52.52199,3,2022
2022201221314,-1.966285,52.475725,3,2022
2023131262211,-1.731959,53.807557,3,2023
2022131139953,-1.630292,53.8387,3,2022
2023481374368,-0.088805,51.517311,2,2023
2023010446801,-0.188888,51.54647,2,2023
2024010529975,-0.28471,51.50935,3,2024
2022010421171,0.027455,51.487455,3,2022
2023010432557,-0.078055,51.526173,2,2023
2022010375635,-0.24507,51.493783,2,2022
2022010356797,-0.111564,51.600554,3,2022
2022010404839,-0.103573,51.588547,3,2022
2023010423531,-0.354288,51.571909,2,2023
2023010448831,-0.422424,51.502346,3,2023
2024010526545,-0.44921,51.53119,3,2024
2022010383417,-0.289414,51.488683,3,2022
2022010384061,-0.11005,51.550757,2,2022
2024010507587,-0.13664,51.56649,3,2024
2024010490571,-0.18387,51.49307,3,2024
2022010374265,-0.280194,51.408309,3,2022
2024010542378,-0.28244,51.37894,3,2024
2023010448624,-0.114514,51.461569,3,2023
2024010502573,-0.11131,51.48696,2,2024
2023010437784,0.019319,51.435995,3,2023
2023010458424,0.014252,51.440524,3,2023
2023010479162,-0.191815,51.403355,2,2023
2022010395680,0.023066,51.529859,3,2022
2022010398319,-0.104661,51.500977,3,2022
2022010419740,-0.105817,51.507147,2,2022
2023010473856,-0.047188,51.492166,3,2023
2022010355971,-0.06271,51.518493,2,2022
2024011437269,-0.07443,51.50707,3,2024
2023010448388,-0.019598,51.58492,3,2023
2022010388992,-0.19391,51.515065,3,2022
2023010480505,-0.149393,51.485811,3,2023
2024991425972,-4.32299,55.76424,2,2024
2024991409618,-2.08729,57.10369,2,2024
2022991196568,-3.174152,55.952447,3,2022
2024991489750,-4.36102,55.88291,3,2024
2023631327157,-3.899621,52.437382,2,2023
2023622400196,-3.263618,51.412212,2,2023
2023161284203,-0.373705,53.754701,3,2023
2023161296784,-0.056126,53.571507,3,2023
2022311238361,-1.170919,52.95586,2,2022
2024311437868,-1.12703,52.95226,3,2024
2022221255464,-2.722227,52.068387,3,2022
2024221510366,-2.71913,52.23888,2,2024
2022522200055,-2.493495,51.412123,3,2022
2024522401416,-2.86242,51.32756,3,2024
2022401232558,-0.457518,51.91269,2,2022
2023430282270,-0.93817,51.449368,2,2023
2023471266263,-0.143491,50.844158,3,2023
2023471268970,-0.124622,50.837192,2,2023
2024440428239,-1.41312,50.93726,3,2024
2024221528849,-2.73349,52.69239,2,2024
2022543351422,-1.768187,51.169104,3,2022
2022401229893,-0.532341,51.894234,3,2022
2023401271979,-0.63886,51.91178,2,2023
2023401354799,-0.503259,51.894713,3,2023
2024552401402,-2.11884,50.69338,3,2024
2024340WN2262,-0.89248,52.23747,2,2024
2022061175763,-2.247383,53.472996,2,2022
2024061515437,-2.26789,53.40677,2,2024
2024061526176,-2.22065,53.41575,3,2024
2023061287224,-2.158797,53.609752,2,2023
2024061438482,-2.51801,53.50275,2,2024
2022052203261,-2.897145,53.433955,3,2022
2024052401563,-2.99904,53.41255,2,2024
2022052201627,-2.990646,53.451895,2,2022
2023052300109,-2.983734,53.447979,3,2023
2023141323093,-1.036914,53.560097,3,2023
2024141397963,-1.14884,53.50758,3,2024
2023101327511,-1.563252,54.973953,3,2023
2022101181184,-1.419047,55.001783,3,2022
2022201275521,-1.766555,52.451182,3,2022
2023201381260,-1.892971,52.431379,3,2023
2023201383185,-1.870843,52.473978,2,2023
2024201405965,-1.48116,52.41794,3,2024
2024201499339,-1.47539,52.40001,2,2024
2024201422554,-1.78838,52.38021,3,2024
2023201305578,-1.988241,52.573692,3,2023
2023131376856,-1.761708,53.772387,3,2023
2024131405678,-1.75087,53.77886,3,2024
2024131495198,-1.57161,53.81134,2,2024
2022481268155,-0.081122,51.516988,3,2022
2023010437586,-0.246142,51.596771,3,2023
2022010390378,-0.278843,51.58498,3,2022
2024010489490,-0.27762,51.5416,3,2024
2024010526875,-0.07346,51.41676,3,2024
2022010364860,-0.166483,51.544117,3,2022
2024010542817,-0.17833,51.56488,3,2024
2022010364454,-0.092797,51.397513,3,2022
2023010435868,-0.300001,51.513863,3,2023
2023010477197,-0.187919,51.467348,3,2023
2024010505403,-0.20317,51.48674,3,2024
2024010504354,-0.23008,51.49256,3,2024
2022010417674,-0.112232,51.603236,2,2022
2022010376157,-0.320871,51.624651,3,2022
2023010473113,-0.370606,51.575203,3,2023
2022010356512,-0.400436,51.581341,2,2022
2024010488471,-0.4343,51.53573,2,2024
2023010483618,-0.331279,51.460079,3,2023
2024010499448,-0.36259,51.46041,3,2024
2023010451384,-0.138126,51.556574,2,2023
2023010479986,-0.118102,51.547865,2,2023
2024010525803,-0.11692,51.556,3,2024
2024010535111,-0.135,51.55718,3,2024
2023010455728,-0.160768,51.496997,3,2023
2022010389076,-0.104092,51.467803,2,2022
2023010440654,-0.121067,51.494443,3,2023
2022010388427,-0.024037,51.474539,2,2022
2022010383792,-0.005748,51.53529,3,2022
2022010360392,-0.104464,51.501891,2,2022
2024010545337,-0.04791,51.49113,3,2024
2023010449275,-0.060482,51.519022,3,2023
2022010373331,-0.201574,51.522835,3,2022
2022010400141,-0.163681,51.53491,3,2022
2023010433491,-0.138478,51.518281,3,2023
2023010454187,-0.213589,51.527794,2,2023
2023010454653,-0.123238,51.505071,3,2023
2023351368926,0.133061,52.204335,3,2023
2024351541885,0.16308,52.21224,3,2024
2022501280384,-3.537578,50.720249,2,2022
2023471292654,0.095992,50.969591,3,2023
2024471407166,0.28095,50.76906,3,2024
2023421279328,0.067818,51.767751,3,2023
2023531332318,-1.993694,51.973268,3,2023
2023411391361,-0.495952,51.646069,2,2023
2024411466393,-0.40055,51.65176,3,2024
2022041167817,-2.798352,54.047011,3,2022
2023332300354,-1.329862,52.823161,3,2023
2023361347667,0.74595,52.412891,3,2023
2024361502746,1.29461,52.63886,3,2024
2022311194032,-1.03471,52.907933,3,2022
2024371479260,1.16909,52.05676,3,2024
2024371513749,1.16048,52.05602,3,2024
2022231226139,-1.462408,52.478708,3,2022
2023471286711,-0.480847,50.810052,2,2023
2024471477102,-0.39663,50.84714,2,2024
2022221131515,-2.222973,52.388019,3,2022
2024991439049,-4.67532,55.63003,2,2024
2023622300729,-3.974727,51.652289,3,2023
2022622200393,-3.288451,51.415781,3,2022
2024070154889,-2.52323,53.41871,3,2024
2023161371347,-0.278667,53.769779,3,2023
2023122300305,-1.10977,53.957685,3,2023
2023311299111,-1.199894,53.002246,3,2023
2023221354911,-2.428237,52.034606,3,2023
2024522403023,-2.59641,51.49309,3,2024
20225222SG136,-2.500403,51.494277,3,2022
2022501251060,-4.120307,50.431037,3,2022
2022421152149,0.429776,51.520492,3,2022
2024421424016,0.33066,51.47734,3,2024
2023471276816,-0.182231,50.838949,2,2023
2023440138893,-1.07077,50.832419,3,2023
2023440191618,-1.080082,50.813797,3,2023
2022440259580,-1.226585,50.724968,3,2022
2022501275779,-5.096484,50.172071,3,2022
202354D171323,-1.99382,51.344458,3,2023
2022101147950,-1.575197,55.177172,3,2022
2022552200243,-1.910244,50.723693,2,2022
2024340WN3652,-0.83855,52.3206,3,2024
2022052201234,-2.970599,53.443133,3,2022
2023052301536,-2.778944,53.434964,3,2023
2023141388743,-1.580378,53.510349,2,2023
2022141190302,-1.364972,53.429761,3,2022
2022201181525,-1.858813,52.548311,3,2022
2024131430594,-1.80351,53.81025,2,2024
2023131386201,-1.893686,53.757854,3,2023
2023131265611,-1.783384,53.649453,3,2023
2023131382801,-1.509614,53.798505,2,2023
2024131433858,-1.58065,53.80583,2,2024
2024010524546,-0.19948,51.58863,2,2024
2022010415014,-0.252968,51.539654,3,2022
2024010546390,0.01426,51.40898,3,2024
2022010372449,-0.041438,51.668782,3,2022
2022010404924,-0.046121,51.551796,3,2022
2024010537275,-0.04174,51.55383,3,2024
2022010388229,-0.151305,51.579497,2,2022
2024010538864,-0.11029,51.59372,3,2024
2022010354180,-0.326457,51.475028,2,2022
2022010384049,-0.195286,51.494457,2,2022
2023010436527,-0.12846,51.438762,3,2023
2023010462409,-0.087423,51.427425,3,2023
2024010507606,-0.1391,51.47038,3,2024
2022010382329,-0.047039,51.440356,3,2022
2022010387198,-0.046464,51.490229,3,2022
2022010381543,-0.22714,51.421205,2,2022
2023010482936,0.022181,51.59606,1,2023
2022010412515,-0.047217,51.492157,3,2022
2023010425840,-0.066185,51.498056,2,2023
2024010524181,-0.09566,51.45306,3,2024
2022010370996,-0.037499,51.524216,3,2022
2022010391983,-0.02717,51.508053,3,2022
2023010433506,-0.042259,51.517775,3,2023
2023010437273,-0.055336,51.517013,3,2023
2023010475154,-0.003493,51.581194,3,2023
2022010379688,-0.176528,51.4638,3,2022
2022010363004,-0.113379,51.513159,3,2022
2022302200829,-1.408188,53.220912,3,2022
2023501373460,-3.683003,50.431487,2,2023
2023471368049,0.305608,50.784836,2,2023
2024471433224,0.60179,50.86852,3,2024
2024471485233,0.28694,50.76958,2,2024
2024471512812,0.73558,50.95498,2,2024
2024421531479,0.4666,51.72941,3,2024
2022531240784,-2.159622,51.900316,3,2022
2024531517941,-2.10459,51.89075,3,2024
2022440182856,-1.159149,50.815895,3,2022
2023440007626,-1.180086,50.854848,3,2023
2023440244247,-1.084267,51.264053,3,2023
2024440437668,-0.76572,51.24592,3,2024
2024411416885,-0.1988,51.90079,3,2024
2022461156711,1.086559,51.272244,3,2022
2022461178046,0.273718,51.146858,2,2022
2023461363178,0.875912,51.150612,3,2023
2024461473647,1.09542,51.07223,2,2024
2023041375965,-2.387366,53.871359,2,2023
2024041529440,-2.8271,53.6621,2,2024
2023320439862,-0.419301,53.003252,2,2023
2024311524436,-1.21892,52.92367,3,2024
2024430538665,-1.18996,51.71485,3,2024
2024371409562,1.17184,52.05725,3,2024
2022451171291,-0.19562,51.22355,3,2022
2023231265252,-1.547999,52.281291,3,2023
2023471294337,-0.54946,50.895226,3,2023
2023471373085,-0.166296,51.117013,3,2023
2024991482450,-3.26364,55.02935,2,2024
2022991238509,-4.763098,55.948323,2,2022
2024991431301,-2.97643,56.45948,2,2024
2022991137419,-4.303298,55.821395,2,2022
2024991430186,-4.28174,55.83001,3,2024
202260B076344,-4.152787,53.146888,3,2022
202460Q174156,-3.5774,53.28425,2,2024
2022622200859,-3.941458,51.627485,2,2022
2023622300494,-3.16959,51.482516,3,2023
2023161326747,-0.296693,53.762288,3,2023
2022122300080,-1.079306,53.958975,3,2022
2023122301158,-1.104869,53.963779,3,2023
2023122301366,-1.09205,53.956043,2,2023
2022311162641,-1.237974,52.9595,3,2022
2024221479595,-3.02528,52.07034,3,2024
2024542578824,-1.81002,51.5961,3,2024
2022351139281,-0.284006,52.5291,3,2022
2023430332636,-0.961611,51.433564,3,2023
2022471254211,-0.170938,50.831344,3,2022
2023471302110,-0.136854,50.825346,3,2023
2023471320386,-0.151924,50.83564,2,2023
2024440508042,-1.07698,50.79925,3,2024
2024440497242,-1.38114,50.91804,3,2024
2024540320624,-2.17452,51.29975,3,2024
2024552401440,-1.92121,50.73895,3,2024
2022430018064,-0.833609,51.808186,3,2022
2024340NN2072,-0.68179,52.49298,3,2024
2023031356212,-2.926021,54.88864,3,2023
2024031440942,-3.27551,54.21149,2,2024
2023520400043,-3.001127,51.124735,3,2023
2022351183555,0.250626,52.218489,2,2022
2022302200279,-1.325403,53.019861,3,2022
2022302202081,-1.376545,53.093636,3,2022
2023302300267,-1.309103,52.977293,2,2023
2023471372959,0.282493,50.773113,3,2023
2022471239964,0.471962,50.855855,3,2022
2022421230127,0.45714,51.733366,3,2022
2023531266135,-1.953715,51.707064,3,2023
2024440109771,-0.77886,51.32753,3,2024
2022440145643,-0.986139,50.863162,3,2022
2022440160344,-1.559045,50.972824,2,2022
2024411412738,-0.48799,51.74315,3,2024
2024461492750,1.0768,51.27682,3,2024
2022320291139,-0.027198,52.974646,3,2022
2022320679566,0.099999,53.172205,3,2022
2024320087187,-0.53823,53.23979,3,2024
2023361344119,1.121695,52.570523,3,2023
2024311488253,-1.22641,52.92653,3,2024
2023311362780,-1.140417,53.003216,2,2023
2023311382589,-1.123789,52.978059,2,2023
2022430536228,-1.278922,51.68135,3,2022
2022231231578,-1.591458,52.283166,3,2022
2024471521830,-0.31754,51.06113,2,2024
2022471139543,-0.394487,50.818024,2,2022
2024221395292,-2.29731,52.14163,2,2024
2024061473624,-2.09965,53.53696,3,2024
2024061478020,-2.67374,53.59995,2,2024
2022052200278,-2.932462,53.394232,3,2022
2022052200509,-2.944896,53.407006,3,2022
2023052301912,-2.948645,53.392972,2,2023
2023052302997,-2.979144,53.408124,3,2023
2022052203160,-3.009566,53.639817,3,2022
2024052401697,-3.0946,53.3699,3,2024
2022141176236,-1.333577,53.327621,3,2022
2024141517558,-1.48471,53.42872,2,2024
2022101221165,-1.614608,54.971763,3,2022
2022101132720,-1.414855,54.971874,2,2022
2022201218167,-1.942435,52.452459,2,2022
2024201448056,-1.94676,52.48717,3,2024
2024201519525,-1.86458,52.4564,3,2024
2024201526848,-1.94701,52.50594,2,2024
2023201309192,-1.566625,52.424449,2,2023
2023131261715,-1.813315,53.92867,2,2023
2023131306131,-1.721175,53.803227,2,2023
2023131309746,-1.630261,53.693696,3,2023
2024131420457,-1.80843,53.63795,3,2024
2024131427891,-1.77528,53.64779,3,2024
2023101360473,-1.593145,54.919052,3,2023
2024101453162,-1.64087,54.95076,2,2024
2022010393275,0.145799,51.543541,3,2022
2024010516264,-0.16642,51.63603,3,2024
2024010540574,-0.18726,51.60586,3,2024
2023010422356,0.138326,51.449612,3,2023
2022010357132,-0.254342,51.540664,3,2022
2022010376215,-0.202961,51.532631,3,2022
2023010434721,-0.12986,51.51648,3,2023
2023010441077,-0.121636,51.53035,3,2023
2024010487103,-0.14369,51.53643,2,2024
2022010417988,-0.10335,51.418682,3,2022
2023010427827,-0.085163,51.412317,3,2023
2024010505746,-0.13869,51.32445,3,2024
2024010530256,-0.31667,51.51129,3,2024
2022010424392,-0.200075,51.472733,3,2022
2024010550936,-0.13308,51.57967,3,2024
2023010450814,-0.300566,51.587338,3,2023
2022010356032,-0.410337,51.566863,2,2022
2024010543080,-0.39629,51.47559,3,2024
2022010356712,-0.126913,51.56475,3,2022
2023010483247,-0.103263,51.545387,3,2023
2022010379154,-0.140186,51.462177,3,2022
2023010454863,-0.123169,51.45553,3,2023
2023010468434,-0.120789,51.500832,3,2023
2024010550571,-0.0839,51.42537,3,2024
2022010353432,0.053962,51.516364,3,2022
2024010491460,0.04782,51.54999,3,2024
2022010413708,0.069323,51.586857,2,2022
2022010373220,-0.090585,51.504391,3,2022
2024010489106,-0.06131,51.47396,3,2024
2023010428302,-0.026133,51.500356,3,2023
2023010452256,0.004073,51.631424,3,2023
2022010419018,-0.165062,51.430933,3,2022
2023010420468,-0.158241,51.458523,3,2023
2024010504653,-0.15773,51.44522,3,2024
2022010414805,-0.134037,51.497851,3,2022
2023010459759,-0.123229,51.504585,3,2023
2023991346982,-3.054903,55.850463,2,2023
2022991211061,-3.183707,55.943837,3,2022
2024991497195,-3.2774,55.91741,3,2024
2024991405710,-3.03959,56.21946,3,2024
2024991522368,-3.049,56.21089,2,2024
2024991525711,-3.42662,56.03302,2,2024
2022991244361,-4.09955,55.858494,1,2022
2022991191369,-3.930773,55.772603,2,2022
2023631374090,-4.081791,52.41562,3,2023
202263D095622,-3.675597,51.789194,3,2022
2023161339763,-0.268729,53.772728,2,2023
2024161471869,-0.40343,53.73649,3,2024
2023161311166,-0.656634,53.593196,3,2023
2023332301012,-1.134274,52.62839,3,2023
2023522300803,-2.617836,51.442582,3,2023
2023522400703,-2.592054,51.45828,3,2023
2023501388677,-3.567643,50.434933,3,2023
2024501525771,-3.5704,50.442,3,2024
2022430040135,-1.318361,51.400645,2,2022
2024430136472,-0.66687,52.02581,2,2024
2024471580922,-0.10774,50.85597,3,2024
2024440556071,-1.41861,50.9148,2,2024
202354C415123,-2.183417,51.260223,3,2023
2022552200326,-1.777731,50.737815,3,2022
2024552401238,-1.98855,50.71219,3,2024
2024552400519,-2.26902,51.03529,3,2024
2022430398201,-0.81003,51.808499,3,2022
2023031269182,-2.937725,54.897887,2,2023
2023031298594,-3.079723,54.193349,3,2023
2023122301099,-1.524539,53.995606,3,2023
2023052302706,-2.823245,53.365696,3,2023
2024052402087,-3.0333,53.3901,3,2024
2022141128311,-1.517857,53.566525,3,2022
2023141329216,-1.416662,53.372074,3,2023
2023101300897,-1.68997,55.007627,3,2023
2022201265748,-1.845294,52.522134,3,2022
2022201223978,-1.939377,52.504401,3,2022
2022201262361,-1.902016,52.484823,3,2022
2022201264939,-2.016761,52.528832,2,2022
2023201390552,-2.059282,52.536522,2,2023
2022131169416,-1.77754,53.848617,3,2022
2024131400890,-1.62916,53.71577,3,2024
2023131300851,-1.475752,53.823348,3,2023
2024101427646,-1.58573,54.94424,3,2024
2024481561456,-0.07386,51.5101,3,2024
2023010454619,0.096584,51.527714,3,2023
2022010395214,-0.258758,51.596095,3,2022
2022010405858,-0.254134,51.540067,3,2022
2023010481036,-0.119573,51.516388,3,2023
2024010531463,-0.18898,51.54412,3,2024
2023010445530,-0.041584,51.652985,3,2023
2023010457075,0.008066,51.486134,3,2023
2023010481575,-0.100198,51.565984,2,2023
2023010438004,-0.211243,51.468444,3,2023
2024010524122,-0.2238,51.49316,2,2024
2024010507426,-0.43218,51.52496,3,2024
2024010544493,-0.47374,51.52715,3,2024
2022010390997,-0.127445,51.482225,3,2022
2023010444298,-0.124787,51.445196,3,2023
2023010472759,-0.129514,51.477771,3,2023
2022010391963,-0.032911,51.47512,3,2022
2024010505897,-0.03913,51.47517,2,2024
2024010528846,0.01032,51.54303,3,2024
2022010391866,-0.239347,51.484174,3,2022
2022010374944,-0.194733,51.370891,3,2022
2023010432210,-0.028298,51.514628,3,2023
2024010515435,-0.034,51.52236,3,2024
2024010547343,-0.05005,51.53345,3,2024
2024010493486,-0.01979,51.58614,2,2024
2022010388233,-0.134286,51.516083,2,2022
2023010430211,-0.132979,51.511395,3,2023
2024010488625,-0.14443,51.5123,3,2024
2024010548695,-0.11786,51.51313,2,2024
2022351240961,0.313863,52.438191,1,2022
2023351311774,-0.001295,52.097824,3,2023
2023351313738,0.22433,52.358039,3,2023
2022031153348,-2.739937,54.331123,3,2022
2023302300863,-1.539753,52.926217,3,2023
2023501272173,-3.461502,50.907565,3,2023
2022531244453,-1.861852,51.700753,3,2022
2022440414462,-1.483447,51.221445,3,2022
2023440052418,-1.188364,50.852693,3,2023
2022461204390,0.491725,51.172275,2,2022
2022461249054,0.857754,51.152532,3,2022
2023461366708,0.88751,51.162288,3,2023
2022041250590,-2.886934,53.566507,2,2022
2023320735546,-0.548736,53.23656,3,2023
2022361181578,0.391128,52.674282,3,2022
2023361337489,1.31577,52.648551,3,2023
2023311283427,-1.102581,53.310224,3,2023
2024311508536,-1.21867,53.027,3,2024
2022430253796,-1.343498,51.666632,3,2022
2023430199190,-1.21014,51.753144,3,2023
2023471345281,-0.359281,50.814332,3,2023
2023471376286,-0.016336,51.126076,2,2023
2022991132678,-2.115295,57.149969,3,2022
2022991153234,-3.194597,55.943418,3,2022
2023991307019,-4.031331,55.819207,2,2023
202263C027622,-4.704073,51.712649,2,2022
202263A052622,-4.113535,51.685761,3,2022
2023622300361,-4.006894,51.573104,3,2023
2023622300068,-3.127003,51.497617,3,2023
2022070266061,-2.573733,53.405826,3,2022
2024070615555,-2.65725,53.37596,3,2024
2024161491757,-0.40979,53.83789,3,2024
2024122400809,-1.0831,53.96515,3,2024
2022302201963,-1.49588,52.920331,3,2022
2022332201090,-1.065897,52.644457,3,2022
2022522203829,-2.621924,51.49357,3,2022
2023522300417,-2.52142,51.451395,3,2023
2023522300917,-2.593042,51.457915,3,2023
2024522401110,-2.40967,51.53982,3,2024
2024542126524,-1.74586,51.55361,3,2024
2023351352015,-0.269478,52.550278,3,2023
2023461342318,0.560614,51.381375,3,2023
2022430435063,-0.578035,51.517931,3,2022
2023430307189,-0.585156,51.50488,2,2023
2023471328257,-0.136217,50.830983,3,2023
2024471517060,-0.16561,50.84528,3,2024
2024440349050,-1.39595,50.91673,2,2024
202454A087424,-2.14292,51.46877,3,2024
2022552201050,-1.899664,50.722327,3,2022
2023552300899,-2.461077,50.632635,3,2023
2024552400365,-2.43109,50.64271,3,2024
2023061277097,-2.274786,53.442492,3,2023
2024061474878,-2.39488,53.53694,3,2024
2024141442347,-1.13814,53.52218,3,2024
2024141534609,-1.48579,53.3541,2,2024
2023101324312,-1.710809,54.971068,3,2023
2024101515073,-1.40312,54.95424,3,2024
2022201136534,-1.768384,52.528904,2,2022
2024201471094,-1.84516,52.48818,3,2024
2023201389737,-1.512239,52.41023,3,2023
2022201134697,-2.141698,52.473289,2,2022
2023131323192,-1.611006,53.814336,3,2023
2023131378222,-1.690193,53.866103,2,2023
2024131497167,-1.50394,53.81838,3,2024
2022131257576,-1.284023,53.589471,3,2022
2022481271779,-0.104763,51.51588,3,2022
2022010393477,0.088086,51.534178,2,2022
2022010363809,-0.294802,51.569702,2,2022
2022010388624,0.110901,51.373579,3,2022
2022010392857,-0.145116,51.525184,3,2022
2024010487649,-0.16569,51.55454,3,2024
2024010536287,-0.13397,51.52231,3,2024
2022010380175,-0.093982,51.392524,3,2022
2023010431478,-0.104913,51.369383,2,2023
2024010491107,-0.07632,51.39733,3,2024
2022010373892,-0.014853,51.481434,3,2022
2023010479803,-0.027616,51.547754,3,2023
2024010526893,-0.43393,51.48224,2,2024
2024010494973,-0.17338,51.48212,3,2024
2024010522204,-0.12721,51.41866,3,2024
2022010364706,-0.215936,51.417132,3,2022
2024010519452,0.0186,51.54551,3,2024
2024010531004,0.08365,51.56609,2,2024
2022010402797,-0.098301,51.500766,3,2022
2022010394073,-0.058172,51.527239,3,2022
2024010516776,-0.19276,51.45447,3,2024
2022010393064,-0.152292,51.528814,2,2022
2023010457755,-0.155274,51.53565,3,2023
2022351170153,-0.116034,52.560721,3,2022
2022351252592,0.139255,52.199214,3,2022
2023351367297,0.178124,52.19148,2,2023
2024351414554,0.25936,52.39919,3,2024
2023471366354,0.280642,50.771809,3,2023
2024471466162,0.54776,50.88088,3,2024
2024421499953,0.56783,51.5711,3,2024
2023531368064,-2.238888,51.861557,3,2023
2022440230265,-1.008083,50.909789,2,2022
2022440332988,-1.458225,51.078977,2,2022
2024440222389,-0.94504,50.85969,3,2024
2022461197017,0.460009,51.416978,3,2022
2022461242274,0.192004,51.270476,3,2022
2024041491603,-2.70101,53.68814,3,2024
2024041498397,-3.03263,53.88018,3,2024
2023332300337,-1.473457,52.747941,3,2023
2024320755430,-0.77667,53.3977,3,2024
2022361239954,1.547083,52.72998,2,2022
2023311362684,-0.813404,53.062989,3,2023
2023371369997,0.728601,52.042193,2,2023
2023451291816,-0.169602,51.236797,3,2023
2022471191363,-0.081286,51.01193,3,2022
2024471504662,-0.13061,50.9542,3,2024
2023991274494,-3.21653,55.980088,3,2023
2024622400848,-3.37845,51.74161,2,2024
2022170S10632,-1.350501,54.583135,3,2022
2022041162016,-3.026206,53.861331,3,2022
2022161268287,-0.322795,53.787214,3,2022
2024161417834,-0.30393,53.76007,3,2024
2022161274734,-0.073562,53.559401,3,2022
2022161203688,-0.639668,53.590335,3,2022
2022122201309,-1.073721,53.949,3,2022
2023332300997,-1.124831,52.66482,1,2023
2024311543133,-1.13546,52.95128,3,2024
2024520002927,-2.34574,51.36474,3,2024
2023522301789,-2.59184,51.453992,3,2023
2024401396664,-0.41682,51.87668,3,2024
2022430112225,-0.608294,51.505436,3,2022
2022471131808,-0.147056,50.830167,2,2022
2022440388213,-1.399534,50.919256,3,2022
2022111259470,-1.678075,54.652811,3,2022
2023111349124,-1.58257,54.796557,2,2023
2022070127818,-2.215466,53.352476,3,2022
2022070687262,-2.464913,53.102655,3,2022
2024501533287,-4.63596,50.33495,3,2024
2022545719122,-1.904005,51.542116,2,2022
2023546472923,-1.790624,51.236325,3,2023
202454A425024,-2.2518,51.41561,2,2024
2024552400366,-1.85707,50.72441,3,2024
2023552300072,-2.451897,50.620522,3,2023
2023122300468,-1.518276,53.992391,2,2023
2024061505502,-2.2266,53.39223,3,2024
2023052300651,-2.855742,53.359256,3,2023
2024052401455,-2.9802,53.40493,2,2024
2024052402152,-2.96885,53.39288,3,2024
2024052400050,-3.01012,53.64579,2,2024
2023141395255,-1.443826,53.511266,1,2023
2023101297044,-1.444984,55.037948,2,2023
2024101405822,-1.42549,54.98946,2,2024
2022201161549,-1.879024,52.411048,3,2022
2022201222243,-1.483365,52.415385,3,2022
2022201261472,-1.443974,52.413184,3,2022
2023201364549,-1.529859,52.405249,2,2023
2024201500312,-2.10607,52.50214,3,2024
2022201269725,-2.003881,52.565736,3,2022
2024201486213,-1.99057,52.50855,3,2024
2022131220642,-1.78171,53.806777,3,2022
2023131279480,-1.778026,53.701853,3,2023
2023131293006,-1.51984,53.79114,3,2023
2022101195539,-1.613258,54.95287,3,2022
2024481437277,-0.07936,51.50959,2,2024
2023010428649,0.094243,51.526955,3,2023
2022010363214,-0.196855,51.602103,3,2022
2024010517393,-0.17651,51.63011,3,2024
2023010458977,-0.129278,51.515895,2,2023
2024010514920,-0.19881,51.54682,3,2024
2022010373831,-0.097736,51.358844,2,2022
2023010471968,-0.319626,51.505738,2,2023
2023010420570,-0.105039,51.635187,3,2023
2023010468021,-0.02053,51.481035,2,2023
2023010433103,-0.041903,51.543875,3,2023
2023010444861,-0.078648,51.527154,3,2023
2024010504210,-0.09718,51.57267,3,2024
2024010526563,-0.22221,51.48775,3,2024
2024010544678,-0.22638,51.51545,3,2024
2024010493571,-0.4114,51.44391,3,2024
2024010515217,-0.10191,51.45367,3,2024
2023010442966,0.090957,51.570386,2,2023
2023010472758,-0.288474,51.46609,2,2023
2023010432411,-0.06285,51.48257,2,2023
2023010452553,-0.177043,51.374601,3,2023
2022010380454,-0.158042,51.461325,3,2022
2023010447369,-0.162921,51.434451,3,2023
2024010511982,-0.21701,51.46091,3,2024
2022010382216,-0.125269,51.494555,3,2022
2023010424603,-0.151738,51.507592,3,2023
2023010435057,-0.145256,51.496177,2,2023
2022351188837,0.1238,52.20318,2,2022
2023351369325,0.122503,52.218948,3,2023
2024351433127,0.15019,52.17252,3,2024
2023302301192,-1.341453,52.974132,3,2023
2024501479773,-3.51094,50.72176,3,2024
2023471375524,0.446338,51.054488,1,2023
2024471411714,0.47707,50.8402,2,2024
2022421133658,0.723187,51.85195,3,2022
2023421269951,0.933167,51.884087,2,2023
2023531394070,-2.113102,51.866681,3,2023
2022440260070,-1.15648,50.812756,3,2022
2023440493784,-1.658807,50.751601,3,2023
2023411316219,-0.409051,51.78938,3,2023
2024461506758,1.01742,51.25813,2,2024
2022041189047,-2.707327,53.79581,2,2022
2023041302363,-2.708431,53.694659,2,2023
2023320554038,-0.548694,53.23691,3,2023
2024320050725,0.11727,53.03351,3,2024
2023361384626,1.250417,52.609371,3,2023
2022311244093,-1.105534,52.971333,2,2022
2023451355487,-0.503618,51.261157,3,2023
2022471164964,-0.186729,51.134859,3,2022
2024471527892,-0.29307,51.07713,3,2024
2024991524105,-4.63257,55.75068,2,2024
2023991261726,-3.972159,55.737499,2,2023
2023991288157,-4.197605,55.852943,2,2023
2023622300470,-3.952159,51.627694,2,2023
2023610030723,-3.204836,51.667165,2,2023
2022041208524,-2.992279,53.799498,2,2022
2022161141501,-0.379087,53.789058,2,2022
2023161373254,-0.400556,53.761408,3,2023
2024302400348,-1.4747,52.918,2,2024
2022332200208,-1.092769,52.642194,2,2022
2022332200791,-1.137797,52.599468,2,2022
2024332400063,-1.14738,52.63079,3,2024
2022311239936,-1.164372,52.978117,3,2022
2024311517279,-1.18535,52.99038,3,2024
2024522401254,-2.59763,51.45692,3,2024
2024501521889,-4.15968,50.36885,3,2024
2024501543616,-4.08603,50.35511,3,2024
2024421403799,0.43877,51.52606,3,2024
2024430449909,-1.08701,51.46895,3,2024
2022430541313,-0.582326,51.486943,3,2022
2022070780374,-2.449788,53.085895,3,2022
2024501414192,-4.19521,50.37545,3,2024
202354D640823,-2.122795,51.361721,3,2023
2024552400228,-2.48856,50.6147,2,2024
2023430512560,-0.522035,51.541716,3,2023
2024430090981,-0.58302,51.67111,3,2024
202234NNC8272,-0.726761,52.404625,3,2022
2023520300735,-2.629651,50.943217,3,2023
2022061165198,-2.296702,53.554112,3,2022
2022052201024,-2.966429,53.40598,3,2022
2022052201855,-3.083614,53.380092,3,2022
2023052301774,-3.056417,53.419483,3,2023
2022101156430,-1.605446,54.988538,3,2022
2024101451330,-1.45352,55.00774,3,2024
2023201372811,-1.873246,52.452414,3,2023
2024201462768,-1.87302,52.45019,2,2024
2024201470622,-1.95538,52.40983,3,2024
2024131455380,-2.10084,53.68853,2,2024
2024131492586,-1.76256,53.6569,3,2024
2022131188410,-1.604097,53.815769,2,2022
2022131179338,-1.552977,53.779646,3,2022
2023010487878,-0.154973,51.623987,3,2023
2022010374427,-0.284015,51.559968,3,2022
2023010486062,0.041489,51.401078,2,2023
2022010402051,-0.09751,51.356313,3,2022
2022010401377,-0.31535,51.501342,3,2022
2023010443323,-0.362555,51.510472,2,2023
2023010439452,-0.095997,51.570889,3,2023
2022010395496,-0.191065,51.469708,3,2022
2022010380711,-0.396804,51.59843,3,2022
2024010540217,-0.48638,51.59491,3,2024
2022010372795,-0.11312,51.481042,3,2022
2022010403068,-0.144812,51.455649,3,2022
2024010494957,0.0044,51.44529,3,2024
2022010367250,0.02837,51.546683,3,2022
2023010482898,0.027476,51.577498,2,2023
2022010403961,-0.264023,51.452197,3,2022
2023010478836,-0.076264,51.490326,3,2023
2023010478666,-0.175021,51.34885,3,2023
2022010360946,-0.073377,51.517122,2,2022
2023010443359,-0.066632,51.526282,3,2023
2023010458758,-0.055722,51.528916,3,2023
2022010355617,-0.033252,51.565241,3,2022
2022010398975,-0.01922,51.584986,3,2022
2022351228648,0.121763,52.205258,2,2022
2022501223009,-3.504793,50.764816,3,2022
2022471206577,0.249581,50.879053,2,2022
2024421405406,0.10103,51.75039,3,2024
2024421542310,1.15314,51.78868,3,2024
2022531171535,-2.217474,51.856644,1,2022
2024461455937,0.85024,51.15019,2,2024
2024461477478,0.52914,51.27103,3,2024
2022041257230,-2.799365,54.056028,3,2022
2023332300542,-1.328613,52.571485,3,2023
2024320751101,-0.15967,52.78633,3,2024
2022361245726,0.787132,52.609235,3,2022
2022311204276,-1.205811,52.929858,1,2022
2024211478969,-2.0101,52.71534,3,2024
2024371516193,1.29853,52.09756,3,2024
2022451165180,-0.311698,51.252746,3,2022
2022471246449,-0.875283,50.842183,2,2022
2023991345744,-4.442435,55.826026,3,2023
2024991527195,-2.65738,56.73113,2,2024
2022991219457,-3.021575,56.454222,2,2022
2024631475360,-4.91479,51.67427,2,2024
2024631449742,-4.3008,51.8883,3,2024
2023610026223,-2.927673,51.592858,3,2023
2024041505291,-2.47143,53.75795,3,2024
2023161307190,-0.317322,53.775667,3,2023
2023161361998,-0.35733,53.780186,3,2023
2024161434147,-0.34674,53.74305,3,2024
2023161304433,-0.648003,53.566806,3,2023
2022332200211,-1.119356,52.653991,3,2022
2023311344145,-1.194218,53.003736,2,2023
2023311343238,-1.195268,53.000183,2,2023
2024311431541,-1.17689,52.96026,3,2024
2024311472872,-1.15137,52.95478,3,2024
2024311523921,-1.12139,52.95468,3,2024
202354B759623,-1.775226,51.585747,3,2023
2024351528248,-0.24686,52.57197,3,2024
2023461351654,0.501009,51.397646,3,2023
2023430046875,-0.59551,51.505517,2,2023
2022070741619,-2.460764,53.073547,3,2022
2023070649779,-3.042048,53.272944,2,2023
2022221268386,-2.835737,52.442901,3,2022
2023501338758,-5.480759,50.21137,3,2023
2022122200686,-0.409794,54.285652,2,2022
2024122500249,-1.5489,54.00708,3,2024
2023520400877,-2.613628,51.075202,3,2023
2024061461001,-2.24002,53.47336,3,2024
2024061493378,-2.02451,53.45138,3,2024
2022052200200,-2.873098,53.429117,2,2022
2024052401871,-2.98416,53.40323,3,2024
2023141341057,-0.949386,53.633589,3,2023
2023141380140,-1.402224,53.447894,2,2023
2024141405748,-1.34377,53.45271,2,2024
2023101368177,-1.438286,54.894621,2,2023
2023201316756,-1.836146,52.536667,1,2023
2023201462848,-1.939791,52.438334,3,2023
2024201549847,-1.99754,52.51738,2,2024
2022201190765,-2.112821,52.590818,3,2022
2022131244301,-1.785733,53.780108,3,2022
2023131271599,-1.722551,53.792661,2,2023
2024131435342,-1.83757,53.84733,3,2024
2023131372279,-1.667838,53.677717,2,2023
2022131155407,-1.42956,53.657252,3,2022
2024131477374,-1.40095,53.67976,3,2024
2024481561724,-0.07822,51.51782,3,2024
2023010424802,-0.222986,51.563762,3,2023
2023010450171,-0.116842,51.33775,2,2023
2024010504441,-0.27269,51.50746,3,2024
2024010511963,-0.30087,51.51403,3,2024
2024010539727,-0.33403,51.58001,3,2024
2024010549242,0.17261,51.56527,3,2024
2022010392508,-0.409668,51.446988,3,2022
2024010516048,-0.37439,51.46608,3,2024
2023010451641,-0.127197,51.570483,3,2023
2024010509817,-0.30508,51.42587,2,2024
2024010522962,-0.26975,51.40227,3,2024
2023010474513,-0.125106,51.415975,3,2023
2024010526039,-0.11162,51.47966,3,2024
2022010371863,-0.007646,51.533433,3,2022
2022010383560,-0.287411,51.486793,3,2022
2023010446803,-0.082442,51.485203,2,2023
2023010449277,-0.081511,51.503955,3,2023
2024010492993,-0.22602,51.37276,2,2024
2022010400838,-0.009378,51.511907,3,2022
2022010411320,-0.006666,51.578614,3,2022
2023010425270,-0.163361,51.433181,3,2023
2022010408603,-0.200323,51.520559,3,2022
2024010495890,-0.17167,51.51354,3,2024
2024010543286,-0.13828,51.50285,3,2024
2024421396548,0.10587,51.75912,3,2024
2024421416789,0.66467,51.5975,3,2024
2024531447008,-2.0651,51.91149,3,2024
2024531439096,-2.24216,51.85783,3,2024
2022440385232,-1.372108,50.978273,2,2022
2022041204041,-2.231126,53.823766,2,2022
2024320448986,-0.3177,52.67535,3,2024
2024320683184,-0.02484,52.97254,3,2024
2023361365304,1.736969,52.608235,2,2023
2024361466702,1.29854,52.65024,2,2024
2022311255168,-0.769419,53.047529,2,2022
2023311348027,-1.263569,52.916278,3,2023
2024311492581,-1.2536,52.82637,2,2024
2024211457457,-1.98585,52.95446,3,2024
2023371308182,1.208417,52.024861,2,2023
2023371349306,0.462402,52.076269,3,2023
2023451381541,-0.436242,51.421456,3,2023
2024471460680,-0.8488,50.84119,3,2024
2024471509231,-0.16318,51.11806,3,2024
2023991262226,-3.792048,56.118443,3,2023
2023991371338,-4.50588,55.605913,2,2023
2023991260405,-2.977379,55.954399,3,2023
2022991237078,-4.801337,55.641611,2,2022
2022991190876,-3.199819,55.93156,2,2022
2023991430845,-3.207863,55.957036,3,2023
2024991445279,-3.22333,55.97602,3,2024
2023991329204,-3.710103,56.070074,3,2023
202460Q038285,-2.98962,53.04093,2,2024
2024610002824,-2.95442,51.58584,3,2024
2023071179665,-2.73758,53.388926,2,2023
2023041299702,-2.454954,53.734117,3,2023
2023302301023,-1.452857,52.89159,3,2023
2024332400476,-1.13848,52.63602,3,2024
2022221139425,-2.478447,52.635897,3,2022
2024522403388,-2.55728,51.44329,3,2024
2023501300427,-4.187476,50.403601,2,2023
2022430539812,-0.615841,51.529794,3,2022
2022471253110,-0.1526,50.833996,3,2022
2023111317650,-1.564999,54.851179,3,2023
2023111325498,-1.800395,54.614017,2,2023
2024070732219,-2.89154,53.25938,3,2024
2024501521325,-5.09796,50.16714,3,2024
2023401276121,-0.473204,52.122044,2,2023
2024401538515,-0.51587,51.88679,2,2024
2022101218929,-1.68142,55.159263,3,2022
2023101287970,-1.582301,55.181024,3,2023
2022552201234,-1.948685,50.730758,3,2022
2024340WN5602,-0.91539,52.24362,2,2024
2023122300882,-0.290425,54.203662,3,2023
2024061440468,-2.38905,53.54425,3,2024
2022052200537,-2.982508,53.411799,3,2022
2023052300567,-3.005817,53.648136,3,2023
2022141148311,-1.265553,53.494961,3,2022
2023141290255,-0.962979,53.612117,2,2023
2022141137418,-1.507634,53.382964,2,2022
2022101258707,-1.641043,55.00813,2,2022
2024201434448,-1.98303,52.57635,2,2024
2024131411129,-1.65423,53.70674,2,2024
2022131234658,-1.541464,53.807097,3,2022
2023131272272,-1.565272,53.816084,3,2023
2023131327477,-1.569371,53.751034,3,2023
2024131486876,-1.49943,53.82408,2,2024
2023010440419,-0.231915,51.592088,3,2023
2023010482694,-0.213489,51.581899,2,2023
2024010551152,-0.23027,51.58382,3,2024
2023010429916,-0.068056,51.412863,3,2023
2024010511620,-0.03932,51.38934,3,2024
2022010366242,-0.068799,51.382264,2,2022
2024010517177,-0.08704,51.39356,3,2024
2024010506945,-0.08701,51.61401,3,2024
2022010399602,0.120635,51.488055,3,2022
2024010501881,0.06898,51.45211,3,2024
2024010527576,0.0697,51.48108,3,2024
2022010401315,-0.046588,51.544592,3,2022
2022010362829,-0.229576,51.511086,2,2022
2023010426531,-0.226184,51.514937,3,2023
2023010446057,-0.23879,51.506467,3,2023
2024010493502,-0.08815,51.59799,3,2024
2022010381294,-0.460368,51.511087,3,2022
2022010410761,-0.455213,51.532267,3,2022
2023010422817,-0.393765,51.484359,1,2023
2023010426332,-0.390531,51.439146,3,2023
2022010363007,-0.087379,51.546199,3,2022
2022010368054,-0.09059,51.550801,3,2022
2022010406746,-0.106047,51.422305,3,2022
2023010450810,-0.01703,51.449817,2,2023
2022010401905,0.041843,51.516431,3,2022
2022010363669,0.074158,51.581448,3,2022
2022010367493,0.081178,51.56449,3,2022
2022010377388,-0.323935,51.429122,3,2022
2022010377384,-0.104574,51.503772,2,2022
2024010494085,-0.08941,51.49726,2,2024
2023010477794,-0.020803,51.608339,3,2023
2022010370109,-0.16846,51.455329,2,2022
2023010467030,-0.148703,51.447707,3,2023
2024010499836,-0.16145,51.52732,3,2024
2024010543106,-0.1436,51.49798,3,2024
2023351287507,0.307898,52.362883,2,2023
2023501399619,-3.518544,50.73139,3,2023
2024501502667,-3.76821,50.23554,3,2024
2022421240976,0.863957,51.893393,3,2022
2023421381506,0.112906,51.620154,2,2023
2023461328070,0.204639,51.13327,3,2023
2022041220455,-2.699255,53.758673,3,2022
2024041520877,-2.67273,53.78633,3,2024
2023332300839,-1.201196,52.774675,2,2023
2024361463640,0.82932,52.57074,2,2024
2024361477066,1.29558,52.63057,3,2024
2024211403554,-1.64299,52.83153,3,2024
2022451205385,-0.325603,51.23487,3,2022
2022451239007,-0.166997,51.240002,3,2022
2023451328462,-0.478078,51.437132,3,2023
2024451398279,-0.16672,51.24648,2,2024
2024451481578,-0.60942,51.27365,3,2024
2023231289042,-1.464548,52.5256,3,2023
2024221399342,-2.06813,52.32906,3,2024
2024221455666,-2.19092,52.18221,3,2024
2024221509262,-2.25825,52.25356,2,2024
2022991164577,-3.939511,56.101891,2,2022
2022991220402,-3.202506,55.943386,3,2022
2024991528916,-4.40306,55.86662,3,2024
202260B086709,-3.507629,53.151692,2,2022
202260B014492,-3.317944,52.979416,1,2022
202360A015038,-3.062021,53.209366,3,2023
2024631401400,-3.31545,52.51215,2,2024
2022622200817,-3.40557,51.754942,3,2022
2023170S31283,-1.329025,54.52187,3,2023
2023070882908,-2.587928,53.384723,3,2023
2024070633607,-2.59169,53.38628,3,2024
2022041176081,-3.051989,53.816273,3,2022
2022161152421,-0.361351,53.743206,3,2022
2023302300422,-1.499052,52.887722,2,2023
2024211525202,-2.14373,53.03597,3,2024
2024522500346,-2.49089,51.50551,2,2024
2022421193608,0.714305,51.550819,3,2022
2024421419290,0.4123,51.48605,3,2024
2023430471162,-1.325429,51.405784,2,2023
2023430031664,-0.94345,51.454406,3,2023
2023430014201,-0.749857,52.042206,3,2023
2024471458168,-0.13919,50.83382,3,2024
2024221444990,-2.73511,52.72731,3,2024
2023401390661,-0.453406,52.128125,3,2023
2024101413307,-1.55498,55.18105,3,2024
2022340NNC202,-0.660374,52.475529,2,2022
2024061452373,-2.54938,53.59719,3,2024
2023061320305,-2.215562,53.517029,3,2023
2024061398926,-2.14358,53.41427,3,2024
2022052201182,-2.989001,53.412824,3,2022
2024052400779,-3.03723,53.38906,3,2024
2023141317646,-1.464698,53.46561,3,2023
2022101234897,-1.447201,55.04512,3,2022
2023101260806,-1.581396,55.039491,3,2023
2023201312795,-1.989531,52.611278,3,2023
2024131409974,-1.79558,53.80512,2,2024
2024131410388,-2.01217,53.74081,3,2024
2022131206316,-1.552932,53.779583,3,2022
2023131285607,-1.49486,53.820977,3,2023
2024131438271,-1.54011,53.79781,3,2024
2024131510446,-1.55003,53.77387,2,2024
2022131169472,-1.325728,53.719819,3,2022
2023010446273,0.141005,51.561228,2,2023
2024010546847,0.14,51.57219,3,2024
2022010417321,0.145375,51.494034,3,2022
2024010542866,-0.31594,51.55531,3,2024
2023010448033,-0.118009,51.520409,3,2023
2024010536306,-0.11975,51.51632,2,2024
2023010419685,-0.103319,51.329033,2,2023
2024010544849,-0.05613,51.37363,3,2024
2022010408366,-0.394987,51.534426,3,2022
2023010423296,-0.069761,51.546036,3,2023
2024010540753,-0.49382,51.46319,2,2024
2023010446986,-0.265424,51.405717,3,2023
2022010363002,-0.030757,51.483348,2,2022
2024010518116,-0.01886,51.44679,3,2024
2024010508417,-0.03465,51.45197,3,2024
2023010478640,0.051244,51.538956,3,2023
2022010401592,0.03647,51.593376,3,2022
2022010398687,-0.306453,51.459552,2,2022
2024010505904,-0.33037,51.45584,3,2024
2023010472333,-0.069192,51.498492,3,2023
2024010544219,-0.09669,51.49217,3,2024
2024010549262,-0.18986,51.35811,2,2024
2022010396651,-0.062858,51.518405,3,2022
2022010416768,-0.004695,51.509247,3,2022
2024010549968,-0.05759,51.51934,2,2024
2024010490411,-0.01064,51.56354,3,2024
2022010373352,-0.171626,51.470099,3,2022
2024010541613,-0.1662,51.47427,3,2024
2022010399207,-0.136547,51.513313,2,2022
2022010404425,-0.188203,51.517216,2,2022
2023351352803,-0.080555,52.317269,3,2023
2022501195343,-3.566225,50.711396,2,2022
2022501241547,-4.152934,51.106758,3,2022
2024421420499,0.04199,51.63857,3,2024
2024421475335,0.10469,51.77094,2,2024
2024440420740,-1.43499,50.8637,3,2024
2024411548579,-0.47266,51.75472,3,2024
2023461334222,0.192721,51.273188,3,2023
2023461356521,1.392451,51.390361,3,2023
2024461408490,1.42457,51.36114,2,2024
2022041193859,-2.862268,54.07276,3,2022
2024041456521,-2.36707,53.75616,3,2024
2024041467213,-2.79115,54.02339,3,2024
2024041472502,-2.88768,53.56697,3,2024
2023311362499,-1.067647,52.972229,3,2023
2024311441605,-1.11026,53.02689,3,2024
2024311526988,-0.79122,53.08138,3,2024
2023371318660,0.996149,52.188066,2,2023
2022451232310,-0.495613,51.143197,3,2022
2024451468623,0.01206,51.24001,3,2024
2024451474660,-0.55152,51.30311,3,2024
2023471377229,-0.635557,50.846668,3,2023
2024471524605,-0.69956,50.80538,3,2024
2023221387177,-2.329937,52.111055,2,2023
2023991379149,-3.237608,55.931492,2,2023
202260B011947,-4.206549,53.164991,3,2022
202360A041492,-3.464958,53.315135,3,2023
202260B029990,-3.028495,53.207476,2,2022
202260B158304,-2.911825,53.045783,2,2022
2024631434185,-3.91255,52.30033,3,2024
2022622200500,-3.918066,51.667886,3,2022
2024622400378,-3.44722,51.6613,3,2024
2022170L20322,-1.152603,54.569842,3,2022
2024041531055,-2.50737,53.75014,2,2024
2022041171737,-3.045597,53.805381,3,2022
2023161305262,-0.881566,53.70528,3,2023
2022161153104,-0.092706,53.538609,3,2022
2024161423442,-0.12054,53.56164,3,2024
2024332401050,-1.09092,52.64216,3,2024
2024311533548,-1.18655,53.01229,3,2024
2022522202472,-2.435153,51.290058,3,2022
2024522401621,-2.49763,51.47138,3,2024
2023501381051,-3.548191,50.478337,3,2023
2024421528171,0.71144,51.54103,3,2024
2022461173516,0.542139,51.386958,3,2022
2022430232117,-0.997963,51.454651,3,2022
2023430023412,-0.546674,51.503843,3,2023
2022430387173,-0.758776,51.996005,3,2022
2024111414154,-1.59109,54.78958,3,2024
2024501493190,-4.46236,50.47824,2,2024
2023401306269,-0.671011,51.916517,3,2023
2023101327299,-1.599148,55.140536,3,2023
2022552201485,-1.847555,50.724006,3,2022
2023340WN3392,-1.080526,52.22609,3,2023
2022031202083,-2.924418,54.486205,2,2022
2023302301984,-1.337341,53.003496,2,2023
2022302200534,-1.270123,52.899715,2,2022
2023501373889,-4.174892,51.112872,3,2023
2022471170338,0.284071,50.760392,2,2022
2023471280027,0.294146,50.777642,3,2023
2024421514012,0.59786,51.57595,2,2024
2024531499026,-2.13466,51.92663,3,2024
2023440375769,-1.092879,50.8603,2,2023
2022411197698,-0.396394,51.672331,3,2022
2023461345116,0.857815,51.152593,3,2023
2023461264705,1.399973,51.354927,2,2023
2024041455052,-2.98274,53.78962,3,2024
2023320570331,-0.02746,52.965291,3,2023
2023320187947,-0.514803,53.241158,3,2023
2024311492923,-1.26621,53.11771,3,2024
2023231291589,-1.501541,52.515441,3,2023
2023231377402,-1.911386,52.239265,2,2023
2022231208218,-1.535909,52.293641,3,2022
2024471516942,-0.50412,50.81321,2,2024
2024471455328,-0.79651,50.72527,3,2024
2023411268133,-0.202206,51.79504,3,2023
2024061508163,-2.10886,53.54428,3,2024
2023061316043,-2.251654,53.484384,2,2023
2023052300358,-3.029683,53.476958,3,2023
2023052400020,-3.018068,53.38324,3,2023
2022141212947,-1.120619,53.536445,3,2022
2023141300835,-1.462204,53.358895,2,2023
2024141442362,-1.49148,53.32209,3,2024
2023101375188,-1.625111,54.971185,2,2023
2023201370086,-1.878396,52.468556,2,2023
2024201469271,-1.92036,52.49391,3,2024
2023201295762,-1.521031,52.404701,3,2023
2022201138734,-1.951937,52.578897,2,2022
2023131294162,-1.768873,53.799473,3,2023
2022131182344,-1.540474,53.798959,3,2022
2024131426561,-1.59908,53.82257,3,2024
2023481398831,-0.082728,51.515126,3,2023
2024010495229,0.11468,51.474,3,2024
2024010516940,0.18091,51.47037,3,2024
2022010395873,-0.282597,51.550487,3,2022
2023010451855,-0.259644,51.561587,3,2023
2022010398720,0.018783,51.419916,2,2022
2022010404445,0.09211,51.371758,3,2022
2024010500088,-0.02602,51.42123,3,2024
2024010513728,0.1039,51.38939,2,2024
2022010382294,-0.074776,51.399422,3,2022
2024010533082,-0.1283,51.32229,2,2024
2023010462707,-0.383304,51.512163,3,2023
2023010456576,-0.047341,51.542518,3,2023
2024010516748,-0.08949,51.56466,3,2024
2024010521282,-0.04863,51.54684,3,2024
2022010421319,-0.245172,51.493389,2,2022
2023010480551,-0.089429,51.606374,3,2023
2024010518911,-0.09979,51.58276,3,2024
2022010406200,0.205288,51.581044,3,2022
2023010423123,-0.190283,51.489461,3,2023
2023010486532,-0.113035,51.505096,3,2023
2024010527720,-0.12828,51.46545,3,2024
2022010362263,-0.057013,51.428094,2,2022
2022010383811,-0.22341,51.419845,3,2022
2024010530420,-0.16964,51.41384,3,2024
2022010395848,0.060724,51.555049,3,2022
2023010470748,0.052795,51.535287,3,2023
2022010419136,0.095768,51.571145,3,2022
2024010515637,0.07807,51.59073,3,2024
2024991400729,-4.62469,55.45647,3,2024
2023991264679,-4.163336,55.777644,2,2023
2023991319864,-3.201054,55.946131,3,2023
2022991144782,-4.214204,55.848709,3,2022
2022610037822,-3.20968,51.581892,3,2022
2023610030223,-3.240602,51.584806,3,2023
2023610041823,-2.968572,51.582763,2,2023
2023070587067,-2.570181,53.370751,3,2023
2024161516118,-0.38733,53.73242,3,2024
2024122401157,-1.09295,53.96704,3,2024
2023311318445,-1.115706,52.949403,3,2023
2023520000842,-2.359527,51.362267,3,2023
2024522500326,-2.53715,51.45983,3,2024
2022430022452,-0.615619,51.524271,3,2022
2023430219716,-0.546269,51.495745,3,2023
2023430424553,-0.595077,51.510709,3,2023
2024430523068,-0.59571,51.51064,3,2024
2023471344865,-0.141496,50.823225,3,2023
2024440362920,-1.06244,50.80047,3,2024
2024440550370,-1.07448,50.78673,3,2024
2024440566663,-1.15028,50.65608,1,2024
2022111259616,-1.809807,54.863482,3,2022
2024070106678,-2.36335,53.14478,3,2024
2022221242560,-3.042459,52.865438,2,2022
2024501433641,-4.78347,50.33408,3,2024
2024501478855,-5.29265,50.26082,3,2024
2024552400387,-1.86203,50.72612,3,2024
2023552300960,-2.436437,50.630149,3,2023
2024122401112,-1.52351,53.99462,3,2024
2023520300739,-2.788139,51.275472,2,2023
2023061323970,-2.440694,53.567744,2,2023
2023061398411,-2.428131,53.563286,3,2023
2023061373792,-2.159511,53.373984,2,2023
2023052300264,-2.810905,53.4289,3,2023
2023052302406,-2.926424,53.36618,3,2023
2023052302951,-2.982394,53.392492,3,2023
2024052401704,-2.95233,53.42605,2,2024
2024052400618,-2.72395,53.43453,2,2024
2023052302629,-2.978617,53.459841,3,2023
2024052402568,-3.05215,53.38545,3,2024
2022141211743,-1.113872,53.516315,2,2022
2022141222961,-1.317672,53.442695,3,2022
2022141132569,-1.55474,53.350745,3,2022
2024101398333,-1.4264,55.00012,3,2024
2023201411693,-1.909025,52.506503,3,2023
2024201520901,-1.93217,52.51382,2,2024
2024201552158,-1.9988,52.61482,3,2024
2022131134638,-1.859669,53.72468,3,2022
2023131326342,-1.472115,53.828662,3,2023
2023131370698,-1.540943,53.800534,3,2023
2024010523576,-0.21697,51.56549,3,2024
2023010457557,-0.139348,51.535479,3,2023
2024010498500,-0.09158,51.38871,3,2024
2024010536444,-0.1255,51.38321,2,2024
2022010354708,-0.078213,51.523091,3,2022
2022010379095,-0.052253,51.546691,3,2022
2023010469080,-0.201086,51.475204,3,2023
2022010362320,-0.129079,51.575962,3,2022
2023010471460,0.157139,51.598801,3,2023
2024010520366,0.21089,51.56596,3,2024
2023010452162,-0.396321,51.51495,3,2023
2023010445343,-0.110297,51.529116,3,2023
2024010531163,-0.12564,51.56717,2,2024
2022010415722,-0.210373,51.520479,3,2022
2022010360597,-0.113387,51.461658,3,2022
2023010465004,-0.024226,51.474173,3,2023
2023010435519,-0.297469,51.466571,3,2023
2024010536118,-0.26781,51.45507,3,2024
2022010414349,-0.07741,51.502449,3,2022
2023010461633,-0.097884,51.498323,3,2023
2023010442241,-0.000207,51.509701,2,2023
2022010367288,-0.000474,51.55198,2,2022
2022010387023,0.001339,51.597209,3,2022
2023010445622,-0.027543,51.572465,3,2023
2024010516256,-0.21687,51.46069,3,2024
2024010547476,-0.16934,51.46613,2,2024
2022010369340,-0.114561,51.510696,3,2022
2022010406998,-0.156737,51.502275,3,2022
2023010456694,-0.141987,51.51527,3,2023
2024010522125,-0.14077,51.51546,3,2024
2024010534851,-0.12537,51.51134,3,2024
2024302401452,-1.5648,52.85249,2,2024
2023421308670,0.896244,51.89253,3,2023
2024531462981,-2.24481,51.86464,2,2024
2023440214325,-1.018887,50.893856,3,2023
2022461256400,0.259865,51.134896,3,2022
2023041330320,-2.713707,53.773724,2,2023
2023332300546,-1.301745,52.873745,2,2023
2023361301238,0.528235,52.564691,3,2023
2022311270623,-1.126359,52.931089,3,2022
2022430347166,-1.271524,51.779084,2,2022
2023430546360,-1.237149,51.751974,3,2023
2023211281504,-2.053594,52.970882,3,2023
2023451284637,-0.364196,51.370358,3,2023
2023451294513,-0.26743,51.333959,3,2023
2023451361633,-0.350058,51.387192,2,2023
2024451504941,-0.73966,51.31487,3,2024
2023991370345,-2.18612,57.180327,2,2023
2023991349276,-4.423232,55.845352,2,2023
2022622200579,-3.703783,51.475727,3,2022
2023610035823,-3.204604,51.765185,3,2023
2024610018324,-3.10812,51.55252,2,2024
2023170H10463,-1.217642,54.674097,2,2023
2022041232768,-3.031344,53.827913,3,2022
2023041390323,-3.030295,53.856972,2,2023
2022161226695,-0.330954,53.747641,3,2022
2024161394073,-0.26073,53.77906,3,2024
2024122500158,-1.0885,53.96456,3,2024
2024302401412,-1.4527,52.89137,3,2024
2024332401168,-1.14253,52.64072,2,2024
2022311183754,-1.173382,52.951598,3,2022
20225222NS327,-2.967762,51.343183,3,2022
2023501263580,-4.125174,50.369913,3,2023
2022471256462,-0.132285,50.840202,3,2022
2023440427319,-1.094131,50.795634,3,2023
2024440037951,-1.35986,50.9089,3,2024
2023070428916,-2.917793,53.171417,3,2023
2023070484582,-2.880746,53.192291,3,2023
2022501247648,-5.078673,50.412793,2,2022
2024520401265,-2.60926,50.94219,3,2024
2022061171621,-2.241307,53.474824,2,2022
2024052402567,-2.93422,53.39684,3,2024
2022141230487,-1.482439,53.370373,3,2022
2024101437818,-1.50628,54.91809,3,2024
2023201339213,-1.918196,52.406622,3,2023
2023201367656,-1.89878,52.502234,2,2023
2024201434177,-2.14608,52.47256,2,2024
2022201221407,-1.753872,52.482702,3,2022
2023131324591,-1.755566,53.81638,3,2023
2023131350076,-1.778921,53.788472,3,2023
2022131143910,-1.837708,53.685464,3,2022
2022131208080,-1.788534,53.657282,3,2022
2022131175678,-1.341749,53.710893,3,2022
2023481367227,-0.079372,51.518164,3,2023
2023010464845,0.130127,51.551669,3,2023
2022010388809,-0.051296,51.414034,3,2022
2022010402113,-0.056259,51.404844,3,2022
2024010530103,-0.0141,51.3757,3,2024
2023010453877,-0.11263,51.394138,3,2023
2024010533158,-0.24883,51.5299,3,2024
2023010464814,-0.040596,51.656134,3,2023
2022010363559,-0.011453,51.481448,3,2022
2024010492355,-0.00938,51.48009,3,2024
2023010435097,-0.230136,51.492561,3,2023
2023010477029,-0.206186,51.474041,2,2023
2022010374553,-0.126657,51.605364,3,2022
2023010459790,-0.092345,51.586063,3,2023
2024010520405,-0.37936,51.5598,3,2024
2023010427566,-0.446093,51.559627,3,2023
2023010448628,-0.444727,51.44985,3,2023
2022010359418,-0.129738,51.55252,3,2022
2022010365458,-0.10317,51.539639,3,2022
2023010426151,-0.252254,51.41589,3,2023
2022010360984,-0.12536,51.485294,3,2022
2022010386601,-0.126933,51.468719,3,2022
2022010404587,-0.147279,51.453027,2,2022
2022010404919,0.040609,51.607108,3,2022
2024010546450,-0.29828,51.46601,3,2024
2022010354070,-0.073088,51.477172,3,2022
2022010360216,-0.0656,51.473739,3,2022
2023010429308,-0.192129,51.378989,3,2023
2024010492881,-0.22293,51.37546,3,2024
2022011177954,-0.073866,51.509279,2,2022
2023010461230,-0.022552,51.490233,3,2023
2024010530269,-0.04822,51.53103,3,2024
2022010397843,-0.019515,51.584829,3,2022
2023010444129,-0.156135,51.438976,3,2023
2022010354332,-0.182411,51.528034,2,2022
2022010361725,-0.152185,51.515791,3,2022
2022010376036,-0.125131,51.494751,3,2022
2022010391178,-0.176132,51.519565,3,2022
2022010412289,-0.128087,51.507333,3,2022
2023010473630,-0.141689,51.508782,3,2023
2024010495399,-0.20284,51.53283,3,2024
2024010520202,-0.17006,51.50085,2,2024
2024302400916,-1.70686,53.24983,2,2024
2023501366553,-3.527896,50.733552,2,2023
2024421474514,1.15475,51.78688,3,2024
2022440206071,-1.116724,51.263673,3,2022
2023440450396,-1.170544,50.805671,2,2023
2022411138570,-0.061315,51.706898,2,2022
2022461161289,1.300837,51.375341,3,2022
2024461518254,1.09672,51.28878,3,2024
2022041190299,-2.30795,53.795057,2,2022
2022041258778,-2.662135,53.731398,3,2022
2024041513367,-2.21444,53.8309,3,2024
2022311171589,-1.094173,53.386189,3,2022
2023311370007,-1.146517,53.206004,3,2023
2022430217247,-1.26187,51.604664,3,2022
2022451165464,-0.261024,51.371228,3,2022
2022451184586,-0.263662,51.333777,3,2022
2022451204184,-0.805146,51.208906,3,2022
2023451384061,-0.207748,51.317189,3,2023
2023471299741,-0.008691,51.119759,3,2023
2024471416103,-0.16974,51.12417,3,2024
2022221222100,-2.310586,52.114811,3,2022
2023221350086,-2.250072,52.159674,3,2023
2024991500340,-4.27081,55.80137,2,2024
2022991200957,-3.175722,55.929735,2,2022
2023610011823,-3.203322,51.585995,2,2023
20221700M2003,-1.209972,54.567471,2,2022
2022170M11382,-1.227728,54.566632,3,2022
2022072201319,-2.663999,53.448171,3,2022
2024070894338,-2.57352,53.39774,3,2024
2023161287267,-0.553931,53.959715,3,2023
2024161529898,-0.08684,53.56904,1,2024
2022302200356,-1.479278,52.916879,3,2022
2024332401025,-1.06256,52.6345,2,2024
2022311152419,-1.172369,52.94697,3,2022
2022311249633,-1.140243,52.947408,3,2022
2023522324402,-2.574791,51.477356,3,2023
2023522400282,-2.48602,51.462427,3,2023
2024461444391,0.55906,51.37261,2,2024
2024430256161,-0.76263,52.03885,3,2024
2023070161833,-2.480686,53.043741,3,2023
2022221202783,-2.999171,52.925457,3,2022
2024221454192,-2.28089,52.65068,3,2024
2022501212652,-5.043744,50.252125,2,2022
2023552300433,-1.904788,50.75269,3,2023
2024552401046,-1.83834,50.8289,2,2024
2022430314807,-0.701184,51.52176,3,2022
2022520203677,-2.673783,51.056868,3,2022
2023520301776,-2.321487,51.236231,3,2023
2024061526936,-2.40722,53.60222,2,2024
2023061289442,-2.302193,53.593934,3,2023
2022061243808,-2.249055,53.516685,3,2022
2024061512849,-2.23422,53.47121,3,2024
2023061370680,-2.167878,53.605389,2,2023
2023061297732,-2.266154,53.475248,3,2023
2022061230251,-2.163316,53.429573,3,2022
2022061261068,-2.191198,53.42484,2,2022
2022052203128,-2.914023,53.457279,1,2022
2024052402773,-2.91653,53.41225,3,2024
2024052400256,-2.96775,53.48122,3,2024
2024052400908,-3.00515,53.3519,3,2024
2022201236686,-1.841191,52.548253,3,2022
2022201226572,-2.173,52.586367,2,2022
2024131519623,-1.77192,53.79826,3,2024
2022131165676,-1.636279,53.677194,1,2022
2022131147221,-1.435268,53.906924,2,2022
2023131276273,-1.547286,53.796666,3,2023
2023131312413,-1.536635,53.774003,3,2023
2024131468307,-1.54101,53.82876,2,2024
2024131526761,-1.62128,53.85952,3,2024
2023481367223,-0.10048,51.511422,3,2023
2024010503662,0.06877,51.53628,3,2024
2022010370654,-0.153466,51.609845,3,2022
2024010540922,-0.04153,51.63101,3,2024
2022010412802,-0.098553,51.568763,2,2022
2023010478469,-0.084821,51.541841,3,2023
2023010474067,-0.237535,51.509506,3,2023
2024010503637,-0.21433,51.47491,3,2024
2024010540523,-0.2024,51.48528,3,2024
2024010541847,-0.36118,51.58611,2,2024
2022010377155,0.166532,51.590444,3,2022
2023010480720,0.164522,51.582487,3,2023
2022010385650,-0.260045,51.492451,3,2022
2024010518281,-0.4121,51.44321,2,2024
2022010398249,-0.101515,51.477519,3,2022
2022010407681,-0.051726,51.469849,3,2022
2022010362268,-0.165641,51.405349,3,2022
2022010405846,0.003803,51.520631,3,2022
2023010486386,-0.374797,51.42072,2,2023
2024010543294,-0.3726,51.45696,3,2024
2022010422907,-0.070682,51.477528,3,2022
2022010356729,-0.081251,51.473772,2,2022
2023010446994,-0.140254,51.369428,3,2023
2022010398196,-0.030414,51.568457,3,2022
2022010395719,-0.160328,51.515442,3,2022
2023351374231,0.329679,52.337728,3,2023
2024351537285,-0.17536,52.33599,3,2024
2024302500174,-2.00032,53.36959,3,2024
2022501237529,-4.233525,51.042264,3,2022
2022471186260,0.698876,50.969669,3,2022
2022421134643,0.115011,51.649576,1,2022
2023421278536,0.630256,51.598475,3,2023
2023421361200,0.457863,51.569019,3,2023
2024421424780,0.50054,51.56309,3,2024
2024421526383,0.09142,51.76668,2,2024
2024531462536,-2.20662,51.87441,2,2024
2024531476813,-2.09687,51.8942,3,2024
2024440506212,-0.93706,50.84792,2,2024
2024440563859,-1.37557,51.13443,2,2024
2023411348430,-0.406724,51.657796,3,2023
2022041227865,-3.021786,53.91643,3,2022
2023041306812,-2.647461,53.714625,3,2023
2023311313753,-1.028097,53.131331,3,2023
2024311457927,-1.09788,52.96635,3,2024
2022430499233,-1.266506,51.781031,3,2022
2023451322189,-0.576087,51.240604,3,2023
2023231354951,-1.423772,52.476467,2,2023
2023221269947,-2.224145,52.198646,3,2023
2023610042623,-2.676154,51.641144,2,2023
2023070422949,-2.62796,53.384375,3,2023
2024070232946,-2.59689,53.37184,3,2024
2022041244995,-3.03109,53.81632,3,2022
2024161443389,-0.37193,53.73548,3,2024
2023161332648,-0.107492,53.558981,3,2023
2023122300897,-1.085198,53.950904,2,2023
2023302300423,-1.483561,52.886909,3,2023
2023311306855,-1.179367,52.955433,3,2023
2023522301565,-2.617273,51.492596,3,2023
2023522400800,-2.584785,51.488654,3,2023
2024522403022,-2.59731,51.4357,3,2024
2024522500425,-2.5952,51.4534,3,2024
2024522500315,-2.59457,51.4607,3,2024
2022501247467,-4.132549,50.372233,3,2022
2022549009322,-1.775697,51.569113,3,2022
2022430525290,-0.660987,52.172878,3,2022
2022471234504,-0.103873,50.816846,3,2022
2022111151580,-1.418357,54.787614,2,2022
2023070361916,-2.894698,53.279318,3,2023
2022221267797,-3.043579,52.849589,3,2022
2022501218216,-4.836067,50.515978,3,2022
2023501263816,-5.480411,50.212559,3,2023
2023552300501,-1.893414,50.767473,3,2023
2024552500120,-1.987,50.73532,3,2024
202234WNC2552,-0.992057,52.08744,2,2022
2024122401089,-2.01203,53.96093,3,2024
2022351245714,-0.294588,52.219527,3,2022
2023501288043,-3.414724,50.621386,3,2023
2022501196387,-3.532418,50.722745,3,2022
2024501412622,-3.48704,50.71967,3,2024
2024471443801,0.26483,50.75682,2,2024
2022471144671,-0.013727,50.919437,2,2022
2023471382995,-0.007321,50.792519,2,2023
2024421503834,0.52475,51.61559,3,2024
2022440035374,-1.070704,51.283486,3,2022
2023440151861,-1.383077,51.236902,3,2023
2022440399666,-0.899546,51.059092,3,2022
2024440396790,-1.48449,50.99165,2,2024
2024411540825,-0.44698,51.76084,2,2024
2023461343597,0.918247,51.094696,3,2023
2023461380957,0.943311,50.987301,3,2023
2024461528257,0.8917,51.31785,2,2024
2023041308107,-2.791277,54.0275,3,2023
2023041347789,-2.212458,53.836168,3,2023
2022320563676,-0.511348,53.242275,3,2022
2024361394878,1.29919,52.61457,3,2024
2023311260656,-1.121142,53.169234,3,2023
2024430309020,-1.19183,51.71714,3,2024
2023430568840,-0.904513,51.537583,3,2023
2024430323592,-1.00302,51.7419,2,2024
2024451514269,-0.58736,51.23754,3,2024
2023451320506,-0.466377,51.435523,3,2023
2023471369341,-0.037664,51.057485,3,2023
2022052203192,-2.891862,53.414551,3,2022
2024052401580,-3.00616,53.62766,3,2024
2023141375094,-1.501054,53.377436,2,2023
2022101210263,-1.584269,55.056646,3,2022
2022201143322,-1.892276,52.493418,2,2022
2022201273392,-1.979152,52.573457,3,2022
2023131318059,-1.901283,53.868601,2,2023
2024131500661,-1.71267,53.8018,3,2024
2022131209755,-1.503096,53.699905,2,2022
2023101298437,-1.613762,54.952431,3,2023
2022010394469,-0.199153,51.589656,3,2022
2023010443974,-0.149587,51.645214,3,2023
2022010363466,-0.285552,51.532878,3,2022
2022010384021,-0.191299,51.538045,3,2022
2022010376945,-0.092231,51.413871,3,2022
2023010421729,-0.099055,51.364782,3,2023
2023010473662,-0.122121,51.409489,3,2023
2024010516363,-0.38544,51.50801,3,2024
2024010545826,-0.34993,51.53511,3,2024
2023010421167,-0.055606,51.563446,3,2023
2024010548542,-0.07617,51.5432,3,2024
2024010500444,-0.41104,51.50496,2,2024
2024010527888,-0.47141,51.54767,2,2024
2024010530927,-0.47594,51.49438,2,2024
2023010485240,-0.204112,51.49935,3,2023
2022010391176,-0.280045,51.379315,3,2022
2022010373360,-0.111664,51.503734,3,2022
2023010477314,-0.111007,51.462124,3,2023
2022010394556,-0.028341,51.477588,3,2022
2023010448055,-0.031742,51.475856,2,2023
2023010485000,-0.035526,51.428312,3,2023
2024010523719,-0.04242,51.48539,3,2024
2023010420849,-0.100494,51.500694,3,2023
2022010353803,-0.051704,51.52072,3,2022
2022010362260,-0.051243,51.519355,3,2022
2022010354492,-0.211787,51.442743,3,2022
2022010409535,-0.128565,51.512206,3,2022
2024010513582,-0.13093,51.51632,3,2024
2023991316088,-4.943896,56.899053,3,2023
2024991421233,-3.02984,56.47197,3,2024
202263B094522,-4.299655,52.202067,3,2022
2023631311516,-4.082685,52.417745,3,2023
2023631361224,-4.023274,51.849385,1,2023
2023622300344,-3.137954,51.482683,3,2023
202263D081422,-3.509888,52.300181,2,2022
202417M217724,-1.18223,54.5649,2,2024
2022161251050,-0.365715,53.781955,3,2022
2023161327827,-0.416859,53.753076,3,2023
2024161479040,-0.35839,53.75107,2,2024
2022161182472,-0.084239,53.553999,2,2022
2023311380065,-1.155051,52.948197,3,2023
2023221339234,-2.504359,52.694393,2,2023
2023522401136,-2.581664,51.457298,3,2023
2023522400389,-2.552063,51.457755,3,2023
2023501285111,-4.160489,50.390093,2,2023
2023501349269,-4.148983,50.374908,3,2023
2022542087422,-1.837844,51.567723,3,2022
2024401430124,-0.41579,51.87754,3,2024
2024430442896,-0.76744,51.4187,3,2024
2024440167187,-1.37669,50.93529,3,2024
2022070893621,-2.037104,53.359731,3,2022
2023070509815,-2.350406,53.268543,3,2023
2022070006765,-2.92865,53.208584,3,2022
2024501527853,-5.05284,50.26116,3,2024
2022552200944,-2.160962,50.849989,3,2022
2022552201145,-2.453949,50.648572,3,2022
2023031391838,-2.735672,54.945137,3,2023
2023052300678,-2.94695,53.471701,2,2023
2024052401585,-2.99946,53.36081,3,2024
2022101141644,-1.678236,55.000776,2,2022
2023101263441,-1.574151,54.977442,3,2023
2023201391501,-1.865482,52.474772,3,2023
2024201425001,-1.89617,52.47246,3,2024
2024201521698,-1.81254,52.49574,2,2024
2022131197921,-1.751759,53.792311,2,2022
2023131289880,-1.762383,53.795326,3,2023
2024131494076,-1.73513,53.80975,3,2024
2023131314772,-1.799449,53.688175,2,2023
2023131392536,-1.549654,53.846289,3,2023
2024131407009,-1.54487,53.77725,2,2024
2024131448758,-1.54481,53.79996,3,2024
2022131234058,-1.355511,53.713548,2,2022
2022101140625,-1.608709,54.953439,3,2022
2022010388437,-0.223609,51.589975,3,2022
2023010450135,0.131874,51.45848,2,2023
2024010535571,0.10047,51.42496,3,2024
2024010516839,-0.20473,51.53457,3,2024
2024010514793,0.01494,51.4057,3,2024
2022010372135,-0.137351,51.542705,2,2022
2022010403707,-0.127727,51.51436,3,2022
2024010512366,-0.12637,51.54503,3,2024
2023010486552,-0.369609,51.546998,2,2023
2024010530747,-0.06681,51.6449,3,2024
2022010376979,-0.042203,51.548655,2,2022
2022010396948,-0.08034,51.524277,3,2022
2022010410696,-0.100321,51.585185,3,2022
2024010515256,-0.10565,51.52959,3,2024
2024010487451,-0.17348,51.48219,3,2024
2023010453203,-0.021301,51.432254,2,2023
2023010458224,-0.01798,51.447836,2,2023
2022010373934,0.035973,51.53379,3,2022
2024010541982,0.04938,51.54531,3,2024
2022010355145,-0.078574,51.500139,3,2022
2023010449937,-0.06129,51.466033,3,2023
2023010436092,0.005433,51.510819,3,2023
2022010390494,-0.017275,51.608765,3,2022
2023010419678,0.001447,51.62396,3,2023
2022010412582,-0.146519,51.477124,2,2022
2024010510683,-0.21829,51.45784,3,2024
2022010408817,-0.174508,51.523065,3,2022
2022010414346,-0.142091,51.515209,3,2022
2023010449915,-0.173734,51.522594,3,2023
2023010472825,-0.124228,51.514277,3,2023
2024010525095,-0.16477,51.50166,3,2024
2023421359535,0.054492,51.634077,3,2023
2024421406970,0.60156,51.52262,2,2024
2024421493123,0.25599,51.63376,2,2024
2022531234366,-2.402136,51.931331,2,2022
2024531473041,-1.96488,51.71479,3,2024
2023440501931,-0.780777,51.297363,3,2023
2023461327810,1.101472,51.26352,3,2023
2022041133143,-3.034065,53.751443,3,2022
2022041201325,-2.798251,54.055263,2,2022
2022332201001,-1.183202,52.595294,2,2022
2022361205354,1.726523,52.577811,3,2022
2022361241318,1.285407,52.628173,3,2022
2022361246381,1.293289,52.626461,2,2022
2023311327653,-1.296773,53.012063,3,2023
2022451157462,-0.530504,51.268862,3,2022
2022231201586,-1.629684,52.211585,3,2022
2022991235096,-3.160784,55.957417,3,2022
2023991352601,-3.102939,55.944192,2,2023
2023991328783,-3.028058,56.471994,2,2023
2023991392828,-2.984707,56.459695,3,2023
2024991513177,-2.97928,56.47774,3,2024
2024991443777,-4.25411,55.86437,3,2024
202260B178035,-3.752299,53.30902,2,2022
2022622200219,-3.163101,51.474254,3,2022
2022170S30862,-1.321343,54.522115,2,2022
2022070409051,-2.568469,53.408116,3,2022
2024041500779,-3.04843,53.81122,2,2024
2022161234731,-0.587084,53.477199,3,2022
2024161402407,-0.65605,53.59828,3,2024
2024122500505,-1.05171,53.9486,3,2024
2024311462677,-1.18741,52.94703,3,2024
2022221140271,-2.508294,52.696867,3,2022
2023221374335,-2.542615,52.712905,3,2023
2024522500430,-2.55329,51.45947,2,2024
2023501264778,-4.151535,50.38032,3,2023
2023351305825,-0.246076,52.565677,2,2023
2024351465324,-0.24825,52.58849,3,2024
2023461377974,0.58868,51.347976,3,2023
2022440435845,-1.35215,50.893383,3,2022
2022221185849,-3.037239,52.895672,2,2022
202454F171924,-1.81058,51.31121,3,2024
2023401278454,-0.518782,51.889802,2,2023
202234NNC3932,-0.475893,52.490639,3,2022
2024340NN4202,-0.68587,52.48819,3,2024
2024031488681,-3.13043,54.5816,3,2024
2024031401850,-2.73239,54.32445,2,2024
2023122400168,-1.536332,53.995446,3,2023
2024122400493,-0.42209,54.28375,3,2024
2023061349615,-2.215514,53.465921,3,2023
2024061483986,-2.23338,53.5179,2,2024
2022061183550,-2.044998,53.54889,2,2022
2023061279083,-2.352256,53.491357,3,2023
2023061322190,-2.235126,53.392376,2,2023
2023052301083,-2.929753,53.410029,3,2023
2023141392115,-1.071552,53.471527,2,2023
2024141467520,-1.46391,53.3597,3,2024
2023101381629,-1.466251,54.977637,3,2023
2024101488331,-1.48724,54.98338,3,2024
2022101181440,-1.368557,54.9347,2,2022
2022201276117,-1.864465,52.451155,3,2022
2023201357320,-2.002526,52.5997,3,2023
2022131168014,-1.846939,53.770584,3,2022
2022101204488,-1.574415,54.945057,2,2022
2024010492640,-0.17695,51.6491,2,2024
2023010479447,0.151859,51.491622,3,2023
2024010521592,-0.28676,51.55366,3,2024
2022010410948,-0.073086,51.398567,3,2022
2024010496890,-0.10659,51.36244,3,2024
2024010512106,-0.11346,51.3195,2,2024
2022010413926,-0.40945,51.53439,3,2022
2023010478651,-0.385697,51.50235,3,2023
2023010450040,-0.077215,51.530701,3,2023
2023010458980,-0.057695,51.540154,2,2023
2024010510700,-0.06356,51.57003,3,2024
2024010531566,-0.1447,51.57663,3,2024
2023010421232,-0.323847,51.599965,2,2023
2024010489698,-0.45121,51.53202,2,2024
2024010504922,-0.47786,51.51839,3,2024
2023010462563,-0.397424,51.474886,2,2023
2024010496872,-0.28395,51.49991,3,2024
2022010388979,-0.127212,51.570474,3,2022
2022010375325,-0.15514,51.490083,3,2022
2022010383022,-0.112962,51.504411,2,2022
2023010422107,-0.026577,51.468745,3,2023
2022010383814,-0.000976,51.546458,2,2022
2024010491589,-0.35823,51.44916,2,2024
2023010457414,-0.103585,51.493217,3,2023
2024010488424,-0.10838,51.48589,3,2024
2024010525214,-0.05688,51.48795,3,2024
2023010474031,-0.133579,51.383413,3,2023
2022010371832,-0.046293,51.521844,3,2022
2022010402452,-0.041639,51.533223,3,2022
2022010368399,-0.147775,51.451784,2,2022
2022010372708,-0.183698,51.510546,2,2022
2022351190027,0.223227,52.215124,3,2022
2024471489005,0.46058,50.84013,3,2024
2022421154830,0.818373,51.770473,2,2022
2022421198727,1.052466,51.945087,3,2022
2023421389164,1.131599,51.79867,2,2023
2022531230996,-2.161164,52.001856,3,2022
2023440271304,-1.511282,50.916441,3,2023
2024440294111,-1.03082,50.89522,3,2024
2022411217618,-0.462096,51.732924,3,2022
2024411524911,-0.21477,51.97488,3,2024
2023461315202,0.260156,51.143497,3,2023
2023461328306,1.319271,51.142791,2,2023
2024332400333,-1.38341,52.55169,2,2024
2024451491583,-0.1736,51.16984,2,2024
2022991208925,-3.92127,56.094007,2,2022
2023991321764,-2.005746,57.424393,2,2023
2023991391556,-4.005963,55.796194,2,2023
2024991441324,-3.97545,55.86307,3,2024
202460Q024368,-3.28607,53.30908,2,2024
2024622400092,-3.10068,51.52357,3,2024
2023622301006,-3.379367,51.684766,3,2023
2023610002323,-3.025484,51.644403,3,2023
2023161372780,-0.073823,53.560304,3,2023
2023302300259,-1.488066,52.924639,3,2023
2022221139295,-2.433048,52.678629,3,2022
2023501322517,-3.512308,50.387801,3,2023
2023421330333,0.325919,51.48043,3,2023
2023440448843,-1.092472,50.849757,3,2023
2023440506335,-1.062107,50.831037,3,2023
2023440165477,-1.391977,50.898723,3,2023
2024440143496,-1.3556,50.89467,3,2024
2024070654495,-2.49865,53.08441,3,2024
2022552201308,-2.428906,50.709853,2,2022
2024552401510,-2.47125,50.63019,3,2024
2023340WN2942,-1.079197,52.229469,2,2023
2024520403088,-3.00149,51.12882,3,2024
2022061236186,-2.448469,53.571966,3,2022
2024061509705,-2.50937,53.55689,1,2024
2023061325009,-2.214049,53.453331,2,2023
2023061337652,-2.237356,53.458042,3,2023
2023052301261,-2.836943,53.40365,3,2023
2023052302033,-2.99906,53.412552,3,2023
2024101496620,-1.602,55.00686,3,2024
2024101449040,-1.38403,54.92934,3,2024
2022201160629,-1.847338,52.53181,3,2022
2022201221285,-1.893044,52.486326,3,2022
2022201206211,-1.901329,52.508574,3,2022
2024201416694,-1.82974,52.48782,3,2024
2022201274813,-1.974344,52.594222,3,2022
2022131150405,-1.757295,53.790444,3,2022
2024131535293,-1.91937,53.88152,3,2024
2024131508628,-1.6378,53.70812,2,2024
2022131174244,-1.53414,53.848603,3,2022
2022131185003,-1.408358,53.705021,3,2022
2022131235340,-1.501442,53.648899,2,2022
2022010357863,0.175235,51.463358,3,2022
2024010535372,-0.12592,51.51834,3,2024
2023010429101,-0.100842,51.614913,3,2023
2023010467854,-0.065722,51.610644,3,2023
2024010504249,-0.07961,51.52726,3,2024
2024010551530,-0.13094,51.58699,3,2024
2022010364136,-0.300995,51.607163,3,2022
2023010446033,-0.284947,51.6088,3,2023
2022010364268,-0.256881,51.482872,3,2022
2022010410150,-0.356782,51.47105,3,2022
2023010448598,-0.19403,51.492343,3,2023
2022010362816,-0.113162,51.465018,2,2022
2024010522174,-0.02035,51.44372,3,2024
2022010355234,-0.174032,51.394302,2,2022
2024010542884,-0.18867,51.42481,2,2024
2023010468863,0.03212,51.544082,3,2023
2022010404067,-0.286485,51.467706,3,2022
2023010438860,-0.364889,51.44282,2,2023
2022010358006,-0.055168,51.498269,3,2022
2022010375408,-0.080519,51.458643,3,2022
2022010392518,-0.09865,51.471942,3,2022
2023010427828,-0.093249,51.492348,2,2023
2024010514464,-0.06584,51.48715,3,2024
2022010368278,-0.052529,51.510842,3,2022
2024010529826,-0.02602,51.506,3,2024
2024010515144,-0.00505,51.55287,3,2024
2023010420407,-0.183529,51.463692,3,2023
2023010438093,-0.157397,51.461243,3,2023
2024010487471,-0.19982,51.52371,3,2024
2024010494561,-0.12524,51.49462,3,2024
2024010532899,-0.13964,51.49357,2,2024
2024010539657,-0.15622,51.51,3,2024
2024351533935,0.14599,52.2278,3,2024
2022302200998,-1.509737,53.045825,2,2022
2022302201566,-1.274173,52.893105,2,2022
2023421359997,0.90369,51.888524,3,2023
2023440268077,-1.416707,50.851908,2,2023
2024440147453,-1.49616,51.21102,2,2024
2022411210366,-0.372347,51.665795,3,2022
2023411427552,-0.398602,51.663863,3,2023
2023461377162,1.076273,51.292978,2,2023
2024461428092,0.35249,51.43117,3,2024
2022041204433,-2.439555,53.875098,3,2022
2022041277338,-2.890288,54.058832,2,2022
2024041496677,-2.24741,53.78512,3,2024
2023332300116,-1.038501,52.737824,3,2023
2022320606404,-0.559329,53.200865,3,2022
2023320298011,-0.541441,53.229863,3,2023
2022311252320,-0.80467,53.071774,3,2022
2023311344135,-1.263448,53.133558,2,2023
2024311533722,-1.26654,53.13092,3,2024
2022231215675,-1.707167,52.500009,2,2022
2023471369141,-0.420905,50.823133,3,2023
2023991266423,-3.191445,55.939818,3,2023
2022991192013,-4.387985,55.876762,2,2022
2024622400471,-3.91919,51.63976,2,2024
2024610052824,-3.19241,51.80706,2,2024
2022161167673,-0.367713,53.786809,3,2022
2023161351241,-0.097909,53.549794,3,2023
2022332200008,-1.106715,52.625039,3,2022
2024332400273,-1.10531,52.63955,3,2024
2022311225545,-1.145197,52.954338,3,2022
2024311397054,-1.19108,52.89979,3,2024
2024221428269,-2.51306,52.70959,2,2024
2024522402431,-2.58702,51.45544,3,2024
2022522204508,-2.588261,51.521492,3,2022
2023541111123,-1.733019,51.556814,3,2023
2022351262410,-0.433132,52.6083,2,2022
2022401253026,-0.403793,51.892273,3,2022
2023401353954,-0.433823,51.864928,3,2023
2023421263405,0.704221,51.549361,3,2023
2023430015916,-0.731313,51.41361,2,2023
2022471157445,-0.126035,50.831702,2,2022
2024070248941,-2.88646,53.21464,3,2024
2023552300921,-1.79713,50.721717,3,2023
2024552400880,-1.97845,50.73355,3,2024
2022430049827,-0.810129,51.814659,2,2022
2024430230444,-0.89946,51.65984,3,2024
2022031176234,-3.559307,54.454253,3,2022
2022031179223,-3.103924,54.163424,2,2022
2024501484764,-3.02989,50.74917,3,2024
2024501447105,-3.49165,50.71896,3,2024
2024471508665,0.47714,50.84101,2,2024
2022440147189,-0.804376,51.070441,3,2022
2023440003096,-1.775717,50.850982,3,2023
2023411363731,-0.282988,51.648067,2,2023
2023411421968,-0.402118,51.655567,3,2023
2024461488170,0.1349,51.27914,3,2024
2024461527975,1.16848,51.08341,2,2024
2022461143420,1.41735,51.35658,3,2022
2024041487537,-2.30723,53.7957,3,2024
2022320726200,-0.536539,53.228203,3,2022
2023311369797,-1.254054,53.140871,3,2023
2023311344060,-1.132519,52.990555,2,2023
2024430369216,-1.27228,51.75716,3,2024
2022471240822,-0.234002,50.84041,3,2022
2023471326946,-0.459191,50.837971,2,2023
2024471406002,-0.3328,51.06252,3,2024
2024061475991,-2.5237,53.55204,3,2024
2024061466676,-2.2599,53.5016,3,2024
2024061448058,-2.15075,53.48428,3,2024
2022052200953,-2.678042,53.49228,2,2022
2023052300228,-2.626042,53.440106,3,2023
2023141311245,-1.475372,53.575964,3,2023
2023141327090,-1.263504,53.421754,3,2023
2024101491949,-1.57906,54.97395,3,2024
2022201265929,-1.787241,52.473112,3,2022
2022201273835,-1.830722,52.471222,2,2022
2022201248200,-1.896834,52.496434,3,2022
2022201275465,-1.936651,52.443232,3,2022
2023201321835,-1.838505,52.512622,2,2023
2023201340147,-1.91193,52.505004,3,2023
2024201418433,-1.89303,52.48569,3,2024
2024201467379,-1.82137,52.45826,3,2024
2023201384045,-1.980698,52.579723,3,2023
2022201256151,-2.144281,52.596609,3,2022
2023201449676,-2.074328,52.567394,2,2023
2023131342569,-1.805738,53.7957,3,2023
2022131183011,-1.577462,53.797046,3,2022
2023101359241,-1.582732,54.93485,2,2023
2023010428486,-0.262086,51.606117,3,2023
2024010496641,-0.25459,51.59965,3,2024
2022010388842,-0.248316,51.535754,3,2022
2024010493527,-0.10793,51.39586,2,2024
2023010440204,-0.052617,51.635066,3,2023
2024010510567,-0.0635,51.65017,3,2024
2024010491198,0.08998,51.48809,3,2024
2022010354438,-0.050463,51.548748,3,2022
2022010400422,-0.056624,51.559884,3,2022
2022010386873,-0.239509,51.506505,3,2022
2023010481184,-0.237481,51.500063,3,2023
2024010519347,-0.2106,51.49784,3,2024
2022010383048,-0.425917,51.51723,3,2022
2022010358551,-0.109584,51.541118,3,2022
2023010455215,-0.106894,51.522182,3,2023
2024010521965,-0.12207,51.56711,3,2024
2022010370349,-0.293002,51.419206,2,2022
2023010444914,-0.140074,51.406466,3,2023
2024010492970,0.07197,51.54946,3,2024
2024010495974,0.07435,51.55113,3,2024
2024010516414,0.10422,51.56546,3,2024
2022010364592,-0.104031,51.498089,3,2022
2023010419851,-0.064947,51.483405,2,2023
2024010511621,-0.07581,51.50222,2,2024
2022010384039,-0.201193,51.456744,2,2022
2024010505889,-0.1893,51.44699,3,2024
2024010524478,-0.15971,51.43559,3,2024
2022991204024,-3.150383,55.955061,3,2022
2022991155949,-4.409788,55.857858,3,2022
2023991329983,-3.192557,56.06395,2,2023
2024991521022,-4.26093,55.87226,3,2024
2023991392121,-4.110081,55.899753,2,2023
202260B070763,-4.240754,53.271522,3,2022
202360A076767,-3.147469,52.980159,3,2023
202260B156272,-3.136177,53.17339,3,2022
202360A061777,-2.99667,53.047655,3,2023
2023622300158,-3.16294,51.483778,3,2023
2022622200337,-3.419521,51.569443,3,2022
2022610018922,-2.886452,51.776854,1,2022
2024041433977,-3.01953,53.80684,2,2024
2023161323273,-0.018657,53.5524,3,2023
2024122401261,-1.12131,53.96643,3,2024
2023332301242,-1.176191,52.618826,3,2023
2023311383307,-1.184306,52.939789,3,2023
2024211431656,-2.12186,52.98305,3,2024
2024520000158,-2.38952,51.36733,2,2024
2024522500275,-2.5733,51.44927,3,2024
20225222NS585,-2.979251,51.350074,2,2022
2023501284896,-3.587491,50.424627,2,2023
2024542737324,-1.77736,51.55386,3,2024
2024547272324,-1.75563,51.53975,3,2024
2022430546048,-0.758456,51.4181,3,2022
2022440378381,-1.080181,50.813087,3,2022
2023440227468,-1.037538,50.789066,3,2023
2022111170813,-1.555033,54.689456,2,2022
2024111471910,-1.84042,54.85687,2,2024
2023501347998,-4.2557,50.447369,3,2023
2022549827622,-2.210766,51.314631,3,2022
2023401407494,-0.466888,52.139262,3,2023
2022101136129,-1.604146,55.158668,2,2022
2022552200126,-1.888894,50.717956,3,2022
2022430175888,-0.780415,51.755631,2,2022
2023430434397,-1.028008,52.014016,3,2023
2023340NN1902,-0.576968,52.359824,2,2023
2023340NN2432,-0.742733,52.407978,3,2023
202234WNC4992,-1.205474,52.324067,3,2022
2024061539244,-2.4347,53.57915,2,2024
2022061210314,-2.267851,53.407389,3,2022
2024061399475,-2.22875,53.43132,3,2024
2024061502945,-2.16681,53.52154,2,2024
2023052300546,-2.943741,53.403761,3,2023
2024052400607,-2.96108,53.46504,3,2024
2023141297063,-1.167773,53.537106,3,2023
2024141491482,-1.1689,53.53737,2,2024
2024141515219,-1.17549,53.50047,3,2024
2023141339608,-1.480837,53.419327,2,2023
2024141448755,-1.49656,53.40042,3,2024
2023101259499,-1.628464,54.983623,2,2023
2023101274596,-1.538259,54.984608,3,2023
2022101243224,-1.432157,54.96128,2,2022
2024101447202,-1.44271,54.91664,3,2024
2024201440096,-1.86567,52.47254,3,2024
2024201466595,-1.9158,52.53611,3,2024
2022201259972,-1.493897,52.43546,3,2022
2024201396784,-1.58025,52.40641,3,2024
2022201265769,-2.088962,52.515458,3,2022
2023201303858,-1.999279,52.50029,3,2023
2024201458396,-2.08847,52.56996,3,2024
2022131235882,-1.761618,53.646122,3,2022
2024131496016,-1.57409,53.81813,3,2024
2024131497912,-1.53594,53.79831,3,2024
2023101341203,-1.585216,54.964918,2,2023
2023481359391,-0.104347,51.512006,3,2023
2022010355635,0.100939,51.425882,2,2022
2022010385449,-0.199782,51.543409,3,2022
2022010376348,-0.076231,51.542411,3,2022
2022010406013,-0.0781,51.546326,2,2022
2023010482826,-0.207567,51.470771,3,2023
2022010356364,-0.111448,51.600553,3,2022
2023010480338,-0.030751,51.475794,3,2023
2024010537426,0.04943,51.5452,3,2024
2024010522127,0.10152,51.56501,3,2024
2022010386450,-0.073436,51.496233,3,2022
2024010520193,-0.22723,51.37163,3,2024
2024010547043,-0.21664,51.35872,2,2024
2023010485247,-0.016238,51.517878,2,2023
2022010401752,-0.162583,51.526359,3,2022
2022010403521,-0.137189,51.508872,3,2022
2023010463231,-0.131623,51.489603,3,2023
2023010471839,-0.198794,51.523503,3,2023
2024010512718,-0.13387,51.5108,2,2024
2022302201178,-1.486682,53.03157,3,2022
2022302201924,-1.214235,53.203584,2,2022
2022302202152,-1.305152,52.984057,3,2022
2022471251908,0.671577,50.917428,2,2022
2022421154556,0.604813,51.518479,3,2022
2023421275602,0.83347,51.884301,3,2023
2023421370010,0.610984,51.645636,3,2023
2022531146374,-1.70348,51.990427,3,2022
2024531460780,-2.08258,51.89459,3,2024
2023440331489,-1.295671,51.065009,3,2023
2024411520033,0.151,51.87264,3,2024
2023461354910,1.383821,51.381157,3,2023
2023461394129,1.074516,51.275277,3,2023
2023041375904,-2.403079,53.822637,2,2023
2022320095186,-0.542218,53.225513,3,2022
2023361336238,1.284916,52.660464,3,2023
2022430024088,-1.257759,51.595557,3,2022
2024430194626,-1.25172,51.75503,3,2024
2023211366121,-2.041018,53.071565,2,2023
2022371248403,1.315365,52.095794,3,2022
2023371374993,1.192716,52.051667,3,2023
2024371507331,0.52634,52.40732,3,2024
2022451189262,-0.578531,51.239393,2,2022
2024451530095,-0.04334,51.32545,3,2024
2022231216973,-1.465723,52.533202,3,2022
2024231462613,-1.55108,52.57174,2,2024
2023471357827,-0.375134,50.822217,3,2023
2022221229717,-2.16466,52.275063,3,2022
2023221281758,-2.242217,52.389815,3,2023
2024991408679,-4.29167,55.80535,3,2024
2024991409977,-4.04926,55.75395,2,2024
2023991318719,-3.20846,55.970535,3,2023
2023991314415,-3.37366,56.433689,3,2023
2023991367456,-4.32718,55.870548,3,2023
2024991480233,-4.21528,55.85839,3,2024
2022610058222,-2.963001,51.586163,3,2022
2022170H10692,-1.239737,54.699194,3,2022
2022111148174,-1.540022,54.521328,3,2022
2023161260782,-0.070561,53.558984,2,2023
2022311154438,-1.142859,52.944604,3,2022
2024311499606,-1.22833,52.96434,3,2024
2022522202381,-2.542429,51.465812,3,2022
2022461239623,0.53177,51.375932,3,2022
2022461192228,0.542298,51.373752,3,2022
2023430445296,-0.595671,51.518566,2,2023
2024070594652,-2.80171,53.20541,3,2024
2023552400074,-1.906022,50.723708,3,2023
2023031364007,-3.517737,54.520539,3,2023
2022122300273,-1.059086,53.782586,3,2022
2023520300556,-2.31833,51.233291,3,2023
2024520401078,-3.10622,51.01193,3,2024
2023061333382,-2.494454,53.523032,3,2023
2024061478779,-2.57647,53.53686,2,2024
2022052200290,-2.879333,53.415453,2,2022
2022052200677,-2.975062,53.405281,3,2022
2022052201478,-3.1128,53.401047,3,2022
2023141266690,-1.464259,53.38311,3,2023
2022101153457,-1.651257,54.975217,3,2022
2022201208033,-1.970359,52.415996,2,2022
2022201273736,-1.886349,52.455511,3,2022
2024201504342,-1.91641,52.48939,2,2024
2022201261582,-1.528296,52.408488,2,2022
2023201319055,-1.518145,52.449703,3,2023
2022201259319,-2.062787,52.471739,3,2022
2024131405734,-1.7762,53.80386,3,2024
2024131452684,-1.58839,53.7975,2,2024
2024131525428,-1.64371,53.81061,3,2024
2023010449358,0.104829,51.528294,3,2023
2022010386106,-0.176719,51.615604,2,2022
2023010422784,-0.038631,51.408544,2,2023
2024010488649,-0.07421,51.3797,3,2024
2023010464682,-0.389509,51.513175,3,2023
2024010541659,-0.06295,51.66121,3,2024
2023010446403,-0.068727,51.554104,3,2023
2024010514903,-0.09383,51.52883,3,2024
2024010524090,-0.05212,51.54674,3,2024
2024010540329,-0.0779,51.52879,3,2024
2022010407144,0.223243,51.602306,2,2022
2023010474430,-0.331637,51.460525,3,2023
2024010521045,-0.10714,51.53283,3,2024
2022010414125,-0.111722,51.461883,3,2022
2022010360730,-0.045884,51.481227,3,2022
2022010407134,0.117248,51.582468,3,2022
2022010374224,-0.071316,51.47342,3,2022
2023010428998,-0.08835,51.506162,3,2023
2023010473644,-0.087513,51.478298,2,2023
2023010461835,-0.027984,51.512231,2,2023
2023010484275,-0.020608,51.586925,3,2023
2022010415833,-0.187708,51.46177,3,2022
2022010362986,-0.125752,51.508411,3,2022
2023010422337,-0.159027,51.513381,3,2023
2023010452257,-0.173115,51.533366,3,2023
2023010459068,-0.150908,51.488245,2,2023
2023010460637,-0.17308,51.523078,3,2023
2022351236915,0.111571,52.219648,3,2022
2022031170630,-3.507565,54.518698,2,2022
2022302202148,-1.274938,52.894512,3,2022
2023302301201,-1.555252,52.76638,3,2023
2024302400302,-1.90313,53.24484,1,2024
2022501171276,-3.504589,50.538428,3,2022
2022501227827,-3.381792,50.625487,3,2022
2024421431561,0.92201,51.89157,3,2024
2022440446099,-0.842446,51.281111,2,2022
2024440050509,-1.17059,50.80558,3,2024
2023411286531,-0.297121,51.946509,3,2023
2022461194721,0.398143,51.284618,2,2022
2023461297267,0.369512,51.417548,3,2023
2023041265092,-2.701927,53.757938,3,2023
2023041377302,-2.765182,53.539366,3,2023
2023320433192,-0.140125,52.79509,3,2023
2024311480988,-1.28233,53.14335,3,2024
2022451142144,-0.267138,51.331797,3,2022
2024451493688,-0.25611,51.34999,3,2024
2022471170772,-0.80759,50.853912,3,2022
2023471329070,-0.187116,51.130827,3,2023
2022991140295,-3.528185,58.590573,2,2022
2024991408453,-2.08618,57.15788,2,2024
2022991196288,-4.289719,55.895374,3,2022
2023991379162,-4.251896,55.861785,2,2023
2024041480663,-2.51003,53.73188,2,2024
2022041233538,-3.033759,53.870416,3,2022
2023041374321,-3.000776,53.799256,3,2023
2024161498243,-0.10763,53.55685,3,2024
2022122200908,-1.131281,53.961753,3,2022
2024332400433,-1.10771,52.63938,3,2024
2023221295246,-2.711124,52.0545,3,2023
2024221397269,-2.72094,52.05387,3,2024
2022522200520,-2.615376,51.470478,3,2022
2022522300311,-2.553557,51.413527,3,2022
2024522402072,-2.59005,51.45062,3,2024
2022401239621,-0.4408,51.889541,2,2022
2024401538227,-0.44089,51.88956,3,2024
2023421335476,0.696186,51.558387,2,2023
2022471138592,-0.183744,50.833262,3,2022
2023471287198,-0.214068,50.833136,3,2023
2022440022051,-1.071907,50.834524,3,2022
2024440202248,-1.37661,50.90178,3,2024
2024440358055,-1.27828,50.75377,3,2024
2023070238789,-2.479911,53.100133,3,2023
2022070454985,-3.082521,53.296072,3,2022
2023501289517,-5.167015,50.212169,2,2023
2022552200862,-1.991506,50.713799,3,2022
2022552200964,-2.437697,50.552626,3,2022
2022430275954,-0.584713,51.868018,3,2022
2022061260374,-2.286111,53.532548,2,2022
2024061508656,-2.52276,53.50425,2,2024
2024052401364,-2.88552,53.48428,2,2024
2022052200416,-2.982105,53.423704,3,2022
2024052401023,-2.89555,53.44126,2,2024
2024052401169,-2.7233,53.4722,3,2024
2022052203152,-3.002464,53.457486,3,2022
2024141507762,-1.40952,53.38637,2,2024
2024101398274,-1.6473,54.96871,3,2024
2023201377931,-1.899602,52.471345,3,2023
2024201407181,-1.82678,52.53668,2,2024
2024201491480,-1.83051,52.44591,3,2024
2023201385943,-1.74987,52.479583,2,2023
2024201470946,-2.10699,52.58396,3,2024
2023131349763,-1.778476,53.815184,2,2023
2024131428756,-1.75895,53.778,3,2024
2024131518951,-1.51312,53.79072,3,2024
2024131427339,-1.52411,53.67805,2,2024
2024481561738,-0.09273,51.51266,3,2024
2022010388998,0.142557,51.567539,2,2022
2023010482625,-0.306401,51.562397,2,2023
2022010388633,-0.093632,51.38295,3,2022
2024010504410,-0.29194,51.51052,3,2024
2024010492115,-0.02136,51.47421,3,2024
2024010544693,0.06106,51.49326,3,2024
2022010369387,-0.077036,51.548629,3,2022
2024010548694,-0.23189,51.50642,3,2024
2023010441188,-0.346184,51.587243,3,2023
2024010503025,-0.36259,51.58424,3,2024
2024010536894,-0.28328,51.58823,3,2024
2023010489311,0.252485,51.556469,3,2023
2023010447899,-0.098367,51.523402,3,2023
2023010462038,-0.18626,51.482673,3,2023
2023010476564,-0.261911,51.399775,2,2023
2023010486179,-0.304276,51.418066,2,2023
2024010490910,-0.2695,51.40206,3,2024
2023010432417,-0.351164,51.43556,2,2023
2024010517905,-0.24214,51.46517,3,2024
2024010492546,-0.0968,51.49462,2,2024
2024010508078,-0.06413,51.51114,3,2024
2022010361981,-0.159693,51.435669,3,2022
2023010422925,-0.180947,51.464893,3,2023
2022351229932,0.177349,52.259123,3,2022
2024351466049,0.14782,52.35701,3,2024
2023302301370,-1.872807,53.225656,3,2023
2024440207456,-1.30402,51.09458,2,2024
2024411498138,-0.27956,51.65395,3,2024
2022461261454,0.44766,51.31016,3,2022
2024461443928,0.38767,51.43705,3,2024
2022041130850,-2.669155,53.721975,3,2022
2022041135941,-2.678591,53.764023,2,2022
2022041203129,-2.859933,54.071429,3,2022
2023041344416,-2.714194,53.751439,3,2023
2023332301069,-1.503819,52.709443,3,2023
2022320360813,-0.482847,52.65559,3,2022
2022311169677,-1.112208,53.006847,2,2022
2022430329586,-1.274323,51.586165,2,2022
2023371342810,1.193238,52.035275,2,2023
2022451199339,-0.609193,51.322788,3,2022
2024451420353,-0.27568,51.33415,3,2024
2024451458522,-0.34405,51.29284,3,2024
2022471142455,-0.178869,51.114116,2,2022
2022471146695,-0.537614,50.805328,3,2022
2022471156964,-0.534077,50.820814,3,2022
2023471332151,-0.144074,51.148471,3,2023
2024471407605,-0.37181,50.81567,2,2024
2024471513650,-0.78846,50.8366,3,2024
2023991339681,-3.205475,55.945666,3,2023
2022991183043,-3.686238,55.866246,3,2022
2024610039524,-3.00289,51.58715,2,2024
2023070902640,-2.573716,53.40899,3,2023
2024041423716,-2.45492,53.73413,2,2024
2023161351090,-0.353896,53.750044,3,2023
2024122500005,-1.07894,53.96952,3,2024
2022302201402,-1.446109,52.905601,3,2022
2024332400914,-1.09759,52.65232,2,2024
2022522300306,-2.351357,51.385193,2,2022
2023545492423,-1.796721,51.588016,3,2023
2022421183938,0.768648,51.525886,3,2022
2024440191265,-1.10061,50.85034,3,2024
2023111279740,-1.707382,54.866414,3,2023
2022070369107,-2.524871,53.256136,3,2022
2024070886215,-2.58448,53.26037,2,2024
2022221210461,-2.680847,52.661867,2,2022
2024221471529,-2.75949,52.79636,2,2024
2022501222636,-5.098298,50.264509,2,2022
202254A440222,-2.138155,51.354312,3,2022
202354B541823,-2.197264,51.20071,3,2023
2022101194527,-1.57132,55.184419,3,2022
2023552300204,-1.875091,50.810997,3,2023
2024340NN2842,-0.68172,52.2905,2,2024
2022340WNC352,-0.813608,52.25871,2,2022
2024340WN6032,-1.16571,52.26409,3,2024
2023520400994,-3.013879,51.13609,3,2023
2024061518402,-2.24503,53.45342,2,2024
2022052200990,-2.940245,53.41712,3,2022
2022052203247,-2.971263,53.43857,3,2022
2023052301136,-2.870022,53.427351,2,2023
2023052301329,-2.987205,53.430125,3,2023
2023141313053,-1.067912,53.554455,3,2023
2023141379583,-1.155677,53.567978,3,2023
2022101188948,-1.652684,55.019837,3,2022
2022201144756,-1.771393,52.451731,1,2022
2023201279757,-1.815242,52.462586,2,2023
2024201451163,-1.5702,52.42295,3,2024
2022201255716,-2.039796,52.541044,3,2022
2023201298967,-1.867102,52.406001,3,2023
2023201339228,-2.031825,52.568447,2,2023
2023201277467,-2.152058,52.591259,3,2023
2023201287727,-2.158578,52.569541,3,2023
2023201400598,-2.091262,52.601301,3,2023
2023131273215,-1.961814,53.896084,3,2023
2024131475124,-1.79217,53.71541,3,2024
2023131291469,-1.793154,53.634559,2,2023
2022131177374,-1.540892,53.784355,3,2022
2022131215181,-1.567924,53.778308,3,2022
2023131360329,-1.523986,53.811038,2,2023
2024131472215,-1.49062,53.82587,2,2024
2024131480256,-1.51518,53.79014,3,2024
2023131284405,-1.486054,53.682666,3,2023
2022101211189,-1.585748,54.958836,2,2022
2022481290760,-0.107539,51.51114,2,2022
2024010510046,0.1483,51.48426,2,2024
2024010508579,-0.20167,51.54497,3,2024
2024010549985,-0.24722,51.54917,2,2024
2023010473818,0.099901,51.377186,3,2023
2024010548917,-0.06048,51.40434,3,2024
2023010423645,-0.175011,51.544007,3,2023
2022010382101,-0.111934,51.405818,3,2022
2023010432445,-0.118638,51.410979,3,2023
2024010533319,-0.35277,51.52614,2,2024
2024010514692,-0.05384,51.6491,2,2024
2024010529904,-0.106,51.6212,1,2024
2024010539425,0.01791,51.47576,3,2024
2022010411004,-0.037748,51.549264,2,2022
2023010456211,-0.087229,51.56455,3,2023
2023010465420,-0.062133,51.537853,2,2023
2024010530550,-0.07255,51.57314,3,2024
2023010445270,-0.348293,51.594359,3,2023
2022010392142,-0.391198,51.442276,2,2022
2023010486766,-0.379385,51.43616,3,2023
2022010392352,-0.200357,51.49262,2,2022
2024010549096,-0.16948,51.49644,3,2024
2024010520187,-0.13541,51.47203,2,2024
2022010410959,0.021726,51.431529,3,2022
2022010400589,0.050644,51.541008,3,2022
2023010480749,-0.01458,51.529153,3,2023
2024010550718,-0.06467,51.52668,3,2024
2023010445097,-0.156262,51.439041,3,2023
2023010470058,-0.174036,51.450137,3,2023
2023010462071,-0.172295,51.506682,3,2023
2023351328195,0.23821,52.21904,3,2023
2024471535729,0.60926,50.87352,3,2024
2022421186096,0.635366,51.602435,3,2022
2024421402682,0.08233,51.64496,3,2024
2024531512418,-2.07538,51.9038,3,2024
2024440527632,-0.95631,51.2637,3,2024
2022411183561,-0.457548,51.760164,3,2022
2023411331051,-0.026895,51.691631,3,2023
2023461369508,0.803564,51.106021,2,2023
2024461505956,0.9462,51.01583,2,2024
2023041322568,-2.205663,53.835587,3,2023
2023361370724,1.285328,52.632051,3,2023
2024371410735,1.74291,52.47075,2,2024
2022451179847,-0.744922,51.333529,3,2022
2022451225440,-0.07665,51.303958,2,2022
2023451341148,-0.33021,51.381668,3,2023
2023471375590,-0.255425,50.84182,3,2023
2024471466199,-0.73143,51.00075,2,2024
2024991395288,-2.96857,56.45931,3,2024
2024991399679,-4.26282,55.84278,2,2024
2023622300616,-3.185186,51.488051,3,2023
2022070579443,-2.521713,53.453282,3,2022
2024041483606,-2.4885,53.75857,3,2024
2022041194610,-3.055563,53.810993,3,2022
2024041409553,-3.03561,53.81465,3,2024
2023161359003,-0.434654,53.720733,3,2023
2024161464997,-0.19582,53.73928,3,2024
2023332300166,-1.136968,52.60036,2,2023
2022522202720,-2.548603,51.464515,3,2022
2023540798023,-1.810929,51.583472,3,2023
2022351211886,-0.234607,52.578292,2,2022
2024421468315,0.66716,51.56857,3,2024
2023440412013,-1.06601,50.791248,3,2023
2024440366373,-1.39592,50.93945,3,2024
2023221321668,-2.274977,52.633838,3,2023
2022501141962,-5.049062,50.260468,3,2022
2022501207444,-5.191852,50.253239,2,2022
2024501453217,-4.38472,50.36446,2,2024
2022544615622,-2.201097,51.511439,2,2022
2023101326664,-1.526271,55.118861,3,2023
2024552400293,-2.16024,50.86166,2,2024
20225222SS431,-2.999031,50.902098,3,2022
2022061259516,-2.40574,53.580505,3,2022
2024061527000,-2.28485,53.53401,2,2024
2022061214378,-2.232022,53.429999,2,2022
2024061404144,-2.19943,53.54966,3,2024
2024061464394,-2.67206,53.54958,3,2024
2023052301697,-2.858755,53.429859,3,2023
2024052401882,-2.98567,53.40731,3,2024
2024052400078,-2.69875,53.45156,3,2024
2022141199229,-1.250419,53.488944,2,2022
2023141317438,-1.090848,53.532996,2,2023
2022141166788,-1.341119,53.43355,3,2022
2022141173693,-1.50605,53.366518,3,2022
2022141215425,-1.423355,53.343873,2,2022
2024101523645,-1.66193,54.98926,3,2024
2022101203555,-1.420659,54.973421,3,2022
2022201224853,-1.937388,52.442549,3,2022
2022201262902,-1.877442,52.451789,3,2022
2023201316368,-1.825817,52.557725,3,2023
2023201311021,-1.863024,52.446136,3,2023
2023201405820,-1.940482,52.504429,3,2023
2023201389312,-1.821042,52.563822,3,2023
2024201499521,-1.97516,52.42999,3,2024
2022201150113,-1.810008,52.427004,2,2022
2023131333354,-1.814885,53.818023,3,2023
2022131203812,-1.631367,53.695344,3,2022
2022131187899,-1.529097,53.80358,3,2022
2024131398712,-1.59086,53.78186,3,2024
2024010526757,0.11229,51.53658,3,2024
2023010432753,0.133683,51.445093,3,2023
2024010491890,0.19587,51.45616,3,2024
2022010385733,-0.256934,51.541143,2,2022
2022010417904,-0.141492,51.539821,2,2022
2024010502981,-0.17775,51.54541,3,2024
2024010514152,-0.17065,51.53916,3,2024
2024010542570,-0.08178,51.41744,3,2024
2024010539420,-0.061,51.6207,3,2024
2023010454831,-0.070655,51.531042,3,2023
2023010423696,-0.188629,51.474868,2,2023
2022010359358,-0.106514,51.584143,3,2022
2023010466482,-0.104139,51.594032,3,2023
2022010370510,-0.114151,51.554123,3,2022
2022010417731,-0.107729,51.565305,3,2022
2023010472735,-0.091262,51.526802,3,2023
2024010488852,-0.20648,51.51245,3,2024
2023010444130,-0.124923,51.415882,3,2023
2024010548284,-0.11277,51.47356,3,2024
2024010546472,0.02104,51.54137,3,2024
2023010476132,0.084492,51.594979,2,2023
2022010382547,-0.061379,51.498579,3,2022
2022010397840,-0.0654,51.463844,3,2022
2022010380329,-0.16393,51.432264,2,2022
2023010444669,-0.154673,51.441345,3,2023
2024010518936,-0.13717,51.47395,3,2024
2024010500275,-0.1452,51.52377,3,2024
2024010507952,-0.14573,51.5221,3,2024
2022351176258,0.136242,52.204745,3,2022
2024351537230,0.12812,52.22559,2,2024
2023302300664,-1.305005,52.966275,2,2023
2024501486766,-3.53269,50.71575,2,2024
2024440478986,-1.49082,50.91338,2,2024
2022411212138,-0.102444,51.854196,3,2022
2024461409593,0.26207,51.15102,2,2024
2022361190672,1.730082,52.60266,3,2022
2023451288392,-0.579463,51.226815,3,2023
2024451464458,-0.21157,51.31712,3,2024
2024451514492,-0.72682,51.08791,3,2024
2023471285453,-0.773292,50.836129,3,2023
2023991359767,-3.583008,55.092921,2,2023
2024991497455,-2.81039,55.95396,3,2024
2024991536052,-3.29135,55.94293,1,2024
2022991230782,-4.428257,55.910523,2,2022
2023991292814,-4.234309,55.861647,2,2023
2024991525569,-4.24806,55.82971,3,2024
202260B027558,-4.566534,52.927139,3,2022
202260B174189,-3.055719,53.188738,3,2022
2024610029924,-2.87766,51.75757,3,2024
2022161269781,-0.419986,53.83863,3,2022
2023161271153,-0.197719,54.083253,2,2023
2024161525204,-0.08535,53.56414,2,2024
2023122300724,-1.073918,53.968964,3,2023
2023332300390,-0.735303,52.67398,3,2023
2022501169108,-4.136031,50.371477,2,2022
2023501339128,-4.112575,50.379757,3,2023
2023501371846,-4.149946,50.417631,3,2023
2023421350166,0.326251,51.478463,3,2023
2022471206330,-0.13459,50.82691,2,2022
2023471263341,-0.136691,50.821926,3,2023
2024471420842,-0.16571,50.8241,2,2024
2022440230317,-1.082288,50.807699,3,2022
2023070711843,-2.11842,53.180244,3,2023
2022501228881,-5.340778,50.107592,3,2022
202254A484322,-2.150241,51.361167,3,2022
2023540332023,-1.761282,51.176778,3,2023
202354D180723,-2.117083,51.368776,3,2023
2022101145010,-1.588914,55.330293,3,2022
2022552200740,-1.866275,50.722033,3,2022
2022552201518,-1.879172,50.741929,3,2022
2022552201338,-2.443609,50.645563,3,2022
2024520402871,-3.00014,51.11814,3,2024
2022061160239,-2.21337,53.435013,3,2022
2022061191526,-2.244021,53.511986,2,2022
2024061469873,-2.24461,53.48315,3,2024
2022061187783,-2.401632,53.527946,2,2022
2023061299566,-2.324902,53.523137,3,2023
2024061467120,-2.13421,53.47856,2,2024
2023061264961,-2.611978,53.528851,3,2023
2024052400507,-2.88079,53.41584,3,2024
2022052202159,-2.960904,53.431823,2,2022
2022052200580,-3.035979,53.479942,3,2022
2024141505614,-1.39109,53.44394,3,2024
2023141371788,-1.496139,53.3748,3,2023
2024101429356,-1.46326,55.0202,3,2024
2023101345819,-1.517156,54.909634,3,2023
2022201175346,-1.874116,52.472651,3,2022
2022201202615,-1.898252,52.482078,3,2022
2023201314038,-1.888767,52.482906,3,2023
2024201469242,-1.89357,52.48187,3,2024
2023131342487,-1.692101,53.746891,3,2023
2024131543541,-1.45384,53.74984,2,2024
2022131180915,-1.364262,53.71497,3,2022
2024131407242,-1.52139,53.69753,3,2024
2022101139344,-1.6004,54.964708,3,2022
2022010405438,-0.191009,51.553706,3,2022
2023010461904,-0.119558,51.516405,2,2023
2024010517178,-0.12131,51.52006,3,2024
2022010378348,-0.112715,51.391019,3,2022
2023010430922,-0.070733,51.642002,3,2023
2024010500471,-0.12808,51.63158,3,2024
2024010521254,-0.06311,51.61947,3,2024
2024010497051,0.06743,51.48921,3,2024
2022010408044,-0.217885,51.480514,3,2022
2023010447205,-0.426364,51.435181,3,2023
2024010544562,-0.19452,51.50647,3,2024
2022010398413,-0.281203,51.379458,3,2022
2022010379517,-0.132697,51.463649,3,2022
2022010403483,-0.130421,51.464755,3,2022
2023010453643,-0.113163,51.481061,2,2023
2024010487533,0.04866,51.54847,3,2024
2022010402318,0.117593,51.603541,3,2022
2022010379880,-0.103777,51.500747,2,2022
2023010461127,-0.170891,51.375368,3,2023
2024010545072,-0.02991,51.51726,2,2024
2022010360215,-0.03604,51.598973,3,2022
2023010474740,0.010064,51.633911,3,2023
2022010396640,-0.158287,51.442373,2,2022
2022010416776,-0.141817,51.508838,3,2022
2022302200181,-1.299543,52.90711,2,2022
2022302200605,-1.425385,53.234111,3,2022
2023501304774,-3.536213,50.719665,2,2023
2022421149470,0.125556,51.763951,2,2022
2023421312764,1.244236,51.831294,3,2023
2023531375185,-2.058917,51.944474,3,2023
2022440439811,-0.966254,51.221761,3,2022
2023440305600,-1.502192,50.903094,2,2023
2022411210649,-0.343059,51.766564,2,2022
2024411515691,-0.39197,51.68441,3,2024
2023461392674,0.388315,51.411833,3,2023
2024461451768,1.30052,51.13788,3,2024
2023041326141,-2.240564,53.803291,2,2023
2024041448718,-2.17126,53.66458,3,2024
2024041493032,-2.34603,53.90442,2,2024
2024332400012,-1.36506,52.72244,2,2024
2022320389993,-0.00385,53.367094,3,2022
2024320518473,-0.29531,52.97845,3,2024
2024361408855,1.29593,52.62971,3,2024
2023430565851,-1.2595,51.756468,3,2023
2022211248191,-2.011276,52.691745,1,2022
2023451382994,-0.182763,51.225635,2,2023
2024451481549,-0.50244,51.33929,2,2024
2024991403352,-4.92847,55.95361,3,2024
2024991428474,-3.22525,55.90596,3,2024
2022991170793,-4.326258,55.845769,2,2022
2023991389334,-3.986059,55.787216,3,2023
202260B043075,-2.989893,53.040961,3,2022
2024622400016,-3.97221,51.62736,3,2024
2022610038522,-2.962841,51.575203,3,2022
2022161141453,-0.316084,53.756925,2,2022
2024161415594,-0.37699,53.78248,3,2024
2024161497202,-0.2677,53.78339,3,2024
2022161209888,-0.072781,53.55964,3,2022
2024161406364,-0.10771,53.55705,2,2024
2024302401725,-1.46753,52.91526,3,2024
2024311472698,-1.15208,52.96491,2,2024
2022221148322,-2.71919,52.060907,3,2022
2022522204666,-2.608651,51.457367,3,2022
2023501381504,-4.130423,50.370626,3,2023
2023401356076,-0.455921,51.891854,2,2023
2024471437982,-0.12592,50.82704,2,2024
2024471450224,-0.1476,50.83075,3,2024
2022401152658,-0.466731,52.138711,3,2022
2022340WNC232,-0.877517,52.241893,2,2022
202234WNC4842,-0.810058,52.261597,3,2022
2024520401298,-3.00046,51.12639,3,2024
2023351363416,0.151783,52.227419,2,2023
2024351438662,0.11138,52.21909,3,2024
2022302200100,-1.429109,53.233481,1,2022
2023531262670,-2.240203,51.860484,3,2023
2022411245234,-0.435571,51.764657,2,2022
2022411206184,-0.174525,51.698676,2,2022
2022411208086,-0.397871,51.696863,3,2022
2024461536277,1.16153,51.07771,2,2024
2023041290270,-2.376051,53.767952,3,2023
2023332300840,-1.297101,52.687407,3,2023
2024320091134,-0.03062,52.97628,2,2024
2023320683447,-0.551907,53.203849,3,2023
2023311344751,-1.280628,52.966517,3,2023
2022311251569,-0.807426,53.080063,3,2022
2022211213178,-2.044955,52.683098,3,2022
2022371225744,1.169244,52.056825,3,2022
2024451478161,-0.50134,51.42923,3,2024
2023471297064,-0.203774,51.106677,2,2023
2023471304058,-0.168489,51.104916,2,2023
2024221400395,-2.25378,52.38789,3,2024
2023061354454,-2.435354,53.578531,3,2023
2024061443612,-2.43499,53.54894,2,2024
2023061331498,-2.254324,53.49743,3,2023
2023061354187,-2.248243,53.462882,2,2023
2023061366989,-2.114803,53.516369,3,2023
2023061384929,-2.12993,53.53628,2,2023
2024061404059,-2.33392,53.5195,2,2024
2022061182933,-2.445439,53.399946,3,2022
2023052302293,-2.971256,53.396655,2,2023
2024052400964,-2.95928,53.43591,3,2024
2023052400016,-2.965679,53.31242,3,2023
2022141176013,-1.548405,53.581835,2,2022
2024141425928,-1.14908,53.55514,3,2024
2022141247684,-1.475832,53.367432,3,2022
2024201436334,-1.79363,52.45481,3,2024
2024201474471,-1.92606,52.50163,3,2024
2023201392854,-2.083653,52.490578,3,2023
2023201298690,-1.954337,52.497728,3,2023
2022201170868,-1.779076,52.41013,2,2022
2023201390919,-1.971333,52.594069,2,2023
2023131393422,-1.788854,53.799195,3,2023
2024131475888,-2.16024,53.71172,1,2024
2024131439771,-1.77645,53.64501,3,2024
2024131470916,-1.36344,53.67506,2,2024
2023101391634,-1.586008,54.944135,3,2023
2022010354699,-0.170911,51.553088,3,2022
2023010481216,-0.122418,51.536927,3,2023
2024010535208,-0.14963,51.54611,3,2024
2022010368553,-0.12733,51.387927,3,2022
2024010496880,-0.30841,51.52348,3,2024
2023010448396,0.07278,51.481959,2,2023
2024010521262,0.05026,51.439,3,2024
2022010374406,-0.061803,51.548684,3,2022
2023010421853,-0.101508,51.587884,3,2023
2022010355823,-0.418314,51.455836,3,2022
2022010386776,-0.091589,51.560017,3,2022
2023010467490,-0.117673,51.543928,2,2023
2023010482401,-0.307215,51.365745,3,2023
2022010415810,-0.037071,51.429183,2,2022
2023010456357,-0.19253,51.418059,3,2023
2022010401172,0.011763,51.534757,2,2022
2023010448890,-0.2337,51.484953,3,2023
2023010461689,-0.324158,51.428927,3,2023
2022010398170,-0.076888,51.478241,3,2022
2024010526661,-0.12807,51.35359,3,2024
2024010519653,-0.16455,51.43144,3,2024
2023010451053,-0.178505,51.525842,3,2023
2023010470494,-0.139376,51.506497,3,2023
2023010478219,-0.159201,51.520514,3,2023
2024010514721,-0.13772,51.5157,3,2024
2023991371356,-4.300998,55.83598,3,2023
2024991521386,-4.34504,55.8977,3,2024
2022622200228,-3.183126,51.468551,2,2022
2023622300984,-3.102627,51.525606,3,2023
2023610011423,-3.230785,51.575657,1,2023
2022610033122,-2.746301,51.596355,3,2022
2022610042622,-2.990629,51.580241,2,2022
2023170L40523,-1.033781,54.586108,2,2023
2023041380341,-3.054859,53.808967,3,2023
2023161370832,-0.361259,53.743223,1,2023
2024161525372,-0.0633,53.56267,3,2024
2024122400659,-1.12783,53.94296,3,2024
2022311160537,-1.173519,53.010013,3,2022
2022211137874,-2.141078,52.990056,3,2022
2022522201436,-2.608712,51.459777,3,2022
2024522402568,-2.53959,51.47614,3,2024
2024543560824,-1.77997,51.57697,3,2024
2023471265684,-0.136173,50.822835,2,2023
2023471355720,-0.05902,50.833754,3,2023
2022440179936,-1.365526,50.896802,2,2022
2024070639260,-2.3665,53.14356,3,2024
2022544605722,-1.948456,51.378373,3,2022
2024552400743,-1.83282,50.72781,3,2024
2024552400736,-1.76754,50.75358,3,2024
2024552400663,-2.44488,50.54192,3,2024
2023340WN3072,-0.80114,52.252714,2,2023
2024340WN0802,-0.89551,52.24161,3,2024
2023061267920,-2.283686,53.539969,2,2023
2024061509193,-2.32635,53.55232,2,2024
2024061403719,-2.4759,53.51607,3,2024
2024052401917,-2.87254,53.42854,2,2024
2024052400157,-3.07646,53.39388,3,2024
2022141189066,-1.331011,53.548045,2,2022
2022141234881,-1.47065,53.429107,3,2022
2024141481503,-1.46616,53.38145,3,2024
2022101164867,-1.624514,55.010058,3,2022
2022101182697,-1.62053,55.00974,3,2022
2023101281531,-1.563082,54.995412,2,2023
2024201436940,-1.85824,52.45514,3,2024
2023201390654,-1.505631,52.421387,2,2023
2023201283339,-1.733895,52.479467,2,2023
2023201389374,-2.125167,52.608174,3,2023
2024131476661,-1.71865,53.82502,2,2024
2023131360376,-1.654982,53.680008,3,2023
2024131526323,-1.33539,53.70968,3,2024
2022010367445,0.071876,51.389816,3,2022
2023010424013,-0.16569,51.554527,3,2023
2024010549998,-0.13316,51.52589,3,2024
2023010424084,-0.055082,51.546981,3,2023
2023010460274,-0.052715,51.54026,3,2023
2024010532683,-0.05582,51.55798,3,2024
2022010365742,-0.133507,51.572849,3,2022
2023010422936,-0.099428,51.58134,2,2023
2022010354126,0.205921,51.580403,2,2022
2024010542151,0.2345,51.59271,3,2024
2023010448816,-0.448854,51.529342,2,2023
2024010503312,-0.42097,51.52437,2,2024
2023010452295,-0.325835,51.477861,3,2023
2024010487436,-0.21548,51.52579,2,2024
2023010449265,-0.31543,51.393201,3,2023
2024010511366,-0.1498,51.46393,3,2024
2024010501842,-0.03716,51.42912,3,2024
2024010502584,-0.00941,51.46216,2,2024
2023010420851,-0.151043,51.417556,3,2023
2024010531618,0.05617,51.54526,3,2024
2022010408654,-0.277326,51.464326,3,2022
2024010504113,-0.08254,51.50247,3,2024
2024010517538,-0.10448,51.50608,3,2024
2024010521082,-0.09421,51.47974,3,2024
2023010427499,-0.161219,51.501527,3,2023
2022031157074,-2.981345,54.184583,2,2022
2023302301172,-1.271122,52.899577,3,2023
2024302400859,-1.55598,53.1367,3,2024
2023421380104,0.474656,51.564943,2,2023
2022440396846,-1.333792,51.082713,3,2022
2023440309608,-1.163671,50.811494,3,2023
2022461185466,1.294398,51.13468,3,2022
2023461345324,0.43893,51.28758,2,2023
2024461526099,1.09736,51.28912,3,2024
2022041129183,-2.690964,53.770109,3,2022
2023041379616,-2.704887,53.768015,2,2023
2022332200530,-1.134413,52.733618,2,2022
2024361463532,1.40641,52.73895,3,2024
2023311365461,-1.123967,53.120829,3,2023
2022430469243,-1.516041,51.7926,3,2022
2022471186397,-0.106289,50.999028,3,2022
2022471196559,-0.641849,50.832011,3,2022
2024471410001,-0.6748,50.7847,3,2024
2022221197170,-1.936795,52.093303,2,2022
2023991302338,-2.785062,55.42797,2,2023
2022991221656,-2.188447,57.114298,3,2022
2024991421246,-6.06804,56.62282,3,2024
2023991360314,-4.164884,55.826526,2,2023
2024610052624,-2.67133,51.62659,2,2024
2022161177578,-0.359271,53.745209,3,2022
2022161129766,-0.185329,54.086896,2,2022
2024161536727,-0.06679,53.56014,2,2024
2024302401645,-1.5274,52.9095,2,2024
2023522323000,-2.615318,51.47153,3,2023
2024401423240,-0.45967,51.91486,1,2024
2022430014868,-0.957439,51.446852,3,2022
2023430275676,-1.010551,51.460872,3,2023
2024430593850,-0.59971,51.51788,2,2024
2023111359526,-1.608063,54.856088,2,2023
2024070154676,-2.44142,53.09209,3,2024
2022501205782,-5.281063,50.233471,3,2022
202254C087022,-2.17392,51.204587,3,2022
2024541611224,-2.18622,51.43123,3,2024
2022430090791,-0.776912,51.571867,3,2022
2022430570792,-0.717297,51.624355,3,2022
202234NNC4862,-0.534705,52.346477,3,2022
2023340NN1662,-0.617761,52.323688,3,2023
2023122300741,-0.443235,54.288983,2,2023
2022061159954,-2.288963,53.596825,3,2022
2022061160484,-2.254213,53.405846,2,2022
2023061389736,-2.191811,53.45407,3,2023
2023061389545,-2.203165,53.497995,3,2023
2022061134212,-2.200594,53.391063,3,2022
2024141470864,-1.18498,53.56811,3,2024
2024101502889,-1.6678,54.99056,3,2024
2022101138828,-1.386336,54.916099,2,2022
2024201498830,-1.9105,52.5355,1,2024
2024201469026,-1.5455,52.3898,2,2024
2023201402960,-1.782103,52.502895,2,2023
2023131298925,-1.766433,53.831402,3,2023
2023131369383,-1.779543,53.834869,3,2023
2023131374624,-1.904572,53.866707,3,2023
2024131400760,-1.77886,53.8352,3,2024
2023131342455,-1.851044,53.59622,3,2023
2024010512304,-0.24759,51.61458,3,2024
2024010553072,-0.2079,51.56057,3,2024
2022010368745,-0.302581,51.552225,3,2022
2022010414835,-0.246584,51.547409,3,2022
2023010445734,-0.3222,51.559612,3,2023
2022010415227,0.038409,51.384198,2,2022
2024010520424,-0.07295,51.39361,3,2024
2024010518646,-0.38751,51.50825,3,2024
2024010550572,-0.04665,51.66283,3,2024
2022010361864,0.117194,51.50487,3,2022
2024010495595,0.12114,51.49278,2,2024
2022010396042,-0.074585,51.555783,2,2022
2024010512305,-0.06573,51.55548,2,2024
2024010531272,-0.20418,51.47199,3,2024
2023010419274,-0.123808,51.579187,3,2023
2022010401933,0.183972,51.572082,3,2022
2023010464097,-0.096159,51.540407,3,2023
2023010481958,-0.107611,51.565375,2,2023
2022010357653,-0.150666,51.486379,3,2022
2022010358210,-0.141191,51.461176,2,2022
2022010381188,-0.132345,51.463823,3,2022
2024010545247,-0.13136,51.42648,3,2024
2022010385045,-0.002636,51.422486,3,2022
2024010493152,-0.01518,51.46453,2,2024
2022010380913,0.083623,51.579779,2,2022
2023010431066,-0.32817,51.432096,2,2023
2022010394227,-0.06458,51.474028,3,2022
2023010461696,-0.076785,51.50189,3,2023
2024010493142,-0.05024,51.49466,2,2024
2024010544637,-0.10165,51.48717,3,2024
2022010401726,-0.041578,51.522566,2,2022
2023010475200,-0.01091,51.523714,3,2023
2023010471782,0.009973,51.566468,2,2023
2023010419865,-0.148506,51.47854,3,2023
2024010524939,-0.16545,51.46428,3,2024
2023010470231,-0.158707,51.513465,3,2023
2023302300479,-1.293579,52.899893,3,2023
2024302401787,-1.27628,52.90043,3,2024
2022421213042,0.459101,51.696372,2,2022
2024531394913,-2.23513,51.88755,3,2024
2022440118826,-0.943705,51.005994,2,2022
2022440189285,-1.476744,51.21905,3,2022
2022440414474,-1.281052,50.86884,2,2022
2024440058914,-0.79129,51.28199,3,2024
2024440075974,-1.52962,50.91473,3,2024
2024440400237,-0.98824,50.86872,3,2024
2022461185192,1.296634,51.137567,3,2022
2022461233015,1.416751,51.335413,2,2022
2023461281272,0.357239,51.419693,3,2023
2023461285995,1.069204,51.272386,3,2023
2023461286723,1.157222,51.11463,3,2023
2023461303983,0.179191,51.261461,2,2023
2023461368331,1.423835,51.339713,2,2023
2023041354589,-2.720583,53.729533,3,2023
2024041508780,-2.65494,53.61595,3,2024
2023320226684,-0.635938,52.904078,2,2023
2022361194028,1.285451,52.63212,3,2022
2022451180628,-0.479779,51.340316,2,2022
2022451241322,-0.744635,51.315128,3,2022
2024451424721,-0.1676,51.24247,3,2024
2024451507713,-0.32768,51.28231,3,2024
2022231249072,-1.670427,52.573082,1,2022
2022471195360,-0.244297,50.834818,3,2022
2023471323803,-0.171612,50.966255,2,2023
2023471357066,-0.774384,50.834557,2,2023
2024471524095,-0.77866,50.83386,3,2024
2024221435704,-1.90342,52.2933,3,2024
202260B075276,-2.92065,53.100092,3,2022
202263D111322,-3.777328,51.771163,3,2022
2024071009155,-2.66422,53.44816,3,2024
2024161516857,-0.73985,53.90508,3,2024
2024122500144,-1.05559,54.00475,3,2024
2022332200444,-1.124921,52.646975,2,2022
2024332400084,-1.12339,52.65189,3,2024
2024332400673,-1.18082,52.6413,3,2024
2023522300814,-2.573116,51.49648,3,2023
2022351210368,-0.249145,52.589018,3,2022
2023421311756,0.688555,51.550576,3,2023
2023461371044,0.561944,51.380752,3,2023
2024461493770,0.57409,51.38792,3,2024
2024430597610,-1.30463,51.40364,3,2024
2023430467628,-0.981504,51.468626,3,2023
2022471199356,-0.144843,50.84409,3,2022
2023440253584,-1.397388,50.897106,3,2023
2022070800471,-2.43836,53.089713,3,2022
2022221154296,-3.051036,52.862594,2,2022
2023542265123,-1.868645,51.201199,2,2023
2023401310433,-0.458567,52.130962,3,2023
2022101155853,-1.648634,55.180748,3,2022
2022340NNC092,-0.799793,52.422947,3,2022
202234WNC3972,-0.90794,52.225033,3,2022
202234WNC8412,-0.8781,52.232117,3,2022
2022061195987,-2.438131,53.424971,3,2022
2024061535238,-2.2017,53.3824,2,2024
2023052302900,-2.929942,53.440751,3,2023
2024052400971,-2.9764,53.4,3,2024
2024052402816,-2.87465,53.42037,2,2024
2022052200562,-2.998708,53.464322,3,2022
2023141354152,-1.478978,53.371958,2,2023
2023141382615,-1.494289,53.430764,3,2023
2022101234591,-1.654724,54.969898,3,2022
2023101388336,-1.676385,55.001607,3,2023
2024101453191,-1.46306,54.84194,3,2024
2024201436371,-1.90104,52.46748,3,2024
2024201513513,-2.05035,52.523,2,2024
2022131203205,-1.732382,53.764793,3,2022
2024131424741,-1.89571,53.85911,1,2024
2024131504558,-1.74853,53.79672,3,2024
2022131179280,-1.74679,53.644249,2,2022
2024131532043,-1.79584,53.60073,2,2024
2022131133157,-1.549147,53.807153,2,2022
2022481191571,-0.089108,51.516282,3,2022
2024010496461,-0.24185,51.54909,3,2024
2024010543388,-0.25718,51.58228,3,2024
2023010472761,-0.137217,51.533278,3,2023
2024010517812,-0.19238,51.548,3,2024
2023010481001,-0.109964,51.332558,3,2023
2022010415013,-0.251935,51.513912,3,2022
2024010489918,-0.0544,51.54006,3,2024
2023010437733,-0.232505,51.50131,2,2023
2022010400502,-0.092869,51.59804,3,2022
2024010517848,-0.09932,51.5802,3,2024
2022010352994,-0.348312,51.581114,3,2022
2022010380710,-0.400378,51.599837,3,2022
2023010454814,-0.355516,51.609432,3,2023
2023010459391,-0.269526,51.602252,2,2023
2022010386494,-0.21523,51.505005,3,2022
2022010417903,-0.15054,51.466351,2,2022
2024010535514,-0.04003,51.44879,3,2024
2023010442120,0.057041,51.525842,3,2023
2024010506415,0.04295,51.53859,1,2024
2022010397051,-0.008849,51.50849,3,2022
2024010510244,-0.06137,51.51882,3,2024
2022010415205,-0.127298,51.509371,3,2022
2024010518644,-0.12864,51.51243,3,2024
2024351501127,0.16502,52.66107,3,2024
2023302301282,-1.562671,53.297921,3,2023
2024501415134,-3.47946,50.90416,3,2024
2022421130421,0.517915,51.66329,2,2022
2023421294867,0.498712,51.584722,2,2023
2024421409555,0.59765,51.77683,2,2024
2024421498642,0.92379,51.89079,3,2024
2023531277233,-2.242749,51.839818,3,2023
2023531284732,-2.09185,51.914109,2,2023
2022440196643,-1.35642,51.364191,3,2022
2024440075432,-1.26613,50.87217,3,2024
2024440262407,-1.11677,51.35838,3,2024
2022461139797,0.876493,51.134668,3,2022
2023041314295,-2.716143,53.757288,3,2023
2023041334172,-3.05161,53.777447,2,2023
2022320585503,-0.549348,53.23085,3,2022
2023211355996,-2.257271,52.607906,3,2023
2024211430183,-2.103,52.80725,3,2024
2023371388433,1.192732,52.060076,3,2023
2022451217334,-0.326814,51.296226,3,2022
2024231495339,-1.42041,52.47725,3,2024
2024471472079,-0.18299,51.11284,3,2024
2024471495665,-0.20016,50.89479,2,2024
2022991209120,-3.293092,55.942225,3,2022
2024991459974,-3.21318,55.94788,3,2024
2023991325956,-2.460832,56.720557,2,2023
2022991143394,-3.16777,56.197536,2,2022
2022991183441,-4.243453,55.810135,3,2022
2023991341084,-4.293036,55.875692,2,2023
2024991450500,-4.29165,55.894,3,2024
2023622300195,-3.103043,51.526142,3,2023
2024111460812,-1.56516,54.53672,3,2024
2022041218001,-3.043129,53.798949,3,2022
2022161224082,-0.308624,53.749674,3,2022
2023161331332,-0.419838,53.83852,3,2023
2023161380797,-0.663084,53.586068,3,2023
2022332200604,-1.132773,52.659484,1,2022
2022311184245,-1.216814,52.952405,3,2022
2023522400728,-2.564386,51.457931,3,2023
2023522301639,-2.752006,51.321595,3,2023
2023522400528,-2.520808,51.503827,2,2023
2022544525322,-1.796214,51.559449,3,2022
2022461219535,0.555602,51.384551,3,2022
2024430061348,-0.9687,51.45804,3,2024
2022471219843,-0.135878,50.833074,3,2022
2022070433794,-2.120084,53.352215,3,2022
2022070657455,-2.191888,53.156903,2,2022
2023070491706,-2.449969,53.101841,3,2023
2024071016346,-3.06417,53.2899,3,2024
2024545166324,-2.18874,51.19832,3,2024
2023430522668,-0.776262,51.572967,3,2023
202234WNC7212,-0.896054,52.233815,3,2022
2023122300293,-2.021743,53.959919,3,2023
2024061514913,-2.09835,53.5704,3,2024
2024061501544,-2.15297,53.39471,3,2024
2022052201300,-2.935094,53.429933,3,2022
2023052302713,-2.987586,53.440055,3,2023
2022141255739,-1.491728,53.468766,3,2022
2023141296892,-1.486139,53.470037,3,2023
2023101314331,-1.497417,55.050487,3,2023
2024101510251,-1.46219,55.01492,3,2024
2022201156629,-1.899267,52.47611,3,2022
2023201343057,-1.94083,52.486404,3,2023
2024201456908,-2.00303,52.39389,2,2024
2022131175064,-1.687961,53.867652,3,2022
2022010410937,-0.2013,51.597414,3,2022
2023010476294,-0.193459,51.649449,3,2023
2022010376968,-0.124691,51.530723,2,2022
2022010405088,-0.12432,51.530285,3,2022
2023010456145,-0.100264,51.370989,3,2023
2024010532732,-0.36382,51.53017,3,2024
2022010381779,-0.054729,51.632305,3,2022
2023010459788,0.007304,51.47764,3,2023
2022010360890,-0.075023,51.552247,3,2022
2022010388799,-0.200164,51.480711,2,2022
2023010427760,-0.222433,51.503568,3,2023
2022010397363,-0.121953,51.581127,2,2022
2022010361567,0.199046,51.547717,3,2022
2022010370063,-0.3442,51.476152,2,2022
2022010410925,-0.193745,51.501385,2,2022
2022010383030,-0.252914,51.391035,2,2022
2024010540421,-0.09869,51.4253,3,2024
2022010414582,-0.002741,51.421732,3,2022
2023010441390,-0.034472,51.481027,2,2023
2022010387818,0.066881,51.535255,3,2022
2022010354751,-0.06385,51.473926,3,2022
2022010382392,-0.098989,51.497396,3,2022
2024010517061,-0.06852,51.44408,3,2024
2022010370065,-0.019018,51.497646,3,2022
2024010524209,-0.00955,51.50865,2,2024
2022010390899,-0.163754,51.432711,2,2022
2023010467933,-0.163567,51.464272,3,2023
2023010431081,-0.171418,51.533969,3,2023
2023010462704,-0.184468,51.530683,3,2023
2024010488688,-0.1325,51.51186,3,2024
2024010494379,-0.17212,51.53369,3,2024
2024010504462,-0.17819,51.50154,3,2024
2023351279146,0.134837,52.19558,3,2023
2024302401749,-1.99891,53.36978,2,2024
2022471197913,0.576456,50.85426,3,2022
2022471213803,0.314291,50.792885,3,2022
2023421354690,0.310867,51.623555,2,2023
2023440116380,-1.092118,51.272972,3,2023
2023411272042,-0.474921,51.73997,1,2023
2024411559488,-0.16839,51.90762,3,2024
2023041341100,-2.412716,53.793879,2,2023
2024041508201,-2.64247,53.71833,1,2024
2022332200216,-1.066698,52.738678,2,2022
2024320385340,-0.16166,52.77975,3,2024
2023361384666,1.302421,52.637223,3,2023
2023311296437,-1.157196,53.138571,3,2023
2022371270251,1.721248,52.45733,3,2022
2024371532257,0.71818,52.05118,2,2024
2023451277852,-0.571836,51.244644,2,2023
2024451442738,-0.1542,51.29259,2,2024
2023991354174,-3.187188,55.949285,2,2023
2022991182221,-4.277703,55.832253,3,2022
2024610038324,-2.98493,51.57985,3,2024
2023170M11793,-1.259236,54.563891,3,2023
2023170S30133,-1.291793,54.540575,3,2023
2023041319216,-3.027132,53.797326,3,2023
2023161374574,-0.376584,53.782318,2,2023
2023161325146,-0.073602,53.559519,3,2023
2023161267082,-0.645088,53.583349,2,2023
2022302200173,-1.478036,52.910132,3,2022
2022302202223,-1.451978,52.902365,2,2022
2022221259906,-2.688522,52.038622,3,2022
2023430069511,-1.031263,51.443268,3,2023
2022430279039,-0.932671,51.4229,3,2022
2024440422115,-1.063,50.79409,3,2024
2022070904710,-2.213514,53.346709,3,2022
2024401493087,-0.33414,52.0387,3,2024
2022430168288,-0.781287,51.822276,3,2022
2024340NN3342,-0.67713,52.22284,3,2024
202234WNC1212,-0.87915,52.241612,3,2022
2023061338545,-2.432792,53.598351,3,2023
2024061424066,-2.21201,53.46513,3,2024
2024061443376,-2.28166,53.44822,3,2024
2023061309581,-2.169295,53.615759,2,2023
2024061497481,-2.17661,53.54296,1,2024
2024061528265,-2.2804,53.51359,2,2024
2024052401505,-2.94514,53.39696,3,2024
2022052200010,-2.755982,53.452379,2,2022
2022141183804,-1.462068,53.387568,3,2022
2023141297453,-1.462212,53.402418,2,2023
2024101449225,-1.45671,54.91448,3,2024
2022201245834,-1.907883,52.552378,3,2022
2023201313249,-1.898524,52.466022,3,2023
2023201339068,-1.883385,52.552851,3,2023
2023201379428,-1.851888,52.515786,3,2023
2023201374508,-1.826963,52.53616,2,2023
2024201436193,-1.92734,52.52588,3,2024
2022201202506,-1.986836,52.532473,2,2022
2024201394377,-1.973,52.49679,3,2024
2024201527220,-2.00439,52.61613,3,2024
2023131288409,-1.753131,53.80434,2,2023
2024131432607,-1.82054,53.78435,3,2024
2024131431277,-1.72405,53.72534,3,2024
2022010386463,0.169465,51.474355,3,2022
2024010504097,-0.2683,51.59475,2,2024
2022010422989,-0.105951,51.422196,3,2022
2024010505363,-0.10121,51.34888,3,2024
2022010410349,-0.297812,51.513444,3,2022
2023010466025,-0.312746,51.497357,2,2023
2022010371637,-0.076866,51.536585,3,2022
2022010376994,-0.077892,51.522501,3,2022
2022010398427,-0.082263,51.569757,3,2022
2024010523884,-0.07686,51.53116,3,2024
2023010438679,-0.223161,51.503003,3,2023
2023010476300,-0.234348,51.492786,3,2023
2023010432000,-0.08557,51.605403,2,2023
2023010435229,-0.472616,51.507686,2,2023
2024010529453,-0.11026,51.53417,3,2024
2022010384000,-0.105467,51.49091,3,2022
2023010419658,-0.133059,51.463601,3,2023
2024010500847,-0.04566,51.47433,2,2024
2024010529321,-0.0499,51.48439,3,2024
2024010489389,0.03025,51.52348,3,2024
2022010381088,0.081119,51.550561,3,2022
2022010404547,0.026727,51.577196,3,2022
2024010540063,0.07427,51.58147,3,2024
2022010365168,-0.072056,51.44631,2,2022
2022010414809,-0.057792,51.473493,3,2022
2024010532923,-0.05969,51.48071,3,2024
2023010471252,0.000597,51.510955,2,2023
2022010386698,-0.00515,51.553247,3,2022
2023010445709,-0.008386,51.590774,3,2023
2023010472691,-0.031907,51.567979,3,2023
2023010459914,-0.169902,51.478282,3,2023
2024010501043,-0.18163,51.46438,3,2024
2023010437904,-0.126254,51.501099,3,2023
2022302200012,-1.343782,53.100525,3,2022
2022302200419,-1.361085,53.262162,3,2022
2023501357046,-3.491428,50.717305,2,2023
2022471127743,0.54886,50.874797,3,2022
2023471376607,0.267307,50.786136,3,2023
2022440339238,-1.237436,50.862017,3,2022
2024440364045,-1.1635,50.8116,2,2024
2024440552019,-1.31793,51.06712,3,2024
2022461161695,1.408069,51.345552,2,2022
2022041194457,-2.812322,54.019379,2,2022
2023320444483,-0.025658,52.964317,3,2023
2022361155299,1.271652,52.634786,3,2022
2022361164329,0.404257,52.756533,3,2022
2023361317007,0.757121,52.411858,3,2023
2024361455106,1.27531,52.72101,2,2024
2023311295149,-0.802138,53.074248,2,2023
2023430074573,-1.080698,51.525186,3,2023
2023211339054,-1.97877,52.786215,2,2023
2024451449631,-0.32726,51.2815,3,2024
2022471186409,-0.412413,50.835716,2,2022
2024471412197,-0.40043,50.8137,3,2024
2023622300951,-3.923717,51.6224,3,2023
2023170H10433,-1.219033,54.692152,3,2023
2023161391546,-0.298485,53.753243,3,2023
2022161249729,-0.879345,53.999908,2,2022
2023122301029,-1.122154,53.944888,3,2023
2022302201974,-1.450345,52.881007,3,2022
2024302400730,-1.47415,52.90466,3,2024
2022332200865,-1.16056,52.617476,3,2022
2022311235153,-1.179673,52.896779,3,2022
2022522202398,-2.597488,51.463296,3,2022
2022522205199,-2.931838,51.345938,3,2022
202354A945223,-1.777231,51.574125,3,2023
2024421445008,0.33203,51.4895,3,2024
2022430005681,-0.553967,51.500139,3,2022
2023430233465,-0.618475,51.52943,3,2023
2023471334351,-0.155231,50.853706,3,2023
2024471508809,-0.0929,50.8617,2,2024
2022440187636,-1.080765,50.815889,2,2022
2024440015603,-1.07857,50.81119,2,2024
2024440507244,-1.3915,50.92733,3,2024
2022070826460,-2.461643,53.113895,3,2022
2023501318336,-4.719492,50.471008,3,2023
2024401477359,-0.52783,52.14465,2,2024
2023101382805,-1.559707,55.136599,3,2023
2023101379038,-1.650062,55.180842,3,2023
2022552200673,-1.967295,50.721322,3,2022
2024552400634,-1.83051,50.72861,3,2024
2024552401546,-1.98621,50.71409,3,2024
2023430471635,-0.818954,51.817814,3,2023
2023031281486,-3.231086,54.144053,2,2023
2024520401526,-3.12887,51.01237,3,2024
2024061440621,-2.29308,53.56765,3,2024
2022061207686,-2.247875,53.526341,3,2022
2022061177861,-2.682705,53.548881,2,2022
2023061388506,-2.622068,53.540035,2,2023
2022052201117,-2.965532,53.426806,3,2022
2024052402331,-2.98702,53.3987,3,2024
2023141373697,-1.503919,53.376612,3,2023
2023101353800,-1.557128,54.98396,2,2023
2023101268684,-1.38995,54.905091,2,2023
2024201483742,-1.86177,52.50834,2,2024
2024201511783,-1.9077,52.45876,3,2024
2023201305154,-2.004432,52.614191,2,2023
2024201476618,-2.06686,52.55247,2,2024
2024131454631,-1.81162,53.78083,3,2024
2024131395269,-1.82092,53.74616,2,2024
2023131390269,-1.486651,53.673383,3,2023
2024481442479,-0.08908,51.51628,3,2024
2024010531601,0.15167,51.53533,2,2024
2023011384235,0.180972,51.466543,3,2023
2023010439341,-0.275891,51.558095,3,2023
2022010396734,-0.046295,51.414283,3,2022
2023010438123,-0.128241,51.525393,3,2023
2024010488451,-0.16069,51.54792,3,2024
2022010402818,-0.042601,51.666976,3,2022
2022010364830,0.071894,51.46844,3,2022
2024010507015,0.01878,51.47698,3,2024
2023010440258,-0.055296,51.545339,3,2023
2023010486204,-0.072835,51.579782,3,2023
2022010414742,-0.1639,51.489312,3,2022
2023010438841,-0.186374,51.484536,3,2023
2023010472231,-0.209509,51.506123,2,2023
2022010377859,-0.253826,51.416156,2,2022
2024010509516,-0.10886,51.50144,2,2024
2022010413310,-0.041926,51.44787,3,2022
2023010447568,0.035796,51.534369,2,2023
2023010480730,0.117194,51.581309,3,2023
2022010382577,-0.362501,51.413022,3,2022
2022010419131,-0.330716,51.449865,2,2022
2022010355606,-0.027437,51.513543,3,2022
2024010512263,-0.02005,51.513,3,2024
2022010405689,-0.00361,51.579839,3,2022
2024010505877,-0.15211,51.50832,2,2024
2022351146447,-0.112389,52.444155,3,2022
2022302201920,-1.413576,53.248642,2,2022
2023421316566,0.46986,51.736606,2,2023
2022440121222,-1.353148,50.872643,3,2022
2023411326499,-0.324607,51.644433,3,2023
2024461445418,0.76502,51.43664,3,2024
2023041340850,-2.659463,53.676935,2,2023
2022320630496,-0.156529,52.779325,3,2022
2022361189931,0.393671,52.736183,3,2022
2023311357777,-1.266867,53.123224,3,2023
2023430069624,-1.257472,51.752041,3,2023
2024211543505,-1.65407,52.80659,3,2024
2022371131968,1.329675,51.960062,2,2022
2022371164046,0.70762,52.248696,3,2022
2024471508007,-0.37332,50.82411,2,2024
2024471526767,-0.32289,51.06459,3,2024
2023991380568,-4.390625,55.596782,2,2023
2024991398262,-2.16377,57.16425,2,2024
2023991329178,-3.214276,55.941886,3,2023
2023161301597,-0.39992,53.737435,3,2023
2023161324504,-0.288059,53.758614,3,2023
2024161411344,-0.3588,53.76238,3,2024
2024161478001,-0.33992,53.74837,3,2024
2024161415585,-0.04157,53.75554,3,2024
2023332300798,-1.122646,52.637294,3,2023
2023311345253,-1.168392,52.959573,2,2023
2022522202755,-2.608791,51.462474,3,2022
2022522203543,-2.598661,51.419834,3,2022
2024522401483,-2.52301,51.45591,3,2024
2022522204582,-2.831958,51.424128,3,2022
2023522300490,-2.411842,51.538716,1,2023
2023501275760,-4.101272,50.366201,3,2023
2022401151717,-0.40171,51.89157,3,2022
2022401195269,-0.473617,51.905266,3,2022
2022461191877,0.500798,51.392192,3,2022
2022430287410,-0.941207,51.454935,3,2022
2022430554274,-0.722814,51.519345,3,2022
2022430505813,-0.906876,51.451535,3,2022
2024440451362,-1.39562,50.91701,3,2024
2024440242497,-1.52079,50.69235,3,2024
2024101405862,-1.57183,55.18175,3,2024
2023552300969,-1.872845,50.717903,3,2023
2022552200904,-2.451108,50.6178,3,2022
2023552301040,-1.958413,50.608316,3,2023
2024122500079,-1.06578,53.78135,3,2024
2022520205572,-3.090729,51.027858,3,2022
2022052203033,-2.919843,53.437387,3,2022
2024052401181,-2.97807,53.39859,3,2024
2023052302091,-2.669721,53.495068,2,2023
2024052402478,-2.9335,53.50801,3,2024
2023101258831,-1.580404,54.980052,3,2023
2023101386875,-1.539854,54.979088,3,2023
2023201283766,-1.800534,52.538518,3,2023
2023201378639,-1.833826,52.542211,3,2023
2024201412191,-1.5467,52.39007,3,2024
2022131253971,-1.749048,53.826918,3,2022
2023131329933,-1.756751,53.792717,2,2023
2023131333210,-1.790982,53.758932,3,2023
2022131143925,-1.618933,53.836175,3,2022
2023010481985,-0.179827,51.61085,3,2023
2023010442152,-0.122205,51.523525,3,2023
2023010448863,-0.121377,51.407309,3,2023
2023010462700,-0.372114,51.531369,3,2023
2024010541625,-0.32816,51.508,3,2024
2023010483439,-0.098858,51.626805,3,2023
2022010389538,0.112964,51.494425,3,2022
2023010474928,-0.198831,51.4798,2,2023
2022010395129,-0.098999,51.57814,3,2022
2023010433829,-0.142784,51.591323,3,2023
2023010484708,-0.122788,51.576635,3,2023
2024010542976,-0.0674,51.60853,3,2024
2023010444302,-0.440295,51.568425,3,2023
2024010490780,-0.4217,51.52275,3,2024
2023010474867,-0.093478,51.524833,3,2023
2023010477532,-0.084569,51.522098,3,2023
2023010438868,-0.255473,51.433329,2,2023
2022010405575,-0.111639,51.479598,3,2022
2024010536674,-0.11812,51.50088,3,2024
2022010381203,-0.003837,51.424314,3,2022
2022010404074,-0.029756,51.471155,3,2022
2022010419093,-0.016733,51.450702,3,2022
2022010412827,-0.212681,51.415059,3,2022
2022010416431,0.017044,51.516914,3,2022
2022010418536,0.048259,51.548909,3,2022
2024010527074,0.05456,51.53648,3,2024
2024010546782,0.0642,51.5726,3,2024
2023010463755,-0.081007,51.473759,2,2023
2022010366336,-0.184021,51.362749,3,2022
2022010412116,-0.190071,51.384911,2,2022
2024010526419,-0.19382,51.36924,3,2024
2024010532942,-0.14215,51.36986,3,2024
2024010525276,-0.02569,51.52701,3,2024
2024010539536,0.00094,51.51121,3,2024
2024010545806,-0.0186,51.51088,3,2024
2022010383559,-0.171139,51.459606,3,2022
2023010435507,-0.155419,51.440322,3,2023
2022010388200,-0.179854,51.511179,3,2022
2024010530583,-0.15623,51.52167,3,2024
2024501454634,-3.52933,50.72725,2,2024
2023471334134,0.266805,50.775749,1,2023
2022421231840,0.290565,51.990836,2,2022
2023421360798,0.328174,51.902906,3,2023
2023411394397,-0.18546,51.980772,3,2023
2024411523163,-0.39197,51.62728,3,2024
2022461172485,1.081385,51.275699,2,2022
2022461245612,0.270013,51.137793,3,2022
2024461506969,0.87311,51.14319,3,2024
2022041259782,-2.663453,53.621589,3,2022
2023041347367,-2.801249,54.046731,2,2023
2024041452438,-2.40466,53.70654,2,2024
2023361402507,1.283207,52.652858,3,2023
2023311295492,-1.276465,53.140785,3,2023
2024311492828,-1.25402,52.90692,3,2024
2022430309613,-1.246874,51.690644,2,2022
2024430033535,-1.33283,52.06041,3,2024
2024430583360,-1.36578,51.86128,3,2024
2024211527484,-1.64756,52.81555,2,2024
2022371152046,1.725847,52.482299,3,2022
2023371352247,1.14945,52.033675,2,2023
2022451150675,-0.328129,51.233935,2,2022
2022451157602,-0.605936,51.239867,2,2022
2022221255424,-2.318126,52.119583,2,2022
2023991292211,-3.207251,55.950258,3,2023
2024991425931,-3.26376,55.97327,2,2024
2024991531500,-3.2113,55.92207,3,2024
2023991373144,-2.942967,56.479237,3,2023
2023991262217,-4.270866,55.875205,2,2023
2023991360600,-4.270783,55.835176,3,2023
2024991520292,-4.27737,55.83999,3,2024
2022170H11152,-1.229099,54.700475,2,2022
2022161253739,-0.386515,53.743413,2,2022
2023161273541,-0.632378,53.563402,2,2023
2023332300677,-1.108394,52.6442,2,2023
2023211345660,-2.137278,52.989656,3,2023
20225222BR124,-2.589439,51.468759,3,2022
2023522400916,-2.966326,51.345902,2,2023
2023430528474,-0.863637,51.476751,2,2023
2022471150065,-0.136618,50.83161,3,2022
2023471299809,-0.154459,50.837983,3,2023
2022440024994,-1.45344,50.925123,2,2022
2022070868541,-2.51911,53.193841,3,2022
2023501369567,-5.242786,50.028229,2,2023
2024401460761,-0.4884,52.1495,2,2024
2022101265616,-1.918296,55.152094,2,2022
2024101511612,-1.55113,55.19634,3,2024
2022552200151,-1.898403,50.761947,3,2022
2023122300375,-1.513322,53.990807,3,2023
2022061139610,-2.229248,53.373098,2,2022
2022052201679,-2.933963,53.372836,3,2022
2023052302515,-2.945932,53.421848,3,2023
2024052402764,-2.96123,53.42978,3,2024
2023052300986,-3.115656,53.39293,3,2023
2023141294881,-0.952806,53.609053,3,2023
2023101406472,-1.617379,54.966138,3,2023
2023201444625,-1.871916,52.459613,3,2023
2024201502510,-1.92565,52.50244,3,2024
2022201172226,-1.990016,52.553357,2,2022
2023131357996,-1.776034,53.723322,2,2023
2024131469710,-1.83463,53.64351,3,2024
2022131166466,-1.567884,53.829477,3,2022
2022010390228,-0.239956,51.605149,3,2022
2022010405184,-0.166714,51.64595,3,2022
2022010405570,-0.247512,51.610315,3,2022
2023010455313,-0.19408,51.538457,3,2023
2023010431315,0.046166,51.418254,3,2023
2024010528235,-0.18329,51.55041,3,2024
2023010476081,-0.380493,51.50324,3,2023
2024010517546,0.03203,51.47081,3,2024
2022010382794,-0.077396,51.523671,2,2022
2024010487299,-0.06112,51.55838,3,2024
2024010508660,-0.08569,51.52622,2,2024
2022010354339,-0.304277,51.491858,3,2022
2022010401837,-0.298648,51.485967,3,2022
2024010525397,-0.10939,51.55038,3,2024
2022010379898,-0.189009,51.502346,3,2022
2024010488909,-0.20021,51.51284,3,2024
2024010513369,-0.19406,51.50943,3,2024
2023010430212,-0.098576,51.471653,2,2023
2024010535973,-0.13405,51.41889,3,2024
2024010550705,-0.11124,51.44499,2,2024
2023010449084,0.00337,51.541636,3,2023
2023010463076,0.051695,51.501215,3,2023
2023010462850,-0.084128,51.495167,2,2023
2024010495887,-0.18548,51.36391,3,2024
2022010389370,-0.038873,51.51271,3,2022
2022010416231,-0.008812,51.508678,3,2022
2023010469603,-0.014235,51.495317,3,2023
2024010543657,-0.02906,51.57436,3,2024
2023010440179,-0.150054,51.461281,3,2023
2022010398184,-0.147289,51.516028,2,2022
2023010423511,-0.132877,51.509667,2,2023
2024010547304,-0.12726,51.5092,3,2024
2022302200481,-1.51485,53.023481,3,2022
2022302202039,-1.486111,53.306245,3,2022
2024421536416,0.63579,51.94401,2,2024
2023531295581,-2.237221,51.867782,2,2023
2024531475260,-2.23586,51.85113,2,2024
2024531559598,-2.23212,51.85278,2,2024
2024440087479,-1.38083,50.96263,2,2024
2024440274061,-1.3197,50.9265,3,2024
2024411504313,-0.66226,51.79405,3,2024
2024461485830,1.42234,51.33204,3,2024
2022041140482,-2.798442,54.042939,3,2022
2022041214305,-2.622583,53.735241,3,2022
2023041264033,-2.799486,54.046401,2,2023
2023320404009,-0.113505,53.208602,3,2023
2023361329177,1.251484,52.657025,2,2023
2022311224533,-1.252361,53.099762,3,2022
2023311272774,-1.193965,53.153208,3,2023
2024311434406,-1.20047,53.03696,3,2024
2024311479591,-1.23735,53.10302,3,2024
2023430558530,-1.259446,51.756234,3,2023
2024211531481,-2.30991,52.95739,3,2024
2023371370441,1.144535,52.047576,3,2023
2022451190040,-0.532912,51.247247,2,2022
2022471205756,-0.737506,50.833463,3,2022
2022471210814,-0.031567,51.114067,2,2022
2023471294150,-0.196943,51.11338,3,2023
2024471447185,-0.31432,51.05701,3,2024
2023991357049,-5.599464,57.759248,2,2023
2023991318290,-1.278725,60.139027,3,2023
2024991517463,-2.00107,57.52452,2,2024
2023991388831,-3.522821,55.880139,3,2023
2022991199618,-2.883192,56.64213,2,2022
2024991405187,-4.28858,55.86675,2,2024
2024991442921,-4.29596,55.85515,2,2024
202460Q089135,-3.72532,53.29386,3,2024
2024622400455,-3.1876,51.5293,2,2024
2022041141491,-3.005492,53.798372,2,2022
2023161325086,-0.358897,53.793709,3,2023
2024302400540,-1.42553,52.89355,2,2024
2022332200720,-1.097364,52.652297,3,2022
2024332401086,-1.17494,52.61834,3,2024
2023311353336,-1.15249,52.955901,2,2023
2024311412961,-1.12839,52.94938,2,2024
2024522402566,-2.62187,51.44901,3,2024
2023522401576,-2.447911,51.460205,2,2023
2023401295792,-0.446352,51.898786,3,2023
2024430146844,-0.89703,51.45886,2,2024
2023471314522,-0.154103,50.825044,3,2023
2023440438079,-1.074567,50.822809,3,2023
2022401248785,-0.423646,52.144293,2,2022
2022401148242,-0.558407,52.061805,3,2022
2023401332697,-0.517813,51.900265,2,2023
2024552400004,-1.88629,50.75165,3,2024
2024552400350,-1.9391,50.72475,3,2024
2022340WNC132,-0.898854,52.252038,3,2022
2022122201441,-2.017166,53.949674,1,2022
2023122301290,-1.253243,53.825253,2,2023
2023520401073,-2.978535,51.126077,3,2023
2024061454044,-2.43081,53.59084,3,2024
2024061475324,-2.41469,53.55169,2,2024
2022061246178,-2.178792,53.591747,3,2022
2024052402746,-2.85291,53.4204,3,2024
2023052302741,-2.999938,53.417929,3,2023
2024052402813,-2.98249,53.42477,2,2024
2022052200143,-2.993605,53.637065,2,2022
2024141499979,-1.47655,53.54991,2,2024
2023101310180,-1.638343,55.011088,3,2023
2023101299999,-1.494748,54.932917,2,2023
2023101366314,-1.410465,54.923839,3,2023
2022201273168,-2.122044,52.542111,3,2022
2024201462077,-1.79055,52.44324,3,2024
2022131199590,-1.759432,53.785828,2,2022
2024131415103,-1.88578,53.78734,3,2024
2024131493656,-1.7474,53.79347,3,2024
2023131291841,-1.55985,53.797243,3,2023
2023131344014,-1.644843,53.807223,2,2023
2023131385947,-1.582792,53.795483,3,2023
2024131534901,-1.49285,53.68281,3,2024
2022010379856,-0.199602,51.562938,2,2022
2023010423877,-0.213227,51.558039,3,2023
2024010509622,-0.1749,51.6292,3,2024
2022010413048,-0.114622,51.523196,3,2022
2024010513505,-0.34339,51.50833,3,2024
2024010531551,-0.28072,51.52677,2,2024
2022010411174,-0.047171,51.659894,3,2022
2024010527827,-0.03946,51.63722,3,2024
2024010548411,-0.07894,51.53915,3,2024
2022010395469,-0.237569,51.493293,2,2022
2024010487847,-0.09227,51.58603,3,2024
2023010439882,-0.12336,51.545908,3,2023
2022010380869,-0.213116,51.501942,2,2022
2024010494006,-0.10532,51.43705,3,2024
2023010449317,-0.212852,51.409558,3,2023
2022010364662,0.052144,51.552231,2,2022
2024010547794,0.01261,51.51891,1,2024
2023010451961,-0.299139,51.446444,2,2023
2024010505779,-0.31006,51.45736,2,2024
2022010406877,-0.081801,51.496712,2,2022
2024010510803,-0.05363,51.49723,2,2024
2024010525801,-0.08822,51.50615,2,2024
2024010542021,-0.08312,51.48589,3,2024
2022010381989,-0.07432,51.507407,3,2022
2022010396745,-0.044177,51.532214,3,2022
2023010429507,-0.042676,51.516775,3,2023
2024010522497,-0.03483,51.52502,3,2024
2024010544760,-0.01981,51.58624,3,2024
2022010395696,-0.159355,51.514186,3,2022
2023010441485,-0.12584,51.500985,3,2023
2024010510366,-0.12836,51.51025,2,2024
2024010526418,-0.11366,51.51328,3,2024
2022302200897,-1.418236,53.125857,3,2022
2024501472503,-4.20696,51.02116,3,2024
2023471390983,0.578343,50.85652,2,2023
2024531494346,-2.20302,51.84779,3,2024
2022411213499,-0.118899,51.701809,2,2022
2024411469275,-0.03187,51.81401,3,2024
2022461237187,0.218681,51.44784,3,2022
2024461485441,0.99282,51.29008,2,2024
2022041140489,-2.848472,54.054955,2,2022
2022041154449,-2.178729,53.855197,2,2022
2022041180106,-3.006256,53.877795,3,2022
2023041354994,-2.672521,53.786645,3,2023
2024041423329,-2.87005,53.77956,3,2024
2024041469046,-2.68855,53.72636,2,2024
2023320124415,-0.322716,53.208979,2,2023
2022361184070,1.294289,52.633079,3,2022
2022361203791,0.432152,52.756315,3,2022
2024361411660,1.27608,52.59717,3,2024
2023311350179,-1.168603,53.138516,3,2023
2023430544665,-1.264417,51.764178,2,2023
2024430366477,-1.22492,51.90747,3,2024
2024430371796,-1.25632,51.74648,3,2024
2023451271605,-0.334783,51.298381,3,2023
2023451290266,-0.322286,51.235857,2,2023
2022471186872,-0.480757,50.818082,2,2022
2024471405720,0.01877,51.11348,2,2024
2022221162297,-1.874817,52.375667,3,2022
2022991206344,-3.519897,55.878944,2,2022
202360A143247,-3.083289,53.166242,2,2023
2023622300215,-3.94217,51.623175,3,2023
2023622300424,-3.250164,51.41294,3,2023
2022622200278,-3.240913,51.489696,3,2022
2022170S21282,-1.276321,54.618266,3,2022
2023161285112,-0.100379,53.55262,3,2023
2023161321418,-0.074143,53.560238,3,2023
2023161392895,-0.107606,53.557104,3,2023
2024302500022,-1.43926,52.89632,2,2024
2024332401210,-1.11224,52.62948,3,2024
2024520000255,-2.37347,51.4041,3,2024
2024522402264,-2.62359,51.45596,3,2024
2023522301060,-2.530185,51.502419,3,2023
202354C742023,-1.801148,51.569276,3,2023
2023401354049,-0.410398,51.882166,3,2023
2024430167795,-1.00291,51.44839,2,2024
2024430285623,-0.96667,51.44671,2,2024
2022471234241,-0.073523,50.837475,3,2022
2022552201127,-1.786692,50.736896,3,2022
2022552201443,-1.867177,50.75858,3,2022
2022430538109,-0.556088,51.609822,3,2022
2023340NN0892,-0.599199,52.288828,3,2023
2024520402999,-2.66993,50.9526,3,2024
2023061332929,-2.27599,53.576857,3,2023
2022061207382,-2.257315,53.448697,2,2022
2022061245111,-2.204639,53.459864,3,2022
2024061406147,-2.18161,53.46253,2,2024
2024061413492,-2.24711,53.42645,3,2024
2024061445492,-2.23866,53.50529,2,2024
2022061253308,-2.211425,53.394964,2,2022
2022141235803,-1.4504,53.373618,3,2022
2022201270118,-1.939364,52.503053,3,2022
2023201315057,-1.91883,52.502132,3,2023
2024201494006,-1.89942,52.46502,3,2024
2022201245556,-1.569529,52.392059,2,2022
2023201424148,-1.753392,52.373499,3,2023
2023131264058,-1.756653,53.783333,2,2023
2023131309667,-1.902446,53.871882,2,2023
2024010545405,-0.22352,51.58995,3,2024
2022010418762,0.110671,51.471301,3,2022
2022010358595,-0.281619,51.561902,3,2022
2022010395853,-0.25004,51.559583,3,2022
2022010409337,-0.279243,51.56255,3,2022
2022010414572,-0.131148,51.527957,2,2022
2023010447329,-0.130312,51.515993,3,2023
2023010457573,-0.14396,51.546514,3,2023
2024010491359,-0.11863,51.37966,3,2024
2024010547558,-0.07384,51.39737,3,2024
2022010410209,-0.298722,51.518403,3,2022
2022010411363,-0.368232,51.548004,3,2022
2024010534709,-0.30655,51.51645,2,2024
2022010376060,-0.070128,51.53499,3,2022
2022010384823,-0.08169,51.57481,3,2022
2022010388618,-0.198155,51.486363,3,2022
2024010497391,-0.24392,51.49867,3,2024
2023010451877,-0.416058,51.508501,3,2023
2022010375441,-0.119526,51.557761,3,2022
2023010455053,-0.124699,51.443126,2,2023
2022010404774,-0.036565,51.465145,3,2022
2022010356539,-0.208436,51.411433,2,2022
2022010361910,0.027383,51.524794,2,2022
2022010398846,0.054985,51.535248,3,2022
2024010506734,0.0613,51.55282,3,2024
2022010404951,-0.053365,51.490875,3,2022
2023010446207,-0.104544,51.478782,3,2023
2024010511613,-0.20615,51.3599,3,2024
2022010388268,-0.048445,51.511305,3,2022
2022010394840,-0.028961,51.515637,3,2022
2023010463114,-0.050016,51.521079,3,2023
2024010500671,-0.04472,51.51321,3,2024
2022010360773,-0.201163,51.45677,3,2022
2022010414278,-0.171776,51.424185,3,2022
2023010439017,-0.154786,51.476741,3,2023
2023010453613,-0.142,51.502195,3,2023
2024010519102,-0.16657,51.51748,2,2024
2024010530251,-0.12978,51.4994,3,2024
2024471527860,0.56315,50.88267,3,2024
2023440074268,-1.149794,51.356571,2,2023
2023411280863,-0.173136,51.800994,3,2023
2022461222948,0.428234,51.221573,3,2022
2023461263481,0.205028,51.456021,3,2023
2023041380123,-2.643252,53.742619,3,2023
2024041401438,-2.87633,53.78134,3,2024
2024041413286,-2.21762,53.83568,3,2024
2024320020370,-0.64397,52.91312,3,2024
2022311258782,-1.135988,53.002635,3,2022
2024211476219,-2.22938,53.00832,3,2024
2024211522886,-1.68731,52.6366,3,2024
2022451193308,-0.352527,51.406084,3,2022
2022451222707,-0.546951,51.43984,3,2022
2022451239923,-0.583969,51.247984,2,2022
2022451251454,-0.206167,51.319458,2,2022
2024451450429,-0.40787,51.37672,2,2024
2024471498378,-0.23162,50.83248,3,2024
2023221355680,-1.940178,52.303905,2,2023
2024221468083,-2.30483,52.11484,3,2024
2024991468999,-2.81638,55.95449,3,2024
2022991207524,-4.637972,55.613037,2,2022
2022991167632,-3.185077,55.954112,3,2022
2022991208382,-3.012878,56.49201,3,2022
2024631489299,-4.96595,51.80889,3,2024
2023610007523,-3.126411,51.620729,3,2023
2022111214486,-1.543817,54.52323,3,2022
2024070615717,-2.57267,53.40818,3,2024
2022041146247,-2.483761,53.716055,3,2022
2024122500014,-1.08629,53.96082,2,2024
2022311170876,-1.164983,52.958021,2,2022
2024522402505,-2.57326,51.47614,3,2024
202454E936524,-1.77111,51.5628,3,2024
2022351138893,-0.241266,52.560885,3,2022
2023351342013,-0.302719,52.66114,2,2023
2024461530576,0.49992,51.38896,3,2024
2023430284546,-0.755652,51.404295,3,2023
2022430264130,-0.771739,52.025299,3,2022
2022440375331,-1.085342,50.783578,3,2022
2024440236393,-1.09719,50.78865,3,2024
2024071029066,-2.87897,53.2195,3,2024
2023540448623,-2.127276,51.44933,3,2023
2023549768123,-2.192317,51.26368,3,2023
202234WNC5542,-0.900159,52.240128,3,2022
2022520203414,-2.88392,51.030882,3,2022
2024052401747,-2.83012,53.36071,3,2024
2022052200291,-2.969503,53.408867,3,2022
2022052201272,-2.957912,53.400502,3,2022
2023052302731,-2.734398,53.400613,2,2023
2023052300844,-2.996399,53.480189,3,2023
2024052402109,-2.96046,53.6542,3,2024
2023052300662,-3.052246,53.396814,3,2023
2024052402058,-3.07353,53.42185,3,2024
2024141515941,-1.34454,53.45979,3,2024
2024141531977,-1.32911,53.46767,3,2024
2022201216745,-1.959043,52.458687,3,2022
2023201303256,-1.918845,52.502034,3,2023
2022201213989,-1.521595,52.419115,3,2022
2023131288379,-1.903338,53.867524,3,2023
2023131314709,-1.823504,53.92846,3,2023
2023131288769,-1.309994,53.693259,3,2023
2024131429747,-1.48624,53.66747,3,2024
2022010354483,0.074647,51.53448,2,2022
2022010392346,0.14005,51.523368,3,2022
2024010516894,0.07725,51.53558,3,2024
2022010402681,-0.199644,51.56516,3,2022
2023010445521,-0.229007,51.582584,3,2023
2024010512160,-0.18051,51.61027,3,2024
2022010368496,0.100367,51.451045,2,2022
2024010503982,0.18533,51.44957,3,2024
2024010518393,0.15177,51.49088,3,2024
2023010479779,-0.28276,51.561091,3,2023
2024010497739,0.07137,51.36171,3,2024
2024010535410,-0.06226,51.42203,3,2024
2024010545141,-0.07572,51.41914,3,2024
2022010386791,-0.139194,51.534308,2,2022
2024010544230,-0.14642,51.54215,3,2024
2023010472842,-0.101703,51.398368,2,2023
2022010378328,-0.253182,51.506557,3,2022
2023010446314,-0.351535,51.505561,3,2023
2024010487101,-0.25706,51.51092,3,2024
2023010421586,-0.037543,51.671577,1,2023
2023010430743,0.089829,51.488167,2,2023
2023010465216,-0.036845,51.546461,1,2023
2023010469589,-0.072372,51.574001,2,2023
2024010506816,-0.22458,51.50987,2,2024
2023010439695,-0.074398,51.584124,3,2023
2022010395877,-0.334836,51.581373,2,2022
2023010448850,-0.30381,51.621133,3,2023
2023010435109,0.181718,51.615424,2,2023
2022010408612,-0.409269,51.602026,2,2022
2023010463394,-0.102123,51.522527,3,2023
2024010549270,-0.10234,51.52253,3,2024
2024010511894,-0.30416,51.39557,3,2024
2022010397115,-0.132808,51.470108,3,2022
2023010456069,-0.114657,51.463693,3,2023
2023010469557,-0.141023,51.46531,2,2023
2023010480321,-0.177791,51.414009,3,2023
2024010506542,0.06838,51.55719,2,2024
2023010443767,-0.346316,51.407651,3,2023
2023010476126,-0.053824,51.483481,3,2023
2023010485231,-0.089587,51.505175,3,2023
2022010392640,-0.064634,51.52615,2,2022
2023010439484,-0.066736,51.517363,3,2023
2023010444555,-0.068639,51.514975,2,2023
2024010492303,-0.00725,51.58306,2,2024
2024010498238,-0.02012,51.58709,3,2024
2022010373430,-0.149111,51.48069,2,2022
2024010487894,-0.16274,51.46724,3,2024
2024010531080,-0.20198,51.45844,3,2024
2023351320713,0.159625,52.675446,3,2023
2022302202022,-1.422215,53.238113,3,2022
2024302400392,-1.33779,53.24721,3,2024
2024302400530,-1.39801,53.13907,3,2024
2024302401462,-1.3684,53.23085,2,2024
2024501404828,-3.52105,50.71503,3,2024
2023471381523,0.250633,50.970158,2,2023
2022421200964,0.560908,51.880381,3,2022
2023421259584,0.637979,51.94484,3,2023
2022531133166,-2.047656,51.902645,3,2022
2023440424176,-1.350715,50.876964,3,2023
2022041237610,-2.981073,53.787716,3,2022
2023041341040,-2.86716,54.060376,2,2023
2024041411770,-2.59725,53.83327,2,2024
2022320042382,-0.54611,53.215438,3,2022
2023320529732,-0.208652,52.670769,2,2023
2024320494182,0.32669,53.15747,3,2024
2024320572641,-0.58741,53.18268,3,2024
2023361372457,1.300606,52.650018,3,2023
2023311364834,-1.126639,52.987375,2,2023
2022211244359,-2.133545,52.827547,3,2022
2024211425517,-1.63981,52.82137,3,2024
2024371512469,0.506,52.31982,3,2024
2023451372686,-0.431293,51.426957,3,2023
2024451484008,-0.09398,51.29888,2,2024
2023231359007,-1.484346,52.521544,2,2023
2024231439850,-1.53443,52.2876,3,2024
2022991214780,-3.779966,56.120838,3,2022
2024991402982,-4.50704,55.60315,3,2024
2024991540302,-4.21678,55.81507,3,2024
2023991308627,-3.306216,55.96155,3,2023
2024991525698,-3.52011,55.90494,3,2024
2023991310262,-3.000908,56.481523,3,2023
2022991177406,-4.291576,55.868008,3,2022
202260B074709,-3.695626,53.28865,2,2022
202263B030622,-4.081866,52.414396,2,2022
2024631534265,-4.30604,51.94036,1,2024
2022170S11102,-1.327221,54.581812,2,2022
2022070710956,-2.602733,53.400415,3,2022
2022070808816,-2.545735,53.380708,3,2022
2022041203761,-3.049498,53.811999,3,2022
2022161217500,-0.374957,53.740758,3,2022
2023161390777,-0.786827,53.923948,3,2023
2023332301046,-1.113259,52.635291,3,2023
2023311331277,-1.190442,53.012044,3,2023
2023221263888,-2.711081,52.054537,3,2023
2022522202964,-2.596761,51.449561,3,2022
2022522203695,-2.683654,51.478624,2,2022
2024501517814,-3.58797,50.446,3,2024
2022351221880,-0.252132,52.588145,2,2022
2022421180364,0.658744,51.541552,3,2022
2024461472201,0.52188,51.38418,3,2024
2022430544579,-0.966927,51.450452,2,2022
2024430047495,-0.64265,51.4757,3,2024
2023430215199,-0.759437,52.040617,3,2023
2024440337591,-1.07962,50.81514,3,2024
2022111193692,-1.628164,54.74843,3,2022
2022111239300,-1.50795,54.720377,3,2022
2022070056665,-2.44217,53.188866,2,2022
2024070683733,-2.88259,53.27256,3,2024
2023552300410,-1.905866,50.752179,3,2023
2022430444895,-0.552728,51.588785,3,2022
2023520301611,-2.329345,51.24548,3,2023
2023520400387,-3.117361,51.015205,3,2023
2022351156044,0.110255,52.253022,3,2022
2023351344607,0.103947,52.148766,3,2023
2022031178078,-2.813267,54.260621,2,2022
2022501202477,-3.411137,50.748891,2,2022
2024421492652,1.1163,51.85901,2,2024
2023440400994,-1.057502,51.301509,3,2023
2024440527070,-1.14834,51.34961,2,2024
2022440486146,-1.349451,50.98707,3,2022
2022440357043,-0.848035,51.254864,2,2022
2023440328592,-1.780581,50.846846,2,2023
2022440178540,-0.752085,51.238818,3,2022
2024411492015,-0.36195,51.6653,3,2024
2022461238171,0.840817,51.141531,3,2022
2022461243442,1.381694,51.209878,3,2022
2022461184523,0.371394,51.441945,3,2022
2024461474061,0.36408,51.44057,3,2024
2024041447892,-2.14915,53.85941,3,2024
2023041269275,-2.6936,53.759749,3,2023
2023041384465,-2.705248,53.769667,3,2023
2022320515884,-0.028128,52.973529,3,2022
2024320571800,-0.0266,53.51693,2,2024
2024320113440,-0.14645,52.78947,3,2024
2024320269503,-0.28851,52.6758,3,2024
2023361281026,1.259056,52.632768,1,2023
2023311376624,-1.205943,53.034783,3,2023
2023311356188,-1.098793,52.960387,2,2023
2023430274309,-1.233754,51.765951,2,2023
2024430464500,-1.25614,51.75224,3,2024
20225222SE607,-2.997495,51.235955,3,2022
2022211154953,-2.036424,53.074803,1,2022
2022451254890,-0.580618,51.235804,3,2022
2022451240985,-0.520807,51.433174,3,2022
2023221331263,-2.065194,52.317585,2,2023
2023411358611,-0.188277,51.785097,3,2023
2022061216362,-2.436109,53.565387,3,2022
2022061169121,-2.31846,53.589236,2,2022
2023061281688,-2.248244,53.491447,3,2023
2023052301874,-2.98336,53.460458,3,2023
2024052400057,-3.07645,53.40788,3,2024
2022201243037,-1.933647,52.454854,3,2022
2024201525682,-2.11056,52.47919,3,2024
2022201150816,-1.988282,52.53072,3,2022
2024201458469,-1.96932,52.51064,3,2024
2024201393814,-2.09278,52.58719,3,2024
2023131345672,-1.662778,53.795725,2,2023
2022131135472,-1.543421,53.678503,2,2022
2022010400166,-0.199636,51.572677,3,2022
2023010479186,-0.272274,51.61811,2,2023
2024010487488,-0.20639,51.56686,2,2024
2023010473558,-0.210437,51.541261,3,2023
2024010518174,0.10588,51.38192,3,2024
2023010424212,-0.075922,51.398487,2,2023
2024010547817,-0.22527,51.51291,3,2024
2022010383786,-0.107151,51.571582,3,2022
2023010478674,-0.301316,51.485088,2,2023
2024010508610,-0.39283,51.47482,3,2024
2024010514493,-0.10705,51.53444,3,2024
2024010530796,-0.17461,51.49411,2,2024
2023010471211,-0.129436,51.43144,3,2023
2024010511093,-0.09123,51.42746,3,2024
2022010373415,0.013528,51.42863,2,2022
2023010420024,-0.178743,51.412846,2,2023
2024010530077,-0.1941,51.40115,3,2024
2023010448958,0.024823,51.549307,3,2023
2023010438305,0.037904,51.541518,3,2023
2023010467236,-0.357852,51.453261,3,2023
2022010358767,-0.149522,51.358333,2,2022
2023010476748,-0.028392,51.514468,3,2023
2022010359442,-0.032978,51.580613,3,2022
2024010533368,-0.01362,51.57579,3,2024
2024010489785,-0.17161,51.47012,2,2024
2022010401034,-0.118427,51.512709,3,2022
2023010421242,-0.171728,51.521214,3,2023
2023010460144,-0.155323,51.516955,3,2023
2023991418531,-4.228043,57.447179,2,2023
2024991420002,-4.85614,55.23453,2,2024
2023991355396,-3.930767,56.096169,3,2023
2022991173326,-3.178338,55.94157,3,2022
2023991373714,-3.151105,55.959421,2,2023
2023991389390,-3.998621,55.935188,2,2023
202260B165442,-4.622007,53.307621,3,2022
202460Q074837,-3.00891,53.21389,3,2024
202460Q055217,-3.0576,52.98573,3,2024
2024631515937,-4.19502,52.20951,2,2024
2022610000622,-2.981534,51.593535,3,2022
2022041205093,-2.47049,53.729913,2,2022
2022041208353,-3.038953,53.803237,3,2022
2022161219560,-0.292804,53.758322,3,2022
2022161259083,-0.329079,53.747884,3,2022
2022161258737,-0.311744,53.780793,3,2022
2024161470609,-0.3086,53.76432,2,2024
2024161506461,-0.37156,53.76933,3,2024
2023161328004,-0.019516,53.686785,3,2023
2024302400011,-1.44664,52.92672,3,2024
2022332200147,-1.11708,52.656896,2,2022
2023461311256,0.505006,51.38291,3,2023
2023430442795,-0.616201,51.487932,2,2023
2023471401455,-0.136298,50.82182,3,2023
2024440466948,-1.08014,50.81283,3,2024
2022440011990,-1.454778,50.916532,3,2022
2023111320138,-1.540817,54.702362,2,2023
2023111364716,-1.681327,54.643221,3,2023
2024111463301,-1.80704,54.61398,2,2024
2022545634322,-1.788115,51.417819,2,2022
20225222SE393,-2.999483,51.109462,2,2022
2023520400699,-2.5352,51.184617,3,2023
2024061512779,-2.30012,53.54878,2,2024
2023061298296,-2.169017,53.46303,3,2023
2023061302332,-2.113914,53.527964,3,2023
2022061156776,-2.325705,53.417331,3,2022
2022052200198,-2.82569,53.356177,2,2022
2022052200444,-2.825203,53.410995,2,2022
2022052300465,-2.927125,53.442724,3,2022
2024052401077,-2.90721,53.435,3,2024
2024052402554,-2.87307,53.4205,3,2024
2023052301484,-2.717014,53.47314,3,2023
2022201214095,-1.886007,52.456931,3,2022
2023201390485,-1.903547,52.498399,3,2023
2023201380520,-1.891667,52.465504,2,2023
2022201263257,-2.022411,52.624285,3,2022
2022201281089,-2.12556,52.58578,3,2022
2023201392687,-2.134656,52.567826,2,2023
2023131326259,-1.657462,53.698989,3,2023
2023131312875,-1.629559,53.902826,3,2023
2023131319718,-1.534696,53.847805,3,2023
2022131243213,-1.433329,53.659445,3,2022
2023010456581,-0.213455,51.55699,3,2023
2024010548266,-0.24347,51.61509,3,2024
2024010518958,0.1041,51.4336,3,2024
2023010446234,-0.162342,51.542388,3,2023
2024010543953,-0.1107,51.38646,3,2024
2023010442441,-0.048377,51.635877,3,2023
2023010468462,-0.014991,51.671683,3,2023
2023010430190,-0.221988,51.50018,2,2023
2022010391174,-0.444233,51.528714,2,2022
2024010550710,-0.38964,51.43963,3,2024
2024010547861,-0.10585,51.54767,3,2024
2024010513334,0.04718,51.51642,3,2024
2022010368562,0.017947,51.600557,3,2022
2024010540167,0.10622,51.56591,3,2024
2023010420119,-0.039998,51.590883,3,2023
2023010435228,-0.006876,51.564571,2,2023
2022010385289,-0.156222,51.474345,3,2022
2024010504884,-0.1466,51.42387,3,2024
2022010368013,-0.132303,51.516294,2,2022
2022010379674,-0.153794,51.498101,3,2022
2024010543608,-0.19704,51.51727,2,2024
2024351473682,-0.05697,52.25904,2,2024
2024351539381,0.09418,52.1833,3,2024
2022302201309,-1.213763,53.260455,3,2022
2022471252078,0.099652,50.772214,3,2022
2023471268574,0.477263,50.840857,3,2023
2022440082547,-0.748522,51.238151,2,2022
2022440392786,-1.322355,51.063242,3,2022
2024440537805,-1.65303,50.75605,3,2024
2024440539544,-1.37129,50.97259,3,2024
2022411155851,-0.560019,51.758865,3,2022
2022461190486,1.38919,51.391949,2,2022
2023461278356,1.39113,51.389599,2,2023
2022041136413,-2.368167,53.75986,3,2022
2023041286688,-2.236582,53.789071,3,2023
2023041295940,-2.399096,53.785503,2,2023
2023041319631,-3.027212,53.901122,3,2023
2023041410289,-2.24882,53.789828,3,2023
2024041453314,-2.72121,53.76375,2,2024
2024041483697,-2.63687,53.63421,3,2024
2023332300765,-1.0911,52.596466,3,2023
2024311464017,-1.07356,52.971,2,2024
2022451168700,-0.336511,51.36165,3,2022
2022471242982,-0.170165,51.130464,3,2022
2022471250330,-0.287311,50.827903,3,2022
2024471470470,-0.5446,50.80976,3,2024
2023991344395,-2.105357,57.153939,2,2023
2024991484365,-3.14673,55.91327,2,2024
2023991375468,-2.925345,56.473655,3,2023
202360A179295,-3.137008,53.248317,3,2023
2024631409170,-4.03026,52.16263,3,2024
202263C076822,-5.034326,51.71286,3,2022
2024622400159,-3.49858,51.65674,3,2024
2023170M11153,-1.218556,54.551269,3,2023
2022161128823,-0.357241,53.741676,2,2022
2022161204230,-0.293829,53.756979,2,2022
2023161293559,-0.349443,53.759951,3,2023
2023161275822,-0.047824,53.569439,3,2023
2024161420253,-0.07395,53.57072,3,2024
2022122200694,-1.088397,53.95935,3,2022
2024122500262,-1.08,53.96393,3,2024
2024302400395,-1.44063,52.92494,3,2024
2022311143059,-1.200537,52.997243,3,2022
2023522324592,-2.591315,51.473488,3,2023
2024522401875,-2.64211,51.50406,3,2024
2024501531905,-4.11126,50.37008,3,2024
2023501275636,-3.518275,50.389198,2,2023
2023540657423,-1.823607,51.559475,3,2023
2022351250430,-0.252965,52.572396,3,2022
2023461291687,0.520952,51.380419,3,2023
2022430013918,-0.596906,51.507449,3,2022
2024430201704,-0.63766,51.38885,3,2024
2024430277641,-0.60581,51.47268,3,2024
2022430185977,-0.842128,51.410585,3,2022
2024430343808,-0.88659,51.38384,3,2024
2023440121882,-1.082551,50.789914,3,2023
2024440371224,-1.09302,50.78942,3,2024
2022111248968,-1.512994,54.733455,2,2022
2024070135002,-2.57803,53.26238,3,2024
202454E882224,-2.2245,51.30901,3,2024
2023552300823,-1.948927,50.742979,3,2023
2024552400470,-1.89632,50.7244,2,2024
2024340NN9132,-0.58129,52.2909,1,2024
202234WNC4782,-0.88961,52.239742,3,2022
2023031278128,-2.953249,54.891628,2,2023
2024302401640,-1.45146,53.02205,3,2024
2022302200281,-1.561631,52.779079,3,2022
2022440214236,-1.579213,50.768922,3,2022
2023461379242,0.366176,51.438435,3,2023
2023320232821,-0.041147,52.970184,3,2023
2024311452529,-0.80665,53.01257,3,2024
20225223ME289,-2.643182,51.212452,3,2022
2024451409607,-0.35185,51.39896,2,2024
2022471173881,-0.792193,50.880175,2,2022
2023471318261,-0.090347,51.000981,3,2023
2022221170281,-2.175637,52.185908,3,2022
2023221339164,-2.075068,52.110747,3,2023
2022411193851,-0.35651,51.753732,2,2022
2024411460485,-0.08917,51.79532,3,2024
2022520201826,-3.236804,51.030413,3,2022
2023061334742,-2.167781,53.508576,3,2023
2022061132904,-2.131768,53.613092,3,2022
2023061310515,-2.634112,53.545212,3,2023
2024052402148,-2.84066,53.37496,3,2024
2022052201261,-2.968801,53.38792,3,2022
2022052202314,-2.955175,53.407248,3,2022
2022052202645,-2.903496,53.35582,3,2022
2024052401160,-2.99356,53.40621,3,2024
2022052202315,-3.114117,53.381223,3,2022
2022141254187,-1.378755,53.516708,3,2022
2024141521601,-1.4506,53.53875,3,2024
2024141448197,-1.50105,53.35618,2,2024
2022101234589,-1.518481,55.032509,3,2022
2024201456419,-2.10221,52.50119,3,2024
2022201226866,-2.02136,52.560583,2,2022
2023201335554,-2.047683,52.525857,3,2023
2022201262263,-1.995204,52.588795,3,2022
2022201273088,-2.131994,52.59025,3,2022
2023201400641,-2.067826,52.570167,3,2023
2022131242648,-1.752939,53.793051,3,2022
2022131167551,-1.674249,53.706209,3,2022
2022131193532,-1.542416,53.790743,3,2022
2024131402272,-1.57498,53.80397,2,2024
2024131458139,-1.51783,53.81521,2,2024
2022131241013,-1.582598,53.65578,2,2022
2022101168221,-1.596826,54.953463,2,2022
2023010428680,-0.201692,51.597375,2,2023
2024010502947,0.19221,51.46876,3,2024
2022010405836,-0.219755,51.538256,2,2022
2023010449097,-0.286007,51.55301,3,2023
2022010386846,-0.136186,51.539098,3,2022
2022010363216,-0.088096,51.380611,3,2022
2023010462419,-0.020524,51.347007,3,2023
2023010467848,-0.377639,51.511401,3,2023
2024010549571,-0.07748,51.63476,3,2024
2022010415264,0.071061,51.436998,3,2022
2023010485413,-0.323502,51.477485,3,2023
2024010537010,-0.08721,51.52062,3,2024
2022010387224,-0.138655,51.460875,3,2022
2023010424999,-0.098524,51.468406,3,2023
2022010409247,0.019078,51.606518,3,2022
2023010467571,-0.0798,51.497695,3,2023
2024010489302,-0.00886,51.49498,3,2024
2023010447371,-0.147747,51.451784,3,2023
2022010389544,-0.158812,51.535166,2,2022
2023010431663,-0.158147,51.517692,3,2023
2023991299102,-4.673157,55.64138,2,2023
2024991447748,-4.42319,55.84437,3,2024
2022991180935,-2.927352,56.47338,2,2022
2023991270606,-4.204361,55.857981,2,2023
2024991471384,-4.33076,55.8022,2,2024
202260B155164,-3.412852,53.186368,2,2022
2022622200746,-3.248754,51.413432,3,2022
2023622300029,-3.198157,51.444956,2,2023
2024610049124,-3.17675,51.6179,3,2024
2023170H10373,-1.215856,54.676692,2,2023
202417M203024,-1.19027,54.56124,2,2024
2024111467740,-1.5776,54.51796,3,2024
2024070346736,-2.56507,53.38074,2,2024
2024070782036,-2.62671,53.387,3,2024
2022161138596,-0.354288,53.750112,3,2022
2023302302002,-1.476696,52.918918,3,2023
2024302400699,-1.48496,52.90543,3,2024
2022332200009,-1.168625,52.62059,3,2022
2022311196786,-1.129606,52.965786,3,2022
2022311247875,-1.19261,53.005262,3,2022
2022311251992,-1.16907,52.946705,3,2022
2024311469452,-1.19213,52.97654,2,2024
2022522205513,-2.355746,51.391519,3,2022
2023522301592,-2.593575,51.453497,3,2023
2023522400895,-2.959252,51.338577,2,2023
2023501274547,-4.099026,50.392406,2,2023
2022421199763,0.697965,51.551385,2,2022
2022461212023,0.554559,51.364006,3,2022
2024430230414,-0.94876,51.41695,3,2024
2023471331181,-0.166416,50.835482,3,2023
2022440519961,-1.073227,50.808734,3,2022
2024440127529,-1.0698,50.80992,2,2024
2023440304264,-1.453916,50.924559,3,2023
2024440105912,-1.40665,50.9389,2,2024
2024548626824,-2.13709,51.46518,3,2024
2022552200080,-1.87561,50.733032,3,2022
2024520402497,-2.99541,51.23876,3,2024
2024520403299,-3.47884,51.2057,3,2024
2024061455111,-2.24564,53.38318,2,2024
2024061526823,-2.32857,53.48096,3,2024
2023061304635,-2.033599,53.486973,2,2023
2023061367317,-2.113131,53.455033,3,2023
2024052400417,-2.96134,53.40777,3,2024
2023052301853,-2.65277,53.471954,3,2023
2022141216311,-1.482512,53.358157,3,2022
2024101518735,-1.43946,54.99341,3,2024
2022201261938,-1.819163,52.45033,3,2022
2022201209450,-1.874041,52.550549,2,2022
2022201207402,-1.492391,52.415496,3,2022
2023201409013,-2.063278,52.536511,3,2023
2022201195956,-1.79835,52.429278,1,2022
2022201151762,-1.948183,52.621318,3,2022
2024131455411,-1.70931,53.76733,3,2024
2023131362795,-1.804306,53.633265,3,2023
2023131282011,-1.539693,53.803792,3,2023
2023131356644,-1.56419,53.801807,3,2023
2024131528927,-1.54507,53.79843,3,2024
2023010431503,0.159471,51.549019,3,2023
2024010547605,0.13699,51.55276,3,2024
2023010421800,-0.206407,51.560866,2,2023
2024010551417,-0.23835,51.57976,3,2024
2022010384856,-0.236464,51.560719,3,2022
2022010379835,-0.083088,51.364262,3,2022
2022010403202,-0.074559,51.399454,3,2022
2023010465032,-0.109642,51.611027,3,2023
2023010472127,-0.126029,51.632898,3,2023
2023010440607,0.102591,51.482525,3,2023
2024010514544,0.09922,51.48589,2,2024
2023010437229,-0.078629,51.546083,3,2023
2023010446572,-0.189112,51.478311,3,2023
2024010495778,-0.31542,51.61654,3,2024
2024010532926,-0.10982,51.53739,3,2024
2022010394664,-0.114009,51.480445,2,2022
2022010402886,-0.129731,51.430545,3,2022
2022010375420,-0.016109,51.456788,3,2022
2022010384641,0.125386,51.57313,2,2022
2023010457049,0.070222,51.557408,2,2023
2022010397124,-0.335216,51.421495,2,2022
2023010466296,-0.273669,51.466241,3,2023
2022010382610,-0.094389,51.480901,3,2022
2024010526052,-0.05431,51.47101,3,2024
2024010549071,-0.06323,51.48615,3,2024
2022010411173,-0.227124,51.373301,1,2022
2022010391969,-0.13477,51.482728,3,2022
2022010358137,-0.158229,51.513152,2,2022
2023010475376,-0.145173,51.523764,3,2023
2024010535761,-0.17607,51.51171,3,2024
2022302200005,-1.534333,52.769878,3,2022
2023421316926,-0.009323,51.686829,3,2023
2024421511217,1.2433,51.93003,2,2024
2022440501454,-0.761329,51.249869,2,2022
2023440335900,-1.312804,50.923616,3,2023
2024440395430,-0.88424,51.03983,3,2024
2024411407889,-0.42599,51.65248,3,2024
2023461388459,1.080923,51.275658,3,2023
2022041233150,-2.188046,53.919023,2,2022
2023041333637,-2.721487,53.81061,3,2023
2023041310747,-2.684971,53.770153,3,2023
2023041386930,-3.039909,53.756561,3,2023
2024041454646,-2.33874,53.83497,2,2024
2023320404752,-0.159785,52.813891,2,2023
2024320645876,-0.36903,52.75738,3,2024
2022361210894,1.211756,52.645294,2,2022
2022361245975,1.300718,52.650132,3,2022
2022311200538,-1.123289,53.300904,3,2022
2022311264565,-1.268965,53.107011,3,2022
2022430090762,-1.228319,51.749893,2,2022
2023371355154,1.144056,52.057788,2,2023
2022451137991,-0.744987,51.339033,3,2022
2022451182615,-0.458577,51.35306,3,2022
2024451432767,-0.35536,51.40035,3,2024
2022471254518,-0.217431,51.119306,2,2022
2023471360897,-0.749562,50.852604,3,2023
2024471466643,-0.73687,50.86166,3,2024
2024471473619,-0.12973,50.96323,2,2024
2023221285100,-2.223686,52.197568,3,2023
2022991198405,-3.773894,56.127305,3,2022
2023991276296,-4.740944,55.640279,1,2023
2023991308544,-2.876257,55.618423,3,2023
2023991322543,-4.328498,55.846904,3,2023
2024631461060,-4.15937,51.68273,2,2024
2023622301018,-3.806093,51.598389,3,2023
2022622200044,-3.163507,51.470968,3,2022
2022622200407,-3.168344,51.483904,3,2022
2024622400847,-3.37827,51.5481,3,2024
2022610000222,-3.21023,51.581976,2,2022
2022622300002,-3.303836,51.665397,3,2022
2024041412028,-2.46566,53.74255,3,2024
2024161508082,-0.38903,53.75011,3,2024
2023332301070,-1.135124,52.65649,3,2023
2024522500173,-2.86478,51.42783,3,2024
2024401476371,-0.4181,51.87894,3,2024
2023430432557,-1.015898,51.453904,2,2023
2024430128484,-0.98063,51.44793,3,2024
2024430024376,-0.88552,51.42251,2,2024
2022440444634,-1.048498,50.82572,2,2022
2023501282863,-5.163034,50.2558,3,2023
2023546607323,-2.129694,51.459785,3,2023
2024101439962,-2.01973,55.53244,3,2024
2024101472712,-2.46106,54.96995,3,2024
2024552400661,-1.83265,50.72835,2,2024
2024520402328,-3.10278,51.01491,2,2024
2023061371226,-2.433681,53.568542,3,2023
2023061336090,-2.246915,53.488349,3,2023
2023061373706,-2.305286,53.498964,3,2023
2024061405733,-2.09724,53.48624,2,2024
2023061298342,-2.357641,53.457814,3,2023
2022052201120,-2.83288,53.405108,2,2022
2024052400150,-2.99202,53.41117,3,2024
2024052401025,-2.9726,53.43565,3,2024
2024141528194,-1.25611,53.4918,2,2024
2024141431233,-1.34619,53.50248,3,2024
2022141190234,-1.344421,53.346998,3,2022
2022101205471,-1.581784,54.988603,3,2022
2022101202420,-1.401224,54.919938,3,2022
2023101337349,-1.386173,54.902205,3,2023
2023201340154,-1.926745,52.517618,3,2023
2023201361051,-1.782174,52.518385,3,2023
2023201380712,-2.171636,52.600088,3,2023
2024131418340,-1.54758,53.73926,3,2024
2024481566749,-0.09738,51.51771,2,2024
2024010532532,-0.15183,51.62923,2,2024
2023010444915,-0.123121,51.530347,3,2023
2024010508774,-0.15765,51.54026,3,2024
2023010424058,-0.130668,51.647998,2,2023
2024010549809,-0.22873,51.5206,3,2024
2024010510440,-0.16008,51.50186,3,2024
2024010532686,-0.25579,51.39843,3,2024
2024010501857,-0.09713,51.423,2,2024
2024010532884,-0.20622,51.41267,2,2024
2022010355255,0.02531,51.583318,3,2022
2024010510638,-0.27708,51.46767,3,2024
2022010356061,-0.078408,51.473923,3,2022
2022010393050,-0.079334,51.498506,3,2022
2023010459769,-0.053041,51.520464,3,2023
2022010375839,-0.130392,51.50559,3,2022
2022501249075,-3.530728,50.709152,3,2022
2024471480237,0.20451,50.74499,2,2024
2022421186095,0.09464,51.67271,3,2022
2022421248540,0.49968,51.757019,3,2022
2024421533231,0.44387,51.58764,3,2024
2022461216167,0.5396,51.251973,3,2022
2022041242694,-2.387767,53.878467,3,2022
2022320682396,-0.18985,53.357582,3,2022
2023320496283,-0.214956,53.152089,3,2023
2022361209349,0.614765,52.464408,2,2022
2023361340445,0.445633,52.755408,2,2023
2022311193545,-1.0492,53.035854,3,2022
2023430255171,-1.281634,51.671701,2,2023
2023430459093,-1.412465,51.684836,3,2023
2024430243103,-1.17872,51.66175,3,2024
2023371352038,1.142919,52.060706,3,2023
2024451410812,-0.44874,51.39526,3,2024
2024991395658,-4.62765,55.45791,3,2024
2022991206189,-2.119157,57.142968,3,2022
2024991412625,-2.10689,57.14774,3,2024
2024991518702,-4.2271,55.90485,3,2024
2023991262188,-4.322424,55.890204,2,2023
2023991314627,-4.147257,55.850561,1,2023
2023991350533,-4.362661,55.822021,2,2023
2024631415162,-4.63923,52.13512,2,2024
2023170S30113,-1.294695,54.551521,3,2023
2022111213844,-1.550982,54.512247,3,2022
2023041346173,-2.508051,53.738784,3,2023
2023122300566,-0.928361,53.920315,2,2023
2023311391820,-1.147651,52.95521,3,2023
2022522205649,-2.616507,51.479581,3,2022
2022522204824,-2.762869,51.425273,2,2022
2023501395070,-4.131104,50.378915,3,2023
2024543663324,-1.74164,51.60545,2,2024
2022430568707,-0.865889,51.47707,3,2022
2022471154231,-0.164946,50.83277,3,2022
2023471343704,-0.213504,50.838614,2,2023
2023440247346,-1.090904,50.80327,3,2023
2022440347888,-1.385576,50.898869,3,2022
2024440182395,-1.34203,50.91804,2,2024
2022545904122,-1.996066,51.44609,2,2022
2022101142740,-1.593033,55.452799,3,2022
2023101378914,-1.588767,55.163065,2,2023
2024122401037,-1.65685,54.22178,3,2024
2023520300496,-2.922557,50.929814,3,2023
2023520300288,-2.743208,51.117954,1,2023
2022061246419,-2.246247,53.513572,2,2022
2024061446236,-2.29665,53.40031,3,2024
2024061495737,-2.23415,53.45619,2,2024
2023061306529,-2.210373,53.410219,2,2023
2022061181477,-2.01639,53.45247,3,2022
2022052202911,-2.893994,53.389241,2,2022
2022052202964,-2.937109,53.393575,3,2022
2022052201458,-3.015613,53.364726,3,2022
2023052300496,-3.055047,53.413392,3,2023
2022141247654,-1.454315,53.408351,3,2022
2022201184525,-1.973287,52.412617,3,2022
2022201180208,-1.907802,52.499337,3,2022
2022201205255,-1.826512,52.557177,3,2022
2022201206048,-1.87037,52.504768,3,2022
2023201323555,-1.959556,52.509759,3,2023
2024201514053,-1.99913,52.51996,3,2024
2023201371945,-2.110932,52.62597,3,2023
2024201439636,-2.06979,52.56482,3,2024
2022131175531,-1.745577,53.81058,3,2022
2023131312514,-1.562412,53.81513,3,2023
2023131331206,-1.540758,53.740987,3,2023
2024131530172,-1.51717,53.78596,2,2024
2023101284664,-1.619546,54.933533,2,2023
2023481355189,-0.078297,51.513228,2,2023
2024010497776,0.14142,51.55413,3,2024
2022010385723,0.16358,51.4495,3,2022
2022010356058,-0.248775,51.541435,3,2022
2024010522461,-0.2371,51.53492,2,2024
2024010547598,-0.31146,51.56259,3,2024
2024010525300,-0.12761,51.5137,3,2024
2023010454708,-0.068751,51.531074,3,2023
2024010512213,-0.09615,51.571,2,2024
2023010459610,-0.111971,51.605714,3,2023
2024010523202,-0.12363,51.60692,3,2024
2022010368216,-0.084306,51.548622,3,2022
2022010363217,-0.14131,51.465333,3,2022
2023010476993,-0.131486,51.448891,1,2023
2024010516741,-0.10903,51.46367,3,2024
2024010542250,-0.11423,51.46461,3,2024
2022010391200,0.069882,51.558484,3,2022
2023010454636,0.019853,51.599904,3,2023
2022010371467,-0.055105,51.473008,3,2022
2022010386944,-0.086861,51.451885,3,2022
2022010404453,-0.100718,51.493566,3,2022
2024010518692,-0.07749,51.46181,2,2024
2022010383211,-0.059539,51.519178,3,2022
2024010507951,-0.05098,51.51103,3,2024
2022010416686,-0.160029,51.454513,3,2022
2023010438271,-0.144036,51.422256,3,2023
2023010451634,-0.170098,51.519786,2,2023
2022351178663,0.110844,52.214823,3,2022
2023302300995,-1.459099,53.312112,3,2023
2024302400890,-1.35855,53.06934,3,2024
2022421263483,0.561068,51.521143,3,2022
2023421362284,0.077016,51.65136,2,2023
2023531289866,-2.466568,51.681645,2,2023
2023440218012,-1.209395,50.860724,3,2023
2022411159740,-0.239008,51.768333,2,2022
2022411218997,-0.218071,51.676478,3,2022
2022411278651,-0.468081,51.74007,3,2022
2022461191374,0.235624,51.437905,3,2022
2022461212424,0.87078,51.144199,3,2022
2023461332643,0.344836,51.338912,3,2023
2024461485807,0.54361,51.3263,3,2024
2024041509713,-3.03702,53.87641,1,2024
2024041526442,-2.53972,53.87842,2,2024
2024320303447,0.10065,53.27886,2,2024
2022361175234,1.277148,52.646605,2,2022
2023311318098,-0.920965,53.064336,3,2023
2023430452226,-1.229169,51.752668,2,2023
2024430551915,-1.59327,51.75699,3,2024
2023211321336,-2.242922,53.036671,3,2023
2024371491969,1.35285,51.96545,3,2024
2023451330335,-0.350394,51.282631,3,2023
2022471206542,-0.204501,51.106733,2,2022
2023471304535,-0.171632,51.114318,2,2023
2024991417881,-2.14549,57.13387,1,2024
2024991439215,-3.42104,56.20412,3,2024
2024991422199,-4.32404,55.89282,2,2024
2024622400732,-3.99007,51.61448,3,2024
2023170M30393,-1.26376,54.524833,3,2023
2023161348853,-0.414033,53.779763,3,2023
2023302300168,-1.492587,52.876332,3,2023
2023302300853,-1.484046,52.92491,2,2023
2024332401041,-1.12346,52.61118,3,2024
2022311294117,-1.223292,52.974687,3,2022
2024221406305,-2.49371,52.63022,3,2024
2022522203036,-2.59391,51.443839,3,2022
2023501324381,-4.074186,50.38902,3,2023
2023501384871,-3.525546,50.479355,3,2023
2022401140707,-0.435568,51.904614,3,2022
2023401329346,-0.492654,51.897185,3,2023
2023421371958,0.731529,51.535409,3,2023
2023461295878,0.522017,51.380189,3,2023
2024430050756,-1.2769,51.40527,3,2024
2024430490612,-0.72464,51.99585,3,2024
2023440114774,-1.336829,50.910941,3,2023
2024440116843,-1.20211,50.64686,3,2024
2023111328266,-1.855755,54.866672,3,2023
2022070789588,-2.135991,53.262014,3,2022
202354A048323,-1.850524,51.612364,3,2023
2022101180578,-1.54709,55.120459,3,2022
2023552300369,-1.930423,50.729265,3,2023
2024061519972,-2.39963,53.54558,2,2024
2023061303060,-2.271621,53.578629,2,2023
2023061387062,-2.248054,53.422713,3,2023
2024061444285,-2.17764,53.6058,2,2024
2022052202142,-2.935944,53.450089,3,2022
2023052302828,-2.708545,53.462171,2,2023
2024052401410,-3.00816,53.45827,3,2024
2023141316946,-1.199246,53.566813,2,2023
2022141190289,-1.48705,53.419453,3,2022
2022141193707,-1.461664,53.371944,3,2022
2023141365394,-1.487528,53.41976,3,2023
2022201251111,-1.950742,52.538685,3,2022
2024201532993,-1.99345,52.48206,3,2024
2023201358824,-1.981304,52.612779,1,2023
2024131417439,-1.75331,53.80422,2,2024
2022131231403,-1.797121,53.633684,2,2022
2022131182051,-1.331666,53.587931,2,2022
2024010537259,-0.26544,51.61085,3,2024
2024010500474,-0.2496,51.55388,3,2024
2024010493524,-0.17592,51.5462,3,2024
2023010480354,-0.098571,51.382724,3,2023
2022010411557,-0.269459,51.506726,3,2022
2022010413334,-0.385928,51.51255,3,2022
2023010420288,-0.398813,51.556465,3,2023
2023010428058,-0.404191,51.585412,2,2023
2024010528345,-0.28259,51.49598,3,2024
2023010467235,-0.138384,51.556974,3,2023
2024010526273,-0.10532,51.56398,2,2024
2022010374779,-0.112903,51.474096,2,2022
2024010546197,-0.11124,51.489,3,2024
2022010353958,-0.064965,51.427821,3,2022
2022010356538,-0.027509,51.481836,2,2022
2022010388851,0.003793,51.458644,2,2022
2024010510888,0.05777,51.52184,3,2024
2024010491858,-0.33017,51.4454,3,2024
2023010453813,-0.088366,51.506108,3,2023
2023010458948,-0.070755,51.485344,3,2023
2023010433867,-0.175191,51.38468,2,2023
2022010363091,-0.068042,51.531116,3,2022
2022010414230,-0.061364,51.526771,3,2022
2023010463073,-0.056486,51.504208,2,2023
2023010482072,-0.053804,51.511007,3,2023
2024010538590,-0.02548,51.52711,3,2024
2022010413529,-0.029973,51.577325,3,2022
2022010375575,-0.136318,51.485379,3,2022
2022010388223,-0.157948,51.512626,3,2022
2023010426187,-0.166035,51.533031,3,2023
2023010468320,-0.178487,51.525932,3,2023
2024010492112,-0.1264,51.51159,3,2024
2023351379283,0.180709,52.671976,3,2023
2023351365961,-0.279811,52.224986,3,2023
2023351377394,-0.128073,52.556533,3,2023
2022031245998,-3.551867,54.663794,3,2022
2023501278722,-3.415837,50.647156,2,2023
2022421138376,0.917581,51.914477,3,2022
2022421185647,0.469965,51.732422,2,2022
2024421512033,0.48242,51.72549,2,2024
2024531408722,-2.21766,51.86566,2,2024
2024411521013,-0.19538,51.80124,2,2024
2022041171761,-2.56184,53.714806,3,2022
2023041267087,-2.882132,53.784557,2,2023
2024041499566,-2.22723,53.80043,3,2024
2024320273384,-0.4121,52.99878,3,2024
2024311398015,-1.12021,53.11973,3,2024
2022430341333,-1.211354,51.75745,3,2022
2022371167092,1.197727,52.032986,3,2022
2023471374642,-0.192072,51.130904,2,2023
2024471463979,-0.67777,50.80312,3,2024
2022991132851,-4.220272,55.813369,1,2022
2022991195433,-2.145764,57.173113,3,2022
2022991161989,-3.190281,55.974926,3,2022
2024991427656,-4.24395,55.85646,3,2024
2024631523309,-4.13319,51.67897,3,2024
2023071315147,-2.592299,53.395245,3,2023
2024041445303,-2.99682,53.80069,2,2024
2023161273421,-0.321275,53.748845,3,2023
2023161273442,-0.342286,53.747933,3,2023
2022161271491,-0.107681,53.557123,3,2022
2023302301624,-1.442268,52.902535,3,2023
2023332300309,-1.121877,52.638817,3,2023
2023332300733,-1.118396,52.642881,2,2023
2022522201207,-2.579566,51.458774,3,2022
2022522205609,-2.768868,51.486161,2,2022
2022401209161,-0.433109,51.867077,2,2022
2022440237980,-1.077302,50.8007,3,2022
2022440325304,-1.086849,50.845289,3,2022
2023440222648,-1.416394,50.928235,2,2023
2022221212152,-2.826017,52.716303,3,2022
2022501228777,-5.056354,50.255581,2,2022
2022501231993,-5.127026,50.29642,3,2022
2023501384940,-4.770613,50.338373,3,2023
2022401193386,-0.229434,52.017372,3,2022
2022552200975,-1.911035,50.724845,3,2022
2024122401245,-0.60349,54.485,3,2024
2023520300962,-3.005496,51.129814,3,2023
2023061289865,-2.133546,53.61114,2,2023
2024061478774,-2.1132,53.38987,3,2024
2024061467079,-2.07079,53.45723,3,2024
2023052302072,-2.973313,53.430805,2,2023
2022052202914,-3.088428,53.418512,2,2022
2024141520558,-1.46984,53.54967,3,2024
2024141428311,-1.50801,53.36436,2,2024
2024101464173,-1.5488,55.01491,3,2024
2024101413802,-1.45127,54.92574,3,2024
2023201391027,-1.893609,52.502373,2,2023
2024201439673,-1.91449,52.50144,3,2024
2024201466327,-1.89201,52.41468,3,2024
2023201271230,-1.495613,52.410116,2,2023
2023201281208,-1.992439,52.525219,2,2023
2023201314101,-1.986645,52.532482,3,2023
2023131348534,-1.772211,53.811047,3,2023
2022131144038,-1.523387,53.81037,3,2022
2023101266310,-1.59468,54.958848,3,2023
2022010388422,0.099409,51.535838,3,2022
2022010411754,-0.249221,51.595549,2,2022
2023010475257,-0.158747,51.613183,3,2023
2024010509495,0.0821,51.36639,3,2024
2023010438489,-0.178196,51.544776,3,2023
2022010403227,-0.099434,51.368485,3,2022
2024010496865,-0.10343,51.37878,3,2024
2024010542851,-0.11629,51.36761,3,2024
2022010355633,-0.069692,51.565054,2,2022
2023010467156,-0.065784,51.56669,3,2023
2024010532724,-0.18923,51.4782,3,2024
2022010416416,-0.108413,51.592285,3,2022
2023010472353,-0.116868,51.581234,3,2023
2024010547594,0.16589,51.57415,3,2024
2022010382468,-0.184514,51.482394,2,2022
2022010394118,-0.114933,51.46502,3,2022
2022010400811,-0.123253,51.455576,3,2022
2024010512262,-0.00139,51.45867,3,2024
2023010471793,0.071328,51.555698,3,2023
2022010357102,-0.066409,51.514876,3,2022
2022010361759,-0.015408,51.51209,2,2022
2022010370062,-0.063743,51.509427,3,2022
2022010372947,-0.057433,51.511085,3,2022
2022010382535,-0.009477,51.498726,2,2022
2022010391357,-0.021401,51.505492,2,2022
2023010462849,-0.032866,51.523014,2,2023
2024010502081,-0.04072,51.53183,3,2024
2023010469124,0.004076,51.55246,3,2023
2022010384137,-0.148921,51.43165,2,2022
2024010503784,-0.15116,51.46127,3,2024
2023010434518,-0.155992,51.526084,3,2023
2023010470550,-0.150776,51.505014,3,2023
2023351274774,0.13441,52.194608,3,2023
2024351454849,-0.27706,52.2306,2,2024
2023302301487,-1.369906,53.086041,3,2023
2022501250876,-4.207231,51.021224,2,2022
2024471422579,0.56289,50.86009,3,2024
2024421508668,0.90075,51.90534,3,2024
2024531519621,-2.06493,51.89421,3,2024
2024531529362,-1.76503,52.09433,2,2024
2023440071321,-1.772248,50.851695,3,2023
2024440554969,-1.47606,51.21221,1,2024
2023461284451,0.324682,51.449868,3,2023
2024041440972,-3.02214,53.91608,2,2024
2022320158827,-0.557719,53.219813,3,2022
2022311201944,-1.07308,52.966779,2,2022
2023311331216,-1.099114,52.927722,2,2023
2024311515883,-1.22603,53.01645,3,2024
2022430207583,-1.296635,51.665767,3,2022
2023430323022,-1.272931,51.78171,3,2023
2023430405232,-1.233327,51.744945,2,2023
2022371255797,1.715873,52.455754,2,2022
2024371516678,1.46623,52.31886,2,2024
2024451433643,-0.15921,51.17448,3,2024
2023471351395,-0.411555,50.826711,3,2023
2023221378466,-2.232728,52.395965,3,2023
2022991134223,-3.175639,55.972955,2,2022
2024991419567,-3.19961,55.95783,2,2024
2024991477914,-3.19245,55.95368,3,2024
2023991372350,-2.659784,56.734962,2,2023
2023991268558,-2.97038,56.464875,3,2023
2023622300710,-3.270256,51.538999,3,2023
2024622400825,-3.47647,51.73122,2,2024
202417H107124,-1.23222,54.70282,3,2024
2024070903214,-2.57232,53.39654,3,2024
2024041574497,-2.47863,53.75017,2,2024
2022161195004,-0.444365,53.756546,3,2022
2024332400110,-1.14911,52.6289,3,2024
2023522300584,-2.578948,51.426991,2,2023
2024522403162,-2.57116,51.46324,3,2024
2022543117722,-1.80571,51.599054,3,2022
2022401188346,-0.421303,51.890234,3,2022
2022471186312,-0.135297,50.827344,2,2022
2023440043774,-1.064622,50.816741,3,2023
2024440318419,-1.43223,50.92142,3,2024
2024440066592,-1.16678,50.72432,2,2024
2022111156067,-1.565197,54.851656,3,2022
2024111429642,-1.58758,54.62311,2,2024
2022401251109,-0.465251,52.124378,3,2022
2023430514790,-0.788566,51.804026,3,2023
2023061309583,-2.416617,53.562329,3,2023
2023061320725,-2.252209,53.481507,3,2023
2023061371654,-2.263606,53.470184,3,2023
2023061380600,-2.218939,53.411606,2,2023
2022052201453,-2.993757,53.452893,2,2022
2022101253748,-1.490827,55.001125,3,2022
2022101137766,-1.522214,54.976423,3,2022
2022201274292,-1.940865,52.438631,3,2022
2023201344741,-1.832989,52.463341,1,2023
2023201377370,-1.900739,52.502595,2,2023
2023131304304,-1.81177,53.811475,3,2023
2024131408227,-1.91222,53.86586,3,2024
2023131309020,-1.867921,53.722505,3,2023
2023131306379,-1.582347,53.774467,2,2023
2022010399550,-0.297357,51.546125,3,2022
2022010360401,0.022805,51.407103,3,2022
2024010535014,-0.07786,51.37868,3,2024
2023010431295,-0.319791,51.513806,3,2023
2023010460962,-0.323612,51.51021,3,2023
2024010508618,-0.38507,51.50919,2,2024
2024010514923,-0.36114,51.50163,2,2024
2023010464732,-0.027645,51.665044,3,2023
2023010448805,0.03301,51.465002,3,2023
2024010550418,-0.1057,51.59237,3,2024
2023010446764,-0.282248,51.490791,3,2023
2024010524026,-0.16871,51.48755,3,2024
2022010362326,-0.100855,51.473992,3,2022
2023010467868,-0.119981,51.470065,3,2023
2023010483102,-0.128165,51.464647,3,2023
2024010494462,-0.12274,51.44983,3,2024
2024010498320,-0.13097,51.42835,3,2024
2023010472292,-0.033374,51.453311,3,2023
2022010402578,-0.025574,51.496309,3,2022
2024010488992,-0.05483,51.5275,3,2024
2022010369317,-0.149549,51.483376,2,2022
2023010429436,-0.15664,51.438228,3,2023
2023010478426,-0.165055,51.440797,2,2023
2024010548679,-0.16344,51.44843,2,2024
2022010352727,-0.140851,51.499992,2,2022
2022010393885,-0.131206,51.516349,3,2022
2023010439440,-0.128543,51.511684,3,2023
2023010445059,-0.151329,51.528016,3,2023
2023010474514,-0.161175,51.521588,3,2023
2024010518626,-0.14249,51.49644,3,2024
2024501517536,-3.40503,50.62311,3,2024
2022471236562,0.609227,50.872923,3,2022
2023471327256,0.284186,50.76217,3,2023
2022421229301,0.916492,51.914963,3,2022
2022411143341,-0.457917,51.759971,3,2022
2024411482538,-0.2106,51.81786,3,2024
2022461160697,0.875528,51.175023,2,2022
2024461410085,0.26786,51.45246,3,2024
2024461413034,1.17097,51.08222,3,2024
2024041404847,-2.2387,53.79126,3,2024
2024320546166,-0.56283,53.21035,3,2024
2022361267539,1.566124,52.559326,3,2022
2023311278056,-1.133712,52.937598,2,2023
2024211531945,-2.02289,52.69083,3,2024
2023451381800,-0.227924,51.287038,3,2023
2023231291561,-1.532951,52.460461,2,2023
2022471192613,-0.182634,51.11064,3,2022
2023991283005,-4.482493,55.630055,3,2023
2022991167111,-3.206079,55.947053,3,2022
2024991454609,-3.21009,55.95106,2,2024
2022170H10212,-1.208261,54.686052,2,2022
202417S109324,-1.3081,54.56983,3,2024
2024111499318,-1.5655,54.52852,2,2024
2024070639551,-2.73866,53.3531,2,2024
2023522400413,-2.568118,51.458317,3,2023
2024522402956,-2.58214,51.44687,3,2024
2024522500174,-2.5756,51.46983,3,2024
2023522300117,-2.605824,51.524216,3,2023
2024522401701,-2.51177,51.45554,3,2024
202254C681522,-1.731357,51.577041,3,2022
2024461477663,0.51336,51.41502,3,2024
2022070415470,-2.520478,53.242465,3,2022
2024070879942,-2.72579,53.29598,3,2024
2023541026623,-2.212239,51.319709,3,2023
2024401492388,-0.47939,52.01695,3,2024
2022552200339,-1.943226,50.745818,3,2022
2022552200649,-1.876637,50.751999,3,2022
2023552300635,-1.987473,50.753088,3,2023
2024552401094,-1.9836,50.72128,3,2024
2023552301291,-2.439597,50.709616,3,2023
2023061327581,-2.417277,53.549572,2,2023
2022052202709,-3.005336,53.642576,3,2022
2023052302230,-3.002459,53.367102,2,2023
2023052302243,-3.116836,53.411023,2,2023
2024141481542,-1.47299,53.55832,2,2024
2022101176097,-1.533869,54.99134,2,2022
2023201300927,-1.91918,52.431768,2,2023
2024201443373,-1.80968,52.4726,3,2024
2024201406460,-1.98195,52.51209,3,2024
2023201273734,-2.168843,52.568501,2,2023
2023131368267,-1.649553,53.704881,2,2023
2022131212567,-1.53988,53.836671,3,2022
2023131328468,-1.513281,53.797837,2,2023
2024131464395,-1.50075,53.81621,2,2024
2022010381339,-0.180372,51.610589,3,2022
2024010545078,-0.21414,51.55576,3,2024
2023010486230,0.131607,51.438539,2,2023
2024010496228,0.14458,51.48135,3,2024
2022010407320,-0.168132,51.537893,3,2022
2022010377178,-0.0893,51.535448,3,2022
2023010422058,-0.07735,51.524759,3,2023
2022010388188,-0.094085,51.596918,3,2022
2022010404797,-0.068709,51.596062,3,2022
2023010472315,-0.31816,51.58975,3,2023
2023010485899,-0.355495,51.471608,3,2023
2022010363538,-0.131079,51.464496,3,2022
2022010380684,-0.150554,51.466369,3,2022
2022010403195,-0.131176,51.464236,3,2022
2024010518557,-0.04624,51.48428,3,2024
2022010369871,-0.012708,51.530417,2,2022
2022010408047,0.053827,51.547975,3,2022
2022010418989,0.061351,51.552322,3,2022
2023010423928,0.048405,51.548313,2,2023
2024010519578,0.05783,51.53302,3,2024
2022010397498,-0.285027,51.46933,3,2022
2022010374274,-0.098827,51.478437,3,2022
2022010376972,-0.07763,51.474279,3,2022
2023010443290,-0.066837,51.442771,3,2023
2023010461074,-0.091306,51.498872,2,2023
2024010517392,-0.05822,51.4881,3,2024
2023010449831,-0.073487,51.509372,3,2023
2023010459757,-0.171941,51.429422,3,2023
2024010537768,-0.13267,51.51637,3,2024
2023501342125,-3.456241,50.587878,3,2023
2024421495970,1.11908,51.79304,2,2024
2023411354011,-0.273116,51.657184,3,2023
2023411344763,-0.407958,51.652705,3,2023
2023461338408,0.214584,51.437531,3,2023
2024461464698,0.18892,51.31297,3,2024
2024461512057,0.26327,51.13021,3,2024
2024461516203,0.86573,51.14572,2,2024
2024041470284,-2.18567,53.7096,3,2024
2024332401075,-1.10594,52.58691,3,2024
2023320069034,-0.649383,53.201749,2,2023
2023320386656,-0.537781,53.250675,3,2023
2022311211194,-1.127682,53.160985,3,2022
2022311244411,-1.18948,53.16748,3,2022
2022430215139,-1.231539,51.749644,2,2022
2023430490126,-1.273878,51.681085,3,2023
2022211256535,-2.216642,53.012271,2,2022
2022371188353,1.140398,52.062212,3,2022
2023451303435,-0.505624,51.338481,3,2023
2024451526299,-0.72444,51.33128,3,2024
2022471222259,-0.188889,51.111816,3,2022
2023471319636,-0.344133,51.043632,3,2023
2023221276812,-2.265817,52.157482,1,2023
2022991185963,-4.268915,55.878755,3,2022
2024991530963,-3.98225,55.7844,2,2024
202360A126449,-4.497825,53.20902,2,2023
2023622300472,-3.275966,51.391918,3,2023
2022170S22152,-1.282491,54.606449,2,2022
2023071297458,-2.723434,53.363358,3,2023
2023122400173,-1.080241,53.955288,3,2023
2023302301590,-1.441745,52.900375,3,2023
2024332400154,-1.13729,52.61987,2,2024
2024311503376,-1.14129,52.95644,2,2024
2022522204285,-2.506647,51.409127,3,2022
2024522401087,-2.56411,51.46951,2,2024
2024522402390,-2.59535,51.50691,3,2024
2022522205138,-2.483931,51.621261,2,2022
2023522301045,-2.524997,51.521037,3,2023
2023501345582,-4.133948,50.372387,3,2023
2022401248255,-0.455512,51.902926,3,2022
2024421484551,0.73374,51.55233,2,2024
2023070088267,-2.118602,53.272918,3,2023
2022070585527,-2.984108,53.304458,3,2022
2022552201035,-1.947331,50.711855,3,2022
2024552400835,-2.40033,50.70583,3,2024
2023031278119,-2.936951,54.904148,2,2023
2022351162830,0.149008,52.179353,3,2022
2024302401267,-1.40715,53.18311,3,2024
2024501478954,-3.52586,50.71787,2,2024
2023501285590,-3.915715,50.39066,2,2023
2024471412150,0.29166,50.76685,3,2024
2024471445754,0.47054,50.84102,3,2024
2022421229841,0.498158,51.750972,2,2022
2022440194040,-1.122855,50.846824,3,2022
2024461405998,0.83989,51.14088,3,2024
2022461236413,0.520128,51.279555,3,2022
2023461379723,1.391133,51.389644,2,2023
2023461338794,0.277552,51.203218,2,2023
2022041239285,-2.223675,53.80247,2,2022
2022041183415,-2.228751,53.691709,3,2022
2024332400528,-1.2232,52.76262,2,2024
2024311513778,-1.15121,52.89206,3,2024
2024430123399,-0.99484,51.74715,3,2024
2022451234638,-0.37426,51.279233,3,2022
2023451290257,-0.065485,51.246022,3,2023
2022231204468,-1.288101,52.362155,3,2022
2024471454626,-0.45144,51.08761,3,2024
2024061498166,-2.2599,53.42031,2,2024
2023061310397,-2.206895,53.564431,3,2023
2022061247915,-2.161223,53.409433,3,2022
2024061527024,-2.36562,53.45231,3,2024
2022052203184,-2.975473,53.458725,3,2022
2023052302345,-2.98407,53.322373,3,2023
2024052401229,-2.97898,53.33854,3,2024
2024141520587,-1.1681,53.53718,2,2024
2022141132493,-1.560849,53.342516,3,2022
2023201323967,-1.812378,52.519938,3,2023
2023201416926,-1.848386,52.424372,3,2023
2023201416535,-1.902185,52.481362,3,2023
2022201239736,-1.976093,52.498427,3,2022
2022131134665,-1.787068,53.801142,2,2022
2022131142433,-1.664614,53.797789,2,2022
2023131283672,-1.589119,53.797302,2,2023
2024131435352,-1.51687,53.81166,2,2024
2022101150678,-1.559968,54.937079,2,2022
2024481563601,-0.08676,51.51032,3,2024
2022010356706,0.017257,51.390158,2,2022
2022010385743,-0.205327,51.552748,3,2022
2024010524778,-0.33394,51.50432,2,2024
2024010504757,-0.07578,51.54728,2,2024
2024010512771,-0.0804,51.52419,3,2024
2022010386265,0.176203,51.567154,3,2022
2023010433481,-0.410868,51.586824,3,2023
2024010493890,-0.32771,51.47318,2,2024
2024010525620,-0.34696,51.48121,3,2024
2024010497301,-0.18284,51.4908,3,2024
2022010377154,-0.113249,51.465001,3,2022
2024010533437,-0.0919,51.4684,3,2024
2022010368406,-0.004068,51.545998,3,2022
2022010363010,-0.233029,51.485905,2,2022
2023010467872,-0.199796,51.367426,3,2023
2023010429522,-0.021645,51.527816,3,2023
2024010508574,-0.15089,51.44475,2,2024
2022010367455,-0.129735,51.512836,3,2022
2023010431981,-0.12906,51.494849,3,2023
2023010468826,-0.172033,51.51755,2,2023
2024010505253,-0.1257,51.49777,3,2024
2024010506758,-0.15722,51.51642,2,2024
2024991438500,-3.14205,55.89821,3,2024
2022991245506,-4.425221,55.839336,3,2022
202360A122272,-3.049362,53.00665,2,2023
202363A017423,-4.309018,51.854632,2,2023
2023622301034,-3.202262,51.52558,3,2023
2024622400442,-3.18367,51.45632,3,2024
2023631394657,-3.323388,52.516262,3,2023
2022161245179,-0.339984,53.748243,3,2022
2022161248977,-0.197649,54.090515,3,2022
2022122201468,-1.055052,53.953852,3,2022
2024302401724,-1.44781,52.88995,3,2024
2022332200363,-1.117745,52.620177,2,2022
2023332300617,-1.183957,52.642092,3,2023
2024520001617,-2.37114,51.37453,3,2024
2024501406583,-4.16013,50.39302,1,2024
2023547036423,-1.778831,51.556711,3,2023
2023351267690,-0.252061,52.581769,1,2023
2023351270748,-0.283653,52.586142,3,2023
2024461483798,0.53797,51.40299,2,2024
2024461526398,0.55627,51.39479,3,2024
2022430064858,-0.758838,51.504311,3,2022
2024471413196,-0.12563,50.82823,3,2024
2024471415203,-0.13752,50.82138,2,2024
2022070055030,-2.038184,53.35813,3,2022
2023070408475,-2.610128,53.228547,2,2023
2023401318958,-0.256579,52.086086,3,2023
2024552400178,-1.92627,50.75125,3,2024
2023552301482,-2.458886,50.626951,1,2023
2024520402210,-2.99865,51.12906,3,2024
2022061254578,-2.257066,53.527023,3,2022
2022061164635,-2.236783,53.425477,2,2022
2024061508616,-2.24069,53.47413,3,2024
2024061474605,-2.16069,53.61098,3,2024
2023052301832,-2.956689,53.464639,2,2023
2022141254204,-1.145127,53.531778,2,2022
2023141378252,-1.180512,53.483721,3,2023
2024141404986,-1.49607,53.36122,3,2024
2023101312082,-1.496787,54.845721,3,2023
2022201264523,-1.853215,52.471495,3,2022
2023201427818,-1.772255,52.481399,2,2023
2023201386802,-1.495679,52.40821,2,2023
2024201400894,-2.07412,52.59914,3,2024
2023131310244,-1.783888,53.657444,2,2023
2024131461105,-1.6256,53.79787,2,2024
2024131477555,-1.54659,53.79454,2,2024
2024131409147,-1.5242,53.70072,3,2024
2023010421401,-0.191374,51.647735,3,2023
2024010541301,0.05669,51.36825,3,2024
2024010523536,-0.13629,51.52251,3,2024
2023010477565,-0.077445,51.663028,3,2023
2024010552183,-0.32723,51.58127,3,2024
2022010384515,-0.472969,51.507897,3,2022
2022010378293,-0.422077,51.455222,3,2022
2024010535006,-0.25856,51.4925,3,2024
2022010391484,-0.104388,51.531493,3,2022
2024010535370,-0.10743,51.56636,3,2024
2022010363505,-0.157304,51.49857,3,2022
2024010545261,-0.20629,51.51756,3,2024
2024010497306,0.03144,51.43157,3,2024
2022010384647,-0.131562,51.399783,3,2022
2024010548886,-0.18701,51.41991,3,2024
2022010413373,0.036907,51.542767,3,2022
2024010516928,-0.07652,51.50408,3,2024
2022010366357,-0.0218,51.496956,3,2022
2024010540073,-0.05884,51.5159,3,2024
2023010423331,0.010767,51.567777,2,2023
2023010485229,-0.129092,51.504265,3,2023
2023302300755,-1.900536,53.249727,3,2023
2024302401548,-1.30665,52.97531,2,2024
2023501299470,-3.593766,50.530946,3,2023
2024501495009,-3.46353,50.61236,3,2024
2022421139510,1.162331,51.818246,3,2022
2024421432047,0.41765,51.62548,3,2024
2022531159919,-2.225491,51.854229,3,2022
2022440067711,-1.20415,50.859187,3,2022
2024440140309,-1.01634,50.8804,2,2024
2023411298984,-0.350151,51.646261,3,2023
2022461221819,1.289096,51.120041,3,2022
2023461285973,1.070858,51.284494,2,2023
2022041233148,-2.204509,53.698575,2,2022
2022041261757,-3.02371,53.760934,2,2022
2024320726992,-0.14397,52.78315,3,2024
2024361409540,1.13789,52.57877,3,2024
2022311151682,-0.942851,53.319577,1,2022
2022311191713,-1.232216,52.91394,2,2022
2024430207826,-1.25953,51.75659,3,2024
2022371154258,1.720828,52.464737,3,2022
2024231408754,-1.22184,52.35958,2,2024
2024231527849,-1.24259,52.39337,3,2024
2022221236334,-1.955629,52.2814,3,2022
2022991225110,-4.3941,55.53448,2,2022
2024991400523,-4.45842,55.83816,3,2024
2023991388401,-4.257754,55.856438,3,2023
202260B034466,-4.126934,53.120615,3,2022
2023622301022,-3.141197,51.482193,3,2023
2022610026822,-3.18776,51.799758,3,2022
2023170M10133,-1.170061,54.527399,3,2023
2022170S10942,-1.351082,54.558226,3,2022
2023070744837,-2.685228,53.338577,3,2023
2022041136619,-2.491456,53.737918,3,2022
2022161197818,-0.413918,53.744569,3,2022
2022311273651,-1.190829,52.947457,2,2022
2023311314317,-1.139782,52.960178,3,2023
2024311434398,-1.13647,52.9598,2,2024
2022522201382,-2.600165,51.438016,3,2022
2022522202533,-2.575064,51.460091,3,2022
2024522500088,-2.56121,51.44194,2,2024
2024522500225,-2.98003,51.34507,2,2024
2022547835322,-1.806516,51.599613,3,2022
202454D563024,-1.81758,51.55537,3,2024
2022471138976,-0.179441,50.839086,3,2022
2024440147686,-1.06975,50.80137,2,2024
2024401420561,-0.46535,52.13127,2,2024
2022552201575,-1.899502,50.725051,2,2022
2024552401482,-1.85473,50.73649,3,2024
2023552301012,-2.456338,50.609048,3,2023
2024031402678,-2.74485,54.32074,2,2024
2024061482485,-2.23461,53.46876,2,2024
2024061515934,-2.32512,53.48912,3,2024
2022061257251,-2.382683,53.442366,3,2022
2022052203095,-2.94971,53.467086,3,2022
2022052202450,-3.037028,53.412336,2,2022
2023141273978,-1.335475,53.460485,3,2023
2024141463206,-1.47999,53.45957,2,2024
2024101413977,-1.40439,54.98885,2,2024
2023201411086,-1.847413,52.437856,2,2023
2023201434320,-1.877952,52.506727,2,2023
2024201462442,-1.88837,52.53344,2,2024
2024201488887,-1.88786,52.58683,3,2024
2022131176064,-1.697542,53.90974,2,2022
2022131199177,-1.534212,53.82563,3,2022
2023131261727,-1.672526,53.805306,3,2023
2024131525197,-1.57013,53.78816,3,2024
2023101384394,-1.67983,54.945892,3,2023
2024481503873,-0.10404,51.51411,3,2024
2024010540943,0.11209,51.55189,3,2024
2023010450360,-0.173567,51.630086,2,2023
2023010476513,-0.254518,51.589953,3,2023
2022010401253,0.09816,51.44309,3,2022
2023010435842,-0.280418,51.562379,3,2023
2023010478396,-0.295102,51.569778,3,2023
2022010356072,-0.117706,51.520413,3,2022
2022010373740,-0.128602,51.528186,3,2022
2022010398179,-0.129328,51.527694,3,2022
2023010423579,-0.05178,51.552034,3,2023
2023010477080,-0.243353,51.503235,2,2023
2024010519814,-0.10544,51.5898,2,2024
2024010550833,-0.10279,51.59013,3,2024
2022010397496,-0.111508,51.536096,3,2022
2023010451057,-0.111217,51.531622,3,2023
2023010466051,-0.20583,51.517226,3,2023
2023010475253,-0.210975,51.519463,3,2023
2022010394325,-0.255492,51.398825,2,2022
2024010540020,-0.29098,51.4113,2,2024
2022010393484,-0.107101,51.435443,3,2022
2024010537249,-0.16149,51.41103,3,2024
2022010432370,0.069915,51.557306,3,2022
2024010528280,0.0616,51.56321,3,2024
2024010488799,-0.30364,51.45634,3,2024
2023010470443,-0.055805,51.466707,3,2023
2024010495847,-0.07272,51.50013,3,2024
2024010518485,-0.10301,51.49883,3,2024
2023010429878,-0.024033,51.532928,3,2023
2023010441195,-0.029298,51.568924,2,2023
2024010512018,-0.18938,51.4456,3,2024
2022010382611,-0.17612,51.511579,3,2022
2024010541094,-0.19396,51.5152,3,2024
2024010544945,-0.21538,51.52776,3,2024
2022351242289,0.151129,52.19238,3,2022
2022501211025,-3.410907,50.623294,3,2022
2023421290520,0.938371,51.886331,3,2023
2022531209497,-2.264235,51.875196,2,2022
2023531368948,-2.52886,51.727218,3,2023
2022440033858,-0.983033,50.863549,3,2022
2022440395497,-1.306849,51.060975,3,2022
2023440104628,-1.02151,50.864346,2,2023
2024440090895,-0.95279,51.0049,2,2024
2024440324616,-1.15338,50.80993,3,2024
2022411200673,-0.192442,51.923053,2,2022
2022461149061,0.522842,51.269415,3,2022
2022461239519,1.083299,51.273454,3,2022
2022041185226,-2.186804,53.91703,3,2022
2022320600657,0.322857,53.144168,3,2022
2023320486540,-0.667557,53.145283,3,2023
2024320169943,0.31929,53.15478,3,2024
2022311161353,-1.173615,53.13598,3,2022
2023311361788,-0.952821,52.951829,2,2023
2023211307951,-1.639085,52.810309,3,2023
2023211364501,-2.16993,53.136855,2,2023
2022471141939,-0.284938,51.085153,1,2022
2023471362414,-0.00366,51.131373,3,2023
2024471439139,-0.15464,51.11757,3,2024
2024471510632,-0.42252,50.84064,1,2024
2022221189570,-1.974281,52.295421,3,2022
2024221407394,-2.19508,52.21046,2,2024
2023991394404,-2.776213,55.955282,3,2023
2024991470604,-3.28435,55.92323,2,2024
2022991168195,-3.038538,56.177628,3,2022
2022991150747,-4.234057,55.828865,2,2022
202260B076306,-3.015969,53.051915,2,2022
2022622200818,-3.27714,51.407776,3,2022
2022170M11342,-1.21236,54.539869,2,2022
2024111455280,-1.5595,54.5289,3,2024
2022070342473,-2.596937,53.386072,2,2022
2023070396122,-2.527433,53.430048,3,2023
2023041346961,-2.470819,53.755223,2,2023
2022041231615,-3.051547,53.825284,3,2022
2024041457788,-3.054,53.81779,2,2024
2022161137099,-0.357378,53.758379,3,2022
2023161332689,-0.34952,53.759934,3,2023
2023161357417,-0.651628,53.59003,3,2023
2023302301825,-1.437623,52.922551,3,2023
2022332200467,-1.129016,52.636532,3,2022
2022332200885,-1.151428,52.62757,3,2022
2023332300723,-1.174902,52.652053,3,2023
2024221407056,-2.46485,52.67746,1,2024
2022211182308,-2.166723,52.999794,2,2022
2023522301590,-2.978208,51.35368,3,2023
2022351261203,-0.248811,52.599604,3,2022
2023430207841,-0.616542,51.527591,3,2023
2024430492095,-0.60914,51.51172,3,2024
2024471516467,-0.13875,50.82861,3,2024
2024111451605,-1.70489,54.85808,2,2024
2023501350165,-4.787962,50.273417,3,2023
2022401253552,-0.510389,51.889615,3,2022
2024401540752,-0.54806,52.06297,3,2024
2024101530712,-1.50067,55.10751,3,2024
2024340WN5832,-0.88306,52.25751,3,2024
2024031418643,-3.20727,54.11736,3,2024
2022351251135,0.154569,52.191796,3,2022
2022471237656,0.524462,50.849478,2,2022
2024421474773,0.706,51.84028,3,2024
2022440346413,-1.081124,51.256367,3,2022
2022440154906,-1.293557,50.965685,2,2022
2023461321169,1.080293,51.360682,3,2023
2023461356095,0.349712,51.433065,3,2023
2024461499444,1.38638,51.38855,3,2024
2022332200133,-1.166478,52.745219,3,2022
2024320467782,-0.52956,53.228,3,2024
2022122200776,-1.541063,53.947973,3,2022
2022311191789,-1.066243,53.42237,2,2022
2024311429545,-1.22446,52.82997,2,2024
2024430141415,-1.22262,51.75522,3,2024
2023430336026,-1.272307,51.644642,2,2023
2022451249377,-0.224583,51.348335,3,2022
2023451327957,-0.571928,51.237038,2,2023
2024451396105,-0.56629,51.43051,3,2024
2024471464037,-0.31694,50.82205,2,2024
2023471285341,-0.733267,50.841052,2,2023
2023471354351,-0.488908,51.034514,3,2023
2022221177927,-2.219301,52.334885,2,2022
2023411315865,-0.327061,51.759476,2,2023
2024371466283,1.57567,52.44919,2,2024
2022520203953,-3.116528,51.028585,3,2022
2022061240703,-2.257523,53.465757,3,2022
2023061373096,-2.195943,53.478107,3,2023
2024061518244,-2.23174,53.43978,3,2024
2023061380651,-2.256254,53.500015,3,2023
2022061191150,-2.057544,53.485715,2,2022
2022061198995,-2.30399,53.446322,3,2022
2024052402255,-2.92563,53.421,3,2024
2023052301398,-2.899989,53.50152,2,2023
2024052402168,-2.9749,53.48498,3,2024
2023052300971,-3.047343,53.430503,2,2023
2023101368220,-1.622239,55.017491,3,2023
2024101399814,-1.65998,54.98585,3,2024
2022201155609,-1.820608,52.507607,2,2022
2022201168491,-1.823901,52.446399,3,2022
2022201274245,-1.818586,52.451102,3,2022
2023201418704,-1.821086,52.563885,3,2023
2024201411272,-1.89532,52.47526,2,2024
2024201524761,-1.96945,52.47511,3,2024
2022201260308,-1.983503,52.576559,3,2022
2023201337327,-2.115754,52.566857,2,2023
2022131140409,-1.711398,53.789794,3,2022
2023131283113,-1.743236,53.793453,3,2023
2024131433149,-1.88188,53.71793,2,2024
2022131230725,-1.431305,53.794016,3,2022
2023131270617,-1.391492,53.929854,2,2023
2022010394796,0.159629,51.563009,2,2022
2022010412069,0.147813,51.546184,3,2022
2023010432397,-0.188718,51.595746,3,2023
2023010428975,0.141756,51.457086,3,2023
2023010424077,-0.131665,51.526949,3,2023
2024010541643,-0.1626,51.54356,3,2024
2024010547582,-0.37579,51.51081,3,2024
2022010390793,0.064376,51.489131,2,2022
2022010401353,-0.191544,51.472521,3,2022
2022010367077,-0.077543,51.58485,3,2022
2022010383778,-0.331871,51.58392,3,2022
2022010356902,-0.116562,51.53695,2,2022
2024010525525,-0.1023,51.53943,3,2024
2024010491470,-0.16625,51.49243,3,2024
2024010533640,-0.17333,51.49458,2,2024
2022010365017,-0.111734,51.503798,3,2022
2022010384121,-0.112398,51.49889,3,2022
2022010373741,-0.041788,51.481689,3,2022
2023010466950,-0.047335,51.484336,3,2023
2023010445634,0.023009,51.529869,3,2023
2022010365960,-0.066324,51.498517,3,2022
2022010412516,-0.098258,51.476189,3,2022
2022010370525,-0.054912,51.524578,3,2022
2023010474977,-0.06256,51.517285,3,2023
2023010459296,-0.02662,51.569769,3,2023
2024010505696,-0.03161,51.56812,3,2024
2022010372817,-0.182583,51.463939,3,2022
2024010551534,-0.1557,51.43983,3,2024
2022010366167,-0.139731,51.511934,3,2022
2022010381327,-0.146475,51.497392,3,2022
2023010426817,-0.178836,51.525857,3,2023
2023010455042,-0.175156,51.515863,3,2023
2023010478215,-0.12707,51.511769,3,2023
2024010518313,-0.17439,51.49924,2,2024
2023991345886,-4.571067,54.785978,3,2023
2023991268059,-2.987317,55.956,3,2023
2022991198348,-4.328375,55.774573,3,2022
2024991502118,-4.32306,55.77802,3,2024
2022991145013,-2.96473,56.46544,2,2022
2023991391855,-4.278608,55.882099,2,2023
2023631323361,-3.689013,51.794325,2,2023
2023170S12293,-1.310311,54.587208,2,2023
2022070454799,-2.65516,53.405128,3,2022
2024041521881,-3.04475,53.81527,2,2024
2022161214173,-0.273559,53.757075,3,2022
2022302200171,-1.479639,52.950061,3,2022
2022302202010,-1.482744,52.929363,3,2022
2023332300734,-1.113701,52.626592,3,2023
2024211485819,-2.13133,52.9929,3,2024
2024522403128,-2.58451,51.44878,3,2024
2022501252734,-3.515838,50.479005,2,2022
2022547759322,-1.772467,51.563038,3,2022
2023461363371,0.508652,51.372571,2,2023
2023461388496,0.515922,51.367315,3,2023
2024111404565,-1.67695,54.66001,3,2024
2024111527718,-1.7046,54.77008,3,2024
2024221471475,-2.50112,52.90966,2,2024
2022401210678,-0.49115,52.120495,3,2022
2023401296195,-0.462827,52.139631,3,2023
2024401556255,-0.51294,51.87448,3,2024
2022101217164,-1.814189,54.974568,3,2022
2023340NN3142,-0.70802,52.459426,3,2023
202234WNC1282,-0.883526,52.24115,3,2022
2023340WN2412,-0.90014,52.262812,3,2023
2024340WN6392,-0.89593,52.25995,3,2024
2023031300918,-3.208415,54.114155,3,2023
2023061350532,-2.469208,53.547923,2,2023
2023061387648,-2.249929,53.462699,3,2023
2024061507231,-2.22473,53.45449,3,2024
2024061415071,-2.43687,53.4266,3,2024
2022052202868,-2.914749,53.391538,3,2022
2022141234543,-1.452054,53.532769,3,2022
2024141438496,-1.38221,53.58302,3,2024
2022141198367,-1.286765,53.501948,2,2022
2022141143494,-1.477397,53.411492,3,2022
2022141208863,-1.468636,53.420415,3,2022
2024101475454,-1.7193,54.9784,2,2024
2022201216623,-1.857786,52.487224,3,2022
2023201400599,-1.859157,52.491558,3,2023
2023201411750,-1.897353,52.47618,3,2023
2023201411031,-1.867987,52.54318,3,2023
2023201300039,-1.996094,52.528662,3,2023
2022101163691,-1.64093,54.950762,3,2022
2024481570190,-0.0901,51.51327,2,2024
2024010543988,-0.24369,51.5491,3,2024
2023010434223,-0.057897,51.406562,3,2023
2022010369829,-0.141076,51.552161,3,2022
2024010501883,-0.34532,51.54502,3,2024
2024010536762,-0.3322,51.52849,3,2024
2024010540530,-0.30457,51.51316,3,2024
2023010438714,-0.077402,51.530713,3,2023
2023010461073,-0.23518,51.506287,3,2023
2023010481205,-0.223845,51.503202,3,2023
2024010524571,-0.48041,51.54717,3,2024
2022010354551,-0.410368,51.479451,2,2022
2024010500994,-0.16135,51.39939,3,2024
2023010427551,0.008751,51.535132,3,2023
2024010493163,0.07821,51.56235,3,2024
2022010385246,-0.283544,51.480855,3,2022
2023010455047,-0.331849,51.438137,2,2023
2023010460625,-0.055881,51.529261,3,2023
2022010366893,-0.189435,51.532675,3,2022
2022010415998,-0.150204,51.516308,3,2022
2023010425006,-0.159648,51.519784,3,2023
2023010435068,-0.136839,51.485324,3,2023
2023010463826,-0.151665,51.51474,2,2023
2023351374959,0.123217,52.166674,2,2023
2022302201029,-1.32282,53.325214,3,2022
2023302301656,-1.32575,53.295496,2,2023
2022501252865,-4.352677,50.810526,3,2022
2023501303372,-3.58495,50.532694,3,2023
2024501502278,-3.19736,50.79592,2,2024
2022471145379,0.218466,51.000246,3,2022
2022440006986,-1.516768,50.9156,2,2022
2022440239647,-1.716195,50.809191,3,2022
2023440274449,-1.154798,50.811601,3,2023
2023440347340,-1.31619,50.994424,3,2023
2024440324496,-1.08087,50.85992,2,2024
2023411289545,-0.467187,51.634997,3,2023
2022461171012,1.352557,51.38292,2,2022
2022461201484,0.800271,51.419933,2,2022
2024461501885,0.84849,51.06904,3,2024
2024041472533,-2.37461,53.74418,3,2024
2022361130852,0.804291,52.570071,3,2022
2022361152644,1.300523,52.397754,3,2022
2024361442113,1.29978,52.63596,2,2024
2023311299175,-1.214744,52.925333,2,2023
2024430445854,-1.26362,51.74879,3,2024
2022451219238,-0.548913,51.255108,3,2022
2022451223375,-0.564148,51.240333,2,2022
2022451244085,-0.743787,51.314651,2,2022
2024451429759,-0.30002,51.3093,3,2024
2024451522371,-0.48965,51.36979,3,2024
2022471200007,-0.195281,51.114964,3,2022
2024471454544,-0.66544,50.79985,2,2024
2024991521853,-4.31642,55.80746,2,2024
2022991210041,-3.235305,55.96725,2,2022
2024991421211,-2.9802,56.47491,2,2024
2023622300359,-3.11184,51.516797,3,2023
2022610050722,-3.21503,51.787556,3,2022
202417L308824,-1.05923,54.60658,3,2024
2023071183980,-2.594522,53.369203,3,2023
2023041299559,-2.453222,53.747812,2,2023
2022161226774,-0.365502,53.778473,3,2022
2023161311906,-0.397646,53.738222,2,2023
2024161397847,-0.45137,53.76193,3,2024
2023161310976,-0.108455,53.555661,1,2023
2024522402392,-2.98127,51.33981,3,2024
2022522300162,-2.550675,51.509823,3,2022
2023545423423,-1.748335,51.583507,3,2023
2022401159818,-0.43763,51.887926,3,2022
2024430133773,-1.24342,51.40336,3,2024
2023430111094,-0.622982,51.512398,3,2023
2023471269309,-0.191142,50.845779,2,2023
2023440009842,-1.400885,50.904893,3,2023
2023111363985,-1.593824,54.61546,2,2023
2022070133126,-2.717128,53.298353,3,2022
2024221473783,-3.02716,52.8795,2,2024
2022501248081,-5.059317,50.264589,3,2022
2022548887322,-1.621534,51.255458,3,2022
2022552200169,-1.858305,50.734001,3,2022
202234NNC7882,-0.708112,52.302737,3,2022
2024031401831,-3.49778,54.71069,2,2024
2023122301297,-0.778721,54.246379,3,2023
2022061232801,-2.385762,53.581011,3,2022
2024061458502,-2.07105,53.56704,2,2024
2023061275029,-2.216631,53.593446,2,2023
2023061282078,-2.151451,53.618003,3,2023
2023061378494,-2.308711,53.495252,2,2023
2022061163982,-2.317775,53.409182,3,2022
2023061338963,-2.334195,53.461962,3,2023
2022052202763,-2.946912,53.39757,3,2022
2022052200256,-2.984191,53.644603,3,2022
2022052200609,-3.046173,53.421443,3,2022
2022141207146,-1.500906,53.58783,2,2022
2022141172380,-1.477429,53.370791,3,2022
2022101203077,-1.40683,54.973669,2,2022
2024201397136,-1.7783,52.48323,2,2024
2023201393957,-2.137132,52.44886,3,2023
2022201263779,-1.98019,52.494634,3,2022
2024131407665,-1.85769,53.71947,3,2024
2023131365258,-1.531291,53.637919,3,2023
2023101339914,-1.573561,54.882599,3,2023
2024010532734,-0.22172,51.5452,3,2024
2024010511959,-0.33455,51.50895,2,2024
2024010550408,-0.33636,51.52268,2,2024
2022010406795,-0.062269,51.620506,3,2022
2022010355447,-0.075431,51.548054,2,2022
2024010489511,-0.21322,51.49053,1,2024
2022010382342,-0.338646,51.59327,3,2022
2023010440605,-0.42711,51.520645,3,2023
2023010442075,-0.423623,51.480942,3,2023
2023010449639,-0.394104,51.579177,3,2023
2024010499668,-0.1875,51.48152,3,2024
2024010533996,-0.19299,51.4888,2,2024
2022010373762,-0.227492,51.39649,2,2022
2023010451025,-0.147964,51.418668,3,2023
2023010477808,0.003948,51.541986,3,2023
2022010370338,-0.092684,51.490702,3,2022
2022010390245,-0.091757,51.468395,3,2022
2022010404069,-0.104956,51.498725,3,2022
2024010551389,-0.08337,51.50468,3,2024
2023010461275,-0.066134,51.526139,3,2023
2024010520177,-0.17096,51.46287,3,2024
2022010354125,-0.215954,51.52961,3,2022
2022010386591,-0.118549,51.509744,3,2022
2022010400065,-0.164541,51.515679,3,2022
2024010516015,-0.14217,51.49296,3,2024
2024010527139,-0.20591,51.5263,3,2024
2024010551031,-0.15927,51.51406,3,2024
2022302201918,-1.899848,53.26214,2,2022
2022421140293,0.702921,51.930272,3,2022
2022421227010,0.329961,51.613851,3,2022
2024421440101,0.47346,51.73658,3,2024
2024421460102,0.4667,51.74238,3,2024
2023440173910,-0.786874,51.25269,2,2023
2023440204084,-0.742804,51.251362,3,2023
2023461356283,1.419065,51.331973,2,2023
2022041148478,-3.03357,53.913912,3,2022
2023041393387,-2.608208,53.826239,2,2023
2024041478988,-3.03304,53.87575,2,2024
2023361316924,1.004108,52.664854,2,2023
2024311461663,-1.10642,53.30253,2,2024
2023451354576,-0.173679,51.323353,2,2023
2024451410804,-0.36492,51.40194,2,2024
2022471164240,-0.757273,50.830249,3,2022
2022221204742,-2.036677,52.020158,3,2022
2023221357978,-1.894723,52.300313,3,2023
2023991285515,-4.368454,55.457959,3,2023
2023991401487,-3.794624,56.024122,3,2023
2023991375611,-3.179237,55.975374,3,2023
202360A079384,-4.062773,53.210679,3,2023
2024041470314,-3.02081,53.82955,3,2024
2022161164661,-0.654095,53.589887,3,2022
2024302401249,-1.43418,52.93338,3,2024
2022332200966,-1.099347,52.652897,3,2022
2023311325647,-1.239367,52.958196,3,2023
2024311536382,-1.15384,52.97128,3,2024
2022522205347,-2.672792,51.504762,3,2022
2023522301746,-2.550622,51.473129,3,2023
2024522401202,-2.56204,51.46951,3,2024
2024421496447,0.69404,51.54298,2,2024
2023461289683,0.518682,51.364738,2,2023
2022471256994,-0.13548,50.820971,3,2022
2023440230311,-1.089919,50.690187,3,2023
2023111325337,-1.354327,54.764689,3,2023
2023111371858,-1.834392,54.851871,2,2023
2022070025075,-3.062744,53.27908,3,2022
2024547761124,-2.13011,51.33196,3,2024
2022401174866,-0.507762,51.914084,3,2022
2022552200632,-1.911855,50.741005,3,2022
2022430492633,-0.615249,51.562132,3,2022
2024430165915,-0.81474,51.82288,2,2024
2024340NN0882,-0.52821,52.3476,3,2024
2023340WN7152,-0.923422,52.247122,3,2023
2023061262483,-2.248083,53.474217,3,2023
2023061286618,-2.230094,53.462963,3,2023
2023061388181,-2.257863,53.464668,3,2023
2024061425595,-2.24256,53.48077,3,2024
2023061260736,-2.361978,53.491391,3,2023
2023061395958,-2.111993,53.423161,3,2023
2023061272794,-2.314077,53.446359,3,2023
2023052302663,-2.641345,53.452627,3,2023
2022052201018,-3.032293,53.49139,3,2022
2024052402142,-2.99154,53.64654,2,2024
2024141398051,-1.47635,53.37303,3,2024
2023101294565,-1.579965,54.97722,3,2023
2022101209836,-1.578246,55.00863,3,2022
2022201163908,-1.914189,52.471842,3,2022
2023201298204,-1.833513,52.492352,2,2023
2022201247964,-2.09683,52.508728,2,2022
2024131500745,-1.78862,53.77875,3,2024
2022131221664,-1.525837,53.758699,3,2022
2023131302027,-1.589524,53.808754,2,2023
2023131334129,-1.361757,53.767375,3,2023
2024131477072,-1.31213,53.68553,2,2024
2023010443788,0.147856,51.563018,2,2023
2022010392380,-0.249044,51.552842,3,2022
2023010449695,-0.221501,51.562274,3,2023
2022010374065,-0.12349,51.528383,3,2022
2022010353147,-0.110394,51.404795,3,2022
2024010493747,-0.267,51.53024,2,2024
2023010476341,-0.071013,51.660927,3,2023
2024010507643,0.00566,51.49901,3,2024
2022010404591,-0.10802,51.594104,3,2022
2022010412960,-0.112317,51.602239,3,2022
2022010356586,-0.333712,51.575017,3,2022
2024010548328,-0.31866,51.58124,3,2024
2023010469604,0.206761,51.55366,3,2023
2023010484427,-0.35436,51.470729,3,2023
2024010492798,-0.1057,51.56413,3,2024
2024010513465,-0.10556,51.52965,3,2024
2022010393945,-0.191146,51.501875,3,2022
2022010404341,-0.184004,51.493069,3,2022
2023010482303,-0.186925,51.502215,3,2023
2024010501693,-0.25844,51.40181,3,2024
2022010410365,-0.129645,51.465408,2,2022
2023010435859,-0.139537,51.454765,3,2023
2024010490275,-0.1114,51.5034,2,2024
2024010515528,-0.04611,51.47537,2,2024
2022010418816,0.038315,51.541034,2,2022
2023010462221,0.032383,51.518277,2,2023
2022010390231,-0.06615,51.459729,2,2022
2022010356039,-0.067212,51.51497,2,2022
2023010436912,-0.025032,51.527172,2,2023
2022010380312,-0.018177,51.581084,3,2022
2022010383738,-0.183444,51.463664,3,2022
2022010417719,-0.132215,51.494855,3,2022
2024010493119,-0.14595,51.52199,3,2024
2022351247398,0.148837,52.179428,2,2022
2023351363445,0.134941,52.19592,3,2023
2023471306101,0.485939,50.853103,3,2023
2022421263107,0.477842,51.715457,2,2022
2023421287042,0.422886,51.568272,3,2023
2023421330290,1.140064,51.79419,3,2023
2023531334653,-2.279552,51.817816,2,2023
2023531388858,-2.070424,51.916119,2,2023
2024531397097,-2.21333,51.87059,3,2024
2022440408765,-1.337161,51.073758,3,2022
2024440042246,-0.98336,50.8526,3,2024
2024440444484,-0.98123,50.85512,3,2024
2024411443488,-0.23798,51.7408,2,2024
2022461253598,1.400989,51.336646,3,2022
2024332401029,-1.22175,52.77593,3,2024
2023361346224,1.291932,52.606622,3,2023
2024361541347,1.28387,52.63235,3,2024
2023430180234,-1.264136,51.775244,3,2023
2024451520589,-0.49223,51.37086,3,2024
2023231316746,-1.581657,52.281073,3,2023
2023471312752,-0.793649,50.835891,3,2023
2023991382587,-3.781929,56.126057,2,2023
2022991148963,-3.056796,55.941891,2,2022
2024991511498,-2.09764,57.16686,2,2024
2023991319962,-4.656796,55.964199,2,2023
2022991230965,-3.186816,55.955983,2,2022
2022991175525,-4.262464,55.858832,3,2022
2024991483777,-4.26657,55.86506,2,2024
2022991142438,-3.96241,55.867174,2,2022
202260B158331,-3.063934,52.982878,3,2022
2024622400652,-3.49875,51.52116,3,2024
2022170H10782,-1.228148,54.696596,2,2022
2022170M11932,-1.233537,54.56782,3,2022
2024041401131,-2.49121,53.72837,3,2024
2024041509798,-2.48318,53.74573,2,2024
2022161215933,-0.27006,53.766931,3,2022
2023122300211,-1.122579,53.94499,3,2023
2024311407190,-1.1344,52.95257,3,2024
2024311435104,-1.16319,52.95665,3,2024
2024221451321,-2.71885,52.05336,3,2024
2024522402750,-2.54706,51.48749,2,2024
2023522400322,-2.457986,51.481728,3,2023
2023401351227,-0.44023,51.882925,3,2023
2023430287669,-0.749954,51.505142,2,2023
2022471212129,-0.134097,50.822541,3,2022
2024440329604,-1.05699,50.78668,3,2024
2022501255184,-4.802242,50.334889,3,2022
2024548569924,-2.14286,51.46876,3,2024
2023401318976,-0.261155,52.087017,3,2023
2024552400739,-1.97784,50.77817,3,2024
2022552200590,-2.266038,51.009717,3,2022
2023552301141,-1.893782,50.798858,3,2023
2024340NN2472,-0.71937,52.40096,2,2024
202234WNC6242,-1.30767,52.167718,3,2022
2024340WN1442,-0.86355,52.26633,2,2024
2024122400302,-1.70031,54.37629,2,2024
2023520301672,-2.99503,51.238521,3,2023
2022061149662,-2.291958,53.590796,3,2022
2022061223080,-2.229116,53.482713,3,2022
2023061259306,-2.081938,53.537815,2,2023
2023061260937,-2.087899,53.589242,3,2023
2022061250632,-2.13583,53.423568,2,2022
2022061214518,-2.103783,53.499471,2,2022
2022061203462,-2.575852,53.541381,3,2022
2022052200553,-2.934844,53.424704,2,2022
2024052400308,-2.94099,53.39844,3,2024
2022141214687,-1.475081,53.383311,2,2022
2024101399012,-1.57339,54.97735,3,2024
2022101213368,-1.432055,54.990665,3,2022
2023101319549,-1.361546,54.877752,3,2023
2022201271408,-1.897636,52.480963,3,2022
2022201274144,-1.840555,52.524393,3,2022
2023201284535,-1.911049,52.437516,2,2023
2024201399437,-1.92879,52.53145,3,2024
2022201263055,-2.127401,52.477666,2,2022
2023201384292,-2.085967,52.513887,2,2023
2023201294327,-1.977377,52.552384,3,2023
2022201180858,-2.091922,52.571238,3,2022
2022131143450,-1.791769,53.648775,2,2022
2024131411767,-1.32063,53.68924,3,2024
2022101189649,-1.599327,54.948565,3,2022
2022010399390,-0.245758,51.600362,3,2022
2023010478648,-0.286009,51.557182,3,2023
2024010523526,-0.37781,51.50689,3,2024
2024010520861,0.05666,51.45076,2,2024
2024010525648,0.03909,51.48996,3,2024
2023010448840,-0.220663,51.503883,2,2023
2024010527871,-0.20281,51.47233,3,2024
2024010488266,-0.09891,51.57748,3,2024
2024010497236,-0.06803,51.60414,3,2024
2023010473815,-0.433956,51.520242,3,2023
2022010407842,-0.257693,51.49256,3,2022
2024010541863,-0.27984,51.49198,3,2024
2024010509571,-0.19882,51.50634,3,2024
2022010383534,-0.128284,51.464892,3,2022
2022010419125,-0.202735,51.41417,2,2022
2024010522573,0.07629,51.55959,3,2024
2023010445571,-0.083468,51.425005,2,2023
2023010450813,-0.064392,51.483242,3,2023
2023010470501,-0.083268,51.504676,3,2023
2022010395522,-0.009418,51.552294,2,2022
2023010426522,-0.001121,51.577683,3,2023
2022010405999,-0.222341,51.448137,3,2022
2024010538529,-0.13963,51.51551,3,2024
2022302200847,-1.630218,52.732684,2,2022
2022501223164,-3.744457,50.520852,3,2022
2024421444609,0.11631,51.77136,3,2024
2023531283281,-2.050519,51.889463,3,2023
2023440272861,-1.076472,51.27472,3,2023
2024440247392,-1.3189,50.89083,2,2024
2022411163624,-0.314575,51.678738,2,2022
2022411226865,-0.492861,51.75752,3,2022
2023411364952,-0.437917,51.752936,3,2023
2024411526514,-0.10277,51.85411,3,2024
2024411499094,-0.01128,51.76589,3,2024
2023041301266,-2.674773,53.786991,2,2023
2024041464368,-2.38132,53.75312,3,2024
2024041487800,-2.47481,53.78884,2,2024
2023320307469,-0.165755,53.109599,3,2023
2023311375076,-1.060015,52.9767,3,2023
2024311413730,-1.08723,52.9738,2,2024
2022430418594,-1.581819,51.763415,3,2022
2024371443050,1.00739,52.26501,3,2024
2023451274031,-0.548789,51.394533,2,2023
2023451333794,-0.326305,51.389031,2,2023
2024471495981,-0.39405,50.8141,3,2024
2023991315659,-4.641348,55.614124,2,2023
2023991351570,-3.97819,55.660544,2,2023
2022991246386,-3.226505,55.937237,3,2022
2024991448743,-4.3727,55.87703,3,2024
2023991304757,-4.024618,55.812901,3,2023
2024622400585,-3.16383,51.48443,3,2024
2022170L21102,-1.177229,54.551309,3,2022
2023070946467,-2.445968,53.374282,3,2023
2024122401196,-1.08158,53.96764,3,2024
2022311253130,-1.196674,53.000687,3,2022
2022211212874,-2.100599,52.982133,3,2022
2022501220881,-3.520874,50.400092,3,2022
2022542681422,-1.761075,51.592435,3,2022
2024548475024,-1.77932,51.56535,3,2024
2022430309672,-1.2183,51.397835,3,2022
2024440223280,-1.05417,50.84629,2,2024
2022440446137,-1.344787,50.914547,2,2022
2022070499363,-2.902137,53.204527,3,2022
2022070754413,-2.547804,53.186863,2,2022
2024070432783,-2.93636,53.20162,3,2024
2024221493790,-2.89821,52.43006,3,2024
2023543269923,-2.208208,51.316794,3,2023
2022401182023,-0.549194,52.060712,3,2022
2022552200691,-2.040324,50.740483,3,2022
2024552400027,-2.18282,51.00541,3,2024
2024340WN0942,-0.87654,52.24467,3,2024
2024340WN5822,-0.85556,52.25452,3,2024
2022122201446,-1.549051,53.984358,2,2022
2023061284674,-2.213777,53.512961,2,2023
2024061407224,-2.25802,53.46298,2,2024
2023061344071,-2.095892,53.536672,3,2023
2023061348363,-2.267116,53.47965,3,2023
2023061349806,-2.414185,53.450898,3,2023
2024061512180,-2.43782,53.53557,3,2024
2023052300800,-2.931355,53.39656,3,2023
2024052401288,-2.97594,53.4055,3,2024
2023052302132,-2.99077,53.464334,3,2023
2024141492212,-1.34114,53.43825,3,2024
2023101308105,-1.468281,55.002601,3,2023
2022101194991,-1.49288,54.969726,2,2022
2022201160703,-1.839684,52.496298,2,2022
2023201319022,-1.944002,52.50506,3,2023
2023201404974,-1.858948,52.52465,3,2023
2024201458679,-1.89436,52.43625,3,2024
2024201508968,-1.89143,52.45439,3,2024
2022201155603,-2.118942,52.561748,3,2022
2022131201162,-1.743273,53.794972,3,2022
2024131503192,-1.77822,53.77721,2,2024
2022131211569,-1.744066,53.644351,2,2022
2024101467525,-1.62703,54.93954,2,2024
2024101507533,-1.60803,54.95945,3,2024
2024010526607,0.14968,51.55126,3,2024
2023010469793,-0.144601,51.557702,3,2023
2024010493540,-0.08505,51.38003,3,2024
2023010442224,-0.357179,51.509687,3,2023
2024010496176,-0.38282,51.50087,1,2024
2024010493388,-0.13588,51.63759,3,2024
2022010393459,-0.06072,51.555491,3,2022
2024010504775,-0.09458,51.56987,3,2024
2024010521421,-0.05676,51.56068,3,2024
2024010551394,-0.05512,51.54667,3,2024
2022010379678,-0.069989,51.591075,3,2022
2022010409769,-0.151116,51.575978,3,2022
2024010538202,-0.35542,51.47142,3,2024
2022010369873,-0.188574,51.485703,2,2022
2022010413919,-0.114651,51.463837,2,2022
2023010445225,-0.130852,51.475337,3,2023
2024010530011,-0.13602,51.41811,3,2024
2022010380505,-0.037652,51.487789,3,2022
2022010359868,-0.202863,51.418974,2,2022
2023010473325,0.050839,51.540222,3,2023
2022010361404,-0.083784,51.50473,3,2022
2023010433814,-0.077416,51.47423,3,2023
2023010451300,-0.072054,51.515328,3,2023
2024010520218,-0.05873,51.52053,3,2024
2022010386807,-0.172739,51.517201,3,2022
2023010450368,-0.143996,51.491031,3,2023
2022351238192,-0.144216,52.560977,3,2022
2023351399019,0.144044,52.101033,3,2023
2024351411434,-0.26358,52.407,3,2024
2023302301598,-1.35753,53.183174,3,2023
2023421344750,0.600681,51.588621,3,2023
2024421407397,1.15376,51.79322,2,2024
2023531285560,-2.08519,51.905815,2,2023
2022461207202,1.115876,51.362735,2,2022
2023461260863,0.253308,51.142325,1,2023
2023461274136,1.022722,51.356282,2,2023
2023041263180,-2.207901,53.839394,3,2023
2022320471278,-0.552504,53.231886,3,2022
2022320628248,-0.666258,52.91415,3,2022
2022361171999,1.231049,52.611169,3,2022
2023311280716,-1.125555,52.931128,3,2023
2024311452447,-1.20665,53.03427,3,2024
2024211522710,-2.25683,53.05791,3,2024
2023371331563,1.157111,52.055874,3,2023
2022451129972,-0.542091,51.32485,3,2022
2022451251980,-0.19706,51.222978,3,2022
2023451392861,-0.077424,51.282352,3,2023
2023231396486,-1.717043,52.202198,2,2023
2022991154452,-3.135252,55.862139,2,2022
2023991369107,-3.287856,55.922916,2,2023
2024991502853,-3.19687,55.94717,3,2024
2022991249573,-3.085293,56.167639,3,2022
2023991359519,-4.279007,55.866813,3,2023
2024991526287,-4.36125,55.88616,3,2024
202263C034722,-4.794712,51.654594,3,2022
2024631448053,-4.16163,51.67515,3,2024
2023622300993,-3.948927,51.63353,3,2023
2023070026862,-2.559806,53.412795,3,2023
2023161368044,-0.838099,53.896025,3,2023
2022122200422,-1.123778,53.945933,3,2022
2024122500151,-1.04565,53.94562,3,2024
2022332200542,-1.149511,52.631197,2,2022
2023332300045,-1.101368,52.655295,2,2023
2024332400171,-1.1722,52.66188,2,2024
2022311131691,-1.147391,52.991876,3,2022
2024311484531,-1.2033,52.93265,3,2024
2023211372306,-2.210842,52.99656,2,2023
2022522200380,-2.616837,51.434684,1,2022
2022522204186,-2.563156,51.442228,3,2022
2023430466033,-0.775827,51.356184,3,2023
2022430380361,-1.325833,51.394933,3,2022
2024430358649,-1.24843,51.40362,3,2024
2023440151767,-1.062036,50.810488,3,2023
2024440550384,-1.07399,50.78037,2,2024
2022440309952,-1.154246,50.731292,2,2022
2023071109481,-2.146084,53.350937,3,2023
2024070335461,-2.45066,53.03799,3,2024
2023070364923,-2.748168,53.04021,2,2023
2022221188762,-2.293562,52.648851,2,2022
2023101291426,-1.572332,55.18524,3,2023
2023122301327,-1.542128,54.005193,2,2023
20225222ME335,-2.288217,51.255156,3,2022
2023061349065,-2.226677,53.454907,3,2023
2023061372097,-2.19769,53.481214,3,2023
2024061436763,-2.26999,53.38461,2,2024
2022052200632,-2.931349,53.38047,3,2022
2023052300040,-2.959848,53.382257,3,2023
2024052400768,-2.89853,53.45535,2,2024
2023052302754,-3.010174,53.459363,2,2023
2024052402577,-3.02022,53.43283,3,2024
2024141405386,-1.28805,53.49249,1,2024
2022141150668,-1.521503,53.409133,2,2022
2023101445374,-1.402941,54.919857,3,2023
2023201285269,-1.909353,52.490241,2,2023
2022201258884,-1.473101,52.456173,2,2022
2022201245619,-1.966546,52.500834,3,2022
2024201563583,-2.07068,52.52809,3,2024
2024201524565,-1.9724,52.60287,3,2024
2022131166017,-1.718053,53.82285,3,2022
2022131230763,-1.787553,53.75925,2,2022
2023131275393,-1.751691,53.798764,3,2023
2023131372267,-1.781032,53.791038,3,2023
2023131375488,-1.545651,53.842553,3,2023
2023131376826,-1.687395,53.855867,3,2023
2024131397374,-1.52611,53.80042,3,2024
2024010519598,0.11455,51.47208,3,2024
2023010425759,-0.067451,51.39583,3,2023
2022010360435,-0.361539,51.55604,3,2022
2022010418224,0.056417,51.487364,3,2022
2023010450352,-0.222488,51.502148,3,2023
2024010530672,-0.21604,51.49357,3,2024
2023010432469,-0.142084,51.574505,3,2023
2023010433670,-0.133206,51.565048,3,2023
2023010454030,-0.206782,51.523095,2,2023
2022010389324,-0.007777,51.453113,3,2022
2024010506184,0.06001,51.51789,3,2024
2024010539390,0.02906,51.52625,3,2024
2023010450165,0.021807,51.610086,3,2023
2022010370170,-0.270892,51.431516,3,2022
2023010421438,-0.332231,51.450966,3,2023
2023010431111,-0.344089,51.427115,3,2023
2022010406401,-0.096066,51.494228,3,2022
2024010546329,-0.06791,51.47397,2,2024
2024010524479,-0.15593,51.38093,3,2024
2024010489706,-0.04672,51.52236,3,2024
2024010526729,-0.02883,51.52644,3,2024
2022031191267,-3.557445,54.622756,3,2022
2024471535110,0.24427,50.82254,2,2024
2023531327488,-2.074386,51.90326,3,2023
2023440399703,-1.121356,51.243242,3,2023
2024440474611,-1.22012,50.82702,2,2024
2022461242840,1.172639,51.078304,3,2022
2023461358417,1.071232,51.260657,3,2023
2024461460273,0.68811,51.36345,3,2024
2022041171473,-2.271711,53.801687,3,2022
2022041220238,-2.204819,53.836927,2,2022
2022041235330,-2.794644,54.099183,3,2022
2024041494510,-2.71058,53.78066,3,2024
2022361233744,1.275708,52.643955,2,2022
2023361301913,1.306367,52.680094,3,2023
2023361387398,0.73356,52.416335,2,2023
2022311220584,-0.806939,53.074997,3,2022
2024311440039,-1.13386,53.31886,2,2024
2023430118787,-1.243992,51.749896,3,2023
2023430582829,-1.193647,51.721769,3,2023
2022451209665,-0.644288,51.132488,2,2022
2023451265696,-0.07915,51.285654,2,2023
2024451471636,-0.20389,51.32052,2,2024
2023231349886,-1.450224,52.511178,3,2023
2023231377206,-1.669501,52.527438,3,2023
2024231517699,-1.29405,52.35864,3,2024
2022471135887,-0.308687,51.071722,3,2022
2024221503814,-2.29367,52.32677,3,2024
2024221529385,-1.95066,52.31161,3,2024
2024991526686,-4.2023,57.47501,3,2024
2023991327362,-3.334609,57.670998,2,2023
2024991480359,-3.15723,55.94125,2,2024
2024991485321,-4.26299,55.84129,3,2024
202360A088031,-3.93307,53.267605,3,2023
2023170S10793,-1.355891,54.566088,3,2023
2023111261937,-1.576269,54.53592,3,2023
2022522202763,-2.607028,51.492308,3,2022
2024522401206,-2.59146,51.45793,3,2024
2024522401618,-2.582,51.48059,3,2024
2023522301706,-2.501861,51.487968,2,2023
2024501396118,-4.18762,50.40003,2,2024
2023546416923,-1.784746,51.568654,3,2023
2023401384240,-0.41733,51.874266,3,2023
2023461368809,0.54439,51.386603,3,2023
2022430051776,-0.869318,51.502622,3,2022
2023430091662,-0.830888,51.410995,3,2023
2023471343697,-0.125461,50.821215,3,2023
2023501288025,-4.862921,50.361412,2,2023
2022401265902,-0.268049,52.091794,3,2022
2024401502107,-0.67568,51.91698,3,2024
2022552201353,-1.715819,50.739974,3,2022
2024552401412,-1.81598,50.73498,3,2024
2023552300708,-2.444828,50.542427,2,2023
2023552400234,-1.878939,50.881781,3,2023
2022061167639,-2.22979,53.476366,3,2022
2023061311717,-2.235146,53.483232,3,2023
2024061494129,-2.2067,53.51497,2,2024
2022061175877,-2.135613,53.52049,3,2022
2024061510541,-2.13838,53.53641,3,2024
2022061151946,-2.191941,53.559405,2,2022
2024061479754,-2.31644,53.50061,3,2024
2022061179185,-2.19273,53.401099,2,2022
2023061340733,-2.349247,53.469937,1,2023
2024061508200,-2.2862,53.45194,3,2024
2024052400154,-2.93777,53.41326,3,2024
2022052200238,-3.112633,53.403871,2,2022
2023141349764,-1.453138,53.583307,3,2023
2023141359468,-1.307529,53.52944,3,2023
2022201233883,-1.857777,52.517744,3,2022
2023201278209,-1.834739,52.444069,3,2023
2023201285414,-1.934119,52.513676,3,2023
2023131291850,-1.711388,53.797838,2,2023
2023131373920,-1.862983,53.721574,3,2023
2022131182582,-1.452622,53.792542,3,2022
2024131479749,-1.58508,53.74836,2,2024
2022481292373,-0.08514,51.511919,3,2022
2023010442055,0.079028,51.538242,2,2023
2022010419812,-0.245121,51.617653,3,2022
2023010439286,-0.273934,51.60595,3,2023
2024010530143,0.09622,51.42267,3,2024
2023010476557,0.003654,51.40647,3,2023
2022010358383,-0.356552,51.553929,3,2022
2022010362226,-0.346089,51.508722,3,2022
2024010529579,0.03418,51.48003,3,2024
2022010391269,-0.236311,51.49304,3,2022
2023010476991,-0.377885,51.575447,3,2023
2024010550424,-0.29911,51.60423,3,2024
2022010412947,0.258201,51.570227,3,2022
2024010492779,-0.43727,51.51453,3,2024
2024010514509,-0.4105,51.47974,2,2024
2023010443328,-0.110106,51.553572,3,2023
2022010378067,-0.121566,51.45179,3,2022
2022010369870,-0.13997,51.460402,3,2022
2022010395342,-0.112087,51.487239,2,2022
2022010403383,-0.11419,51.505034,3,2022
2023010461271,-0.037983,51.479413,2,2023
2024010528173,-0.03708,51.47521,3,2024
2024010536226,0.00915,51.51628,3,2024
2022010353808,0.072819,51.553909,2,2022
2023010473660,0.098762,51.564383,3,2023
2023010422364,-0.358051,51.451744,2,2023
2022010378716,-0.189781,51.45012,3,2022
2022010406556,-0.228251,51.463127,3,2022
2024010511644,-0.23704,51.46137,3,2024
2022010375329,-0.165826,51.508442,2,2022
2022351185473,0.110669,52.24539,3,2022
2024302400866,-1.35009,53.06062,3,2024
2024302401638,-1.20557,53.20415,3,2024
2022471133708,0.278907,50.762085,2,2022
2023421306770,0.814405,51.635771,3,2023
2023531332642,-2.244895,51.866076,3,2023
2023531375464,-2.263856,51.845212,3,2023
2024531533640,-2.24201,51.86935,3,2024
2022440471695,-0.981284,50.853156,3,2022
2023440051111,-0.940109,51.006789,3,2023
2024461514074,0.21755,51.44643,2,2024
2023041375486,-2.894926,54.03933,2,2023
2022320304661,-0.653995,53.265734,3,2022
2024361399172,0.39303,52.67362,3,2024
2024361482858,1.53464,52.65966,3,2024
2024311474030,-1.06855,53.05229,3,2024
2024371427416,1.19175,52.06375,3,2024
2022451197427,-0.342604,51.398165,3,2022
2022451250844,-0.531004,51.424301,2,2022
2022231147046,-1.467899,52.51543,3,2022
2023471311926,-0.552928,50.853973,3,2023
2023471358878,-0.368867,50.824,2,2023
2024991520165,-3.19966,55.9532,3,2024
2024991486802,-4.15298,55.93673,2,2024
2022991221654,-4.351532,55.879388,3,2022
2022610034322,-3.078628,51.607951,3,2022
2023111290873,-1.552954,54.511338,3,2023
2024161424076,-0.33371,53.74423,3,2024
2023161351629,-0.367516,53.795004,3,2023
2023122301383,-1.073668,53.956199,3,2023
2022302202060,-1.495805,52.892239,3,2022
2024522401835,-2.57963,51.48525,3,2024
2024522402574,-2.61076,51.4657,3,2024
2023421352078,0.75674,51.537832,3,2023
2022430425354,-0.582674,51.51011,2,2022
2024471452677,-0.1423,50.82613,3,2024
2022440409914,-1.072544,50.826031,2,2022
2023440373917,-1.065099,50.822707,3,2023
2022440121119,-1.431503,50.910891,2,2022
2022440219939,-1.395443,50.920962,3,2022
2022070138084,-2.816287,53.27527,3,2022
2022542232522,-1.810316,51.073091,3,2022
2023401268104,-0.475479,52.135003,3,2023
2022552201237,-1.890553,50.802371,3,2022
2022430457357,-0.727416,51.643222,3,2022
2022061206931,-2.448329,53.591552,3,2022
2023061343239,-2.577874,53.591149,2,2023
2022061167964,-2.206686,53.515256,3,2022
2024061526493,-2.23351,53.47124,3,2024
2022052203182,-2.94461,53.396824,3,2022
2023052301519,-2.967208,53.391268,3,2023
2023052302660,-2.956962,53.443944,3,2023
2024052400527,-2.97263,53.43567,3,2024
2024052400703,-2.98332,53.40508,3,2024
2022052201700,-3.00469,53.341213,3,2022
2022141193675,-1.464484,53.42392,2,2022
2024141519579,-1.46879,53.37551,3,2024
2023101298159,-1.646358,54.974457,3,2023
2023201289544,-1.889076,52.53582,2,2023
2024201437943,-2.15407,52.45443,2,2024
2024201477151,-2.07972,52.55636,3,2024
2022201212791,-2.012637,52.491093,3,2022
2024201542381,-1.73347,52.47935,3,2024
2024201523480,-1.80531,52.43757,2,2024
2023131262716,-1.792154,53.835054,3,2023
2023131340729,-1.799963,53.627415,3,2023
2024131464219,-1.63192,53.68926,2,2024
2024131502959,-1.63165,53.69634,3,2024
2023131313499,-1.552142,53.798213,3,2023
2024131482402,-1.48904,53.6749,2,2024
2024101438785,-1.60749,54.95172,3,2024
2022481261366,-0.093312,51.510514,2,2022
2022010388260,-0.304413,51.554545,2,2022
2023010425757,0.032966,51.31681,3,2023
2022010417532,-0.141578,51.537709,3,2022
2024010549599,-0.12984,51.52508,2,2024
2024010544866,-0.31091,51.51234,2,2024
2024010512795,0.0499,51.45124,3,2024
2023010460635,-0.080287,51.524177,2,2023
2023010485419,-0.079068,51.551414,3,2023
2024010509996,-0.19708,51.4698,3,2024
2024010526952,-0.23008,51.49258,3,2024
2024010527130,-0.07623,51.58447,3,2024
2022010377162,0.224915,51.561186,3,2022
2022010409940,-0.104047,51.54664,2,2022
2023010441400,-0.113215,51.548856,2,2023
2022010372356,-0.213786,51.513193,3,2022
2023010438217,-0.1849,51.479217,2,2023
2023010454287,-0.200782,51.520989,3,2023
2023010464281,-0.12654,51.438579,3,2023
2023010468649,0.070763,51.556607,3,2023
2023010449316,-0.065235,51.492249,2,2023
2024010510655,-0.06215,51.48216,3,2024
2023010432385,0.004701,51.552557,3,2023
2022010387894,-0.16208,51.463295,3,2022
2022010410991,-0.186865,51.440543,3,2022
2022010384839,-0.145667,51.485689,2,2022
2022010398681,-0.17596,51.511604,3,2022
2023010437084,-0.129883,51.4948,3,2023
2022351250006,-0.132872,52.336189,2,2022
2022302201240,-1.599394,53.166956,2,2022
2023501351092,-3.596344,50.603093,3,2023
2023501362271,-3.774728,50.284231,3,2023
2023471346199,0.578809,50.855449,2,2023
2023440111448,-0.767206,51.252997,1,2023
2023411457513,0.166069,51.867866,3,2023
2024411556969,-0.28265,51.66747,3,2024
2024411518673,-0.33346,51.64704,2,2024
2022461219774,0.281221,51.449113,3,2022
2023461394767,0.234902,51.228574,3,2023
2022041196681,-2.930583,53.558804,3,2022
2023041343262,-2.7007,53.788982,2,2023
2023041374583,-2.325465,53.76908,3,2023
2024041408431,-3.02355,53.87384,2,2024
2024361506214,1.11228,52.37781,3,2024
2024361521444,0.53079,52.47633,3,2024
2022430482291,-1.227737,51.742346,3,2022
2024430342145,-1.25664,51.7543,3,2024
2023211274970,-2.014869,52.685308,2,2023
2022371160745,1.24395,52.023887,2,2022
2022371193358,0.775089,51.972884,3,2022
2022371269909,0.958811,52.051445,3,2022
2024371397876,1.14736,52.05992,3,2024
2023451344069,-0.560761,51.31759,3,2023
2023471311171,-0.37698,50.808698,3,2023
2024471398031,-0.38321,50.8181,3,2024
2024991413442,-4.77652,55.94497,3,2024
2022991241002,-4.617398,55.485371,3,2022
2022991177622,-3.193473,55.956844,3,2022
2023991262197,-4.236482,55.862201,3,2023
202260B022430,-3.03202,53.124232,3,2022
202260B102641,-3.077733,53.171371,3,2022
2023622301014,-3.120301,51.519225,3,2023
202417S111024,-1.313,54.56617,2,2024
2022070672536,-2.578992,53.406492,3,2022
2023070214337,-2.580535,53.370683,3,2023
2022161215556,-0.416398,53.841495,3,2022
2023161304664,-0.658116,53.590786,2,2023
2022302201016,-1.432454,52.935624,2,2022
2022311149811,-1.182129,52.955785,2,2022
2022221259836,-2.745091,52.22701,2,2022
2024221474563,-2.37333,52.76234,3,2024
2023522300134,-2.577575,51.466363,3,2023
2023522324630,-2.586094,51.459344,3,2023
2024522401182,-2.61964,51.40687,2,2024
2022547225822,-1.763208,51.55981,3,2022
2023401306170,-0.485595,51.899657,3,2023
2024430237447,-0.6158,51.52978,3,2024
2023471388646,-0.123646,50.828246,3,2023
2024471510150,-0.13285,50.82065,3,2024
202454C022924,-2.08016,51.06255,3,2024
2023401321492,-0.212133,52.054354,2,2023
2023552300616,-1.886138,50.744472,3,2023
2024552400863,-1.89049,50.7199,3,2024
2023340WN5272,-0.886047,52.233442,2,2023
2023122300592,-2.035489,53.958657,3,2023
2023061279503,-2.191113,53.50979,2,2023
2023061289632,-2.223391,53.437143,2,2023
2024061473786,-2.19556,53.50069,2,2024
2024061475443,-2.25764,53.46772,3,2024
2024061541353,-2.2437,53.48291,3,2024
2024061453531,-2.1994,53.54645,3,2024
2023061289373,-2.401253,53.457594,3,2023
2023061353935,-2.359752,53.399319,3,2023
2022052202825,-2.911342,53.368606,2,2022
2024052400857,-2.89296,53.38381,3,2024
2022141132664,-1.499354,53.36853,2,2022
2023101316395,-1.495059,54.997755,3,2023
2023101387392,-1.628376,55.060877,3,2023
2022201253006,-1.928512,52.47258,3,2022
2023201278604,-1.88043,52.473161,3,2023
2024201466744,-1.90333,52.49878,2,2024
2022201160632,-1.776258,52.42085,2,2022
2022201236748,-2.065751,52.583023,3,2022
2023201338824,-2.147556,52.600201,3,2023
2024131438512,-1.76012,53.77647,2,2024
2024131494067,-1.79619,53.83562,3,2024
2023131373575,-1.368279,53.745236,3,2023
2024131440032,-1.62344,53.80642,3,2024
2024131512404,-1.54002,53.79054,3,2024
2022010357449,-0.21225,51.581089,3,2022
2023010470235,-0.146277,51.631385,3,2023
2022010385256,-0.058966,51.418325,3,2022
2024010536269,-0.13756,51.53657,3,2024
2024010523022,-0.11822,51.40112,3,2024
2022010396726,-0.252389,51.512588,3,2022
2024010518151,-0.13033,51.64784,3,2024
2022010412553,0.083925,51.485691,3,2022
2023010428111,0.082307,51.490639,1,2023
2024010497959,0.00651,51.48572,3,2024
2024010521674,-0.19992,51.47893,3,2024
2023010430676,-0.409399,51.456408,3,2023
2023010478626,-0.388707,51.480324,2,2023
2022010410736,-0.087699,51.526528,2,2022
2023010475735,-0.094406,51.541286,3,2023
2023010484586,-0.113242,51.557966,3,2023
2024010521079,-0.10473,51.5278,3,2024
2024010526975,-0.07927,51.54633,3,2024
2022010384041,-0.294903,51.40793,2,2022
2022010362239,-0.001869,51.541545,3,2022
2022010354926,-0.26653,51.468069,3,2022
2023010432755,-0.267481,51.463497,3,2023
2023010474281,-0.277134,51.467893,3,2023
2024010523557,-0.31091,51.41186,3,2024
2022010359869,-0.066058,51.475527,3,2022
2022010397527,-0.098996,51.491677,3,2022
2023010458752,-0.150735,51.514221,2,2023
2023351288548,-0.18138,52.338061,3,2023
2023501359162,-3.520297,50.729523,3,2023
2022421203601,0.922328,51.891507,3,2022
2024421455031,0.56215,51.56638,2,2024
2024421462385,0.57974,51.52613,3,2024
2023531355614,-2.242679,51.840285,2,2023
2024531465669,-2.07897,51.89839,3,2024
2022440297912,-0.74135,51.251616,3,2022
2024440542771,-1.49424,50.99153,3,2024
2024411490867,-0.28384,51.96878,2,2024
2022461206169,1.130382,51.091129,3,2022
2024461517266,1.07411,51.27547,2,2024
2022041184448,-2.366379,53.758275,3,2022
2023041325928,-3.040335,53.907418,2,2023
2023041383613,-2.228475,53.805508,3,2023
2024041439369,-2.25711,53.7733,3,2024
2024041514936,-3.02657,53.75387,3,2024
2022332200689,-1.091322,52.615707,3,2022
2023320458015,-0.600509,53.186334,3,2023
2024320256986,-0.54572,53.23312,2,2024
2024320448305,0.32018,53.175,2,2024
2024430000857,-1.3435,52.06348,3,2024
2023211312939,-2.169068,53.122905,3,2023
2024371395276,1.14774,52.05956,3,2024
2022451140470,-0.575051,51.235178,3,2022
2022451155352,-0.573759,51.434684,2,2022
2022451195441,-0.782336,51.225396,3,2022
2022471181827,-0.665461,50.799738,2,2022
2022991200445,-3.19128,55.946954,3,2022
2022991239058,-3.20609,55.947421,3,2022
2024991400478,-4.34248,55.85777,2,2024
2022622200155,-3.197768,51.444951,3,2022
2023622300225,-3.443233,51.64197,2,2023
2022170M10932,-1.268357,54.545945,2,2022
2023070399227,-2.578099,53.377265,3,2023
2024041420371,-3.02971,53.82893,2,2024
2023311367824,-1.173654,52.969345,3,2023
2023221332272,-2.708821,52.059217,3,2023
2023211352927,-2.206341,53.01184,3,2023
2024522402788,-2.6473,51.50517,2,2024
2023501342901,-3.563156,50.444491,3,2023
2024549618024,-1.77725,51.5528,3,2024
2024430484860,-0.91916,51.42738,2,2024
2023440004537,-1.077675,50.815667,2,2023
2024440164674,-1.07691,50.79689,2,2024
2022440069119,-1.395766,50.916953,3,2022
2023501301976,-5.049774,50.26063,3,2023
2022543195122,-2.111242,51.453905,3,2022
2022401161282,-0.508763,51.887383,3,2022
2022401256838,-0.42795,51.972471,2,2022
2024552401367,-1.91858,50.73666,3,2024
2024031393709,-2.9243,54.8736,3,2024
2024031520132,-3.25022,54.1103,3,2024
2022061196933,-2.443465,53.572866,3,2022
2024061469113,-2.41975,53.54651,3,2024
2022061207207,-2.273569,53.435816,3,2022
2024061406984,-2.25132,53.46698,2,2024
2022061230790,-2.097163,53.551232,3,2022
2022061248305,-2.142957,53.623101,3,2022
2022052202949,-2.948352,53.404129,2,2022
2023052303054,-2.989787,53.405213,3,2023
2023052302216,-3.072661,53.555367,3,2023
2022141247663,-0.962249,53.614771,3,2022
2022101202373,-1.592685,55.057241,3,2022
2022201190158,-1.865099,52.450616,3,2022
2022201245050,-1.555801,52.38941,3,2022
2022201242747,-2.06692,52.478992,2,2022
2022201216566,-2.130556,52.617841,3,2022
2023131373302,-1.799254,53.757913,3,2023
2024131413690,-1.72135,53.81579,3,2024
2024131493932,-1.72327,53.81214,3,2024
2022131238042,-1.863666,53.721458,3,2022
2022131220249,-1.622083,53.791784,3,2022
2023131268074,-1.533728,53.769309,1,2023
2024131421614,-1.50931,53.79951,3,2024
2024131529868,-1.60829,53.74699,2,2024
2024010506095,-0.22913,51.53066,2,2024
2024010533426,0.04787,51.46027,3,2024
2022010372064,-0.08287,51.577977,3,2022
2023010486629,-0.084532,51.602293,3,2023
2022010371783,-0.333944,51.601035,3,2022
2023010422114,-0.395869,51.574148,3,2023
2022010379384,-0.096633,51.536305,3,2022
2023010442160,-0.125049,51.485505,3,2023
2023010481568,-0.101108,51.464428,3,2023
2024010512421,-0.11108,51.49095,2,2024
2024010547063,-0.11867,51.45631,3,2024
2022010375172,-0.248433,51.465058,3,2022
2023010453751,-0.26364,51.464951,3,2023
2022010361549,-0.14103,51.387857,3,2022
2023010419522,-0.150331,51.361089,3,2023
2024010491255,-0.04498,51.52098,3,2024
2024010493533,-0.0212,51.49907,3,2024
2024010494204,-0.06415,51.52325,3,2024
2024010544869,-0.14895,51.48078,3,2024
2022351187457,0.338078,52.331636,3,2022
2024302401020,-1.5018,52.87788,3,2024
2023471295474,0.292703,50.774811,3,2023
2024421519516,0.44611,51.7544,3,2024
2024421534179,0.49334,51.57421,3,2024
2023531374634,-2.420928,51.695034,3,2023
2024531471380,-2.06027,51.89045,2,2024
2024411443679,-0.01756,51.77583,2,2024
2024411490156,-0.02912,51.71667,3,2024
2022461253847,1.093655,51.270087,3,2022
2023461302007,0.382718,51.419789,2,2023
2022041225633,-2.769185,54.144736,2,2022
2023320667878,-0.770266,53.40217,3,2023
2024361438895,1.24048,52.63838,3,2024
2024311396940,-1.19431,53.15145,3,2024
2023430218029,-1.266197,51.780382,2,2023
2023430488869,-1.22366,51.756309,3,2023
2024371471265,0.79072,52.0327,3,2024
2023451373657,-0.202444,51.322548,3,2023
2022471188137,-0.410449,50.819133,3,2022
2023221371075,-1.944198,52.091743,3,2023
2022991202853,-3.193472,55.956799,2,2022
202460Q017442,-4.1795,53.23247,3,2024
202460Q122394,-3.73171,53.29582,2,2024
202360A170135,-3.185681,53.223716,3,2023
2022170H10592,-1.240455,54.706424,3,2022
2022111245228,-1.575299,54.54006,3,2022
2022070098194,-2.737506,53.335901,3,2022
2023070965490,-2.596462,53.414442,3,2023
2022041243697,-3.038837,53.790555,2,2022
2024161405961,-0.40048,53.75467,3,2024
2022122200613,-1.068122,53.958862,2,2022
2024302401200,-1.45524,52.92585,2,2024
2024211509778,-2.16139,52.98467,3,2024
2022522200821,-2.375899,51.358601,3,2022
2022522202466,-2.573672,51.459288,3,2022
2023522301350,-2.584728,51.488699,3,2023
2023522301132,-2.599556,51.458529,2,2023
2023351382453,-0.241742,52.574064,3,2023
2022430392671,-0.741613,51.410322,3,2022
2023430378027,-1.058871,51.390945,3,2023
2022440385031,-1.392314,50.938382,2,2022
2022440474677,-1.393202,50.939052,3,2022
2022111179720,-1.329534,54.794076,2,2022
2023501399627,-5.049829,50.262382,3,2023
2022543217622,-1.76955,51.17675,3,2022
2024543995324,-1.80181,51.07025,3,2024
2024401411949,-0.27328,52.02621,3,2024
2024340NN1022,-0.73589,52.40161,3,2024
2024031553712,-2.91472,54.88272,3,2024
2022122201417,-0.624636,54.480401,2,2022
2024122400257,-0.40123,54.24088,3,2024
2024061514559,-2.25729,53.39731,2,2024
2022061177541,-2.514489,53.504682,3,2022
2024052400860,-2.95617,53.43141,3,2024
2022052202442,-3.012352,53.646849,3,2022
2024052400225,-3.04604,53.39039,3,2024
2022201156063,-1.898993,52.492696,3,2022
2022201157397,-1.894088,52.505592,3,2022
2023201287733,-1.784889,52.526777,3,2023
2023201388126,-1.8578,52.46936,3,2023
2024201395778,-2.13447,52.49805,2,2024
2023131364804,-1.764964,53.670181,3,2023
2023131364300,-1.581355,53.82539,3,2023
2024131394076,-1.60889,53.76456,2,2024
2023101268862,-1.768379,54.934581,3,2023
2023010477765,-0.298716,51.551432,3,2023
2023010419282,-0.126067,51.542516,3,2023
2024010555671,-0.06227,51.62039,3,2024
2024010496118,-0.04188,51.54587,3,2024
2022010369528,-0.078774,51.595706,3,2022
2022010406819,-0.109944,51.597147,3,2022
2024010489668,-0.10009,51.58418,3,2024
2022010379847,-0.473781,51.510327,3,2022
2024010529457,-0.10584,51.54765,3,2024
2022010375063,-0.204475,51.50735,3,2022
2023010440208,-0.193767,51.500819,3,2023
2023010433903,-0.292121,51.388412,3,2023
2024010517381,-0.13858,51.45564,2,2024
2024010549791,0.02286,51.43972,3,2024
2022010412086,-0.233356,51.409573,2,2022
2023010423497,-0.192519,51.410299,3,2023
2024010487716,-0.18517,51.43069,3,2024
2022010418848,0.035776,51.547481,3,2022
2024010531274,0.09556,51.58133,3,2024
2024010523240,-0.29743,51.46657,3,2024
2023010437604,-0.069642,51.451,3,2023
2023010471367,-0.095544,51.50538,3,2023
2024010513451,-0.06239,51.4539,3,2024
2024010501524,-0.05589,51.52,3,2024
2024010525981,-0.01909,51.5232,3,2024
2024010526428,-0.06326,51.52383,3,2024
2022010372047,-0.168825,51.460586,2,2022
2023010468858,-0.192838,51.456552,3,2023
2024010528302,-0.21531,51.46649,2,2024
2022010360228,-0.165389,51.524352,3,2022
2023010506574,-0.147257,51.506163,3,2023
2024351521546,-0.27882,52.43766,3,2024
2022501233043,-3.599841,50.528245,3,2022
2022471206109,0.597805,50.867152,3,2022
2022421248915,0.450966,51.722317,3,2022
2023421299094,1.148116,51.804821,3,2023
2023421381517,0.464114,51.737491,2,2023
2022440297447,-1.482993,51.209492,3,2022
2022440325502,-1.146738,50.80291,3,2022
2022411185799,-0.405618,51.702076,3,2022
2023411273872,-0.341798,51.634354,2,2023
2023461388457,0.717019,51.352848,3,2023
2022311186094,-1.252586,53.080715,3,2022
2022430496517,-1.232808,51.735447,3,2022
2023371325332,1.748173,52.481503,3,2023
2023451278523,-0.088383,51.286056,2,2023
2024451477948,-0.36866,51.37868,3,2024
2023471364156,-0.544132,50.821624,3,2023
2023991338702,-3.708596,56.008064,2,2023
2024991409991,-3.28635,55.94309,2,2024
2024991497468,-3.18649,55.94806,3,2024
2023991346032,-2.873207,56.642569,2,2023
2022991183261,-4.277574,55.863091,3,2022
2022991183933,-4.332683,55.855426,3,2022
2023991368750,-4.271691,55.866337,3,2023
202360A079920,-4.178778,53.150146,3,2023
2024622400259,-3.97025,51.62775,3,2024
2022622200758,-3.67781,51.488016,3,2022
2023622300534,-3.432837,51.603325,2,2023
2024610013224,-3.09623,51.55707,2,2024
202417S411324,-1.34207,54.53585,3,2024
2022111175369,-1.536738,54.527597,3,2022
2022041175545,-3.051502,53.802894,2,2022
2022161169232,-0.378498,53.733452,2,2022
2023122300655,-1.130836,53.978,2,2023
2022522205339,-2.561362,51.473123,3,2022
2023522400167,-2.614818,51.467469,3,2023
2024522401572,-2.60777,51.46718,3,2024
2024522500035,-2.59064,51.4582,3,2024
2024421531169,0.44321,51.52832,3,2024
2022471132353,-0.125501,50.837944,2,2022
2022471243718,-0.185497,50.848479,3,2022
2023440418568,-1.084233,50.797472,3,2023
2022440309935,-1.438576,50.925961,3,2022
2024501416024,-4.71395,50.35644,3,2024
2022544907822,-1.886053,51.634567,2,2022
2024101511755,-2.33783,55.00598,2,2024
2024552400877,-1.86464,50.75729,3,2024
2022430532035,-0.611694,51.709511,3,2022
2022122200999,-1.888179,53.964084,3,2022
2023122301259,-1.517382,53.991884,3,2023
2023122400196,-1.557312,54.013554,1,2023
2024061409073,-2.23942,53.44664,1,2024
2023061315759,-2.209643,53.564408,3,2023
2024061474462,-2.32638,53.49188,3,2024
2024061474912,-2.2903,53.48358,3,2024
2023061350006,-2.291305,53.456196,2,2023
2024052400297,-2.97667,53.43864,3,2024
2024052401701,-2.94979,53.42811,3,2024
2023052302029,-2.686259,53.44667,2,2023
2024052400583,-2.73941,53.45212,3,2024
2022052200007,-2.974736,53.46861,3,2022
2022052202110,-3.094224,53.379375,2,2022
2022141132622,-1.400962,53.524722,2,2022
2024141516357,-1.15656,53.53363,2,2024
2022141182272,-1.397197,53.372166,3,2022
2023101378321,-1.575501,54.982722,2,2023
2024101476200,-1.63929,54.97709,3,2024
2024101483753,-1.61203,54.99756,2,2024
2022201197637,-1.464069,52.441335,2,2022
2022201172454,-2.070425,52.5161,3,2022
2022131181416,-1.921108,53.863259,2,2022
2022010361066,-0.189566,51.603105,2,2022
2024010525435,-0.17664,51.61506,3,2024
2022010406170,0.150659,51.441932,3,2022
2022010383787,-0.261081,51.552265,3,2022
2023010419511,-0.290122,51.56253,3,2023
2024010547756,-0.24825,51.53479,3,2024
2024010522434,0.12483,51.34589,3,2024
2022010372685,-0.191062,51.547646,3,2022
2024010547769,-0.20123,51.54463,3,2024
2023010466982,-0.060161,51.6469,2,2023
2023010464039,-0.066619,51.561299,2,2023
2024010500661,-0.0522,51.5627,3,2024
2022010357632,-0.218402,51.493507,3,2022
2023010423155,-0.329399,51.598174,2,2023
2023010458371,0.233675,51.589473,3,2023
2024010498675,0.22049,51.58459,3,2024
2024010498048,-0.39085,51.51523,3,2024
2022010394341,-0.369186,51.467222,2,2022
2022010408542,-0.402777,51.474572,3,2022
2023010456551,-0.416796,51.43936,3,2023
2022010361369,-0.221389,51.522607,2,2022
2023010480950,-0.300819,51.386812,3,2023
2023010449857,-0.142239,51.45238,3,2023
2024010497410,-0.12522,51.44552,2,2024
2022010381647,-0.021377,51.456482,2,2022
2024010518179,-0.01807,51.43607,3,2024
2024010504798,-0.31142,51.41124,2,2024
2023010425927,-0.128506,51.51154,3,2023
2023010473838,-0.189537,51.532659,2,2023
2022351164119,0.327506,52.349739,3,2022
2023351340554,-0.212638,52.357545,3,2023
2024351468632,-0.26263,52.21776,2,2024
2024351473897,0.1389,52.1845,3,2024
2023302300376,-1.555429,53.138332,3,2023
2022501171155,-3.488733,50.909136,3,2022
2023471260707,0.284328,50.762158,3,2023
2022421145398,1.147943,51.793394,3,2022
2022421254946,0.105472,51.765886,3,2022
2023421387549,0.913771,51.881691,3,2023
2024421466558,0.36007,51.63142,2,2024
2022531208701,-1.714144,51.746791,3,2022
2024531492526,-2.07933,51.89852,3,2024
2023440296696,-1.312882,50.90573,3,2023
2024440302019,-0.77558,51.29592,3,2024
2023411283967,-0.272979,51.953773,3,2023
2024461458533,0.27746,51.20415,2,2024
2022041225732,-2.874761,54.062918,3,2022
2024041472853,-2.37238,53.74927,3,2024
2023332300077,-1.081685,52.596259,2,2023
2024332400953,-1.1983,52.65801,3,2024
2022311217063,-1.06135,52.976953,3,2022
2024311402067,-1.11489,52.92363,3,2024
2022430353254,-1.170924,51.883624,2,2022
2023231379399,-1.536826,52.291523,3,2023
2024991467400,-3.17058,55.96447,3,2024
2023991258854,-2.924825,56.477621,2,2023
2024631408207,-4.1524,51.67896,2,2024
2024622400078,-3.91785,51.67192,1,2024
202417M215724,-1.20478,54.56233,3,2024
2023170L30183,-1.071386,54.618612,2,2023
2022070836147,-2.735774,53.336487,3,2022
2024041507875,-2.46327,53.74901,3,2024
2023041288363,-3.055417,53.825726,3,2023
2022161148927,-0.301293,53.761085,3,2022
2023161305426,-0.408317,53.744315,3,2023
2024161408673,-0.0345,53.55256,3,2024
2022311244033,-1.178699,52.944318,3,2022
2024311426375,-1.13086,52.98047,3,2024
2023522401015,-2.610734,51.465683,2,2023
2024522402270,-2.59757,51.45401,2,2024
2024522402917,-2.5847,51.46063,3,2024
2023501333555,-4.186601,50.402017,3,2023
2024548465124,-1.76335,51.55945,2,2024
2024421529359,0.42591,51.51743,3,2024
2022461155987,0.597646,51.373176,3,2022
2022471173236,-0.089517,50.833619,3,2022
2022471190257,-0.104116,50.857438,2,2022
2022440301150,-1.403201,50.905112,2,2022
2023440330002,-1.453776,50.672243,2,2023
2024111526560,-1.80142,54.85795,2,2024
2022070115985,-2.887785,53.194666,3,2022
2024501529384,-3.52398,50.72657,3,2024
2022471170341,0.269237,50.820122,2,2022
2024421521282,0.4521,51.55925,3,2024
2023421293827,0.604181,51.521057,3,2023
2022421155418,0.588915,51.684769,2,2022
2024531455911,-1.75631,51.88351,3,2024
2022531282025,-2.188454,51.705079,2,2022
2024440529007,-1.45479,50.98363,3,2024
2023411274842,-0.272253,51.65746,3,2023
2024411474627,-0.28949,51.95765,3,2024
2023461286154,1.3061,51.125579,2,2023
2024461474474,1.32342,51.12536,2,2024
2024041444144,-2.93722,53.80405,3,2024
2022332200348,-1.105059,52.590325,3,2022
2023320317426,0.196209,52.766251,2,2023
2023311331128,-0.809722,53.074198,2,2023
2024211535249,-2.03326,53.10901,3,2024
2022371221617,1.169253,52.036355,3,2022
2022471208029,-0.371205,50.813528,2,2022
2022411137564,0.134306,51.801678,3,2022
2024371487080,1.72286,52.46562,3,2024
2024061453382,-2.25931,53.49616,2,2024
2023061362772,-2.085265,53.414374,3,2023
2022052200791,-2.967471,53.418754,2,2022
2023052302410,-2.987701,53.440476,2,2023
2022052202143,-2.742694,53.465837,3,2022
2024052401908,-3.06211,53.55103,3,2024
2024141453038,-1.36183,53.5911,3,2024
2022141234953,-0.970722,53.61444,3,2022
2023101259160,-1.620942,55.012455,3,2023
2022101138625,-1.445995,54.982777,3,2022
2022201260457,-1.974323,52.42568,3,2022
2022201272253,-1.871945,52.459667,2,2022
2024201464630,-1.81943,52.50823,3,2024
2022201262989,-2.089674,52.510945,3,2022
2024201538181,-1.98228,52.50016,3,2024
2022131255830,-1.633323,53.714324,2,2022
2022131135030,-1.567415,53.820352,3,2022
2023131361574,-1.565318,53.816057,3,2023
2022101130623,-1.770482,54.973756,3,2022
2022480360190,-0.10529,51.518451,2,2022
2022481289715,-0.084419,51.515369,3,2022
2023010465745,0.127468,51.538884,3,2023
2023010470877,-0.240301,51.569706,2,2023
2022010393610,0.057615,51.404186,2,2022
2022010356356,-0.0983,51.382675,3,2022
2023010420156,-0.324136,51.538741,3,2023
2024010522940,-0.38517,51.51247,3,2024
2023010483844,0.105477,51.484821,3,2023
2022010365967,-0.063931,51.551893,2,2022
2024010547570,-0.20305,51.47681,2,2024
2024010560497,-0.11067,51.5971,3,2024
2023010448828,-0.093964,51.540119,3,2023
2023010477032,-0.112196,51.523652,3,2023
2022010400153,-0.195678,51.487449,3,2022
2023010456172,-0.128462,51.433438,3,2023
2024010526110,-0.11078,51.50482,3,2024
2024010526900,-0.13193,51.44788,2,2024
2022010380677,-0.010357,51.456655,2,2022
2024010504131,-0.01743,51.44586,3,2024
2023010464460,-0.104308,51.507041,3,2023
2022010360855,-0.239778,51.377898,3,2022
2022010390421,-0.057737,51.527304,3,2022
2024010513843,-0.04513,51.56243,3,2024
2024010540958,-0.1408,51.50768,3,2024
2024991529844,-4.14758,55.77653,2,2024
2024991481983,-2.18488,57.17989,2,2024
2022991151100,-3.256034,55.966187,3,2022
2022991249391,-3.170478,55.964415,2,2022
2023991445470,-3.188075,55.973007,2,2023
202260B009022,-2.915895,53.066796,2,2022
2022622200110,-3.161271,51.499719,2,2022
2023631310727,-3.343237,52.508001,2,2023
2023070397648,-2.743694,53.370452,3,2023
2024070262689,-2.68844,53.33126,3,2024
2023161351792,-0.191812,54.081969,3,2023
2024161516199,-0.65553,53.59091,3,2024
2023122300977,-1.093846,53.954061,3,2023
2023332300556,-1.129497,52.634603,3,2023
2022221257982,-2.722107,52.067263,3,2022
2024520001969,-2.46893,51.28374,3,2024
2022522201140,-2.60352,51.462276,3,2022
2022522202741,-2.598855,51.452311,3,2022
2023522324428,-2.622634,51.411337,1,2023
2023522301366,-2.744977,51.411136,1,2023
2023522401419,-2.508599,51.446326,3,2023
2023421379872,0.711422,51.536307,3,2023
2022430517750,-0.975675,51.432518,3,2022
2022430390051,-0.592192,51.511727,3,2022
2022471156253,-0.136487,50.819575,3,2022
2023111274509,-1.433632,54.702618,1,2023
2024501426918,-5.26672,50.10631,3,2024
2023552300467,-1.845937,50.724849,2,2023
2022122201123,-1.505177,53.997299,3,2022
2024122400787,-1.70308,54.35538,3,2024
2023061371059,-2.264303,53.378688,3,2023
2022061227332,-2.349425,53.387134,3,2022
2022061256911,-2.598723,53.516407,2,2022
2022052200766,-2.929869,53.441534,3,2022
2023052302543,-2.911721,53.429278,3,2023
2022052202443,-2.725218,53.465702,3,2022
2022141246182,-1.516778,53.326822,3,2022
2024141513594,-1.47111,53.38333,2,2024
2024101428595,-1.68408,54.99674,2,2024
2024101461219,-1.50941,55.00907,3,2024
2024101504803,-1.43224,54.96113,3,2024
2022201220002,-1.900955,52.518013,3,2022
2022201226569,-1.897608,52.512212,3,2022
2024131496440,-1.71954,53.77789,3,2024
2022131183796,-1.778217,53.717367,3,2022
2023131275230,-1.915859,53.705076,3,2023
2022131240836,-1.807905,53.6434,3,2022
2023131342469,-1.647835,53.591103,2,2023
2022131177409,-1.484556,53.694982,3,2022
2023481387814,-0.090555,51.511656,3,2023
2022010401528,-0.213322,51.544929,3,2022
2022010411878,-0.118776,51.530484,3,2022
2023010421403,-0.12739,51.528563,3,2023
2024010491912,-0.10158,51.38492,3,2024
2024010548670,-0.09903,51.39166,2,2024
2022010385651,-0.270876,51.525235,3,2022
2022010368944,-0.0528,51.552464,3,2022
2022010391643,-0.080829,51.524645,3,2022
2024010503302,-0.07549,51.54832,3,2024
2024010527043,-0.07452,51.55653,3,2024
2022010381445,-0.247957,51.497028,2,2022
2022010390457,-0.369637,51.478406,3,2022
2022010414336,-0.414004,51.440626,3,2022
2024010488658,-0.21052,51.5182,2,2024
2024010518111,-0.17317,51.48218,2,2024
2024010527078,-0.15918,51.48463,3,2024
2022010414563,-0.117805,51.457845,3,2022
2024010541434,0.0732,51.55378,3,2024
2023010501834,-0.34213,51.405326,3,2023
2024010487896,-0.38061,51.44905,3,2024
2022010378368,-0.022093,51.52545,3,2022
2022010377627,-0.011462,51.574558,3,2022
2024010499046,-0.15392,51.4289,3,2024
2024010525786,-0.13158,51.49491,2,2024
2023302301649,-1.356356,53.310523,3,2023
2023501326745,-3.521237,50.72791,3,2023
2023471264045,0.210366,50.995651,2,2023
2023471360349,0.289435,50.767724,3,2023
2022440416913,-1.162683,50.811164,3,2022
2022411240124,-0.080802,51.794254,3,2022
2023411279777,-0.208386,51.699054,3,2023
2023411339938,-0.32693,51.758297,2,2023
2024411490364,-0.04253,51.70686,3,2024
2024461478273,1.38962,51.39211,2,2024
2022041249411,-2.218728,53.834934,3,2022
2023041322514,-2.865932,54.0733,2,2023
2024041497515,-2.66264,53.73284,2,2024
2024041534914,-2.84023,53.56273,1,2024
2022361243108,1.431968,52.878737,3,2022
2022311216281,-1.148854,53.140112,2,2022
2024211464246,-1.90968,52.81307,3,2024
2024211513045,-2.11619,52.80505,3,2024
2022371167944,1.162898,52.071287,2,2022
2023451380305,-0.602693,51.198885,3,2023
2022231222178,-1.613195,52.621274,3,2022
2024471469511,-0.65654,50.78667,3,2024
2023991290113,-4.216489,55.858536,3,2023
2024991474517,-4.20821,55.86281,3,2024
2023610054023,-3.19469,51.664041,3,2023
2024070555662,-2.72058,53.38584,3,2024
2023041309392,-2.479513,53.75419,3,2023
2023041359103,-3.048836,53.828085,2,2023
2022161261905,-0.359012,53.760415,3,2022
2023161390350,-0.27469,53.7676,2,2023
2024122500106,-1.08268,53.96972,3,2024
2024311453011,-1.1456,52.95517,3,2024
2024311465189,-1.19233,52.90272,3,2024
2023421269966,0.239496,51.479972,2,2023
2024430585162,-0.94865,51.44557,3,2024
2024430314641,-0.75239,52.00664,3,2024
2022440230254,-1.098129,50.787661,3,2022
2022070039125,-2.912476,53.21412,3,2022
2024221470682,-2.74006,52.72296,3,2024
2024501449116,-5.47984,50.21362,3,2024
2023430551464,-0.647654,51.61308,3,2023
2024430081612,-0.81857,51.81149,3,2024
2024122400325,-1.48737,54.00542,3,2024
2022302200781,-1.434735,53.223773,3,2022
2022302201348,-1.432964,53.237644,3,2022
2023302300976,-1.441559,53.243779,3,2023
2023302300942,-1.287729,52.884045,2,2023
2024302400332,-1.95312,53.4446,3,2024
2022302201770,-1.376502,53.233901,2,2022
2023471299810,0.279354,50.796955,2,2023
2023421308553,0.639311,51.799373,3,2023
2023531355386,-2.078822,51.904714,3,2023
2024531410756,-1.96753,51.71531,3,2024
2022531204373,-2.224004,51.870541,3,2022
2023531271195,-2.198733,51.857559,3,2023
2024531506432,-2.24127,51.8726,3,2024
2023440048325,-1.373595,50.953516,3,2023
2023440000347,-1.515532,50.92912,3,2023
2022440355146,-1.470591,51.222412,2,2022
2024461523426,0.21525,51.43413,3,2024
2024041524067,-2.79668,54.04737,2,2024
2022041222728,-3.014485,53.919225,2,2022
2023320092158,-0.550687,53.228906,2,2023
2024361537337,1.26245,52.66409,3,2024
2022311240725,-1.123687,53.308574,2,2022
2022311163679,-0.815309,53.070253,3,2022
2022430339628,-1.545271,51.797023,3,2022
2023451305735,-0.546737,51.245468,3,2023
2022451240436,-0.743787,51.339353,3,2022
2022451247061,-0.561074,51.30942,3,2022
2024231429684,-1.53204,52.29059,3,2024
2023221301530,-1.927005,52.306352,2,2023
2023411374312,-0.220841,51.785837,2,2023
2023411281424,-0.195144,51.886515,3,2023
2023061287252,-2.261562,53.507598,3,2023
2022061194450,-2.091623,53.488156,3,2022
2022052203027,-2.910196,53.440319,3,2022
2024052402890,-2.93911,53.4503,2,2024
2022141186662,-1.121623,53.517109,2,2022
2022141219886,-1.536149,53.352922,1,2022
2024201421058,-1.99207,52.45329,2,2024
2022201197600,-2.057571,52.479842,3,2022
2022201273222,-1.954954,52.485736,3,2022
2023201409798,-1.999927,52.494707,3,2023
2023201389289,-2.09523,52.572243,3,2023
2022481209593,-0.091282,51.510472,2,2022
2023481382706,-0.084446,51.515397,3,2023
2023010451411,0.129914,51.569038,3,2023
2022010415612,-0.164891,51.643125,3,2022
2024010523580,-0.26484,51.63398,2,2024
2023010464072,-0.219632,51.559503,3,2023
2022010404416,-0.125969,51.529116,3,2022
2022010366720,-0.116925,51.399118,2,2022
2023010460644,-0.376668,51.511541,3,2023
2024010492635,-0.38709,51.51257,3,2024
2023010462209,0.0878,51.48537,3,2023
2022010376230,-0.087084,51.529504,3,2022
2022010392557,-0.420594,51.531923,3,2022
2024010493334,-0.40646,51.58488,2,2024
2022010364006,-0.105377,51.463885,3,2022
2022010375430,-0.129766,51.465275,3,2022
2022010358764,0.023911,51.526796,3,2022
2022010374690,0.05799,51.499261,3,2022
2024010501876,0.01892,51.52061,1,2024
2022010376220,-0.071476,51.451525,3,2022
2024010515258,-0.09269,51.46977,3,2024
2022010388463,-0.035464,51.526286,3,2022
2024010496852,-0.06003,51.52696,3,2024
2024010509236,-0.03922,51.53107,3,2024
2024010523449,-0.0265,51.50549,3,2024
2024010520932,-0.18693,51.46385,3,2024
2023010482772,-0.143426,51.50648,2,2023
2024010503947,-0.18985,51.52464,3,2024
2024010521245,-0.11885,51.51234,3,2024
2022991177197,-2.961357,55.969638,3,2022
2024991444235,-4.29665,55.79846,3,2024
2022991238776,-3.179999,55.939865,2,2022
2024991430190,-3.20576,55.98022,1,2024
2023991342100,-4.329592,55.822733,2,2023
2024991510586,-3.9769,55.81925,2,2024
202260B026551,-3.726973,53.294763,3,2022
2022622300005,-3.937038,51.641757,3,2022
2024622400228,-3.20368,51.53114,3,2024
2022170M11162,-1.216153,54.547613,3,2022
2022041178595,-2.497788,53.742647,2,2022
2024041527352,-2.47034,53.69635,3,2024
2023161314963,-0.373555,53.75389,2,2023
2022161204679,-0.092537,53.552442,2,2022
2024332400770,-0.51257,52.66281,3,2024
2023311279572,-1.162442,52.956205,3,2023
2023311393175,-1.160914,52.955934,3,2023
2022221241910,-2.709524,52.068608,2,2022
2022221185169,-2.455551,52.622421,2,2022
2022522203224,-2.613167,51.449584,3,2022
2023501384089,-3.560063,50.433542,2,2023
2023421338730,0.736309,51.541287,3,2023
2022471209811,-0.146494,50.823916,3,2022
2024070241232,-2.43397,53.09742,3,2024
2024070246036,-2.36252,53.08741,3,2024
2024070911767,-2.13012,53.26217,3,2024
2023401340646,-0.470873,52.137236,3,2023
2022401152210,-0.514576,51.912462,2,2022
2023552300637,-2.201278,51.005251,2,2023
202234NNC7682,-0.476767,52.481956,3,2022
2023061307989,-2.241902,53.364938,3,2023
2024061395675,-2.21292,53.46147,3,2024
2023061393571,-2.344397,53.483137,3,2023
2024061401811,-2.15768,53.44297,2,2024
2024061422980,-2.07817,53.50048,2,2024
2024061469217,-2.3016,53.44525,2,2024
2023052300705,-2.977599,53.405044,3,2023
2024052401911,-3.0016,53.65362,3,2024
2023141300253,-1.208085,53.398936,3,2023
2023141290915,-1.486044,53.389273,3,2023
2023141375097,-1.528954,53.367779,3,2023
2024141523965,-1.47583,53.38099,3,2024
2023101389970,-1.610094,54.999112,3,2023
2022201150771,-1.859843,52.470163,3,2022
2022201156092,-1.880321,52.518677,3,2022
2022201282941,-2.106264,52.479916,2,2022
2023201339270,-1.960328,52.486727,3,2023
2022201284348,-1.733895,52.479467,3,2022
2023131308605,-1.752491,53.791737,2,2023
2023131312585,-1.756929,53.796061,3,2023
2023131386606,-1.7791,53.638425,3,2023
2024131432782,-1.54508,53.80023,3,2024
2022131240428,-1.569233,53.671012,3,2022
2024010490117,0.1213,51.56262,2,2024
2024010511371,-0.17691,51.61737,3,2024
2023010450986,0.089637,51.455931,3,2023
2022010376759,-0.136153,51.539214,3,2022
2024010544958,-0.11243,51.52329,3,2024
2022010402805,-0.091711,51.387325,3,2022
2024010540326,-0.11551,51.39685,3,2024
2022010372123,-0.384082,51.532137,2,2022
2024010487776,-0.07385,51.61596,3,2024
2022010365386,0.019992,51.454175,3,2022
2022010390759,-0.069024,51.557319,3,2022
2023010427756,-0.080026,51.539271,2,2023
2022010390504,-0.211484,51.495056,3,2022
2022010412331,-0.199034,51.472834,3,2022
2023010484011,0.156523,51.597994,3,2023
2022010409646,-0.185881,51.480257,2,2022
2022010373454,-0.116795,51.49986,3,2022
2022010410932,-0.104968,51.453258,2,2022
2023010454857,-0.114693,51.506103,3,2023
2022010400921,-0.02687,51.481628,2,2022
2024010543627,0.05107,51.54183,3,2024
2022010392839,-0.100475,51.493518,3,2022
2024010551259,-0.06378,51.49826,2,2024
2022010363445,0.000683,51.509956,2,2022
2022010379435,-0.073158,51.513089,3,2022
2024010506955,-0.07012,51.51059,3,2024
2022010402105,-0.183485,51.46371,3,2022
2023010455880,-0.163725,51.432701,3,2023
2023010420287,-0.13323,51.516201,3,2023
2023010478660,-0.174958,51.512514,3,2023
2023010481326,-0.174636,51.500028,2,2023
2024010529258,-0.1671,51.52046,3,2024
2022501206009,-3.549026,50.720727,2,2022
2023471270460,0.09683,50.965736,3,2023
2023471314289,0.564606,50.8522,2,2023
2023440257055,-1.549736,50.929463,2,2023
2022411176402,-0.050095,51.713025,3,2022
2022461249825,1.40278,51.384826,3,2022
2024461429603,1.13491,51.36211,3,2024
2022041204323,-2.683077,53.757203,3,2022
2023041345248,-2.235937,53.822822,3,2023
2022332200796,-1.211735,52.662957,2,2022
2023320457770,0.32709,53.153877,3,2023
2023311393845,-1.317398,53.074596,3,2023
2022371250381,0.728151,52.218915,2,2022
2022451242175,-0.429556,51.427698,3,2022
2024451506699,-0.2994,51.30946,3,2024
2024451519099,-0.50132,51.4365,3,2024
2022231239733,-1.547234,52.293074,2,2022
2024231409758,-1.44421,52.51865,2,2024
2024231455175,-1.49935,52.27854,3,2024
2024231536706,-1.27749,52.35935,3,2024
2022221221328,-1.885613,52.301743,2,2022
2024991518219,-4.32252,55.80057,3,2024
2023991375598,-4.76845,55.946999,2,2023
2023991313137,-2.840729,55.554182,2,2023
2022991207518,-4.616245,55.475139,2,2022
2023991338122,-4.102016,55.785494,3,2023
2023991315688,-3.160375,56.105786,2,2023
2023991388373,-4.297374,55.823268,2,2023
2023991343102,-4.146032,55.890908,3,2023
2023631372560,-4.02971,52.092006,3,2023
2022622200830,-3.169645,51.493126,2,2022
2024622400433,-3.40707,51.61147,3,2024
202417M112724,-1.25692,54.56528,3,2024
2022170L10062,-1.060022,54.54119,2,2022
2023041367261,-2.484864,53.750061,3,2023
2023041307705,-3.055464,53.819766,3,2023
2023161313835,-0.323038,53.787208,3,2023
2022161219019,-0.480292,53.834447,3,2022
2024161402740,-0.11107,53.57666,3,2024
2024161476541,-0.10811,53.44398,2,2024
2022332200913,-1.112549,52.621442,3,2022
2024311538008,-1.13533,52.9424,3,2024
2023211343218,-2.192057,53.020727,3,2023
2023421383683,0.696081,51.552697,2,2023
2022430082233,-0.610642,51.479863,3,2022
2023440117802,-1.082499,50.807072,3,2023
2023070278897,-2.89594,53.269889,3,2023
2024552401229,-1.936,50.74238,3,2024
2024340WN6602,-0.86419,52.26635,3,2024
2023520300384,-2.995735,51.113882,3,2023
2024061519922,-2.2515,53.48323,3,2024
2022061143116,-2.063305,53.48821,3,2022
2024061400150,-2.01231,53.45416,3,2024
2023141381041,-1.524286,53.321396,2,2023
2024101514745,-1.65761,54.99272,3,2024
2022101219417,-1.412488,54.903872,3,2022
2024201447501,-1.92608,52.50159,3,2024
2022201156582,-1.536835,52.462076,3,2022
2023201413842,-1.776332,52.444027,2,2023
2023131303691,-1.729772,53.779123,3,2023
2024131503247,-1.74828,53.7971,2,2024
2022131241025,-1.831772,53.681933,3,2022
2024131507740,-1.8958,53.75119,3,2024
2022131169084,-1.584483,53.811703,3,2022
2022131188081,-1.524297,53.758064,3,2022
2024010544464,-0.18292,51.60863,3,2024
2022010355794,-0.306979,51.586846,3,2022
2023010431267,-0.090579,51.388961,3,2023
2023010486641,-0.026858,51.369722,3,2023
2024010490271,-0.06722,51.57202,2,2024
2024010541814,-0.07571,51.52852,3,2024
2023010448849,-0.068692,51.588652,3,2023
2023010422126,-0.400741,51.582928,3,2023
2022010405097,-0.331932,51.476131,3,2022
2024010532497,-0.4481,51.44853,2,2024
2022010367032,-0.118829,51.456045,2,2022
2024010525587,-0.12615,51.48566,3,2024
2023010446534,-0.034682,51.440276,3,2023
2023010480751,-0.044951,51.449485,3,2023
2022010406554,-0.156526,51.408902,3,2022
2023010481446,0.031788,51.513315,2,2023
2022010386824,-0.104327,51.489911,3,2022
2022010415618,-0.069758,51.473493,3,2022
2022010388007,-0.162459,51.368492,2,2022
2024010496860,-0.06756,51.5065,3,2024
2022010360415,-0.153703,51.451482,3,2022
2023010453206,-0.196878,51.440941,3,2023
2024010515452,-0.21713,51.44708,2,2024
2024010539235,-0.19464,51.45716,2,2024
2023010439323,-0.14268,51.517026,3,2023
2023010444896,-0.155243,51.513591,3,2023
2023010476752,-0.174582,51.501727,3,2023
2023010477742,-0.155481,51.490565,3,2023
2024351462643,0.11095,52.21611,3,2024
2022031185470,-2.817432,54.377915,3,2022
2022302201560,-1.292272,52.960078,3,2022
2023302301584,-1.433336,53.252594,3,2023
2024501423788,-3.19164,50.7989,2,2024
2024501474022,-4.05838,51.08108,3,2024
2023531325943,-1.853318,51.767106,2,2023
2024531517138,-2.35678,51.69545,3,2024
2022440117365,-1.66069,50.749907,1,2022
2022440366669,-1.146704,50.816479,3,2022
2022440404020,-1.076385,51.274755,3,2022
2022411153456,-0.397822,51.669158,2,2022
2022411200704,-0.190715,51.808603,2,2022
2022461188205,0.888327,51.305692,3,2022
2023461346704,1.084807,51.283111,3,2023
2023461359406,1.308399,51.12814,3,2023
2022041202066,-2.989048,53.843459,3,2022
2022041255037,-2.685976,53.721961,3,2022
2023041267606,-2.724407,53.738597,2,2023
2024041462543,-3.03328,53.91212,2,2024
2022332200409,-0.988399,52.7971,2,2022
2023311362318,-1.262855,53.128026,3,2023
2024211439189,-1.93812,52.74984,3,2024
2022371168755,1.27621,52.066669,3,2022
2024451431021,-0.26694,51.33314,2,2024
2024451477350,-0.56023,51.30613,3,2024
2024231538862,-1.3042,52.36031,2,2024
2022471203245,-0.480704,50.810941,2,2022
2022471224133,-0.484162,50.818135,3,2022
2023221274133,-2.265654,52.384829,2,2023
2024221503284,-2.21608,52.19518,3,2024
2023991272283,-3.221241,55.931727,3,2023
2024991407775,-3.31781,55.93831,2,2024
2022991145875,-4.24417,55.828681,3,2022
2022991202942,-4.37352,55.849836,3,2022
2024991444631,-4.26452,55.86615,2,2024
202260B071932,-2.983348,53.167451,3,2022
202263C102022,-4.739614,51.799736,3,2022
2023622300399,-4.031813,51.714271,3,2023
2022610050922,-3.028121,51.822689,2,2022
2022302200806,-1.48319,52.910631,3,2022
2023332300297,-1.153946,52.623452,3,2023
2023520001429,-2.429286,51.288344,3,2023
2023522301412,-2.591772,51.472128,3,2023
2023522301459,-2.597481,51.441851,3,2023
2024522401348,-2.54044,51.46043,3,2024
2023522301828,-2.927764,51.346825,3,2023
2024522401558,-2.76443,51.48836,3,2024
2024522403408,-2.85009,51.43603,2,2024
2023546894123,-1.801286,51.530937,3,2023
2022430271052,-0.992205,51.456661,3,2022
2023430561786,-0.967186,51.447253,3,2023
2024440087544,-1.0586,50.7913,2,2024
2022440038537,-1.380497,50.936611,3,2022
2022070758913,-2.467176,53.10608,3,2022
2023070341544,-2.427937,53.203893,2,2023
2023547972523,-1.991335,51.352901,3,2023
2023031294484,-2.935929,54.896409,3,2023
2024031487386,-3.2544,54.09882,3,2024
2024520403450,-2.32883,51.30176,2,2024
2023061283978,-2.253164,53.40148,2,2023
2023061323567,-2.220193,53.459207,2,2023
2023061370463,-2.204492,53.466893,3,2023
2022052202928,-2.979061,53.42808,3,2022
2024052402470,-2.98193,53.40435,3,2024
2024052401361,-2.68119,53.4508,3,2024
2024101497254,-1.58513,54.97652,3,2024
2023101395798,-1.536605,54.993894,2,2023
2022201154583,-1.890945,52.513563,3,2022
2023201371064,-1.812894,52.488591,3,2023
2024201523624,-1.91326,52.448,3,2024
2023131275787,-1.713419,53.829616,3,2023
2023131299239,-1.839984,53.92807,2,2023
2024131531414,-1.51682,53.80846,2,2024
2024010549396,0.14754,51.55869,2,2024
2023010474936,0.017464,51.40171,3,2023
2023010439451,-0.115695,51.339125,3,2023
2022010383892,-0.297656,51.513352,3,2022
2024010535946,0.00873,51.49053,3,2024
2022010373553,-0.055212,51.546641,3,2022
2024010487439,-0.05317,51.5465,1,2024
2022010352943,-0.400892,51.55027,3,2022
2024010497994,-0.45076,51.57056,2,2024
2024010546229,-0.36708,51.47141,3,2024
2022010379849,-0.102777,51.540766,3,2022
2022010383756,-0.106747,51.542754,3,2022
2022010370659,-0.117145,51.503966,3,2022
2023010420162,-0.001852,51.541608,3,2023
2024010532152,0.03975,51.60477,3,2024
2023010453928,-0.084148,51.469592,3,2023
2023010485220,-0.149002,51.360187,3,2023
2023010471622,-0.035545,51.52474,2,2023
2023010479619,-0.017705,51.613494,2,2023
2022010356713,-0.151048,51.503633,3,2022
2023010472511,-0.179615,51.52693,3,2023
2024010515649,-0.18636,51.5103,3,2024
2024010523217,-0.15014,51.51172,2,2024
2024010540575,-0.15334,51.49291,3,2024
2022351209494,0.165618,52.311249,3,2022
2023302301382,-1.538424,53.137755,3,2023
2022501151867,-3.604903,50.531467,2,2022
2022471171210,0.29081,50.817039,2,2022
2023471350769,0.254979,50.780853,3,2023
2022421233655,0.913618,51.873043,3,2022
2023421346257,0.473867,51.738105,2,2023
2024440340967,-1.21784,50.8756,2,2024
2023411386631,-0.331316,51.74782,3,2023
2024461442861,0.31736,51.41416,2,2024
2023332300789,-1.319354,52.530932,3,2023
2022320378568,-0.541063,53.220267,3,2022
2022430403265,-1.348644,51.703066,2,2022
2024211409093,-2.083,52.79885,3,2024
2024211493711,-2.08665,52.64281,3,2024
2022371152934,1.751344,52.486214,3,2022
2022451161079,-0.097991,51.240583,2,2022
2022451189842,-0.564495,51.239743,2,2022
2023451318705,-0.267342,51.334003,3,2023
2024451494595,-0.50243,51.3685,3,2024
2024471526372,-0.74692,50.81451,3,2024
2023991281966,-4.395607,55.879805,2,2023
2022991206331,-4.402329,55.898278,3,2022
2023991375515,-3.008816,56.314983,2,2023
2023991341658,-4.125988,55.847821,2,2023
202360A053606,-4.269992,53.136565,2,2023
202263A079222,-3.993085,51.798051,3,2022
2024610005524,-3.24033,51.64157,3,2024
2023610012923,-3.005802,51.609892,2,2023
202417S101024,-1.33619,54.58482,2,2024
2024161397454,-0.07542,53.56496,3,2024
2022332200775,-1.152858,52.626232,3,2022
2024522401619,-2.56181,51.41118,3,2024
2024522402421,-2.59952,51.45561,3,2024
2022351141610,-0.264858,52.598582,3,2022
2022401133922,-0.413414,51.8877,2,2022
2023421363974,0.689055,51.550493,3,2023
2022461185848,0.535378,51.419607,2,2022
2022430014754,-1.330358,51.41582,3,2022
2023471366443,-0.172532,50.83163,3,2023
2024471459180,-0.15007,50.829,2,2024
2022440265242,-1.432187,50.934167,3,2022
2022111249981,-1.746962,54.715961,3,2022
2023549455523,-1.724675,51.419198,3,2023
2022430292238,-0.733763,51.635881,3,2022
2023031327093,-3.225016,54.120998,3,2023
2024122400732,-2.03707,53.88688,3,2024
2022520203463,-2.666195,50.955604,3,2022
2022061136327,-2.283361,53.592893,3,2022
2022061252466,-2.237926,53.471119,3,2022
2024061454288,-2.1794,53.59218,2,2024
2023061362374,-2.33402,53.518312,3,2023
2024061518054,-2.31415,53.37311,1,2024
2024061522350,-2.61212,53.52824,3,2024
2023052300041,-2.945932,53.421848,3,2023
2024052401977,-2.86802,53.38356,3,2024
2024052402551,-2.92767,53.4147,3,2024
2024052400536,-3.02434,53.35449,1,2024
2024141442880,-1.59215,53.5138,3,2024
2023101283731,-1.617243,54.972266,3,2023
2023101338440,-1.615574,54.965485,3,2023
2022201245185,-1.871522,52.463353,2,2022
2024201498824,-1.48121,52.43268,3,2024
2023201339348,-2.141052,52.593017,3,2023
2022131173173,-1.70912,53.800934,3,2022
2022131203232,-1.711287,53.788338,3,2022
2022131252232,-1.576343,53.775561,1,2022
2024010504124,0.13643,51.56404,3,2024
2023010421555,-0.30444,51.582925,2,2023
2023010462084,-0.306541,51.539199,3,2023
2024010496442,-0.13268,51.6121,2,2024
2022010383587,0.046802,51.479142,3,2022
2024010511394,0.03899,51.47409,2,2024
2022010357798,0.234643,51.605372,3,2022
2022010393077,-0.462848,51.527323,3,2022
2024010548248,-0.44573,51.56141,3,2024
2023010459909,-0.344402,51.482108,3,2023
2024010509519,-0.13829,51.55678,2,2024
2023010457779,-0.191773,51.488945,3,2023
2024010512497,-0.13113,51.4265,3,2024
2024010517731,-0.11646,51.43351,3,2024
2024010533085,-0.03465,51.4857,3,2024
2022010375189,0.038258,51.541044,3,2022
2022010409726,0.025902,51.544046,3,2022
2024010505507,0.03271,51.53949,3,2024
2023010448218,0.064434,51.558616,3,2023
2023010466497,-0.09863,51.500835,3,2023
2023010422336,-0.038482,51.518117,3,2023
2023010444711,-0.074405,51.524854,3,2023
2022010395478,-0.149868,51.518911,3,2022
2022010407142,-0.181525,51.501421,3,2022
2023351283842,0.134089,52.179363,3,2023
2024351423618,0.11152,52.21928,3,2024
2024351440758,0.1401,52.20097,3,2024
2022471222478,0.10625,51.081322,3,2022
2023471298129,0.001832,50.800169,3,2023
2022421237613,0.601574,51.522616,3,2022
2023421274020,0.579507,51.531882,2,2023
2023440486227,-0.751393,51.304571,3,2023
2024440159668,-1.34179,51.05545,3,2024
2024440345305,-0.96934,50.86385,2,2024
2022461231045,0.528648,51.273328,3,2022
2023461267287,0.358091,51.332531,3,2023
2024461484763,0.24918,51.12102,2,2024
2022041136961,-2.87526,53.765768,2,2022
2024361450811,1.3002,52.63722,3,2024
2022311220197,-1.106523,53.302568,3,2022
2024311470872,-1.14878,53.1401,2,2024
2024311477503,-1.03288,52.85247,2,2024
2023451377039,-0.201952,51.234142,3,2023
2022471226483,-0.109028,50.946732,2,2022
2024471433675,-0.54398,50.80872,3,2024
2024221454081,-2.2322,52.19414,2,2024
2022991218956,-3.196239,55.95095,3,2022
2023991299118,-3.15597,56.129953,2,2023
2024991438221,-4.12818,55.89557,3,2024
202263C007522,-4.949193,51.709733,3,2022
2022041182478,-2.498383,53.728875,3,2022
2022332200090,-1.114719,52.623705,3,2022
2022401144486,-0.457424,51.906943,3,2022
2022421246155,0.2984,51.477357,3,2022
2024421474239,0.43029,51.52144,3,2024
2023461263826,0.508832,51.382694,3,2023
2024461469034,0.54704,51.38663,3,2024
2022471186677,-0.140045,50.824344,3,2022
2022440195182,-1.077699,50.809363,2,2022
2022440057659,-1.39785,50.905354,2,2022
2023552300339,-1.748815,50.739258,2,2023
2023122300138,-2.016303,53.962517,3,2023
2023520300477,-3.104343,51.025302,3,2023
2024061511615,-2.47698,53.59231,2,2024
2024061394938,-2.11466,53.53111,3,2024
2024061496432,-2.09497,53.3955,2,2024
2023061396271,-2.48565,53.527391,3,2023
2022052202963,-2.946029,53.40929,3,2022
2023052302181,-2.946331,53.403903,3,2023
2022141207960,-0.982956,53.495255,2,2022
2022201256763,-1.88338,52.44294,3,2022
2023201354390,-1.94919,52.400436,2,2023
2024201444603,-1.92842,52.52797,3,2024
2023201376553,-1.55755,52.38938,3,2023
2022201153725,-2.037704,52.474519,3,2022
2024201431640,-2.07528,52.55296,2,2024
2022131175546,-1.673315,53.805381,2,2022
2022131199999,-1.542632,53.796011,3,2022
2023131277231,-1.580109,53.820874,3,2023
2023010430945,0.08785,51.534371,3,2023
2022010397914,-0.180508,51.592363,3,2022
2022010409959,-0.158143,51.553158,3,2022
2023010437300,-0.081751,51.4045,3,2023
2024010498674,-0.09176,51.5607,2,2024
2024010514037,-0.07917,51.52362,2,2024
2023010458713,-0.21356,51.494279,3,2023
2023010479347,-0.082614,51.597756,3,2023
2023010469548,0.186576,51.581538,3,2023
2024010520892,-0.40956,51.45663,3,2024
2023010441404,-0.19407,51.488036,3,2023
2024010540579,-0.31046,51.35968,2,2024
2023010441685,-0.129164,51.432119,3,2023
2024010543715,-0.13042,51.46503,3,2024
2024010527580,-0.01573,51.43112,2,2024
2022010375446,-0.05535,51.514297,3,2022
2022010390646,-0.032515,51.532486,3,2022
2023010420953,-0.011508,51.511305,2,2023
2023010437869,-0.056111,51.519463,3,2023
2023010478746,-0.170594,51.478994,3,2023
2023010483248,-0.149653,51.450924,2,2023
2024010507636,-0.17145,51.46115,3,2024
2022010418982,-0.127704,51.507192,2,2022
2024010527872,-0.16583,51.51217,3,2024
2022302200290,-1.534665,52.769295,3,2022
2023421323838,0.482154,51.716733,3,2023
2023421340072,0.484578,51.562458,3,2023
2022440506427,-1.316489,50.889601,2,2022
2024440080104,-1.49066,51.11388,3,2024
2023411339050,-0.340461,51.749685,3,2023
2023461359597,0.869555,51.147035,3,2023
2022041143118,-2.694727,53.763697,2,2022
2024320669830,-0.14706,52.78938,3,2024
2024361415984,1.24802,52.6288,3,2024
2024361502222,0.41606,52.75724,2,2024
2022311257879,-1.119712,53.302621,3,2022
2022430305934,-0.925227,51.553735,3,2022
2024430188444,-1.26076,51.67473,3,2024
2022451202408,-0.573229,51.291746,2,2022
2022451212047,-0.049507,51.174226,3,2022
2024451418589,-0.30457,51.31687,3,2024
2024451518797,-0.35677,51.40072,2,2024
2023471268623,-0.335565,51.064563,2,2023
2023471367129,-0.508239,50.810559,3,2023
2024221403827,-1.93378,52.31353,3,2024
2022991166449,-4.497484,55.607963,3,2022
2023991384522,-2.794902,55.597403,2,2023
2022991235217,-3.214358,55.941948,3,2022
2023991327572,-3.392182,56.08302,3,2023
2022991203602,-3.249543,56.425082,2,2022
2024991535723,-4.25684,55.85919,3,2024
2024070642502,-2.57052,53.39828,3,2024
2024041419093,-2.47243,53.75789,2,2024
2022161239787,-0.09204,53.544019,3,2022
2024161490061,-0.67789,53.57346,3,2024
2022332200928,-1.122217,52.643989,3,2022
2023522301734,-2.853233,51.427347,3,2023
2024421462900,0.31077,51.49383,3,2024
2024430114387,-1.3178,51.41141,3,2024
2023440527330,-1.042158,50.834418,3,2023
2023071179101,-2.252541,53.138623,3,2023
2024070801661,-2.89636,53.18956,3,2024
2022221140814,-2.655021,52.787626,3,2022
2022221175956,-2.744126,52.70782,3,2022
2022501195484,-5.3527,50.108642,3,2022
2023552300513,-1.872944,50.717912,2,2023
2023552301316,-1.878672,50.743215,3,2023
2022430253904,-0.779633,51.616252,3,2022
2023430096555,-0.560515,51.607764,3,2023
2023340WN6902,-0.894631,52.259263,3,2023
2024351455756,0.34842,52.32624,3,2024
2024351435643,0.00745,52.31308,2,2024
2024471441975,0.54282,50.87932,2,2024
2024471535072,0.60924,50.87296,3,2024
2023531326953,-2.250733,51.86075,2,2023
2023531323602,-2.057945,51.946812,3,2023
2023411364197,-0.474994,51.748109,3,2023
2024411463437,-0.02089,52.04822,2,2024
2022461245052,0.518097,51.269697,3,2022
2022041170723,-2.648864,53.63837,3,2022
2023041329774,-2.684664,53.75687,2,2023
2022332200744,-1.24125,52.764375,2,2022
2022320501349,0.348415,53.17518,3,2022
2024361458607,1.31228,52.63404,3,2024
2022311214656,-1.074074,52.96275,3,2022
2023430023474,-1.244746,51.606363,3,2023
2022451233215,-0.236393,51.345186,3,2022
2024451492902,-0.43104,51.41544,3,2024
2022231147346,-1.385692,52.252319,3,2022
2024221455654,-1.93729,52.30578,3,2024
2024221535698,-2.24191,52.38526,3,2024
2024061461119,-2.19479,53.47603,2,2024
2024061481054,-2.47837,53.50516,3,2024
2023052300279,-2.987713,53.405302,3,2023
2022052202715,-3.019509,53.382491,3,2022
2024141396497,-1.47182,53.54867,2,2024
2022141138604,-1.477024,53.383059,3,2022
2022141148448,-1.468026,53.364368,3,2022
2023141342465,-1.497592,53.407201,3,2023
2023141388532,-1.469625,53.37473,2,2023
2024141477568,-1.43365,53.40595,3,2024
2022101249650,-1.664252,54.998096,3,2022
2022101149916,-1.538213,54.984608,3,2022
2023201291577,-1.889721,52.472622,3,2023
2023201384519,-1.856916,52.510336,2,2023
2024201501896,-1.81758,52.49235,3,2024
2022131169212,-1.712506,53.70095,3,2022
2023131388586,-1.543619,53.795987,3,2023
2024131407371,-1.59912,53.79472,2,2024
2024010523607,0.14412,51.5654,3,2024
2022010377710,-0.194411,51.571257,3,2022
2023010434887,-0.176853,51.617683,3,2023
2022010382438,-0.291907,51.553788,3,2022
2022010370345,-0.128512,51.528275,2,2022
2024010529439,-0.11471,51.52455,3,2024
2022010398323,-0.249346,51.513792,3,2022
2023010449075,-0.297921,51.50895,3,2023
2024010548870,0.05307,51.49268,3,2024
2023010432187,-0.07492,51.552982,3,2023
2023010441836,-0.073071,51.563959,3,2023
2024010516372,-0.24661,51.5112,3,2024
2022010404901,-0.070753,51.58803,2,2022
2024010497047,-0.07439,51.58401,3,2024
2024010500254,-0.05446,51.6079,3,2024
2023010458161,-0.36494,51.559765,3,2023
2023010480777,0.176242,51.566155,3,2023
2023010479999,-0.425691,51.493253,2,2023
2023010433655,-0.211669,51.519411,3,2023
2022010360718,-0.290476,51.411742,3,2022
2023010451232,-0.111346,51.503414,3,2023
2024010538964,-0.0813,51.49793,3,2024
2022010367973,-0.052372,51.520597,3,2022
2022010389622,-0.043144,51.51797,3,2022
2022010363772,-0.002905,51.559386,3,2022
2022010368205,-0.167952,51.463693,3,2022
2023010474980,-0.163698,51.432665,3,2023
2024010553631,-0.23638,51.4439,3,2024
2022010365428,-0.125658,51.496998,3,2022
2023010443783,-0.111809,51.511038,3,2023
2024010522314,-0.13565,51.49713,3,2024
2024991465039,-4.68282,57.14496,3,2024
2023991321521,-3.089172,55.882117,2,2023
2024991422469,-3.12301,55.95777,2,2024
2023991373161,-4.292892,55.83446,2,2023
2024991481840,-4.01219,55.8596,3,2024
2024622400129,-3.44176,51.61885,2,2024
2023610041023,-3.059393,51.577572,3,2023
2023070325137,-2.587015,53.392691,3,2023
2024041473003,-2.46169,53.68488,3,2024
2023161334268,-0.410438,53.735534,3,2023
2024161479253,-0.87482,53.70656,3,2024
2023122300428,-1.084343,53.952362,3,2023
2023122301127,-1.030776,53.987382,3,2023
2024302401159,-1.5085,52.91456,3,2024
2022311138610,-1.150484,52.96102,2,2022
2022522202440,-2.584576,51.452041,3,2022
2023522400431,-2.782347,51.339533,2,2023
2024501521153,-3.52626,50.48855,3,2024
2024430012878,-0.79765,52.03098,3,2024
2022111259542,-1.560325,54.623189,3,2022
2023401307547,-0.500812,51.888343,3,2023
2022552200606,-1.88925,50.771363,3,2022
202234NNC8352,-0.545851,52.368751,2,2022
2023122301281,-1.998883,53.899236,3,2023
2024122500013,-1.53935,53.99597,3,2024
2024520403331,-3.099,51.01481,3,2024
2023061302125,-2.282828,53.479182,2,2023
2022061233047,-2.289305,53.458961,3,2022
2024052400251,-2.95591,53.39656,2,2024
2024052400319,-2.78131,53.43101,2,2024
2023052300346,-2.926117,53.502264,3,2023
2024052402686,-3.00035,53.45718,2,2024
2022052202039,-2.964747,53.313659,2,2022
2023141313962,-1.474179,53.546773,3,2023
2022141151915,-1.107933,53.519785,3,2022
2023141294754,-1.130394,53.521101,3,2023
2022101192491,-1.433992,54.803837,3,2022
2024201485840,-1.79811,52.50145,2,2024
2024201418813,-1.53289,52.42999,3,2024
2024201453180,-2.0158,52.56319,3,2024
2022131132408,-1.734014,53.792246,3,2022
2022131164325,-1.846113,53.768246,3,2022
2023131317820,-1.761078,53.789804,3,2023
2023131370459,-1.916825,53.868738,3,2023
2022131260107,-1.543381,53.794162,3,2022
2023131365752,-1.662437,53.823111,3,2023
2024131513125,-1.61013,53.7403,3,2024
2022131209061,-1.533069,53.690543,3,2022
2022010406730,-0.139615,51.537759,3,2022
2023010445557,-0.104315,51.344895,3,2023
2024010528482,-0.05214,51.63549,3,2024
2023010477245,0.072508,51.481991,3,2023
2023010461102,-0.075152,51.551251,3,2023
2024010508139,-0.22255,51.49306,3,2024
2023010475771,-0.054737,51.603412,3,2023
2022010384517,0.173055,51.607329,2,2022
2023010456712,0.247805,51.553717,3,2023
2023010474962,-0.35431,51.470917,3,2023
2023010471906,-0.21089,51.50029,3,2023
2022010363615,-0.116421,51.455448,2,2022
2024010543914,-0.13608,51.47172,3,2024
2022010378159,-0.037954,51.487812,3,2022
2023010437389,0.012641,51.514778,3,2023
2024010501903,0.02535,51.51861,3,2024
2024010547805,0.01639,51.54461,3,2024
2023010482001,-0.098327,51.489751,3,2023
2024010545391,-0.01314,51.51747,3,2024
2023010474308,-0.045111,51.562561,3,2023
2022010363518,-0.151932,51.520958,3,2022
2022010412507,-0.127285,51.509317,3,2022
2023010428067,-0.119015,51.51208,3,2023
2024010507119,-0.18031,51.50145,3,2024
2024010509921,-0.17981,51.51334,3,2024
2023351354052,0.268209,52.406984,3,2023
2024351484922,0.2634,52.40149,2,2024
2022031148236,-3.251274,54.105807,3,2022
2023302301715,-1.298484,52.878778,3,2023
2022501203359,-3.298701,50.894769,3,2022
2024501461039,-3.47813,50.71463,3,2024
2024421413007,0.24408,51.70526,3,2024
2023531380852,-2.107418,51.894954,3,2023
2024531424259,-1.72122,51.92912,3,2024
2024440005362,-0.7559,51.29581,3,2024
2024411475154,-0.47202,51.63964,3,2024
2024461481126,1.07073,51.27312,2,2024
2024041441896,-2.23294,53.82684,3,2024
2022320395123,0.264737,53.340649,3,2022
2023311285099,-1.133743,52.937535,3,2023
2024311439163,-1.07067,52.97277,3,2024
2024211402668,-2.11896,52.81261,3,2024
2023371381630,0.969488,52.024151,3,2023
2022451252016,-0.483124,51.425094,2,2022
2024451528546,-0.4105,51.32815,3,2024
2023471260400,-0.149506,50.963793,3,2023
2023471372545,-0.322667,50.825566,3,2023
2024991402303,-4.59218,55.45983,2,2024
2022991184790,-4.319388,55.848433,3,2022
2024622400852,-3.17433,51.51659,3,2024
2022170M11272,-1.267988,54.556224,2,2022
202417M117324,-1.21732,54.54257,2,2024
202417L100324,-1.04469,54.54319,3,2024
2023170S32163,-1.293439,54.536541,3,2023
2022161241348,-0.265694,53.775291,2,2022
2023161393811,-0.404307,53.76091,3,2023
2024161403144,-0.35827,53.75696,3,2024
2024161448191,-0.06062,53.56632,3,2024
2022332200618,-1.127903,52.636776,3,2022
2022522203137,-2.616476,51.479428,3,2022
2023522300524,-2.605689,51.451062,2,2023
2023522400687,-2.588096,51.411309,2,2023
2024421398273,0.7815,51.5326,2,2024
2024461445251,0.54924,51.39517,3,2024
2023430015911,-0.996381,51.454584,3,2023
2022471186339,-0.136076,50.820261,2,2022
2023471289643,-0.143986,50.822725,3,2023
2023471333482,-0.138663,50.826975,3,2023
2024440449676,-1.0772,50.80666,3,2024
2024070018380,-2.45624,53.09471,3,2024
2024070891998,-2.60742,53.2412,3,2024
2024501422981,-4.83139,50.41472,2,2024
202234WNC4132,-0.882525,52.236699,3,2022
2023340WN4112,-0.883696,52.237879,3,2023
2023340WN6622,-0.878717,52.234388,3,2023
2023122300808,-0.417879,54.269094,3,2023
2022501143361,-4.142148,50.551663,2,2022
2024471452675,0.31435,50.79301,3,2024
2023421332051,0.481348,51.565944,2,2023
2024421450551,0.44017,51.74094,3,2024
2024421488815,0.47356,51.75637,2,2024
2023531340446,-2.112086,51.896091,2,2023
2023440447440,-1.295256,50.951271,3,2023
2024440019717,-1.02771,50.86462,3,2024
2024440174926,-0.75319,51.2956,2,2024
2023411359299,-0.043276,51.708676,2,2023
2022461219446,1.035185,51.26382,3,2022
2023461346880,1.300483,51.134211,3,2023
2023041330738,-2.617772,53.652125,2,2023
2023332300378,-1.020746,52.667557,2,2023
2024332400131,-1.1272,52.57943,3,2024
2023361370569,1.390666,52.673537,3,2023
2022122200592,-0.77848,54.134988,3,2022
2023311391216,-1.261731,53.113376,2,2023
2022451128867,-0.323835,51.390165,3,2022
2023451370835,-0.273397,51.356259,3,2023
2024451529387,-0.58809,51.20186,3,2024
2024471455403,-0.67267,50.78356,2,2024
2024411504350,0.15037,51.81492,3,2024
2022371192442,0.527954,52.407252,2,2022
2024061452240,-2.2588,53.3917,3,2024
2023061382104,-2.122983,53.539326,2,2023
2022061155116,-2.112692,53.45426,2,2022
2023061388399,-2.07011,53.456639,2,2023
2023061416772,-2.08277,53.47717,3,2023
2023052302168,-2.973972,53.407618,3,2023
2023052302249,-2.961243,53.401482,3,2023
2022052202177,-2.950351,53.514649,2,2022
2022052201514,-2.982455,53.306332,2,2022
2024141490243,-1.39515,53.41472,2,2024
2023101355080,-1.639273,55.041599,3,2023
2024101508435,-1.60274,55.00593,3,2024
2022101214630,-1.52767,54.897517,3,2022
2023201407926,-1.92558,52.447757,3,2023
2024201436838,-1.77567,52.48199,3,2024
2024201499022,-1.94466,52.47164,3,2024
2022201163010,-2.095474,52.508234,2,2022
2024201437870,-1.98717,52.58852,3,2024
2022131176518,-1.760264,53.775503,3,2022
2023131392873,-1.752624,53.774364,2,2023
2024131453577,-1.53402,53.71522,3,2024
2024131481521,-1.49359,53.68186,2,2024
2023481382685,-0.079105,51.515597,3,2023
2022010413957,0.147149,51.554128,3,2022
2022010357630,-0.149824,51.614535,3,2022
2023010471224,-0.21431,51.605858,2,2023
2023010480564,-0.343808,51.545792,3,2023
2022010408521,-0.114432,51.619494,3,2022
2022010411067,-0.243641,51.498735,3,2022
2024010497774,-0.22357,51.50335,3,2024
2024010534078,-0.19622,51.48575,2,2024
2022010411179,-0.106474,51.589619,3,2022
2022010381748,-0.333539,51.603808,3,2022
2022010361896,-0.292245,51.388576,3,2022
2023010420530,-0.136959,51.46824,3,2023
2023010460963,-0.123046,51.483782,2,2023
2024010545947,-0.10295,51.4656,3,2024
2022010390621,-0.192472,51.416251,3,2022
2023010449330,-0.179924,51.390347,3,2023
2023010437913,0.032664,51.539459,3,2023
2024010544207,0.01642,51.54155,3,2024
2022010377506,-0.329698,51.433997,2,2022
2022010409283,-0.069071,51.4751,2,2022
2023010460787,-0.027443,51.508058,3,2023
2023010423506,-0.148103,51.448678,3,2023
2023010423504,-0.206987,51.444792,3,2023
2023010483083,-0.192625,51.455731,3,2023
2024010540571,-0.17274,51.42344,3,2024
2022010353782,-0.158454,51.501142,3,2022
2022010368373,-0.164352,51.521099,2,2022
2023010464187,-0.201375,51.522023,3,2023
2023010482561,-0.178652,51.538416,2,2023
2024991460738,-2.3772,57.28504,2,2024
2024991401819,-3.17912,55.9498,3,2024
2024991499116,-3.18062,55.96132,3,2024
2022991225084,-4.349309,55.912442,2,2022
2023991392261,-3.966588,55.781894,3,2023
202460Q062138,-2.99148,53.0457,3,2024
2023631389437,-3.305078,52.512087,3,2023
2024111535022,-1.55298,54.51137,3,2024
2023041342884,-2.46988,53.74178,3,2023
2024332401055,-1.15301,52.62434,3,2024
2022311154684,-1.152346,52.972378,3,2022
2022311245897,-1.171254,52.910294,2,2022
2023221353458,-2.733131,52.042884,3,2023
2023211384870,-2.120437,53.00305,2,2023
2024522402624,-2.60693,51.44276,3,2024
2023461293041,0.537765,51.377016,3,2023
2024461427017,0.47557,51.39533,3,2024
2024430438780,-1.09066,51.43151,3,2024
2024430378885,-0.94562,51.4539,3,2024
2023070392539,-2.496471,53.199645,3,2023
2024070900087,-2.51144,53.19471,3,2024
2023221402504,-2.810608,52.702826,2,2023
202254D178422,-1.64542,51.117497,2,2022
2022101135753,-1.514841,55.121431,2,2022
2022101196055,-1.8287,55.198952,3,2022
2022552200087,-1.963327,50.723704,3,2022
2023340NN3222,-0.69913,52.490868,3,2023
2023340WN3552,-0.905383,52.2397,3,2023
2024031469856,-2.90209,54.88185,2,2024
2024031492620,-2.94176,54.91443,3,2024
2024061433909,-2.41456,53.57847,2,2024
2024061465733,-2.24306,53.48086,2,2024
2023061377130,-2.125596,53.478984,1,2023
2023061325776,-2.652606,53.52114,2,2023
2022201183598,-1.883001,52.552787,3,2022
2023201379833,-1.880245,52.552084,2,2023
2024201518948,-1.83577,52.46335,3,2024
2022201254288,-1.455501,52.41909,3,2022
2023201408283,-2.008332,52.620286,3,2023
2023131278885,-1.732952,53.782681,3,2023
2024131461695,-1.77501,53.80247,3,2024
2024131470835,-1.93693,53.86883,3,2024
2024131401417,-1.75629,53.65194,3,2024
2022131207543,-1.569771,53.792093,2,2022
2022131249749,-1.521247,53.810182,3,2022
2023131346540,-1.514149,53.679215,2,2023
2023131371341,-1.580644,53.677327,2,2023
2024131449231,-1.5002,53.67877,3,2024
2024010551414,0.1327,51.46447,3,2024
2022010418965,-0.203814,51.533319,3,2022
2023010443765,-0.241463,51.533988,2,2023
2022010379165,-0.287926,51.535701,2,2022
2024010532001,-0.04099,51.65628,3,2024
2023010457440,-0.068329,51.549889,3,2023
2024010522822,-0.07313,51.56364,3,2024
2023010440994,0.219689,51.569109,3,2023
2023010425750,-0.254418,51.492691,3,2023
2022010378748,-0.105475,51.522339,2,2022
2024010514703,-0.21227,51.52127,3,2024
2022010370511,-0.130142,51.423663,3,2022
2022010410727,-0.12832,51.434111,3,2022
2024010545692,-0.11282,51.4673,2,2024
2023010477586,0.01324,51.508428,2,2023
2023010472156,0.079988,51.559601,2,2023
2024010488258,0.06983,51.55733,3,2024
2024010489715,-0.37787,51.44914,3,2024
2024010521275,-0.25672,51.44031,2,2024
2022010392344,-0.088321,51.50617,3,2022
2022010409087,-0.097735,51.475947,2,2022
2024010535375,-0.10444,51.50624,3,2024
2023010419400,-0.166168,51.458647,3,2023
2023010463217,-0.212514,51.459875,2,2023
2023010475181,-0.178131,51.439464,3,2023
2023010481187,-0.16864,51.427455,3,2023
2024010547204,-0.14576,51.478,3,2024
2022010353008,-0.181388,51.528378,3,2022
2022010367477,-0.174786,51.522943,3,2022
2024010544883,-0.13608,51.5113,2,2024
2024302400367,-1.22691,53.20115,3,2024
2024531505629,-2.06559,51.93851,3,2024
2023440111599,-1.169819,50.805774,2,2023
2022461201000,1.033426,51.348045,3,2022
2023461316807,1.139001,51.081102,3,2023
2023041314776,-2.680571,53.766367,1,2023
2023041327597,-2.948337,53.73946,3,2023
2023361353654,1.47665,52.55117,3,2023
2024361443692,1.69859,52.57333,2,2024
2023430403893,-1.278308,51.674432,3,2023
2024430227945,-1.22479,51.72831,3,2024
2024211528337,-2.01744,52.72517,2,2024
2023371273190,1.708384,52.419929,2,2023
2023371353866,1.154227,52.047875,3,2023
2023371345170,1.734471,52.456472,3,2023
2024451408505,-0.68687,51.36972,3,2024
2024451529388,-0.22919,51.32259,3,2024
2023231337079,-1.530855,52.575956,3,2023
2024471515434,-0.35453,50.83478,3,2024
2022991172750,-3.247834,54.990566,3,2022
2024991443745,-3.21439,55.96646,3,2024
2022991156441,-2.98103,56.475087,3,2022
202263A105922,-3.826011,51.805189,3,2022
2022622200918,-3.978318,51.607608,3,2022
2024622400792,-3.76354,51.67961,3,2024
2023170H10103,-1.231672,54.699808,3,2023
2023161263641,-0.354769,53.750226,3,2023
2022522201952,-2.450859,51.29623,3,2022
2022522205112,-2.582761,51.457607,3,2022
2022522203442,-2.600531,51.452824,3,2022
2024522403306,-2.58421,51.4597,3,2024
2024401538169,-0.41854,51.87462,2,2024
2022421132000,0.761386,51.537156,3,2022
2022421262356,0.23365,51.487377,3,2022
2022430459330,-0.963488,51.454882,3,2022
2024430472116,-0.64859,51.52696,2,2024
2024111470237,-1.67563,54.66038,2,2024
202454A725524,-2.1178,51.45916,3,2024
2022401211435,-0.476184,52.137476,2,2022
2022552300222,-1.880135,50.7364,3,2022
2022340NNC242,-0.717225,52.314723,2,2022
2022122201370,-1.943004,54.389864,3,2022
2024122400644,-1.396,54.08249,3,2024
2024122401107,-2.27785,54.07015,2,2024
2022061190758,-2.256951,53.443377,3,2022
2022061205976,-2.206417,53.475636,3,2022
2024061409206,-2.22042,53.43951,2,2024
2024052402757,-2.97717,53.44364,1,2024
2024141402719,-1.47483,53.41861,3,2024
2023201440697,-1.792016,52.481247,2,2023
2024201508228,-1.87531,52.46243,3,2024
2024201530157,-1.82915,52.55385,3,2024
2023201282976,-2.12678,52.58906,2,2023
2023131317594,-1.752696,53.790408,2,2023
2022131238748,-1.913557,53.71204,2,2022
2022131137803,-1.524583,53.810618,3,2022
2022131196601,-1.641502,53.800176,2,2022
2024131468889,-1.54744,53.77278,3,2024
2022010413930,-0.27439,51.546671,3,2022
2023010443143,-0.252629,51.559405,2,2023
2024010514688,-0.27912,51.5632,3,2024
2022010389197,-0.037731,51.402359,3,2022
2023010471220,-0.344586,51.539058,3,2023
2023010458979,-0.096172,51.570487,3,2023
2024010545375,-0.08981,51.55556,3,2024
2022010402091,-0.234314,51.492902,3,2022
2024010502662,-0.06346,51.5895,3,2024
2023010424202,-0.333329,51.593761,2,2023
2022010394671,0.180807,51.571079,3,2022
2022010399722,0.188422,51.582412,3,2022
2022010409025,-0.426661,51.506071,3,2022
2024010511231,-0.47676,51.52115,3,2024
2024010533703,-0.09636,51.54031,3,2024
2024010550280,-0.29498,51.39319,3,2024
2023010449298,-0.139744,51.456396,2,2023
2022010375961,-0.024501,51.468126,3,2022
2024010491736,-0.0245,51.46811,3,2024
2024010501853,-0.04315,51.42596,3,2024
2024010514363,-0.01842,51.46155,3,2024
2024010547973,0.04239,51.53824,2,2024
2023010439507,-0.075423,51.460358,2,2023
2023010476327,-0.078079,51.501291,3,2023
2024010514698,-0.06398,51.49815,2,2024
2023010436407,-0.152856,51.363647,2,2023
2024010498330,-0.05304,51.52046,3,2024
2024010549619,-0.16037,51.43601,3,2024
2023010437756,-0.175656,51.511644,2,2023
2024010493522,-0.14505,51.49674,2,2024
2022031230158,-2.920974,54.363796,3,2022
2022471205986,0.080675,50.779587,2,2022
2023421376916,1.04369,51.9382,3,2023
2024531434916,-2.1583,51.84556,3,2024
2024531515627,-2.23995,51.73989,3,2024
2023411353448,-0.402329,51.793335,3,2023
2024411399914,-0.27428,51.94911,3,2024
2024411442216,-0.38815,51.6203,3,2024
2022461291110,0.192351,51.278357,3,2022
2022041217723,-2.811274,54.057252,3,2022
2023041319575,-2.857308,54.068652,3,2023
2022361152822,1.306685,52.617912,2,2022
2024430168584,-1.25006,51.73396,3,2024
2024430201001,-1.23254,51.74624,3,2024
2024371406904,1.35212,51.96486,3,2024
2024451495503,-0.34369,51.37002,2,2024
2022231230041,-1.702928,52.192588,3,2022
2024231482114,-1.69899,52.19108,3,2024
2023991370805,-3.864173,57.585482,2,2023
2023991316142,-4.923248,55.94752,2,2023
2024991407761,-3.29482,55.94833,2,2024
2022991248716,-3.338778,56.592735,2,2022
202460Q089107,-3.42745,53.18237,3,2024
202260B029570,-3.043199,53.00941,1,2022
2024631493139,-4.30914,51.85643,2,2024
2024622400565,-3.17158,51.4833,2,2024
2022622200247,-3.39194,51.52243,3,2022
2022170M20572,-1.19642,54.559751,2,2022
2022111197113,-1.565226,54.536708,3,2022
2022070541639,-2.605629,53.391493,3,2022
2023041266590,-3.053804,53.806271,2,2023
2022161239972,-0.438396,53.75512,3,2022
2022161215235,-0.109251,53.557112,3,2022
2023302300349,-1.499845,52.936376,3,2023
2023311317166,-1.167245,52.96504,2,2023
2023522300148,-2.592809,51.468787,3,2023
2024522403202,-2.49205,51.47462,3,2024
2022401138970,-0.424989,51.882056,3,2022
2022401266965,-0.424469,51.886123,2,2022
2022421155727,0.72112,51.55407,2,2022
2024430001868,-1.25284,51.39584,3,2024
2024430014561,-0.95032,51.44964,3,2024
2024430380172,-0.57841,51.48396,3,2024
2022111224148,-2.17969,54.652664,3,2022
2024501453182,-5.28324,50.2172,3,2024
202254D296222,-2.209638,51.303295,3,2022
2022552200179,-1.949585,50.723114,1,2022
2022552201565,-1.880481,50.722884,3,2022
2024340WN7182,-0.91234,52.24993,3,2024
2023031361242,-2.94578,54.891624,2,2023
2023122300187,-1.602746,53.915207,2,2023
2024520401883,-2.99952,51.12971,2,2024
2023061370246,-2.331915,53.563466,1,2023
2023061367810,-2.301024,53.405971,2,2023
2024061463780,-2.24461,53.47349,2,2024
2023061273533,-2.103615,53.603422,2,2023
2024061516536,-2.63975,53.48569,3,2024
2023141311248,-1.404351,53.522896,2,2023
2023141365245,-1.429277,53.376252,3,2023
2022101206911,-1.430316,54.962251,2,2022
2023101291834,-1.430605,54.98595,3,2023
2022201160253,-1.859348,52.524111,2,2022
2022201265559,-1.887829,52.47538,2,2022
2023201362680,-2.003901,52.620538,3,2023
2023201289767,-2.097971,52.59093,2,2023
2024201518400,-2.11132,52.5994,3,2024
2023131355817,-1.790222,53.805084,3,2023
2023131348749,-1.661467,53.73596,3,2023
2022131242430,-1.523952,53.797942,2,2022
2023131384447,-1.517843,53.807724,2,2023
2023010467252,-0.261858,51.534148,3,2023
2024010505515,-0.22204,51.56298,3,2024
2024010512484,-0.2203,51.55392,3,2024
2022010390940,-0.125589,51.52571,3,2022
2024010547723,-0.27405,51.50887,3,2024
2022010384052,-0.077385,51.545829,2,2022
2023010466523,-0.081833,51.536765,3,2023
2023010472979,-0.101132,51.562627,3,2023
2023010422569,-0.230079,51.492542,3,2023
2023010463026,-0.337731,51.600136,3,2023
2023010427183,-0.361889,51.467543,3,2023
2023010434875,-0.128518,51.433484,3,2023
2023010464855,-0.113268,51.454777,3,2023
2024010490377,-0.11126,51.48179,2,2024
2024010533894,-0.1207,51.42308,3,2024
2024010547451,-0.00365,51.58741,3,2024
2023010464688,-0.149725,51.502506,2,2023
2024302400049,-1.40955,53.19083,2,2024
2024501437102,-4.06194,51.08279,2,2024
2022471249314,0.464439,50.840652,2,2022
2024471479313,0.11638,50.77646,3,2024
2024421412596,0.58187,51.88045,3,2024
2024421492452,0.69108,51.74076,3,2024
2022440262544,-1.208072,50.855805,2,2022
2024411508016,-0.46525,51.74502,3,2024
2023461317495,0.352469,51.42344,3,2023
2023461348595,0.795894,51.41492,3,2023
2024461396435,0.40842,51.29406,3,2024
2022041148464,-2.631941,53.651655,3,2022
2022041222368,-2.385338,53.749919,3,2022
2023041447796,-2.241642,53.808619,3,2023
2024041454624,-2.18812,53.91782,2,2024
2022320275346,0.258777,53.340996,3,2022
2022311167301,-1.112182,53.322,2,2022
2022311249649,-1.238833,53.097869,3,2022
2023311329342,-1.109473,52.965888,3,2023
2022451159911,-0.323693,51.237343,3,2022
2023451295080,-0.510695,51.430915,2,2023
2024451493158,-0.56636,51.42667,3,2024
2023471310242,-0.222058,50.831784,3,2023
2024991462412,-3.21094,55.94894,3,2024
2024991469045,-3.20228,55.951,3,2024
2022991209317,-2.939613,56.490035,3,2022
2022991134503,-4.332291,55.877938,2,2022
2024991451737,-4.02232,55.84581,3,2024
202263B029622,-4.083128,52.413708,3,2022
2022311175526,-1.214597,52.963878,3,2022
2023522301138,-2.613433,51.468321,3,2023
2024522403169,-2.58417,51.45969,3,2024
2023522301670,-2.945682,51.336314,3,2023
2022547573022,-1.73442,51.56392,3,2022
2023401311031,-0.43307,51.882002,3,2023
2024421463254,0.77361,51.54054,3,2024
2024421528765,0.69158,51.54115,3,2024
2024421511446,0.42653,51.51445,2,2024
2023430124404,-0.782195,52.042275,2,2023
2022471193307,-0.126087,50.835354,3,2022
2023111349573,-1.276418,54.741064,3,2023
2022070912378,-2.954087,53.229355,3,2022
2023401316010,-0.429548,52.144363,3,2023
2023101378830,-2.010955,55.764283,2,2023
2023552300057,-2.474362,50.608193,3,2023
2024552401167,-2.02194,50.76464,3,2024
2024031474494,-2.93512,54.88112,3,2024
2023122300255,-0.423272,54.294746,3,2023
2024520402743,-2.75667,50.95067,2,2024
2022061210344,-2.417524,53.577759,3,2022
2022061259430,-2.206073,53.441947,3,2022
2023061382056,-2.20309,53.507685,3,2023
2022061245225,-2.258889,53.489645,3,2022
2022061261498,-2.26197,53.515058,3,2022
2023061332985,-2.154408,53.409298,2,2023
2022061142962,-2.08393,53.477429,3,2022
2024061413026,-2.31431,53.44741,3,2024
2022141251559,-1.423395,53.573406,3,2022
2023141281996,-1.320495,53.435619,3,2023
2024141452292,-1.46311,53.4019,3,2024
2023201415545,-1.841546,52.46987,3,2023
2022201209582,-1.998071,52.487174,2,2022
2023201377683,-1.917991,52.605066,2,2023
2024131430970,-1.80168,53.63486,2,2024
2023131325478,-1.676538,53.860108,3,2023
2023131379150,-1.458735,53.808245,2,2023
2024010503665,-0.24576,51.55,2,2024
2023010422333,-0.092881,51.39756,3,2023
2023010466012,-0.312839,51.49717,2,2023
2024010546798,-0.26189,51.51958,3,2024
2023010448989,-0.064545,51.614203,3,2023
2024010502963,-0.04109,51.64864,3,2024
2024010549815,-0.05551,51.5474,3,2024
2022010401146,-0.208494,51.495982,2,2022
2023010427276,-0.225184,51.512872,2,2023
2024010494171,-0.40976,51.44655,3,2024
2024010540058,-0.28994,51.49234,3,2024
2022010364485,-0.115576,51.555243,3,2022
2023010441161,-0.297695,51.417539,3,2023
2022010359121,-0.11573,51.461399,3,2022
2022010413889,-0.010138,51.442182,3,2022
2022010385030,-0.0457,51.491925,3,2022
2023010468546,-0.074983,51.474235,3,2023
2024010497437,-0.09016,51.45742,3,2024
2023010449092,-0.192066,51.361264,3,2023
2023010425392,-0.029335,51.535679,3,2023
2023010483267,-0.031928,51.529383,3,2023
2023010437470,0.004278,51.612491,3,2023
2024010526269,-0.16232,51.43788,2,2024
2023010458063,-0.1847,51.537889,3,2023
2022302201706,-1.416334,53.195684,2,2022
2022501261465,-3.511368,50.712732,3,2022
2023501273488,-4.052111,51.081088,3,2023
2023531327603,-2.247333,51.741401,2,2023
2024531527180,-2.10395,51.91624,3,2024
2024440460610,-0.98163,50.85016,3,2024
2022411144398,-0.209089,51.908552,3,2022
2023411316707,0.020892,51.889396,3,2023
2023411328106,-0.211031,51.923355,3,2023
2022461169674,0.308174,51.446184,3,2022
2023461289503,0.170098,51.284167,2,2023
2023461383943,0.731954,51.346762,3,2023
2022041169340,-2.708894,53.776206,2,2022
2022320707897,-0.205018,53.133626,3,2022
2023361359097,1.275729,52.644036,2,2023
2023311290227,-1.129722,53.009673,3,2023
2023430355167,-1.223927,51.732277,2,2023
2023430543092,-1.232654,51.749652,2,2023
2024211492659,-1.88141,52.65606,2,2024
2023371304593,1.754407,52.481521,2,2023
2022451168717,-0.314661,51.237546,2,2022
2022471155906,-0.187756,51.116304,3,2022
2023991369134,-3.071518,56.192846,1,2023
2022991217638,-4.338476,55.859549,2,2022
202360A192610,-3.079559,53.173764,3,2023
2023622300548,-3.189701,51.482242,3,2023
2023622300927,-3.159873,51.503105,3,2023
2024622400599,-3.32829,51.60066,3,2024
2022610049222,-3.170971,51.799917,3,2022
2023111300936,-1.574988,54.532824,3,2023
2023161340806,-0.381651,53.743707,3,2023
2023161377296,-0.331537,53.747451,2,2023
2024161516976,-0.04818,53.56903,3,2024
2024161513710,-0.67775,53.57413,3,2024
2024122500227,-1.06018,53.96239,3,2024
2024302500182,-1.53479,52.92675,3,2024
2022211233652,-2.188535,53.006188,3,2022
2024211525632,-2.18011,53.01282,3,2024
2023522300694,-2.928106,51.360193,3,2023
2023522400945,-2.546664,51.516586,3,2023
2022501213461,-4.127132,50.370309,2,2022
2024351428333,-0.26186,52.60147,2,2024
2024430383371,-0.93811,51.45573,3,2024
2024471402038,-0.13776,50.82894,3,2024
2024471475390,-0.1341,50.82253,2,2024
2024440388894,-1.06199,50.78674,3,2024
2022440284329,-1.424113,50.914974,2,2022
2022111150736,-1.620394,54.750383,2,2022
2023111359399,-1.569526,54.854628,3,2023
2022501206729,-5.299776,50.21403,3,2022
202234WNC2482,-0.905149,52.24031,2,2022
2023122300334,-1.738859,53.928747,2,2023
2022061199584,-2.248477,53.381697,3,2022
2022061137090,-2.335272,53.512609,3,2022
2023061317844,-2.309732,53.503025,2,2023
2022052200641,-2.719533,53.470635,3,2022
2024052400832,-2.69856,53.4515,2,2024
2022052200711,-3.031888,53.416318,3,2022
2022052201537,-3.033111,53.412118,2,2022
2022141135943,-1.479893,53.354874,2,2022
2023141345259,-1.486223,53.361949,3,2023
2022101190976,-1.467706,54.958619,3,2022
2023101357255,-1.427271,54.995163,3,2023
2022201264879,-1.904058,52.500225,3,2022
2022201220971,-1.81511,52.546822,3,2022
2022201202237,-1.888653,52.475615,3,2022
2023201379096,-1.824559,52.566254,3,2023
2024201547790,-1.89933,52.47611,3,2024
2024201530182,-1.8834,52.5528,3,2024
2022201248635,-1.951742,52.500856,3,2022
2024201431097,-2.08085,52.56742,3,2024
2023131288410,-1.846686,53.790259,2,2023
2022131181795,-1.665621,53.6786,3,2022
2022131232815,-1.657769,53.679819,2,2022
2022131139548,-1.555132,53.79977,3,2022
2022131198646,-1.514524,53.819008,3,2022
2022131208227,-1.545561,53.775053,3,2022
2022131230675,-1.575783,53.811511,3,2022
2022481267181,-0.104743,51.515672,3,2022
2023010476979,-0.164903,51.590906,3,2023
2024010524702,-0.24872,51.55788,3,2024
2023010440753,-0.123394,51.522654,3,2023
2024010534460,-0.12362,51.53015,3,2024
2024010550234,-0.12848,51.51854,2,2024
2022010371709,-0.09775,51.358152,3,2022
2023010460932,-0.110617,51.386489,3,2023
2023010446244,-0.372835,51.550766,3,2023
2022010369732,-0.189688,51.477933,3,2022
2022010382095,-0.12088,51.599094,3,2022
2023010449534,-0.117865,51.590647,3,2023
2022010357483,-0.473974,51.543366,3,2022
2022010382568,-0.2542,51.491977,3,2022
2022010407855,-0.335692,51.472147,2,2022
2023010451664,-0.266439,51.401299,2,2023
2022010369071,-0.118184,51.500763,3,2022
2023010466021,-0.129399,51.464388,3,2023
2024010495585,-0.11064,51.48462,3,2024
2024010505146,-0.02711,51.47346,2,2024
2024010496322,0.02517,51.55024,3,2024
2023010444134,0.027704,51.592008,2,2023
2024010520178,-0.09513,51.50192,3,2024
2024010536448,-0.08357,51.50461,3,2024
2023010437234,-0.027913,51.512535,3,2023
2022010359695,-0.191756,51.453694,3,2022
2023010430713,-0.125193,51.494635,3,2023
2023302300014,-1.291152,52.892884,2,2023
2024302401383,-1.62336,53.31694,2,2024
2022471193076,0.555881,50.883359,3,2022
2024421497187,0.44619,51.58197,3,2024
2023531366761,-2.184291,51.720379,3,2023
2024531453535,-2.23784,51.86428,3,2024
2024531537415,-2.21283,51.87317,3,2024
2022461143996,1.388341,51.379884,3,2022
2024461501851,0.82419,51.4209,3,2024
2022041249540,-2.684694,53.758667,2,2022
2023041309387,-2.716809,53.789237,3,2023
2024041520525,-2.79513,54.02875,3,2024
2022311273039,-1.143359,53.216454,3,2022
2024371457155,1.46092,52.32358,3,2024
2024231463832,-1.46735,52.51731,3,2024
2024471494317,-0.61015,50.81691,3,2024
2023991279899,-3.041875,55.895429,2,2023
2023991390757,-4.085719,55.792116,1,2023
2023991373176,-3.285134,55.929648,3,2023
2022991183135,-3.987822,56.374219,2,2022
2023991307215,-4.281042,55.860367,2,2023
2023991342060,-4.255004,55.883981,3,2023
2023622300805,-3.161782,51.505082,3,2023
2022170H10582,-1.246884,54.657621,3,2022
2023170L20943,-1.147888,54.576351,2,2023
2022161217461,-0.38563,53.788256,3,2022
2024161513455,-0.35797,53.75732,3,2024
2022122200989,-1.124608,53.939027,3,2022
2024122400352,-1.04943,53.95844,3,2024
2022332200461,-1.119928,52.631386,3,2022
2024332401059,-1.10401,52.63441,2,2024
2022522300251,-2.548079,51.433991,3,2022
2022351141142,-0.309454,52.541685,3,2022
2024401429587,-0.40981,51.88289,2,2024
2023430095495,-0.64267,51.481281,3,2023
2022070244183,-2.509679,53.078903,3,2022
2022070648715,-2.364995,53.298468,2,2022
2024070453957,-2.66788,53.2425,3,2024
2022548482622,-2.245758,51.338103,2,2022
2023401390038,-0.502741,52.115473,3,2023
2022101192058,-1.571458,55.137854,2,2022
2023122400053,-1.449122,54.00039,3,2023
2023061329063,-2.243868,53.477372,2,2023
2022061182266,-2.096334,53.538595,2,2022
2024061461391,-2.2983,53.48455,2,2024
2023061364867,-2.237436,53.391463,3,2023
2022061135273,-2.296556,53.44475,2,2022
2024061507357,-2.2764,53.46136,3,2024
2024061531997,-2.64279,53.55496,3,2024
2023141352616,-1.442662,53.506884,3,2023
2024141401663,-1.06051,53.49313,1,2024
2022141258143,-1.34623,53.438828,3,2022
2023141286873,-1.449652,53.348842,3,2023
2024141417857,-1.49426,53.34452,3,2024
2023101283200,-1.612886,54.99168,3,2023
2023101338020,-1.619987,54.982833,2,2023
2023201281365,-1.887989,52.447089,3,2023
2023201416169,-1.902193,52.477838,3,2023
2023201403448,-2.028906,52.461369,3,2023
2022201193396,-1.75192,52.478823,3,2022
2022201255583,-2.120256,52.589103,2,2022
2023131312398,-1.653905,53.685821,2,2023
2023131375084,-1.792715,53.659401,3,2023
2022131198912,-1.657055,53.821774,2,2022
2023131296464,-1.580861,53.823204,3,2023
2024131475780,-1.41646,53.66812,3,2024
2022010365950,-0.213447,51.581863,3,2022
2022010367511,-0.182946,51.595324,2,2022
2023010471983,0.14674,51.456554,3,2023
2024010525867,0.09954,51.46373,3,2024
2024010533675,-0.23556,51.54376,3,2024
2024010508537,-0.08795,51.38059,3,2024
2022010409271,-0.298252,51.529466,2,2022
2023010450831,-0.291906,51.501794,3,2023
2023010463703,-0.369091,51.547378,3,2023
2024010517545,-0.07995,51.65232,3,2024
2022010358032,-0.075704,51.547051,3,2022
2022010408869,-0.051581,51.546905,2,2022
2023010479376,-0.07479,51.554338,3,2023
2022010387169,-0.296733,51.595636,2,2022
2023010472908,0.183537,51.574158,3,2023
2022010365931,-0.403002,51.562483,3,2022
2023010462050,-0.33334,51.456853,3,2023
2022010385679,-0.105703,51.544635,3,2022
2022010377238,-0.194843,51.508227,3,2022
2023010456535,-0.191667,51.498916,2,2023
2023010482173,-0.171672,51.495971,3,2023
2023010424764,-0.261188,51.416194,2,2023
2022010368202,-0.103771,51.434211,3,2022
2022010406605,-0.128776,51.446878,3,2022
2022010355317,-0.004994,51.425476,3,2022
2022010393093,0.002827,51.54142,2,2022
2023010451381,-0.07291,51.498472,2,2023
2024010492455,-0.0613,51.47397,3,2024
2022010390640,-0.034092,51.517981,3,2022
2022010402186,-0.149801,51.446178,3,2022
2024010525419,-0.15297,51.46613,2,2024
2022351219537,-0.07271,52.225598,3,2022
2024351498530,0.13391,52.20505,3,2024
2022031252209,-2.929359,54.890079,2,2022
2024501458043,-4.06017,51.07745,3,2024
2024501490361,-3.64141,50.7977,2,2024
2023440486736,-1.218744,50.82586,2,2023
2024411479126,-0.26216,51.78474,3,2024
2023461275871,0.517334,51.271206,3,2023
2023461296286,0.488309,51.290192,3,2023
2024461396442,0.8757,51.14885,3,2024
2024461544934,0.50759,51.27021,2,2024
2024320105208,-0.61112,52.78284,1,2024
2023361374926,1.185368,52.612605,3,2023
2023451353405,-0.564303,51.332848,2,2023
2024451436181,-0.42154,51.3844,3,2024
2023471381501,-0.411073,50.823755,2,2023
2022991230148,-3.184887,55.857655,3,2022
2022991168859,-4.189594,55.760768,2,2022
2024991522961,-4.21049,55.82694,3,2024
2023991343181,-3.210331,55.909353,2,2023
202360A100024,-4.210907,53.221507,3,2023
202360A084578,-4.113993,53.22591,3,2023
202260B144406,-3.054905,53.07565,3,2022
2023610045123,-3.204088,51.672766,2,2023
2022610046522,-3.055273,51.714174,2,2022
2022170M11222,-1.239942,54.558541,3,2022
2022041182183,-3.027855,53.802685,3,2022
2022041194465,-3.04684,53.852209,3,2022
2024161506333,-0.37951,53.7891,3,2024
2022161139040,-0.887585,53.711439,2,2022
2024122400403,-1.11807,53.93409,3,2024
2023332300595,-1.122466,52.650014,3,2023
2023522400226,-2.579529,51.485335,3,2023
2023545356323,-1.764956,51.590033,3,2023
2023421387647,0.695933,51.548491,3,2023
2023461311422,0.54608,51.389849,3,2023
2022471215038,-0.144381,50.823865,3,2022
2024221417560,-3.04411,52.86662,2,2024
2022351218719,0.098972,52.13685,3,2022
2022421178321,0.56535,51.718354,2,2022
2022421196053,0.481305,51.731113,3,2022
2022440340353,-1.339877,50.969993,2,2022
2022411202248,-0.395346,51.673755,3,2022
2022461183188,1.306585,51.125565,2,2022
2023461329264,0.178462,51.397172,2,2023
2022461235435,0.274363,51.194853,3,2022
2024320479113,-0.65074,52.91298,3,2024
2024430156044,-1.28443,51.67165,3,2024
2023211324577,-2.007077,52.801229,3,2023
2024451398222,-0.58152,51.23567,3,2024
2022451183757,-0.374666,51.276667,2,2022
2024451426442,-0.0133,51.17442,3,2024
2022231192333,-1.534748,52.282714,3,2022
2023471351373,-0.507095,50.810364,3,2023
2022471250439,-0.382717,50.813131,3,2022
2023471299076,-0.359016,50.812602,3,2023
2022371233985,0.433289,52.258251,2,2022
2024061441172,-2.24882,53.4796,3,2024
2023061281278,-2.138376,53.396797,2,2023
2024061403870,-2.1207,53.4322,3,2024
2024052400032,-2.96297,53.40071,3,2024
2023052300239,-2.999588,53.46587,3,2023
2024141522707,-1.40743,53.50418,3,2024
2022141127773,-1.383818,53.432718,3,2022
2022141135053,-1.467987,53.409707,3,2022
2023141275396,-1.577048,53.365963,2,2023
2022101184193,-1.381209,54.904525,1,2022
2023201313596,-1.870584,52.522434,1,2023
2024201525118,-1.92857,52.52654,3,2024
2023131304032,-1.876374,53.733884,3,2023
2023131359939,-1.902966,53.72555,3,2023
2024131517931,-2.10801,53.72092,2,2024
2023131380604,-1.718823,53.882522,2,2023
2024131510176,-1.45888,53.82753,2,2024
2024131484651,-1.24892,53.70421,3,2024
2023010432055,-0.250103,51.558711,3,2023
2024010491393,-0.21893,51.54285,3,2024
2024010539280,-0.28385,51.55521,3,2024
2024010542344,0.04896,51.43289,3,2024
2022010382657,-0.084429,51.379634,3,2022
2023010440754,-0.064839,51.613066,3,2023
2023010440942,-0.222902,51.504834,3,2023
2024010497571,-0.22742,51.49458,3,2024
2022010363223,-0.073484,51.605043,3,2022
2024010545037,0.18575,51.5659,3,2024
2022010406955,-0.122979,51.560092,3,2022
2022010410999,-0.091608,51.528193,3,2022
2023010445315,-0.278454,51.413292,3,2023
2022010356770,-0.138202,51.450068,3,2022
2023010442501,-0.113399,51.466272,3,2023
2024010520208,-0.11147,51.48261,3,2024
2024010550524,-0.12853,51.43887,3,2024
2023010427406,-0.187355,51.418357,2,2023
2024010529473,0.00939,51.53754,3,2024
2022010365169,-0.032678,51.581193,3,2022
2022010407678,-0.175668,51.523973,2,2022
2023010429538,-0.153764,51.522713,2,2023
2024991559765,-4.56999,55.99436,3,2024
2023991282124,-4.258709,55.86077,3,2023
2024622500066,-4.0411,51.71437,3,2024
2023161364460,-0.43909,53.731506,3,2023
2023161364619,-0.03235,53.563126,2,2023
2022161159854,-0.648378,53.585355,3,2022
2022332200933,-1.199919,52.63393,3,2022
2023501347303,-4.136274,50.376572,3,2023
2024501395678,-4.14495,50.37364,1,2024
2024351409237,-0.27592,52.56723,1,2024
2023461338081,0.508628,51.3724,3,2023
2023430239906,-0.542934,51.507277,3,2023
2024430243203,-0.53663,51.48938,2,2024
2022440399682,-1.383916,50.916954,3,2022
2022070502663,-2.138628,53.252348,3,2022
2024401486731,-0.45679,52.12329,3,2024
2023340WN6572,-0.898143,52.242888,3,2023
2024340WN1132,-0.90031,52.2392,3,2024
2024520402093,-3.13632,51.03085,3,2024
2022061197931,-2.087353,53.529722,2,2022
2023061305473,-2.091326,53.546509,2,2023
2022061260944,-2.259313,53.494956,2,2022
2024061514922,-2.66027,53.53462,3,2024
2022141150601,-1.370508,53.511406,3,2022
2023141388278,-1.348712,53.383804,3,2023
2024141509681,-1.32117,53.41862,2,2024
2023141374596,-1.473498,53.373893,3,2023
2024141451981,-1.47446,53.37528,3,2024
2022201198677,-1.920426,52.499401,3,2022
2023201372044,-1.873853,52.492519,3,2023
2024201460109,-1.86075,52.47201,3,2024
2023201371885,-1.982097,52.514628,3,2023
2024131412194,-1.74691,53.77362,2,2024
2024131434876,-1.72415,53.81447,3,2024
2022131188399,-1.859622,53.725345,3,2022
2022131240978,-1.629513,53.692597,2,2022
2024131440071,-1.49388,53.80921,2,2024
2023131272172,-1.35704,53.725528,3,2023
2024481510851,-0.10804,51.51095,3,2024
2024481563460,-0.0799,51.51821,2,2024
2023010477743,-0.189208,51.595771,2,2023
2024010494562,-0.30237,51.58727,3,2024
2022010377402,-0.191125,51.547503,3,2022
2023010444701,-0.129908,51.514961,3,2023
2022010394839,-0.350271,51.551332,3,2022
2024010525721,-0.29982,51.51407,3,2024
2023010439865,-0.127482,51.632364,3,2023
2024010546985,-0.08306,51.53234,3,2024
2023010474987,-0.344191,51.597979,3,2023
2023010475877,0.199776,51.548801,3,2023
2023010457404,-0.087073,51.522184,2,2023
2023010485773,-0.177546,51.490991,3,2023
2024010493208,-0.30584,51.4267,3,2024
2022010411937,-0.103871,51.464446,3,2022
2022010405273,-0.024168,51.444505,3,2022
2022010377000,-0.161607,51.410915,2,2022
2022010394873,-0.197761,51.424003,3,2022
2022010357982,0.005357,51.538284,3,2022
2022010392374,0.05313,51.552673,3,2022
2023010456006,0.046541,51.552743,3,2023
2023010460336,0.041033,51.516688,3,2023
2024010497598,-0.00392,51.53644,3,2024
2023010450112,-0.091652,51.503347,2,2023
2024010544484,-0.17281,51.36591,2,2024
2022010379238,-0.02226,51.527907,3,2022
2023010427479,-0.069971,51.520276,3,2023
2024010494410,-0.01173,51.51143,3,2024
2024010522387,-0.06826,51.51674,3,2024
2024010539534,-0.01969,51.52275,3,2024
2023010453623,-0.031909,51.567934,3,2023
2024010531021,-0.00064,51.58138,3,2024
2024010540334,-0.13165,51.48368,3,2024
2022351136218,0.123237,52.18,2,2022
2022421143046,0.451802,51.56795,3,2022
2023421366110,0.478539,51.591508,2,2023
2023531328923,-2.281094,51.816086,3,2023
2022440122699,-1.156188,50.812466,3,2022
2022440125775,-1.77301,50.884969,2,2022
2023440067384,-1.183515,50.843982,2,2023
2024440271750,-0.83868,51.34349,3,2024
2024440305364,-1.04852,50.86603,2,2024
2024440486012,-0.97982,51.14556,2,2024
2024440548597,-0.99709,50.86416,2,2024
2024411411444,-0.0058,51.76278,3,2024
2022461156465,0.210982,51.451736,2,2022
2024461518258,0.51597,51.27119,2,2024
2022041161276,-2.702853,53.79154,3,2022
2023320476113,-0.580025,53.202956,3,2023
2023361344757,1.330585,52.644448,2,2023
2023451295549,-0.726299,51.292243,2,2023
2023451367915,-0.561402,51.299406,3,2023
2024451474503,-0.61418,51.31981,3,2024
2024451532210,-0.14926,51.2604,3,2024
2023221351956,-1.937199,52.305773,3,2023
2023991367807,-2.968547,55.960524,3,2023
2022991237597,-3.786969,56.000501,2,2022
2022991200443,-4.220811,55.830382,2,2022
2024991464044,-2.96384,56.46182,3,2024
2022991211572,-4.194075,55.877892,2,2022
2023161342757,-0.1422,53.72977,3,2023
2024161521321,-0.4537,53.75114,3,2024
2023161326824,-0.093813,53.548902,3,2023
2022522204917,-2.608509,51.460749,3,2022
2023522400061,-2.596326,51.458096,3,2023
2023522400018,-2.585267,51.455481,3,2023
2024522402318,-2.55326,51.45949,3,2024
2024540631524,-1.7713,51.56214,2,2024
2024461520943,0.51813,51.36519,2,2024
2022430523527,-1.129847,51.406563,2,2022
2023430319153,-0.974233,51.461603,2,2023
2024430146586,-0.81916,51.41516,3,2024
2023471370030,-0.123022,50.839181,2,2023
2024440243575,-1.10056,50.78645,3,2024
2023440282094,-1.298445,50.696331,3,2023
2022070595290,-2.063586,53.294156,2,2022
2022070003517,-2.94464,53.283383,1,2022
2024221434269,-2.48694,52.90469,3,2024
2023501302628,-4.309701,50.500168,3,2023
2024547305824,-1.66405,51.24575,3,2024
2023401270242,-0.552247,52.064661,3,2023
2023101267103,-1.472196,55.080663,3,2023
2024430146740,-0.70994,51.65903,3,2024
2023340NN1222,-0.71827,52.402411,3,2023
2024061533673,-2.16195,53.36668,3,2024
2022061151732,-2.455081,53.514083,3,2022
2022061187329,-2.478084,53.517247,3,2022
2023141343448,-1.445321,53.52614,3,2023
2023141355009,-1.471166,53.38502,3,2023
2024141412629,-1.49875,53.40938,2,2024
2024101481821,-1.64792,54.97581,3,2024
2023101378221,-1.537247,54.883634,2,2023
2023201340137,-1.902102,52.512404,3,2023
2024201420764,-1.89202,52.44198,3,2024
2024201439037,-1.848,52.4804,3,2024
2024201506428,-1.76745,52.49386,2,2024
2024201467426,-1.87407,52.54424,3,2024
2024201473586,-1.99673,52.44365,2,2024
2022201257932,-1.992055,52.534928,3,2022
2023201271213,-2.038714,52.534014,2,2023
2022201172701,-1.650235,52.391848,3,2022
2023131319855,-1.764589,53.832558,3,2023
2024131394506,-1.74991,53.81744,3,2024
2024131460796,-1.77787,53.82332,3,2024
2024131499999,-1.79183,53.63632,3,2024
2024131507683,-1.66544,53.70895,3,2024
2022101154081,-1.581909,54.902865,3,2022
2023010430918,0.140511,51.579276,2,2023
2022010377794,0.181112,51.475209,3,2022
2023010459123,-0.091154,51.397612,3,2023
2022010399300,-0.324223,51.536746,2,2022
2024010498874,-0.06762,51.56527,3,2024
2023010438277,-0.234328,51.492912,3,2023
2024010523065,-0.21121,51.47158,3,2024
2024010528338,-0.22546,51.4934,3,2024
2022010392879,-0.416634,51.440725,3,2022
2024010535595,-0.3738,51.45891,2,2024
2022010406728,-0.105559,51.547393,3,2022
2022010379153,-0.129975,51.465081,3,2022
2023010444005,-0.132695,51.463712,3,2023
2022010363237,-0.182951,51.41408,3,2022
2022010410507,-0.332882,51.439402,2,2022
2022010402848,-0.045305,51.491406,3,2022
2023010436913,-0.064165,51.487231,3,2023
2022010366527,-0.199656,51.450443,2,2022
2022010401540,-0.243584,51.454095,2,2022
2023010464636,-0.163093,51.461018,3,2023
2023010467481,-0.136137,51.485214,3,2023
2024010502055,-0.12839,51.51039,2,2024
2023351337225,0.110898,52.214112,2,2023
2023501376334,-3.525904,50.703666,3,2023
2024421527923,0.56089,51.5531,3,2024
2022531137793,-2.243109,51.860685,3,2022
2022531198920,-2.081255,51.907922,3,2022
2022461134724,1.181824,51.092492,3,2022
2022461207309,0.3587,51.417065,3,2022
2022461234217,0.62663,51.261672,3,2022
2022461253034,0.370504,51.416422,2,2022
2023461289569,0.263312,51.13026,2,2023
2023461293926,0.740352,51.338777,2,2023
2023041364883,-2.699346,53.756839,2,2023
2023320212199,-0.018768,52.980827,3,2023
2023361344565,1.481639,52.529401,3,2023
2022311243700,-1.079711,52.963028,3,2022
2023211315753,-2.358044,52.826857,2,2023
2024211538173,-1.70162,52.64042,1,2024
2022371173181,0.7483,52.023829,3,2022
2022371207405,1.332626,51.965303,3,2022
2024371496607,1.34682,51.96803,3,2024
2022451242153,-0.407178,51.374179,2,2022
2022231151813,-1.243244,52.391878,3,2022
2024991509300,-2.97734,56.45985,2,2024
2023991328683,-3.996398,55.794157,3,2023
2023610022123,-2.985494,51.59307,3,2023
202417M103624,-1.25886,54.56676,2,2024
2022170L21332,-1.143299,54.567242,3,2022
2022170S10682,-1.282216,54.559616,3,2022
2022161210688,-0.346753,53.743078,3,2022
2022161239730,-0.322686,53.757225,3,2022
2024161497608,-0.09752,53.55609,3,2024
2022302200028,-1.439368,52.924456,3,2022
2024332401182,-1.15078,52.62675,3,2024
2024221512278,-2.71929,52.0484,3,2024
2023221286869,-2.46975,52.695758,2,2023
20225222BR259,-2.549146,51.464144,3,2022
2022501224716,-4.129027,50.381841,3,2022
2024541034724,-1.78027,51.56275,3,2024
2022351246514,-0.240065,52.588308,3,2022
2024430484683,-0.94547,51.41177,3,2024
2024430549633,-0.81877,52.04074,3,2024
2022070227147,-2.471157,53.078109,3,2022
2023070682922,-2.516573,53.193205,3,2023
2024430329592,-0.78849,51.62657,3,2024
202234WNC5492,-0.881894,52.256545,2,2022
2024061523049,-2.19181,53.45404,3,2024
2024052401852,-2.97906,53.38559,3,2024
2024052400243,-2.76421,53.40581,2,2024
2023052301002,-3.002904,53.649697,3,2023
2022052202157,-3.102883,53.379943,3,2022
2024052401184,-3.05162,53.41285,3,2024
2024141514946,-1.36037,53.39736,2,2024
2023141274528,-1.434741,53.406273,3,2023
2024141412998,-1.49606,53.38007,3,2024
2022101131624,-1.616163,54.97414,3,2022
2022201225723,-1.887957,52.448266,3,2022
2022201284410,-1.844366,52.521917,3,2022
2024201487861,-1.89749,52.43103,3,2024
2024201526625,-1.98827,52.39605,3,2024
2024201444112,-1.98532,52.47922,2,2024
2022201216687,-2.143118,52.574882,3,2022
2022131210535,-1.773622,53.785874,3,2022
2022131238281,-1.778905,53.788481,3,2022
2022131203228,-1.475253,53.814664,2,2022
2022010394836,-0.053266,51.401845,3,2022
2024010509049,-0.17509,51.54379,3,2024
2024010543534,-0.14181,51.54376,3,2024
2024010545209,-0.16635,51.55143,2,2024
2022010374627,-0.313071,51.497533,2,2022
2023010461296,-0.132002,51.633479,3,2023
2022010379864,-0.09608,51.570953,2,2022
2023010473663,-0.076473,51.523674,2,2023
2024010514353,-0.05096,51.54657,3,2024
2022010370019,-0.187061,51.479547,3,2022
2023010449286,-0.21038,51.469168,3,2023
2023010483505,-0.249197,51.501506,3,2023
2024010488712,-0.08606,51.60553,3,2024
2024010550713,-0.05621,51.58777,2,2024
2023010460161,-0.332357,51.476317,2,2023
2024010501869,-0.26689,51.4927,3,2024
2022010413712,-0.106925,51.538818,2,2022
2023010463274,-0.094892,51.52446,3,2023
2023010449536,-0.201112,51.498324,3,2023
2022010364838,-0.129297,51.455268,3,2022
2022010409639,-0.103822,51.452772,2,2022
2024010495407,-0.12567,51.44078,2,2024
2023010480711,-0.333408,51.426928,3,2023
2024010533364,-0.0869,51.47445,3,2024
2024010536857,-0.07515,51.51908,3,2024
2022010395693,-0.163915,51.432264,3,2022
2023010441543,-0.149307,51.512481,3,2023
2023010457761,-0.165704,51.516866,3,2023
2022351185446,0.158495,52.200671,3,2022
2022302201908,-1.738782,53.015311,3,2022
2023302300964,-1.333958,53.14476,3,2023
2022501177528,-4.161585,51.109998,3,2022
2022501235290,-4.202924,51.016395,3,2022
2024471433277,0.24422,50.81678,2,2024
2022421170082,0.899199,51.887627,3,2022
2022421246375,0.705901,51.680575,3,2022
2024421520147,0.52233,51.61364,3,2024
2022440133096,-1.257197,50.973085,2,2022
2024440082775,-1.06946,51.28458,3,2024
2024440334039,-1.57067,50.87214,2,2024
2024411399999,-0.33245,51.75543,3,2024
2022320093571,-0.54306,53.224112,3,2022
2024320078555,-0.00673,52.99184,2,2024
2022430552715,-1.345608,52.053223,2,2022
2023211365057,-1.821392,52.750116,1,2023
2023371316962,0.760119,52.000566,3,2023
2023451377638,-0.454067,51.430254,2,2023
2023231270746,-1.582305,52.290119,3,2023
2024991423339,-3.74406,55.98859,2,2024
2024991524584,-5.44746,56.02233,3,2024
2024991526824,-4.56733,55.94431,2,2024
2022991206569,-3.525164,55.911346,2,2022
2022991143041,-4.347472,55.84311,3,2022
2024991530983,-4.16352,55.88266,2,2024
202260B147374,-2.999451,53.098827,3,2022
202263C033622,-5.029109,51.718428,3,2022
2022622200608,-3.934469,51.641845,2,2022
2023622300415,-3.18855,51.478378,3,2023
2023170M11483,-1.210733,54.540847,3,2023
2022161141115,-0.375884,53.750514,2,2022
2022311225623,-1.151605,52.963095,3,2022
2023311380763,-1.148442,52.955863,3,2023
2024211451726,-2.13184,53.01069,3,2024
2022522204181,-2.630956,51.367296,3,2022
2022522205171,-2.473151,51.28412,3,2022
2023548697323,-1.78459,51.558826,3,2023
2024461511187,0.55666,51.38213,2,2024
2022430101581,-0.937776,51.448969,3,2022
2024430426549,-0.62905,51.52568,3,2024
2022471146736,-0.101873,50.85741,2,2022
2024471451763,-0.13387,50.82901,3,2024
2022440427251,-1.455725,50.91704,3,2022
2022501246612,-4.766294,50.328636,3,2022
2024552400746,-2.45954,50.60731,3,2024
2024430411873,-0.77951,51.62474,3,2024
2024340NN3012,-0.68815,52.31131,3,2024
202234WNC1012,-0.883129,52.245282,3,2022
2023340WN1182,-0.879227,52.243204,3,2023
2023340WN3082,-0.944119,52.236655,3,2023
2023061341447,-2.150169,53.542189,3,2023
2024061528704,-2.42982,53.52401,3,2024
2022061162817,-2.658396,53.546312,3,2022
2023052303020,-2.977231,53.404076,2,2023
2024052400115,-3.05882,53.38376,2,2024
2024052401360,-2.97608,53.33357,3,2024
2023141308493,-1.18086,53.582967,3,2023
2022141145602,-1.447113,53.409243,2,2022
2024101500869,-1.61743,54.974,2,2024
2023101320898,-1.447797,55.002923,3,2023
2023201264464,-1.959445,52.389086,2,2023
2024201553393,-1.88895,52.45039,3,2024
2024201509188,-1.50833,52.43696,2,2024
2022201160451,-2.149494,52.479986,3,2022
2023201364139,-2.137241,52.474337,2,2023
2023201359425,-1.998244,52.598298,2,2023
2022131255258,-1.776466,53.821903,3,2022
2023131321353,-1.938678,53.868239,3,2023
2022131255884,-1.600112,53.734836,3,2022
2024131469904,-1.54914,53.79961,3,2024
2024131446323,-1.51985,53.81422,3,2024
2022131198382,-1.347382,53.616016,1,2022
2024131451990,-1.54053,53.66455,3,2024
2022010379852,-0.211659,51.558653,3,2022
2024010530758,-0.18363,51.64767,3,2024
2023010481094,0.122401,51.46001,3,2023
2024010505914,-0.30206,51.54053,2,2024
2024010540101,-0.2267,51.5302,3,2024
2022010367102,-0.129774,51.527728,3,2022
2023010486618,-0.126857,51.533815,3,2023
2022010352922,-0.116554,51.398005,3,2022
2022010380872,-0.07257,51.573069,3,2022
2022010384670,-0.053658,51.540132,3,2022
2023010474288,-0.049328,51.546975,3,2023
2024010509758,-0.07514,51.54611,2,2024
2024010546903,-0.09732,51.58378,2,2024
2023010456503,-0.36542,51.560051,3,2023
2022010370045,0.268354,51.568349,2,2022
2023010434373,-0.410474,51.457349,3,2023
2024010501761,-0.15455,51.48506,3,2024
2022010358226,-0.303347,51.375185,2,2022
2023010432391,-0.249228,51.399101,3,2023
2022010413966,-0.17689,51.374104,2,2022
2022010379241,-0.021276,51.48942,2,2022
2023010466711,-0.063963,51.523612,2,2023
2023010469005,-0.022634,51.526933,3,2023
2022010386317,-0.017047,51.572899,3,2022
2023010427683,-0.170658,51.429851,3,2023
2022010396028,-0.129497,51.488741,3,2022
2023010431476,-0.12825,51.510034,3,2023
2024351412335,0.11172,52.22005,3,2024
2022031202419,-2.911962,54.880523,3,2022
2024501420585,-3.50898,50.72911,3,2024
2022471216877,0.577329,50.855652,3,2022
2023421311567,0.572251,51.876977,3,2023
2023421365830,0.112186,51.775576,3,2023
2022440057641,-1.149755,51.35328,2,2022
2022461251626,1.127435,51.371908,3,2022
2023461354426,1.100969,51.277979,3,2023
2023461378340,0.73581,51.341105,3,2023
2022041245541,-3.025619,53.920002,2,2022
2024041529889,-2.25394,53.79052,2,2024
2023320766342,-0.025158,52.974316,3,2023
2024320472399,-0.64982,52.91626,1,2024
2024311434051,-1.19559,53.03407,3,2024
2022371178427,0.73553,52.037202,3,2022
2023451323100,-0.56782,51.361388,2,2023
2024451422983,-0.2691,51.3709,2,2024
2022471164396,-0.186212,51.130912,3,2022
2023991271131,-3.883832,55.750712,3,2023
2022991225490,-4.149957,56.133238,2,2022
2022991180110,-3.159766,55.913191,3,2022
2022991219460,-2.934457,56.485734,2,2022
2023991391896,-3.160652,56.131014,3,2023
2022991225935,-4.34573,55.896907,2,2022
2023991318663,-4.191387,55.849199,3,2023
2024991473989,-4.04826,55.85036,2,2024
202260B066140,-3.081617,53.136053,3,2022
2022622200566,-3.970912,51.618011,3,2022
2023622301061,-3.198885,51.481519,3,2023
2022170L10872,-1.059003,54.531718,2,2022
2024111417935,-1.53744,54.53217,3,2024
2022161164301,-0.27445,53.757178,3,2022
2024161481248,-0.26975,53.76572,3,2024
2024161528164,-0.41377,53.73281,2,2024
2023161379652,-0.66913,53.562908,2,2023
2023311283267,-1.178354,52.955498,3,2023
2023522400623,-2.528173,51.453019,2,2023
2023501285849,-4.164609,50.382326,3,2023
2023430469391,-0.589741,51.503371,3,2023
2022430360235,-0.640273,51.498464,3,2022
2023471283130,-0.139157,50.833827,2,2023
2023471315657,-0.147581,50.830904,3,2023
2022440235166,-1.16128,50.732521,3,2022
2024070457139,-2.43374,53.09806,2,2024
2022501171723,-5.079798,50.414086,3,2022
2024401427373,-0.46151,52.13964,3,2024
2022552200572,-2.487436,50.61519,3,2022
2022430159788,-0.971393,52.002198,3,2022
202234NNC6142,-0.59972,52.296953,3,2022
2023340NN4702,-0.739905,52.403012,3,2023
2024340NN4052,-0.63142,52.28472,2,2024
2024031536400,-2.93303,54.89181,3,2024
2023520301843,-2.976251,51.219642,3,2023
2023061315319,-2.431383,53.593538,3,2023
2024061490153,-2.22469,53.45451,2,2024
2024141496298,-1.43855,53.50058,2,2024
2022141139893,-1.467569,53.374514,3,2022
2022141147623,-1.449652,53.348815,3,2022
2023101263581,-1.610571,54.970852,2,2023
2022201276701,-1.931626,52.486938,3,2022
2023201344189,-1.947975,52.45915,3,2023
2024201450960,-1.95279,52.50932,3,2024
2024201448163,-1.98627,52.48861,3,2024
2022201245315,-2.091919,52.597749,3,2022
2024201497913,-2.17561,52.57857,3,2024
2023131280273,-1.732831,53.823207,3,2023
2022131231377,-1.540338,53.798977,3,2022
2023131348787,-1.51257,53.815954,2,2023
2023131379667,-1.497491,53.820745,2,2023
2023010421764,0.158375,51.532564,2,2023
2022010377960,-0.080383,51.397356,2,2022
2022010360675,-0.334544,51.508792,3,2022
2024010489215,-0.0994,51.62582,3,2024
2024010507289,-0.07961,51.65224,3,2024
2024010516527,-0.05035,51.62594,3,2024
2022010393829,-0.159432,51.590182,3,2022
2022010397417,-0.142818,51.591539,3,2022
2024010523905,-0.13229,51.61023,2,2024
2023010425143,-0.119528,51.572392,3,2023
2024010519797,-0.13166,51.56824,2,2024
2022010385374,-0.157516,51.492242,2,2022
2022010382810,-0.108559,51.507389,2,2022
2022010395811,-0.02632,51.481025,3,2022
2023010473300,0.025143,51.550983,3,2023
2024010494586,-0.0891,51.47922,3,2024
2022010375302,-0.045669,51.521942,3,2022
2023010451661,-0.069729,51.525677,3,2023
2023010482630,-0.019807,51.541247,3,2023
2022010376266,-0.161374,51.420318,3,2022
2022010381095,-0.229284,51.457288,3,2022
2022010393722,-0.185279,51.534589,2,2022
2022010410534,-0.141453,51.515307,2,2022
2023010426988,-0.201866,51.523469,2,2023
2023010459246,-0.156623,51.515087,3,2023
2023010470596,-0.140925,51.51305,3,2023
2024010529145,-0.14955,51.51042,3,2024
2022031170676,-3.542393,54.595428,2,2022
2022501251047,-3.06808,50.704372,2,2022
2024471424041,0.60077,50.86913,2,2024
2024471490987,0.08059,50.97514,3,2024
2024421412357,0.46717,51.69708,3,2024
2023440418641,-1.340151,50.928486,3,2023
2024411472414,-0.27225,51.65753,3,2024
2022461184833,1.383696,51.216279,3,2022
2022461240886,0.155364,51.313128,2,2022
2024461527972,0.23362,51.4379,2,2024
2022041166949,-2.699332,53.758763,3,2022
2023041263965,-2.361378,53.751693,3,2023
2024041438507,-2.38704,53.74725,3,2024
2022320038468,-0.538133,53.196786,2,2022
2022320171638,-0.027828,52.965396,3,2022
2023361279001,1.281382,52.633051,2,2023
2024361469908,0.43462,52.74924,2,2024
2024361476264,0.73781,52.41395,2,2024
2022311239905,-1.161896,53.154434,3,2022
2023211343779,-2.239296,53.087296,2,2023
2024451440248,-0.40706,51.36188,3,2024
2024231496700,-1.56553,52.38282,3,2024
2023471285531,-0.773301,50.838494,3,2023
2024991484353,-3.82974,56.02766,3,2024
2022991168689,-3.20465,55.971678,3,2022
2022991191347,-4.427553,55.842409,3,2022
2023622300136,-3.684276,51.530565,3,2023
2024622400423,-3.17426,51.47697,3,2024
2022041249634,-2.45486,53.733803,3,2022
2023041285507,-2.465465,53.696245,3,2023
2024161444292,-0.26953,53.75691,3,2024
2024122401044,-1.08628,53.96073,3,2024
2023430106794,-0.599379,51.519861,3,2023
2023440025376,-1.079905,50.814119,2,2023
2022440304485,-1.402678,50.907051,3,2022
2022544032822,-2.213228,51.319437,3,2022
2023545748323,-1.983781,51.188251,3,2023
2024430012825,-0.7239,51.80223,2,2024
2024430424009,-0.66679,51.52669,3,2024
2024520402254,-2.65469,50.94632,2,2024
2024061403099,-2.28961,53.59579,2,2024
2023061323878,-2.167193,53.520019,3,2023
2024061491215,-2.09651,53.49077,2,2024
2024061436212,-2.58398,53.50474,3,2024
2022052202187,-2.945207,53.408172,3,2022
2022052203258,-2.905991,53.461286,2,2022
2023052302340,-2.974098,53.399293,3,2023
2023052302920,-2.983484,53.409787,2,2023
2024052400793,-2.958,53.46482,3,2024
2024141455455,-1.3411,53.46372,3,2024
2024141439222,-1.43635,53.35997,3,2024
2024141525793,-1.46739,53.46247,2,2024
2023201323440,-1.938111,52.51411,3,2023
2023201437166,-1.880901,52.538716,3,2023
2022201161642,-2.153193,52.468168,2,2022
2024201404135,-2.12447,52.5698,3,2024
2024201402173,-2.11574,52.56677,3,2024
2024201556191,-2.13636,52.57506,2,2024
2023131350456,-1.945516,53.895727,3,2023
2024131417429,-2.0906,53.71443,3,2024
2022131177834,-1.544856,53.781243,2,2022
2024131522907,-1.53371,53.81342,3,2024
2024131439205,-1.51043,53.67995,3,2024
2022010398458,0.192953,51.471373,3,2022
2024010519412,0.11739,51.41893,3,2024
2022010400496,-0.085757,51.609219,3,2022
2023010454226,0.017368,51.486729,3,2023
2024010509121,-0.03481,51.54511,3,2024
2024010530701,-0.06796,51.59936,2,2024
2024010532502,-0.10202,51.58919,3,2024
2023010431300,-0.484517,51.544654,2,2023
2023010476761,-0.481909,51.604364,3,2023
2023010434012,-0.183386,51.492655,3,2023
2022010404446,-0.103761,51.433761,3,2022
2023010471028,-0.100993,51.466512,3,2023
2024010510698,0.05172,51.53708,3,2024
2024010493627,-0.23481,51.48605,3,2024
2022010361346,-0.013494,51.529585,2,2022
2023010468016,-0.064252,51.521225,3,2023
2022010402110,0.007465,51.568166,3,2022
2022010402972,-0.219337,51.443235,3,2022
2022010373928,-0.201472,51.522123,3,2022
2022302201559,-1.877917,53.493486,2,2022
2022471211771,0.308513,50.787666,2,2022
2023471359110,0.558888,50.856238,3,2023
2022421217298,0.876576,51.870664,3,2022
2023421331132,0.636916,51.944585,3,2023
2022440314878,-0.965541,51.150023,2,2022
2024440184104,-1.4061,50.85058,3,2024
2024461415943,0.24952,51.44048,3,2024
2022041195722,-2.714481,53.775517,2,2022
2023361342893,1.275051,52.634171,3,2023
2024361553378,1.72935,52.60434,2,2024
2022211210959,-2.027268,52.665717,3,2022
2024211476830,-2.14664,52.89931,3,2024
2022371161379,1.740662,52.481876,3,2022
2023371392535,0.685381,52.251632,3,2023
2023451313251,-0.511937,51.335936,3,2023
2023451327103,-0.272041,51.34534,3,2023
2024451458890,-0.59923,51.17297,3,2024
2023231364104,-1.465635,52.507625,2,2023
2024471462446,-0.90407,50.87191,3,2024
2023991263137,-3.975044,55.741326,3,2023
2022991173258,-3.195242,55.963305,2,2022
2022991240501,-3.224275,55.967037,3,2022
2023991288033,-3.191398,55.950817,2,2023
2023991394561,-2.979992,56.474476,3,2023
2023622300804,-3.173988,51.506292,3,2023
2022610057922,-3.232021,51.565861,3,2022
2022622200472,-3.417864,51.749183,3,2022
2023170M11743,-1.243182,54.572329,3,2023
2023161287323,-0.409733,53.757,2,2023
2024161525194,-0.38899,53.76789,2,2024
2023161272214,-0.094838,53.556335,2,2023
2023311304808,-1.157452,52.995436,3,2023
2022351221767,-0.247285,52.603052,3,2022
2023351290968,-0.268077,52.583974,3,2023
2024401411544,-0.434,51.91008,2,2024
2024430307397,-0.82399,52.05304,3,2024
2023471293438,-0.13876,50.865586,2,2023
2024440305327,-1.08969,50.80676,2,2024
2022221210327,-2.372164,52.660712,3,2022
2024548853224,-2.18413,51.4299,3,2024
202454B289924,-1.98837,51.25797,3,2024
2023552301283,-2.022931,50.732385,3,2023
202234WNC7572,-0.926828,52.240742,3,2022
2023031378940,-2.937259,54.90535,2,2023
2024031493758,-2.74716,54.3284,2,2024
2022351139722,0.131584,52.219036,3,2022
2024302400060,-1.35278,53.01358,2,2024
2024302400038,-1.29285,52.9511,3,2024
2024501498786,-3.56535,50.76334,3,2024
2023421286613,0.472198,51.729821,3,2023
2024531420558,-2.2282,51.84727,2,2024
2024531500452,-2.24134,51.86708,3,2024
2022440007098,-0.745086,51.277042,3,2022
2022411153430,-0.473739,51.739802,3,2022
2022461234902,0.68637,51.277008,1,2022
2022041254622,-2.19637,53.84992,2,2022
2022332200300,-1.211735,52.761531,3,2022
2023332301022,-1.198571,52.667256,2,2023
2024311402638,-1.07915,52.96638,3,2024
2024311406968,-1.18768,53.16667,3,2024
2022430070045,-1.234238,51.726177,2,2022
2023430278983,-1.26004,51.758,2,2023
2022451129177,-0.349477,51.393334,3,2022
2023451368001,-0.72641,51.293431,3,2023
2024221405163,-2.22461,52.06745,2,2024
2022221259119,-2.234537,52.188359,3,2022
2022221209559,-1.940477,52.090869,3,2022
2022371147456,0.404314,52.244358,3,2022
2024061445828,-2.15737,53.44619,3,2024
2022052200356,-2.837934,53.411949,2,2022
2022052200543,-2.916172,53.414385,3,2022
2023141325477,-1.47286,53.384191,3,2023
2022101155878,-1.578456,54.972156,3,2022
2024101456952,-1.50729,55.0075,2,2024
2024101437350,-1.36862,54.87106,3,2024
2024101462930,-1.42601,54.92244,3,2024
2024201498837,-1.52698,52.40827,2,2024
2022201227621,-2.078867,52.498915,3,2022
2024201492412,-2.11324,52.56259,3,2024
2024131419767,-1.71728,53.83345,2,2024
2024131448423,-1.7421,53.79746,2,2024
2022131173354,-1.838968,53.732537,2,2022
2023131334132,-1.784854,53.637177,3,2023
2023131376850,-1.59029,53.7971,3,2023
2023131359821,-1.319504,53.721447,3,2023
2022101215523,-1.597931,54.957017,3,2022
2022101233950,-1.57838,54.904812,2,2022
2023010468874,0.147712,51.559352,3,2023
2024010491767,0.15227,51.48441,2,2024
2022010416429,0.021609,51.423005,2,2022
2023010486397,-0.189636,51.535241,3,2023
2022010372766,-0.091703,51.572114,3,2022
2024010527036,-0.07479,51.5537,3,2024
2023010486368,-0.080081,51.589001,3,2023
2022010389357,0.195054,51.57745,2,2022
2022010374038,-0.399197,51.49704,3,2022
2023010471773,-0.337858,51.473158,3,2023
2023010485424,-0.296587,51.48716,3,2023
2022010396228,-0.106209,51.532791,3,2022
2023010445036,-0.134262,51.557223,3,2023
2022010366710,-0.179665,51.49784,3,2022
2024010493902,-0.17574,51.49336,2,2024
2024010521101,-0.28708,51.40907,3,2024
2024010527651,-0.11665,51.47786,3,2024
2023010447605,-0.175411,51.42105,2,2023
2022010399581,-0.094219,51.483614,3,2022
2024010498343,-0.076,51.42425,3,2024
2024010509504,-0.09438,51.48141,2,2024
2024010544505,-0.06837,51.46215,2,2024
2024010544461,-0.18621,51.34294,3,2024
2023010430737,-0.066943,51.517241,2,2023
2024010519015,-0.03003,51.51726,3,2024
2023010447789,-0.016319,51.572042,3,2023
2022010387243,-0.188557,51.442503,3,2022
2022010391873,-0.155146,51.440687,3,2022
2024010542019,-0.18944,51.44563,3,2024
2023010485427,-0.177267,51.526165,2,2023
2022991199706,-3.120859,57.641462,3,2022
2024991508288,-3.32309,57.65579,2,2024
2022991251230,-4.566268,55.946722,3,2022
2023991279875,-4.341298,55.818269,3,2023
2024991472251,-4.28994,55.87789,3,2024
2022991152889,-4.004955,55.860674,2,2022
202363A026723,-4.129124,51.68316,3,2023
202417M109224,-1.24537,54.56095,3,2024
2024070783253,-2.71556,53.36898,2,2024
2024041408688,-2.47289,53.75635,3,2024
2023302300123,-1.494629,52.916622,3,2023
2022332200017,-1.111269,52.611678,2,2022
2023311321670,-1.214687,52.973722,2,2023
2023221274194,-2.446533,52.689843,2,2023
2023221356376,-2.464046,52.693677,3,2023
2023501337104,-4.164238,50.39085,3,2023
2024501494437,-4.15885,50.37482,3,2024
2024549936624,-1.77563,51.56744,2,2024
2024430093293,-0.58953,51.51809,3,2024
2023471317101,-0.124844,50.819245,2,2023
2024111512809,-1.85921,54.86428,3,2024
2023546661323,-2.136112,51.464129,3,2023
2023552301554,-1.8114,50.73827,3,2023
2024552401330,-2.55076,50.94002,2,2024
2023122300436,-1.28978,53.762297,2,2023
2022520204940,-3.001405,51.125658,3,2022
2024520401396,-2.47056,51.24919,3,2024
2023061302950,-2.213054,53.51005,3,2023
2024061525135,-2.42717,53.53207,3,2024
2022052202227,-2.937845,53.413381,3,2022
2024052401769,-2.93062,53.44195,3,2024
2024052402656,-3.06869,53.55791,2,2024
2023052300325,-3.035195,53.412478,3,2023
2023141299502,-1.149437,53.516196,2,2023
2022141233282,-1.384129,53.371578,2,2022
2023141264046,-1.525078,53.317651,2,2023
2024101442826,-1.52675,54.91885,3,2024
2022201262981,-1.786705,52.459113,3,2022
2024201456344,-1.92636,52.45479,2,2024
2024201490852,-1.86628,52.49243,2,2024
2024201508941,-1.87288,52.45741,3,2024
2024201454724,-2.00059,52.53547,3,2024
2023131317845,-1.815181,53.802375,3,2023
2024131414360,-1.76334,53.79983,3,2024
2022131244077,-1.587829,53.797298,3,2022
2023131357838,-1.448062,53.806875,3,2023
2024131444469,-1.49818,53.81121,3,2024
2022131161837,-1.359162,53.674684,2,2022
2024481510869,-0.08905,51.51354,3,2024
2023010480943,-0.172385,51.580008,2,2023
2024010548521,0.1612,51.49694,2,2024
2022010362983,-0.026911,51.407564,2,2022
2024010494554,0.01507,51.40451,3,2024
2023010464436,-0.130118,51.548174,3,2023
2023010468541,-0.145835,51.527696,3,2023
2024010511891,-0.13084,51.52731,2,2024
2024010548291,-0.09214,51.66401,2,2024
2024010543281,-0.23447,51.50645,3,2024
2023010458943,-0.315591,51.624459,3,2023
2023010438923,-0.411934,51.443907,3,2023
2024010498812,-0.16683,51.48632,3,2024
2024010499977,0.02855,51.52552,3,2024
2023010457402,-0.259528,51.453056,2,2023
2022010393053,-0.066504,51.526244,3,2022
2024010523749,-0.14843,51.44046,2,2024
2024010526894,-0.14875,51.44761,2,2024
2023010443190,-0.143809,51.496684,2,2023
2023010472754,-0.157462,51.522169,3,2023
2023351287026,0.134028,52.201296,2,2023
2022302201271,-1.347805,53.268912,2,2022
2024501526801,-3.52661,50.73326,3,2024
2022471166823,0.099207,50.975496,3,2022
2022471175513,0.748646,50.942145,3,2022
2024471528971,0.4772,50.84081,2,2024
2024531439067,-2.24058,51.74337,3,2024
2022440139987,-0.843427,51.195172,2,2022
2022440147453,-1.088179,51.267726,2,2022
2023440530104,-0.77594,51.294804,3,2023
2024440197753,-1.16561,50.8039,2,2024
2024440550455,-1.15606,50.8517,3,2024
2022041148970,-2.983082,53.858699,3,2022
2023041291475,-2.383062,53.774788,2,2023
2024041407013,-2.28972,53.70032,2,2024
2022332200442,-1.131747,52.688919,3,2022
2023332301024,-1.38839,52.54358,2,2023
2022361212495,1.727275,52.614477,3,2022
2023361368818,0.394229,52.756637,2,2023
2024361449262,1.29737,52.63273,3,2024
2024311462028,-1.18783,53.01792,3,2024
2024311528075,-1.06834,52.962,3,2024
2023430050541,-1.09634,51.757755,2,2023
2023430174666,-0.932854,51.478615,3,2023
2022211201662,-1.836508,52.633793,3,2022
2023211301322,-1.661219,52.624864,2,2023
2022451182186,-0.584713,51.249405,2,2022
2022451238695,-0.448727,51.395949,3,2022
2022231162884,-1.482274,52.487175,2,2022
2022471144322,-0.423241,50.812364,3,2022
2024471459309,-0.15275,51.14273,3,2024
2022991235373,-3.132565,55.907586,3,2022
2023991386977,-4.594876,55.994353,2,2023
2023991335518,-3.45101,56.393058,2,2023
2024622400623,-3.80779,51.58811,3,2024
2022170L20912,-1.146173,54.57402,2,2022
2022161214393,-0.269198,53.773121,3,2022
2023161298017,-0.353094,53.766294,3,2023
2023302300017,-1.47244,52.900767,3,2023
2024311523534,-1.14494,52.95393,3,2024
2024311521691,-1.22655,52.96822,3,2024
2022522202355,-2.602625,51.454395,3,2022
20225222NS043,-2.912598,51.363282,2,2022
2022461185207,0.547632,51.354399,2,2022
2023471371816,-0.206042,50.835424,2,2023
2024440236559,-1.39027,50.92716,3,2024
2022070811493,-2.025799,53.350817,2,2022
2024071009287,-2.89232,53.27773,3,2024
2024221477414,-2.78887,52.64988,3,2024
2022101229263,-1.529446,55.120868,2,2022
2023552301301,-1.790381,50.739007,3,2023
2022520300173,-2.673874,51.174063,2,2022
2024061519369,-2.18713,53.55035,2,2024
2022052200887,-2.885103,53.480256,3,2022
2024052400646,-2.97834,53.40305,2,2024
2023052302047,-2.726128,53.472195,2,2023
2022052200550,-3.040467,53.487238,2,2022
2023052302334,-3.02016,53.388975,3,2023
2024141408499,-1.12689,53.52655,3,2024
2022101197005,-1.556032,54.964303,3,2022
2024101447874,-1.43068,54.9577,2,2024
2024101451724,-1.53062,54.90949,2,2024
2022201261645,-1.848947,52.483877,3,2022
2023201319376,-1.877968,52.468871,3,2023
2022201195060,-2.160711,52.612086,3,2022
2023131267049,-1.55638,53.812465,2,2023
2024131504442,-1.58512,53.80711,3,2024
2024481561500,-0.08343,51.51464,2,2024
2023010484763,-0.262341,51.564244,3,2023
2023010419825,-0.376873,51.513882,2,2023
2024010511787,-0.37637,51.50284,3,2024
2022010416059,-0.199756,51.481919,2,2022
2024010548911,-0.23459,51.49652,3,2024
2022010377976,-0.092247,51.598048,3,2022
2024010502516,-0.11293,51.59939,3,2024
2022010390650,0.22074,51.606958,3,2022
2024010536243,-0.47611,51.5372,2,2024
2023010465805,-0.160135,51.486951,3,2023
2022010395673,-0.135157,51.472168,3,2022
2022010430399,-0.124873,51.459595,3,2022
2024010509761,-0.03625,51.44223,2,2024
2024010497240,-0.21259,51.41452,3,2024
2024010497989,0.02551,51.5466,3,2024
2024010549105,0.12397,51.56939,3,2024
2022010358249,-0.053411,51.478313,3,2022
2023010485649,-0.064872,51.523942,3,2023
2023010478411,-0.015842,51.562447,3,2023
2023010439899,-0.172894,51.429697,3,2023
2023010446799,-0.161628,51.430825,3,2023
2024010525794,-0.16407,51.51583,3,2024
2022351262538,0.160944,52.667707,3,2022
2022302201122,-1.753155,52.883685,3,2022
2023501392622,-3.516398,50.723755,3,2023
2022471218733,0.285143,50.773664,3,2022
2022421257234,0.587657,51.568773,2,2022
2024421414561,0.55948,51.5219,3,2024
2024421421486,0.61295,51.59819,2,2024
2023440516094,-1.284601,50.861659,3,2023
2022461278574,1.302429,51.124612,3,2022
2024461459560,1.09526,51.06784,3,2024
2023320204071,-0.599169,53.187028,3,2023
2023361316526,1.302137,52.653267,3,2023
2024311493435,-1.2061,52.92543,3,2024
2023451301106,-0.514022,51.435669,2,2023
2022221185286,-2.218447,52.1883,3,2022
2022221259149,-1.992942,52.034207,3,2022
2023991283712,-3.250873,54.986778,3,2023
2022991209410,-4.216855,55.824279,3,2022
2022991236544,-3.203426,55.942074,3,2022
2023991317993,-3.181579,55.961775,3,2023
2022991185184,-4.327018,55.847265,3,2022
2023991375067,-4.332218,55.84393,2,2023
202260B130530,-2.94663,53.182679,2,2022
202417M111124,-1.25391,54.556,3,2024
2022041177417,-3.055672,53.810506,2,2022
2024161407576,-0.36832,53.76908,3,2024
2022161242823,-0.430983,53.839619,3,2022
2024122400825,-1.06752,53.95514,3,2024
2022332200794,-1.101974,52.622081,3,2022
2023332301001,-1.159354,52.635699,3,2023
2024332400054,-1.1541,52.62327,3,2024
2024332400993,-1.11864,52.64899,3,2024
2023211314600,-2.204546,53.060906,3,2023
2024522401587,-2.59995,51.44507,3,2024
2023440340228,-1.108454,50.854934,2,2023
2022440270794,-1.361258,50.898991,3,2022
2023071075341,-2.429531,53.102743,3,2023
2022221210454,-2.857293,52.713771,3,2022
2022501172351,-4.544613,50.829007,3,2022
202454A898324,-2.14483,51.37688,3,2024
2023401298012,-0.460885,52.127297,3,2023
2023401302808,-0.526699,51.890783,3,2023
2023430567862,-0.500475,51.5808,3,2023
2023122301356,-0.722497,54.146245,2,2023
2023520301359,-2.717331,51.144508,3,2023
2022061166343,-2.253055,53.481784,3,2022
2023061369209,-2.257477,53.45311,2,2023
2023052300582,-2.960615,53.411016,2,2023
2023052300853,-2.98245,53.40735,3,2023
2023052302021,-2.76725,53.469323,3,2023
2022052201465,-3.031634,53.419493,2,2022
2022052202812,-3.020076,53.397435,2,2022
2022141229246,-1.409461,53.529663,3,2022
2023141297574,-1.489068,53.414302,3,2023
2024101444728,-1.42067,54.9051,3,2024
2022201139256,-1.911894,52.471184,2,2022
2022201180415,-1.94589,52.455598,2,2022
2022201152536,-1.873671,52.545829,3,2022
2023201264110,-1.796067,52.563727,2,2023
2024201512362,-1.89532,52.48134,3,2024
2023201298407,-2.144039,52.58112,3,2023
2022010408916,0.113768,51.52674,3,2022
2024010539329,0.14734,51.55786,2,2024
2022010355083,-0.246468,51.614922,2,2022
2023010478319,0.088347,51.450693,3,2023
2022010365726,-0.375712,51.51088,3,2022
2023010482422,-0.37034,51.551163,2,2023
2024010529378,0.05502,51.47112,3,2024
2022010381076,-0.050351,51.554744,3,2022
2022010384078,-0.052454,51.550777,3,2022
2023010439239,-0.250172,51.517428,2,2023
2024010517327,-0.07902,51.58537,3,2024
2024010537607,-0.31519,51.58465,3,2024
2022010385032,0.191016,51.552319,3,2022
2023010450152,-0.094512,51.541162,3,2023
2023010449362,-0.281165,51.406183,3,2023
2023010483812,-0.122775,51.474597,3,2023
2024010544441,-0.02724,51.47511,3,2024
2022010352665,0.027264,51.54645,3,2022
2022010379999,-0.302486,51.462885,3,2022
2022010356021,-0.092124,51.502743,3,2022
2022010403272,-0.075743,51.427396,3,2022
2024010523186,-0.17563,51.37114,3,2024
2024010520361,-0.03889,51.51266,3,2024
2024010488833,-0.00828,51.56965,3,2024
2024010522817,-0.02986,51.5762,2,2024
2022010393993,-0.126991,51.51192,3,2022
2023010452052,-0.168696,51.512345,3,2023
2024010526279,-0.21447,51.52727,3,2024
2022351161601,0.170569,52.678078,3,2022
2022302200501,-1.564827,52.852518,3,2022
2024471457546,0.27561,50.81952,3,2024
2024471517915,0.47758,50.84169,2,2024
2022421240115,0.602762,51.590922,3,2022
2024421402502,0.42001,51.56685,3,2024
2024421441304,0.47442,51.56719,2,2024
2023531366316,-2.250761,51.860633,3,2023
2024531454517,-2.24029,51.74053,3,2024
2022411205259,-0.401136,51.675255,3,2022
2023411271434,-0.004939,51.76346,3,2023
2022461256767,0.77173,51.340008,3,2022
2024461413452,0.38157,51.44134,2,2024
2024461536065,1.13234,51.36551,3,2024
2022041138611,-2.708722,53.634417,2,2022
2023041332243,-2.246192,53.78169,3,2023
2022211240870,-2.248497,53.038862,3,2022
2022211217714,-1.92797,52.759901,2,2022
2024211422993,-1.93952,52.75408,3,2024
2023221323044,-2.243821,52.371499,2,2023
2023991360566,-3.15959,56.191386,3,2023
202260B074135,-3.564902,53.284729,3,2022
2022622200833,-3.170304,51.476107,3,2022
2022622200938,-3.183154,51.48077,3,2022
2023631387984,-3.774096,51.767463,2,2023
2023161376485,-0.809819,53.682746,2,2023
2024211424792,-2.17541,53.05049,3,2024
202254C232522,-1.753279,51.571352,3,2022
2023401267968,-0.431511,51.881703,3,2023
2022430497732,-0.980851,51.45141,3,2022
2023440221176,-1.077181,50.807578,3,2023
2024440090956,-1.08747,50.80195,3,2024
2022070580494,-2.441409,53.091464,2,2022
2023501278132,-5.271947,50.099065,2,2023
2024401435635,-0.42622,52.15432,3,2024
2024401395092,-0.49549,52.02673,3,2024
2024552400456,-2.46421,50.59713,3,2024
2024552400682,-1.96473,50.79906,3,2024
2023340NN2472,-0.701061,52.300107,3,2023
2023031349290,-3.250063,54.101658,3,2023
2022122200393,-1.526007,54.118788,3,2022
2022122201469,-1.494394,53.99214,3,2022
2023520301400,-2.709694,51.144285,3,2023
2024061527166,-2.44223,53.583,3,2024
2023061318060,-2.236398,53.505152,3,2023
2022061170751,-2.207971,53.411401,3,2022
2024052400798,-2.84377,53.4143,3,2024
2022052202931,-2.943005,53.454788,3,2022
2023052301676,-2.963375,53.396647,2,2023
2023052302358,-2.944594,53.425283,3,2023
2023141259697,-1.344583,53.458837,2,2023
2024141493510,-1.46649,53.37938,2,2024
2022101154887,-1.439331,54.969833,2,2022
2022201177914,-1.82461,52.486559,2,2022
2022201253980,-1.962275,52.482565,2,2022
2022201190051,-1.994074,52.538048,3,2022
2024201437150,-2.04072,52.49128,3,2024
2022201184562,-2.075481,52.559743,3,2022
2023131259703,-1.808725,53.803174,2,2023
2024131535714,-1.72546,53.79813,2,2024
2022131134956,-1.777687,53.599306,3,2022
2024131452462,-1.75431,53.669,3,2024
2024131399210,-1.4899,53.67482,3,2024
2024131458818,-1.32483,53.717,2,2024
2024010520200,-0.1875,51.61619,3,2024
2022010417465,-0.252183,51.539436,3,2022
2023010469401,-0.238019,51.553711,3,2023
2023010480395,-0.06761,51.41389,2,2023
2022010405465,-0.378492,51.511323,3,2022
2023010445688,-0.253755,51.498724,3,2023
2024010543243,-0.24819,51.53072,3,2024
2022010395382,0.009628,51.486925,3,2022
2024010548488,0.10222,51.48567,3,2024
2022010383541,-0.093802,51.565404,2,2022
2023010431060,-0.067004,51.551548,3,2023
2022010364976,-0.117885,51.550676,3,2022
2022010400893,-0.106569,51.542518,3,2022
2023010437682,-0.108792,51.523678,2,2023
2022010410336,-0.104174,51.434217,2,2022
2023010447490,-0.272278,51.46418,3,2023
2022010357847,-0.083454,51.492683,3,2022
2022010418430,-0.070175,51.4735,3,2022
2023010445306,-0.05518,51.532837,3,2023
2023011380294,-0.077073,51.50944,2,2023
2024010518987,-0.01025,51.49588,3,2024
2024010517751,-0.18001,51.4632,2,2024
2022010363008,-0.157926,51.513516,2,2022
2023302300984,-1.294819,52.931597,3,2023
2022471169707,0.545092,50.879475,3,2022
2023421352963,0.30763,51.673637,2,2023
2024421529836,0.93878,51.89632,3,2024
2024440247308,-1.77257,50.85583,2,2024
2024411476393,-0.21819,51.93098,2,2024
2022461162695,0.25902,51.134282,2,2022
2022461179510,1.129638,51.090061,3,2022
2023041259281,-2.799165,54.044786,2,2023
2023361388394,1.234592,52.647784,2,2023
2024430296877,-1.26993,51.77709,3,2024
2022211217388,-2.08835,52.840651,1,2022
2023211332205,-2.30177,52.962096,3,2023
2024211520349,-1.64949,52.82045,3,2024
2024451441964,-0.5188,51.4329,2,2024
2022471163857,-0.188356,51.11447,2,2022
2022471172854,-0.671528,50.792954,3,2022
2024471442904,-0.71755,50.82052,3,2024
2024471495917,-0.67977,50.78354,3,2024
2024991534215,-4.61772,55.49481,2,2024
2024991516971,-3.17134,55.92356,3,2024
2024991448726,-4.37333,55.89204,2,2024
202360A129155,-3.176897,52.975089,3,2023
2024631488560,-4.24912,51.68422,2,2024
2024622400171,-3.91413,51.66302,3,2024
2022622200793,-3.265154,51.562487,3,2022
202417H107224,-1.21605,54.67727,2,2024
2023041291852,-3.034023,53.831791,3,2023
2023041391824,-3.025931,53.804095,3,2023
2024161533872,-0.41415,53.84107,3,2024
2022122200503,-1.069023,53.987505,3,2022
2022332200124,-1.134009,52.634366,3,2022
2023332300615,-1.135422,52.656357,2,2023
2022311189035,-1.108638,52.956569,3,2022
2024211432759,-2.20555,53.04327,3,2024
2023522301808,-2.685027,51.440527,3,2023
2022501143538,-4.163818,50.412822,2,2022
2023501329619,-3.5283,50.467312,3,2023
2022401133873,-0.403349,51.888805,3,2022
2024421515466,0.7801,51.53605,2,2024
2022421145261,0.425932,51.515698,3,2022
2024461442388,0.53396,51.36013,3,2024
2024430401380,-0.60126,51.52009,3,2024
2024430370838,-0.72833,52.08405,2,2024
2023471375713,-0.137696,50.821294,3,2023
2022070505677,-2.907954,53.265771,3,2022
2024070522713,-2.49808,53.26133,3,2024
2022401201379,-0.466858,52.139279,2,2022
2023401380343,-0.482907,52.082797,3,2023
2024552401544,-1.98527,50.71778,3,2024
2023430170130,-0.961663,51.790253,3,2023
2022122200292,-0.323406,54.182031,3,2022
2022520200972,-2.961953,51.114075,1,2022
2022061145298,-2.16326,53.505113,2,2022
2022061250509,-2.195538,53.553835,3,2022
2022061221446,-2.41387,53.451025,2,2022
2023061343850,-2.270384,53.514895,3,2023
2022141142339,-1.287993,53.492508,2,2022
2023141268590,-1.239756,53.382207,1,2023
2024101435558,-1.42821,54.99633,3,2024
2022101225851,-1.442642,54.926992,3,2022
2024101442751,-1.44518,54.92751,3,2024
2023201390510,-1.785758,52.563278,3,2023
2024201525081,-1.89883,52.46648,3,2024
2024201434413,-1.53681,52.4083,2,2024
2023201304295,-2.080386,52.563938,2,2023
2024131516972,-1.73428,53.82269,3,2024
2023131307663,-1.533821,53.796552,3,2023
2024131505927,-1.55389,53.77511,3,2024
2022010403193,0.131335,51.481521,3,2022
2024010487457,-0.21866,51.53348,2,2024
2022010390797,0.113283,51.385992,3,2022
2023010439689,0.113176,51.398332,3,2023
2023010453209,0.004058,51.417686,3,2023
2022010374146,-0.192619,51.541851,3,2022
2022010399958,-0.355223,51.54838,3,2022
2024010488291,-0.07364,51.63201,1,2024
2023010456703,0.017256,51.486803,3,2023
2023010436918,-0.063679,51.534399,3,2023
2023010441397,-0.044807,51.548123,3,2023
2024010507855,-0.0771,51.5744,3,2024
2022010417537,-0.239831,51.515718,3,2022
2022010359734,-0.247759,51.493167,3,2022
2022010359028,-0.090942,51.54721,3,2022
2022010390623,-0.106232,51.563833,3,2022
2024010544246,-0.21257,51.51602,3,2024
2023010439267,-0.108455,51.485895,3,2023
2024010512585,0.05149,51.53843,3,2024
2024010544798,0.00265,51.541,2,2024
2023010448585,-0.330713,51.449946,3,2023
2022010395228,-0.035999,51.526582,3,2022
2023010427502,-0.032128,51.525753,2,2023
2023010467873,-0.017857,51.51643,3,2023
2023010448829,-0.034043,51.581674,2,2023
2023010422581,-0.148884,51.477745,3,2023
2022010399961,-0.144189,51.514999,2,2022
2023010485636,-0.142017,51.514884,2,2023
2023351313816,0.122756,52.204305,3,2023
2023302301979,-1.303657,52.968595,3,2023
2024471426757,0.25093,50.96989,2,2024
2022421188648,0.45055,51.722388,3,2022
2022421229956,0.103972,51.763233,3,2022
2023421279881,0.457227,51.567126,2,2023
2023421332025,0.519428,51.876573,3,2023
2022531154847,-2.07296,51.929226,2,2022
2023531325356,-2.08544,51.891897,3,2023
2023440052462,-1.305728,51.054791,3,2023
2023440210526,-0.965196,50.858572,3,2023
2023461375148,0.347108,51.432784,3,2023
2022041216107,-2.22178,53.834515,2,2022
2022041284700,-2.603456,53.831692,3,2022
2024041469501,-2.76807,53.55908,3,2024
2023332301259,-0.88465,52.762368,3,2023
2023320677036,-0.534157,53.228659,2,2023
2022311230509,-1.299851,53.128492,3,2022
2023211350148,-2.257507,53.071644,3,2023
2022451154046,-0.454229,51.373019,3,2022
2023231321894,-1.611851,52.257729,3,2023
2023471315160,-0.243648,51.096779,3,2023
2024991435385,-3.01733,55.94232,2,2024
2024991480508,-2.7143,55.59813,2,2024
2024991505557,-4.53773,55.86446,3,2024
2022991214951,-3.461318,55.959098,3,2022
2023991300576,-2.587083,56.558936,3,2023
2022991151947,-4.15478,55.871001,3,2022
202260B124494,-3.83418,53.295059,3,2022
2024622400817,-3.93923,51.6179,3,2024
202417S309724,-1.30051,54.54991,3,2024
2022070675383,-2.665735,53.393609,3,2022
2023041273026,-3.053763,53.844571,1,2023
2023161355381,-0.028672,53.562023,3,2023
2023122400163,-1.087337,53.958353,3,2023
2023332300110,-1.102082,52.642085,3,2023
2023221379914,-2.467019,52.676926,2,2023
2022211257111,-2.190819,53.030698,3,2022
2023522300620,-2.563805,51.442324,3,2023
2023522400355,-2.600279,51.403937,2,2023
2022522205392,-2.490782,51.442068,2,2022
2022430329591,-0.730924,51.528326,3,2022
2022430155224,-0.866318,51.423743,3,2022
2022430198780,-0.74334,52.0094,2,2022
2022471232339,-0.1363,50.822837,2,2022
2022440256332,-1.432665,50.944034,3,2022
2024440523613,-1.38544,50.92999,3,2024
2022111247909,-1.31298,54.761379,3,2022
2023070172062,-2.238704,53.322491,2,2023
2023071080355,-2.251225,53.319921,3,2023
2023501347855,-5.104474,50.168484,3,2023
2023401303857,-0.484375,51.890137,3,2023
2023340WN2172,-0.848807,52.260722,3,2023
2023122400041,-1.07911,53.786445,3,2023
2024122401119,-0.89906,54.103,3,2024
2024520500296,-3.23831,50.98208,3,2024
2022351247510,0.110273,52.195977,3,2022
2024351407468,-0.07781,52.32786,3,2024
2023351325989,0.168927,52.122752,3,2023
2023302300926,-1.34042,53.26942,3,2023
2022501152616,-3.478561,50.718504,3,2022
2024421501783,0.45247,51.6016,2,2024
2022421173348,0.650551,51.950259,2,2022
2024421447090,0.53102,51.6992,2,2024
2022440386575,-0.912307,51.297912,2,2022
2023041322349,-2.368936,53.754133,3,2023
2024041511462,-2.20605,53.83717,2,2024
2022041205559,-2.7007,53.788973,3,2022
2024332400420,-0.88458,52.76219,3,2024
2022361234682,1.276481,52.658036,3,2022
2024430491812,-1.25657,51.75216,3,2024
2022430212385,-0.976364,51.749291,3,2022
2022471242589,-0.186205,51.116496,3,2022
2022061233236,-2.122658,53.458376,3,2022
2024061516497,-2.35249,53.40104,3,2024
2023052302933,-2.967677,53.396037,2,2023
2024052400473,-2.9281,53.44344,1,2024
2022052201619,-2.669712,53.472507,2,2022
2022052202224,-3.007607,53.647105,3,2022
2022141154428,-1.147157,53.544871,2,2022
2023141380138,-1.255968,53.489679,3,2023
2024141402308,-1.34285,53.50353,3,2024
2024141413486,-1.43849,53.35835,2,2024
2024141455495,-1.44307,53.4099,2,2024
2022201269760,-1.990639,52.464618,3,2022
2024201420935,-1.87772,52.49089,3,2024
2023201418703,-1.485729,52.448479,3,2023
2024201514746,-1.49668,52.43224,3,2024
2023201370373,-1.951335,52.642751,3,2023
2024131499241,-1.83458,53.66839,3,2024
2024131563447,-1.64389,53.71867,3,2024
2023131291847,-1.547186,53.828448,3,2023
2023131368060,-1.517843,53.848799,3,2023
2024131464522,-1.62874,53.84255,2,2024
2024131494476,-1.5687,53.72052,3,2024
2023131295466,-1.523145,53.630624,2,2023
2022010380895,0.106947,51.551359,3,2022
2022010390814,-0.261022,51.55043,2,2022
2022010393854,-0.052057,51.414397,3,2022
2022010368763,-0.128673,51.528214,3,2022
2023010471439,-0.143868,51.546639,3,2023
2022010364669,-0.098339,51.362999,3,2022
2023010425217,0.035844,51.481122,2,2023
2022010401006,-0.043488,51.536519,3,2022
2023010441672,-0.072444,51.575711,3,2023
2024010504122,-0.10892,51.59534,2,2024
2024010532238,-0.46471,51.52781,3,2024
2024010533862,-0.4827,51.54773,3,2024
2022010387841,-0.201384,51.509353,3,2022
2023010445518,-0.265401,51.4048,3,2023
2022010378553,-0.134403,51.463128,2,2022
2022010402060,-0.146524,51.453905,3,2022
2024010529634,-0.13775,51.41671,3,2024
2024010533870,-0.18617,51.39888,3,2024
2022010356529,0.036922,51.542794,2,2022
2022010413959,-0.166735,51.471803,2,2022
2024010506387,-0.1624,51.52231,3,2024
2024010534746,-0.16289,51.52258,3,2024
2023991367813,-4.688702,55.760483,3,2023
2022991149941,-5.608144,55.427676,3,2022
2023991315216,-3.196157,55.962829,3,2023
2024991396985,-3.1375,55.91948,3,2024
2023991345278,-3.18859,56.12082,2,2023
2022991157016,-3.126981,56.442923,3,2022
2022991185641,-4.257103,55.836668,3,2022
2022991191381,-4.200425,55.862123,3,2022
2023161350187,-0.300698,53.747647,3,2023
2024161485981,-0.12648,53.57718,2,2024
2023302300036,-1.476972,52.902154,3,2023
2024302400435,-1.47723,52.91145,2,2024
2022332200890,-1.132913,52.62624,3,2022
2023311383589,-1.17116,52.952598,2,2023
2022211234969,-2.144943,53.032093,2,2022
2023501365723,-3.526768,50.461307,3,2023
2022546300322,-1.777157,51.55384,3,2022
2023421392453,0.710746,51.536826,3,2023
2024421510265,0.73276,51.53331,3,2024
2022430095638,-0.962725,51.435201,3,2022
2023430499692,-1.016482,51.450806,3,2023
2024430572851,-0.73006,51.52058,2,2024
2022221141186,-2.830006,52.680019,3,2022
2023501331980,-4.981085,50.47414,3,2023
2024401412371,-0.59993,52.07834,3,2024
2022101196200,-1.558472,55.127707,3,2022
2024552400073,-1.8021,50.74309,3,2024
2022122200170,-0.409,54.274353,3,2022
2023061343475,-2.257934,53.45399,3,2023
2024061420921,-2.23674,53.46974,3,2024
2024061507211,-2.31499,53.42344,3,2024
2024061429748,-2.59634,53.54,3,2024
2022052201295,-2.980159,53.401248,3,2022
2023052302061,-2.9822,53.398426,3,2023
2022052300086,-3.002357,53.650277,2,2022
2022052201703,-3.088619,53.358823,3,2022
2023141315207,-1.501951,53.367516,3,2023
2022101249691,-1.603865,54.974425,3,2022
2023101340441,-1.565585,55.040046,3,2023
2023101411672,-1.540376,54.888157,2,2023
2022201234607,-1.791215,52.495027,3,2022
2023201395499,-1.881331,52.510282,3,2023
2022201162200,-2.112284,52.479182,2,2022
2022201219351,-2.118222,52.46437,2,2022
2024131525109,-1.7324,53.76488,3,2024
2022131244424,-1.768642,53.706015,3,2022
2023131263287,-1.628612,53.691776,3,2023
2024131525002,-1.54134,53.74458,3,2024
2022010397121,0.145544,51.53137,3,2022
2023010478218,-0.238527,51.579769,3,2023
2024010541638,-0.10807,51.37753,2,2024
2023010458232,-0.059224,51.660031,3,2023
2022010392359,-0.054172,51.55478,3,2022
2024010536867,-0.06472,51.53341,3,2024
2024010526874,-0.08697,51.59987,3,2024
2022010415237,0.214072,51.574386,2,2022
2023010446313,0.233507,51.606068,3,2023
2023010467503,0.205208,51.550182,3,2023
2022010372415,-0.413016,51.511454,3,2022
2024010527406,-0.33612,51.47234,3,2024
2022010385667,-0.172339,51.495865,3,2022
2024010542033,-0.11552,51.46138,2,2024
2022010375443,-0.187823,51.423976,2,2022
2022010360227,-0.092658,51.494083,3,2022
2023010458524,-0.060313,51.497213,3,2023
2023010472989,-0.097324,51.505193,3,2023
2024010543617,-0.07399,51.50874,3,2024
2023010475436,0.004764,51.631709,3,2023
2022010364495,-0.17235,51.467493,3,2022
2022010365014,-0.148697,51.478444,2,2022
2023010457758,-0.159744,51.464823,2,2023
2022010369676,-0.144857,51.508139,3,2022
2023010464241,-0.201545,51.524301,3,2023
2022501223459,-3.597725,50.52617,3,2022
2024501499423,-4.12542,51.20571,3,2024
2022471242650,0.099629,50.976334,3,2022
2023421342897,0.918332,51.777989,3,2023
2022440060639,-1.2979,51.064834,3,2022
2024411412330,-0.08224,51.80247,3,2024
2024411417067,-0.2181,51.73357,2,2024
2024411484192,-0.07349,51.79715,3,2024
2022461230001,1.062661,51.360416,3,2022
2024461447410,0.84576,51.18472,2,2024
2022041142450,-2.780221,53.72675,2,2022
2023041319159,-2.698652,53.730588,3,2023
2022320468006,0.245648,53.161294,3,2022
2022320597398,-0.782807,53.407054,3,2022
2024361525469,1.39621,52.89477,2,2024
2023311357699,-1.228467,53.031947,3,2023
2023311384400,-0.812362,53.076463,3,2023
2024311524923,-1.14413,52.99803,3,2024
2022371206920,1.156058,52.059365,3,2022
2023451381635,-0.265525,51.336503,3,2023
2023231268883,-1.249757,52.381266,2,2023
2024231514652,-1.26405,52.3709,3,2024
2022471198213,-0.361365,50.815648,3,2022
2024991395547,-4.39254,55.79933,2,2024
2023991261730,-4.684541,55.755846,2,2023
2023991304103,-4.058691,55.684636,3,2023
2023991317193,-3.189005,55.96625,3,2023
2023991374192,-3.169921,55.92952,3,2023
2024991474633,-3.18982,55.97859,3,2024
2022991178787,-4.368875,55.84545,2,2022
2022991176624,-4.563816,55.956876,1,2022
2023991306184,-2.975917,56.470662,3,2023
2024631494459,-4.7326,51.71351,3,2024
2023622300776,-3.95789,51.672849,3,2023
2023622300573,-3.431525,51.514284,2,2023
2023610040323,-3.239804,51.648791,3,2023
2024610041224,-2.96508,51.58281,2,2024
2023161324208,-0.276139,53.767783,3,2023
2023161372716,-0.364658,53.768951,3,2023
2023161305205,-0.436522,53.732075,3,2023
2024122500148,-1.09954,53.94917,3,2024
2023302301858,-1.440699,52.925055,3,2023
2024302400314,-1.48985,52.92563,3,2024
2024311521328,-1.14463,52.94531,2,2024
2024211428270,-2.17598,53.02155,3,2024
2022522202567,-2.583919,51.49301,3,2022
2022522205203,-2.617449,51.418163,3,2022
2022501207075,-3.573052,50.432432,3,2022
2023401318583,-0.420064,51.877503,3,2023
2023430416422,-0.97727,51.45646,3,2023
2022430274224,-0.720565,51.524518,3,2022
2022471138602,-0.116912,50.845612,3,2022
2022471259566,-0.124861,50.82769,3,2022
2023071201075,-2.446874,53.087164,3,2023
2022501241003,-5.2602,50.252465,2,2022
2023552300073,-1.960908,50.735708,3,2023
2024552400780,-1.85698,50.7277,3,2024
2023031273005,-2.971849,54.895543,3,2023
2022061172829,-2.235205,53.515545,3,2022
2024061463116,-2.18438,53.46325,3,2024
2024061516433,-2.27713,53.44713,2,2024
2024061553403,-2.07263,53.55049,3,2024
2024061401697,-2.47172,53.51481,3,2024
2022052200330,-2.930703,53.406668,3,2022
2023052301619,-2.917426,53.412542,3,2023
2023052301138,-3.020926,53.636718,3,2023
2022141139505,-1.378261,53.515402,3,2022
2024101421581,-1.43824,55.0333,3,2024
2023201263675,-1.859818,52.492036,2,2023
2024201436494,-2.00981,52.43867,3,2024
2022131222883,-1.811744,53.725603,3,2022
2023131318265,-1.643937,53.718715,2,2023
2024131533057,-1.78484,53.64227,3,2024
2022131144656,-1.687347,53.85824,3,2022
2022131247090,-1.590061,53.798806,2,2022
2022131141507,-1.305436,53.693179,2,2022
2022101209063,-1.579752,54.933267,2,2022
2023101375077,-1.589909,54.942738,2,2023
2024010521440,0.15968,51.54486,3,2024
2024010523594,0.15594,51.54365,2,2024
2023010457601,0.128385,51.508778,3,2023
2023010463289,0.136341,51.471528,3,2023
2024010521598,0.10364,51.42622,3,2024
2024010531662,-0.1273,51.5173,3,2024
2022010377580,-0.250879,51.5268,3,2022
2022010405480,-0.302115,51.513974,3,2022
2022010410724,0.016107,51.47381,2,2022
2024010519798,-0.18951,51.47807,2,2024
2023010482636,-0.348901,51.581185,2,2023
2024010499174,-0.31818,51.58149,3,2024
2022010410140,0.218788,51.576698,3,2022
2022010386075,-0.104106,51.565013,3,2022
2023010449555,-0.099898,51.561753,3,2023
2024010544774,-0.09506,51.52908,2,2024
2022010381291,-0.129506,51.465298,3,2022
2022010377604,0.025436,51.500403,3,2022
2024010520526,0.02967,51.52608,3,2024
2022010396823,-0.057157,51.514507,3,2022
2023010426916,-0.018764,51.521769,3,2023
2022010355039,-0.219013,51.456368,2,2022
2022010359546,-0.15466,51.441309,3,2022
2022010373493,-0.149361,51.446738,3,2022
2023010464070,-0.21755,51.447363,3,2023
2023351391265,-0.26555,52.229489,2,2023
2022421133141,0.092714,51.765485,3,2022
2024421495276,0.26946,52.0613,2,2024
2022531258268,-2.168941,51.881629,2,2022
2023531340486,-1.724973,51.933586,2,2023
2023440244204,-1.342413,51.2308,2,2023
2024440490287,-1.03959,50.88627,3,2024
2022411180413,-0.410651,51.644316,3,2022
2024411452463,-0.16987,51.92262,3,2024
2023461326194,0.641162,51.155288,3,2023
2024461501803,0.20153,51.42706,2,2024
2022041230110,-2.36599,53.755427,3,2022
2023041319230,-2.758196,54.131433,2,2023
2024041414309,-2.16897,53.66549,2,2024
2022332200569,-1.178299,52.681384,3,2022
2023332300277,-1.186862,52.672678,3,2023
2023361342080,0.74048,52.432811,3,2023
2022211203631,-2.081684,52.809247,2,2022
2022471197940,-0.285961,50.839961,3,2022
2023991391176,-2.104547,57.153922,2,2023
2024991444858,-4.71461,55.99956,3,2024
2023991359966,-4.532701,55.824586,2,2023
2024991521347,-4.21912,55.85847,3,2024
202263A033522,-4.086931,51.794848,3,2022
2023610048123,-2.95068,51.591272,3,2023
2024070654673,-2.59051,53.40474,3,2024
2024161413818,-0.43555,53.72963,3,2024
2023161342378,-0.108543,53.548624,3,2023
2024311417434,-1.15135,52.95479,3,2024
2024211409152,-2.10516,52.98952,3,2024
2023522301190,-2.598539,51.452312,3,2023
2023430206978,-0.976973,51.447852,3,2023
2024430309484,-0.75361,52.04551,3,2024
2022440118724,-1.073271,50.78136,2,2022
2022070368363,-3.085943,53.298486,3,2022
2022501176437,-5.480794,50.212233,3,2022
2024501519477,-4.79635,50.33464,2,2024
2024401462085,-0.65885,51.91715,2,2024
2024401500691,-0.53654,51.88849,3,2024
2023552300985,-1.836776,50.727517,3,2023
2023340NN4642,-0.7963,52.423217,3,2023
2024340WN0732,-0.91326,52.29854,3,2024
2023031317037,-3.268343,54.20794,3,2023
2023122301229,-1.643711,54.164086,3,2023
2024520402969,-3.0169,51.12728,3,2024
2023351352150,-0.167685,52.317807,2,2023
2022031193922,-3.541048,54.526994,3,2022
2023421337836,0.894647,51.900699,3,2023
2024421440544,0.08976,51.76938,2,2024
2023531341379,-2.079927,51.904938,3,2023
2024440049103,-0.8419,51.27666,3,2024
2024440204048,-0.98855,50.86936,3,2024
2024041461451,-2.61179,53.61176,3,2024
2024041410031,-2.74296,53.54046,3,2024
2024320103037,-0.02485,52.9723,3,2024
2023371356068,1.124151,51.970744,3,2023
2024451413761,-0.46364,51.37218,2,2024
2024451492529,-0.51053,51.33198,2,2024
2024231424392,-1.49348,52.52609,2,2024
2022471194477,-0.680616,50.958824,3,2022
2024471487698,-0.19419,51.12066,3,2024
2023471273290,-0.371719,50.815892,3,2023
2023371346471,1.557878,52.190762,3,2023
2022061232698,-2.315441,53.553048,3,2022
2024061448166,-2.17207,53.39399,3,2024
2024061534429,-2.23954,53.39084,2,2024
2022052200479,-2.924553,53.426887,3,2022
2023052300475,-2.878546,53.348807,3,2023
2022052202425,-3.016231,53.464489,3,2022
2022141238300,-1.50747,53.386712,3,2022
2023141368065,-1.486402,53.42203,2,2023
2024101508361,-1.68826,54.96787,3,2024
2023101309514,-1.54468,54.999981,2,2023
2024101408814,-1.36732,54.89309,2,2024
2024201471158,-1.85129,52.48892,2,2024
2024131440346,-1.80394,53.77106,2,2024
2022131137777,-1.775393,53.678524,3,2022
2023131325058,-1.561747,53.814741,3,2023
2023131389073,-1.614725,53.852654,3,2023
2024131472365,-1.6095,53.80318,3,2024
2023131277940,-1.532678,53.673841,2,2023
2023481409647,-0.105334,51.518434,2,2023
2024010538225,0.13223,51.49043,3,2024
2024010548299,0.13499,51.45807,3,2024
2022010404087,-0.061454,51.419346,2,2022
2022010415432,-0.179412,51.541773,3,2022
2023010435520,-0.144029,51.540571,3,2023
2024010534120,-0.1265,51.51698,3,2024
2024010507148,-0.11548,51.40968,3,2024
2022010371854,-0.286061,51.527769,3,2022
2023010462077,0.007669,51.497759,3,2023
2024010533708,-0.20317,51.48676,3,2024
2023010469555,-0.07853,51.598067,3,2023
2024010490609,0.16761,51.52601,3,2024
2023010474009,-0.438809,51.521655,3,2023
2022010403549,-0.391058,51.43151,3,2022
2024010511777,-0.10667,51.5428,3,2024
2022010398165,-0.302681,51.378035,2,2022
2022010398536,-0.301579,51.41711,3,2022
2022010399379,-0.111823,51.481777,3,2022
2022010388968,-0.037483,51.428641,3,2022
2023010480259,-0.038006,51.465457,3,2023
2024010531799,-0.01798,51.4346,3,2024
2024010537265,-0.02484,51.4812,2,2024
2023010485444,-0.160089,51.388544,2,2023
2022010392347,0.060092,51.554781,3,2022
2023010483040,0.059248,51.549832,3,2023
2024010487455,0.01017,51.51273,3,2024
2023010458739,-0.200215,51.384959,2,2023
2024010546685,-0.18033,51.37933,3,2024
2024010541074,0.00676,51.55801,3,2024
2022010402260,-0.148737,51.447582,3,2022
2024010501697,-0.14242,51.42037,3,2024
2024010507828,-0.22968,51.46337,2,2024
2024010518749,-0.14815,51.44861,2,2024
2024010524042,-0.16918,51.46686,2,2024
2022010374284,-0.129113,51.51324,3,2022
2022010379268,-0.143293,51.504068,3,2022
2023010479599,-0.178653,51.519604,3,2023
2023991389181,-3.726903,56.007836,2,2023
2023991263159,-3.779335,55.679604,2,2023
2022991184452,-3.209449,55.927782,3,2022
2022991162014,-3.47766,56.4073,2,2022
202260B058326,-3.494212,53.314637,2,2022
202460Q060433,-2.99464,53.04523,2,2024
2022622200103,-3.1296,51.53444,3,2022
2023622300489,-3.153582,51.520404,3,2023
2023622300177,-3.422868,51.594373,3,2023
2024610052424,-2.97417,51.63068,3,2024
2022170M10912,-1.250335,54.569444,3,2022
2022070937425,-2.557948,53.405343,3,2022
2024070726244,-2.57122,53.4145,2,2024
2022161199597,-0.340806,53.743544,3,2022
2024161394102,-0.64203,53.58594,2,2024
2024311517098,-1.16744,52.91988,3,2024
2023522301106,-2.636528,51.508876,2,2023
2024522500015,-2.58197,51.48057,3,2024
2022522204965,-2.46624,51.465052,3,2022
2022501214267,-3.58232,50.429572,3,2022
202454C362524,-1.82423,51.60052,3,2024
2023401274763,-0.417544,51.884726,2,2023
2023401273691,-0.459965,51.892158,3,2023
2022421141369,0.697138,51.541547,3,2022
2023461270800,0.529127,51.374649,3,2023
2024430227772,-1.01829,51.46112,3,2024
2023430504962,-0.615126,51.522475,2,2023
2023440030739,-1.150963,50.722428,3,2023
2023440372279,-1.156792,50.674646,2,2023
2022070358489,-2.535863,53.311692,3,2022
2022221238801,-2.710309,52.692529,2,2022
2023501300453,-4.529232,50.814807,3,2023
202254C166222,-1.797278,51.077664,3,2022
2024401429930,-0.28615,52.09151,3,2024
2022101206006,-2.014195,55.778488,3,2022
2022552201516,-1.902836,50.723013,3,2022
2022552200600,-2.019262,50.770101,3,2022
2022430543881,-0.817023,51.815654,3,2022
2023340NN1202,-0.693896,52.302878,3,2023
202234WNC6822,-0.914439,52.238885,3,2022
2023031287975,-2.94527,54.895142,3,2023
2023031342085,-3.551813,54.644902,3,2023
2023122300287,-1.194504,54.090504,3,2023
2022520201189,-3.108675,51.013211,3,2022
2024520402606,-3.31682,51.04192,3,2024
2022052200048,-2.955542,53.470536,3,2022
2022052200768,-2.989535,53.40215,3,2022
2022052201877,-2.914738,53.388949,3,2022
2023052300291,-2.931617,53.442293,3,2023
2023052301868,-2.876872,53.420173,3,2023
2023052302572,-2.897675,53.396243,2,2023
2024052400130,-3.09447,53.34655,3,2024
2023141399691,-1.422819,53.364706,3,2023
2023101333426,-1.383151,54.91318,3,2023
2024101410929,-1.39361,54.90759,3,2024
2022201280330,-1.85839,52.464273,3,2022
2023201404978,-2.108628,52.447235,3,2023
2023201419007,-1.932349,52.553509,3,2023
2022201183557,-2.003736,52.596985,3,2022
2024131417424,-1.77694,53.8336,3,2024
2022131255416,-1.575132,53.805298,3,2022
2023101379416,-1.571096,54.948909,2,2023
2024010548860,-0.224,51.60915,3,2024
2024010540236,-0.12606,51.51706,2,2024
2023010427399,-0.087554,51.380503,3,2023
2023010481189,-0.081876,51.396715,2,2023
2024010487702,-0.12734,51.38801,3,2024
2023010480319,-0.347887,51.534303,2,2023
2023010448371,-0.12832,51.632701,2,2023
2024010547864,-0.22952,51.49681,3,2024
2022010407846,-0.098531,51.575867,3,2022
2022010386975,-0.348381,51.592355,3,2022
2022010367248,-0.109941,51.524479,3,2022
2023010460126,-0.104832,51.555511,3,2023
2023010477978,-0.13365,51.444168,3,2023
2024010517136,-0.11259,51.47044,3,2024
2024010524273,-0.13616,51.46252,3,2024
2024010532703,-0.12474,51.47026,3,2024
2022010390276,0.024932,51.548496,2,2022
2023010474206,0.062202,51.555517,3,2023
2022010365927,0.121498,51.568974,3,2022
2024010533442,0.02432,51.57424,3,2024
2024010526218,-0.25542,51.45059,3,2024
2022010381428,-0.064756,51.462718,3,2022
2023010432380,-0.064974,51.493989,3,2023
2023010457438,-0.057093,51.479768,3,2023
2023010456330,-0.171701,51.461027,2,2023
2024302401457,-1.32029,53.27719,2,2024
2022440264026,-1.484082,51.213283,3,2022
2023440494112,-1.400162,50.957828,3,2023
2024440037915,-1.02341,50.90322,3,2024
2024440345127,-1.35752,50.96934,2,2024
2023411366515,-0.397015,51.662115,3,2023
2023411392414,-0.192841,51.695866,3,2023
2024411414093,-0.18296,51.86567,3,2024
2023320677800,-0.491087,52.660181,2,2023
2024320041915,-0.02329,52.965,3,2024
2024320424197,-0.16751,52.78502,3,2024
2024430530696,-1.23166,51.7675,3,2024
2024430627460,-1.24326,51.7496,3,2024
2023231303756,-1.473823,52.485771,3,2023
2023991278088,-2.921967,56.477616,2,2023
202260B162689,-4.076539,53.181328,2,2022
202360A043076,-3.456841,53.322318,2,2023
2024041438015,-2.46037,53.74947,3,2024
2024161440158,-0.33899,53.7454,3,2024
2022302201023,-1.482031,52.886849,3,2022
2024302401096,-1.47814,52.91023,3,2024
2023311295320,-1.154002,52.971445,3,2023
20225223BR191,-2.547311,51.439516,3,2022
2023522300370,-2.596767,51.449974,3,2023
2024522402116,-2.60748,51.45056,3,2024
2023522401068,-2.97446,51.350312,3,2023
20225222SG192,-2.428805,51.531813,3,2022
2024501492657,-4.09056,50.36143,3,2024
2023430334851,-0.989722,51.455713,3,2023
2022430354965,-0.701961,52.020514,2,2022
2022440008192,-1.079883,50.793571,3,2022
2023111383153,-1.590564,54.78891,2,2023
2022070645491,-2.44888,53.094798,3,2022
2024070132133,-2.22042,53.1645,2,2024
2022401185475,-0.281478,52.12258,3,2022
2022552201357,-1.992535,50.746731,2,2022
2024552500021,-2.44654,50.71398,2,2024
2024552401438,-2.03392,50.73755,3,2024
202234NNC6412,-0.58369,52.300232,3,2022
202234WNC3182,-0.900086,52.203391,2,2022
2023031277312,-3.230727,54.104078,2,2023
2023520301775,-2.321781,51.231051,3,2023
2023302300798,-1.422244,53.238186,3,2023
2022421139683,0.534878,51.877968,3,2022
2024440070695,-1.14393,50.79503,3,2024
2022461197583,1.187947,51.083707,2,2022
2023041344486,-2.85909,54.060218,3,2023
2023332300290,-1.211431,52.770204,2,2023
2024332400299,-1.04479,52.53582,3,2024
2023320057460,-0.542159,53.225503,3,2023
2023361328651,1.304724,52.754876,3,2023
2023361388008,1.733207,52.609865,2,2023
2022311170205,-1.116528,53.302733,3,2022
2023311308078,-1.131789,52.935561,3,2023
2022451196621,-0.377651,51.368117,2,2022
2023451279519,-0.086393,51.292193,3,2023
2023471345637,-0.67506,50.782967,3,2023
2022471225391,-0.105983,51.005849,2,2022
2023471350074,-0.108,50.988165,2,2023
2023411390921,-0.110578,51.708069,3,2023
2022411224341,-0.072814,51.796929,3,2022
2024371430830,1.31743,51.98114,3,2024
2022061250704,-2.399597,53.55374,3,2022
2023061326089,-2.391085,53.545679,3,2023
2024061463198,-2.10096,53.54298,2,2024
2023061387199,-2.192143,53.377577,3,2023
2024061458853,-2.04281,53.48632,3,2024
2024061518189,-2.34903,53.38694,3,2024
2023052302638,-2.950627,53.416444,2,2023
2024141534598,-1.48164,53.35236,2,2024
2023101283739,-1.679043,54.974125,3,2023
2023101379930,-1.678481,54.974078,2,2023
2023201372795,-1.87847,52.452473,3,2023
2023201276908,-1.957311,52.560946,3,2023
2022131212307,-1.749587,53.810408,3,2022
2023131317849,-1.715699,53.800212,3,2023
2022131244384,-1.816668,53.652717,3,2022
2024131482770,-1.6332,53.68301,2,2024
2022131143496,-1.579085,53.747204,3,2022
2024131492141,-1.61193,53.80505,3,2024
2022010367078,-0.274145,51.625529,3,2022
2022010358187,-0.124292,51.534817,2,2022
2022010356393,-0.041993,51.354733,2,2022
2023010434198,-0.102032,51.404309,3,2023
2023010450167,-0.106322,51.3899,3,2023
2024010496681,-0.3718,51.53245,3,2024
2023010438405,-0.020558,51.670725,3,2023
2023010453013,-0.037996,51.671144,3,2023
2023010432372,-0.187175,51.467948,3,2023
2024010533952,-0.10421,51.57799,3,2024
2023010458540,-0.282965,51.58514,3,2023
2022010375838,-0.269734,51.492999,3,2022
2023010451875,-0.191278,51.48909,2,2023
2022010401910,-0.12085,51.470978,3,2022
2023010479812,-0.086035,51.427601,3,2023
2024010508463,-0.04186,51.48977,2,2024
2024010544013,-0.02184,51.4322,3,2024
2024010517664,-0.17725,51.41895,3,2024
2022010354113,-0.010537,51.531594,3,2022
2023010486529,0.027886,51.592545,3,2023
2024010487637,0.02669,51.57726,2,2024
2024010520245,0.06897,51.5571,3,2024
2023010435963,-0.191674,51.380682,3,2023
2022010407764,-0.061047,51.511163,2,2022
2024010535768,-0.05962,51.51498,3,2024
2023010424412,-0.162845,51.464323,3,2023
2023010451617,-0.167786,51.463528,3,2023
2024010543403,-0.13042,51.51657,3,2024
2022991185635,-3.163709,55.916649,3,2022
2022991205985,-4.308557,55.812884,3,2022
202260B090177,-3.859761,53.328133,3,2022
2022622200931,-3.173804,51.476117,3,2022
2024610022824,-3.1308,51.63753,3,2024
2022170M22232,-1.182641,54.555902,3,2022
2023070740866,-2.725797,53.332647,1,2023
2022041207506,-3.011296,53.833243,3,2022
2023161352267,-0.342007,53.747309,3,2023
2024161493573,-0.72624,53.90559,3,2024
2024161502364,-0.64995,53.59133,3,2024
2022311160147,-1.169035,52.953977,2,2022
2024311399183,-1.16294,52.95587,3,2024
2024311510624,-1.19384,52.94472,2,2024
20225222BR532,-2.586522,51.477028,3,2022
2023522400357,-2.529408,51.478828,3,2023
2024522401253,-2.61086,51.44056,3,2024
2024401486370,-0.49424,51.90101,2,2024
2023471353362,-0.136581,50.819712,3,2023
2022440469330,-1.403281,50.916622,2,2022
2023070521585,-2.130987,53.243188,3,2023
2024071062369,-2.44061,53.18674,2,2024
2023070649684,-2.898108,53.28101,2,2023
2024221448928,-2.37257,52.66478,3,2024
2023552300704,-1.873058,50.738767,3,2023
2023552300965,-1.984817,50.727297,3,2023
2023552301006,-1.790258,50.728378,3,2023
2022552201454,-2.13557,50.886243,2,2022
2024061465699,-2.22073,53.47183,2,2024
2024061497361,-2.11407,53.42251,2,2024
2024052401144,-2.87132,53.43542,3,2024
2024052402293,-2.74666,53.43233,2,2024
2022052202241,-2.959034,53.303871,2,2022
2022101192082,-1.382622,54.929398,2,2022
2022201275046,-1.971105,52.445439,3,2022
2023201419580,-1.866021,52.413569,3,2023
2024201441647,-1.89696,52.47527,3,2024
2022201226017,-1.54014,52.427297,3,2022
2023201318858,-1.49106,52.440465,3,2023
2023201371023,-2.127018,52.620281,3,2023
2023201372100,-2.067871,52.570167,2,2023
2024131397460,-1.78469,53.83362,3,2024
2022131207939,-1.846094,53.661378,2,2022
2023131372472,-1.573189,53.811223,3,2023
2022131134651,-1.48735,53.654466,2,2022
2023131295864,-1.509002,53.685728,3,2023
2023101273006,-1.622386,54.938538,2,2023
2023481364564,-0.104228,51.512786,3,2023
2023010431529,0.186386,51.478286,3,2023
2022010381462,-0.200902,51.540981,3,2022
2023010473537,-0.229576,51.568682,3,2023
2022010391642,0.002077,51.406245,2,2022
2024010509737,-0.1913,51.5493,3,2024
2023010471598,-0.12051,51.335138,2,2023
2023010475776,-0.292205,51.524253,3,2023
2024010550059,-0.06462,51.61489,3,2024
2022010367181,0.054143,51.438033,3,2022
2024010498121,0.10958,51.49294,3,2024
2024010501685,-0.06724,51.56226,3,2024
2023010483426,-0.19737,51.473402,3,2023
2023010455451,-0.116958,51.606288,3,2023
2024010504164,-0.10002,51.58378,3,2024
2023010483462,0.179019,51.56569,2,2023
2022010365695,-0.47095,51.551852,3,2022
2023010480763,-0.096815,51.527081,3,2023
2024010519988,-0.11615,51.53125,3,2024
2023010452061,-0.207673,51.506634,3,2023
2023010472547,-0.207459,51.498124,3,2023
2022010353140,-0.1016,51.477538,3,2022
2022010371820,-0.117532,51.433353,3,2022
2023010446264,-0.112307,51.469006,2,2023
2024010491156,-0.01648,51.45296,3,2024
2022010378743,0.036443,51.530122,3,2022
2024010533393,0.05637,51.52664,2,2024
2022010388198,0.01908,51.572373,3,2022
2022010405462,-0.063649,51.465748,3,2022
2023010463552,-0.094376,51.483635,3,2023
2024010523725,-0.09514,51.48704,3,2024
2024010500473,-0.19031,51.38349,3,2024
2022010372960,-0.034904,51.524901,3,2022
2022010380658,-0.1358,51.515738,3,2022
2022010404090,-0.157681,51.522451,3,2022
2024010543073,-0.13335,51.51006,2,2024
2024010550794,-0.12502,51.51116,3,2024
2023302301103,-1.950568,53.441477,2,2023
2024302401704,-1.33446,53.10669,3,2024
2022421193123,1.084023,51.800855,3,2022
2022531170741,-2.110853,51.88542,3,2022
2024531411640,-2.15942,51.99143,3,2024
2022440327087,-1.139084,50.844139,3,2022
2022411143727,-0.416038,51.685474,2,2022
2022411172173,-0.570056,51.762189,3,2022
2023411290006,-0.409053,51.701906,2,2023
2024411477253,-0.41775,51.70068,3,2024
2022461181235,0.733375,51.358331,3,2022
2024461427481,0.85266,51.13634,3,2024
2023041270636,-2.308327,53.798804,3,2023
2023041314752,-2.800376,53.561248,3,2023
2024041469184,-2.70444,53.6979,3,2024
2022311236134,-1.156482,53.325206,3,2022
2023311278350,-1.103611,53.001685,3,2023
2024211482231,-1.64311,52.80739,3,2024
2022451162934,-0.164002,51.195369,3,2022
2022231251333,-1.230593,52.361328,3,2022
2024231460985,-1.59872,52.19132,3,2024
2023471320853,-0.807021,50.804374,2,2023
2024471492839,-0.21907,51.1054,3,2024
2022991214257,-3.180535,55.936949,3,2022
2023991288092,-3.173288,55.97154,3,2023
2023991311115,-3.434568,56.381479,3,2023
2024991455457,-4.32586,55.88326,2,2024
2022991228047,-3.944285,55.777881,2,2022
202417S305624,-1.3057,54.55795,3,2024
2022161184877,-0.414501,53.732712,3,2022
2023161308249,-0.397879,53.755997,3,2023
2024161505283,-0.35758,53.74321,2,2024
2022122200982,-1.094772,53.954221,3,2022
2022122201145,-1.075307,53.953767,3,2022
2024122400978,-1.06057,53.96685,3,2024
2024332400080,-1.15395,52.62332,3,2024
2023311329553,-1.148632,52.944654,2,2023
2022221153638,-2.713084,52.0567,2,2022
2024549543024,-1.76006,51.54361,3,2024
2024461447344,0.5192,51.37399,3,2024
2023430303933,-1.232547,51.480995,2,2023
2022440498381,-1.396906,50.906842,3,2022
2022070064804,-2.446823,53.093754,3,2022
2022070826407,-2.967399,53.250399,3,2022
2023221264473,-2.527155,52.870598,3,2023
2024501399717,-4.33291,50.54987,1,2024
2022401246599,-0.667066,51.916167,3,2022
2023122301395,-1.199234,54.122757,3,2023
2024122400197,-1.53493,53.97931,3,2024
2023061335677,-2.296066,53.551678,3,2023
2024061511019,-2.34999,53.56561,3,2024
2022061180909,-2.28215,53.508576,2,2022
2022061162839,-2.711454,53.580183,3,2022
2022052202125,-2.712257,53.414904,3,2022
2023052301161,-2.915419,53.515129,3,2023
2024141445790,-1.2153,53.42145,2,2024
2022141195388,-1.487523,53.469018,2,2022
2022141235213,-1.472017,53.369743,3,2022
2024141498957,-1.47071,53.38543,3,2024
2022101222827,-1.387763,54.906338,3,2022
2022201191121,-1.892663,52.436988,3,2022
2023131314514,-1.764,53.823659,2,2023
2023131340416,-1.979573,53.831349,3,2023
2023131366956,-1.618809,53.836435,3,2023
2023131392579,-1.510497,53.810067,3,2023
2024131486908,-1.56176,53.81473,3,2024
2024131448730,-1.48506,53.71706,3,2024
2023101269816,-1.589536,54.942557,2,2023
2023481380226,-0.088483,51.511236,3,2023
2024010497777,-0.3311,51.56163,3,2024
2023010442977,-0.046768,51.410622,3,2023
2023010438289,-0.196251,51.54081,3,2023
2022010364693,-0.069151,51.396092,2,2022
2023010464467,-0.308826,51.514899,2,2023
2024010542631,-0.04502,51.54258,3,2024
2023010480967,-0.102339,51.589075,3,2023
2022010361914,-0.123757,51.560797,3,2022
2024010508757,-0.10285,51.54134,3,2024
2022010388760,-0.198426,51.508732,2,2022
2022010363029,-0.107995,51.501517,2,2022
2022010382817,-0.106182,51.493826,3,2022
2022010411923,-0.12584,51.439161,3,2022
2022010386257,-0.010223,51.442201,3,2022
2023010478533,-0.000468,51.471819,3,2023
2024010547600,-0.19273,51.41076,2,2024
2023010443770,0.024167,51.519894,3,2023
2024010526891,0.03199,51.51991,3,2024
2022010408577,-0.286167,51.461964,2,2022
2024010510453,-0.10147,51.50365,3,2024
2024010488858,-0.01046,51.50697,2,2024
2022010364688,-0.008411,51.590864,3,2022
2024010502966,-0.14044,51.47997,3,2024
2024010505436,-0.16246,51.46103,2,2024
2022010378630,-0.13414,51.513671,3,2022
2022010401865,-0.136404,51.485389,2,2022
2022351199855,0.119614,52.207472,3,2022
2023351282269,0.1737,52.187174,3,2023
2024351492331,0.0825,52.56183,3,2024
2022302201176,-1.308381,52.960011,3,2022
2022302201245,-1.275954,52.900434,2,2022
2023302301862,-1.562325,53.118725,3,2023
2024302401541,-1.31976,53.32503,3,2024
2022501170395,-3.645402,50.537647,3,2022
2023501320020,-3.321383,50.629101,3,2023
2023471330276,0.581321,50.855393,3,2023
2022531227002,-2.258697,51.849368,3,2022
2022440177035,-1.104585,51.252548,2,2022
2022440350696,-0.986966,51.14772,3,2022
2022440459337,-1.651364,50.747856,3,2022
2023041300188,-2.693179,53.759976,3,2023
2023041351012,-2.799739,54.045258,2,2023
2024041529857,-2.8699,53.77819,2,2024
2022361246835,0.733176,52.408223,2,2022
2023311464284,-1.226287,52.937868,1,2023
2024311405985,-1.13464,52.93662,2,2024
2023430202509,-1.34678,52.072892,3,2023
2024430062351,-1.2236,51.76145,3,2024
2024211492208,-2.10574,52.80599,3,2024
2023451295048,-0.260328,51.365319,2,2023
2023471320835,-0.723087,50.822182,2,2023
2024471493927,-0.54348,50.81241,3,2024
2024221567203,-2.29079,52.34413,2,2024
2023991391530,-3.748617,55.996045,3,2023
2023991350602,-3.119692,55.956,2,2023
2024991411103,-4.26506,55.87343,3,2024
202363A014623,-4.121848,51.680396,3,2023
2023170S12243,-1.307057,54.566492,2,2023
2024070824274,-2.76681,53.37899,2,2024
2023161323978,-0.325779,53.796155,3,2023
2022161236550,-0.638465,53.561008,2,2022
2024161450290,-0.67216,53.56346,3,2024
2023122300123,-1.113787,53.932791,3,2023
2023122300402,-1.111294,53.934741,3,2023
2022302201141,-1.458208,52.892783,2,2022
2023302300906,-1.464759,52.91481,3,2023
2024221457614,-2.48647,52.67214,3,2024
2022522200076,-2.643351,51.43785,3,2022
2022501239480,-4.159539,50.397675,3,2022
2023401306572,-0.410989,51.88149,3,2023
2023430142328,-1.021861,51.441527,3,2023
2023471392533,-0.134201,50.824206,3,2023
2024221518532,-2.73634,52.72637,3,2024
2023546010823,-1.865227,51.3278,3,2023
202354D309523,-2.118499,51.461037,3,2023
2024552401494,-1.98407,50.80067,3,2024
2023340NN0032,-0.838936,52.447154,2,2023
202234WNC4222,-0.885102,52.242558,3,2022
2022122201372,-1.498594,53.999276,2,2022
2024520500335,-2.65079,50.94526,3,2024
2023061263174,-2.361941,53.545357,2,2023
2022061258469,-2.289926,53.60067,2,2022
2022061139537,-2.103145,53.541097,1,2022
2022061162293,-2.008621,53.532935,3,2022
2022061256349,-2.133806,53.531045,2,2022
2023061350212,-2.591568,53.566742,3,2023
2024052402756,-2.84879,53.41324,3,2024
2022052202839,-2.915463,53.419209,2,2022
2024052402266,-2.99063,53.406,3,2024
2022052202050,-2.727143,53.442572,3,2022
2023201283353,-1.927988,52.478288,2,2023
2023201391091,-2.003047,52.458882,3,2023
2023201391666,-1.886422,52.541778,3,2023
2024201486281,-1.93272,52.4953,2,2024
2023201320715,-2.079249,52.498483,2,2023
2023201418329,-2.058776,52.609961,3,2023
2023131276797,-1.735819,53.792538,2,2023
2022131206700,-1.597187,53.793465,2,2022
2024131422970,-1.52469,53.80092,2,2024
2023101381610,-1.605472,54.966702,3,2023
2024010551153,-0.18684,51.64626,3,2024
2022010417520,-0.276072,51.53728,3,2022
2023010464805,0.042382,51.429831,3,2023
2024010505646,0.09669,51.37389,2,2024
2024010533347,-0.11066,51.38646,3,2024
2024010496668,-0.2742,51.50818,3,2024
2022010371464,0.018096,51.473524,3,2022
2023010439792,0.002215,51.484417,3,2023
2023010474331,0.044287,51.441893,3,2023
2024010553851,-0.07482,51.55364,3,2024
2023010471257,-0.20485,51.476152,2,2023
2024010490265,-0.23869,51.50501,3,2024
2023010423134,0.191309,51.572206,3,2023
2022010383335,-0.307661,51.493435,3,2022
2023010438108,-0.300354,51.484616,3,2023
2024010516409,-0.10329,51.54623,2,2024
2024010543107,-0.10566,51.52231,3,2024
2023010435712,-0.112248,51.481936,3,2023
2023010484171,-0.118723,51.489774,3,2023
2022010366777,-0.012596,51.428303,3,2022
2023010478252,-0.036014,51.442438,2,2023
2023010433022,-0.00149,51.540658,2,2023
2023010436778,0.050612,51.540945,2,2023
2024010494411,0.0397,51.52322,2,2024
2024010554831,0.05866,51.52051,3,2024
2022010353967,-0.064853,51.451587,3,2022
2023010444466,-0.100459,51.493571,3,2023
2023010465520,-0.018388,51.580889,3,2023
2024010507450,-0.18428,51.43131,3,2024
2022010381526,-0.126115,51.499218,3,2022
2024010507992,-0.12265,51.51421,3,2024
2024010542441,-0.15162,51.50315,3,2024
2022351202636,-0.261951,52.230155,2,2022
2023351270276,-0.082427,52.315033,3,2023
2023302301643,-1.556752,53.1376,2,2023
2022421130409,-0.008154,51.687106,2,2022
2022421168935,0.921651,51.795453,2,2022
2023461263849,1.099588,51.265135,3,2023
2023461328826,0.649902,51.164543,3,2023
2022041182653,-2.742602,53.763697,3,2022
2024041400070,-2.79982,54.0495,3,2024
2023320008840,-0.601078,53.218029,3,2023
2022451177238,-0.581733,51.426176,3,2022
2022451221198,-0.333376,51.299207,3,2022
2022451255888,-0.173243,51.177779,2,2022
2024451526388,-0.55325,51.32039,3,2024
2023231331464,-1.587548,52.281228,2,2023
2022471203964,-0.340103,50.823567,2,2022
2022221237503,-2.347642,52.113917,3,2022
2024221407505,-2.32407,52.15513,3,2024
2024991467384,-3.71094,56.00637,3,2024
2022991241410,-2.084586,57.206972,3,2022
2022991237070,-3.058187,56.483699,2,2022
2023991260896,-4.296391,55.86808,2,2023
2023991394354,-4.221887,55.882552,2,2023
2023991350164,-3.919675,55.766729,3,2023
202460Q023926,-3.41106,53.18366,3,2024
2024631529739,-4.15431,51.66709,3,2024
2023610008623,-3.100954,51.608598,2,2023
2022070220752,-2.734832,53.391711,3,2022
2022041238495,-3.026746,53.803881,3,2022
2022161161110,-0.353642,53.767398,2,2022
2024161404655,-0.37334,53.75086,3,2024
2024122500145,-1.1108,53.92558,2,2024
2023302300555,-1.544017,52.906897,3,2023
2024332400437,-1.11501,52.63485,3,2024
2023311319024,-1.166629,52.958347,3,2023
2023211346216,-2.139789,53.019874,2,2023
2022522204689,-2.591528,51.474413,3,2022
2024522403401,-2.47054,51.49221,3,2024
2023501342454,-3.53119,50.467778,3,2023
2023430511431,-0.967353,51.457712,3,2023
2022430165278,-0.588799,51.507765,3,2022
2022471157161,-0.136806,50.830462,2,2022
2022471229657,-0.20581,50.835915,3,2022
2022440049038,-1.081531,50.815922,2,2022
2022111204867,-1.737245,54.857604,3,2022
2022070577250,-2.356931,53.225728,3,2022
2022070811464,-2.207844,53.342207,2,2022
2022541121623,-1.853273,51.606127,3,2022
202454C665224,-2.25005,51.34779,3,2024
2024552400016,-2.49191,50.61218,2,2024
2024520401892,-2.31641,51.22838,3,2024
2022061236180,-2.262479,53.470582,3,2022
2024061410709,-2.22066,53.59291,2,2024
2022061215974,-2.277828,53.486385,3,2022
2024061461160,-2.27634,53.4611,3,2024
2022052200764,-2.794957,53.429987,2,2022
2022052201887,-2.875335,53.469838,3,2022
2023052300189,-2.97442,53.468612,3,2023
2023141374604,-1.480908,53.390042,3,2023
2023101349850,-1.520144,54.906258,3,2023
2024201498007,-1.85621,52.48306,3,2024
2022201274655,-1.488025,52.400194,3,2022
2023201265589,-1.982222,52.608149,2,2023
2023201338030,-2.133793,52.594428,3,2023
2023201342123,-2.151572,52.561702,3,2023
2022131154043,-1.76226,53.809005,3,2022
2024131495430,-1.90537,53.85653,3,2024
2022131222699,-1.861393,53.721446,3,2022
2023131318280,-1.831375,53.637297,2,2023
2022101243733,-1.752438,54.97382,3,2022
2022010371699,-0.174218,51.602337,3,2022
2023010458378,-0.21228,51.581072,2,2023
2023010474898,-0.183143,51.619687,2,2023
2024010498324,-0.27847,51.61021,3,2024
2022010386001,-0.286286,51.55903,3,2022
2022010383754,-0.329379,51.59794,2,2022
2022010410759,0.199262,51.574323,3,2022
2022010400340,-0.450383,51.541637,3,2022
2023010449233,-0.38137,51.491517,3,2023
2022010392531,-0.098851,51.538787,2,2022
2023010439873,-0.10888,51.551484,3,2023
2023010422353,-0.211656,51.520094,3,2023
2022010358836,-0.10466,51.453065,3,2022
2022010413750,-0.13849,51.455738,3,2022
2023010468859,-0.039671,51.439703,3,2023
2023010485501,-0.023987,51.4747,3,2023
2024010512206,-0.05947,51.43083,3,2024
2022010419311,0.024783,51.517204,3,2022
2022010362609,-0.343069,51.429052,2,2022
2022010416981,-0.08328,51.427762,3,2022
2024010528453,-0.06414,51.47389,3,2024
2022010397815,0.018395,51.557241,3,2022
2023010453204,-0.002988,51.559451,2,2023
2024010490602,-0.12996,51.50781,3,2024
2024010527100,-0.14138,51.49869,3,2024
2024302401463,-1.37445,53.09878,2,2024
2023501298127,-3.286274,50.923189,2,2023
2024411482695,-0.03642,51.7093,3,2024
2022461219603,0.574082,51.275818,3,2022
2024461499991,0.47323,51.29357,3,2024
2022041171525,-2.684986,53.770108,3,2022
2022041220293,-2.858005,54.060181,2,2022
2024320442144,-0.13799,52.79604,3,2024
2022311224908,-0.804963,53.081666,3,2022
2023430302681,-1.237971,51.751332,3,2023
2023430549446,-0.989575,51.575689,3,2023
2023211336241,-1.794434,52.692332,2,2023
2023451289397,-0.163319,51.196716,2,2023
2023451338239,-0.347215,51.384715,3,2023
2024451408458,-0.5344,51.4093,3,2024
2024451436516,-0.75577,51.33732,2,2024
2022991251465,-4.175516,55.758708,1,2022
2022991250585,-3.936261,56.120094,2,2022
2023991337278,-3.207319,55.949871,3,2023
2024991457765,-3.65025,55.90702,3,2024
2023991290256,-3.036129,56.469114,2,2023
2023991351717,-3.02203,56.479626,3,2023
2022991133698,-3.173776,56.19526,2,2022
2024991503011,-4.30276,55.89931,2,2024
202260B088996,-3.411159,53.316098,2,2022
2023631346464,-4.661344,52.08131,3,2023
2022622200389,-3.202607,51.525532,3,2022
2022170M10322,-1.254778,54.566694,2,2022
2023170M11573,-1.242739,54.558657,3,2023
2023071135095,-2.733636,53.363305,2,2023
2024161443818,-0.26826,53.77267,3,2024
2022161198332,-0.160195,53.541006,3,2022
2022311210865,-1.131171,52.956772,3,2022
2023311332930,-1.129987,52.957159,3,2023
2023311347336,-1.143673,52.956134,3,2023
2024311412570,-1.19907,52.95477,3,2024
2024211513606,-2.1312,53.02414,1,2024
2023522301289,-2.589219,51.435995,3,2023
2023522301628,-2.559653,51.413481,2,2023
2024522403211,-2.9228,51.36004,3,2024
2022401213578,-0.474846,51.888306,2,2022
2024430211363,-1.00714,51.44237,3,2024
2023430365625,-0.608649,51.51837,3,2023
2022430403775,-0.879548,51.454398,3,2022
2022430527715,-0.736334,51.993824,3,2022
2022471184273,-0.136579,50.821195,2,2022
2024111460435,-1.64546,54.62506,3,2024
2022221199124,-3.048354,52.863454,2,2022
2023221370447,-2.739363,52.72288,3,2023
202254B676722,-1.73819,50.992552,3,2022
202354D059923,-1.972718,51.363877,3,2023
2022401163132,-0.513263,51.888824,3,2022
2022430074441,-0.61237,51.665181,3,2022
2023340NN3812,-0.52324,52.394031,2,2023
2024340WN3032,-0.91492,52.25351,3,2024
2022520205224,-2.999046,51.124285,3,2022
2022061172676,-2.178575,53.622514,3,2022
2022052203271,-2.936446,53.465375,3,2022
2023052301915,-2.962194,53.456945,2,2023
2024052402244,-2.93922,53.41846,3,2024
2024052402848,-2.93092,53.44691,2,2024
2022052202952,-3.056417,53.419483,3,2022
2023052303042,-3.076526,53.38279,3,2023
2023141268541,-1.222187,53.482543,2,2023
2024141435751,-1.48079,53.38217,2,2024
2022201236790,-1.858846,52.528884,2,2022
2022201238303,-1.856333,52.517572,3,2022
2024201500800,-1.49829,52.41867,2,2024
2023201313236,-2.065351,52.503257,3,2023
2023201381755,-2.055965,52.525143,3,2023
2024201492453,-1.82199,52.40194,3,2024
2023201340591,-2.115093,52.596084,3,2023
2022131133621,-1.807492,53.773853,3,2022
2023131269771,-1.743655,53.796896,3,2023
2023131271082,-1.751946,53.799214,3,2023
2024131499980,-1.53937,53.80129,3,2024
2024131527029,-1.56184,53.79736,3,2024
2022131165882,-1.579577,53.678069,3,2022
2024101404769,-1.59666,54.95299,3,2024
2023481374329,-0.086587,51.510755,2,2023
2024010518272,-0.17672,51.63576,2,2024
2022010389534,0.147699,51.456734,3,2022
2024010525871,0.07698,51.41103,3,2024
2022010355876,-0.127823,51.5324,3,2022
2022010416619,-0.379031,51.505477,3,2022
2022010371184,-0.055287,51.558414,2,2022
2024010526100,-0.04614,51.5619,3,2024
2022010384405,-0.210546,51.468964,2,2022
2023010480767,-0.223916,51.496189,3,2023
2024010520679,-0.20245,51.48554,3,2024
2022010384309,-0.074233,51.589049,3,2022
2022010398178,-0.123706,51.580966,2,2022
2023010421056,-0.417584,51.580045,3,2023
2023010443534,-0.156706,51.492338,3,2023
2024010489014,-0.0108,51.43848,3,2024
2024010517885,-0.01099,51.45569,2,2024
2024010491325,0.02277,51.60825,2,2024
2024010533093,-0.38012,51.42675,3,2024
2023010429330,-0.061686,51.48728,3,2023
2024010518508,-0.1,51.47684,3,2024
2024010519656,-0.08528,51.48766,3,2024
2022010389615,-0.045741,51.521952,3,2022
2022010399031,-0.005972,51.578979,3,2022
2022010362990,-0.180153,51.45953,3,2022
2024010524059,-0.14939,51.44673,2,2024
2022302200409,-1.407042,53.274633,3,2022
2023501264641,-3.48853,50.703619,2,2023
2022421250559,0.260899,51.694861,3,2022
2023421312458,1.150216,51.790833,3,2023
2024421417107,0.45587,51.56743,2,2024
2022531223030,-1.703539,51.875444,3,2022
2023531397019,-2.442326,51.822396,2,2023
2023411295790,-0.277617,51.663923,3,2023
2024411491822,-0.40973,51.68022,3,2024
2024461531442,1.42865,51.3544,2,2024
2023041273955,-2.393055,53.86823,3,2023
2023332300478,-0.785884,52.895151,2,2023
2023320110971,-0.667939,53.148397,3,2023
2024361432062,0.49631,52.91027,3,2024
2022311206272,-1.267085,52.92208,3,2022
2023451365634,-0.553183,51.320383,2,2023
2024451467091,-0.28479,51.27316,2,2024
2024471403125,-0.14556,51.10986,2,2024
2024221529574,-2.24244,52.38539,3,2024
2023991284980,-5.047854,56.663385,2,2023
2024991526356,-3.78473,55.67483,3,2024
2024991423906,-4.9293,55.95549,2,2024
2022991218941,-4.445885,55.836977,3,2022
2022991226484,-4.267076,55.863663,3,2022
2023991320574,-4.34313,55.877651,3,2023
2022622300179,-3.571143,51.574021,3,2022
2023622300089,-3.170409,51.464443,3,2023
2024622400622,-3.40976,51.61206,3,2024
2023041337667,-3.050976,53.80066,2,2023
2022161256571,-0.390844,53.788443,3,2022
2023161352246,-0.383236,53.742712,3,2023
2024161512988,-0.13151,53.51177,3,2024
2022311233221,-1.200757,52.989361,3,2022
2023311271902,-1.16057,52.935255,2,2023
2024311532205,-1.1804,52.98652,3,2024
2024221457829,-2.72817,52.04351,3,2024
2024520003090,-2.35168,51.39209,3,2024
20225222BR534,-2.592057,51.40629,2,2022
2023522300641,-2.590092,51.44571,3,2023
2023522301291,-2.671806,51.495489,2,2023
2024401407571,-0.47394,51.89002,3,2024
2023471331621,-0.102715,50.842261,2,2023
2023440384827,-1.098525,50.796585,3,2023
2024111479965,-1.74994,54.85835,2,2024
2024070801426,-2.16436,53.28741,3,2024
2022070708623,-2.761485,53.134828,3,2022
2024070977940,-2.69837,53.18712,3,2024
2022101198350,-1.711772,55.074348,3,2022
2024101444406,-1.58299,55.08664,3,2024
2024430253607,-0.98576,52.00116,3,2024
2022061259390,-2.251588,53.442768,3,2022
2024061466035,-2.23569,53.44362,2,2024
2022061137066,-2.288678,53.457434,3,2022
2024052402316,-2.92045,53.4153,2,2024
2023052302975,-3.019422,53.490143,3,2023
2022052202866,-3.179318,53.379005,3,2022
2024052402037,-2.98726,53.34875,3,2024
2023141381496,-1.127266,53.529447,2,2023
2022141195423,-1.344619,53.503474,3,2022
2022101136548,-1.76232,54.996062,3,2022
2023101266589,-1.381787,54.904474,3,2023
2024101437385,-1.42961,54.90651,2,2024
2022201223887,-1.854162,52.44315,3,2022
2022201253395,-1.901662,52.504718,3,2022
2022201183493,-1.825488,52.432144,2,2022
2023201396614,-2.171072,52.497047,3,2023
2022201275500,-2.040354,52.5384,3,2022
2023131344058,-1.823692,53.800393,2,2023
2024131480544,-1.76539,53.8069,2,2024
2022131257074,-1.574745,53.807508,3,2022
2022131257570,-1.386682,53.927645,2,2022
2023131348919,-1.567145,53.800937,3,2023
2023131393171,-1.618438,53.812005,3,2023
2024010545805,-0.1728,51.5989,3,2024
2022010363399,-0.285518,51.565268,2,2022
2023010445620,-0.285983,51.55711,3,2023
2023010441763,-0.074536,51.650463,3,2023
2023010471421,-0.063147,51.661274,3,2023
2023010470670,0.050214,51.451492,2,2023
2022010390812,-0.20286,51.485401,2,2022
2023010423553,0.18445,51.571524,2,2023
2024010503782,-0.4585,51.52593,3,2024
2023010470667,-0.409355,51.456417,3,2023
2024010521260,-0.39569,51.4758,3,2024
2022010393283,-0.104678,51.523468,3,2022
2023010477000,-0.084281,51.523811,3,2023
2023010479360,-0.134402,51.565454,3,2023
2024010526275,-0.08989,51.53621,3,2024
2022010357127,-0.138748,51.461425,3,2022
2022010381134,-0.105332,51.479235,3,2022
2024010528360,0.0102,51.5372,3,2024
2023010431459,-0.254614,51.471346,3,2023
2022010373180,-0.086218,51.494797,3,2022
2023010480770,-0.080208,51.477028,2,2023
2024010504276,-0.09864,51.50089,3,2024
2022010406542,-0.149231,51.357726,3,2022
2023010473638,-0.027911,51.535592,2,2023
2022010356878,-0.175542,51.427508,3,2022
2023010452491,-0.160478,51.473764,3,2023
2022010393500,-0.150915,51.505142,3,2022
2023351324486,0.129027,52.198626,3,2023
2022031198194,-3.593806,54.529033,2,2022
2023501300484,-3.496886,50.722757,3,2023
2024501523702,-4.2167,51.01697,3,2024
2023471314312,0.579315,50.855851,3,2023
2023471354733,0.047043,50.793592,2,2023
2024471526660,0.5832,50.86282,2,2024
2023411352497,-0.172248,51.93042,3,2023
2022461144577,1.081827,51.282308,2,2022
2023461314008,0.61988,51.258927,3,2023
2023461374215,0.186486,51.275633,2,2023
2024461411084,0.85779,51.11774,3,2024
2024461531761,0.87462,51.14981,3,2024
2022041212845,-2.661376,53.781565,3,2022
2024311407778,-1.13072,53.00137,3,2024
2024311439201,-0.80655,53.05239,3,2024
2024430596350,-1.14259,51.89834,2,2024
2024211512396,-1.62562,52.80769,2,2024
2022371224471,0.741191,52.240214,3,2022
2023371347239,0.504692,52.339217,3,2023
2022451134863,-0.236554,51.296458,2,2022
2023451291518,-0.239884,51.148873,3,2023
2022231147293,-1.503366,52.218206,3,2022
2023471361178,-0.337067,51.058882,3,2023
2024471459620,-0.60987,50.81726,2,2024
2022991128549,-2.123206,57.177961,3,2022
2023991282009,-4.312833,55.863413,3,2023
2023991311827,-3.990366,55.816929,2,2023
202460Q182327,-4.12428,53.2318,3,2024
202260B094059,-3.494077,53.316769,3,2022
202460Q111284,-3.08781,53.16834,3,2024
2022622200392,-3.585642,51.543639,3,2022
2023622300536,-3.155925,51.480871,3,2023
2022170L20442,-1.146412,54.576691,2,2022
2022041239475,-3.029889,53.796448,2,2022
2022332200896,-1.103629,52.642303,2,2022
2022311159893,-1.201452,52.988827,3,2022
2023311315114,-1.169222,52.956621,2,2023
2024211519506,-2.12352,52.99812,3,2024
2024522402973,-2.58456,51.44646,3,2024
2023522400423,-2.576556,51.53162,3,2023
2023501390814,-4.164664,50.382298,3,2023
2022501275772,-3.567669,50.439142,3,2022
2022430216618,-0.966053,51.455399,3,2022
2024430197186,-0.96598,51.43111,3,2024
2022471214759,-0.143567,50.836506,3,2022
2024471420820,-0.15445,50.82227,3,2024
2023440513406,-1.082833,50.789295,3,2023
2024440167274,-1.44183,50.9359,3,2024
2022070842559,-2.889594,53.272606,2,2022
2024221434326,-3.05073,52.6176,2,2024
2022552201543,-1.926832,50.751753,3,2022
2023552300826,-2.464915,50.633286,3,2023
2024340WN6262,-0.87937,52.23806,3,2024
2022520300149,-2.828921,50.931946,3,2022
2022052201916,-3.005063,53.467433,3,2022
2022052200395,-3.002972,53.349902,3,2022
2022141242155,-0.952257,53.623331,2,2022
2023141320920,-1.429133,53.361096,3,2023
2022101169925,-1.451619,55.004666,2,2022
2024101486236,-1.43546,54.98967,3,2024
2023101376958,-1.451101,54.925691,2,2023
2024101531129,-1.37701,54.91592,3,2024
2022201259530,-1.87012,52.469608,3,2022
2023201338793,-1.886616,52.454891,3,2023
2024201493191,-1.92065,52.47145,3,2024
2024201519605,-1.91744,52.43638,3,2024
2024201520207,-1.82075,52.45734,3,2024
2023201391023,-1.457072,52.419331,3,2023
2022201265857,-1.992681,52.488873,3,2022
2024201536395,-1.75706,52.40959,2,2024
2022131196799,-1.718512,53.797316,2,2022
2022131176978,-1.887682,53.722454,2,2022
2023131364866,-1.88168,53.722735,3,2023
2023131391186,-1.580927,53.805875,2,2023
2023481387831,-0.104868,51.517158,3,2023
2023010462727,-0.182832,51.608667,2,2023
2023010439032,0.150843,51.442459,3,2023
2023010485420,-0.129519,51.514254,3,2023
2024010508345,-0.13244,51.52882,3,2024
2022010399945,-0.087311,51.380482,3,2022
2023010423184,-0.113012,51.335926,3,2023
2022010381300,-0.064319,51.569948,3,2022
2024010535224,-0.22466,51.50883,3,2024
2024010513034,-0.09822,51.57715,3,2024
2024010529615,-0.07902,51.58922,3,2024
2022010394841,-0.292693,51.59672,2,2022
2023010446041,-0.364126,51.608959,3,2023
2023010469095,-0.419866,51.507985,3,2023
2023010460364,-0.107806,51.531836,2,2023
2022010383728,0.052903,51.535141,2,2022
2022010414403,0.061225,51.553043,2,2022
2022010361551,-0.086343,51.505895,3,2022
2023010442648,-0.101182,51.495921,2,2023
2023010470074,-0.100462,51.49349,3,2023
2022010353251,-0.063347,51.526588,3,2022
2023010434328,-0.017204,51.500277,3,2023
2023010451640,-0.026031,51.499051,3,2023
2024010506532,-0.14984,51.4277,2,2024
2022351209953,0.197051,52.255116,3,2022
2022302200130,-1.436863,53.233932,3,2022
2023501280006,-3.544587,50.714985,2,2023
2024421419294,0.02865,51.68028,3,2024
2022531226874,-2.312764,51.755595,3,2022
2024440476443,-1.49124,50.91798,3,2024
2022411270384,-0.381479,51.670436,3,2022
2022411289959,-0.396948,51.677949,2,2022
2023461377251,1.119958,51.32663,2,2023
2024461453101,0.54306,51.08691,3,2024
2024461491181,1.18193,51.09491,2,2024
2024332400571,-1.12554,52.68096,1,2024
2024332400983,-0.91148,52.47902,2,2024
2023320072768,-0.642665,52.914818,3,2023
2023361287999,1.466857,52.736699,3,2023
2022311169107,-1.131883,53.325506,3,2022
2022311199650,-1.134406,52.936389,2,2022
2024430365949,-1.2192,51.78371,3,2024
2023211324120,-2.196585,52.628897,3,2023
2024451472582,-0.05349,51.30905,3,2024
2022471135786,-0.505019,50.810481,3,2022
2022471194388,-0.126096,50.950649,3,2022
2023471304902,-0.20136,51.084976,3,2023
2022991148977,-2.56845,56.566192,2,2022
2024991410005,-4.35588,55.90052,3,2024
2023991282880,-4.01647,55.814275,3,2023
2022622200587,-3.168504,51.463689,3,2022
2023631311146,-3.178411,52.573238,2,2023
2022170H10972,-1.22929,54.658454,3,2022
2022070596379,-2.604301,53.411275,3,2022
2022161227229,-0.091361,53.537653,2,2022
2022161188632,-0.634738,53.574045,2,2022
2023302301845,-1.463997,52.916335,3,2023
2022522202582,-2.580751,51.457967,3,2022
2023522300752,-2.909395,51.360385,3,2023
2023421285743,0.283547,51.507819,2,2023
2024430576897,-1.07635,51.43452,2,2024
2024430445900,-0.86316,51.37638,3,2024
2024440417434,-1.37573,50.89837,1,2024
2022221142136,-2.495174,52.900913,2,2022
2023401310090,-0.455256,52.134192,3,2023
2024552401352,-2.56063,50.88864,2,2024
2023340NN1302,-0.581618,52.286577,2,2023
2023340WN6512,-0.946046,52.236258,2,2023
2024340WN3072,-0.86134,52.2372,3,2024
2023122301216,-2.014885,53.960594,3,2023
2023520300782,-2.984368,51.236992,2,2023
2023351321475,0.158152,52.200524,3,2023
2022421208492,0.099686,51.671739,3,2022
2023411405587,-0.251877,51.971004,3,2023
2024461528777,0.8876,51.13215,3,2024
2022461232258,1.272747,51.300509,3,2022
2024461408700,1.14943,51.087,3,2024
2022461175305,1.37329,51.386696,3,2022
2024461490263,1.38088,51.38558,3,2024
2023311294870,-1.109728,52.967985,3,2023
2023311322089,-1.130423,52.997039,3,2023
2024430060924,-1.22761,51.74991,2,2024
2024211523368,-2.10814,52.80094,3,2024
2022371138113,0.863777,51.971406,2,2022
2023451263261,-0.53532,51.435523,3,2023
2024231491037,-1.34365,52.34364,2,2024
2023471309789,-0.378097,50.817833,3,2023
2023221360124,-2.120157,52.39118,3,2023
2023371268779,0.716882,52.246334,2,2023
2022061196355,-2.437103,53.563622,3,2022
2022052202714,-3.03117,53.487965,3,2022
2024141512870,-1.58332,53.51782,2,2024
2022141246804,-1.484518,53.356314,3,2022
2024141535839,-1.50572,53.36675,3,2024
2022101181012,-1.658117,54.969548,3,2022
2023201378801,-1.803464,52.499642,3,2023
2024201491479,-1.8684,52.53917,3,2024
2024201536971,-1.90987,52.40465,3,2024
2022201234877,-1.506153,52.420697,3,2022
2024131429338,-1.66125,53.72923,2,2024
2024131449846,-1.56053,53.76977,2,2024
2022101163035,-1.734411,54.964158,3,2022
2023010480977,-0.196807,51.575979,3,2023
2023010484821,-0.190364,51.647675,3,2023
2023010425947,0.104973,51.462932,3,2023
2022010402468,-0.184696,51.538717,3,2022
2024010506952,-0.13021,51.52137,3,2024
2022010356604,-0.081555,51.379308,2,2022
2022010357548,-0.0935,51.404791,3,2022
2022010381505,-0.124537,51.376812,2,2022
2022010411580,-0.103805,51.379167,3,2022
2024010533542,-0.08307,51.41964,3,2024
2024010547689,-0.30565,51.51113,3,2024
2024010500261,-0.10179,51.61441,3,2024
2024010535408,0.06347,51.43457,3,2024
2024010508071,-0.07296,51.56696,3,2024
2022010385611,-0.239565,51.493467,3,2022
2022010404617,-0.117251,51.583156,3,2022
2024010534043,-0.31186,51.48244,2,2024
2023010462875,-0.206339,51.51236,3,2023
2023010439917,-0.256023,51.401495,3,2023
2023010448776,-0.128311,51.430109,3,2023
2022010414626,-0.045977,51.442308,3,2022
2023010469553,-0.20279,51.414234,3,2023
2022010362056,-0.010357,51.531762,2,2022
2022010410287,-0.266742,51.464772,3,2022
2022010412229,-0.315115,51.460046,3,2022
2023010454589,-0.220963,51.377668,3,2023
2023010444731,-0.151373,51.514132,3,2023
2024010546023,-0.159,51.5168,3,2024
2024991452210,-3.59152,55.07596,3,2024
2024991460191,-4.67469,55.61439,3,2024
2022991169470,-3.17152,56.443885,3,2022
2023991305973,-4.262336,55.895377,1,2023
2022991242190,-3.991296,55.86574,2,2022
202260B132153,-4.099656,53.310062,2,2022
202260B146916,-4.418481,52.888086,3,2022
202360A158750,-3.32165,53.115345,3,2023
2024622400216,-3.36627,51.72978,2,2024
2024111538036,-1.54682,54.52386,2,2024
2024302400405,-1.47602,52.91695,3,2024
2024302401443,-1.40707,52.91525,3,2024
2023522400708,-2.681236,51.485471,2,2023
2023501390578,-4.096205,50.367381,3,2023
2022430027945,-0.892762,51.445423,3,2022
2022111232196,-1.587739,54.767018,3,2022
2022070905827,-2.123197,53.259772,3,2022
2022070336820,-2.871019,53.192398,3,2022
2022501148158,-5.077619,50.150308,3,2022
2024501437667,-5.4747,50.20664,1,2024
2023122300581,-2.173214,53.955275,2,2023
2023520400235,-3.131222,51.011825,3,2023
2024351539320,0.12721,52.20775,3,2024
2022302200703,-1.32768,52.967313,3,2022
2024501455778,-3.50654,50.80413,3,2024
2023471320035,0.304143,50.783615,3,2023
2023471361580,0.596975,50.867062,2,2023
2023421356386,0.406905,51.632596,3,2023
2022421143484,0.047018,51.625017,2,2022
2023421350242,1.142365,51.837255,3,2023
2022440461902,-0.828531,51.264481,2,2022
2022440119520,-1.032171,50.89367,2,2022
2023440380021,-0.942762,50.782472,3,2023
2024440249991,-0.73662,51.27521,3,2024
2022461157243,0.193763,51.28843,2,2022
2023461321409,1.406993,51.326793,3,2023
2022461251655,0.270991,51.189163,2,2022
2022041193911,-2.631748,53.649868,2,2022
2023041344049,-2.564728,53.626087,2,2023
2022332200993,-1.208726,52.575689,3,2022
2022320585922,-0.410344,52.999608,3,2022
2024361475660,1.72848,52.60697,3,2024
2024361463646,0.41023,52.76628,3,2024
2023311321496,-1.228185,52.918966,3,2023
2022430246849,-0.979945,51.748504,3,2022
2024371516295,1.18251,52.06862,3,2024
2022451171228,-0.342053,51.360119,2,2022
2023451280204,-0.23352,51.324694,2,2023
2023451370016,-0.170859,51.239424,3,2023
2022411234270,-0.181356,51.800726,3,2022
2023061372728,-2.434802,53.574785,2,2023
2022061221729,-2.247488,53.480681,3,2022
2024061412838,-2.22109,53.45422,3,2024
2023061298259,-2.20966,53.586043,3,2023
2022052201996,-3.057771,53.553927,3,2022
2024141527413,-1.46982,53.55264,3,2024
2022141130107,-1.359843,53.432529,2,2022
2023101386699,-1.548112,54.988114,3,2023
2022101129709,-1.413057,54.971938,3,2022
2022201220034,-1.899042,52.451962,2,2022
2022201271803,-1.771073,52.476605,3,2022
2022201248431,-1.91093,52.48234,3,2022
2022201278753,-1.935045,52.495049,3,2022
2024201453514,-1.89168,52.45444,3,2024
2022201224763,-2.010197,52.513855,3,2022
2024201399784,-1.83021,52.42327,3,2024
2022131191445,-1.751347,53.728396,3,2022
2022131189868,-1.544326,53.800808,2,2022
2023131357954,-1.533607,53.826805,3,2023
2023131367482,-1.503047,53.803071,3,2023
2022131210849,-1.522535,53.631071,3,2022
2022010385401,-0.234018,51.582902,3,2022
2022010409012,0.10309,51.465817,2,2022
2024010528371,-0.30125,51.54042,3,2024
2023010478659,-0.04235,51.354784,2,2023
2023010484453,-0.376856,51.509502,3,2023
2022010392299,-0.010271,51.481473,3,2022
2022010401909,-0.080221,51.530867,3,2022
2024010538010,-0.10376,51.56436,3,2024
2023010449574,-0.11001,51.569101,3,2023
2024010544964,-0.27943,51.60031,3,2024
2024010538608,0.22671,51.50346,3,2024
2024010547400,-0.292,51.4916,2,2024
2022010389903,-0.128752,51.432697,2,2022
2023010447104,-0.123184,51.477256,3,2023
2022010376547,0.002618,51.541262,3,2022
2024010528659,0.02833,51.51782,3,2024
2024010548904,0.0239,51.5947,3,2024
2023010422167,-0.358073,51.449532,3,2023
2022010353559,-0.077395,51.474392,3,2022
2022010389361,-0.027096,51.531451,3,2022
2023010465508,0.010661,51.567662,3,2023
2023010469564,-0.22683,51.468609,3,2023
2024010518509,-0.18052,51.46515,2,2024
2024991407746,-5.08453,56.83371,3,2024
2024991406609,-2.09472,57.17122,2,2024
2024991462329,-3.22185,55.97743,3,2024
2022991257846,-4.109935,55.85375,3,2022
2022610039622,-3.276738,51.743491,3,2022
2023610016523,-2.99393,51.605893,2,2023
2023041349779,-3.036025,53.852572,3,2023
2024161423385,-0.83165,53.69263,2,2024
2024161466563,-0.63901,53.58126,3,2024
2023332300188,-1.121931,52.643474,3,2023
2024332400999,-1.18977,52.63552,2,2024
2022520000180,-2.606696,51.456451,3,2022
2022522204591,-2.609034,51.458013,3,2022
2024522403191,-2.61893,51.4691,3,2024
2024351481858,-0.22566,52.57989,3,2024
2022430192055,-0.542459,51.50228,3,2022
2024440463959,-1.40124,50.89943,2,2024
2024440411604,-1.16136,50.66112,3,2024
2024552401375,-1.90968,50.72348,3,2024
2023430524515,-0.527855,51.524902,1,2023
2023031261711,-2.948646,54.927315,3,2023
2023031291076,-2.923609,54.869777,3,2023
2022351181039,0.167391,52.669469,3,2022
2022031255747,-2.723802,54.3283,2,2022
2024302401336,-1.28375,52.9107,3,2024
2023421384121,0.51842,51.61477,2,2023
2023421393444,0.415939,51.622032,3,2023
2022421199592,0.57181,51.8774,3,2022
2023461273947,0.895046,51.143753,2,2023
2022332200171,-1.271916,52.689502,2,2022
2022332200999,-1.11122,52.595855,3,2022
2023320272376,-0.581005,53.215427,2,2023
2024361445520,1.73074,52.60087,3,2024
2024311533992,-1.00507,53.425,2,2024
2022430266607,-1.280702,51.752482,3,2022
2023430253791,-1.23087,51.745486,3,2023
2024430585255,-1.21955,51.75755,3,2024
2023451340837,-0.157892,51.174517,2,2023
2022451223004,-0.015339,51.14535,3,2022
2024231498230,-1.45311,52.18864,2,2024
2022471203977,-0.49684,50.81856,2,2022
2024471528630,-0.7811,50.83196,3,2024
2024471410732,-0.19366,51.11483,3,2024
2022471147880,-0.425466,50.823869,2,2022
2024061508311,-2.181,53.50115,3,2024
2024061422763,-2.21669,53.55483,2,2024
2022052201910,-2.873146,53.485036,3,2022
2022052202390,-2.914322,53.400404,2,2022
2024052402336,-2.96777,53.3829,2,2024
2022052201452,-3.001367,53.650636,3,2022
2023052302285,-3.09993,53.394253,3,2023
2024141420003,-1.19771,53.42213,3,2024
2024141433251,-1.34464,53.45036,3,2024
2024101430040,-1.41747,54.97029,3,2024
2024101513319,-1.51739,54.89544,2,2024
2022201250180,-1.877368,52.52094,2,2022
2024201511269,-1.91268,52.4763,3,2024
2023201371344,-2.083868,52.541281,3,2023
2022131226446,-1.723906,53.805912,3,2022
2024131475609,-1.78578,53.78594,2,2024
2023131306800,-1.655142,53.703081,3,2023
2024131411193,-1.5442,53.79588,3,2024
2022131198190,-1.342317,53.711364,2,2022
2022131250580,-1.50299,53.671592,3,2022
2023481407567,-0.108331,51.517763,2,2023
2023010439259,-0.20391,51.533437,3,2023
2024010533208,-0.20263,51.54591,3,2024
2022010370376,-0.133656,51.521981,3,2022
2024010519467,-0.11109,51.38784,3,2024
2023010471179,-0.358443,51.541483,3,2023
2024010528347,-0.04152,51.66831,3,2024
2022010364999,0.003093,51.484744,3,2022
2023010424092,-0.075827,51.545506,2,2023
2024010538040,-0.22897,51.49254,2,2024
2024010549087,-0.19278,51.47597,3,2024
2024010527080,-0.07404,51.58408,3,2024
2023010432577,-0.419435,51.52627,3,2023
2024010540568,-0.40786,51.49806,2,2024
2024010514501,-0.12311,51.56816,3,2024
2024010544204,-0.29083,51.38399,2,2024
2022010363531,-0.110325,51.506149,3,2022
2023010476346,-0.150607,51.466847,3,2023
2022010407989,-0.04093,51.489283,3,2022
2022010375207,-0.001906,51.540359,3,2022
2024010530894,-0.18316,51.36973,3,2024
2024010517736,-0.02551,51.59003,3,2024
2023010483180,-0.125101,51.493725,2,2023
2023991331575,-3.785019,56.00132,3,2023
202460Q140028,-3.33119,53.03148,3,2024
202460Q046721,-2.96053,52.9773,3,2024
202263A002422,-4.055665,51.805678,3,2022
2024041408222,-3.04089,53.85197,3,2024
2023161260899,-0.41273,53.739493,2,2023
2024161446167,-0.35197,53.76437,3,2024
2022161162146,-0.198499,53.73943,3,2022
2023161371959,-0.424126,53.842109,3,2023
2022221179617,-2.501571,52.691286,3,2022
2023211401917,-2.183887,53.01007,3,2023
2024211472645,-2.14443,52.978,3,2024
2022522202253,-2.569642,51.465134,3,2022
2024522402103,-2.59704,51.45348,2,2024
2024522500010,-2.59265,51.50078,3,2024
2022440437331,-1.085607,50.783787,3,2022
2024440065265,-1.45044,50.93355,2,2024
2023440346194,-1.159791,50.732609,3,2023
202254C992022,-2.226834,51.325769,3,2022
2023340WN3402,-0.887828,52.237774,3,2023
2023340WN5312,-0.901612,52.242363,3,2023
2024031423334,-2.73585,54.30808,3,2024
2024302401388,-1.28513,52.8857,2,2024
2024501413265,-3.52298,50.72519,3,2024
2024501480096,-3.50186,50.73154,3,2024
2023501300840,-4.212442,51.029732,2,2023
2024471492139,0.11066,50.77482,3,2024
2023421388577,0.687076,51.74424,3,2023
2022421135974,1.062209,51.94433,2,2022
2023531369081,-2.260448,51.858454,2,2023
2022440075860,-1.505256,51.207961,3,2022
2023440126567,-1.449393,50.982287,2,2023
2023461395987,0.524499,51.272185,2,2023
2024461451338,0.72453,51.34196,3,2024
2024461447884,0.51644,51.04901,2,2024
2023041360317,-2.365824,53.755463,3,2023
2022041244955,-2.873911,54.070465,3,2022
2023041372296,-2.853937,54.077143,3,2023
2023041331655,-2.657578,53.781281,3,2023
2024041494600,-2.3228,53.70274,2,2024
2024041482815,-3.01824,53.92004,2,2024
2022320695165,-0.003966,53.002363,2,2022
2022361152570,1.286517,52.642774,2,2022
2022122200646,-1.434526,54.340644,3,2022
2022371216158,1.145223,52.060698,3,2022
2022451151204,-0.579219,51.317456,3,2022
2023471389923,-0.189957,51.115196,3,2023
2024371518094,1.73102,52.46595,2,2024
2022061152153,-2.20377,53.44196,3,2022
2023061386553,-2.248747,53.4796,3,2023
2024061497488,-2.25842,53.47179,3,2024
2022061171298,-2.07908,53.453964,2,2022
2024061522625,-2.63389,53.54841,3,2024
2022052201219,-2.956739,53.370992,3,2022
2023052302199,-3.024823,53.475364,2,2023
2022052203205,-3.073161,53.405608,2,2022
2024101483669,-1.62834,54.9951,2,2024
2024101490402,-1.61443,54.97123,2,2024
2024101471766,-1.45081,54.8172,3,2024
2024201443135,-1.84694,52.51928,3,2024
2024201527501,-1.85172,52.45296,3,2024
2022201175676,-2.083438,52.509134,3,2022
2023201378884,-1.960063,52.485702,3,2023
2023201411117,-2.147294,52.583768,3,2023
2023131348677,-1.773053,53.776067,3,2023
2024131496661,-1.75115,53.80861,3,2024
2023481361893,-0.096498,51.512922,3,2023
2022010391840,-0.223552,51.589974,3,2022
2022010396695,-0.154192,51.613318,3,2022
2023010430742,-0.246937,51.596387,3,2023
2024010488308,-0.20096,51.53263,2,2024
2022010406568,-0.117406,51.399296,3,2022
2023010442418,-0.115271,51.37151,3,2023
2023010454639,-0.101408,51.37911,2,2023
2024010551664,-0.09886,51.38203,3,2024
2023010426008,-0.307014,51.512858,3,2023
2024010547762,-0.35044,51.52739,3,2024
2023010433086,-0.076972,51.535094,3,2023
2023010489129,-0.076765,51.549937,3,2023
2024010550888,-0.08785,51.55897,3,2024
2022010362072,-0.232769,51.506404,3,2022
2024010527062,-0.13356,51.58643,3,2024
2024010491476,0.20446,51.52038,2,2024
2023010444675,-0.410304,51.518584,3,2023
2024010487873,-0.4696,51.5113,3,2024
2023010468355,-0.187295,51.494721,3,2023
2022010363652,-0.293794,51.410675,3,2022
2022010378906,-0.301633,51.418387,3,2022
2024010495412,-0.29017,51.41197,2,2024
2022010410695,-0.123466,51.449329,3,2022
2023010443522,-0.109193,51.470844,3,2023
2024010502570,-0.03703,51.4292,3,2024
2024010504126,-0.02323,51.4676,3,2024
2022010389725,0.040519,51.509062,3,2022
2023010422907,-0.07055,51.47758,3,2023
2022010383238,-0.047394,51.514651,3,2022
2022010405117,-0.026192,51.527002,3,2022
2023010430116,-0.014742,51.503221,3,2023
2022010392833,-0.029849,51.57619,3,2022
2023010430099,-0.029895,51.575454,3,2023
2023010440996,-0.011016,51.609891,3,2023
2022010370830,-0.215525,51.46386,3,2022
2023010453625,-0.192116,51.45843,3,2023
2023010481749,-0.162533,51.460982,3,2023
2022010363843,-0.124066,51.501037,3,2022
2022010377971,-0.150718,51.516056,3,2022
2023010461914,-0.17191,51.511972,3,2023
2024010516087,-0.11893,51.51217,2,2024
2024010541995,-0.15033,51.4933,3,2024
2022991243244,-3.828355,56.152373,2,2022
2023991320743,-3.63817,55.087995,3,2023
2023991302692,-3.28326,57.644571,2,2023
2022622200844,-3.172713,51.439782,3,2022
2022622200532,-3.346646,51.602826,3,2022
2024610045124,-3.01859,51.60836,3,2024
2022111176232,-1.457177,54.504422,3,2022
2022070726965,-2.598446,53.388581,3,2022
2022161186538,-0.416675,53.753119,3,2022
2024161519874,-0.39495,53.74968,3,2024
2023161288457,-0.376711,53.801431,3,2023
2023161298332,-0.388338,53.773047,3,2023
2022332200597,-1.099566,52.638649,3,2022
2023332300171,-1.132884,52.627705,3,2023
2022221170938,-2.44896,52.675504,3,2022
2023211270481,-2.175659,53.057419,3,2023
2022520000231,-2.596613,51.458005,3,2022
2023522400870,-2.608579,51.500644,3,2023
2023522301049,-2.710553,51.388771,3,2023
2022501235838,-4.15957,50.37544,2,2022
2023421359345,0.38186,51.505585,3,2023
2024430585176,-0.75419,51.50831,3,2024
2022070750984,-2.457788,53.092759,3,2022
2022544905022,-2.086712,51.177537,3,2022
2024401401637,-0.46872,52.13787,2,2024
2024101471671,-1.55969,55.15824,3,2024
2024340WN5762,-0.83393,52.25588,3,2024
2024031529403,-2.93387,54.87733,3,2024
2022122201245,-0.798338,54.136347,3,2022
2023061282636,-2.40024,53.548264,3,2023
2023061315873,-2.42092,53.5532,3,2023
2023061372171,-2.426667,53.578347,3,2023
2024061485687,-2.21142,53.46362,2,2024
2023061277956,-2.417399,53.531361,2,2023
2023061347746,-2.330721,53.482061,3,2023
2022061238503,-2.197292,53.398844,3,2022
2022061261496,-2.188898,53.37466,3,2022
2023061363193,-2.0688,53.43851,2,2023
2022052202745,-2.949377,53.423133,3,2022
2023052301970,-2.944805,53.466019,3,2023
2024052402818,-2.96242,53.44382,3,2024
2023052302681,-2.985349,53.448774,2,2023
2024141409156,-0.98076,53.48137,2,2024
2023141355632,-1.364972,53.42977,3,2023
2024141444634,-1.47199,53.3658,3,2024
2024101418118,-1.64472,54.97416,1,2024
2022201198993,-1.889366,52.508303,3,2022
2023201281725,-1.892521,52.477263,3,2023
2024201441527,-1.92231,52.42743,3,2024
2024201469988,-1.90419,52.45484,3,2024
2022201207639,-1.920508,52.609571,2,2022
2022131169197,-1.451692,53.745125,3,2022
2022131199261,-1.51628,53.81294,3,2022
2022131246901,-1.547772,53.745742,3,2022
2023131327114,-1.571839,53.809627,3,2023
2022481262413,-0.106933,51.511149,3,2022
2022010365728,-0.160081,51.618419,3,2022
2023010444722,-0.15323,51.608555,3,2023
2024010510033,-0.24337,51.5953,3,2024
2024010547566,-0.16546,51.64329,3,2024
2022010388360,-0.130815,51.517089,3,2022
2023010457283,-0.141956,51.541887,3,2023
2024010544919,-0.13975,51.53583,3,2024
2024010532313,-0.14585,51.52831,2,2024
2022010387386,-0.150893,51.312861,2,2022
2022010371287,-0.37211,51.545217,3,2022
2023010449726,-0.370415,51.538961,3,2023
2022010366509,-0.144638,51.667293,2,2022
2023010431821,-0.07468,51.628299,2,2023
2022010359674,-0.068376,51.596785,3,2022
2022010415049,0.19135,51.572169,3,2022
2023010476302,0.217885,51.607336,3,2023
2022010381213,-0.472592,51.54503,3,2022
2022010410995,-0.426968,51.576637,3,2022
2024010488847,-0.38643,51.48373,3,2024
2022010363622,-0.091767,51.560236,3,2022
2022010367266,-0.102288,51.53449,3,2022
2022010402275,-0.107353,51.544491,3,2022
2022010373715,-0.178094,51.487735,3,2022
2022010364263,-0.114827,51.46339,2,2022
2024010493691,-0.12396,51.4595,2,2024
2022010359398,-0.023187,51.474543,3,2022
2024010490299,-0.04131,51.44785,3,2024
2023010485657,0.096218,51.611344,1,2023
2024010550971,0.11033,51.56496,3,2024
2023010469173,-0.317694,51.45841,3,2023
2024010519657,-0.06634,51.48414,3,2024
2023010442479,-0.03403,51.52244,3,2023
2024010518989,-0.01154,51.51843,3,2024
2024010521002,-0.15111,51.47535,3,2024
2022010399915,-0.204882,51.525943,2,2022
2024010523224,-0.19309,51.52626,3,2024
2023351326617,0.122063,52.208175,3,2023
2023302301686,-1.343428,52.894884,3,2023
2022501195655,-3.190554,50.800679,3,2022
2022531159990,-2.368634,51.697782,3,2022
2023440406134,-0.962629,50.826994,2,2023
2024440525218,-0.83911,51.28372,2,2024
2023461321658,0.551699,51.238309,3,2023
2022430515556,-1.248746,51.752372,3,2022
2023221278995,-2.086158,52.114479,2,2023
2023991319211,-3.246651,54.991719,3,2023
2024991512832,-3.58877,56.01057,3,2024
2024991496841,-4.23728,57.48782,2,2024
2022991254581,-4.208153,55.833575,2,2022
2023991378096,-3.925371,55.672376,2,2023
2022991168067,-3.293467,55.942913,3,2022
2023991370197,-3.191911,55.948233,2,2023
2023991275412,-4.259499,55.891699,1,2023
2024991521212,-4.28016,55.86492,3,2024
2024622400437,-4.07497,51.66317,3,2024
2024610004024,-3.09269,51.60315,3,2024
2023170L21423,-1.122935,54.566269,3,2023
2023070582817,-2.573345,53.413827,2,2023
2022041249257,-2.461737,53.686364,3,2022
2022161209108,-0.069937,53.560089,3,2022
2023302300368,-1.481065,52.950301,3,2023
2023332300523,-1.137085,52.628212,2,2023
2023311281494,-1.123282,52.951563,3,2023
2022522205103,-2.557428,51.481063,3,2022
2024522401669,-2.55429,51.45191,3,2024
2024522402397,-2.807,51.3686,3,2024
2023522300846,-2.452462,51.434319,2,2023
2024522402771,-2.39955,51.59392,3,2024
2024522402258,-2.60435,51.52537,3,2024
2024501438006,-4.15392,50.4127,3,2024
2024501501604,-4.13025,50.38254,2,2024
2022430137794,-0.993834,51.451981,3,2022
2022430052496,-0.601112,51.506114,3,2022
2022430041845,-0.61513,51.519463,3,2022
2022430447384,-0.802437,52.033401,3,2022
2022440028215,-1.373664,50.890083,2,2022
2024111432343,-1.55765,54.66236,2,2024
2022070264100,-2.522226,53.068439,3,2022
2022070632975,-2.469143,53.02188,3,2022
2023070696311,-2.4791,53.098383,3,2023
2022101220612,-1.534814,55.171678,3,2022
2022552201141,-1.88731,50.71683,3,2022
2022552201220,-1.913288,50.724298,2,2022
202234WNC7412,-0.904544,52.242273,3,2022
2023340WN3252,-0.84742,52.35093,3,2023
2023031285529,-3.502273,54.51595,2,2023
2024031475010,-3.51936,54.68689,3,2024
2023122300051,-2.277149,54.068549,3,2023
2022061198976,-2.24068,53.507696,3,2022
2024061534008,-2.23584,53.43186,3,2024
2024061455427,-2.12047,53.63784,2,2024
2022052201944,-2.875531,53.422259,3,2022
2022052202061,-2.966696,53.410454,3,2022
2023052300494,-2.928705,53.41027,3,2023
2023052300796,-2.85634,53.391315,3,2023
2023052302924,-2.975275,53.40207,2,2023
2022101232200,-1.43107,55.01939,3,2022
2022201219185,-1.885296,52.458692,3,2022
2024201458132,-1.80412,52.46082,3,2024
2024201437300,-1.83433,52.51049,3,2024
2024201429367,-1.82091,52.46651,3,2024
2024201512917,-1.90836,52.42672,2,2024
2024201510544,-1.8415,52.52834,3,2024
2024201518682,-2.13472,52.59488,3,2024
2022131145017,-1.743209,53.907221,3,2022
2024131520809,-1.75947,53.79056,3,2024
2024131521786,-1.7822,53.64802,3,2024
2023131288763,-1.676682,53.865088,3,2023
2022010394815,0.069638,51.536268,3,2022
2023010446590,-0.181804,51.600054,3,2023
2022010419441,-0.196674,51.532292,3,2022
2022010408305,-0.273542,51.585847,3,2022
2024010499580,-0.13843,51.55678,3,2024
2024010496459,-0.12241,51.40983,2,2024
2022010409514,-0.37207,51.531395,3,2022
2024010536677,-0.37675,51.49821,3,2024
2023010461469,0.036502,51.474231,3,2023
2022010366699,-0.0581,51.548596,3,2022
2022010383353,-0.068233,51.54977,3,2022
2024010549774,-0.06948,51.59398,3,2024
2023010428412,-0.472645,51.545175,3,2023
2024010505662,-0.10857,51.54983,3,2024
2024010529264,-0.10619,51.533,3,2024
2022010389662,-0.116637,51.4544,3,2022
2024010530504,-0.11495,51.47929,2,2024
2023010439443,-0.03181,51.464895,3,2023
2024010541732,-0.05586,51.43966,3,2024
2022010418487,-0.069371,51.475159,3,2022
2022010410341,-0.145866,51.34252,2,2022
2022010372625,-0.000966,51.51377,3,2022
2022010399372,-0.173026,51.526953,3,2022
2023351356543,0.180568,52.12778,2,2023
2024351493854,0.1569,52.21063,3,2024
2023501311592,-3.764915,50.661052,3,2023
2024471518356,0.3046,50.80445,1,2024
2022421172190,0.470437,51.736828,3,2022
2023421365370,0.466721,51.742275,2,2023
2023421390349,0.498865,51.739114,3,2023
2024421482480,0.08469,51.76018,3,2024
2022531214296,-2.054755,51.907613,3,2022
2024531537879,-2.24949,51.85696,2,2024
2024411471090,-0.03407,51.81172,3,2024
2023461375744,1.140765,51.087747,3,2023
2023461378068,0.192129,51.270384,3,2023
2024461467660,0.35016,51.43314,3,2024
2022041318575,-2.235667,53.820827,3,2022
2022041249681,-3.011006,53.874178,3,2022
2024041482732,-2.65901,53.77896,3,2024
2022320578591,0.092117,52.798631,3,2022
2023320462815,0.344866,53.144402,2,2023
2023320006785,-0.778858,53.405216,2,2023
2024361430212,0.67157,52.65155,3,2024
2024311421758,-1.21766,52.99567,3,2024
2022430119239,-1.14789,51.893889,2,2022
2022211175458,-2.126047,52.816327,3,2022
2023371361292,1.510093,52.45478,2,2023
2022451130443,-0.263954,51.334789,2,2022
2022231133769,-1.283024,52.365496,3,2022
2024471461699,-0.37977,50.82452,3,2024
2023221297199,-2.075941,52.314486,2,2023
2022991199305,-2.574893,55.968893,2,2022
2024991455033,-3.1958,55.95387,3,2024
2022991152230,-3.517181,55.90315,2,2022
2024991527703,-4.19819,55.85111,2,2024
2023631316225,-4.155689,51.683241,3,2023
2022161186771,-0.405809,53.754898,2,2022
2022161244977,-0.37353,53.761979,3,2022
2024161466206,-0.3131,53.7541,3,2024
2022161256556,-0.437176,53.844742,3,2022
2023161265154,-0.68585,53.58997,3,2023
2022302200689,-1.44847,52.921028,3,2022
2022302202124,-1.477545,52.915137,3,2022
2024332401158,-1.161,52.63694,3,2024
2024311424972,-1.2169,52.97394,3,2024
2022221218621,-2.485831,52.628854,3,2022
2024211520768,-2.21045,53.05652,3,2024
2023522400581,-2.61129,51.466318,3,2023
2022522204925,-2.952472,51.348083,3,2022
2024421424255,0.70345,51.55953,3,2024
2022430092314,-1.254902,51.403702,3,2022
2022471206513,-0.134598,50.827063,3,2022
2024440293927,-1.07548,50.8138,3,2024
2023440381742,-1.393412,50.925106,2,2023
2022401209451,-0.522108,51.888963,3,2022
2022552200189,-1.80855,50.735297,3,2022
2024340NN4732,-0.70503,52.49071,3,2024
2024031476633,-3.00612,54.24628,3,2024
2022122200225,-0.303961,54.215322,3,2022
2022122201450,-1.344986,54.227642,3,2022
2024061405181,-2.19383,53.49344,3,2024
2023061294880,-2.066015,53.457432,3,2023
2024061426556,-2.07908,53.45258,3,2024
2023052302353,-2.919428,53.485057,3,2023
2022141227704,-1.636287,53.457887,3,2022
2023201383982,-1.918903,52.510421,3,2023
2023201461540,-1.872361,52.473494,3,2023
2024201476969,-1.85365,52.52363,3,2024
2023131316914,-1.927312,53.598582,3,2023
2023131350550,-1.614411,53.696297,3,2023
2024131420007,-1.75405,53.6518,3,2024
2022131240960,-1.544227,53.840786,3,2022
2024481570119,-0.07575,51.51318,3,2024
2022010411962,-0.180545,51.610232,2,2022
2022010362213,-0.249328,51.537919,3,2022
2022010390450,-0.130453,51.516436,3,2022
2023010471951,-0.372338,51.530751,3,2023
2022010366351,-0.071026,51.660954,2,2022
2023010477782,-0.04652,51.644443,3,2023
2022010371163,0.001853,51.484369,3,2022
2023010485759,0.084489,51.48953,3,2023
2024010505576,-0.00033,51.48359,2,2024
2023010460428,-0.09191,51.562684,3,2023
2024010531440,-0.09613,51.60808,3,2024
2022010368579,0.189984,51.518507,2,2022
2023010433089,-0.476203,51.516347,3,2023
2023010423976,-0.260654,51.491219,3,2023
2024010507628,-0.26663,51.49284,2,2024
2022010400308,-0.099809,51.530331,3,2022
2022010393078,-0.052183,51.471296,3,2022
2024010506356,-0.09406,51.47903,3,2024
2024010539792,-0.06157,51.46378,3,2024
2024010543960,-0.07318,51.49848,3,2024
2023010438869,-0.061985,51.514857,3,2023
2023010466470,-0.046893,51.51288,2,2023
2024010545814,-0.05494,51.52471,3,2024
2024010530897,-0.16232,51.51458,3,2024
2022421189161,1.14823,51.794178,3,2022
2023421269022,0.920027,51.890332,3,2023
2024421416307,0.44569,51.74823,2,2024
2024421491768,0.42617,51.57817,2,2024
2023531289608,-2.165563,51.681817,3,2023
2023531377829,-2.19095,51.884823,3,2023
2023440204141,-1.396652,50.849414,2,2023
2022461135670,0.73292,51.343934,3,2022
2023461377621,1.136558,51.306911,2,2023
2022041164571,-2.528899,53.771509,2,2022
2022041194426,-2.781574,53.726957,3,2022
2023041371868,-2.888609,53.567932,3,2023
2024041527487,-2.70454,53.76896,3,2024
2024320659432,-0.48155,52.65594,3,2024
2024361444851,1.26478,52.63621,3,2024
2023311368855,-1.193348,53.155847,2,2023
2023430500712,-1.282103,51.789274,3,2023
2022371152767,0.742173,52.244733,3,2022
2024371473288,0.74138,52.2447,2,2024
2022451235723,-0.474626,51.425874,2,2022
2023451262727,-0.330533,51.298474,2,2023
2024451405718,-0.5805,51.23929,2,2024
2024451512413,-0.47019,51.43802,3,2024
2023221383157,-1.963979,52.087174,3,2023
2023991347744,-3.823545,56.005195,2,2023
2022991198398,-2.185542,57.180535,3,2022
2023991378257,-4.26491,55.888769,2,2023
202360A103282,-3.417279,53.314596,3,2023
2023622301024,-3.171925,51.497752,3,2023
